export_index,mirror_id,position_key,x,y
1,177487332782245,"[""hex-band"",9,0,0]",91.192475018500005,37.649999999999999
2,156911796746208,"[""hex-band"",9,1,0]",0,90.299999999999997
3,92738156363829,"[""hex-band"",9,2,0]",-91.192475018500005,37.649999999999999
4,148283304611617,"[""hex-band"",9,3,0]",-91.192475018500005,-67.650000000000006
5,268463475939608,"[""hex-band"",9,4,0]",0,-120.3
6,21258706387315,"[""hex-band"",9,5,0]",91.192475018500005,-67.650000000000006
7,89904618064464,"[""hex-band"",10,0,0]",101.3249722428,43.5
8,278346033341436,"[""hex-band"",10,0,1]",91.192475018500005,49.350000000000001
9,177323706621083,"[""hex-band"",10,0,2]",81.059977794199995,55.200000000000003
10,265447557460768,"[""hex-band"",10,0,3]",70.927480569899998,61.049999999999997
11,269648492074404,"[""hex-band"",10,0,4]",60.794983345699997,66.900000000000006
12,180293435491565,"[""hex-band"",10,0,5]",50.662486121400001,72.75
13,71919375184712,"[""hex-band"",10,0,6]",40.529988897099997,78.599999999999994
14,72866860789760,"[""hex-band"",10,0,7]",30.397491672800001,84.450000000000003
15,275563573785371,"[""hex-band"",10,0,8]",20.2649944486,90.299999999999997
16,224071872910899,"[""hex-band"",10,0,9]",10.1324972243,96.150000000000006
17,255117604682208,"[""hex-band"",10,1,0]",0,102
18,105245893851088,"[""hex-band"",10,1,1]",-10.1324972243,96.150000000000006
19,195452634905345,"[""hex-band"",10,1,2]",-20.2649944486,90.299999999999997
20,104452391996274,"[""hex-band"",10,1,3]",-30.397491672800001,84.450000000000003
21,4933255546843,"[""hex-band"",10,1,4]",-40.529988897099997,78.599999999999994
22,212254849194912,"[""hex-band"",10,1,5]",-50.662486121400001,72.75
23,73256366757274,"[""hex-band"",10,1,6]",-60.794983345699997,66.900000000000006
24,42315522704913,"[""hex-band"",10,1,7]",-70.927480569899998,61.049999999999997
25,215692473942463,"[""hex-band"",10,1,8]",-81.059977794199995,55.200000000000003
26,206020418947876,"[""hex-band"",10,1,9]",-91.192475018500005,49.350000000000001
27,67600813541500,"[""hex-band"",10,2,0]",-101.3249722428,43.5
28,59869326812629,"[""hex-band"",10,2,1]",-101.3249722428,31.800000000000001
29,244994884214128,"[""hex-band"",10,2,2]",-101.3249722428,20.100000000000001
30,267899771688371,"[""hex-band"",10,2,3]",-101.3249722428,8.4000000000000004
31,144093528335235,"[""hex-band"",10,2,4]",-101.3249722428,-3.2999999999999998
32,110919439977929,"[""hex-band"",10,2,5]",-101.3249722428,-15
33,210391834291652,"[""hex-band"",10,2,6]",-101.3249722428,-26.699999999999999
34,130660616386954,"[""hex-band"",10,2,7]",-101.3249722428,-38.399999999999999
35,144507812617364,"[""hex-band"",10,2,8]",-101.3249722428,-50.100000000000001
36,138433268632805,"[""hex-band"",10,2,9]",-101.3249722428,-61.799999999999997
37,1533875686683,"[""hex-band"",10,3,0]",-101.3249722428,-73.5
38,75464367817410,"[""hex-band"",10,3,1]",-91.192475018500005,-79.349999999999994
39,6220332736254,"[""hex-band"",10,3,2]",-81.059977794199995,-85.200000000000003
40,213467573854036,"[""hex-band"",10,3,3]",-70.927480569899998,-91.049999999999997
41,84242426703464,"[""hex-band"",10,3,4]",-60.794983345699997,-96.900000000000006
42,25982096135461,"[""hex-band"",10,3,5]",-50.662486121400001,-102.75
43,259286731513019,"[""hex-band"",10,3,6]",-40.529988897099997,-108.59999999999999
44,106367803969446,"[""hex-band"",10,3,7]",-30.397491672800001,-114.45
45,280107329565572,"[""hex-band"",10,3,8]",-20.2649944486,-120.3
46,144012505710847,"[""hex-band"",10,3,9]",-10.1324972243,-126.15000000000001
47,37155753701037,"[""hex-band"",10,4,0]",0,-132
48,280756153409610,"[""hex-band"",10,4,1]",10.1324972243,-126.15000000000001
49,11156119872906,"[""hex-band"",10,4,2]",20.2649944486,-120.3
50,77412422096930,"[""hex-band"",10,4,3]",30.397491672800001,-114.45
51,87706853661959,"[""hex-band"",10,4,4]",40.529988897099997,-108.59999999999999
52,88209315042705,"[""hex-band"",10,4,5]",50.662486121400001,-102.75
53,80416753477289,"[""hex-band"",10,4,6]",60.794983345699997,-96.900000000000006
54,99320392112619,"[""hex-band"",10,4,7]",70.927480569899998,-91.049999999999997
55,36105700325758,"[""hex-band"",10,4,8]",81.059977794199995,-85.200000000000003
56,82671876788899,"[""hex-band"",10,4,9]",91.192475018500005,-79.349999999999994
57,74564245450559,"[""hex-band"",10,5,0]",101.3249722428,-73.5
58,181331855708057,"[""hex-band"",10,5,1]",101.3249722428,-61.799999999999997
59,183677429999757,"[""hex-band"",10,5,2]",101.3249722428,-50.100000000000001
60,139158443885599,"[""hex-band"",10,5,3]",101.3249722428,-38.399999999999999
61,232781205939194,"[""hex-band"",10,5,4]",101.3249722428,-26.699999999999999
62,192243222157898,"[""hex-band"",10,5,5]",101.3249722428,-15
63,4640770611875,"[""hex-band"",10,5,6]",101.3249722428,-3.2999999999999998
64,90546824311062,"[""hex-band"",10,5,7]",101.3249722428,8.4000000000000004
65,167128585885071,"[""hex-band"",10,5,8]",101.3249722428,20.100000000000001
66,62319368229771,"[""hex-band"",10,5,9]",101.3249722428,31.800000000000001
67,153189874031512,"[""hex-band"",11,0,0]",111.4574694671,49.350000000000001
68,240412278914398,"[""hex-band"",11,0,1]",101.3249722428,55.200000000000003
69,275528122189541,"[""hex-band"",11,0,2]",91.192475018500005,61.049999999999997
70,17028557315594,"[""hex-band"",11,0,3]",81.059977794199995,66.900000000000006
71,144878093907021,"[""hex-band"",11,0,4]",70.927480569899998,72.75
72,206179143997496,"[""hex-band"",11,0,5]",60.794983345699997,78.599999999999994
73,208955478078024,"[""hex-band"",11,0,6]",50.662486121400001,84.450000000000003
74,157713449424452,"[""hex-band"",11,0,7]",40.529988897099997,90.299999999999997
75,79663288311742,"[""hex-band"",11,0,8]",30.397491672800001,96.150000000000006
76,260363571250693,"[""hex-band"",11,0,9]",20.2649944486,102
77,7231455433911,"[""hex-band"",11,0,10]",10.1324972243,107.84999999999999
78,176473955952466,"[""hex-band"",11,1,0]",0,113.7
79,229269183430037,"[""hex-band"",11,1,1]",-10.1324972243,107.84999999999999
80,152232605824603,"[""hex-band"",11,1,2]",-20.2649944486,102
81,71319363180275,"[""hex-band"",11,1,3]",-30.397491672800001,96.150000000000006
82,10914015125390,"[""hex-band"",11,1,4]",-40.529988897099997,90.299999999999997
83,209650717723858,"[""hex-band"",11,1,5]",-50.662486121400001,84.450000000000003
84,16698139039894,"[""hex-band"",11,1,6]",-60.794983345699997,78.599999999999994
85,69696978933011,"[""hex-band"",11,1,7]",-70.927480569899998,72.75
86,90770907946586,"[""hex-band"",11,1,8]",-81.059977794199995,66.900000000000006
87,157657742313900,"[""hex-band"",11,1,9]",-91.192475018500005,61.049999999999997
88,260039499101912,"[""hex-band"",11,1,10]",-101.3249722428,55.200000000000003
89,120463441666170,"[""hex-band"",11,2,0]",-111.4574694671,49.350000000000001
90,236027974321111,"[""hex-band"",11,2,1]",-111.4574694671,37.649999999999999
91,258517554260625,"[""hex-band"",11,2,2]",-111.4574694671,25.949999999999999
92,196162943096446,"[""hex-band"",11,2,3]",-111.4574694671,14.25
93,43055927466783,"[""hex-band"",11,2,4]",-111.4574694671,2.5499999999999998
94,36401444875153,"[""hex-band"",11,2,5]",-111.4574694671,-9.1500000000000004
95,46340083281544,"[""hex-band"",11,2,6]",-111.4574694671,-20.850000000000001
96,108286705995337,"[""hex-band"",11,2,7]",-111.4574694671,-32.549999999999997
97,56694295567632,"[""hex-band"",11,2,8]",-111.4574694671,-44.25
98,228916784188497,"[""hex-band"",11,2,9]",-111.4574694671,-55.950000000000003
99,264079712264287,"[""hex-band"",11,2,10]",-111.4574694671,-67.650000000000006
100,243238263156700,"[""hex-band"",11,3,0]",-111.4574694671,-79.349999999999994
101,20869853658198,"[""hex-band"",11,3,1]",-101.3249722428,-85.200000000000003
102,187588110057734,"[""hex-band"",11,3,2]",-91.192475018500005,-91.049999999999997
103,259031836353772,"[""hex-band"",11,3,3]",-81.059977794199995,-96.900000000000006
104,92177258930757,"[""hex-band"",11,3,4]",-70.927480569899998,-102.75
105,261554616392934,"[""hex-band"",11,3,5]",-60.794983345699997,-108.59999999999999
106,190223169976436,"[""hex-band"",11,3,6]",-50.662486121400001,-114.45
107,138387082483771,"[""hex-band"",11,3,7]",-40.529988897099997,-120.3
108,5936470234243,"[""hex-band"",11,3,8]",-30.397491672800001,-126.15000000000001
109,200303165851684,"[""hex-band"",11,3,9]",-20.2649944486,-132
110,179050913619602,"[""hex-band"",11,3,10]",-10.1324972243,-137.84999999999999
111,70734596816709,"[""hex-band"",11,4,0]",0,-143.69999999999999
112,132396308358834,"[""hex-band"",11,4,1]",10.1324972243,-137.84999999999999
113,256853190115680,"[""hex-band"",11,4,2]",20.2649944486,-132
114,43830207481730,"[""hex-band"",11,4,3]",30.397491672800001,-126.15000000000001
115,273283303755760,"[""hex-band"",11,4,4]",40.529988897099997,-120.3
116,275344161273608,"[""hex-band"",11,4,5]",50.662486121400001,-114.45
117,221706970523184,"[""hex-band"",11,4,6]",60.794983345699997,-108.59999999999999
118,678515161710,"[""hex-band"",11,4,7]",70.927480569899998,-102.75
119,237070424355595,"[""hex-band"",11,4,8]",81.059977794199995,-96.900000000000006
120,152115906367490,"[""hex-band"",11,4,9]",91.192475018500005,-91.049999999999997
121,101297234378893,"[""hex-band"",11,4,10]",101.3249722428,-85.200000000000003
122,220946225149750,"[""hex-band"",11,5,0]",111.4574694671,-79.349999999999994
123,215976871463620,"[""hex-band"",11,5,1]",111.4574694671,-67.650000000000006
124,109799970619614,"[""hex-band"",11,5,2]",111.4574694671,-55.950000000000003
125,31537197169660,"[""hex-band"",11,5,3]",111.4574694671,-44.25
126,141688957179651,"[""hex-band"",11,5,4]",111.4574694671,-32.549999999999997
127,179993127561501,"[""hex-band"",11,5,5]",111.4574694671,-20.850000000000001
128,212049274706934,"[""hex-band"",11,5,6]",111.4574694671,-9.1500000000000004
129,177863450437620,"[""hex-band"",11,5,7]",111.4574694671,2.5499999999999998
130,165123955546890,"[""hex-band"",11,5,8]",111.4574694671,14.25
131,253177551580986,"[""hex-band"",11,5,9]",111.4574694671,25.949999999999999
132,229503601224378,"[""hex-band"",11,5,10]",111.4574694671,37.649999999999999
133,146790922420656,"[""hex-band"",12,0,0]",121.58996669130001,55.200000000000003
134,50499689404535,"[""hex-band"",12,0,1]",111.4574694671,61.049999999999997
135,122342691442469,"[""hex-band"",12,0,2]",101.3249722428,66.900000000000006
136,38741126285183,"[""hex-band"",12,0,3]",91.192475018500005,72.75
137,231284995081504,"[""hex-band"",12,0,4]",81.059977794199995,78.599999999999994
138,225490188677966,"[""hex-band"",12,0,5]",70.927480569899998,84.450000000000003
139,267794638135180,"[""hex-band"",12,0,6]",60.794983345699997,90.299999999999997
140,88520675205682,"[""hex-band"",12,0,7]",50.662486121400001,96.150000000000006
141,238825606687135,"[""hex-band"",12,0,8]",40.529988897099997,102
142,48873765080342,"[""hex-band"",12,0,9]",30.397491672800001,107.84999999999999
143,182206212093754,"[""hex-band"",12,0,10]",20.2649944486,113.7
144,178306814925449,"[""hex-band"",12,0,11]",10.1324972243,119.55
145,174303916202366,"[""hex-band"",12,1,0]",0,125.40000000000001
146,242822572962631,"[""hex-band"",12,1,1]",-10.1324972243,119.55
147,281435064245271,"[""hex-band"",12,1,2]",-20.2649944486,113.7
148,155069851139912,"[""hex-band"",12,1,3]",-30.397491672800001,107.84999999999999
149,61339523627770,"[""hex-band"",12,1,4]",-40.529988897099997,102
150,253240753052662,"[""hex-band"",12,1,5]",-50.662486121400001,96.150000000000006
151,229009583568750,"[""hex-band"",12,1,6]",-60.794983345699997,90.299999999999997
152,110903855869588,"[""hex-band"",12,1,7]",-70.927480569899998,84.450000000000003
153,259658379633096,"[""hex-band"",12,1,8]",-81.059977794199995,78.599999999999994
154,74266446450040,"[""hex-band"",12,1,9]",-91.192475018500005,72.75
155,226286276109516,"[""hex-band"",12,1,10]",-101.3249722428,66.900000000000006
156,169235791257023,"[""hex-band"",12,1,11]",-111.4574694671,61.049999999999997
157,117937354484107,"[""hex-band"",12,2,0]",-121.58996669130001,55.200000000000003
158,219757636121032,"[""hex-band"",12,2,1]",-121.58996669130001,43.5
159,35612362782156,"[""hex-band"",12,2,2]",-121.58996669130001,31.800000000000001
160,46639056168315,"[""hex-band"",12,2,3]",-121.58996669130001,20.100000000000001
161,123589898328340,"[""hex-band"",12,2,4]",-121.58996669130001,8.4000000000000004
162,146260826751562,"[""hex-band"",12,2,5]",-121.58996669130001,-3.2999999999999998
163,120548681186564,"[""hex-band"",12,2,6]",-121.58996669130001,-15
164,150534760744571,"[""hex-band"",12,2,7]",-121.58996669130001,-26.699999999999999
165,247201299275302,"[""hex-band"",12,2,8]",-121.58996669130001,-38.399999999999999
166,271946601262280,"[""hex-band"",12,2,9]",-121.58996669130001,-50.100000000000001
167,21708508138883,"[""hex-band"",12,2,10]",-121.58996669130001,-61.799999999999997
168,265754388044411,"[""hex-band"",12,2,11]",-121.58996669130001,-73.5
169,30411183859251,"[""hex-band"",12,3,0]",-121.58996669130001,-85.200000000000003
170,166302607510144,"[""hex-band"",12,3,1]",-111.4574694671,-91.049999999999997
171,17869129087078,"[""hex-band"",12,3,2]",-101.3249722428,-96.900000000000006
172,187541238596124,"[""hex-band"",12,3,3]",-91.192475018500005,-102.75
173,204288487503921,"[""hex-band"",12,3,4]",-81.059977794199995,-108.59999999999999
174,116316732120640,"[""hex-band"",12,3,5]",-70.927480569899998,-114.45
175,137707475973211,"[""hex-band"",12,3,6]",-60.794983345699997,-120.3
176,272414163012702,"[""hex-band"",12,3,7]",-50.662486121400001,-126.15000000000001
177,194945863272242,"[""hex-band"",12,3,8]",-40.529988897099997,-132
178,67106962953241,"[""hex-band"",12,3,9]",-30.397491672800001,-137.84999999999999
179,34604938764943,"[""hex-band"",12,3,10]",-20.2649944486,-143.69999999999999
180,19423641866985,"[""hex-band"",12,3,11]",-10.1324972243,-149.55000000000001
181,279966804695459,"[""hex-band"",12,4,0]",0,-155.40000000000001
182,147161093678494,"[""hex-band"",12,4,1]",10.1324972243,-149.55000000000001
183,41310639069051,"[""hex-band"",12,4,2]",20.2649944486,-143.69999999999999
184,43981739894554,"[""hex-band"",12,4,3]",30.397491672800001,-137.84999999999999
185,124121343271844,"[""hex-band"",12,4,4]",40.529988897099997,-132
186,141464618033261,"[""hex-band"",12,4,5]",50.662486121400001,-126.15000000000001
187,197897013595157,"[""hex-band"",12,4,6]",60.794983345699997,-120.3
188,40539965940612,"[""hex-band"",12,4,7]",70.927480569899998,-114.45
189,88914227476885,"[""hex-band"",12,4,8]",81.059977794199995,-108.59999999999999
190,55123481297883,"[""hex-band"",12,4,9]",91.192475018500005,-102.75
191,186790265827907,"[""hex-band"",12,4,10]",101.3249722428,-96.900000000000006
192,35637851789039,"[""hex-band"",12,4,11]",111.4574694671,-91.049999999999997
193,11164151434121,"[""hex-band"",12,5,0]",121.58996669130001,-85.200000000000003
194,116164255541382,"[""hex-band"",12,5,1]",121.58996669130001,-73.5
195,75227080610486,"[""hex-band"",12,5,2]",121.58996669130001,-61.799999999999997
196,134715498883849,"[""hex-band"",12,5,3]",121.58996669130001,-50.100000000000001
197,153813569158249,"[""hex-band"",12,5,4]",121.58996669130001,-38.399999999999999
198,11820283705204,"[""hex-band"",12,5,5]",121.58996669130001,-26.699999999999999
199,184012306912625,"[""hex-band"",12,5,6]",121.58996669130001,-15
200,119611443665031,"[""hex-band"",12,5,7]",121.58996669130001,-3.2999999999999998
201,160700819315072,"[""hex-band"",12,5,8]",121.58996669130001,8.4000000000000004
202,250744431195498,"[""hex-band"",12,5,9]",121.58996669130001,20.100000000000001
203,124714590254959,"[""hex-band"",12,5,10]",121.58996669130001,31.800000000000001
204,91670882417122,"[""hex-band"",12,5,11]",121.58996669130001,43.5
205,69555350630589,"[""hex-band"",13,0,0]",131.7224639156,61.049999999999997
206,40662886654065,"[""hex-band"",13,0,1]",121.58996669130001,66.900000000000006
207,83934908876773,"[""hex-band"",13,0,2]",111.4574694671,72.75
208,41638843280213,"[""hex-band"",13,0,3]",101.3249722428,78.599999999999994
209,275908030693144,"[""hex-band"",13,0,4]",91.192475018500005,84.450000000000003
210,28244214077752,"[""hex-band"",13,0,5]",81.059977794199995,90.299999999999997
211,254413689136265,"[""hex-band"",13,0,6]",70.927480569899998,96.150000000000006
212,244012985895872,"[""hex-band"",13,0,7]",60.794983345699997,102
213,223515432283264,"[""hex-band"",13,0,8]",50.662486121400001,107.84999999999999
214,194621901044911,"[""hex-band"",13,0,9]",40.529988897099997,113.7
215,143927768118125,"[""hex-band"",13,0,10]",30.397491672800001,119.55
216,278336733461073,"[""hex-band"",13,0,11]",20.2649944486,125.40000000000001
217,194998621578182,"[""hex-band"",13,0,12]",10.1324972243,131.25
218,262997427547024,"[""hex-band"",13,1,0]",0,137.09999999999999
219,105807764202739,"[""hex-band"",13,1,1]",-10.1324972243,131.25
220,240076024820603,"[""hex-band"",13,1,2]",-20.2649944486,125.40000000000001
221,270395461996760,"[""hex-band"",13,1,3]",-30.397491672800001,119.55
222,260763522094417,"[""hex-band"",13,1,4]",-40.529988897099997,113.7
223,139185481376976,"[""hex-band"",13,1,5]",-50.662486121400001,107.84999999999999
224,241806086325726,"[""hex-band"",13,1,6]",-60.794983345699997,102
225,106685888860178,"[""hex-band"",13,1,7]",-70.927480569899998,96.150000000000006
226,265533450351955,"[""hex-band"",13,1,8]",-81.059977794199995,90.299999999999997
227,48412176434409,"[""hex-band"",13,1,9]",-91.192475018500005,84.450000000000003
228,254230798140059,"[""hex-band"",13,1,10]",-101.3249722428,78.599999999999994
229,16604965764617,"[""hex-band"",13,1,11]",-111.4574694671,72.75
230,29301980458594,"[""hex-band"",13,1,12]",-121.58996669130001,66.900000000000006
231,6342167325607,"[""hex-band"",13,2,0]",-131.7224639156,61.049999999999997
232,205387399329187,"[""hex-band"",13,2,1]",-131.7224639156,49.350000000000001
233,31576099617909,"[""hex-band"",13,2,2]",-131.7224639156,37.649999999999999
234,155348272212373,"[""hex-band"",13,2,3]",-131.7224639156,25.949999999999999
235,72986731195544,"[""hex-band"",13,2,4]",-131.7224639156,14.25
236,55061459849205,"[""hex-band"",13,2,5]",-131.7224639156,2.5499999999999998
237,186136989051325,"[""hex-band"",13,2,6]",-131.7224639156,-9.1500000000000004
238,2166446701338,"[""hex-band"",13,2,7]",-131.7224639156,-20.850000000000001
239,204611909141200,"[""hex-band"",13,2,8]",-131.7224639156,-32.549999999999997
240,247442533882217,"[""hex-band"",13,2,9]",-131.7224639156,-44.25
241,129861518656581,"[""hex-band"",13,2,10]",-131.7224639156,-55.950000000000003
242,266569196569164,"[""hex-band"",13,2,11]",-131.7224639156,-67.650000000000006
243,125018598961772,"[""hex-band"",13,2,12]",-131.7224639156,-79.349999999999994
244,20901246463210,"[""hex-band"",13,3,0]",-131.7224639156,-91.049999999999997
245,55801601763428,"[""hex-band"",13,3,1]",-121.58996669130001,-96.900000000000006
246,78742762328867,"[""hex-band"",13,3,2]",-111.4574694671,-102.75
247,75286828196666,"[""hex-band"",13,3,3]",-101.3249722428,-108.59999999999999
248,122972312859154,"[""hex-band"",13,3,4]",-91.192475018500005,-114.45
249,192621965202897,"[""hex-band"",13,3,5]",-81.059977794199995,-120.3
250,227950892214684,"[""hex-band"",13,3,6]",-70.927480569899998,-126.15000000000001
251,155066289025551,"[""hex-band"",13,3,7]",-60.794983345699997,-132
252,41919185317433,"[""hex-band"",13,3,8]",-50.662486121400001,-137.84999999999999
253,122704835461708,"[""hex-band"",13,3,9]",-40.529988897099997,-143.69999999999999
254,93677020544830,"[""hex-band"",13,3,10]",-30.397491672800001,-149.55000000000001
255,155731814629612,"[""hex-band"",13,3,11]",-20.2649944486,-155.40000000000001
256,271870630794992,"[""hex-band"",13,3,12]",-10.1324972243,-161.25
257,2202198738950,"[""hex-band"",13,4,0]",0,-167.09999999999999
258,218499158361670,"[""hex-band"",13,4,1]",10.1324972243,-161.25
259,131219256012028,"[""hex-band"",13,4,2]",20.2649944486,-155.40000000000001
260,49164607448423,"[""hex-band"",13,4,3]",30.397491672800001,-149.55000000000001
261,216061378100022,"[""hex-band"",13,4,4]",40.529988897099997,-143.69999999999999
262,190343948247824,"[""hex-band"",13,4,5]",50.662486121400001,-137.84999999999999
263,132026628202612,"[""hex-band"",13,4,6]",60.794983345699997,-132
264,48044195436110,"[""hex-band"",13,4,7]",70.927480569899998,-126.15000000000001
265,67069787442612,"[""hex-band"",13,4,8]",81.059977794199995,-120.3
266,115562487175916,"[""hex-band"",13,4,9]",91.192475018500005,-114.45
267,134491681259123,"[""hex-band"",13,4,10]",101.3249722428,-108.59999999999999
268,137381878144778,"[""hex-band"",13,4,11]",111.4574694671,-102.75
269,86795514705281,"[""hex-band"",13,4,12]",121.58996669130001,-96.900000000000006
270,80229852405869,"[""hex-band"",13,5,0]",131.7224639156,-91.049999999999997
271,155858580934219,"[""hex-band"",13,5,1]",131.7224639156,-79.349999999999994
272,138812124217486,"[""hex-band"",13,5,2]",131.7224639156,-67.650000000000006
273,123819954583165,"[""hex-band"",13,5,3]",131.7224639156,-55.950000000000003
274,80910363570965,"[""hex-band"",13,5,4]",131.7224639156,-44.25
275,192276226297692,"[""hex-band"",13,5,5]",131.7224639156,-32.549999999999997
276,180530819743717,"[""hex-band"",13,5,6]",131.7224639156,-20.850000000000001
277,68141946955765,"[""hex-band"",13,5,7]",131.7224639156,-9.1500000000000004
278,188308247892896,"[""hex-band"",13,5,8]",131.7224639156,2.5499999999999998
279,74674877293930,"[""hex-band"",13,5,9]",131.7224639156,14.25
280,96630520302892,"[""hex-band"",13,5,10]",131.7224639156,25.949999999999999
281,34598735229668,"[""hex-band"",13,5,11]",131.7224639156,37.649999999999999
282,76325793499876,"[""hex-band"",13,5,12]",131.7224639156,49.350000000000001
283,104552433444533,"[""hex-band"",14,0,0]",141.85496113990001,66.900000000000006
284,168880754338744,"[""hex-band"",14,0,1]",131.7224639156,72.75
285,50458691862069,"[""hex-band"",14,0,2]",121.58996669130001,78.599999999999994
286,27887023483763,"[""hex-band"",14,0,3]",111.4574694671,84.450000000000003
287,246063195867582,"[""hex-band"",14,0,4]",101.3249722428,90.299999999999997
288,263624242021151,"[""hex-band"",14,0,5]",91.192475018500005,96.150000000000006
289,147837621493787,"[""hex-band"",14,0,6]",81.059977794199995,102
290,169046582480812,"[""hex-band"",14,0,7]",70.927480569899998,107.84999999999999
291,218778994981048,"[""hex-band"",14,0,8]",60.794983345699997,113.7
292,47201761296504,"[""hex-band"",14,0,9]",50.662486121400001,119.55
293,42554378542029,"[""hex-band"",14,0,10]",40.529988897099997,125.40000000000001
294,5093330953218,"[""hex-band"",14,0,11]",30.397491672800001,131.25
295,10157399936884,"[""hex-band"",14,0,12]",20.2649944486,137.09999999999999
296,196638726081398,"[""hex-band"",14,0,13]",10.1324972243,142.94999999999999
297,104483310974754,"[""hex-band"",14,1,0]",0,148.80000000000001
298,268809013135831,"[""hex-band"",14,1,1]",-10.1324972243,142.94999999999999
299,82372187750958,"[""hex-band"",14,1,2]",-20.2649944486,137.09999999999999
300,43387795452148,"[""hex-band"",14,1,3]",-30.397491672800001,131.25
301,263379652708624,"[""hex-band"",14,1,4]",-40.529988897099997,125.40000000000001
302,141688170627236,"[""hex-band"",14,1,5]",-50.662486121400001,119.55
303,230247869296974,"[""hex-band"",14,1,6]",-60.794983345699997,113.7
304,15600588583948,"[""hex-band"",14,1,7]",-70.927480569899998,107.84999999999999
305,242669736797898,"[""hex-band"",14,1,8]",-81.059977794199995,102
306,264581680765917,"[""hex-band"",14,1,9]",-91.192475018500005,96.150000000000006
307,208697108726381,"[""hex-band"",14,1,10]",-101.3249722428,90.299999999999997
308,172350385716933,"[""hex-band"",14,1,11]",-111.4574694671,84.450000000000003
309,175581494704135,"[""hex-band"",14,1,12]",-121.58996669130001,78.599999999999994
310,171039940519581,"[""hex-band"",14,1,13]",-131.7224639156,72.75
311,100213520434424,"[""hex-band"",14,2,0]",-141.85496113990001,66.900000000000006
312,97362952347105,"[""hex-band"",14,2,1]",-141.85496113990001,55.200000000000003
313,272336415320228,"[""hex-band"",14,2,2]",-141.85496113990001,43.5
314,65826349253664,"[""hex-band"",14,2,3]",-141.85496113990001,31.800000000000001
315,132185601536353,"[""hex-band"",14,2,4]",-141.85496113990001,20.100000000000001
316,219706864609084,"[""hex-band"",14,2,5]",-141.85496113990001,8.4000000000000004
317,63718526562655,"[""hex-band"",14,2,6]",-141.85496113990001,-3.2999999999999998
318,113160619070789,"[""hex-band"",14,2,7]",-141.85496113990001,-15
319,42810699729242,"[""hex-band"",14,2,8]",-141.85496113990001,-26.699999999999999
320,208063182875100,"[""hex-band"",14,2,9]",-141.85496113990001,-38.399999999999999
321,158125880803573,"[""hex-band"",14,2,10]",-141.85496113990001,-50.100000000000001
322,184375732270631,"[""hex-band"",14,2,11]",-141.85496113990001,-61.799999999999997
323,97859214930507,"[""hex-band"",14,2,12]",-141.85496113990001,-73.5
324,6668035432681,"[""hex-band"",14,2,13]",-141.85496113990001,-85.200000000000003
325,54868047310679,"[""hex-band"",14,3,0]",-141.85496113990001,-96.900000000000006
326,219387671005483,"[""hex-band"",14,3,1]",-131.7224639156,-102.75
327,174059073166420,"[""hex-band"",14,3,2]",-121.58996669130001,-108.59999999999999
328,26883909849444,"[""hex-band"",14,3,3]",-111.4574694671,-114.45
329,272521787513325,"[""hex-band"",14,3,4]",-101.3249722428,-120.3
330,118423826764794,"[""hex-band"",14,3,5]",-91.192475018500005,-126.15000000000001
331,218310116844472,"[""hex-band"",14,3,6]",-81.059977794199995,-132
332,71803465337110,"[""hex-band"",14,3,7]",-70.927480569899998,-137.84999999999999
333,123932482719172,"[""hex-band"",14,3,8]",-60.794983345699997,-143.69999999999999
334,110178412477435,"[""hex-band"",14,3,9]",-50.662486121400001,-149.55000000000001
335,172597950512938,"[""hex-band"",14,3,10]",-40.529988897099997,-155.40000000000001
336,266587565598981,"[""hex-band"",14,3,11]",-30.397491672800001,-161.25
337,113700989403028,"[""hex-band"",14,3,12]",-20.2649944486,-167.09999999999999
338,135923717680055,"[""hex-band"",14,3,13]",-10.1324972243,-172.94999999999999
339,108904767949121,"[""hex-band"",14,4,0]",0,-178.80000000000001
340,265800708613213,"[""hex-band"",14,4,1]",10.1324972243,-172.94999999999999
341,53762842604883,"[""hex-band"",14,4,2]",20.2649944486,-167.09999999999999
342,226584797150810,"[""hex-band"",14,4,3]",30.397491672800001,-161.25
343,97260863328553,"[""hex-band"",14,4,4]",40.529988897099997,-155.40000000000001
344,185371135600664,"[""hex-band"",14,4,5]",50.662486121400001,-149.55000000000001
345,28513564837206,"[""hex-band"",14,4,6]",60.794983345699997,-143.69999999999999
346,100770446782432,"[""hex-band"",14,4,7]",70.927480569899998,-137.84999999999999
347,131475072638537,"[""hex-band"",14,4,8]",81.059977794199995,-132
348,215308475687211,"[""hex-band"",14,4,9]",91.192475018500005,-126.15000000000001
349,160503736472871,"[""hex-band"",14,4,10]",101.3249722428,-120.3
350,149489916915100,"[""hex-band"",14,4,11]",111.4574694671,-114.45
351,214375457858177,"[""hex-band"",14,4,12]",121.58996669130001,-108.59999999999999
352,92633479744761,"[""hex-band"",14,4,13]",131.7224639156,-102.75
353,29722893422921,"[""hex-band"",14,5,0]",141.85496113990001,-96.900000000000006
354,246962660307875,"[""hex-band"",14,5,1]",141.85496113990001,-85.200000000000003
355,147601001709013,"[""hex-band"",14,5,2]",141.85496113990001,-73.5
356,127081564632702,"[""hex-band"",14,5,3]",141.85496113990001,-61.799999999999997
357,172442440912050,"[""hex-band"",14,5,4]",141.85496113990001,-50.100000000000001
358,258743254887973,"[""hex-band"",14,5,5]",141.85496113990001,-38.399999999999999
359,50827598908627,"[""hex-band"",14,5,6]",141.85496113990001,-26.699999999999999
360,159274125505890,"[""hex-band"",14,5,7]",141.85496113990001,-15
361,164490931979721,"[""hex-band"",14,5,8]",141.85496113990001,-3.2999999999999998
362,179158797743457,"[""hex-band"",14,5,9]",141.85496113990001,8.4000000000000004
363,25262615112265,"[""hex-band"",14,5,10]",141.85496113990001,20.100000000000001
364,86847052901809,"[""hex-band"",14,5,11]",141.85496113990001,31.800000000000001
365,17440257715294,"[""hex-band"",14,5,12]",141.85496113990001,43.5
366,189104528793940,"[""hex-band"",14,5,13]",141.85496113990001,55.200000000000003
367,196619825607547,"[""hex-band"",15,0,0]",151.98745836419999,72.75
368,33697263946241,"[""hex-band"",15,0,1]",141.85496113990001,78.599999999999994
369,107423309467707,"[""hex-band"",15,0,2]",131.7224639156,84.450000000000003
370,51881286704261,"[""hex-band"",15,0,3]",121.58996669130001,90.299999999999997
371,205561360813020,"[""hex-band"",15,0,4]",111.4574694671,96.150000000000006
372,228176672104704,"[""hex-band"",15,0,5]",101.3249722428,102
373,13233365106211,"[""hex-band"",15,0,6]",91.192475018500005,107.84999999999999
374,66876686064358,"[""hex-band"",15,0,7]",81.059977794199995,113.7
375,218137076110381,"[""hex-band"",15,0,8]",70.927480569899998,119.55
376,62238979866297,"[""hex-band"",15,0,9]",60.794983345699997,125.40000000000001
377,4810008922874,"[""hex-band"",15,0,10]",50.662486121400001,131.25
378,24260306819572,"[""hex-band"",15,0,11]",40.529988897099997,137.09999999999999
379,210881236732980,"[""hex-band"",15,0,12]",30.397491672800001,142.94999999999999
380,102423660332038,"[""hex-band"",15,0,13]",20.2649944486,148.80000000000001
381,215947162731488,"[""hex-band"",15,0,14]",10.1324972243,154.65000000000001
382,12276327053164,"[""hex-band"",15,1,0]",0,160.5
383,122905558323580,"[""hex-band"",15,1,1]",-10.1324972243,154.65000000000001
384,113995572083046,"[""hex-band"",15,1,2]",-20.2649944486,148.80000000000001
385,117013199321609,"[""hex-band"",15,1,3]",-30.397491672800001,142.94999999999999
386,267503822611931,"[""hex-band"",15,1,4]",-40.529988897099997,137.09999999999999
387,62351987336369,"[""hex-band"",15,1,5]",-50.662486121400001,131.25
388,70555504379136,"[""hex-band"",15,1,6]",-60.794983345699997,125.40000000000001
389,229972447926457,"[""hex-band"",15,1,7]",-70.927480569899998,119.55
390,90252933770733,"[""hex-band"",15,1,8]",-81.059977794199995,113.7
391,202620179915807,"[""hex-band"",15,1,9]",-91.192475018500005,107.84999999999999
392,187541825651025,"[""hex-band"",15,1,10]",-101.3249722428,102
393,19865673819655,"[""hex-band"",15,1,11]",-111.4574694671,96.150000000000006
394,187239775318511,"[""hex-band"",15,1,12]",-121.58996669130001,90.299999999999997
395,65500079450697,"[""hex-band"",15,1,13]",-131.7224639156,84.450000000000003
396,228017136125409,"[""hex-band"",15,1,14]",-141.85496113990001,78.599999999999994
397,86616126675294,"[""hex-band"",15,2,0]",-151.98745836419999,72.75
398,209613355820382,"[""hex-band"",15,2,1]",-151.98745836419999,61.049999999999997
399,94975450510801,"[""hex-band"",15,2,2]",-151.98745836419999,49.350000000000001
400,60871548655416,"[""hex-band"",15,2,3]",-151.98745836419999,37.649999999999999
401,137375414799243,"[""hex-band"",15,2,4]",-151.98745836419999,25.949999999999999
402,143415582332189,"[""hex-band"",15,2,5]",-151.98745836419999,14.25
403,155474663107217,"[""hex-band"",15,2,6]",-151.98745836419999,2.5499999999999998
404,265152169263038,"[""hex-band"",15,2,7]",-151.98745836419999,-9.1500000000000004
405,109252323464286,"[""hex-band"",15,2,8]",-151.98745836419999,-20.850000000000001
406,23437322522716,"[""hex-band"",15,2,9]",-151.98745836419999,-32.549999999999997
407,87450442670400,"[""hex-band"",15,2,10]",-151.98745836419999,-44.25
408,74465098747094,"[""hex-band"",15,2,11]",-151.98745836419999,-55.950000000000003
409,118587432428585,"[""hex-band"",15,2,12]",-151.98745836419999,-67.650000000000006
410,65136835039223,"[""hex-band"",15,2,13]",-151.98745836419999,-79.349999999999994
411,80386903127495,"[""hex-band"",15,2,14]",-151.98745836419999,-91.049999999999997
412,255883810498209,"[""hex-band"",15,3,0]",-151.98745836419999,-102.75
413,5626650562202,"[""hex-band"",15,3,1]",-141.85496113990001,-108.59999999999999
414,74226967622530,"[""hex-band"",15,3,2]",-131.7224639156,-114.45
415,239478523103858,"[""hex-band"",15,3,3]",-121.58996669130001,-120.3
416,180137690668936,"[""hex-band"",15,3,4]",-111.4574694671,-126.15000000000001
417,44495403056815,"[""hex-band"",15,3,5]",-101.3249722428,-132
418,160470871266125,"[""hex-band"",15,3,6]",-91.192475018500005,-137.84999999999999
419,233679848107463,"[""hex-band"",15,3,7]",-81.059977794199995,-143.69999999999999
420,224137846386976,"[""hex-band"",15,3,8]",-70.927480569899998,-149.55000000000001
421,76227098546631,"[""hex-band"",15,3,9]",-60.794983345699997,-155.40000000000001
422,252923762043920,"[""hex-band"",15,3,10]",-50.662486121400001,-161.25
423,25103219904921,"[""hex-band"",15,3,11]",-40.529988897099997,-167.09999999999999
424,264951269302744,"[""hex-band"",15,3,12]",-30.397491672800001,-172.94999999999999
425,30052718084906,"[""hex-band"",15,3,13]",-20.2649944486,-178.80000000000001
426,28843072950694,"[""hex-band"",15,3,14]",-10.1324972243,-184.65000000000001
427,75306798120416,"[""hex-band"",15,4,0]",0,-190.5
428,230841024294450,"[""hex-band"",15,4,1]",10.1324972243,-184.65000000000001
429,31068722144618,"[""hex-band"",15,4,2]",20.2649944486,-178.80000000000001
430,188329501570247,"[""hex-band"",15,4,3]",30.397491672800001,-172.94999999999999
431,183986763339325,"[""hex-band"",15,4,4]",40.529988897099997,-167.09999999999999
432,109422864212874,"[""hex-band"",15,4,5]",50.662486121400001,-161.25
433,159484190765314,"[""hex-band"",15,4,6]",60.794983345699997,-155.40000000000001
434,84233534506114,"[""hex-band"",15,4,7]",70.927480569899998,-149.55000000000001
435,266230238312097,"[""hex-band"",15,4,8]",81.059977794199995,-143.69999999999999
436,206631868494174,"[""hex-band"",15,4,9]",91.192475018500005,-137.84999999999999
437,194581356673578,"[""hex-band"",15,4,10]",101.3249722428,-132
438,31044315118009,"[""hex-band"",15,4,11]",111.4574694671,-126.15000000000001
439,278158889432340,"[""hex-band"",15,4,12]",121.58996669130001,-120.3
440,126661819150243,"[""hex-band"",15,4,13]",131.7224639156,-114.45
441,216100398250876,"[""hex-band"",15,4,14]",141.85496113990001,-108.59999999999999
442,191786642166579,"[""hex-band"",15,5,0]",151.98745836419999,-102.75
443,232306023573346,"[""hex-band"",15,5,1]",151.98745836419999,-91.049999999999997
444,178958571218533,"[""hex-band"",15,5,2]",151.98745836419999,-79.349999999999994
445,191621287471667,"[""hex-band"",15,5,3]",151.98745836419999,-67.650000000000006
446,88742775574072,"[""hex-band"",15,5,4]",151.98745836419999,-55.950000000000003
447,264533518667547,"[""hex-band"",15,5,5]",151.98745836419999,-44.25
448,148870309729782,"[""hex-band"",15,5,6]",151.98745836419999,-32.549999999999997
449,121449705891715,"[""hex-band"",15,5,7]",151.98745836419999,-20.850000000000001
450,77123985990687,"[""hex-band"",15,5,8]",151.98745836419999,-9.1500000000000004
451,102545738663580,"[""hex-band"",15,5,9]",151.98745836419999,2.5499999999999998
452,54538541228761,"[""hex-band"",15,5,10]",151.98745836419999,14.25
453,172303308546975,"[""hex-band"",15,5,11]",151.98745836419999,25.949999999999999
454,216320975841403,"[""hex-band"",15,5,12]",151.98745836419999,37.649999999999999
455,18172971306556,"[""hex-band"",15,5,13]",151.98745836419999,49.350000000000001
456,134037645383345,"[""hex-band"",15,5,14]",151.98745836419999,61.049999999999997
457,176674419315293,"[""hex-band"",16,0,0]",162.11995558839999,78.599999999999994
458,130245900632856,"[""hex-band"",16,0,1]",151.98745836419999,84.450000000000003
459,202050019095728,"[""hex-band"",16,0,2]",141.85496113990001,90.299999999999997
460,124102053975832,"[""hex-band"",16,0,3]",131.7224639156,96.150000000000006
461,148336799995762,"[""hex-band"",16,0,4]",121.58996669130001,102
462,173817599226152,"[""hex-band"",16,0,5]",111.4574694671,107.84999999999999
463,84665520540795,"[""hex-band"",16,0,6]",101.3249722428,113.7
464,248759436175039,"[""hex-band"",16,0,7]",91.192475018500005,119.55
465,76411558392428,"[""hex-band"",16,0,8]",81.059977794199995,125.40000000000001
466,194503568859531,"[""hex-band"",16,0,9]",70.927480569899998,131.25
467,193317972794150,"[""hex-band"",16,0,10]",60.794983345699997,137.09999999999999
468,70651112464740,"[""hex-band"",16,0,11]",50.662486121400001,142.94999999999999
469,101340381644719,"[""hex-band"",16,0,12]",40.529988897099997,148.80000000000001
470,245869762726138,"[""hex-band"",16,0,13]",30.397491672800001,154.65000000000001
471,211860547267595,"[""hex-band"",16,0,14]",20.2649944486,160.5
472,242493878374741,"[""hex-band"",16,0,15]",10.1324972243,166.34999999999999
473,201442747742383,"[""hex-band"",16,1,0]",0,172.19999999999999
474,244437090583721,"[""hex-band"",16,1,1]",-10.1324972243,166.34999999999999
475,196199736217379,"[""hex-band"",16,1,2]",-20.2649944486,160.5
476,31130122837057,"[""hex-band"",16,1,3]",-30.397491672800001,154.65000000000001
477,265068004259620,"[""hex-band"",16,1,4]",-40.529988897099997,148.80000000000001
478,128906271592889,"[""hex-band"",16,1,5]",-50.662486121400001,142.94999999999999
479,107812796477325,"[""hex-band"",16,1,6]",-60.794983345699997,137.09999999999999
480,124969548767796,"[""hex-band"",16,1,7]",-70.927480569899998,131.25
481,154240445314192,"[""hex-band"",16,1,8]",-81.059977794199995,125.40000000000001
482,218651568219118,"[""hex-band"",16,1,9]",-91.192475018500005,119.55
483,279131948416719,"[""hex-band"",16,1,10]",-101.3249722428,113.7
484,137808875922779,"[""hex-band"",16,1,11]",-111.4574694671,107.84999999999999
485,89666306556422,"[""hex-band"",16,1,12]",-121.58996669130001,102
486,217438439390577,"[""hex-band"",16,1,13]",-131.7224639156,96.150000000000006
487,45938974177118,"[""hex-band"",16,1,14]",-141.85496113990001,90.299999999999997
488,119190617857173,"[""hex-band"",16,1,15]",-151.98745836419999,84.450000000000003
489,75225767523020,"[""hex-band"",16,2,0]",-162.11995558839999,78.599999999999994
490,209131995757796,"[""hex-band"",16,2,1]",-162.11995558839999,66.900000000000006
491,45655918418856,"[""hex-band"",16,2,2]",-162.11995558839999,55.200000000000003
492,207871524907124,"[""hex-band"",16,2,3]",-162.11995558839999,43.5
493,181410829418903,"[""hex-band"",16,2,4]",-162.11995558839999,31.800000000000001
494,264349817364920,"[""hex-band"",16,2,5]",-162.11995558839999,20.100000000000001
495,65740453250339,"[""hex-band"",16,2,6]",-162.11995558839999,8.4000000000000004
496,193084755518191,"[""hex-band"",16,2,7]",-162.11995558839999,-3.2999999999999998
497,132061731272157,"[""hex-band"",16,2,8]",-162.11995558839999,-15
498,83653647656077,"[""hex-band"",16,2,9]",-162.11995558839999,-26.699999999999999
499,239407682453916,"[""hex-band"",16,2,10]",-162.11995558839999,-38.399999999999999
500,78142298466762,"[""hex-band"",16,2,11]",-162.11995558839999,-50.100000000000001
501,265132588046173,"[""hex-band"",16,2,12]",-162.11995558839999,-61.799999999999997
502,21403148386937,"[""hex-band"",16,2,13]",-162.11995558839999,-73.5
503,6692402776593,"[""hex-band"",16,2,14]",-162.11995558839999,-85.200000000000003
504,73823331467378,"[""hex-band"",16,2,15]",-162.11995558839999,-96.900000000000006
505,89747642133670,"[""hex-band"",16,3,0]",-162.11995558839999,-108.59999999999999
506,276957211457939,"[""hex-band"",16,3,1]",-151.98745836419999,-114.45
507,101844792777189,"[""hex-band"",16,3,2]",-141.85496113990001,-120.3
508,6992046717304,"[""hex-band"",16,3,3]",-131.7224639156,-126.15000000000001
509,100575687574342,"[""hex-band"",16,3,4]",-121.58996669130001,-132
510,105005895866947,"[""hex-band"",16,3,5]",-111.4574694671,-137.84999999999999
511,213763481101996,"[""hex-band"",16,3,6]",-101.3249722428,-143.69999999999999
512,166844334056455,"[""hex-band"",16,3,7]",-91.192475018500005,-149.55000000000001
513,180762944110749,"[""hex-band"",16,3,8]",-81.059977794199995,-155.40000000000001
514,280016878668999,"[""hex-band"",16,3,9]",-70.927480569899998,-161.25
515,102664326394882,"[""hex-band"",16,3,10]",-60.794983345699997,-167.09999999999999
516,118540289629139,"[""hex-band"",16,3,11]",-50.662486121400001,-172.94999999999999
517,111480320447239,"[""hex-band"",16,3,12]",-40.529988897099997,-178.80000000000001
518,268521732948253,"[""hex-band"",16,3,13]",-30.397491672800001,-184.65000000000001
519,91190407948140,"[""hex-band"",16,3,14]",-20.2649944486,-190.5
520,251460184468841,"[""hex-band"",16,3,15]",-10.1324972243,-196.34999999999999
521,252818804185686,"[""hex-band"",16,4,0]",0,-202.19999999999999
522,221387278460735,"[""hex-band"",16,4,1]",10.1324972243,-196.34999999999999
523,276958108552697,"[""hex-band"",16,4,2]",20.2649944486,-190.5
524,81555806352334,"[""hex-band"",16,4,3]",30.397491672800001,-184.65000000000001
525,263175017865020,"[""hex-band"",16,4,4]",40.529988897099997,-178.80000000000001
526,17811640342189,"[""hex-band"",16,4,5]",50.662486121400001,-172.94999999999999
527,20593879214871,"[""hex-band"",16,4,6]",60.794983345699997,-167.09999999999999
528,241554874899338,"[""hex-band"",16,4,7]",70.927480569899998,-161.25
529,250996981870020,"[""hex-band"",16,4,8]",81.059977794199995,-155.40000000000001
530,100386836510248,"[""hex-band"",16,4,9]",91.192475018500005,-149.55000000000001
531,214152294768487,"[""hex-band"",16,4,10]",101.3249722428,-143.69999999999999
532,35490932818306,"[""hex-band"",16,4,11]",111.4574694671,-137.84999999999999
533,238498194585917,"[""hex-band"",16,4,12]",121.58996669130001,-132
534,262454164463466,"[""hex-band"",16,4,13]",131.7224639156,-126.15000000000001
535,166784174638808,"[""hex-band"",16,4,14]",141.85496113990001,-120.3
536,131802681050202,"[""hex-band"",16,4,15]",151.98745836419999,-114.45
537,46207358142723,"[""hex-band"",16,5,0]",162.11995558839999,-108.59999999999999
538,171020852104287,"[""hex-band"",16,5,1]",162.11995558839999,-96.900000000000006
539,237936556382022,"[""hex-band"",16,5,2]",162.11995558839999,-85.200000000000003
540,84190395407927,"[""hex-band"",16,5,3]",162.11995558839999,-73.5
541,10536388307570,"[""hex-band"",16,5,4]",162.11995558839999,-61.799999999999997
542,159379695616172,"[""hex-band"",16,5,5]",162.11995558839999,-50.100000000000001
543,207348796936549,"[""hex-band"",16,5,6]",162.11995558839999,-38.399999999999999
544,193146033921158,"[""hex-band"",16,5,7]",162.11995558839999,-26.699999999999999
545,40866549821665,"[""hex-band"",16,5,8]",162.11995558839999,-15
546,231783139164303,"[""hex-band"",16,5,9]",162.11995558839999,-3.2999999999999998
547,100755619904339,"[""hex-band"",16,5,10]",162.11995558839999,8.4000000000000004
548,53301450423573,"[""hex-band"",16,5,11]",162.11995558839999,20.100000000000001
549,205492565132287,"[""hex-band"",16,5,12]",162.11995558839999,31.800000000000001
550,94763419531571,"[""hex-band"",16,5,13]",162.11995558839999,43.5
551,237472206687221,"[""hex-band"",16,5,14]",162.11995558839999,55.200000000000003
552,9197696269884,"[""hex-band"",16,5,15]",162.11995558839999,66.900000000000006
553,89896719513096,"[""hex-band"",17,0,0]",172.2524528127,84.450000000000003
554,139982841407341,"[""hex-band"",17,0,1]",162.11995558839999,90.299999999999997
555,85762195517730,"[""hex-band"",17,0,2]",151.98745836419999,96.150000000000006
556,229845908543163,"[""hex-band"",17,0,3]",141.85496113990001,102
557,149678600793968,"[""hex-band"",17,0,4]",131.7224639156,107.84999999999999
558,65043310117666,"[""hex-band"",17,0,5]",121.58996669130001,113.7
559,39396016322814,"[""hex-band"",17,0,6]",111.4574694671,119.55
560,95484174886072,"[""hex-band"",17,0,7]",101.3249722428,125.40000000000001
561,24499894956776,"[""hex-band"",17,0,8]",91.192475018500005,131.25
562,212043793116585,"[""hex-band"",17,0,9]",81.059977794199995,137.09999999999999
563,245322299633311,"[""hex-band"",17,0,10]",70.927480569899998,142.94999999999999
564,27909237148275,"[""hex-band"",17,0,11]",60.794983345699997,148.80000000000001
565,179489700501997,"[""hex-band"",17,0,12]",50.662486121400001,154.65000000000001
566,138485993733172,"[""hex-band"",17,0,13]",40.529988897099997,160.5
567,216819941745920,"[""hex-band"",17,0,14]",30.397491672800001,166.34999999999999
568,175015488616493,"[""hex-band"",17,0,15]",20.2649944486,172.19999999999999
569,212994220057733,"[""hex-band"",17,0,16]",10.1324972243,178.05000000000001
570,33189835655605,"[""hex-band"",17,1,0]",0,183.90000000000001
571,205552607929170,"[""hex-band"",17,1,1]",-10.1324972243,178.05000000000001
572,212292815927167,"[""hex-band"",17,1,2]",-20.2649944486,172.19999999999999
573,74008103163377,"[""hex-band"",17,1,3]",-30.397491672800001,166.34999999999999
574,125775148784575,"[""hex-band"",17,1,4]",-40.529988897099997,160.5
575,214174681769455,"[""hex-band"",17,1,5]",-50.662486121400001,154.65000000000001
576,107566521651660,"[""hex-band"",17,1,6]",-60.794983345699997,148.80000000000001
577,43885950647091,"[""hex-band"",17,1,7]",-70.927480569899998,142.94999999999999
578,63359211167876,"[""hex-band"",17,1,8]",-81.059977794199995,137.09999999999999
579,205900167985537,"[""hex-band"",17,1,9]",-91.192475018500005,131.25
580,180527921229208,"[""hex-band"",17,1,10]",-101.3249722428,125.40000000000001
581,117770467290046,"[""hex-band"",17,1,11]",-111.4574694671,119.55
582,191344842672393,"[""hex-band"",17,1,12]",-121.58996669130001,113.7
583,95696750299700,"[""hex-band"",17,1,13]",-131.7224639156,107.84999999999999
584,166490465060517,"[""hex-band"",17,1,14]",-141.85496113990001,102
585,11508479873259,"[""hex-band"",17,1,15]",-151.98745836419999,96.150000000000006
586,280081577820771,"[""hex-band"",17,1,16]",-162.11995558839999,90.299999999999997
587,278305766328219,"[""hex-band"",17,2,0]",-172.2524528127,84.450000000000003
588,80268429027580,"[""hex-band"",17,2,1]",-172.2524528127,72.75
589,135000125566632,"[""hex-band"",17,2,2]",-172.2524528127,61.049999999999997
590,278621340141386,"[""hex-band"",17,2,3]",-172.2524528127,49.350000000000001
591,275716104201950,"[""hex-band"",17,2,4]",-172.2524528127,37.649999999999999
592,25192711258595,"[""hex-band"",17,2,5]",-172.2524528127,25.949999999999999
593,188238659819933,"[""hex-band"",17,2,6]",-172.2524528127,14.25
594,128016374250425,"[""hex-band"",17,2,7]",-172.2524528127,2.5499999999999998
595,45474569192386,"[""hex-band"",17,2,8]",-172.2524528127,-9.1500000000000004
596,162041155614113,"[""hex-band"",17,2,9]",-172.2524528127,-20.850000000000001
597,231828660416530,"[""hex-band"",17,2,10]",-172.2524528127,-32.549999999999997
598,207789016362644,"[""hex-band"",17,2,11]",-172.2524528127,-44.25
599,246149682745460,"[""hex-band"",17,2,12]",-172.2524528127,-55.950000000000003
600,126809035287481,"[""hex-band"",17,2,13]",-172.2524528127,-67.650000000000006
601,135200843073500,"[""hex-band"",17,2,14]",-172.2524528127,-79.349999999999994
602,261680741157283,"[""hex-band"",17,2,15]",-172.2524528127,-91.049999999999997
603,242389097159394,"[""hex-band"",17,2,16]",-172.2524528127,-102.75
604,188325288241418,"[""hex-band"",17,3,0]",-172.2524528127,-114.45
605,101175207192891,"[""hex-band"",17,3,1]",-162.11995558839999,-120.3
606,257332179245297,"[""hex-band"",17,3,2]",-151.98745836419999,-126.15000000000001
607,117387057346951,"[""hex-band"",17,3,3]",-141.85496113990001,-132
608,110680079547612,"[""hex-band"",17,3,4]",-131.7224639156,-137.84999999999999
609,120714868318626,"[""hex-band"",17,3,5]",-121.58996669130001,-143.69999999999999
610,55184399861300,"[""hex-band"",17,3,6]",-111.4574694671,-149.55000000000001
611,249641623160588,"[""hex-band"",17,3,7]",-101.3249722428,-155.40000000000001
612,41983818588904,"[""hex-band"",17,3,8]",-91.192475018500005,-161.25
613,30262127979227,"[""hex-band"",17,3,9]",-81.059977794199995,-167.09999999999999
614,37548063384441,"[""hex-band"",17,3,10]",-70.927480569899998,-172.94999999999999
615,103816007345851,"[""hex-band"",17,3,11]",-60.794983345699997,-178.80000000000001
616,56702269119463,"[""hex-band"",17,3,12]",-50.662486121400001,-184.65000000000001
617,76953648052841,"[""hex-band"",17,3,13]",-40.529988897099997,-190.5
618,217292881549279,"[""hex-band"",17,3,14]",-30.397491672800001,-196.34999999999999
619,46255889877541,"[""hex-band"",17,3,15]",-20.2649944486,-202.19999999999999
620,57692993761320,"[""hex-band"",17,3,16]",-10.1324972243,-208.05000000000001
621,120486877939845,"[""hex-band"",17,4,0]",0,-213.90000000000001
622,161658462989748,"[""hex-band"",17,4,1]",10.1324972243,-208.05000000000001
623,166658637471930,"[""hex-band"",17,4,2]",20.2649944486,-202.19999999999999
624,21598380912474,"[""hex-band"",17,4,3]",30.397491672800001,-196.34999999999999
625,178680783205310,"[""hex-band"",17,4,4]",40.529988897099997,-190.5
626,95891874269643,"[""hex-band"",17,4,5]",50.662486121400001,-184.65000000000001
627,158386037566785,"[""hex-band"",17,4,6]",60.794983345699997,-178.80000000000001
628,233828812500774,"[""hex-band"",17,4,7]",70.927480569899998,-172.94999999999999
629,143299099689477,"[""hex-band"",17,4,8]",81.059977794199995,-167.09999999999999
630,251423679919614,"[""hex-band"",17,4,9]",91.192475018500005,-161.25
631,70868056276724,"[""hex-band"",17,4,10]",101.3249722428,-155.40000000000001
632,43094325679245,"[""hex-band"",17,4,11]",111.4574694671,-149.55000000000001
633,32365724644094,"[""hex-band"",17,4,12]",121.58996669130001,-143.69999999999999
634,271651532353349,"[""hex-band"",17,4,13]",131.7224639156,-137.84999999999999
635,276096442252657,"[""hex-band"",17,4,14]",141.85496113990001,-132
636,158836689574002,"[""hex-band"",17,4,15]",151.98745836419999,-126.15000000000001
637,106716313849236,"[""hex-band"",17,4,16]",162.11995558839999,-120.3
638,18017833700163,"[""hex-band"",17,5,0]",172.2524528127,-114.45
639,53196455246475,"[""hex-band"",17,5,1]",172.2524528127,-102.75
640,5340840393576,"[""hex-band"",17,5,2]",172.2524528127,-91.049999999999997
641,240054662362479,"[""hex-band"",17,5,3]",172.2524528127,-79.349999999999994
642,157323622745301,"[""hex-band"",17,5,4]",172.2524528127,-67.650000000000006
643,239608333150793,"[""hex-band"",17,5,5]",172.2524528127,-55.950000000000003
644,270090239520523,"[""hex-band"",17,5,6]",172.2524528127,-44.25
645,16161001361628,"[""hex-band"",17,5,7]",172.2524528127,-32.549999999999997
646,73126713844768,"[""hex-band"",17,5,8]",172.2524528127,-20.850000000000001
647,249036240597617,"[""hex-band"",17,5,9]",172.2524528127,-9.1500000000000004
648,64410502597840,"[""hex-band"",17,5,10]",172.2524528127,2.5499999999999998
649,229991884852525,"[""hex-band"",17,5,11]",172.2524528127,14.25
650,215874413521968,"[""hex-band"",17,5,12]",172.2524528127,25.949999999999999
651,229258220396942,"[""hex-band"",17,5,13]",172.2524528127,37.649999999999999
652,79061055582688,"[""hex-band"",17,5,14]",172.2524528127,49.350000000000001
653,267104298489898,"[""hex-band"",17,5,15]",172.2524528127,61.049999999999997
654,119379844793890,"[""hex-band"",17,5,16]",172.2524528127,72.75
655,275147997867634,"[""hex-band"",18,0,0]",182.38495003700001,90.299999999999997
656,99177317287684,"[""hex-band"",18,0,1]",172.2524528127,96.150000000000006
657,80134760066959,"[""hex-band"",18,0,2]",162.11995558839999,102
658,38988626279768,"[""hex-band"",18,0,3]",151.98745836419999,107.84999999999999
659,103611118323350,"[""hex-band"",18,0,4]",141.85496113990001,113.7
660,95007004372153,"[""hex-band"",18,0,5]",131.7224639156,119.55
661,113448537150815,"[""hex-band"",18,0,6]",121.58996669130001,125.40000000000001
662,197515525072134,"[""hex-band"",18,0,7]",111.4574694671,131.25
663,25135297792429,"[""hex-band"",18,0,8]",101.3249722428,137.09999999999999
664,95408266252534,"[""hex-band"",18,0,9]",91.192475018500005,142.94999999999999
665,31843900582425,"[""hex-band"",18,0,10]",81.059977794199995,148.80000000000001
666,8651775894254,"[""hex-band"",18,0,11]",70.927480569899998,154.65000000000001
667,50151671173131,"[""hex-band"",18,0,12]",60.794983345699997,160.5
668,183069813529661,"[""hex-band"",18,0,13]",50.662486121400001,166.34999999999999
669,153669343074460,"[""hex-band"",18,0,14]",40.529988897099997,172.19999999999999
670,133880654489538,"[""hex-band"",18,0,15]",30.397491672800001,178.05000000000001
671,162304852808156,"[""hex-band"",18,0,16]",20.2649944486,183.90000000000001
672,121824622041535,"[""hex-band"",18,0,17]",10.1324972243,189.75
673,127571588179135,"[""hex-band"",18,1,0]",0,195.59999999999999
674,89302131150426,"[""hex-band"",18,1,1]",-10.1324972243,189.75
675,27237910254636,"[""hex-band"",18,1,2]",-20.2649944486,183.90000000000001
676,94607966809378,"[""hex-band"",18,1,3]",-30.397491672800001,178.05000000000001
677,215749721954612,"[""hex-band"",18,1,4]",-40.529988897099997,172.19999999999999
678,179281389492565,"[""hex-band"",18,1,5]",-50.662486121400001,166.34999999999999
679,168791176317975,"[""hex-band"",18,1,6]",-60.794983345699997,160.5
680,77494575892655,"[""hex-band"",18,1,7]",-70.927480569899998,154.65000000000001
681,203152920376232,"[""hex-band"",18,1,8]",-81.059977794199995,148.80000000000001
682,253589912832056,"[""hex-band"",18,1,9]",-91.192475018500005,142.94999999999999
683,255500006939326,"[""hex-band"",18,1,10]",-101.3249722428,137.09999999999999
684,86581379724605,"[""hex-band"",18,1,11]",-111.4574694671,131.25
685,11019744564826,"[""hex-band"",18,1,12]",-121.58996669130001,125.40000000000001
686,89177892635297,"[""hex-band"",18,1,13]",-131.7224639156,119.55
687,73185581318608,"[""hex-band"",18,1,14]",-141.85496113990001,113.7
688,156545143914947,"[""hex-band"",18,1,15]",-151.98745836419999,107.84999999999999
689,180246283551448,"[""hex-band"",18,1,16]",-162.11995558839999,102
690,216043471296242,"[""hex-band"",18,1,17]",-172.2524528127,96.150000000000006
691,242262086411757,"[""hex-band"",18,2,0]",-182.38495003700001,90.299999999999997
692,244947988695159,"[""hex-band"",18,2,1]",-182.38495003700001,78.599999999999994
693,184900748062289,"[""hex-band"",18,2,2]",-182.38495003700001,66.900000000000006
694,174946977095995,"[""hex-band"",18,2,3]",-182.38495003700001,55.200000000000003
695,14131049672470,"[""hex-band"",18,2,4]",-182.38495003700001,43.5
696,177991587101825,"[""hex-band"",18,2,5]",-182.38495003700001,31.800000000000001
697,69396380063332,"[""hex-band"",18,2,6]",-182.38495003700001,20.100000000000001
698,204200010827805,"[""hex-band"",18,2,7]",-182.38495003700001,8.4000000000000004
699,16213822226696,"[""hex-band"",18,2,8]",-182.38495003700001,-3.2999999999999998
700,110735423652707,"[""hex-band"",18,2,9]",-182.38495003700001,-15
701,121578092168941,"[""hex-band"",18,2,10]",-182.38495003700001,-26.699999999999999
702,185230426745604,"[""hex-band"",18,2,11]",-182.38495003700001,-38.399999999999999
703,147290309362660,"[""hex-band"",18,2,12]",-182.38495003700001,-50.100000000000001
704,57185206377720,"[""hex-band"",18,2,13]",-182.38495003700001,-61.799999999999997
705,88621398532483,"[""hex-band"",18,2,14]",-182.38495003700001,-73.5
706,171204322359396,"[""hex-band"",18,2,15]",-182.38495003700001,-85.200000000000003
707,3788731050373,"[""hex-band"",18,2,16]",-182.38495003700001,-96.900000000000006
708,191851554007606,"[""hex-band"",18,2,17]",-182.38495003700001,-108.59999999999999
709,143207823582372,"[""hex-band"",18,3,0]",-182.38495003700001,-120.3
710,140464443402463,"[""hex-band"",18,3,1]",-172.2524528127,-126.15000000000001
711,248924612033527,"[""hex-band"",18,3,2]",-162.11995558839999,-132
712,196890560442770,"[""hex-band"",18,3,3]",-151.98745836419999,-137.84999999999999
713,115225297722117,"[""hex-band"",18,3,4]",-141.85496113990001,-143.69999999999999
714,132168259861165,"[""hex-band"",18,3,5]",-131.7224639156,-149.55000000000001
715,152649439917976,"[""hex-band"",18,3,6]",-121.58996669130001,-155.40000000000001
716,260854023410429,"[""hex-band"",18,3,7]",-111.4574694671,-161.25
717,166543503634595,"[""hex-band"",18,3,8]",-101.3249722428,-167.09999999999999
718,231930315401864,"[""hex-band"",18,3,9]",-91.192475018500005,-172.94999999999999
719,56403965443860,"[""hex-band"",18,3,10]",-81.059977794199995,-178.80000000000001
720,25179710910971,"[""hex-band"",18,3,11]",-70.927480569899998,-184.65000000000001
721,10835348106896,"[""hex-band"",18,3,12]",-60.794983345699997,-190.5
722,21114999055725,"[""hex-band"",18,3,13]",-50.662486121400001,-196.34999999999999
723,6783836854604,"[""hex-band"",18,3,14]",-40.529988897099997,-202.19999999999999
724,233423904936369,"[""hex-band"",18,3,15]",-30.397491672800001,-208.05000000000001
725,239821332945321,"[""hex-band"",18,3,16]",-20.2649944486,-213.90000000000001
726,116683575566118,"[""hex-band"",18,3,17]",-10.1324972243,-219.75
727,251950903315523,"[""hex-band"",18,4,0]",0,-225.59999999999999
728,54156637107170,"[""hex-band"",18,4,1]",10.1324972243,-219.75
729,124882695309433,"[""hex-band"",18,4,2]",20.2649944486,-213.90000000000001
730,116731055076097,"[""hex-band"",18,4,3]",30.397491672800001,-208.05000000000001
731,201280594165005,"[""hex-band"",18,4,4]",40.529988897099997,-202.19999999999999
732,200049342657987,"[""hex-band"",18,4,5]",50.662486121400001,-196.34999999999999
733,23136598804165,"[""hex-band"",18,4,6]",60.794983345699997,-190.5
734,193906634830859,"[""hex-band"",18,4,7]",70.927480569899998,-184.65000000000001
735,141569038695271,"[""hex-band"",18,4,8]",81.059977794199995,-178.80000000000001
736,15944852206879,"[""hex-band"",18,4,9]",91.192475018500005,-172.94999999999999
737,254631637098441,"[""hex-band"",18,4,10]",101.3249722428,-167.09999999999999
738,131468587179691,"[""hex-band"",18,4,11]",111.4574694671,-161.25
739,132549855310223,"[""hex-band"",18,4,12]",121.58996669130001,-155.40000000000001
740,208294721340405,"[""hex-band"",18,4,13]",131.7224639156,-149.55000000000001
741,167929063736886,"[""hex-band"",18,4,14]",141.85496113990001,-143.69999999999999
742,187426831599825,"[""hex-band"",18,4,15]",151.98745836419999,-137.84999999999999
743,121991474565823,"[""hex-band"",18,4,16]",162.11995558839999,-132
744,124000091754877,"[""hex-band"",18,4,17]",172.2524528127,-126.15000000000001
745,106165676769907,"[""hex-band"",18,5,0]",182.38495003700001,-120.3
746,273205819500478,"[""hex-band"",18,5,1]",182.38495003700001,-108.59999999999999
747,12417313847848,"[""hex-band"",18,5,2]",182.38495003700001,-96.900000000000006
748,49773684235592,"[""hex-band"",18,5,3]",182.38495003700001,-85.200000000000003
749,161068836841248,"[""hex-band"",18,5,4]",182.38495003700001,-73.5
750,195177043622701,"[""hex-band"",18,5,5]",182.38495003700001,-61.799999999999997
751,264992217270671,"[""hex-band"",18,5,6]",182.38495003700001,-50.100000000000001
752,82286261235365,"[""hex-band"",18,5,7]",182.38495003700001,-38.399999999999999
753,83734664566568,"[""hex-band"",18,5,8]",182.38495003700001,-26.699999999999999
754,223302281081458,"[""hex-band"",18,5,9]",182.38495003700001,-15
755,84858700397858,"[""hex-band"",18,5,10]",182.38495003700001,-3.2999999999999998
756,107610970112877,"[""hex-band"",18,5,11]",182.38495003700001,8.4000000000000004
757,33080915159496,"[""hex-band"",18,5,12]",182.38495003700001,20.100000000000001
758,133763734396423,"[""hex-band"",18,5,13]",182.38495003700001,31.800000000000001
759,218944031065291,"[""hex-band"",18,5,14]",182.38495003700001,43.5
760,29232112009744,"[""hex-band"",18,5,15]",182.38495003700001,55.200000000000003
761,248123878768278,"[""hex-band"",18,5,16]",182.38495003700001,66.900000000000006
762,84136907198199,"[""hex-band"",18,5,17]",182.38495003700001,78.599999999999994
763,263790551244077,"[""hex-band"",19,0,0]",192.51744726129999,96.150000000000006
764,199058141160905,"[""hex-band"",19,0,1]",182.38495003700001,102
765,79931911905206,"[""hex-band"",19,0,2]",172.2524528127,107.84999999999999
766,217876154239469,"[""hex-band"",19,0,3]",162.11995558839999,113.7
767,269528630112481,"[""hex-band"",19,0,4]",151.98745836419999,119.55
768,238780621932662,"[""hex-band"",19,0,5]",141.85496113990001,125.40000000000001
769,259819815994449,"[""hex-band"",19,0,6]",131.7224639156,131.25
770,122031122441231,"[""hex-band"",19,0,7]",121.58996669130001,137.09999999999999
771,227825004102474,"[""hex-band"",19,0,8]",111.4574694671,142.94999999999999
772,202555628818533,"[""hex-band"",19,0,9]",101.3249722428,148.80000000000001
773,175436191057645,"[""hex-band"",19,0,10]",91.192475018500005,154.65000000000001
774,88087048830427,"[""hex-band"",19,0,11]",81.059977794199995,160.5
775,10305670298295,"[""hex-band"",19,0,12]",70.927480569899998,166.34999999999999
776,181909397787590,"[""hex-band"",19,0,13]",60.794983345699997,172.19999999999999
777,232136471488808,"[""hex-band"",19,0,14]",50.662486121400001,178.05000000000001
778,3866969505294,"[""hex-band"",19,0,15]",40.529988897099997,183.90000000000001
779,146976953943779,"[""hex-band"",19,0,16]",30.397491672800001,189.75
780,149700114216263,"[""hex-band"",19,0,17]",20.2649944486,195.59999999999999
781,20960176619126,"[""hex-band"",19,0,18]",10.1324972243,201.44999999999999
782,113194571958480,"[""hex-band"",19,1,0]",0,207.30000000000001
783,172388075471967,"[""hex-band"",19,1,1]",-10.1324972243,201.44999999999999
784,272068060727590,"[""hex-band"",19,1,2]",-20.2649944486,195.59999999999999
785,137680561038175,"[""hex-band"",19,1,3]",-30.397491672800001,189.75
786,23583510876386,"[""hex-band"",19,1,4]",-40.529988897099997,183.90000000000001
787,134731824099247,"[""hex-band"",19,1,5]",-50.662486121400001,178.05000000000001
788,205015715033781,"[""hex-band"",19,1,6]",-60.794983345699997,172.19999999999999
789,258917117022987,"[""hex-band"",19,1,7]",-70.927480569899998,166.34999999999999
790,19714269552980,"[""hex-band"",19,1,8]",-81.059977794199995,160.5
791,98456764686721,"[""hex-band"",19,1,9]",-91.192475018500005,154.65000000000001
792,26231425687860,"[""hex-band"",19,1,10]",-101.3249722428,148.80000000000001
793,124596872093148,"[""hex-band"",19,1,11]",-111.4574694671,142.94999999999999
794,178470263841652,"[""hex-band"",19,1,12]",-121.58996669130001,137.09999999999999
795,83882679573437,"[""hex-band"",19,1,13]",-131.7224639156,131.25
796,115975320017581,"[""hex-band"",19,1,14]",-141.85496113990001,125.40000000000001
797,99078758707247,"[""hex-band"",19,1,15]",-151.98745836419999,119.55
798,210324240065987,"[""hex-band"",19,1,16]",-162.11995558839999,113.7
799,67279384935732,"[""hex-band"",19,1,17]",-172.2524528127,107.84999999999999
800,174124759317216,"[""hex-band"",19,1,18]",-182.38495003700001,102
801,170732161088740,"[""hex-band"",19,2,0]",-192.51744726129999,96.150000000000006
802,101773489034827,"[""hex-band"",19,2,1]",-192.51744726129999,84.450000000000003
803,6303551434328,"[""hex-band"",19,2,2]",-192.51744726129999,72.75
804,160603933858934,"[""hex-band"",19,2,3]",-192.51744726129999,61.049999999999997
805,36866375505872,"[""hex-band"",19,2,4]",-192.51744726129999,49.350000000000001
806,99267205637123,"[""hex-band"",19,2,5]",-192.51744726129999,37.649999999999999
807,202875439924180,"[""hex-band"",19,2,6]",-192.51744726129999,25.949999999999999
808,203256773232183,"[""hex-band"",19,2,7]",-192.51744726129999,14.25
809,226305547413209,"[""hex-band"",19,2,8]",-192.51744726129999,2.5499999999999998
810,80178581372813,"[""hex-band"",19,2,9]",-192.51744726129999,-9.1500000000000004
811,73296340969442,"[""hex-band"",19,2,10]",-192.51744726129999,-20.850000000000001
812,8949008389888,"[""hex-band"",19,2,11]",-192.51744726129999,-32.549999999999997
813,124754533996325,"[""hex-band"",19,2,12]",-192.51744726129999,-44.25
814,3572328726401,"[""hex-band"",19,2,13]",-192.51744726129999,-55.950000000000003
815,120098788537275,"[""hex-band"",19,2,14]",-192.51744726129999,-67.650000000000006
816,244963133114370,"[""hex-band"",19,2,15]",-192.51744726129999,-79.349999999999994
817,117825569590153,"[""hex-band"",19,2,16]",-192.51744726129999,-91.049999999999997
818,265248850318953,"[""hex-band"",19,2,17]",-192.51744726129999,-102.75
819,175591248910396,"[""hex-band"",19,2,18]",-192.51744726129999,-114.45
820,226937122588977,"[""hex-band"",19,3,0]",-192.51744726129999,-126.15000000000001
821,42192931695846,"[""hex-band"",19,3,1]",-182.38495003700001,-132
822,32775660491141,"[""hex-band"",19,3,2]",-172.2524528127,-137.84999999999999
823,127110089342278,"[""hex-band"",19,3,3]",-162.11995558839999,-143.69999999999999
824,198718583165423,"[""hex-band"",19,3,4]",-151.98745836419999,-149.55000000000001
825,35986789080242,"[""hex-band"",19,3,5]",-141.85496113990001,-155.40000000000001
826,181637571894787,"[""hex-band"",19,3,6]",-131.7224639156,-161.25
827,275635345071777,"[""hex-band"",19,3,7]",-121.58996669130001,-167.09999999999999
828,159530777404426,"[""hex-band"",19,3,8]",-111.4574694671,-172.94999999999999
829,155657543033117,"[""hex-band"",19,3,9]",-101.3249722428,-178.80000000000001
830,179855927536561,"[""hex-band"",19,3,10]",-91.192475018500005,-184.65000000000001
831,261129796135354,"[""hex-band"",19,3,11]",-81.059977794199995,-190.5
832,204716298513842,"[""hex-band"",19,3,12]",-70.927480569899998,-196.34999999999999
833,154350247619860,"[""hex-band"",19,3,13]",-60.794983345699997,-202.19999999999999
834,201666320606585,"[""hex-band"",19,3,14]",-50.662486121400001,-208.05000000000001
835,112566425244093,"[""hex-band"",19,3,15]",-40.529988897099997,-213.90000000000001
836,33060047075800,"[""hex-band"",19,3,16]",-30.397491672800001,-219.75
837,134078159340239,"[""hex-band"",19,3,17]",-20.2649944486,-225.59999999999999
838,155219063456130,"[""hex-band"",19,3,18]",-10.1324972243,-231.44999999999999
839,114688979413884,"[""hex-band"",19,4,0]",0,-237.30000000000001
840,38790465356178,"[""hex-band"",19,4,1]",10.1324972243,-231.44999999999999
841,238779983830284,"[""hex-band"",19,4,2]",20.2649944486,-225.59999999999999
842,279484183545629,"[""hex-band"",19,4,3]",30.397491672800001,-219.75
843,147331950236671,"[""hex-band"",19,4,4]",40.529988897099997,-213.90000000000001
844,208895152278658,"[""hex-band"",19,4,5]",50.662486121400001,-208.05000000000001
845,98204660851684,"[""hex-band"",19,4,6]",60.794983345699997,-202.19999999999999
846,241058302133157,"[""hex-band"",19,4,7]",70.927480569899998,-196.34999999999999
847,52873196738872,"[""hex-band"",19,4,8]",81.059977794199995,-190.5
848,220211231134150,"[""hex-band"",19,4,9]",91.192475018500005,-184.65000000000001
849,179653795423529,"[""hex-band"",19,4,10]",101.3249722428,-178.80000000000001
850,67012550990980,"[""hex-band"",19,4,11]",111.4574694671,-172.94999999999999
851,153172327807741,"[""hex-band"",19,4,12]",121.58996669130001,-167.09999999999999
852,201080898837756,"[""hex-band"",19,4,13]",131.7224639156,-161.25
853,259378735349359,"[""hex-band"",19,4,14]",141.85496113990001,-155.40000000000001
854,25376223930464,"[""hex-band"",19,4,15]",151.98745836419999,-149.55000000000001
855,7521190267934,"[""hex-band"",19,4,16]",162.11995558839999,-143.69999999999999
856,107063890206797,"[""hex-band"",19,4,17]",172.2524528127,-137.84999999999999
857,132349412846845,"[""hex-band"",19,4,18]",182.38495003700001,-132
858,204723632506894,"[""hex-band"",19,5,0]",192.51744726129999,-126.15000000000001
859,132650836264506,"[""hex-band"",19,5,1]",192.51744726129999,-114.45
860,251185263271179,"[""hex-band"",19,5,2]",192.51744726129999,-102.75
861,144965648828604,"[""hex-band"",19,5,3]",192.51744726129999,-91.049999999999997
862,169403184123707,"[""hex-band"",19,5,4]",192.51744726129999,-79.349999999999994
863,233423843945981,"[""hex-band"",19,5,5]",192.51744726129999,-67.650000000000006
864,42773139240179,"[""hex-band"",19,5,6]",192.51744726129999,-55.950000000000003
865,6628254188528,"[""hex-band"",19,5,7]",192.51744726129999,-44.25
866,22175223443480,"[""hex-band"",19,5,8]",192.51744726129999,-32.549999999999997
867,163944941228908,"[""hex-band"",19,5,9]",192.51744726129999,-20.850000000000001
868,110307096390873,"[""hex-band"",19,5,10]",192.51744726129999,-9.1500000000000004
869,96380280480500,"[""hex-band"",19,5,11]",192.51744726129999,2.5499999999999998
870,14055541241234,"[""hex-band"",19,5,12]",192.51744726129999,14.25
871,80112333021167,"[""hex-band"",19,5,13]",192.51744726129999,25.949999999999999
872,118044384971813,"[""hex-band"",19,5,14]",192.51744726129999,37.649999999999999
873,273067617613983,"[""hex-band"",19,5,15]",192.51744726129999,49.350000000000001
874,224880435566056,"[""hex-band"",19,5,16]",192.51744726129999,61.049999999999997
875,279408712510251,"[""hex-band"",19,5,17]",192.51744726129999,72.75
876,232575211743493,"[""hex-band"",19,5,18]",192.51744726129999,84.450000000000003
877,76691010042098,"[""hex-band"",20,0,0]",202.6499444856,102
878,185260668022991,"[""hex-band"",20,0,1]",192.51744726129999,107.84999999999999
879,88155112598818,"[""hex-band"",20,0,2]",182.38495003700001,113.7
880,157917950600605,"[""hex-band"",20,0,3]",172.2524528127,119.55
881,36041327823188,"[""hex-band"",20,0,4]",162.11995558839999,125.40000000000001
882,207801145164,"[""hex-band"",20,0,5]",151.98745836419999,131.25
883,247634171833769,"[""hex-band"",20,0,6]",141.85496113990001,137.09999999999999
884,196491582754715,"[""hex-band"",20,0,7]",131.7224639156,142.94999999999999
885,172852143170941,"[""hex-band"",20,0,8]",121.58996669130001,148.80000000000001
886,202308700772999,"[""hex-band"",20,0,9]",111.4574694671,154.65000000000001
887,17078461340537,"[""hex-band"",20,0,10]",101.3249722428,160.5
888,249217517211115,"[""hex-band"",20,0,11]",91.192475018500005,166.34999999999999
889,108304591624043,"[""hex-band"",20,0,12]",81.059977794199995,172.19999999999999
890,34888769702734,"[""hex-band"",20,0,13]",70.927480569899998,178.05000000000001
891,92900853426488,"[""hex-band"",20,0,14]",60.794983345699997,183.90000000000001
892,214625162511063,"[""hex-band"",20,0,15]",50.662486121400001,189.75
893,18003924885376,"[""hex-band"",20,0,16]",40.529988897099997,195.59999999999999
894,124498807154694,"[""hex-band"",20,0,17]",30.397491672800001,201.44999999999999
895,165200003510746,"[""hex-band"",20,0,18]",20.2649944486,207.30000000000001
896,134778155411117,"[""hex-band"",20,0,19]",10.1324972243,213.15000000000001
897,183511091236900,"[""hex-band"",20,1,0]",0,219
898,182969536101410,"[""hex-band"",20,1,1]",-10.1324972243,213.15000000000001
899,135207210702881,"[""hex-band"",20,1,2]",-20.2649944486,207.30000000000001
900,17248539010439,"[""hex-band"",20,1,3]",-30.397491672800001,201.44999999999999
901,247487177261427,"[""hex-band"",20,1,4]",-40.529988897099997,195.59999999999999
902,242161852914333,"[""hex-band"",20,1,5]",-50.662486121400001,189.75
903,141540426133935,"[""hex-band"",20,1,6]",-60.794983345699997,183.90000000000001
904,15539910590182,"[""hex-band"",20,1,7]",-70.927480569899998,178.05000000000001
905,91975628599030,"[""hex-band"",20,1,8]",-81.059977794199995,172.19999999999999
906,206284960028719,"[""hex-band"",20,1,9]",-91.192475018500005,166.34999999999999
907,38594704330969,"[""hex-band"",20,1,10]",-101.3249722428,160.5
908,138736060398613,"[""hex-band"",20,1,11]",-111.4574694671,154.65000000000001
909,238521628496254,"[""hex-band"",20,1,12]",-121.58996669130001,148.80000000000001
910,32797692385451,"[""hex-band"",20,1,13]",-131.7224639156,142.94999999999999
911,127642450899081,"[""hex-band"",20,1,14]",-141.85496113990001,137.09999999999999
912,166109877019545,"[""hex-band"",20,1,15]",-151.98745836419999,131.25
913,196809287291313,"[""hex-band"",20,1,16]",-162.11995558839999,125.40000000000001
914,91136179945142,"[""hex-band"",20,1,17]",-172.2524528127,119.55
915,209484340318058,"[""hex-band"",20,1,18]",-182.38495003700001,113.7
916,198074046534707,"[""hex-band"",20,1,19]",-192.51744726129999,107.84999999999999
917,108861095334091,"[""hex-band"",20,2,0]",-202.6499444856,102
918,64842504621441,"[""hex-band"",20,2,1]",-202.6499444856,90.299999999999997
919,270463792947196,"[""hex-band"",20,2,2]",-202.6499444856,78.599999999999994
920,144931711217426,"[""hex-band"",20,2,3]",-202.6499444856,66.900000000000006
921,59951971486069,"[""hex-band"",20,2,4]",-202.6499444856,55.200000000000003
922,62238401660579,"[""hex-band"",20,2,5]",-202.6499444856,43.5
923,137354355570470,"[""hex-band"",20,2,6]",-202.6499444856,31.800000000000001
924,258080345142873,"[""hex-band"",20,2,7]",-202.6499444856,20.100000000000001
925,280996709557243,"[""hex-band"",20,2,8]",-202.6499444856,8.4000000000000004
926,155326184263793,"[""hex-band"",20,2,9]",-202.6499444856,-3.2999999999999998
927,205441132478372,"[""hex-band"",20,2,10]",-202.6499444856,-15
928,137261995831320,"[""hex-band"",20,2,11]",-202.6499444856,-26.699999999999999
929,120737889994402,"[""hex-band"",20,2,12]",-202.6499444856,-38.399999999999999
930,245255481928935,"[""hex-band"",20,2,13]",-202.6499444856,-50.100000000000001
931,158325462151219,"[""hex-band"",20,2,14]",-202.6499444856,-61.799999999999997
932,94073131946719,"[""hex-band"",20,2,15]",-202.6499444856,-73.5
933,180961668085356,"[""hex-band"",20,2,16]",-202.6499444856,-85.200000000000003
934,68824890214784,"[""hex-band"",20,2,17]",-202.6499444856,-96.900000000000006
935,220458699795959,"[""hex-band"",20,2,18]",-202.6499444856,-108.59999999999999
936,111093555848288,"[""hex-band"",20,2,19]",-202.6499444856,-120.3
937,206468015216722,"[""hex-band"",20,3,0]",-202.6499444856,-132
938,162873804594374,"[""hex-band"",20,3,1]",-192.51744726129999,-137.84999999999999
939,35082516047053,"[""hex-band"",20,3,2]",-182.38495003700001,-143.69999999999999
940,171615578649896,"[""hex-band"",20,3,3]",-172.2524528127,-149.55000000000001
941,64309214485470,"[""hex-band"",20,3,4]",-162.11995558839999,-155.40000000000001
942,253897258127825,"[""hex-band"",20,3,5]",-151.98745836419999,-161.25
943,31171345190094,"[""hex-band"",20,3,6]",-141.85496113990001,-167.09999999999999
944,95461296811641,"[""hex-band"",20,3,7]",-131.7224639156,-172.94999999999999
945,109982746697169,"[""hex-band"",20,3,8]",-121.58996669130001,-178.80000000000001
946,224202931025020,"[""hex-band"",20,3,9]",-111.4574694671,-184.65000000000001
947,259255712566805,"[""hex-band"",20,3,10]",-101.3249722428,-190.5
948,60782394074624,"[""hex-band"",20,3,11]",-91.192475018500005,-196.34999999999999
949,244421259873662,"[""hex-band"",20,3,12]",-81.059977794199995,-202.19999999999999
950,47245786412427,"[""hex-band"",20,3,13]",-70.927480569899998,-208.05000000000001
951,139578936430878,"[""hex-band"",20,3,14]",-60.794983345699997,-213.90000000000001
952,138806388010371,"[""hex-band"",20,3,15]",-50.662486121400001,-219.75
953,100364776124025,"[""hex-band"",20,3,16]",-40.529988897099997,-225.59999999999999
954,98041948105246,"[""hex-band"",20,3,17]",-30.397491672800001,-231.44999999999999
955,180954067004717,"[""hex-band"",20,3,18]",-20.2649944486,-237.30000000000001
956,146783849210752,"[""hex-band"",20,3,19]",-10.1324972243,-243.15000000000001
957,266636968823920,"[""hex-band"",20,4,0]",0,-249
958,216523807404458,"[""hex-band"",20,4,1]",10.1324972243,-243.15000000000001
959,82965823938516,"[""hex-band"",20,4,2]",20.2649944486,-237.30000000000001
960,222502014376233,"[""hex-band"",20,4,3]",30.397491672800001,-231.44999999999999
961,163320202797556,"[""hex-band"",20,4,4]",40.529988897099997,-225.59999999999999
962,100484688345905,"[""hex-band"",20,4,5]",50.662486121400001,-219.75
963,129902903138784,"[""hex-band"",20,4,6]",60.794983345699997,-213.90000000000001
964,274113243426616,"[""hex-band"",20,4,7]",70.927480569899998,-208.05000000000001
965,103645213210371,"[""hex-band"",20,4,8]",81.059977794199995,-202.19999999999999
966,267248415728007,"[""hex-band"",20,4,9]",91.192475018500005,-196.34999999999999
967,236803027739952,"[""hex-band"",20,4,10]",101.3249722428,-190.5
968,201065809946193,"[""hex-band"",20,4,11]",111.4574694671,-184.65000000000001
969,60634957005444,"[""hex-band"",20,4,12]",121.58996669130001,-178.80000000000001
970,184177763225361,"[""hex-band"",20,4,13]",131.7224639156,-172.94999999999999
971,90541462158811,"[""hex-band"",20,4,14]",141.85496113990001,-167.09999999999999
972,246782371221094,"[""hex-band"",20,4,15]",151.98745836419999,-161.25
973,87287899014764,"[""hex-band"",20,4,16]",162.11995558839999,-155.40000000000001
974,228498540696886,"[""hex-band"",20,4,17]",172.2524528127,-149.55000000000001
975,78087319340677,"[""hex-band"",20,4,18]",182.38495003700001,-143.69999999999999
976,88170938893600,"[""hex-band"",20,4,19]",192.51744726129999,-137.84999999999999
977,278410094008584,"[""hex-band"",20,5,0]",202.6499444856,-132
978,94619287208399,"[""hex-band"",20,5,1]",202.6499444856,-120.3
979,234613053213651,"[""hex-band"",20,5,2]",202.6499444856,-108.59999999999999
980,247931158397978,"[""hex-band"",20,5,3]",202.6499444856,-96.900000000000006
981,165344392994961,"[""hex-band"",20,5,4]",202.6499444856,-85.200000000000003
982,185764993509957,"[""hex-band"",20,5,5]",202.6499444856,-73.5
983,233996228460382,"[""hex-band"",20,5,6]",202.6499444856,-61.799999999999997
984,128746035072428,"[""hex-band"",20,5,7]",202.6499444856,-50.100000000000001
985,179322777703759,"[""hex-band"",20,5,8]",202.6499444856,-38.399999999999999
986,252892821646728,"[""hex-band"",20,5,9]",202.6499444856,-26.699999999999999
987,7539965213599,"[""hex-band"",20,5,10]",202.6499444856,-15
988,267526342616421,"[""hex-band"",20,5,11]",202.6499444856,-3.2999999999999998
989,218888471985381,"[""hex-band"",20,5,12]",202.6499444856,8.4000000000000004
990,25960903107727,"[""hex-band"",20,5,13]",202.6499444856,20.100000000000001
991,244978692398262,"[""hex-band"",20,5,14]",202.6499444856,31.800000000000001
992,233209790624051,"[""hex-band"",20,5,15]",202.6499444856,43.5
993,13009778062566,"[""hex-band"",20,5,16]",202.6499444856,55.200000000000003
994,165621528030170,"[""hex-band"",20,5,17]",202.6499444856,66.900000000000006
995,14053171881029,"[""hex-band"",20,5,18]",202.6499444856,78.599999999999994
996,254780917261232,"[""hex-band"",20,5,19]",202.6499444856,90.299999999999997
997,105643758878958,"[""hex-band"",21,0,0]",212.7824417098,107.84999999999999
998,212716329672631,"[""hex-band"",21,0,1]",202.6499444856,113.7
999,171264852760934,"[""hex-band"",21,0,2]",192.51744726129999,119.55
1000,237121733937949,"[""hex-band"",21,0,3]",182.38495003700001,125.40000000000001
1001,182028481565491,"[""hex-band"",21,0,4]",172.2524528127,131.25
1002,75617359390061,"[""hex-band"",21,0,5]",162.11995558839999,137.09999999999999
1003,7989606217860,"[""hex-band"",21,0,6]",151.98745836419999,142.94999999999999
1004,223262520386703,"[""hex-band"",21,0,7]",141.85496113990001,148.80000000000001
1005,270933673075237,"[""hex-band"",21,0,8]",131.7224639156,154.65000000000001
1006,94517737693432,"[""hex-band"",21,0,9]",121.58996669130001,160.5
1007,59613728263041,"[""hex-band"",21,0,10]",111.4574694671,166.34999999999999
1008,250301945263408,"[""hex-band"",21,0,11]",101.3249722428,172.19999999999999
1009,2760911191837,"[""hex-band"",21,0,12]",91.192475018500005,178.05000000000001
1010,233279035851103,"[""hex-band"",21,0,13]",81.059977794199995,183.90000000000001
1011,269349549320385,"[""hex-band"",21,0,14]",70.927480569899998,189.75
1012,219222269516147,"[""hex-band"",21,0,15]",60.794983345699997,195.59999999999999
1013,77967859884130,"[""hex-band"",21,0,16]",50.662486121400001,201.44999999999999
1014,222295528424872,"[""hex-band"",21,0,17]",40.529988897099997,207.30000000000001
1015,16718074673160,"[""hex-band"",21,0,18]",30.397491672800001,213.15000000000001
1016,43214027070549,"[""hex-band"",21,0,19]",20.2649944486,219
1017,106972374228859,"[""hex-band"",21,0,20]",10.1324972243,224.84999999999999
1018,240183583350354,"[""hex-band"",21,1,0]",0,230.69999999999999
1019,11577087536865,"[""hex-band"",21,1,1]",-10.1324972243,224.84999999999999
1020,11663067426674,"[""hex-band"",21,1,2]",-20.2649944486,219
1021,6726831214695,"[""hex-band"",21,1,3]",-30.397491672800001,213.15000000000001
1022,281300900341306,"[""hex-band"",21,1,4]",-40.529988897099997,207.30000000000001
1023,46456229095399,"[""hex-band"",21,1,5]",-50.662486121400001,201.44999999999999
1024,243042786613657,"[""hex-band"",21,1,6]",-60.794983345699997,195.59999999999999
1025,4760693406489,"[""hex-band"",21,1,7]",-70.927480569899998,189.75
1026,42881970719435,"[""hex-band"",21,1,8]",-81.059977794199995,183.90000000000001
1027,245713570993531,"[""hex-band"",21,1,9]",-91.192475018500005,178.05000000000001
1028,27241067989236,"[""hex-band"",21,1,10]",-101.3249722428,172.19999999999999
1029,221603411080905,"[""hex-band"",21,1,11]",-111.4574694671,166.34999999999999
1030,139448662041155,"[""hex-band"",21,1,12]",-121.58996669130001,160.5
1031,123038187067318,"[""hex-band"",21,1,13]",-131.7224639156,154.65000000000001
1032,51671842675726,"[""hex-band"",21,1,14]",-141.85496113990001,148.80000000000001
1033,250916459060668,"[""hex-band"",21,1,15]",-151.98745836419999,142.94999999999999
1034,75622904410613,"[""hex-band"",21,1,16]",-162.11995558839999,137.09999999999999
1035,86844867059459,"[""hex-band"",21,1,17]",-172.2524528127,131.25
1036,6548954796629,"[""hex-band"",21,1,18]",-182.38495003700001,125.40000000000001
1037,61095635164882,"[""hex-band"",21,1,19]",-192.51744726129999,119.55
1038,104574480998749,"[""hex-band"",21,1,20]",-202.6499444856,113.7
1039,273954640292721,"[""hex-band"",21,2,0]",-212.7824417098,107.84999999999999
1040,224836791861298,"[""hex-band"",21,2,1]",-212.7824417098,96.150000000000006
1041,78398118508199,"[""hex-band"",21,2,2]",-212.7824417098,84.450000000000003
1042,102288170850487,"[""hex-band"",21,2,3]",-212.7824417098,72.75
1043,243687362670159,"[""hex-band"",21,2,4]",-212.7824417098,61.049999999999997
1044,168041574076937,"[""hex-band"",21,2,5]",-212.7824417098,49.350000000000001
1045,245042229162781,"[""hex-band"",21,2,6]",-212.7824417098,37.649999999999999
1046,24158052495237,"[""hex-band"",21,2,7]",-212.7824417098,25.949999999999999
1047,90508799595817,"[""hex-band"",21,2,8]",-212.7824417098,14.25
1048,173725521258656,"[""hex-band"",21,2,9]",-212.7824417098,2.5499999999999998
1049,143718597086561,"[""hex-band"",21,2,10]",-212.7824417098,-9.1500000000000004
1050,217166878014401,"[""hex-band"",21,2,11]",-212.7824417098,-20.850000000000001
1051,278206821124101,"[""hex-band"",21,2,12]",-212.7824417098,-32.549999999999997
1052,222883286203872,"[""hex-band"",21,2,13]",-212.7824417098,-44.25
1053,120421120337179,"[""hex-band"",21,2,14]",-212.7824417098,-55.950000000000003
1054,203646292122952,"[""hex-band"",21,2,15]",-212.7824417098,-67.650000000000006
1055,238575999355041,"[""hex-band"",21,2,16]",-212.7824417098,-79.349999999999994
1056,149833437418530,"[""hex-band"",21,2,17]",-212.7824417098,-91.049999999999997
1057,270544167218991,"[""hex-band"",21,2,18]",-212.7824417098,-102.75
1058,162347655202909,"[""hex-band"",21,2,19]",-212.7824417098,-114.45
1059,50478428029470,"[""hex-band"",21,2,20]",-212.7824417098,-126.15000000000001
1060,5516986325876,"[""hex-band"",21,3,0]",-212.7824417098,-137.84999999999999
1061,166440283313624,"[""hex-band"",21,3,1]",-202.6499444856,-143.69999999999999
1062,224188893731913,"[""hex-band"",21,3,2]",-192.51744726129999,-149.55000000000001
1063,232165891354971,"[""hex-band"",21,3,3]",-182.38495003700001,-155.40000000000001
1064,150241107032086,"[""hex-band"",21,3,4]",-172.2524528127,-161.25
1065,76217910118881,"[""hex-band"",21,3,5]",-162.11995558839999,-167.09999999999999
1066,54745554149436,"[""hex-band"",21,3,6]",-151.98745836419999,-172.94999999999999
1067,76721836039582,"[""hex-band"",21,3,7]",-141.85496113990001,-178.80000000000001
1068,8501836491072,"[""hex-band"",21,3,8]",-131.7224639156,-184.65000000000001
1069,170038187024975,"[""hex-band"",21,3,9]",-121.58996669130001,-190.5
1070,64819658207831,"[""hex-band"",21,3,10]",-111.4574694671,-196.34999999999999
1071,269886327639639,"[""hex-band"",21,3,11]",-101.3249722428,-202.19999999999999
1072,89780158475035,"[""hex-band"",21,3,12]",-91.192475018500005,-208.05000000000001
1073,171682995559755,"[""hex-band"",21,3,13]",-81.059977794199995,-213.90000000000001
1074,244427763916421,"[""hex-band"",21,3,14]",-70.927480569899998,-219.75
1075,71816820809815,"[""hex-band"",21,3,15]",-60.794983345699997,-225.59999999999999
1076,213295443474083,"[""hex-band"",21,3,16]",-50.662486121400001,-231.44999999999999
1077,56980726388782,"[""hex-band"",21,3,17]",-40.529988897099997,-237.30000000000001
1078,188931606694124,"[""hex-band"",21,3,18]",-30.397491672800001,-243.15000000000001
1079,243365930169195,"[""hex-band"",21,3,19]",-20.2649944486,-249
1080,13902916222524,"[""hex-band"",21,3,20]",-10.1324972243,-254.84999999999999
1081,151415356849378,"[""hex-band"",21,4,0]",0,-260.69999999999999
1082,202895452876794,"[""hex-band"",21,4,1]",10.1324972243,-254.84999999999999
1083,89603096861415,"[""hex-band"",21,4,2]",20.2649944486,-249
1084,280348031882715,"[""hex-band"",21,4,3]",30.397491672800001,-243.15000000000001
1085,251207196972414,"[""hex-band"",21,4,4]",40.529988897099997,-237.30000000000001
1086,277269446793208,"[""hex-band"",21,4,5]",50.662486121400001,-231.44999999999999
1087,208347194102835,"[""hex-band"",21,4,6]",60.794983345699997,-225.59999999999999
1088,170478842404935,"[""hex-band"",21,4,7]",70.927480569899998,-219.75
1089,277654033181189,"[""hex-band"",21,4,8]",81.059977794199995,-213.90000000000001
1090,151105788889205,"[""hex-band"",21,4,9]",91.192475018500005,-208.05000000000001
1091,113700626299600,"[""hex-band"",21,4,10]",101.3249722428,-202.19999999999999
1092,266164204216602,"[""hex-band"",21,4,11]",111.4574694671,-196.34999999999999
1093,4149877291014,"[""hex-band"",21,4,12]",121.58996669130001,-190.5
1094,121067924849837,"[""hex-band"",21,4,13]",131.7224639156,-184.65000000000001
1095,106157915962941,"[""hex-band"",21,4,14]",141.85496113990001,-178.80000000000001
1096,273868852092119,"[""hex-band"",21,4,15]",151.98745836419999,-172.94999999999999
1097,68620991423110,"[""hex-band"",21,4,16]",162.11995558839999,-167.09999999999999
1098,155477095646389,"[""hex-band"",21,4,17]",172.2524528127,-161.25
1099,46143604032063,"[""hex-band"",21,4,18]",182.38495003700001,-155.40000000000001
1100,95934671105308,"[""hex-band"",21,4,19]",192.51744726129999,-149.55000000000001
1101,235976069357623,"[""hex-band"",21,4,20]",202.6499444856,-143.69999999999999
1102,30254958803598,"[""hex-band"",21,5,0]",212.7824417098,-137.84999999999999
1103,176803769576075,"[""hex-band"",21,5,1]",212.7824417098,-126.15000000000001
1104,136946145397055,"[""hex-band"",21,5,2]",212.7824417098,-114.45
1105,190227748326632,"[""hex-band"",21,5,3]",212.7824417098,-102.75
1106,11540620783220,"[""hex-band"",21,5,4]",212.7824417098,-91.049999999999997
1107,43832022389604,"[""hex-band"",21,5,5]",212.7824417098,-79.349999999999994
1108,40124985027946,"[""hex-band"",21,5,6]",212.7824417098,-67.650000000000006
1109,270670368653582,"[""hex-band"",21,5,7]",212.7824417098,-55.950000000000003
1110,86451798629808,"[""hex-band"",21,5,8]",212.7824417098,-44.25
1111,142236850832927,"[""hex-band"",21,5,9]",212.7824417098,-32.549999999999997
1112,268290553525843,"[""hex-band"",21,5,10]",212.7824417098,-20.850000000000001
1113,201996725548975,"[""hex-band"",21,5,11]",212.7824417098,-9.1500000000000004
1114,34653238745817,"[""hex-band"",21,5,12]",212.7824417098,2.5499999999999998
1115,105079558834865,"[""hex-band"",21,5,13]",212.7824417098,14.25
1116,153698244821938,"[""hex-band"",21,5,14]",212.7824417098,25.949999999999999
1117,30322905919994,"[""hex-band"",21,5,15]",212.7824417098,37.649999999999999
1118,101823108497127,"[""hex-band"",21,5,16]",212.7824417098,49.350000000000001
1119,147652304860173,"[""hex-band"",21,5,17]",212.7824417098,61.049999999999997
1120,237728728146025,"[""hex-band"",21,5,18]",212.7824417098,72.75
1121,117104392096005,"[""hex-band"",21,5,19]",212.7824417098,84.450000000000003
1122,161791183304527,"[""hex-band"",21,5,20]",212.7824417098,96.150000000000006
1123,28246470719870,"[""hex-band"",22,0,0]",222.91493893410001,113.7
1124,150185488004108,"[""hex-band"",22,0,1]",212.7824417098,119.55
1125,134265115931390,"[""hex-band"",22,0,2]",202.6499444856,125.40000000000001
1126,197480526380000,"[""hex-band"",22,0,3]",192.51744726129999,131.25
1127,136279550767831,"[""hex-band"",22,0,4]",182.38495003700001,137.09999999999999
1128,187591907365686,"[""hex-band"",22,0,5]",172.2524528127,142.94999999999999
1129,52027745357535,"[""hex-band"",22,0,6]",162.11995558839999,148.80000000000001
1130,261827934107923,"[""hex-band"",22,0,7]",151.98745836419999,154.65000000000001
1131,50946922371652,"[""hex-band"",22,0,8]",141.85496113990001,160.5
1132,145330773283410,"[""hex-band"",22,0,9]",131.7224639156,166.34999999999999
1133,176467833574609,"[""hex-band"",22,0,10]",121.58996669130001,172.19999999999999
1134,175156867383575,"[""hex-band"",22,0,11]",111.4574694671,178.05000000000001
1135,22252952520195,"[""hex-band"",22,0,12]",101.3249722428,183.90000000000001
1136,254311302957203,"[""hex-band"",22,0,13]",91.192475018500005,189.75
1137,229527220918889,"[""hex-band"",22,0,14]",81.059977794199995,195.59999999999999
1138,269414184012029,"[""hex-band"",22,0,15]",70.927480569899998,201.44999999999999
1139,169970187945525,"[""hex-band"",22,0,16]",60.794983345699997,207.30000000000001
1140,243913741729813,"[""hex-band"",22,0,17]",50.662486121400001,213.15000000000001
1141,74214150859082,"[""hex-band"",22,0,18]",40.529988897099997,219
1142,94784367847316,"[""hex-band"",22,0,19]",30.397491672800001,224.84999999999999
1143,92180747796954,"[""hex-band"",22,0,20]",20.2649944486,230.69999999999999
1144,71499239221639,"[""hex-band"",22,0,21]",10.1324972243,236.55000000000001
1145,227579879474835,"[""hex-band"",22,1,0]",0,242.40000000000001
1146,238271803744332,"[""hex-band"",22,1,1]",-10.1324972243,236.55000000000001
1147,155684768108162,"[""hex-band"",22,1,2]",-20.2649944486,230.69999999999999
1148,112174585764919,"[""hex-band"",22,1,3]",-30.397491672800001,224.84999999999999
1149,235279059758821,"[""hex-band"",22,1,4]",-40.529988897099997,219
1150,118361598853093,"[""hex-band"",22,1,5]",-50.662486121400001,213.15000000000001
1151,133086181980558,"[""hex-band"",22,1,6]",-60.794983345699997,207.30000000000001
1152,265621506495343,"[""hex-band"",22,1,7]",-70.927480569899998,201.44999999999999
1153,159881622206317,"[""hex-band"",22,1,8]",-81.059977794199995,195.59999999999999
1154,24200683303454,"[""hex-band"",22,1,9]",-91.192475018500005,189.75
1155,128246175335430,"[""hex-band"",22,1,10]",-101.3249722428,183.90000000000001
1156,213461743731537,"[""hex-band"",22,1,11]",-111.4574694671,178.05000000000001
1157,251222801056836,"[""hex-band"",22,1,12]",-121.58996669130001,172.19999999999999
1158,280496309013242,"[""hex-band"",22,1,13]",-131.7224639156,166.34999999999999
1159,223616098473617,"[""hex-band"",22,1,14]",-141.85496113990001,160.5
1160,13476336002808,"[""hex-band"",22,1,15]",-151.98745836419999,154.65000000000001
1161,87486277096704,"[""hex-band"",22,1,16]",-162.11995558839999,148.80000000000001
1162,256715972834720,"[""hex-band"",22,1,17]",-172.2524528127,142.94999999999999
1163,157265095594675,"[""hex-band"",22,1,18]",-182.38495003700001,137.09999999999999
1164,259521304854535,"[""hex-band"",22,1,19]",-192.51744726129999,131.25
1165,118221052444267,"[""hex-band"",22,1,20]",-202.6499444856,125.40000000000001
1166,216870219361967,"[""hex-band"",22,1,21]",-212.7824417098,119.55
1167,272501427690920,"[""hex-band"",22,2,0]",-222.91493893410001,113.7
1168,189204465909013,"[""hex-band"",22,2,1]",-222.91493893410001,102
1169,138123732283324,"[""hex-band"",22,2,2]",-222.91493893410001,90.299999999999997
1170,231529892336700,"[""hex-band"",22,2,3]",-222.91493893410001,78.599999999999994
1171,191265870946383,"[""hex-band"",22,2,4]",-222.91493893410001,66.900000000000006
1172,34226768907453,"[""hex-band"",22,2,5]",-222.91493893410001,55.200000000000003
1173,14716214331565,"[""hex-band"",22,2,6]",-222.91493893410001,43.5
1174,199905555029206,"[""hex-band"",22,2,7]",-222.91493893410001,31.800000000000001
1175,267833273852900,"[""hex-band"",22,2,8]",-222.91493893410001,20.100000000000001
1176,12953821727561,"[""hex-band"",22,2,9]",-222.91493893410001,8.4000000000000004
1177,214464926443909,"[""hex-band"",22,2,10]",-222.91493893410001,-3.2999999999999998
1178,26804226569212,"[""hex-band"",22,2,11]",-222.91493893410001,-15
1179,11583135016214,"[""hex-band"",22,2,12]",-222.91493893410001,-26.699999999999999
1180,52263518784689,"[""hex-band"",22,2,13]",-222.91493893410001,-38.399999999999999
1181,138583819473548,"[""hex-band"",22,2,14]",-222.91493893410001,-50.100000000000001
1182,168482534522082,"[""hex-band"",22,2,15]",-222.91493893410001,-61.799999999999997
1183,261059928134129,"[""hex-band"",22,2,16]",-222.91493893410001,-73.5
1184,145336782228889,"[""hex-band"",22,2,17]",-222.91493893410001,-85.200000000000003
1185,263748360679435,"[""hex-band"",22,2,18]",-222.91493893410001,-96.900000000000006
1186,136419160251,"[""hex-band"",22,2,19]",-222.91493893410001,-108.59999999999999
1187,95439309929415,"[""hex-band"",22,2,20]",-222.91493893410001,-120.3
1188,59779532382070,"[""hex-band"",22,2,21]",-222.91493893410001,-132
1189,10722893687689,"[""hex-band"",22,3,0]",-222.91493893410001,-143.69999999999999
1190,146932399206598,"[""hex-band"",22,3,1]",-212.7824417098,-149.55000000000001
1191,33949280691139,"[""hex-band"",22,3,2]",-202.6499444856,-155.40000000000001
1192,24499006386064,"[""hex-band"",22,3,3]",-192.51744726129999,-161.25
1193,74440152445630,"[""hex-band"",22,3,4]",-182.38495003700001,-167.09999999999999
1194,66103631956823,"[""hex-band"",22,3,5]",-172.2524528127,-172.94999999999999
1195,126938746119286,"[""hex-band"",22,3,6]",-162.11995558839999,-178.80000000000001
1196,169867994425399,"[""hex-band"",22,3,7]",-151.98745836419999,-184.65000000000001
1197,34579459580395,"[""hex-band"",22,3,8]",-141.85496113990001,-190.5
1198,26171669870259,"[""hex-band"",22,3,9]",-131.7224639156,-196.34999999999999
1199,112122157976771,"[""hex-band"",22,3,10]",-121.58996669130001,-202.19999999999999
1200,97720532484477,"[""hex-band"",22,3,11]",-111.4574694671,-208.05000000000001
1201,41152915043064,"[""hex-band"",22,3,12]",-101.3249722428,-213.90000000000001
1202,119786141546402,"[""hex-band"",22,3,13]",-91.192475018500005,-219.75
1203,80645975313432,"[""hex-band"",22,3,14]",-81.059977794199995,-225.59999999999999
1204,207811187125789,"[""hex-band"",22,3,15]",-70.927480569899998,-231.44999999999999
1205,253260963483804,"[""hex-band"",22,3,16]",-60.794983345699997,-237.30000000000001
1206,30776468851692,"[""hex-band"",22,3,17]",-50.662486121400001,-243.15000000000001
1207,27798162696184,"[""hex-band"",22,3,18]",-40.529988897099997,-249
1208,236807230110247,"[""hex-band"",22,3,19]",-30.397491672800001,-254.84999999999999
1209,10003346314693,"[""hex-band"",22,3,20]",-20.2649944486,-260.69999999999999
1210,101820820224885,"[""hex-band"",22,3,21]",-10.1324972243,-266.55000000000001
1211,152184802772585,"[""hex-band"",22,4,0]",0,-272.39999999999998
1212,25081652887395,"[""hex-band"",22,4,1]",10.1324972243,-266.55000000000001
1213,73459430894111,"[""hex-band"",22,4,2]",20.2649944486,-260.69999999999999
1214,172163015902702,"[""hex-band"",22,4,3]",30.397491672800001,-254.84999999999999
1215,97084509119070,"[""hex-band"",22,4,4]",40.529988897099997,-249
1216,127023136664249,"[""hex-band"",22,4,5]",50.662486121400001,-243.15000000000001
1217,116699584741331,"[""hex-band"",22,4,6]",60.794983345699997,-237.30000000000001
1218,175656079852089,"[""hex-band"",22,4,7]",70.927480569899998,-231.44999999999999
1219,217876055075115,"[""hex-band"",22,4,8]",81.059977794199995,-225.59999999999999
1220,50038071989792,"[""hex-band"",22,4,9]",91.192475018500005,-219.75
1221,5780580862997,"[""hex-band"",22,4,10]",101.3249722428,-213.90000000000001
1222,274128396043439,"[""hex-band"",22,4,11]",111.4574694671,-208.05000000000001
1223,55013109994436,"[""hex-band"",22,4,12]",121.58996669130001,-202.19999999999999
1224,109166654912224,"[""hex-band"",22,4,13]",131.7224639156,-196.34999999999999
1225,16610130143722,"[""hex-band"",22,4,14]",141.85496113990001,-190.5
1226,53031884293756,"[""hex-band"",22,4,15]",151.98745836419999,-184.65000000000001
1227,199068279870452,"[""hex-band"",22,4,16]",162.11995558839999,-178.80000000000001
1228,195939993604643,"[""hex-band"",22,4,17]",172.2524528127,-172.94999999999999
1229,234376681007876,"[""hex-band"",22,4,18]",182.38495003700001,-167.09999999999999
1230,70450046170057,"[""hex-band"",22,4,19]",192.51744726129999,-161.25
1231,228044349795114,"[""hex-band"",22,4,20]",202.6499444856,-155.40000000000001
1232,15708273481529,"[""hex-band"",22,4,21]",212.7824417098,-149.55000000000001
1233,125051696612637,"[""hex-band"",22,5,0]",222.91493893410001,-143.69999999999999
1234,68687695537473,"[""hex-band"",22,5,1]",222.91493893410001,-132
1235,235706523588336,"[""hex-band"",22,5,2]",222.91493893410001,-120.3
1236,277099631355104,"[""hex-band"",22,5,3]",222.91493893410001,-108.59999999999999
1237,193179417199651,"[""hex-band"",22,5,4]",222.91493893410001,-96.900000000000006
1238,53738520098516,"[""hex-band"",22,5,5]",222.91493893410001,-85.200000000000003
1239,114258653831695,"[""hex-band"",22,5,6]",222.91493893410001,-73.5
1240,121358499121250,"[""hex-band"",22,5,7]",222.91493893410001,-61.799999999999997
1241,177468441997985,"[""hex-band"",22,5,8]",222.91493893410001,-50.100000000000001
1242,4766614859226,"[""hex-band"",22,5,9]",222.91493893410001,-38.399999999999999
1243,268808352709690,"[""hex-band"",22,5,10]",222.91493893410001,-26.699999999999999
1244,149915994569958,"[""hex-band"",22,5,11]",222.91493893410001,-15
1245,71954801884407,"[""hex-band"",22,5,12]",222.91493893410001,-3.2999999999999998
1246,99308429788021,"[""hex-band"",22,5,13]",222.91493893410001,8.4000000000000004
1247,11346667071366,"[""hex-band"",22,5,14]",222.91493893410001,20.100000000000001
1248,97017370076780,"[""hex-band"",22,5,15]",222.91493893410001,31.800000000000001
1249,59924412817791,"[""hex-band"",22,5,16]",222.91493893410001,43.5
1250,27711304612364,"[""hex-band"",22,5,17]",222.91493893410001,55.200000000000003
1251,271706532651185,"[""hex-band"",22,5,18]",222.91493893410001,66.900000000000006
1252,124407256526061,"[""hex-band"",22,5,19]",222.91493893410001,78.599999999999994
1253,153424986566818,"[""hex-band"",22,5,20]",222.91493893410001,90.299999999999997
1254,89989110350937,"[""hex-band"",22,5,21]",222.91493893410001,102
1255,118599271939391,"[""hex-band"",23,0,0]",233.04743615839999,119.55
1256,268783165320978,"[""hex-band"",23,0,1]",222.91493893410001,125.40000000000001
1257,168980307653382,"[""hex-band"",23,0,2]",212.7824417098,131.25
1258,266511480466319,"[""hex-band"",23,0,3]",202.6499444856,137.09999999999999
1259,232563835672268,"[""hex-band"",23,0,4]",192.51744726129999,142.94999999999999
1260,177301619834975,"[""hex-band"",23,0,5]",182.38495003700001,148.80000000000001
1261,37486006735003,"[""hex-band"",23,0,6]",172.2524528127,154.65000000000001
1262,42183769528154,"[""hex-band"",23,0,7]",162.11995558839999,160.5
1263,231031716435705,"[""hex-band"",23,0,8]",151.98745836419999,166.34999999999999
1264,224095180057315,"[""hex-band"",23,0,9]",141.85496113990001,172.19999999999999
1265,264109035979176,"[""hex-band"",23,0,10]",131.7224639156,178.05000000000001
1266,188434055233588,"[""hex-band"",23,0,11]",121.58996669130001,183.90000000000001
1267,25579623933349,"[""hex-band"",23,0,12]",111.4574694671,189.75
1268,248937193806662,"[""hex-band"",23,0,13]",101.3249722428,195.59999999999999
1269,7383208935728,"[""hex-band"",23,0,14]",91.192475018500005,201.44999999999999
1270,194961005069540,"[""hex-band"",23,0,15]",81.059977794199995,207.30000000000001
1271,215509588834103,"[""hex-band"",23,0,16]",70.927480569899998,213.15000000000001
1272,230132140370208,"[""hex-band"",23,0,17]",60.794983345699997,219
1273,158587006313389,"[""hex-band"",23,0,18]",50.662486121400001,224.84999999999999
1274,259191295357841,"[""hex-band"",23,0,19]",40.529988897099997,230.69999999999999
1275,82267255908054,"[""hex-band"",23,0,20]",30.397491672800001,236.55000000000001
1276,111072382721645,"[""hex-band"",23,0,21]",20.2649944486,242.40000000000001
1277,45752886239859,"[""hex-band"",23,0,22]",10.1324972243,248.25
1278,112899684642102,"[""hex-band"",23,1,0]",0,254.09999999999999
1279,128382900382124,"[""hex-band"",23,1,1]",-10.1324972243,248.25
1280,276462685632805,"[""hex-band"",23,1,2]",-20.2649944486,242.40000000000001
1281,131155583804355,"[""hex-band"",23,1,3]",-30.397491672800001,236.55000000000001
1282,273558575082632,"[""hex-band"",23,1,4]",-40.529988897099997,230.69999999999999
1283,256204477107235,"[""hex-band"",23,1,5]",-50.662486121400001,224.84999999999999
1284,249985470292157,"[""hex-band"",23,1,6]",-60.794983345699997,219
1285,253315014366642,"[""hex-band"",23,1,7]",-70.927480569899998,213.15000000000001
1286,76111651460615,"[""hex-band"",23,1,8]",-81.059977794199995,207.30000000000001
1287,4140977534363,"[""hex-band"",23,1,9]",-91.192475018500005,201.44999999999999
1288,46361336225396,"[""hex-band"",23,1,10]",-101.3249722428,195.59999999999999
1289,87764435467615,"[""hex-band"",23,1,11]",-111.4574694671,189.75
1290,193360714842029,"[""hex-band"",23,1,12]",-121.58996669130001,183.90000000000001
1291,230996329469860,"[""hex-band"",23,1,13]",-131.7224639156,178.05000000000001
1292,133212276763754,"[""hex-band"",23,1,14]",-141.85496113990001,172.19999999999999
1293,109305558196861,"[""hex-band"",23,1,15]",-151.98745836419999,166.34999999999999
1294,22332585992267,"[""hex-band"",23,1,16]",-162.11995558839999,160.5
1295,183311362760187,"[""hex-band"",23,1,17]",-172.2524528127,154.65000000000001
1296,250625020263203,"[""hex-band"",23,1,18]",-182.38495003700001,148.80000000000001
1297,146583895115032,"[""hex-band"",23,1,19]",-192.51744726129999,142.94999999999999
1298,121339301604239,"[""hex-band"",23,1,20]",-202.6499444856,137.09999999999999
1299,237983013821506,"[""hex-band"",23,1,21]",-212.7824417098,131.25
1300,265064132501183,"[""hex-band"",23,1,22]",-222.91493893410001,125.40000000000001
1301,274138754531581,"[""hex-band"",23,2,0]",-233.04743615839999,119.55
1302,9065645696076,"[""hex-band"",23,2,1]",-233.04743615839999,107.84999999999999
1303,29711552772731,"[""hex-band"",23,2,2]",-233.04743615839999,96.150000000000006
1304,249426431618655,"[""hex-band"",23,2,3]",-233.04743615839999,84.450000000000003
1305,224766159371264,"[""hex-band"",23,2,4]",-233.04743615839999,72.75
1306,138995338028327,"[""hex-band"",23,2,5]",-233.04743615839999,61.049999999999997
1307,233026253464303,"[""hex-band"",23,2,6]",-233.04743615839999,49.350000000000001
1308,85408458503465,"[""hex-band"",23,2,7]",-233.04743615839999,37.649999999999999
1309,206747722068618,"[""hex-band"",23,2,8]",-233.04743615839999,25.949999999999999
1310,83637385416613,"[""hex-band"",23,2,9]",-233.04743615839999,14.25
1311,177013154327932,"[""hex-band"",23,2,10]",-233.04743615839999,2.5499999999999998
1312,51326349559309,"[""hex-band"",23,2,11]",-233.04743615839999,-9.1500000000000004
1313,279230323684236,"[""hex-band"",23,2,12]",-233.04743615839999,-20.850000000000001
1314,67304931716002,"[""hex-band"",23,2,13]",-233.04743615839999,-32.549999999999997
1315,280627299319361,"[""hex-band"",23,2,14]",-233.04743615839999,-44.25
1316,34160759737058,"[""hex-band"",23,2,15]",-233.04743615839999,-55.950000000000003
1317,39051330189460,"[""hex-band"",23,2,16]",-233.04743615839999,-67.650000000000006
1318,116239172996958,"[""hex-band"",23,2,17]",-233.04743615839999,-79.349999999999994
1319,39138170815050,"[""hex-band"",23,2,18]",-233.04743615839999,-91.049999999999997
1320,84236937925912,"[""hex-band"",23,2,19]",-233.04743615839999,-102.75
1321,127404767244149,"[""hex-band"",23,2,20]",-233.04743615839999,-114.45
1322,19509038711309,"[""hex-band"",23,2,21]",-233.04743615839999,-126.15000000000001
1323,265862922982375,"[""hex-band"",23,2,22]",-233.04743615839999,-137.84999999999999
1324,46554181100056,"[""hex-band"",23,3,0]",-233.04743615839999,-149.55000000000001
1325,277391005185233,"[""hex-band"",23,3,1]",-222.91493893410001,-155.40000000000001
1326,179819427875446,"[""hex-band"",23,3,2]",-212.7824417098,-161.25
1327,265180679318874,"[""hex-band"",23,3,3]",-202.6499444856,-167.09999999999999
1328,153986183259225,"[""hex-band"",23,3,4]",-192.51744726129999,-172.94999999999999
1329,139881258932438,"[""hex-band"",23,3,5]",-182.38495003700001,-178.80000000000001
1330,226554668498708,"[""hex-band"",23,3,6]",-172.2524528127,-184.65000000000001
1331,226890440276579,"[""hex-band"",23,3,7]",-162.11995558839999,-190.5
1332,207332462988835,"[""hex-band"",23,3,8]",-151.98745836419999,-196.34999999999999
1333,16966067668075,"[""hex-band"",23,3,9]",-141.85496113990001,-202.19999999999999
1334,133421324540405,"[""hex-band"",23,3,10]",-131.7224639156,-208.05000000000001
1335,269405050170743,"[""hex-band"",23,3,11]",-121.58996669130001,-213.90000000000001
1336,135501601636402,"[""hex-band"",23,3,12]",-111.4574694671,-219.75
1337,143708717683216,"[""hex-band"",23,3,13]",-101.3249722428,-225.59999999999999
1338,276301318258017,"[""hex-band"",23,3,14]",-91.192475018500005,-231.44999999999999
1339,278159489885406,"[""hex-band"",23,3,15]",-81.059977794199995,-237.30000000000001
1340,53989474606148,"[""hex-band"",23,3,16]",-70.927480569899998,-243.15000000000001
1341,114636136160469,"[""hex-band"",23,3,17]",-60.794983345699997,-249
1342,86690777084137,"[""hex-band"",23,3,18]",-50.662486121400001,-254.84999999999999
1343,51985728655046,"[""hex-band"",23,3,19]",-40.529988897099997,-260.69999999999999
1344,19394748746439,"[""hex-band"",23,3,20]",-30.397491672800001,-266.55000000000001
1345,187726430626004,"[""hex-band"",23,3,21]",-20.2649944486,-272.39999999999998
1346,63526714446228,"[""hex-band"",23,3,22]",-10.1324972243,-278.25
1347,88524936367575,"[""hex-band"",23,4,0]",0,-284.10000000000002
1348,153000904615869,"[""hex-band"",23,4,1]",10.1324972243,-278.25
1349,167012899084377,"[""hex-band"",23,4,2]",20.2649944486,-272.39999999999998
1350,10533213677304,"[""hex-band"",23,4,3]",30.397491672800001,-266.55000000000001
1351,12423493068545,"[""hex-band"",23,4,4]",40.529988897099997,-260.69999999999999
1352,216227434811902,"[""hex-band"",23,4,5]",50.662486121400001,-254.84999999999999
1353,251299560995248,"[""hex-band"",23,4,6]",60.794983345699997,-249
1354,21538150496865,"[""hex-band"",23,4,7]",70.927480569899998,-243.15000000000001
1355,54381112661367,"[""hex-band"",23,4,8]",81.059977794199995,-237.30000000000001
1356,229064544636260,"[""hex-band"",23,4,9]",91.192475018500005,-231.44999999999999
1357,41489878386552,"[""hex-band"",23,4,10]",101.3249722428,-225.59999999999999
1358,234664808125132,"[""hex-band"",23,4,11]",111.4574694671,-219.75
1359,126689212286031,"[""hex-band"",23,4,12]",121.58996669130001,-213.90000000000001
1360,257105928114446,"[""hex-band"",23,4,13]",131.7224639156,-208.05000000000001
1361,58256624184449,"[""hex-band"",23,4,14]",141.85496113990001,-202.19999999999999
1362,52929755726327,"[""hex-band"",23,4,15]",151.98745836419999,-196.34999999999999
1363,9188096506570,"[""hex-band"",23,4,16]",162.11995558839999,-190.5
1364,101924975843300,"[""hex-band"",23,4,17]",172.2524528127,-184.65000000000001
1365,129907854953130,"[""hex-band"",23,4,18]",182.38495003700001,-178.80000000000001
1366,22285268802582,"[""hex-band"",23,4,19]",192.51744726129999,-172.94999999999999
1367,107818371970000,"[""hex-band"",23,4,20]",202.6499444856,-167.09999999999999
1368,248426487472204,"[""hex-band"",23,4,21]",212.7824417098,-161.25
1369,30987767263584,"[""hex-band"",23,4,22]",222.91493893410001,-155.40000000000001
1370,147500769273532,"[""hex-band"",23,5,0]",233.04743615839999,-149.55000000000001
1371,280592301369717,"[""hex-band"",23,5,1]",233.04743615839999,-137.84999999999999
1372,80466547462850,"[""hex-band"",23,5,2]",233.04743615839999,-126.15000000000001
1373,97344841831933,"[""hex-band"",23,5,3]",233.04743615839999,-114.45
1374,217584817343177,"[""hex-band"",23,5,4]",233.04743615839999,-102.75
1375,161830928690327,"[""hex-band"",23,5,5]",233.04743615839999,-91.049999999999997
1376,202441289795564,"[""hex-band"",23,5,6]",233.04743615839999,-79.349999999999994
1377,73513850389600,"[""hex-band"",23,5,7]",233.04743615839999,-67.650000000000006
1378,86438018383018,"[""hex-band"",23,5,8]",233.04743615839999,-55.950000000000003
1379,192236925546750,"[""hex-band"",23,5,9]",233.04743615839999,-44.25
1380,184107500815205,"[""hex-band"",23,5,10]",233.04743615839999,-32.549999999999997
1381,152963314934028,"[""hex-band"",23,5,11]",233.04743615839999,-20.850000000000001
1382,271401254999718,"[""hex-band"",23,5,12]",233.04743615839999,-9.1500000000000004
1383,170322366263436,"[""hex-band"",23,5,13]",233.04743615839999,2.5499999999999998
1384,250871765613623,"[""hex-band"",23,5,14]",233.04743615839999,14.25
1385,43376064129518,"[""hex-band"",23,5,15]",233.04743615839999,25.949999999999999
1386,116691444590029,"[""hex-band"",23,5,16]",233.04743615839999,37.649999999999999
1387,73794612603753,"[""hex-band"",23,5,17]",233.04743615839999,49.350000000000001
1388,34377423615616,"[""hex-band"",23,5,18]",233.04743615839999,61.049999999999997
1389,4278412918137,"[""hex-band"",23,5,19]",233.04743615839999,72.75
1390,100810415228201,"[""hex-band"",23,5,20]",233.04743615839999,84.450000000000003
1391,247926037506377,"[""hex-band"",23,5,21]",233.04743615839999,96.150000000000006
1392,71225400240847,"[""hex-band"",23,5,22]",233.04743615839999,107.84999999999999
1393,97090280383764,"[""hex-band"",24,0,0]",243.1799333827,125.40000000000001
1394,200438117846825,"[""hex-band"",24,0,1]",233.04743615839999,131.25
1395,123037105778435,"[""hex-band"",24,0,2]",222.91493893410001,137.09999999999999
1396,142390357419209,"[""hex-band"",24,0,3]",212.7824417098,142.94999999999999
1397,198552060791325,"[""hex-band"",24,0,4]",202.6499444856,148.80000000000001
1398,23475638210232,"[""hex-band"",24,0,5]",192.51744726129999,154.65000000000001
1399,269395381620292,"[""hex-band"",24,0,6]",182.38495003700001,160.5
1400,210730564605181,"[""hex-band"",24,0,7]",172.2524528127,166.34999999999999
1401,56853635209108,"[""hex-band"",24,0,8]",162.11995558839999,172.19999999999999
1402,20368984768061,"[""hex-band"",24,0,9]",151.98745836419999,178.05000000000001
1403,126510792487271,"[""hex-band"",24,0,10]",141.85496113990001,183.90000000000001
1404,120337858941185,"[""hex-band"",24,0,11]",131.7224639156,189.75
1405,112554372074396,"[""hex-band"",24,0,12]",121.58996669130001,195.59999999999999
1406,65260675545939,"[""hex-band"",24,0,13]",111.4574694671,201.44999999999999
1407,1573834027771,"[""hex-band"",24,0,14]",101.3249722428,207.30000000000001
1408,192746703039360,"[""hex-band"",24,0,15]",91.192475018500005,213.15000000000001
1409,186256929797364,"[""hex-band"",24,0,16]",81.059977794199995,219
1410,207997393523613,"[""hex-band"",24,0,17]",70.927480569899998,224.84999999999999
1411,189919191152605,"[""hex-band"",24,0,18]",60.794983345699997,230.69999999999999
1412,152154921633622,"[""hex-band"",24,0,19]",50.662486121400001,236.55000000000001
1413,161092183288952,"[""hex-band"",24,0,20]",40.529988897099997,242.40000000000001
1414,220726193492568,"[""hex-band"",24,0,21]",30.397491672800001,248.25
1415,102895006164590,"[""hex-band"",24,0,22]",20.2649944486,254.09999999999999
1416,125480157784277,"[""hex-band"",24,0,23]",10.1324972243,259.94999999999999
1417,105558677352863,"[""hex-band"",24,1,0]",0,265.80000000000001
1418,13655631617678,"[""hex-band"",24,1,1]",-10.1324972243,259.94999999999999
1419,70002181689833,"[""hex-band"",24,1,2]",-20.2649944486,254.09999999999999
1420,98956813059260,"[""hex-band"",24,1,3]",-30.397491672800001,248.25
1421,48421796925293,"[""hex-band"",24,1,4]",-40.529988897099997,242.40000000000001
1422,249800087733256,"[""hex-band"",24,1,5]",-50.662486121400001,236.55000000000001
1423,10029436317785,"[""hex-band"",24,1,6]",-60.794983345699997,230.69999999999999
1424,174367321112521,"[""hex-band"",24,1,7]",-70.927480569899998,224.84999999999999
1425,242739265537622,"[""hex-band"",24,1,8]",-81.059977794199995,219
1426,64637257548233,"[""hex-band"",24,1,9]",-91.192475018500005,213.15000000000001
1427,251621247511788,"[""hex-band"",24,1,10]",-101.3249722428,207.30000000000001
1428,259901070235962,"[""hex-band"",24,1,11]",-111.4574694671,201.44999999999999
1429,232063434000926,"[""hex-band"",24,1,12]",-121.58996669130001,195.59999999999999
1430,66498581826239,"[""hex-band"",24,1,13]",-131.7224639156,189.75
1431,12243329799866,"[""hex-band"",24,1,14]",-141.85496113990001,183.90000000000001
1432,146297134490478,"[""hex-band"",24,1,15]",-151.98745836419999,178.05000000000001
1433,212372959593179,"[""hex-band"",24,1,16]",-162.11995558839999,172.19999999999999
1434,83178544987009,"[""hex-band"",24,1,17]",-172.2524528127,166.34999999999999
1435,125165929430889,"[""hex-band"",24,1,18]",-182.38495003700001,160.5
1436,45315672000506,"[""hex-band"",24,1,19]",-192.51744726129999,154.65000000000001
1437,114350719226802,"[""hex-band"",24,1,20]",-202.6499444856,148.80000000000001
1438,190610968700884,"[""hex-band"",24,1,21]",-212.7824417098,142.94999999999999
1439,90340475738029,"[""hex-band"",24,1,22]",-222.91493893410001,137.09999999999999
1440,106452925942634,"[""hex-band"",24,1,23]",-233.04743615839999,131.25
1441,92546690286265,"[""hex-band"",24,2,0]",-243.1799333827,125.40000000000001
1442,163380725776199,"[""hex-band"",24,2,1]",-243.1799333827,113.7
1443,223595699098302,"[""hex-band"",24,2,2]",-243.1799333827,102
1444,101200600477146,"[""hex-band"",24,2,3]",-243.1799333827,90.299999999999997
1445,72975044859958,"[""hex-band"",24,2,4]",-243.1799333827,78.599999999999994
1446,208215753450175,"[""hex-band"",24,2,5]",-243.1799333827,66.900000000000006
1447,49226777822768,"[""hex-band"",24,2,6]",-243.1799333827,55.200000000000003
1448,238836533607642,"[""hex-band"",24,2,7]",-243.1799333827,43.5
1449,252539119647889,"[""hex-band"",24,2,8]",-243.1799333827,31.800000000000001
1450,219391786068594,"[""hex-band"",24,2,9]",-243.1799333827,20.100000000000001
1451,275628158807447,"[""hex-band"",24,2,10]",-243.1799333827,8.4000000000000004
1452,17718602320111,"[""hex-band"",24,2,11]",-243.1799333827,-3.2999999999999998
1453,95920037026437,"[""hex-band"",24,2,12]",-243.1799333827,-15
1454,28519716225786,"[""hex-band"",24,2,13]",-243.1799333827,-26.699999999999999
1455,161363416450650,"[""hex-band"",24,2,14]",-243.1799333827,-38.399999999999999
1456,261743977465356,"[""hex-band"",24,2,15]",-243.1799333827,-50.100000000000001
1457,159013982469882,"[""hex-band"",24,2,16]",-243.1799333827,-61.799999999999997
1458,155167541757734,"[""hex-band"",24,2,17]",-243.1799333827,-73.5
1459,237365846467170,"[""hex-band"",24,2,18]",-243.1799333827,-85.200000000000003
1460,271574780561386,"[""hex-band"",24,2,19]",-243.1799333827,-96.900000000000006
1461,75416033342255,"[""hex-band"",24,2,20]",-243.1799333827,-108.59999999999999
1462,271781361911755,"[""hex-band"",24,2,21]",-243.1799333827,-120.3
1463,223147235706990,"[""hex-band"",24,2,22]",-243.1799333827,-132
1464,127249624738645,"[""hex-band"",24,2,23]",-243.1799333827,-143.69999999999999
1465,194692991550470,"[""hex-band"",24,3,0]",-243.1799333827,-155.40000000000001
1466,72027208790167,"[""hex-band"",24,3,1]",-233.04743615839999,-161.25
1467,56300573088644,"[""hex-band"",24,3,2]",-222.91493893410001,-167.09999999999999
1468,81386290237949,"[""hex-band"",24,3,3]",-212.7824417098,-172.94999999999999
1469,141827699576195,"[""hex-band"",24,3,4]",-202.6499444856,-178.80000000000001
1470,244915621068159,"[""hex-band"",24,3,5]",-192.51744726129999,-184.65000000000001
1471,59828257760768,"[""hex-band"",24,3,6]",-182.38495003700001,-190.5
1472,202305882826554,"[""hex-band"",24,3,7]",-172.2524528127,-196.34999999999999
1473,14948925957626,"[""hex-band"",24,3,8]",-162.11995558839999,-202.19999999999999
1474,86953393370391,"[""hex-band"",24,3,9]",-151.98745836419999,-208.05000000000001
1475,200409141060028,"[""hex-band"",24,3,10]",-141.85496113990001,-213.90000000000001
1476,133498694006121,"[""hex-band"",24,3,11]",-131.7224639156,-219.75
1477,90091199443384,"[""hex-band"",24,3,12]",-121.58996669130001,-225.59999999999999
1478,269530556940333,"[""hex-band"",24,3,13]",-111.4574694671,-231.44999999999999
1479,6138630284650,"[""hex-band"",24,3,14]",-101.3249722428,-237.30000000000001
1480,172587573972156,"[""hex-band"",24,3,15]",-91.192475018500005,-243.15000000000001
1481,222311473898665,"[""hex-band"",24,3,16]",-81.059977794199995,-249
1482,160720116887051,"[""hex-band"",24,3,17]",-70.927480569899998,-254.84999999999999
1483,35962962270686,"[""hex-band"",24,3,18]",-60.794983345699997,-260.69999999999999
1484,20631829799493,"[""hex-band"",24,3,19]",-50.662486121400001,-266.55000000000001
1485,170483892164126,"[""hex-band"",24,3,20]",-40.529988897099997,-272.39999999999998
1486,125470544092325,"[""hex-band"",24,3,21]",-30.397491672800001,-278.25
1487,231674932006943,"[""hex-band"",24,3,22]",-20.2649944486,-284.10000000000002
1488,181988078167103,"[""hex-band"",24,3,23]",-10.1324972243,-289.94999999999999
1489,53324010093489,"[""hex-band"",24,4,0]",0,-295.80000000000001
1490,135844409320002,"[""hex-band"",24,4,1]",10.1324972243,-289.94999999999999
1491,97424308305814,"[""hex-band"",24,4,2]",20.2649944486,-284.10000000000002
1492,225815594018163,"[""hex-band"",24,4,3]",30.397491672800001,-278.25
1493,247215295005923,"[""hex-band"",24,4,4]",40.529988897099997,-272.39999999999998
1494,43191319040342,"[""hex-band"",24,4,5]",50.662486121400001,-266.55000000000001
1495,224638452556093,"[""hex-band"",24,4,6]",60.794983345699997,-260.69999999999999
1496,206219896721031,"[""hex-band"",24,4,7]",70.927480569899998,-254.84999999999999
1497,113977292991352,"[""hex-band"",24,4,8]",81.059977794199995,-249
1498,15307743301410,"[""hex-band"",24,4,9]",91.192475018500005,-243.15000000000001
1499,238856307279215,"[""hex-band"",24,4,10]",101.3249722428,-237.30000000000001
1500,224552457157827,"[""hex-band"",24,4,11]",111.4574694671,-231.44999999999999
1501,208150509645738,"[""hex-band"",24,4,12]",121.58996669130001,-225.59999999999999
1502,233021552402697,"[""hex-band"",24,4,13]",131.7224639156,-219.75
1503,43327434888943,"[""hex-band"",24,4,14]",141.85496113990001,-213.90000000000001
1504,59915456332425,"[""hex-band"",24,4,15]",151.98745836419999,-208.05000000000001
1505,165975849282057,"[""hex-band"",24,4,16]",162.11995558839999,-202.19999999999999
1506,89979378979070,"[""hex-band"",24,4,17]",172.2524528127,-196.34999999999999
1507,209759308314073,"[""hex-band"",24,4,18]",182.38495003700001,-190.5
1508,120717964991398,"[""hex-band"",24,4,19]",192.51744726129999,-184.65000000000001
1509,185222384298912,"[""hex-band"",24,4,20]",202.6499444856,-178.80000000000001
1510,163640290260457,"[""hex-band"",24,4,21]",212.7824417098,-172.94999999999999
1511,141930279214213,"[""hex-band"",24,4,22]",222.91493893410001,-167.09999999999999
1512,95583315750838,"[""hex-band"",24,4,23]",233.04743615839999,-161.25
1513,27470497177783,"[""hex-band"",24,5,0]",243.1799333827,-155.40000000000001
1514,63534525413447,"[""hex-band"",24,5,1]",243.1799333827,-143.69999999999999
1515,145047197785205,"[""hex-band"",24,5,2]",243.1799333827,-132
1516,44576673923680,"[""hex-band"",24,5,3]",243.1799333827,-120.3
1517,78258052202827,"[""hex-band"",24,5,4]",243.1799333827,-108.59999999999999
1518,266118324125583,"[""hex-band"",24,5,5]",243.1799333827,-96.900000000000006
1519,221857530734223,"[""hex-band"",24,5,6]",243.1799333827,-85.200000000000003
1520,240265108908019,"[""hex-band"",24,5,7]",243.1799333827,-73.5
1521,27118273139711,"[""hex-band"",24,5,8]",243.1799333827,-61.799999999999997
1522,96775361641291,"[""hex-band"",24,5,9]",243.1799333827,-50.100000000000001
1523,218675801947885,"[""hex-band"",24,5,10]",243.1799333827,-38.399999999999999
1524,171289819547550,"[""hex-band"",24,5,11]",243.1799333827,-26.699999999999999
1525,250310996392181,"[""hex-band"",24,5,12]",243.1799333827,-15
1526,134427986415621,"[""hex-band"",24,5,13]",243.1799333827,-3.2999999999999998
1527,79010216337554,"[""hex-band"",24,5,14]",243.1799333827,8.4000000000000004
1528,182027169235011,"[""hex-band"",24,5,15]",243.1799333827,20.100000000000001
1529,77559840111831,"[""hex-band"",24,5,16]",243.1799333827,31.800000000000001
1530,189144616472591,"[""hex-band"",24,5,17]",243.1799333827,43.5
1531,195292819269623,"[""hex-band"",24,5,18]",243.1799333827,55.200000000000003
1532,200231264833194,"[""hex-band"",24,5,19]",243.1799333827,66.900000000000006
1533,112301328457565,"[""hex-band"",24,5,20]",243.1799333827,78.599999999999994
1534,120361932561566,"[""hex-band"",24,5,21]",243.1799333827,90.299999999999997
1535,141941026065987,"[""hex-band"",24,5,22]",243.1799333827,102
1536,188469067555357,"[""hex-band"",24,5,23]",243.1799333827,113.7
1537,265350312447465,"[""hex-band"",25,0,0]",253.31243060689999,131.25
1538,236314552606490,"[""hex-band"",25,0,1]",243.1799333827,137.09999999999999
1539,229355149045002,"[""hex-band"",25,0,2]",233.04743615839999,142.94999999999999
1540,68127357133369,"[""hex-band"",25,0,3]",222.91493893410001,148.80000000000001
1541,43374987373111,"[""hex-band"",25,0,4]",212.7824417098,154.65000000000001
1542,82955995728197,"[""hex-band"",25,0,5]",202.6499444856,160.5
1543,188781992156566,"[""hex-band"",25,0,6]",192.51744726129999,166.34999999999999
1544,7856425765976,"[""hex-band"",25,0,7]",182.38495003700001,172.19999999999999
1545,125393412620044,"[""hex-band"",25,0,8]",172.2524528127,178.05000000000001
1546,62555287211715,"[""hex-band"",25,0,9]",162.11995558839999,183.90000000000001
1547,83342837108471,"[""hex-band"",25,0,10]",151.98745836419999,189.75
1548,154490478800798,"[""hex-band"",25,0,11]",141.85496113990001,195.59999999999999
1549,174567285536798,"[""hex-band"",25,0,12]",131.7224639156,201.44999999999999
1550,122875080629137,"[""hex-band"",25,0,13]",121.58996669130001,207.30000000000001
1551,11624415148264,"[""hex-band"",25,0,14]",111.4574694671,213.15000000000001
1552,202709942476518,"[""hex-band"",25,0,15]",101.3249722428,219
1553,257138780596248,"[""hex-band"",25,0,16]",91.192475018500005,224.84999999999999
1554,76034695465907,"[""hex-band"",25,0,17]",81.059977794199995,230.69999999999999
1555,250275508756278,"[""hex-band"",25,0,18]",70.927480569899998,236.55000000000001
1556,102179641636374,"[""hex-band"",25,0,19]",60.794983345699997,242.40000000000001
1557,198475614439618,"[""hex-band"",25,0,20]",50.662486121400001,248.25
1558,10229838212552,"[""hex-band"",25,0,21]",40.529988897099997,254.09999999999999
1559,89024198100373,"[""hex-band"",25,0,22]",30.397491672800001,259.94999999999999
1560,45878380820286,"[""hex-band"",25,0,23]",20.2649944486,265.80000000000001
1561,83251797502063,"[""hex-band"",25,0,24]",10.1324972243,271.64999999999998
1562,112310148787021,"[""hex-band"",25,1,0]",0,277.5
1563,89146777350423,"[""hex-band"",25,1,1]",-10.1324972243,271.64999999999998
1564,274048475263916,"[""hex-band"",25,1,2]",-20.2649944486,265.80000000000001
1565,227852860053478,"[""hex-band"",25,1,3]",-30.397491672800001,259.94999999999999
1566,147760594039404,"[""hex-band"",25,1,4]",-40.529988897099997,254.09999999999999
1567,120876258134047,"[""hex-band"",25,1,5]",-50.662486121400001,248.25
1568,192615171548876,"[""hex-band"",25,1,6]",-60.794983345699997,242.40000000000001
1569,57924545985765,"[""hex-band"",25,1,7]",-70.927480569899998,236.55000000000001
1570,166360673041764,"[""hex-band"",25,1,8]",-81.059977794199995,230.69999999999999
1571,253620628463717,"[""hex-band"",25,1,9]",-91.192475018500005,224.84999999999999
1572,139342339988474,"[""hex-band"",25,1,10]",-101.3249722428,219
1573,86643304147101,"[""hex-band"",25,1,11]",-111.4574694671,213.15000000000001
1574,77667908549784,"[""hex-band"",25,1,12]",-121.58996669130001,207.30000000000001
1575,3294113662111,"[""hex-band"",25,1,13]",-131.7224639156,201.44999999999999
1576,21483816956941,"[""hex-band"",25,1,14]",-141.85496113990001,195.59999999999999
1577,124093249570699,"[""hex-band"",25,1,15]",-151.98745836419999,189.75
1578,245974850002732,"[""hex-band"",25,1,16]",-162.11995558839999,183.90000000000001
1579,73819127864362,"[""hex-band"",25,1,17]",-172.2524528127,178.05000000000001
1580,32011782053260,"[""hex-band"",25,1,18]",-182.38495003700001,172.19999999999999
1581,268727885068588,"[""hex-band"",25,1,19]",-192.51744726129999,166.34999999999999
1582,169772417772480,"[""hex-band"",25,1,20]",-202.6499444856,160.5
1583,119066861415204,"[""hex-band"",25,1,21]",-212.7824417098,154.65000000000001
1584,200644892253010,"[""hex-band"",25,1,22]",-222.91493893410001,148.80000000000001
1585,192478587752777,"[""hex-band"",25,1,23]",-233.04743615839999,142.94999999999999
1586,73765945969677,"[""hex-band"",25,1,24]",-243.1799333827,137.09999999999999
1587,145547607898210,"[""hex-band"",25,2,0]",-253.31243060689999,131.25
1588,222751877726648,"[""hex-band"",25,2,1]",-253.31243060689999,119.55
1589,40591730877760,"[""hex-band"",25,2,2]",-253.31243060689999,107.84999999999999
1590,53198516294695,"[""hex-band"",25,2,3]",-253.31243060689999,96.150000000000006
1591,151940228765196,"[""hex-band"",25,2,4]",-253.31243060689999,84.450000000000003
1592,108377054935727,"[""hex-band"",25,2,5]",-253.31243060689999,72.75
1593,202106114666163,"[""hex-band"",25,2,6]",-253.31243060689999,61.049999999999997
1594,191124601432387,"[""hex-band"",25,2,7]",-253.31243060689999,49.350000000000001
1595,93452722466732,"[""hex-band"",25,2,8]",-253.31243060689999,37.649999999999999
1596,166461462010690,"[""hex-band"",25,2,9]",-253.31243060689999,25.949999999999999
1597,269200962066230,"[""hex-band"",25,2,10]",-253.31243060689999,14.25
1598,265159746094054,"[""hex-band"",25,2,11]",-253.31243060689999,2.5499999999999998
1599,55032297342989,"[""hex-band"",25,2,12]",-253.31243060689999,-9.1500000000000004
1600,220797193093647,"[""hex-band"",25,2,13]",-253.31243060689999,-20.850000000000001
1601,83124206203585,"[""hex-band"",25,2,14]",-253.31243060689999,-32.549999999999997
1602,274944259394161,"[""hex-band"",25,2,15]",-253.31243060689999,-44.25
1603,52736104517027,"[""hex-band"",25,2,16]",-253.31243060689999,-55.950000000000003
1604,57083064952705,"[""hex-band"",25,2,17]",-253.31243060689999,-67.650000000000006
1605,90516333661247,"[""hex-band"",25,2,18]",-253.31243060689999,-79.349999999999994
1606,60304865644622,"[""hex-band"",25,2,19]",-253.31243060689999,-91.049999999999997
1607,116107762474750,"[""hex-band"",25,2,20]",-253.31243060689999,-102.75
1608,12033030484263,"[""hex-band"",25,2,21]",-253.31243060689999,-114.45
1609,112268298487712,"[""hex-band"",25,2,22]",-253.31243060689999,-126.15000000000001
1610,3706530700216,"[""hex-band"",25,2,23]",-253.31243060689999,-137.84999999999999
1611,159970817350520,"[""hex-band"",25,2,24]",-253.31243060689999,-149.55000000000001
1612,249843654131678,"[""hex-band"",25,3,0]",-253.31243060689999,-161.25
1613,135217216649062,"[""hex-band"",25,3,1]",-243.1799333827,-167.09999999999999
1614,223619346316585,"[""hex-band"",25,3,2]",-233.04743615839999,-172.94999999999999
1615,82208137994064,"[""hex-band"",25,3,3]",-222.91493893410001,-178.80000000000001
1616,21724856705078,"[""hex-band"",25,3,4]",-212.7824417098,-184.65000000000001
1617,53362838971988,"[""hex-band"",25,3,5]",-202.6499444856,-190.5
1618,76915408344054,"[""hex-band"",25,3,6]",-192.51744726129999,-196.34999999999999
1619,266274375547809,"[""hex-band"",25,3,7]",-182.38495003700001,-202.19999999999999
1620,142677309571541,"[""hex-band"",25,3,8]",-172.2524528127,-208.05000000000001
1621,226881399980685,"[""hex-band"",25,3,9]",-162.11995558839999,-213.90000000000001
1622,68647664900918,"[""hex-band"",25,3,10]",-151.98745836419999,-219.75
1623,10966644342566,"[""hex-band"",25,3,11]",-141.85496113990001,-225.59999999999999
1624,162099205700673,"[""hex-band"",25,3,12]",-131.7224639156,-231.44999999999999
1625,186246373742623,"[""hex-band"",25,3,13]",-121.58996669130001,-237.30000000000001
1626,128065501470667,"[""hex-band"",25,3,14]",-111.4574694671,-243.15000000000001
1627,241041660102477,"[""hex-band"",25,3,15]",-101.3249722428,-249
1628,74543491678322,"[""hex-band"",25,3,16]",-91.192475018500005,-254.84999999999999
1629,255557765460423,"[""hex-band"",25,3,17]",-81.059977794199995,-260.69999999999999
1630,265924525949247,"[""hex-band"",25,3,18]",-70.927480569899998,-266.55000000000001
1631,113725916132447,"[""hex-band"",25,3,19]",-60.794983345699997,-272.39999999999998
1632,246226686948855,"[""hex-band"",25,3,20]",-50.662486121400001,-278.25
1633,148750877836776,"[""hex-band"",25,3,21]",-40.529988897099997,-284.10000000000002
1634,187545383002851,"[""hex-band"",25,3,22]",-30.397491672800001,-289.94999999999999
1635,195589594956408,"[""hex-band"",25,3,23]",-20.2649944486,-295.80000000000001
1636,925542601973,"[""hex-band"",25,3,24]",-10.1324972243,-301.64999999999998
1637,187027846113432,"[""hex-band"",25,4,0]",0,-307.5
1638,212095859948858,"[""hex-band"",25,4,1]",10.1324972243,-301.64999999999998
1639,58105232687254,"[""hex-band"",25,4,2]",20.2649944486,-295.80000000000001
1640,23240051740359,"[""hex-band"",25,4,3]",30.397491672800001,-289.94999999999999
1641,129212705050137,"[""hex-band"",25,4,4]",40.529988897099997,-284.10000000000002
1642,166375425257403,"[""hex-band"",25,4,5]",50.662486121400001,-278.25
1643,224174271221720,"[""hex-band"",25,4,6]",60.794983345699997,-272.39999999999998
1644,189434866659715,"[""hex-band"",25,4,7]",70.927480569899998,-266.55000000000001
1645,181754241830437,"[""hex-band"",25,4,8]",81.059977794199995,-260.69999999999999
1646,255057069210012,"[""hex-band"",25,4,9]",91.192475018500005,-254.84999999999999
1647,5162932515086,"[""hex-band"",25,4,10]",101.3249722428,-249
1648,29601134700682,"[""hex-band"",25,4,11]",111.4574694671,-243.15000000000001
1649,202096196403192,"[""hex-band"",25,4,12]",121.58996669130001,-237.30000000000001
1650,147931235782738,"[""hex-band"",25,4,13]",131.7224639156,-231.44999999999999
1651,210133429004438,"[""hex-band"",25,4,14]",141.85496113990001,-225.59999999999999
1652,10366313658884,"[""hex-band"",25,4,15]",151.98745836419999,-219.75
1653,243499259585707,"[""hex-band"",25,4,16]",162.11995558839999,-213.90000000000001
1654,159287326425373,"[""hex-band"",25,4,17]",172.2524528127,-208.05000000000001
1655,159392778931570,"[""hex-band"",25,4,18]",182.38495003700001,-202.19999999999999
1656,68503198233091,"[""hex-band"",25,4,19]",192.51744726129999,-196.34999999999999
1657,93028944142399,"[""hex-band"",25,4,20]",202.6499444856,-190.5
1658,175309435030512,"[""hex-band"",25,4,21]",212.7824417098,-184.65000000000001
1659,246866763303716,"[""hex-band"",25,4,22]",222.91493893410001,-178.80000000000001
1660,111747995596724,"[""hex-band"",25,4,23]",233.04743615839999,-172.94999999999999
1661,142395397444727,"[""hex-band"",25,4,24]",243.1799333827,-167.09999999999999
1662,139885478143578,"[""hex-band"",25,5,0]",253.31243060689999,-161.25
1663,273614877498855,"[""hex-band"",25,5,1]",253.31243060689999,-149.55000000000001
1664,123413093432353,"[""hex-band"",25,5,2]",253.31243060689999,-137.84999999999999
1665,44074579671627,"[""hex-band"",25,5,3]",253.31243060689999,-126.15000000000001
1666,131142209267464,"[""hex-band"",25,5,4]",253.31243060689999,-114.45
1667,79234216303162,"[""hex-band"",25,5,5]",253.31243060689999,-102.75
1668,151243713755743,"[""hex-band"",25,5,6]",253.31243060689999,-91.049999999999997
1669,195717970487846,"[""hex-band"",25,5,7]",253.31243060689999,-79.349999999999994
1670,37220689307127,"[""hex-band"",25,5,8]",253.31243060689999,-67.650000000000006
1671,40796707813041,"[""hex-band"",25,5,9]",253.31243060689999,-55.950000000000003
1672,153338808794591,"[""hex-band"",25,5,10]",253.31243060689999,-44.25
1673,227827010187262,"[""hex-band"",25,5,11]",253.31243060689999,-32.549999999999997
1674,136690269579314,"[""hex-band"",25,5,12]",253.31243060689999,-20.850000000000001
1675,190375276150571,"[""hex-band"",25,5,13]",253.31243060689999,-9.1500000000000004
1676,141103568156314,"[""hex-band"",25,5,14]",253.31243060689999,2.5499999999999998
1677,256269079708071,"[""hex-band"",25,5,15]",253.31243060689999,14.25
1678,198774638261062,"[""hex-band"",25,5,16]",253.31243060689999,25.949999999999999
1679,186186020030265,"[""hex-band"",25,5,17]",253.31243060689999,37.649999999999999
1680,177482755311453,"[""hex-band"",25,5,18]",253.31243060689999,49.350000000000001
1681,1223502749451,"[""hex-band"",25,5,19]",253.31243060689999,61.049999999999997
1682,76232755797615,"[""hex-band"",25,5,20]",253.31243060689999,72.75
1683,38665373827509,"[""hex-band"",25,5,21]",253.31243060689999,84.450000000000003
1684,53899667432020,"[""hex-band"",25,5,22]",253.31243060689999,96.150000000000006
1685,73915109661128,"[""hex-band"",25,5,23]",253.31243060689999,107.84999999999999
1686,137665981173745,"[""hex-band"",25,5,24]",253.31243060689999,119.55
1687,152051574420899,"[""hex-band"",26,0,0]",263.4449278312,137.09999999999999
1688,51865206062296,"[""hex-band"",26,0,1]",253.31243060689999,142.94999999999999
1689,160085021682821,"[""hex-band"",26,0,2]",243.1799333827,148.80000000000001
1690,153060808078214,"[""hex-band"",26,0,3]",233.04743615839999,154.65000000000001
1691,40151378940769,"[""hex-band"",26,0,4]",222.91493893410001,160.5
1692,176470050402701,"[""hex-band"",26,0,5]",212.7824417098,166.34999999999999
1693,278006982648481,"[""hex-band"",26,0,6]",202.6499444856,172.19999999999999
1694,75989382027062,"[""hex-band"",26,0,7]",192.51744726129999,178.05000000000001
1695,45289761453467,"[""hex-band"",26,0,8]",182.38495003700001,183.90000000000001
1696,37015292494938,"[""hex-band"",26,0,9]",172.2524528127,189.75
1697,173618701980111,"[""hex-band"",26,0,10]",162.11995558839999,195.59999999999999
1698,58835570429075,"[""hex-band"",26,0,11]",151.98745836419999,201.44999999999999
1699,235402872295811,"[""hex-band"",26,0,12]",141.85496113990001,207.30000000000001
1700,273070829473329,"[""hex-band"",26,0,13]",131.7224639156,213.15000000000001
1701,216815965639004,"[""hex-band"",26,0,14]",121.58996669130001,219
1702,8601830814698,"[""hex-band"",26,0,15]",111.4574694671,224.84999999999999
1703,155916704886020,"[""hex-band"",26,0,16]",101.3249722428,230.69999999999999
1704,33052469850587,"[""hex-band"",26,0,17]",91.192475018500005,236.55000000000001
1705,24189377237167,"[""hex-band"",26,0,18]",81.059977794199995,242.40000000000001
1706,55110312960382,"[""hex-band"",26,0,19]",70.927480569899998,248.25
1707,23768620455991,"[""hex-band"",26,0,20]",60.794983345699997,254.09999999999999
1708,108302542529501,"[""hex-band"",26,0,21]",50.662486121400001,259.94999999999999
1709,106322006762113,"[""hex-band"",26,0,22]",40.529988897099997,265.80000000000001
1710,266800422202893,"[""hex-band"",26,0,23]",30.397491672800001,271.64999999999998
1711,128135226568606,"[""hex-band"",26,0,24]",20.2649944486,277.5
1712,105776716183786,"[""hex-band"",26,0,25]",10.1324972243,283.35000000000002
1713,59606249507082,"[""hex-band"",26,1,0]",0,289.19999999999999
1714,126090607060637,"[""hex-band"",26,1,1]",-10.1324972243,283.35000000000002
1715,175981511860601,"[""hex-band"",26,1,2]",-20.2649944486,277.5
1716,135406292564914,"[""hex-band"",26,1,3]",-30.397491672800001,271.64999999999998
1717,32175787342391,"[""hex-band"",26,1,4]",-40.529988897099997,265.80000000000001
1718,150525091986754,"[""hex-band"",26,1,5]",-50.662486121400001,259.94999999999999
1719,39845287016865,"[""hex-band"",26,1,6]",-60.794983345699997,254.09999999999999
1720,151158266407435,"[""hex-band"",26,1,7]",-70.927480569899998,248.25
1721,62794741272618,"[""hex-band"",26,1,8]",-81.059977794199995,242.40000000000001
1722,13470354069314,"[""hex-band"",26,1,9]",-91.192475018500005,236.55000000000001
1723,194008110801994,"[""hex-band"",26,1,10]",-101.3249722428,230.69999999999999
1724,192436185215976,"[""hex-band"",26,1,11]",-111.4574694671,224.84999999999999
1725,207820090795540,"[""hex-band"",26,1,12]",-121.58996669130001,219
1726,220754637072361,"[""hex-band"",26,1,13]",-131.7224639156,213.15000000000001
1727,249662204280713,"[""hex-band"",26,1,14]",-141.85496113990001,207.30000000000001
1728,275784949661797,"[""hex-band"",26,1,15]",-151.98745836419999,201.44999999999999
1729,198027685669264,"[""hex-band"",26,1,16]",-162.11995558839999,195.59999999999999
1730,269657857930179,"[""hex-band"",26,1,17]",-172.2524528127,189.75
1731,180599754730702,"[""hex-band"",26,1,18]",-182.38495003700001,183.90000000000001
1732,278622880201570,"[""hex-band"",26,1,19]",-192.51744726129999,178.05000000000001
1733,102667307885597,"[""hex-band"",26,1,20]",-202.6499444856,172.19999999999999
1734,207826069023972,"[""hex-band"",26,1,21]",-212.7824417098,166.34999999999999
1735,142281807444487,"[""hex-band"",26,1,22]",-222.91493893410001,160.5
1736,30884554275414,"[""hex-band"",26,1,23]",-233.04743615839999,154.65000000000001
1737,132812823782933,"[""hex-band"",26,1,24]",-243.1799333827,148.80000000000001
1738,215646144377841,"[""hex-band"",26,1,25]",-253.31243060689999,142.94999999999999
1739,232760403416770,"[""hex-band"",26,2,0]",-263.4449278312,137.09999999999999
1740,72741209987324,"[""hex-band"",26,2,1]",-263.4449278312,125.40000000000001
1741,3571281614340,"[""hex-band"",26,2,2]",-263.4449278312,113.7
1742,11752712561286,"[""hex-band"",26,2,3]",-263.4449278312,102
1743,279500639477354,"[""hex-band"",26,2,4]",-263.4449278312,90.299999999999997
1744,88913656494160,"[""hex-band"",26,2,5]",-263.4449278312,78.599999999999994
1745,87628117043449,"[""hex-band"",26,2,6]",-263.4449278312,66.900000000000006
1746,202828620189806,"[""hex-band"",26,2,7]",-263.4449278312,55.200000000000003
1747,234244701236052,"[""hex-band"",26,2,8]",-263.4449278312,43.5
1748,176540686274561,"[""hex-band"",26,2,9]",-263.4449278312,31.800000000000001
1749,62220547825348,"[""hex-band"",26,2,10]",-263.4449278312,20.100000000000001
1750,22948335389524,"[""hex-band"",26,2,11]",-263.4449278312,8.4000000000000004
1751,267322684789344,"[""hex-band"",26,2,12]",-263.4449278312,-3.2999999999999998
1752,260146150524438,"[""hex-band"",26,2,13]",-263.4449278312,-15
1753,241181674171408,"[""hex-band"",26,2,14]",-263.4449278312,-26.699999999999999
1754,203190548177263,"[""hex-band"",26,2,15]",-263.4449278312,-38.399999999999999
1755,238875168659286,"[""hex-band"",26,2,16]",-263.4449278312,-50.100000000000001
1756,153514361886361,"[""hex-band"",26,2,17]",-263.4449278312,-61.799999999999997
1757,261367166101719,"[""hex-band"",26,2,18]",-263.4449278312,-73.5
1758,196454183873217,"[""hex-band"",26,2,19]",-263.4449278312,-85.200000000000003
1759,85124081106954,"[""hex-band"",26,2,20]",-263.4449278312,-96.900000000000006
1760,221713175354270,"[""hex-band"",26,2,21]",-263.4449278312,-108.59999999999999
1761,211786403551550,"[""hex-band"",26,2,22]",-263.4449278312,-120.3
1762,277584744382349,"[""hex-band"",26,2,23]",-263.4449278312,-132
1763,175289474833681,"[""hex-band"",26,2,24]",-263.4449278312,-143.69999999999999
1764,47415492986369,"[""hex-band"",26,2,25]",-263.4449278312,-155.40000000000001
1765,58274339705314,"[""hex-band"",26,3,0]",-263.4449278312,-167.09999999999999
1766,279125141069524,"[""hex-band"",26,3,1]",-253.31243060689999,-172.94999999999999
1767,107438523518586,"[""hex-band"",26,3,2]",-243.1799333827,-178.80000000000001
1768,14351986646272,"[""hex-band"",26,3,3]",-233.04743615839999,-184.65000000000001
1769,115715122963067,"[""hex-band"",26,3,4]",-222.91493893410001,-190.5
1770,205338194008465,"[""hex-band"",26,3,5]",-212.7824417098,-196.34999999999999
1771,201623511982976,"[""hex-band"",26,3,6]",-202.6499444856,-202.19999999999999
1772,11651841299603,"[""hex-band"",26,3,7]",-192.51744726129999,-208.05000000000001
1773,239938865553383,"[""hex-band"",26,3,8]",-182.38495003700001,-213.90000000000001
1774,140885899397871,"[""hex-band"",26,3,9]",-172.2524528127,-219.75
1775,13322800928421,"[""hex-band"",26,3,10]",-162.11995558839999,-225.59999999999999
1776,170364082468239,"[""hex-band"",26,3,11]",-151.98745836419999,-231.44999999999999
1777,99958785052062,"[""hex-band"",26,3,12]",-141.85496113990001,-237.30000000000001
1778,229900105502398,"[""hex-band"",26,3,13]",-131.7224639156,-243.15000000000001
1779,9079167277196,"[""hex-band"",26,3,14]",-121.58996669130001,-249
1780,167509789608261,"[""hex-band"",26,3,15]",-111.4574694671,-254.84999999999999
1781,214798659968316,"[""hex-band"",26,3,16]",-101.3249722428,-260.69999999999999
1782,174203001497005,"[""hex-band"",26,3,17]",-91.192475018500005,-266.55000000000001
1783,85202215436381,"[""hex-band"",26,3,18]",-81.059977794199995,-272.39999999999998
1784,28506186567326,"[""hex-band"",26,3,19]",-70.927480569899998,-278.25
1785,22948452532708,"[""hex-band"",26,3,20]",-60.794983345699997,-284.10000000000002
1786,142166884244123,"[""hex-band"",26,3,21]",-50.662486121400001,-289.94999999999999
1787,16690446521213,"[""hex-band"",26,3,22]",-40.529988897099997,-295.80000000000001
1788,195117236815218,"[""hex-band"",26,3,23]",-30.397491672800001,-301.64999999999998
1789,65831771500915,"[""hex-band"",26,3,24]",-20.2649944486,-307.5
1790,207573282742593,"[""hex-band"",26,3,25]",-10.1324972243,-313.35000000000002
1791,113794410630338,"[""hex-band"",26,4,0]",0,-319.19999999999999
1792,203351959729076,"[""hex-band"",26,4,1]",10.1324972243,-313.35000000000002
1793,168919702709171,"[""hex-band"",26,4,2]",20.2649944486,-307.5
1794,56764533477407,"[""hex-band"",26,4,3]",30.397491672800001,-301.64999999999998
1795,31659726974175,"[""hex-band"",26,4,4]",40.529988897099997,-295.80000000000001
1796,212149750182175,"[""hex-band"",26,4,5]",50.662486121400001,-289.94999999999999
1797,53467016510020,"[""hex-band"",26,4,6]",60.794983345699997,-284.10000000000002
1798,244925513570681,"[""hex-band"",26,4,7]",70.927480569899998,-278.25
1799,51167846256617,"[""hex-band"",26,4,8]",81.059977794199995,-272.39999999999998
1800,145176942001985,"[""hex-band"",26,4,9]",91.192475018500005,-266.55000000000001
1801,91716761610018,"[""hex-band"",26,4,10]",101.3249722428,-260.69999999999999
1802,158919210274792,"[""hex-band"",26,4,11]",111.4574694671,-254.84999999999999
1803,210766739953842,"[""hex-band"",26,4,12]",121.58996669130001,-249
1804,233582428176176,"[""hex-band"",26,4,13]",131.7224639156,-243.15000000000001
1805,184629586684730,"[""hex-band"",26,4,14]",141.85496113990001,-237.30000000000001
1806,29104933260005,"[""hex-band"",26,4,15]",151.98745836419999,-231.44999999999999
1807,113101630966724,"[""hex-band"",26,4,16]",162.11995558839999,-225.59999999999999
1808,33651365304873,"[""hex-band"",26,4,17]",172.2524528127,-219.75
1809,46611686934274,"[""hex-band"",26,4,18]",182.38495003700001,-213.90000000000001
1810,175725981405340,"[""hex-band"",26,4,19]",192.51744726129999,-208.05000000000001
1811,278069541013773,"[""hex-band"",26,4,20]",202.6499444856,-202.19999999999999
1812,47104825466035,"[""hex-band"",26,4,21]",212.7824417098,-196.34999999999999
1813,355660895134,"[""hex-band"",26,4,22]",222.91493893410001,-190.5
1814,55539906418400,"[""hex-band"",26,4,23]",233.04743615839999,-184.65000000000001
1815,262327455871484,"[""hex-band"",26,4,24]",243.1799333827,-178.80000000000001
1816,202325692375915,"[""hex-band"",26,4,25]",253.31243060689999,-172.94999999999999
1817,258214317453396,"[""hex-band"",26,5,0]",263.4449278312,-167.09999999999999
1818,251675934650875,"[""hex-band"",26,5,1]",263.4449278312,-155.40000000000001
1819,154566388785107,"[""hex-band"",26,5,2]",263.4449278312,-143.69999999999999
1820,55441109532572,"[""hex-band"",26,5,3]",263.4449278312,-132
1821,25333845308663,"[""hex-band"",26,5,4]",263.4449278312,-120.3
1822,81589562952181,"[""hex-band"",26,5,5]",263.4449278312,-108.59999999999999
1823,80470508889102,"[""hex-band"",26,5,6]",263.4449278312,-96.900000000000006
1824,111212050536923,"[""hex-band"",26,5,7]",263.4449278312,-85.200000000000003
1825,96948091491241,"[""hex-band"",26,5,8]",263.4449278312,-73.5
1826,40765193863074,"[""hex-band"",26,5,9]",263.4449278312,-61.799999999999997
1827,271142626441641,"[""hex-band"",26,5,10]",263.4449278312,-50.100000000000001
1828,173514204840173,"[""hex-band"",26,5,11]",263.4449278312,-38.399999999999999
1829,31859152009208,"[""hex-band"",26,5,12]",263.4449278312,-26.699999999999999
1830,40165410284138,"[""hex-band"",26,5,13]",263.4449278312,-15
1831,20614437678183,"[""hex-band"",26,5,14]",263.4449278312,-3.2999999999999998
1832,140429010714839,"[""hex-band"",26,5,15]",263.4449278312,8.4000000000000004
1833,116702515912985,"[""hex-band"",26,5,16]",263.4449278312,20.100000000000001
1834,123295036102888,"[""hex-band"",26,5,17]",263.4449278312,31.800000000000001
1835,280969643305223,"[""hex-band"",26,5,18]",263.4449278312,43.5
1836,147516515699618,"[""hex-band"",26,5,19]",263.4449278312,55.200000000000003
1837,196135880508765,"[""hex-band"",26,5,20]",263.4449278312,66.900000000000006
1838,108580813032673,"[""hex-band"",26,5,21]",263.4449278312,78.599999999999994
1839,14604653556279,"[""hex-band"",26,5,22]",263.4449278312,90.299999999999997
1840,34929716340152,"[""hex-band"",26,5,23]",263.4449278312,102
1841,42849732622629,"[""hex-band"",26,5,24]",263.4449278312,113.7
1842,69717153694203,"[""hex-band"",26,5,25]",263.4449278312,125.40000000000001
1843,135250098656809,"[""hex-band"",27,0,0]",273.57742505549999,142.94999999999999
1844,252127737154968,"[""hex-band"",27,0,1]",263.4449278312,148.80000000000001
1845,165532965634199,"[""hex-band"",27,0,2]",253.31243060689999,154.65000000000001
1846,179742370144875,"[""hex-band"",27,0,3]",243.1799333827,160.5
1847,275793529192403,"[""hex-band"",27,0,4]",233.04743615839999,166.34999999999999
1848,175764504751812,"[""hex-band"",27,0,5]",222.91493893410001,172.19999999999999
1849,126349282525022,"[""hex-band"",27,0,6]",212.7824417098,178.05000000000001
1850,29160077948412,"[""hex-band"",27,0,7]",202.6499444856,183.90000000000001
1851,4636443331077,"[""hex-band"",27,0,8]",192.51744726129999,189.75
1852,77852843518939,"[""hex-band"",27,0,9]",182.38495003700001,195.59999999999999
1853,280014612600126,"[""hex-band"",27,0,10]",172.2524528127,201.44999999999999
1854,198227700366175,"[""hex-band"",27,0,11]",162.11995558839999,207.30000000000001
1855,272341908253472,"[""hex-band"",27,0,12]",151.98745836419999,213.15000000000001
1856,121626544125555,"[""hex-band"",27,0,13]",141.85496113990001,219
1857,275455839711524,"[""hex-band"",27,0,14]",131.7224639156,224.84999999999999
1858,110365869440769,"[""hex-band"",27,0,15]",121.58996669130001,230.69999999999999
1859,79488813052868,"[""hex-band"",27,0,16]",111.4574694671,236.55000000000001
1860,175004138866999,"[""hex-band"",27,0,17]",101.3249722428,242.40000000000001
1861,26429123532797,"[""hex-band"",27,0,18]",91.192475018500005,248.25
1862,193960304164039,"[""hex-band"",27,0,19]",81.059977794199995,254.09999999999999
1863,42427626477195,"[""hex-band"",27,0,20]",70.927480569899998,259.94999999999999
1864,218604097517195,"[""hex-band"",27,0,21]",60.794983345699997,265.80000000000001
1865,75819280134117,"[""hex-band"",27,0,22]",50.662486121400001,271.64999999999998
1866,167794101988757,"[""hex-band"",27,0,23]",40.529988897099997,277.5
1867,86904186805216,"[""hex-band"",27,0,24]",30.397491672800001,283.35000000000002
1868,99065007561720,"[""hex-band"",27,0,25]",20.2649944486,289.19999999999999
1869,13508589745191,"[""hex-band"",27,0,26]",10.1324972243,295.05000000000001
1870,258755757859973,"[""hex-band"",27,1,0]",0,300.89999999999998
1871,18058191138410,"[""hex-band"",27,1,1]",-10.1324972243,295.05000000000001
1872,257780999892175,"[""hex-band"",27,1,2]",-20.2649944486,289.19999999999999
1873,86134966262939,"[""hex-band"",27,1,3]",-30.397491672800001,283.35000000000002
1874,143772088542411,"[""hex-band"",27,1,4]",-40.529988897099997,277.5
1875,52185589085971,"[""hex-band"",27,1,5]",-50.662486121400001,271.64999999999998
1876,173205940605070,"[""hex-band"",27,1,6]",-60.794983345699997,265.80000000000001
1877,193873194093487,"[""hex-band"",27,1,7]",-70.927480569899998,259.94999999999999
1878,217653031411026,"[""hex-band"",27,1,8]",-81.059977794199995,254.09999999999999
1879,120894776330380,"[""hex-band"",27,1,9]",-91.192475018500005,248.25
1880,56518778232062,"[""hex-band"",27,1,10]",-101.3249722428,242.40000000000001
1881,187631132844625,"[""hex-band"",27,1,11]",-111.4574694671,236.55000000000001
1882,18370988535184,"[""hex-band"",27,1,12]",-121.58996669130001,230.69999999999999
1883,38973118595625,"[""hex-band"",27,1,13]",-131.7224639156,224.84999999999999
1884,146916449762024,"[""hex-band"",27,1,14]",-141.85496113990001,219
1885,273035151471262,"[""hex-band"",27,1,15]",-151.98745836419999,213.15000000000001
1886,126936941860651,"[""hex-band"",27,1,16]",-162.11995558839999,207.30000000000001
1887,86629469259654,"[""hex-band"",27,1,17]",-172.2524528127,201.44999999999999
1888,144655169042527,"[""hex-band"",27,1,18]",-182.38495003700001,195.59999999999999
1889,271968221661832,"[""hex-band"",27,1,19]",-192.51744726129999,189.75
1890,4787810012109,"[""hex-band"",27,1,20]",-202.6499444856,183.90000000000001
1891,79518002202911,"[""hex-band"",27,1,21]",-212.7824417098,178.05000000000001
1892,186814229660751,"[""hex-band"",27,1,22]",-222.91493893410001,172.19999999999999
1893,120308474968878,"[""hex-band"",27,1,23]",-233.04743615839999,166.34999999999999
1894,70171234793999,"[""hex-band"",27,1,24]",-243.1799333827,160.5
1895,83509722095678,"[""hex-band"",27,1,25]",-253.31243060689999,154.65000000000001
1896,253941599165531,"[""hex-band"",27,1,26]",-263.4449278312,148.80000000000001
1897,87998140449711,"[""hex-band"",27,2,0]",-273.57742505549999,142.94999999999999
1898,166372342910036,"[""hex-band"",27,2,1]",-273.57742505549999,131.25
1899,251467805130431,"[""hex-band"",27,2,2]",-273.57742505549999,119.55
1900,275614885742915,"[""hex-band"",27,2,3]",-273.57742505549999,107.84999999999999
1901,236909808079343,"[""hex-band"",27,2,4]",-273.57742505549999,96.150000000000006
1902,54276557201495,"[""hex-band"",27,2,5]",-273.57742505549999,84.450000000000003
1903,149441054294728,"[""hex-band"",27,2,6]",-273.57742505549999,72.75
1904,88878413364973,"[""hex-band"",27,2,7]",-273.57742505549999,61.049999999999997
1905,150000658949318,"[""hex-band"",27,2,8]",-273.57742505549999,49.350000000000001
1906,169344303030496,"[""hex-band"",27,2,9]",-273.57742505549999,37.649999999999999
1907,274597666803423,"[""hex-band"",27,2,10]",-273.57742505549999,25.949999999999999
1908,75423768695512,"[""hex-band"",27,2,11]",-273.57742505549999,14.25
1909,175398543666284,"[""hex-band"",27,2,12]",-273.57742505549999,2.5499999999999998
1910,159321245234602,"[""hex-band"",27,2,13]",-273.57742505549999,-9.1500000000000004
1911,175486497441549,"[""hex-band"",27,2,14]",-273.57742505549999,-20.850000000000001
1912,109371374320675,"[""hex-band"",27,2,15]",-273.57742505549999,-32.549999999999997
1913,207983718009876,"[""hex-band"",27,2,16]",-273.57742505549999,-44.25
1914,4489315262131,"[""hex-band"",27,2,17]",-273.57742505549999,-55.950000000000003
1915,266180963907741,"[""hex-band"",27,2,18]",-273.57742505549999,-67.650000000000006
1916,94203554702721,"[""hex-band"",27,2,19]",-273.57742505549999,-79.349999999999994
1917,122017920035076,"[""hex-band"",27,2,20]",-273.57742505549999,-91.049999999999997
1918,52017609856679,"[""hex-band"",27,2,21]",-273.57742505549999,-102.75
1919,155568851964375,"[""hex-band"",27,2,22]",-273.57742505549999,-114.45
1920,271329537281505,"[""hex-band"",27,2,23]",-273.57742505549999,-126.15000000000001
1921,260631826522349,"[""hex-band"",27,2,24]",-273.57742505549999,-137.84999999999999
1922,271417454888089,"[""hex-band"",27,2,25]",-273.57742505549999,-149.55000000000001
1923,229584523421293,"[""hex-band"",27,2,26]",-273.57742505549999,-161.25
1924,92491197050742,"[""hex-band"",27,3,0]",-273.57742505549999,-172.94999999999999
1925,234640029505012,"[""hex-band"",27,3,1]",-263.4449278312,-178.80000000000001
1926,92408143145606,"[""hex-band"",27,3,2]",-253.31243060689999,-184.65000000000001
1927,228936755397812,"[""hex-band"",27,3,3]",-243.1799333827,-190.5
1928,35431793528800,"[""hex-band"",27,3,4]",-233.04743615839999,-196.34999999999999
1929,80255352734366,"[""hex-band"",27,3,5]",-222.91493893410001,-202.19999999999999
1930,156979878475416,"[""hex-band"",27,3,6]",-212.7824417098,-208.05000000000001
1931,187185884954028,"[""hex-band"",27,3,7]",-202.6499444856,-213.90000000000001
1932,87519793842640,"[""hex-band"",27,3,8]",-192.51744726129999,-219.75
1933,87984564436431,"[""hex-band"",27,3,9]",-182.38495003700001,-225.59999999999999
1934,1383941574327,"[""hex-band"",27,3,10]",-172.2524528127,-231.44999999999999
1935,126513521355237,"[""hex-band"",27,3,11]",-162.11995558839999,-237.30000000000001
1936,251436708764852,"[""hex-band"",27,3,12]",-151.98745836419999,-243.15000000000001
1937,51338276177890,"[""hex-band"",27,3,13]",-141.85496113990001,-249
1938,280561403952041,"[""hex-band"",27,3,14]",-131.7224639156,-254.84999999999999
1939,14961135809748,"[""hex-band"",27,3,15]",-121.58996669130001,-260.69999999999999
1940,262794873829197,"[""hex-band"",27,3,16]",-111.4574694671,-266.55000000000001
1941,231057891474865,"[""hex-band"",27,3,17]",-101.3249722428,-272.39999999999998
1942,146326645250470,"[""hex-band"",27,3,18]",-91.192475018500005,-278.25
1943,192416819949452,"[""hex-band"",27,3,19]",-81.059977794199995,-284.10000000000002
1944,35801534940921,"[""hex-band"",27,3,20]",-70.927480569899998,-289.94999999999999
1945,128326516311002,"[""hex-band"",27,3,21]",-60.794983345699997,-295.80000000000001
1946,84253546407357,"[""hex-band"",27,3,22]",-50.662486121400001,-301.64999999999998
1947,127471194221822,"[""hex-band"",27,3,23]",-40.529988897099997,-307.5
1948,119943051258127,"[""hex-band"",27,3,24]",-30.397491672800001,-313.35000000000002
1949,245230354629233,"[""hex-band"",27,3,25]",-20.2649944486,-319.19999999999999
1950,249865249840498,"[""hex-band"",27,3,26]",-10.1324972243,-325.05000000000001
1951,161353166721396,"[""hex-band"",27,4,0]",0,-330.89999999999998
1952,216962950207020,"[""hex-band"",27,4,1]",10.1324972243,-325.05000000000001
1953,134100418490622,"[""hex-band"",27,4,2]",20.2649944486,-319.19999999999999
1954,234744724947835,"[""hex-band"",27,4,3]",30.397491672800001,-313.35000000000002
1955,2260319896511,"[""hex-band"",27,4,4]",40.529988897099997,-307.5
1956,73109699243099,"[""hex-band"",27,4,5]",50.662486121400001,-301.64999999999998
1957,32247009579788,"[""hex-band"",27,4,6]",60.794983345699997,-295.80000000000001
1958,155369407765607,"[""hex-band"",27,4,7]",70.927480569899998,-289.94999999999999
1959,277238574169012,"[""hex-band"",27,4,8]",81.059977794199995,-284.10000000000002
1960,275364210747982,"[""hex-band"",27,4,9]",91.192475018500005,-278.25
1961,275732929446582,"[""hex-band"",27,4,10]",101.3249722428,-272.39999999999998
1962,204975080674306,"[""hex-band"",27,4,11]",111.4574694671,-266.55000000000001
1963,197900268374923,"[""hex-band"",27,4,12]",121.58996669130001,-260.69999999999999
1964,5051527163561,"[""hex-band"",27,4,13]",131.7224639156,-254.84999999999999
1965,177930708959219,"[""hex-band"",27,4,14]",141.85496113990001,-249
1966,91014208599520,"[""hex-band"",27,4,15]",151.98745836419999,-243.15000000000001
1967,102289959735570,"[""hex-band"",27,4,16]",162.11995558839999,-237.30000000000001
1968,76096230711831,"[""hex-band"",27,4,17]",172.2524528127,-231.44999999999999
1969,92478125988554,"[""hex-band"",27,4,18]",182.38495003700001,-225.59999999999999
1970,204505950090393,"[""hex-band"",27,4,19]",192.51744726129999,-219.75
1971,42247656907973,"[""hex-band"",27,4,20]",202.6499444856,-213.90000000000001
1972,217578285058989,"[""hex-band"",27,4,21]",212.7824417098,-208.05000000000001
1973,101458144624982,"[""hex-band"",27,4,22]",222.91493893410001,-202.19999999999999
1974,121403081831305,"[""hex-band"",27,4,23]",233.04743615839999,-196.34999999999999
1975,115131255258931,"[""hex-band"",27,4,24]",243.1799333827,-190.5
1976,144918243811061,"[""hex-band"",27,4,25]",253.31243060689999,-184.65000000000001
1977,21491426531958,"[""hex-band"",27,4,26]",263.4449278312,-178.80000000000001
1978,9232505671676,"[""hex-band"",27,5,0]",273.57742505549999,-172.94999999999999
1979,123073596664081,"[""hex-band"",27,5,1]",273.57742505549999,-161.25
1980,227463009672711,"[""hex-band"",27,5,2]",273.57742505549999,-149.55000000000001
1981,103077742991269,"[""hex-band"",27,5,3]",273.57742505549999,-137.84999999999999
1982,75165223463531,"[""hex-band"",27,5,4]",273.57742505549999,-126.15000000000001
1983,234230822158058,"[""hex-band"",27,5,5]",273.57742505549999,-114.45
1984,237467965956447,"[""hex-band"",27,5,6]",273.57742505549999,-102.75
1985,176414883387072,"[""hex-band"",27,5,7]",273.57742505549999,-91.049999999999997
1986,46005584401253,"[""hex-band"",27,5,8]",273.57742505549999,-79.349999999999994
1987,189781600002300,"[""hex-band"",27,5,9]",273.57742505549999,-67.650000000000006
1988,277384739935071,"[""hex-band"",27,5,10]",273.57742505549999,-55.950000000000003
1989,205873383532737,"[""hex-band"",27,5,11]",273.57742505549999,-44.25
1990,94248723705310,"[""hex-band"",27,5,12]",273.57742505549999,-32.549999999999997
1991,187441387796744,"[""hex-band"",27,5,13]",273.57742505549999,-20.850000000000001
1992,150317538204200,"[""hex-band"",27,5,14]",273.57742505549999,-9.1500000000000004
1993,46052725292566,"[""hex-band"",27,5,15]",273.57742505549999,2.5499999999999998
1994,152128702884554,"[""hex-band"",27,5,16]",273.57742505549999,14.25
1995,136008638560494,"[""hex-band"",27,5,17]",273.57742505549999,25.949999999999999
1996,96189080368084,"[""hex-band"",27,5,18]",273.57742505549999,37.649999999999999
1997,84021724647207,"[""hex-band"",27,5,19]",273.57742505549999,49.350000000000001
1998,235850649427546,"[""hex-band"",27,5,20]",273.57742505549999,61.049999999999997
1999,148156570041673,"[""hex-band"",27,5,21]",273.57742505549999,72.75
2000,172704382192007,"[""hex-band"",27,5,22]",273.57742505549999,84.450000000000003
2001,138595415777225,"[""hex-band"",27,5,23]",273.57742505549999,96.150000000000006
2002,254766425745641,"[""hex-band"",27,5,24]",273.57742505549999,107.84999999999999
2003,157540002193722,"[""hex-band"",27,5,25]",273.57742505549999,119.55
2004,151619490970797,"[""hex-band"",27,5,26]",273.57742505549999,131.25
2005,241913665311925,"[""hex-band"",28,0,0]",283.70992227980003,148.80000000000001
2006,185909873100317,"[""hex-band"",28,0,1]",273.57742505549999,154.65000000000001
2007,59453460452746,"[""hex-band"",28,0,2]",263.4449278312,160.5
2008,204569705773226,"[""hex-band"",28,0,3]",253.31243060689999,166.34999999999999
2009,273430644744039,"[""hex-band"",28,0,4]",243.1799333827,172.19999999999999
2010,18984208957895,"[""hex-band"",28,0,5]",233.04743615839999,178.05000000000001
2011,50981596173022,"[""hex-band"",28,0,6]",222.91493893410001,183.90000000000001
2012,266341942459007,"[""hex-band"",28,0,7]",212.7824417098,189.75
2013,2464944234445,"[""hex-band"",28,0,8]",202.6499444856,195.59999999999999
2014,228824576178654,"[""hex-band"",28,0,9]",192.51744726129999,201.44999999999999
2015,242656415715248,"[""hex-band"",28,0,10]",182.38495003700001,207.30000000000001
2016,151567822616954,"[""hex-band"",28,0,11]",172.2524528127,213.15000000000001
2017,101941597075790,"[""hex-band"",28,0,12]",162.11995558839999,219
2018,133333229881392,"[""hex-band"",28,0,13]",151.98745836419999,224.84999999999999
2019,212298836805356,"[""hex-band"",28,0,14]",141.85496113990001,230.69999999999999
2020,218703669163095,"[""hex-band"",28,0,15]",131.7224639156,236.55000000000001
2021,56271568470806,"[""hex-band"",28,0,16]",121.58996669130001,242.40000000000001
2022,122565239371444,"[""hex-band"",28,0,17]",111.4574694671,248.25
2023,154174639856705,"[""hex-band"",28,0,18]",101.3249722428,254.09999999999999
2024,242398158667920,"[""hex-band"",28,0,19]",91.192475018500005,259.94999999999999
2025,120948473316039,"[""hex-band"",28,0,20]",81.059977794199995,265.80000000000001
2026,68500651119497,"[""hex-band"",28,0,21]",70.927480569899998,271.64999999999998
2027,264758263416389,"[""hex-band"",28,0,22]",60.794983345699997,277.5
2028,126746374474664,"[""hex-band"",28,0,23]",50.662486121400001,283.35000000000002
2029,143901839514678,"[""hex-band"",28,0,24]",40.529988897099997,289.19999999999999
2030,21666934478187,"[""hex-band"",28,0,25]",30.397491672800001,295.05000000000001
2031,245614861792915,"[""hex-band"",28,0,26]",20.2649944486,300.89999999999998
2032,191371151878383,"[""hex-band"",28,0,27]",10.1324972243,306.75
2033,280508497539593,"[""hex-band"",28,1,0]",0,312.60000000000002
2034,192598447864365,"[""hex-band"",28,1,1]",-10.1324972243,306.75
2035,260764267025529,"[""hex-band"",28,1,2]",-20.2649944486,300.89999999999998
2036,206954684476222,"[""hex-band"",28,1,3]",-30.397491672800001,295.05000000000001
2037,176172916450262,"[""hex-band"",28,1,4]",-40.529988897099997,289.19999999999999
2038,103248749780575,"[""hex-band"",28,1,5]",-50.662486121400001,283.35000000000002
2039,124721333610413,"[""hex-band"",28,1,6]",-60.794983345699997,277.5
2040,112502028525993,"[""hex-band"",28,1,7]",-70.927480569899998,271.64999999999998
2041,31816476719484,"[""hex-band"",28,1,8]",-81.059977794199995,265.80000000000001
2042,23663355638113,"[""hex-band"",28,1,9]",-91.192475018500005,259.94999999999999
2043,103545868495130,"[""hex-band"",28,1,10]",-101.3249722428,254.09999999999999
2044,151494606142524,"[""hex-band"",28,1,11]",-111.4574694671,248.25
2045,259125466527559,"[""hex-band"",28,1,12]",-121.58996669130001,242.40000000000001
2046,136880418379360,"[""hex-band"",28,1,13]",-131.7224639156,236.55000000000001
2047,45282407474374,"[""hex-band"",28,1,14]",-141.85496113990001,230.69999999999999
2048,119036923277690,"[""hex-band"",28,1,15]",-151.98745836419999,224.84999999999999
2049,249084576648409,"[""hex-band"",28,1,16]",-162.11995558839999,219
2050,94945130163229,"[""hex-band"",28,1,17]",-172.2524528127,213.15000000000001
2051,128555651373370,"[""hex-band"",28,1,18]",-182.38495003700001,207.30000000000001
2052,161366421139985,"[""hex-band"",28,1,19]",-192.51744726129999,201.44999999999999
2053,41840299500969,"[""hex-band"",28,1,20]",-202.6499444856,195.59999999999999
2054,8525857149479,"[""hex-band"",28,1,21]",-212.7824417098,189.75
2055,262835773702884,"[""hex-band"",28,1,22]",-222.91493893410001,183.90000000000001
2056,248748224440027,"[""hex-band"",28,1,23]",-233.04743615839999,178.05000000000001
2057,43002317208238,"[""hex-band"",28,1,24]",-243.1799333827,172.19999999999999
2058,124707600679393,"[""hex-band"",28,1,25]",-253.31243060689999,166.34999999999999
2059,222912728198904,"[""hex-band"",28,1,26]",-263.4449278312,160.5
2060,250514361931999,"[""hex-band"",28,1,27]",-273.57742505549999,154.65000000000001
2061,49638779486646,"[""hex-band"",28,2,0]",-283.70992227980003,148.80000000000001
2062,220024262279807,"[""hex-band"",28,2,1]",-283.70992227980003,137.09999999999999
2063,115395470688406,"[""hex-band"",28,2,2]",-283.70992227980003,125.40000000000001
2064,161641980035027,"[""hex-band"",28,2,3]",-283.70992227980003,113.7
2065,138985008371343,"[""hex-band"",28,2,4]",-283.70992227980003,102
2066,70160795495425,"[""hex-band"",28,2,5]",-283.70992227980003,90.299999999999997
2067,154799398965366,"[""hex-band"",28,2,6]",-283.70992227980003,78.599999999999994
2068,252075690979798,"[""hex-band"",28,2,7]",-283.70992227980003,66.900000000000006
2069,219431462310961,"[""hex-band"",28,2,8]",-283.70992227980003,55.200000000000003
2070,15839542065225,"[""hex-band"",28,2,9]",-283.70992227980003,43.5
2071,124966939427650,"[""hex-band"",28,2,10]",-283.70992227980003,31.800000000000001
2072,192759618424518,"[""hex-band"",28,2,11]",-283.70992227980003,20.100000000000001
2073,78042744265546,"[""hex-band"",28,2,12]",-283.70992227980003,8.4000000000000004
2074,180682301457562,"[""hex-band"",28,2,13]",-283.70992227980003,-3.2999999999999998
2075,115386012574354,"[""hex-band"",28,2,14]",-283.70992227980003,-15
2076,130184833091773,"[""hex-band"",28,2,15]",-283.70992227980003,-26.699999999999999
2077,276768553866554,"[""hex-band"",28,2,16]",-283.70992227980003,-38.399999999999999
2078,163510705945755,"[""hex-band"",28,2,17]",-283.70992227980003,-50.100000000000001
2079,9199525360408,"[""hex-band"",28,2,18]",-283.70992227980003,-61.799999999999997
2080,245411838788051,"[""hex-band"",28,2,19]",-283.70992227980003,-73.5
2081,172447897213366,"[""hex-band"",28,2,20]",-283.70992227980003,-85.200000000000003
2082,41214214432695,"[""hex-band"",28,2,21]",-283.70992227980003,-96.900000000000006
2083,266835418398527,"[""hex-band"",28,2,22]",-283.70992227980003,-108.59999999999999
2084,73292285048838,"[""hex-band"",28,2,23]",-283.70992227980003,-120.3
2085,59659844853088,"[""hex-band"",28,2,24]",-283.70992227980003,-132
2086,228591039279414,"[""hex-band"",28,2,25]",-283.70992227980003,-143.69999999999999
2087,248258815693418,"[""hex-band"",28,2,26]",-283.70992227980003,-155.40000000000001
2088,178141287122889,"[""hex-band"",28,2,27]",-283.70992227980003,-167.09999999999999
2089,192792335147964,"[""hex-band"",28,3,0]",-283.70992227980003,-178.80000000000001
2090,210300816451486,"[""hex-band"",28,3,1]",-273.57742505549999,-184.65000000000001
2091,255588357949194,"[""hex-band"",28,3,2]",-263.4449278312,-190.5
2092,121299917274050,"[""hex-band"",28,3,3]",-253.31243060689999,-196.34999999999999
2093,218741097118796,"[""hex-band"",28,3,4]",-243.1799333827,-202.19999999999999
2094,154335337299576,"[""hex-band"",28,3,5]",-233.04743615839999,-208.05000000000001
2095,155682896834123,"[""hex-band"",28,3,6]",-222.91493893410001,-213.90000000000001
2096,87403100262956,"[""hex-band"",28,3,7]",-212.7824417098,-219.75
2097,94335384014438,"[""hex-band"",28,3,8]",-202.6499444856,-225.59999999999999
2098,258942243635822,"[""hex-band"",28,3,9]",-192.51744726129999,-231.44999999999999
2099,92942888656572,"[""hex-band"",28,3,10]",-182.38495003700001,-237.30000000000001
2100,142755183921340,"[""hex-band"",28,3,11]",-172.2524528127,-243.15000000000001
2101,199462796069741,"[""hex-band"",28,3,12]",-162.11995558839999,-249
2102,96503312419976,"[""hex-band"",28,3,13]",-151.98745836419999,-254.84999999999999
2103,122733446571275,"[""hex-band"",28,3,14]",-141.85496113990001,-260.69999999999999
2104,200758836181352,"[""hex-band"",28,3,15]",-131.7224639156,-266.55000000000001
2105,46417751732646,"[""hex-band"",28,3,16]",-121.58996669130001,-272.39999999999998
2106,149026465765043,"[""hex-band"",28,3,17]",-111.4574694671,-278.25
2107,90528618090375,"[""hex-band"",28,3,18]",-101.3249722428,-284.10000000000002
2108,190208720569580,"[""hex-band"",28,3,19]",-91.192475018500005,-289.94999999999999
2109,178074738081321,"[""hex-band"",28,3,20]",-81.059977794199995,-295.80000000000001
2110,227842321708078,"[""hex-band"",28,3,21]",-70.927480569899998,-301.64999999999998
2111,217601013228138,"[""hex-band"",28,3,22]",-60.794983345699997,-307.5
2112,214866142280947,"[""hex-band"",28,3,23]",-50.662486121400001,-313.35000000000002
2113,228900744690214,"[""hex-band"",28,3,24]",-40.529988897099997,-319.19999999999999
2114,29555076058313,"[""hex-band"",28,3,25]",-30.397491672800001,-325.05000000000001
2115,93226499055220,"[""hex-band"",28,3,26]",-20.2649944486,-330.89999999999998
2116,182669001938241,"[""hex-band"",28,3,27]",-10.1324972243,-336.75
2117,6179929428990,"[""hex-band"",28,4,0]",0,-342.60000000000002
2118,70372644752885,"[""hex-band"",28,4,1]",10.1324972243,-336.75
2119,105107718654692,"[""hex-band"",28,4,2]",20.2649944486,-330.89999999999998
2120,178151198266650,"[""hex-band"",28,4,3]",30.397491672800001,-325.05000000000001
2121,80687602001095,"[""hex-band"",28,4,4]",40.529988897099997,-319.19999999999999
2122,41951293684706,"[""hex-band"",28,4,5]",50.662486121400001,-313.35000000000002
2123,17988671867340,"[""hex-band"",28,4,6]",60.794983345699997,-307.5
2124,39417918313918,"[""hex-band"",28,4,7]",70.927480569899998,-301.64999999999998
2125,82778046917424,"[""hex-band"",28,4,8]",81.059977794199995,-295.80000000000001
2126,264759406928336,"[""hex-band"",28,4,9]",91.192475018500005,-289.94999999999999
2127,1849109548116,"[""hex-band"",28,4,10]",101.3249722428,-284.10000000000002
2128,193074025542420,"[""hex-band"",28,4,11]",111.4574694671,-278.25
2129,213130103296715,"[""hex-band"",28,4,12]",121.58996669130001,-272.39999999999998
2130,41268274907450,"[""hex-band"",28,4,13]",131.7224639156,-266.55000000000001
2131,125130245848090,"[""hex-band"",28,4,14]",141.85496113990001,-260.69999999999999
2132,179365783182927,"[""hex-band"",28,4,15]",151.98745836419999,-254.84999999999999
2133,242789430213156,"[""hex-band"",28,4,16]",162.11995558839999,-249
2134,12229414264051,"[""hex-band"",28,4,17]",172.2524528127,-243.15000000000001
2135,162266528205731,"[""hex-band"",28,4,18]",182.38495003700001,-237.30000000000001
2136,242261131566971,"[""hex-band"",28,4,19]",192.51744726129999,-231.44999999999999
2137,26820368808101,"[""hex-band"",28,4,20]",202.6499444856,-225.59999999999999
2138,138604068812412,"[""hex-band"",28,4,21]",212.7824417098,-219.75
2139,93092012739751,"[""hex-band"",28,4,22]",222.91493893410001,-213.90000000000001
2140,5660223513564,"[""hex-band"",28,4,23]",233.04743615839999,-208.05000000000001
2141,200252914965611,"[""hex-band"",28,4,24]",243.1799333827,-202.19999999999999
2142,46989282163459,"[""hex-band"",28,4,25]",253.31243060689999,-196.34999999999999
2143,109096818840038,"[""hex-band"",28,4,26]",263.4449278312,-190.5
2144,98185238910458,"[""hex-band"",28,4,27]",273.57742505549999,-184.65000000000001
2145,268663802076825,"[""hex-band"",28,5,0]",283.70992227980003,-178.80000000000001
2146,225243648600092,"[""hex-band"",28,5,1]",283.70992227980003,-167.09999999999999
2147,158179882193155,"[""hex-band"",28,5,2]",283.70992227980003,-155.40000000000001
2148,20369078891216,"[""hex-band"",28,5,3]",283.70992227980003,-143.69999999999999
2149,220446319031261,"[""hex-band"",28,5,4]",283.70992227980003,-132
2150,126752527373384,"[""hex-band"",28,5,5]",283.70992227980003,-120.3
2151,238294572256163,"[""hex-band"",28,5,6]",283.70992227980003,-108.59999999999999
2152,235279550573888,"[""hex-band"",28,5,7]",283.70992227980003,-96.900000000000006
2153,270127448693083,"[""hex-band"",28,5,8]",283.70992227980003,-85.200000000000003
2154,12139811813872,"[""hex-band"",28,5,9]",283.70992227980003,-73.5
2155,63000112469192,"[""hex-band"",28,5,10]",283.70992227980003,-61.799999999999997
2156,61561866297627,"[""hex-band"",28,5,11]",283.70992227980003,-50.100000000000001
2157,147486236069403,"[""hex-band"",28,5,12]",283.70992227980003,-38.399999999999999
2158,184161088803392,"[""hex-band"",28,5,13]",283.70992227980003,-26.699999999999999
2159,194434511781177,"[""hex-band"",28,5,14]",283.70992227980003,-15
2160,227998635762061,"[""hex-band"",28,5,15]",283.70992227980003,-3.2999999999999998
2161,96580811522699,"[""hex-band"",28,5,16]",283.70992227980003,8.4000000000000004
2162,80882907793975,"[""hex-band"",28,5,17]",283.70992227980003,20.100000000000001
2163,272406112468482,"[""hex-band"",28,5,18]",283.70992227980003,31.800000000000001
2164,173460908635461,"[""hex-band"",28,5,19]",283.70992227980003,43.5
2165,155246903478326,"[""hex-band"",28,5,20]",283.70992227980003,55.200000000000003
2166,228946722365483,"[""hex-band"",28,5,21]",283.70992227980003,66.900000000000006
2167,59779447784151,"[""hex-band"",28,5,22]",283.70992227980003,78.599999999999994
2168,103114953491727,"[""hex-band"",28,5,23]",283.70992227980003,90.299999999999997
2169,247446883355943,"[""hex-band"",28,5,24]",283.70992227980003,102
2170,238383690733646,"[""hex-band"",28,5,25]",283.70992227980003,113.7
2171,230732335018974,"[""hex-band"",28,5,26]",283.70992227980003,125.40000000000001
2172,172562899626254,"[""hex-band"",28,5,27]",283.70992227980003,137.09999999999999
2173,72788082479197,"[""hex-band"",29,0,0]",293.84241950410001,154.65000000000001
2174,252804408881463,"[""hex-band"",29,0,1]",283.70992227980003,160.5
2175,65948027456798,"[""hex-band"",29,0,2]",273.57742505549999,166.34999999999999
2176,221096260429032,"[""hex-band"",29,0,3]",263.4449278312,172.19999999999999
2177,90197423977338,"[""hex-band"",29,0,4]",253.31243060689999,178.05000000000001
2178,135845149111847,"[""hex-band"",29,0,5]",243.1799333827,183.90000000000001
2179,88966101573607,"[""hex-band"",29,0,6]",233.04743615839999,189.75
2180,138804691675088,"[""hex-band"",29,0,7]",222.91493893410001,195.59999999999999
2181,119998192522338,"[""hex-band"",29,0,8]",212.7824417098,201.44999999999999
2182,128699900982036,"[""hex-band"",29,0,9]",202.6499444856,207.30000000000001
2183,53080984349441,"[""hex-band"",29,0,10]",192.51744726129999,213.15000000000001
2184,197095123886024,"[""hex-band"",29,0,11]",182.38495003700001,219
2185,245244480398332,"[""hex-band"",29,0,12]",172.2524528127,224.84999999999999
2186,227629379336115,"[""hex-band"",29,0,13]",162.11995558839999,230.69999999999999
2187,218838086551649,"[""hex-band"",29,0,14]",151.98745836419999,236.55000000000001
2188,49408672671129,"[""hex-band"",29,0,15]",141.85496113990001,242.40000000000001
2189,15733868510544,"[""hex-band"",29,0,16]",131.7224639156,248.25
2190,22930464900357,"[""hex-band"",29,0,17]",121.58996669130001,254.09999999999999
2191,152251904954678,"[""hex-band"",29,0,18]",111.4574694671,259.94999999999999
2192,241266099116186,"[""hex-band"",29,0,19]",101.3249722428,265.80000000000001
2193,48753686706693,"[""hex-band"",29,0,20]",91.192475018500005,271.64999999999998
2194,149349189445645,"[""hex-band"",29,0,21]",81.059977794199995,277.5
2195,169958447004498,"[""hex-band"",29,0,22]",70.927480569899998,283.35000000000002
2196,35215831437265,"[""hex-band"",29,0,23]",60.794983345699997,289.19999999999999
2197,228124885981485,"[""hex-band"",29,0,24]",50.662486121400001,295.05000000000001
2198,180480084196641,"[""hex-band"",29,0,25]",40.529988897099997,300.89999999999998
2199,3252422526644,"[""hex-band"",29,0,26]",30.397491672800001,306.75
2200,219878645059339,"[""hex-band"",29,0,27]",20.2649944486,312.60000000000002
2201,271831011917515,"[""hex-band"",29,0,28]",10.1324972243,318.44999999999999
2202,207862153853753,"[""hex-band"",29,1,0]",0,324.30000000000001
2203,150028308697362,"[""hex-band"",29,1,1]",-10.1324972243,318.44999999999999
2204,191122820189258,"[""hex-band"",29,1,2]",-20.2649944486,312.60000000000002
2205,44879263445132,"[""hex-band"",29,1,3]",-30.397491672800001,306.75
2206,229914264285779,"[""hex-band"",29,1,4]",-40.529988897099997,300.89999999999998
2207,92737048993905,"[""hex-band"",29,1,5]",-50.662486121400001,295.05000000000001
2208,210100694917053,"[""hex-band"",29,1,6]",-60.794983345699997,289.19999999999999
2209,217338250448955,"[""hex-band"",29,1,7]",-70.927480569899998,283.35000000000002
2210,26843438858963,"[""hex-band"",29,1,8]",-81.059977794199995,277.5
2211,249175780648275,"[""hex-band"",29,1,9]",-91.192475018500005,271.64999999999998
2212,144422075445245,"[""hex-band"",29,1,10]",-101.3249722428,265.80000000000001
2213,21710872180111,"[""hex-band"",29,1,11]",-111.4574694671,259.94999999999999
2214,49281263876610,"[""hex-band"",29,1,12]",-121.58996669130001,254.09999999999999
2215,214569128470893,"[""hex-band"",29,1,13]",-131.7224639156,248.25
2216,160552651402593,"[""hex-band"",29,1,14]",-141.85496113990001,242.40000000000001
2217,199733568895265,"[""hex-band"",29,1,15]",-151.98745836419999,236.55000000000001
2218,168086015965516,"[""hex-band"",29,1,16]",-162.11995558839999,230.69999999999999
2219,239375313878313,"[""hex-band"",29,1,17]",-172.2524528127,224.84999999999999
2220,229010240302516,"[""hex-band"",29,1,18]",-182.38495003700001,219
2221,66331910243533,"[""hex-band"",29,1,19]",-192.51744726129999,213.15000000000001
2222,178262514833034,"[""hex-band"",29,1,20]",-202.6499444856,207.30000000000001
2223,204135867305921,"[""hex-band"",29,1,21]",-212.7824417098,201.44999999999999
2224,60291319982685,"[""hex-band"",29,1,22]",-222.91493893410001,195.59999999999999
2225,46713947896291,"[""hex-band"",29,1,23]",-233.04743615839999,189.75
2226,148997801013291,"[""hex-band"",29,1,24]",-243.1799333827,183.90000000000001
2227,187652090234695,"[""hex-band"",29,1,25]",-253.31243060689999,178.05000000000001
2228,268983044474297,"[""hex-band"",29,1,26]",-263.4449278312,172.19999999999999
2229,116110246175205,"[""hex-band"",29,1,27]",-273.57742505549999,166.34999999999999
2230,159859693831354,"[""hex-band"",29,1,28]",-283.70992227980003,160.5
2231,161265824518828,"[""hex-band"",29,2,0]",-293.84241950410001,154.65000000000001
2232,220792814479121,"[""hex-band"",29,2,1]",-293.84241950410001,142.94999999999999
2233,195869328389637,"[""hex-band"",29,2,2]",-293.84241950410001,131.25
2234,251755989231564,"[""hex-band"",29,2,3]",-293.84241950410001,119.55
2235,221149979039621,"[""hex-band"",29,2,4]",-293.84241950410001,107.84999999999999
2236,78084833327586,"[""hex-band"",29,2,5]",-293.84241950410001,96.150000000000006
2237,94981375827544,"[""hex-band"",29,2,6]",-293.84241950410001,84.450000000000003
2238,87061351023414,"[""hex-band"",29,2,7]",-293.84241950410001,72.75
2239,162862500127479,"[""hex-band"",29,2,8]",-293.84241950410001,61.049999999999997
2240,32299726838926,"[""hex-band"",29,2,9]",-293.84241950410001,49.350000000000001
2241,64843338085593,"[""hex-band"",29,2,10]",-293.84241950410001,37.649999999999999
2242,52102871474320,"[""hex-band"",29,2,11]",-293.84241950410001,25.949999999999999
2243,146146848703088,"[""hex-band"",29,2,12]",-293.84241950410001,14.25
2244,251857364238034,"[""hex-band"",29,2,13]",-293.84241950410001,2.5499999999999998
2245,159948159886061,"[""hex-band"",29,2,14]",-293.84241950410001,-9.1500000000000004
2246,139885635903852,"[""hex-band"",29,2,15]",-293.84241950410001,-20.850000000000001
2247,206462480114905,"[""hex-band"",29,2,16]",-293.84241950410001,-32.549999999999997
2248,199792101794139,"[""hex-band"",29,2,17]",-293.84241950410001,-44.25
2249,56308739929623,"[""hex-band"",29,2,18]",-293.84241950410001,-55.950000000000003
2250,24711197109991,"[""hex-band"",29,2,19]",-293.84241950410001,-67.650000000000006
2251,134421424287503,"[""hex-band"",29,2,20]",-293.84241950410001,-79.349999999999994
2252,72416738633356,"[""hex-band"",29,2,21]",-293.84241950410001,-91.049999999999997
2253,47992917956693,"[""hex-band"",29,2,22]",-293.84241950410001,-102.75
2254,29938404841091,"[""hex-band"",29,2,23]",-293.84241950410001,-114.45
2255,181634305974108,"[""hex-band"",29,2,24]",-293.84241950410001,-126.15000000000001
2256,47796772495437,"[""hex-band"",29,2,25]",-293.84241950410001,-137.84999999999999
2257,51445197964881,"[""hex-band"",29,2,26]",-293.84241950410001,-149.55000000000001
2258,200869292499785,"[""hex-band"",29,2,27]",-293.84241950410001,-161.25
2259,162491803362991,"[""hex-band"",29,2,28]",-293.84241950410001,-172.94999999999999
2260,49675904587153,"[""hex-band"",29,3,0]",-293.84241950410001,-184.65000000000001
2261,197303363224374,"[""hex-band"",29,3,1]",-283.70992227980003,-190.5
2262,159448362166918,"[""hex-band"",29,3,2]",-273.57742505549999,-196.34999999999999
2263,28077759667759,"[""hex-band"",29,3,3]",-263.4449278312,-202.19999999999999
2264,130372040805809,"[""hex-band"",29,3,4]",-253.31243060689999,-208.05000000000001
2265,210005884966088,"[""hex-band"",29,3,5]",-243.1799333827,-213.90000000000001
2266,143060750545317,"[""hex-band"",29,3,6]",-233.04743615839999,-219.75
2267,108405010028110,"[""hex-band"",29,3,7]",-222.91493893410001,-225.59999999999999
2268,167056425578842,"[""hex-band"",29,3,8]",-212.7824417098,-231.44999999999999
2269,219883801609675,"[""hex-band"",29,3,9]",-202.6499444856,-237.30000000000001
2270,86169724794655,"[""hex-band"",29,3,10]",-192.51744726129999,-243.15000000000001
2271,196757653566962,"[""hex-band"",29,3,11]",-182.38495003700001,-249
2272,260200571681801,"[""hex-band"",29,3,12]",-172.2524528127,-254.84999999999999
2273,26817817992689,"[""hex-band"",29,3,13]",-162.11995558839999,-260.69999999999999
2274,273610004314173,"[""hex-band"",29,3,14]",-151.98745836419999,-266.55000000000001
2275,8533964073478,"[""hex-band"",29,3,15]",-141.85496113990001,-272.39999999999998
2276,59032891479816,"[""hex-band"",29,3,16]",-131.7224639156,-278.25
2277,50438755270204,"[""hex-band"",29,3,17]",-121.58996669130001,-284.10000000000002
2278,67768071948947,"[""hex-band"",29,3,18]",-111.4574694671,-289.94999999999999
2279,112541591509196,"[""hex-band"",29,3,19]",-101.3249722428,-295.80000000000001
2280,40899163666660,"[""hex-band"",29,3,20]",-91.192475018500005,-301.64999999999998
2281,226011087935776,"[""hex-band"",29,3,21]",-81.059977794199995,-307.5
2282,177285822548989,"[""hex-band"",29,3,22]",-70.927480569899998,-313.35000000000002
2283,97048300062751,"[""hex-band"",29,3,23]",-60.794983345699997,-319.19999999999999
2284,4931705474886,"[""hex-band"",29,3,24]",-50.662486121400001,-325.05000000000001
2285,60715351819988,"[""hex-band"",29,3,25]",-40.529988897099997,-330.89999999999998
2286,57244900056821,"[""hex-band"",29,3,26]",-30.397491672800001,-336.75
2287,278183663862795,"[""hex-band"",29,3,27]",-20.2649944486,-342.60000000000002
2288,84529520216430,"[""hex-band"",29,3,28]",-10.1324972243,-348.44999999999999
2289,205459103567712,"[""hex-band"",29,4,1]",10.1324972243,-348.44999999999999
2290,124034381923606,"[""hex-band"",29,4,2]",20.2649944486,-342.60000000000002
2291,161038054572836,"[""hex-band"",29,4,3]",30.397491672800001,-336.75
2292,137635503340240,"[""hex-band"",29,4,4]",40.529988897099997,-330.89999999999998
2293,78422519517189,"[""hex-band"",29,4,5]",50.662486121400001,-325.05000000000001
2294,263534507103387,"[""hex-band"",29,4,6]",60.794983345699997,-319.19999999999999
2295,178708383501248,"[""hex-band"",29,4,7]",70.927480569899998,-313.35000000000002
2296,53773313304635,"[""hex-band"",29,4,8]",81.059977794199995,-307.5
2297,93424755750626,"[""hex-band"",29,4,9]",91.192475018500005,-301.64999999999998
2298,114705452726420,"[""hex-band"",29,4,10]",101.3249722428,-295.80000000000001
2299,648065077914,"[""hex-band"",29,4,11]",111.4574694671,-289.94999999999999
2300,20095321300559,"[""hex-band"",29,4,12]",121.58996669130001,-284.10000000000002
2301,74542349225618,"[""hex-band"",29,4,13]",131.7224639156,-278.25
2302,276658582414333,"[""hex-band"",29,4,14]",141.85496113990001,-272.39999999999998
2303,123936279296045,"[""hex-band"",29,4,15]",151.98745836419999,-266.55000000000001
2304,137597705016378,"[""hex-band"",29,4,16]",162.11995558839999,-260.69999999999999
2305,109842077585045,"[""hex-band"",29,4,17]",172.2524528127,-254.84999999999999
2306,280516673938391,"[""hex-band"",29,4,18]",182.38495003700001,-249
2307,166930830703663,"[""hex-band"",29,4,19]",192.51744726129999,-243.15000000000001
2308,7737922341390,"[""hex-band"",29,4,20]",202.6499444856,-237.30000000000001
2309,85362876012514,"[""hex-band"",29,4,21]",212.7824417098,-231.44999999999999
2310,268384901466978,"[""hex-band"",29,4,22]",222.91493893410001,-225.59999999999999
2311,183419031469730,"[""hex-band"",29,4,23]",233.04743615839999,-219.75
2312,23212422405947,"[""hex-band"",29,4,24]",243.1799333827,-213.90000000000001
2313,277877733431681,"[""hex-band"",29,4,25]",253.31243060689999,-208.05000000000001
2314,151957890168937,"[""hex-band"",29,4,26]",263.4449278312,-202.19999999999999
2315,105295254629349,"[""hex-band"",29,4,27]",273.57742505549999,-196.34999999999999
2316,1981513235553,"[""hex-band"",29,4,28]",283.70992227980003,-190.5
2317,18744462743497,"[""hex-band"",29,5,0]",293.84241950410001,-184.65000000000001
2318,249076566302286,"[""hex-band"",29,5,1]",293.84241950410001,-172.94999999999999
2319,73090746610669,"[""hex-band"",29,5,2]",293.84241950410001,-161.25
2320,198906432104049,"[""hex-band"",29,5,3]",293.84241950410001,-149.55000000000001
2321,55677322550688,"[""hex-band"",29,5,4]",293.84241950410001,-137.84999999999999
2322,31867277399540,"[""hex-band"",29,5,5]",293.84241950410001,-126.15000000000001
2323,109604044449636,"[""hex-band"",29,5,6]",293.84241950410001,-114.45
2324,17941824855393,"[""hex-band"",29,5,7]",293.84241950410001,-102.75
2325,254346002690014,"[""hex-band"",29,5,8]",293.84241950410001,-91.049999999999997
2326,141430160906503,"[""hex-band"",29,5,9]",293.84241950410001,-79.349999999999994
2327,98303005814752,"[""hex-band"",29,5,10]",293.84241950410001,-67.650000000000006
2328,89885894852902,"[""hex-band"",29,5,11]",293.84241950410001,-55.950000000000003
2329,230450445716394,"[""hex-band"",29,5,12]",293.84241950410001,-44.25
2330,211620525180899,"[""hex-band"",29,5,13]",293.84241950410001,-32.549999999999997
2331,2553211437725,"[""hex-band"",29,5,14]",293.84241950410001,-20.850000000000001
2332,96289912451133,"[""hex-band"",29,5,15]",293.84241950410001,-9.1500000000000004
2333,38344052819020,"[""hex-band"",29,5,16]",293.84241950410001,2.5499999999999998
2334,137183393534156,"[""hex-band"",29,5,17]",293.84241950410001,14.25
2335,272332826983588,"[""hex-band"",29,5,18]",293.84241950410001,25.949999999999999
2336,83422290468108,"[""hex-band"",29,5,19]",293.84241950410001,37.649999999999999
2337,126835833598502,"[""hex-band"",29,5,20]",293.84241950410001,49.350000000000001
2338,61868356854509,"[""hex-band"",29,5,21]",293.84241950410001,61.049999999999997
2339,229502597995060,"[""hex-band"",29,5,22]",293.84241950410001,72.75
2340,42225686492585,"[""hex-band"",29,5,23]",293.84241950410001,84.450000000000003
2341,32823849669021,"[""hex-band"",29,5,24]",293.84241950410001,96.150000000000006
2342,213975785389310,"[""hex-band"",29,5,25]",293.84241950410001,107.84999999999999
2343,175005409242039,"[""hex-band"",29,5,26]",293.84241950410001,119.55
2344,231756520343084,"[""hex-band"",29,5,27]",293.84241950410001,131.25
2345,102543113031912,"[""hex-band"",29,5,28]",293.84241950410001,142.94999999999999
2346,10452431847421,"[""hex-band"",30,0,0]",303.9749167283,160.5
2347,34637114320301,"[""hex-band"",30,0,1]",293.84241950410001,166.34999999999999
2348,230013457741940,"[""hex-band"",30,0,2]",283.70992227980003,172.19999999999999
2349,65041924352571,"[""hex-band"",30,0,3]",273.57742505549999,178.05000000000001
2350,210704262205094,"[""hex-band"",30,0,4]",263.4449278312,183.90000000000001
2351,143885419271902,"[""hex-band"",30,0,5]",253.31243060689999,189.75
2352,233384184084709,"[""hex-band"",30,0,6]",243.1799333827,195.59999999999999
2353,44511718365905,"[""hex-band"",30,0,7]",233.04743615839999,201.44999999999999
2354,66936187003040,"[""hex-band"",30,0,8]",222.91493893410001,207.30000000000001
2355,198428107478305,"[""hex-band"",30,0,9]",212.7824417098,213.15000000000001
2356,56841342308646,"[""hex-band"",30,0,10]",202.6499444856,219
2357,281068538449441,"[""hex-band"",30,0,11]",192.51744726129999,224.84999999999999
2358,56470600828162,"[""hex-band"",30,0,12]",182.38495003700001,230.69999999999999
2359,236180496867158,"[""hex-band"",30,0,13]",172.2524528127,236.55000000000001
2360,280685506835027,"[""hex-band"",30,0,14]",162.11995558839999,242.40000000000001
2361,244012997195849,"[""hex-band"",30,0,15]",151.98745836419999,248.25
2362,89796191618323,"[""hex-band"",30,0,16]",141.85496113990001,254.09999999999999
2363,279780066635296,"[""hex-band"",30,0,17]",131.7224639156,259.94999999999999
2364,133498462495909,"[""hex-band"",30,0,18]",121.58996669130001,265.80000000000001
2365,7288964996767,"[""hex-band"",30,0,19]",111.4574694671,271.64999999999998
2366,132962290980610,"[""hex-band"",30,0,20]",101.3249722428,277.5
2367,117299662610227,"[""hex-band"",30,0,21]",91.192475018500005,283.35000000000002
2368,134041779858761,"[""hex-band"",30,0,22]",81.059977794199995,289.19999999999999
2369,6411548072285,"[""hex-band"",30,0,23]",70.927480569899998,295.05000000000001
2370,105206609904012,"[""hex-band"",30,0,24]",60.794983345699997,300.89999999999998
2371,10485417162456,"[""hex-band"",30,0,25]",50.662486121400001,306.75
2372,41152143285903,"[""hex-band"",30,0,26]",40.529988897099997,312.60000000000002
2373,278094233392947,"[""hex-band"",30,0,27]",30.397491672800001,318.44999999999999
2374,51686060994937,"[""hex-band"",30,0,28]",20.2649944486,324.30000000000001
2375,201207700800792,"[""hex-band"",30,0,29]",10.1324972243,330.14999999999998
2376,231084912358974,"[""hex-band"",30,1,0]",0,336
2377,257115202091941,"[""hex-band"",30,1,1]",-10.1324972243,330.14999999999998
2378,240831404902881,"[""hex-band"",30,1,2]",-20.2649944486,324.30000000000001
2379,225480780660060,"[""hex-band"",30,1,3]",-30.397491672800001,318.44999999999999
2380,214789293318716,"[""hex-band"",30,1,4]",-40.529988897099997,312.60000000000002
2381,137483746903648,"[""hex-band"",30,1,5]",-50.662486121400001,306.75
2382,107468491210019,"[""hex-band"",30,1,6]",-60.794983345699997,300.89999999999998
2383,175032254367011,"[""hex-band"",30,1,7]",-70.927480569899998,295.05000000000001
2384,74254175066738,"[""hex-band"",30,1,8]",-81.059977794199995,289.19999999999999
2385,219109841425680,"[""hex-band"",30,1,9]",-91.192475018500005,283.35000000000002
2386,181116639330586,"[""hex-band"",30,1,10]",-101.3249722428,277.5
2387,42783344777345,"[""hex-band"",30,1,11]",-111.4574694671,271.64999999999998
2388,230796814141745,"[""hex-band"",30,1,12]",-121.58996669130001,265.80000000000001
2389,36352472256084,"[""hex-band"",30,1,13]",-131.7224639156,259.94999999999999
2390,43981794564633,"[""hex-band"",30,1,14]",-141.85496113990001,254.09999999999999
2391,271918488156855,"[""hex-band"",30,1,15]",-151.98745836419999,248.25
2392,24051048878794,"[""hex-band"",30,1,16]",-162.11995558839999,242.40000000000001
2393,95802212633954,"[""hex-band"",30,1,17]",-172.2524528127,236.55000000000001
2394,169666025435208,"[""hex-band"",30,1,18]",-182.38495003700001,230.69999999999999
2395,154412273708247,"[""hex-band"",30,1,19]",-192.51744726129999,224.84999999999999
2396,267429500541141,"[""hex-band"",30,1,20]",-202.6499444856,219
2397,195750069282714,"[""hex-band"",30,1,21]",-212.7824417098,213.15000000000001
2398,68504293784917,"[""hex-band"",30,1,22]",-222.91493893410001,207.30000000000001
2399,255471181338629,"[""hex-band"",30,1,23]",-233.04743615839999,201.44999999999999
2400,23345038022736,"[""hex-band"",30,1,24]",-243.1799333827,195.59999999999999
2401,277791333906903,"[""hex-band"",30,1,25]",-253.31243060689999,189.75
2402,203512066417829,"[""hex-band"",30,1,26]",-263.4449278312,183.90000000000001
2403,154967648009281,"[""hex-band"",30,1,27]",-273.57742505549999,178.05000000000001
2404,90688670530079,"[""hex-band"",30,1,28]",-283.70992227980003,172.19999999999999
2405,57715493849543,"[""hex-band"",30,1,29]",-293.84241950410001,166.34999999999999
2406,224853754474034,"[""hex-band"",30,2,0]",-303.9749167283,160.5
2407,27044526336519,"[""hex-band"",30,2,1]",-303.9749167283,148.80000000000001
2408,257664277370342,"[""hex-band"",30,2,2]",-303.9749167283,137.09999999999999
2409,20264030909834,"[""hex-band"",30,2,3]",-303.9749167283,125.40000000000001
2410,240882145780792,"[""hex-band"",30,2,4]",-303.9749167283,113.7
2411,130004123891494,"[""hex-band"",30,2,5]",-303.9749167283,102
2412,229161000809529,"[""hex-band"",30,2,6]",-303.9749167283,90.299999999999997
2413,2860831566072,"[""hex-band"",30,2,7]",-303.9749167283,78.599999999999994
2414,170306177686425,"[""hex-band"",30,2,8]",-303.9749167283,66.900000000000006
2415,221406503144152,"[""hex-band"",30,2,9]",-303.9749167283,55.200000000000003
2416,4506839751611,"[""hex-band"",30,2,10]",-303.9749167283,43.5
2417,219642633791158,"[""hex-band"",30,2,11]",-303.9749167283,31.800000000000001
2418,68508075089080,"[""hex-band"",30,2,12]",-303.9749167283,20.100000000000001
2419,143891034039701,"[""hex-band"",30,2,13]",-303.9749167283,8.4000000000000004
2420,88782004972613,"[""hex-band"",30,2,14]",-303.9749167283,-3.2999999999999998
2421,109812513755338,"[""hex-band"",30,2,15]",-303.9749167283,-15
2422,141674628085976,"[""hex-band"",30,2,16]",-303.9749167283,-26.699999999999999
2423,42134107893080,"[""hex-band"",30,2,17]",-303.9749167283,-38.399999999999999
2424,177889344955017,"[""hex-band"",30,2,18]",-303.9749167283,-50.100000000000001
2425,26593624129343,"[""hex-band"",30,2,19]",-303.9749167283,-61.799999999999997
2426,237652502080500,"[""hex-band"",30,2,20]",-303.9749167283,-73.5
2427,138470168605249,"[""hex-band"",30,2,21]",-303.9749167283,-85.200000000000003
2428,28505507732177,"[""hex-band"",30,2,22]",-303.9749167283,-96.900000000000006
2429,102050310591741,"[""hex-band"",30,2,23]",-303.9749167283,-108.59999999999999
2430,263146486937429,"[""hex-band"",30,2,24]",-303.9749167283,-120.3
2431,39723001518239,"[""hex-band"",30,2,25]",-303.9749167283,-132
2432,231843037530026,"[""hex-band"",30,2,26]",-303.9749167283,-143.69999999999999
2433,103120434425006,"[""hex-band"",30,2,27]",-303.9749167283,-155.40000000000001
2434,245379483303253,"[""hex-band"",30,2,28]",-303.9749167283,-167.09999999999999
2435,19034456127269,"[""hex-band"",30,3,2]",-283.70992227980003,-202.19999999999999
2436,49297686984301,"[""hex-band"",30,3,3]",-273.57742505549999,-208.05000000000001
2437,200655020398383,"[""hex-band"",30,3,4]",-263.4449278312,-213.90000000000001
2438,172127031605744,"[""hex-band"",30,3,5]",-253.31243060689999,-219.75
2439,142273390923343,"[""hex-band"",30,3,6]",-243.1799333827,-225.59999999999999
2440,67515336404647,"[""hex-band"",30,3,7]",-233.04743615839999,-231.44999999999999
2441,1052761549574,"[""hex-band"",30,3,8]",-222.91493893410001,-237.30000000000001
2442,224500309003532,"[""hex-band"",30,3,9]",-212.7824417098,-243.15000000000001
2443,195587325142629,"[""hex-band"",30,3,10]",-202.6499444856,-249
2444,49228086324589,"[""hex-band"",30,3,11]",-192.51744726129999,-254.84999999999999
2445,253957608452049,"[""hex-band"",30,3,12]",-182.38495003700001,-260.69999999999999
2446,111117611195437,"[""hex-band"",30,3,13]",-172.2524528127,-266.55000000000001
2447,159813612570175,"[""hex-band"",30,3,14]",-162.11995558839999,-272.39999999999998
2448,232635028123057,"[""hex-band"",30,3,15]",-151.98745836419999,-278.25
2449,43989994163381,"[""hex-band"",30,3,16]",-141.85496113990001,-284.10000000000002
2450,37142857869657,"[""hex-band"",30,3,17]",-131.7224639156,-289.94999999999999
2451,176977368604549,"[""hex-band"",30,3,18]",-121.58996669130001,-295.80000000000001
2452,162907027271421,"[""hex-band"",30,3,19]",-111.4574694671,-301.64999999999998
2453,236203184178697,"[""hex-band"",30,3,20]",-101.3249722428,-307.5
2454,232222406896175,"[""hex-band"",30,3,21]",-91.192475018500005,-313.35000000000002
2455,156951452180384,"[""hex-band"",30,3,22]",-81.059977794199995,-319.19999999999999
2456,269328610085241,"[""hex-band"",30,3,23]",-70.927480569899998,-325.05000000000001
2457,24469302354562,"[""hex-band"",30,3,24]",-60.794983345699997,-330.89999999999998
2458,124977352345642,"[""hex-band"",30,3,25]",-50.662486121400001,-336.75
2459,276842841797295,"[""hex-band"",30,3,26]",-40.529988897099997,-342.60000000000002
2460,68283745498735,"[""hex-band"",30,3,27]",-30.397491672800001,-348.44999999999999
2461,171276887332349,"[""hex-band"",30,4,3]",30.397491672800001,-348.44999999999999
2462,223784116273192,"[""hex-band"",30,4,4]",40.529988897099997,-342.60000000000002
2463,144083586991687,"[""hex-band"",30,4,5]",50.662486121400001,-336.75
2464,114048596737867,"[""hex-band"",30,4,6]",60.794983345699997,-330.89999999999998
2465,40885376133743,"[""hex-band"",30,4,7]",70.927480569899998,-325.05000000000001
2466,136281169061131,"[""hex-band"",30,4,8]",81.059977794199995,-319.19999999999999
2467,240631730286053,"[""hex-band"",30,4,9]",91.192475018500005,-313.35000000000002
2468,164383406868546,"[""hex-band"",30,4,10]",101.3249722428,-307.5
2469,225557725012173,"[""hex-band"",30,4,11]",111.4574694671,-301.64999999999998
2470,210827977379899,"[""hex-band"",30,4,12]",121.58996669130001,-295.80000000000001
2471,13510289813301,"[""hex-band"",30,4,13]",131.7224639156,-289.94999999999999
2472,97651815073715,"[""hex-band"",30,4,14]",141.85496113990001,-284.10000000000002
2473,280140558584810,"[""hex-band"",30,4,15]",151.98745836419999,-278.25
2474,209118809869751,"[""hex-band"",30,4,16]",162.11995558839999,-272.39999999999998
2475,35886614409312,"[""hex-band"",30,4,17]",172.2524528127,-266.55000000000001
2476,218686700327887,"[""hex-band"",30,4,18]",182.38495003700001,-260.69999999999999
2477,7341118922520,"[""hex-band"",30,4,19]",192.51744726129999,-254.84999999999999
2478,271538564398669,"[""hex-band"",30,4,20]",202.6499444856,-249
2479,100674830775922,"[""hex-band"",30,4,21]",212.7824417098,-243.15000000000001
2480,255674623125718,"[""hex-band"",30,4,22]",222.91493893410001,-237.30000000000001
2481,87280971430292,"[""hex-band"",30,4,23]",233.04743615839999,-231.44999999999999
2482,87165810108672,"[""hex-band"",30,4,24]",243.1799333827,-225.59999999999999
2483,167348991367107,"[""hex-band"",30,4,25]",253.31243060689999,-219.75
2484,255487314940145,"[""hex-band"",30,4,26]",263.4449278312,-213.90000000000001
2485,85610491784043,"[""hex-band"",30,4,27]",273.57742505549999,-208.05000000000001
2486,108493842229948,"[""hex-band"",30,4,28]",283.70992227980003,-202.19999999999999
2487,11650513450989,"[""hex-band"",30,5,2]",303.9749167283,-167.09999999999999
2488,255243847474193,"[""hex-band"",30,5,3]",303.9749167283,-155.40000000000001
2489,212740333672007,"[""hex-band"",30,5,4]",303.9749167283,-143.69999999999999
2490,240595772558975,"[""hex-band"",30,5,5]",303.9749167283,-132
2491,72458659616338,"[""hex-band"",30,5,6]",303.9749167283,-120.3
2492,254107951859877,"[""hex-band"",30,5,7]",303.9749167283,-108.59999999999999
2493,162400820252322,"[""hex-band"",30,5,8]",303.9749167283,-96.900000000000006
2494,180636600920911,"[""hex-band"",30,5,9]",303.9749167283,-85.200000000000003
2495,76784729643024,"[""hex-band"",30,5,10]",303.9749167283,-73.5
2496,164533746022025,"[""hex-band"",30,5,11]",303.9749167283,-61.799999999999997
2497,164576949733264,"[""hex-band"",30,5,12]",303.9749167283,-50.100000000000001
2498,218389020062216,"[""hex-band"",30,5,13]",303.9749167283,-38.399999999999999
2499,54680435302947,"[""hex-band"",30,5,14]",303.9749167283,-26.699999999999999
2500,111880640133353,"[""hex-band"",30,5,15]",303.9749167283,-15
2501,169347941518870,"[""hex-band"",30,5,16]",303.9749167283,-3.2999999999999998
2502,133519894130905,"[""hex-band"",30,5,17]",303.9749167283,8.4000000000000004
2503,64122037019112,"[""hex-band"",30,5,18]",303.9749167283,20.100000000000001
2504,248854786852495,"[""hex-band"",30,5,19]",303.9749167283,31.800000000000001
2505,11117047609953,"[""hex-band"",30,5,20]",303.9749167283,43.5
2506,92568024520898,"[""hex-band"",30,5,21]",303.9749167283,55.200000000000003
2507,179789366115905,"[""hex-band"",30,5,22]",303.9749167283,66.900000000000006
2508,204035565857239,"[""hex-band"",30,5,23]",303.9749167283,78.599999999999994
2509,128459275134576,"[""hex-band"",30,5,24]",303.9749167283,90.299999999999997
2510,18078910522515,"[""hex-band"",30,5,25]",303.9749167283,102
2511,20905987716282,"[""hex-band"",30,5,26]",303.9749167283,113.7
2512,84979573502456,"[""hex-band"",30,5,27]",303.9749167283,125.40000000000001
2513,257035786909728,"[""hex-band"",30,5,28]",303.9749167283,137.09999999999999
2514,138370247588225,"[""hex-band"",30,5,29]",303.9749167283,148.80000000000001
2515,281263114148757,"[""hex-band"",31,0,1]",303.9749167283,172.19999999999999
2516,114639314091384,"[""hex-band"",31,0,2]",293.84241950410001,178.05000000000001
2517,22039270237624,"[""hex-band"",31,0,3]",283.70992227980003,183.90000000000001
2518,241578518220069,"[""hex-band"",31,0,4]",273.57742505549999,189.75
2519,276398600067042,"[""hex-band"",31,0,5]",263.4449278312,195.59999999999999
2520,112787469465631,"[""hex-band"",31,0,6]",253.31243060689999,201.44999999999999
2521,177339118477728,"[""hex-band"",31,0,7]",243.1799333827,207.30000000000001
2522,66455292783250,"[""hex-band"",31,0,8]",233.04743615839999,213.15000000000001
2523,212744198248813,"[""hex-band"",31,0,9]",222.91493893410001,219
2524,248118691885528,"[""hex-band"",31,0,10]",212.7824417098,224.84999999999999
2525,180344100245964,"[""hex-band"",31,0,11]",202.6499444856,230.69999999999999
2526,8857336068102,"[""hex-band"",31,0,12]",192.51744726129999,236.55000000000001
2527,113750938785606,"[""hex-band"",31,0,13]",182.38495003700001,242.40000000000001
2528,107971238307149,"[""hex-band"",31,0,14]",172.2524528127,248.25
2529,175835427491701,"[""hex-band"",31,0,15]",162.11995558839999,254.09999999999999
2530,216618114449772,"[""hex-band"",31,0,16]",151.98745836419999,259.94999999999999
2531,45929685085535,"[""hex-band"",31,0,17]",141.85496113990001,265.80000000000001
2532,220853885505031,"[""hex-band"",31,0,18]",131.7224639156,271.64999999999998
2533,74942279032811,"[""hex-band"",31,0,19]",121.58996669130001,277.5
2534,21393788999927,"[""hex-band"",31,0,20]",111.4574694671,283.35000000000002
2535,129798431357021,"[""hex-band"",31,0,21]",101.3249722428,289.19999999999999
2536,212862595591738,"[""hex-band"",31,0,22]",91.192475018500005,295.05000000000001
2537,187187851771007,"[""hex-band"",31,0,23]",81.059977794199995,300.89999999999998
2538,133968037143930,"[""hex-band"",31,0,24]",70.927480569899998,306.75
2539,266157175777430,"[""hex-band"",31,0,25]",60.794983345699997,312.60000000000002
2540,169779339968771,"[""hex-band"",31,0,26]",50.662486121400001,318.44999999999999
2541,24715251672367,"[""hex-band"",31,0,27]",40.529988897099997,324.30000000000001
2542,232374459514595,"[""hex-band"",31,0,28]",30.397491672800001,330.14999999999998
2543,110558215489167,"[""hex-band"",31,0,29]",20.2649944486,336
2544,135772392345685,"[""hex-band"",31,0,30]",10.1324972243,341.85000000000002
2545,48289236620223,"[""hex-band"",31,1,0]",0,347.69999999999999
2546,280785601001317,"[""hex-band"",31,1,1]",-10.1324972243,341.85000000000002
2547,241106329242414,"[""hex-band"",31,1,2]",-20.2649944486,336
2548,254369185121987,"[""hex-band"",31,1,3]",-30.397491672800001,330.14999999999998
2549,51995312677757,"[""hex-band"",31,1,4]",-40.529988897099997,324.30000000000001
2550,20428504047947,"[""hex-band"",31,1,5]",-50.662486121400001,318.44999999999999
2551,191826127570262,"[""hex-band"",31,1,6]",-60.794983345699997,312.60000000000002
2552,263655578940124,"[""hex-band"",31,1,7]",-70.927480569899998,306.75
2553,275255075766245,"[""hex-band"",31,1,8]",-81.059977794199995,300.89999999999998
2554,75220201613933,"[""hex-band"",31,1,9]",-91.192475018500005,295.05000000000001
2555,148709669257654,"[""hex-band"",31,1,10]",-101.3249722428,289.19999999999999
2556,56382611445941,"[""hex-band"",31,1,11]",-111.4574694671,283.35000000000002
2557,151137003921703,"[""hex-band"",31,1,12]",-121.58996669130001,277.5
2558,183442561743210,"[""hex-band"",31,1,13]",-131.7224639156,271.64999999999998
2559,182970493072288,"[""hex-band"",31,1,14]",-141.85496113990001,265.80000000000001
2560,221824349916222,"[""hex-band"",31,1,15]",-151.98745836419999,259.94999999999999
2561,28357230382193,"[""hex-band"",31,1,16]",-162.11995558839999,254.09999999999999
2562,68235509017306,"[""hex-band"",31,1,17]",-172.2524528127,248.25
2563,245230544139112,"[""hex-band"",31,1,18]",-182.38495003700001,242.40000000000001
2564,144405214771241,"[""hex-band"",31,1,19]",-192.51744726129999,236.55000000000001
2565,102376915437176,"[""hex-band"",31,1,20]",-202.6499444856,230.69999999999999
2566,143005398799892,"[""hex-band"",31,1,21]",-212.7824417098,224.84999999999999
2567,122916343017585,"[""hex-band"",31,1,22]",-222.91493893410001,219
2568,99057173134806,"[""hex-band"",31,1,23]",-233.04743615839999,213.15000000000001
2569,57204353688738,"[""hex-band"",31,1,24]",-243.1799333827,207.30000000000001
2570,119654983753142,"[""hex-band"",31,1,25]",-253.31243060689999,201.44999999999999
2571,93017453245808,"[""hex-band"",31,1,26]",-263.4449278312,195.59999999999999
2572,258026716695005,"[""hex-band"",31,1,27]",-273.57742505549999,189.75
2573,255141059327750,"[""hex-band"",31,1,28]",-283.70992227980003,183.90000000000001
2574,158789900322530,"[""hex-band"",31,1,29]",-293.84241950410001,178.05000000000001
2575,28079131729215,"[""hex-band"",31,1,30]",-303.9749167283,172.19999999999999
2576,251923923135401,"[""hex-band"",31,2,2]",-314.10741395259998,142.94999999999999
2577,268569921455224,"[""hex-band"",31,2,3]",-314.10741395259998,131.25
2578,28402071345401,"[""hex-band"",31,2,4]",-314.10741395259998,119.55
2579,164820088546764,"[""hex-band"",31,2,5]",-314.10741395259998,107.84999999999999
2580,31058456801260,"[""hex-band"",31,2,6]",-314.10741395259998,96.150000000000006
2581,128184681099680,"[""hex-band"",31,2,7]",-314.10741395259998,84.450000000000003
2582,137446317389747,"[""hex-band"",31,2,8]",-314.10741395259998,72.75
2583,274053032169261,"[""hex-band"",31,2,9]",-314.10741395259998,61.049999999999997
2584,49371494733941,"[""hex-band"",31,2,10]",-314.10741395259998,49.350000000000001
2585,116082226467299,"[""hex-band"",31,2,11]",-314.10741395259998,37.649999999999999
2586,145171517231413,"[""hex-band"",31,2,12]",-314.10741395259998,25.949999999999999
2587,266993074167665,"[""hex-band"",31,2,13]",-314.10741395259998,14.25
2588,22610257488135,"[""hex-band"",31,2,14]",-314.10741395259998,2.5499999999999998
2589,70319689082112,"[""hex-band"",31,2,15]",-314.10741395259998,-9.1500000000000004
2590,244549291371042,"[""hex-band"",31,2,16]",-314.10741395259998,-20.850000000000001
2591,28476551041850,"[""hex-band"",31,2,17]",-314.10741395259998,-32.549999999999997
2592,45753650700935,"[""hex-band"",31,2,18]",-314.10741395259998,-44.25
2593,76516675616784,"[""hex-band"",31,2,19]",-314.10741395259998,-55.950000000000003
2594,203270018216885,"[""hex-band"",31,2,20]",-314.10741395259998,-67.650000000000006
2595,102554922899948,"[""hex-band"",31,2,21]",-314.10741395259998,-79.349999999999994
2596,265307362234162,"[""hex-band"",31,2,22]",-314.10741395259998,-91.049999999999997
2597,154705259784475,"[""hex-band"",31,2,23]",-314.10741395259998,-102.75
2598,146112501981610,"[""hex-band"",31,2,24]",-314.10741395259998,-114.45
2599,172867206013313,"[""hex-band"",31,2,25]",-314.10741395259998,-126.15000000000001
2600,15034487049222,"[""hex-band"",31,2,26]",-314.10741395259998,-137.84999999999999
2601,249109943562928,"[""hex-band"",31,2,27]",-314.10741395259998,-149.55000000000001
2602,157476256771961,"[""hex-band"",31,3,5]",-263.4449278312,-225.59999999999999
2603,56211176584510,"[""hex-band"",31,3,6]",-253.31243060689999,-231.44999999999999
2604,34303879857452,"[""hex-band"",31,3,7]",-243.1799333827,-237.30000000000001
2605,280928824644332,"[""hex-band"",31,3,8]",-233.04743615839999,-243.15000000000001
2606,17273085655056,"[""hex-band"",31,3,9]",-222.91493893410001,-249
2607,6310730676853,"[""hex-band"",31,3,10]",-212.7824417098,-254.84999999999999
2608,144949919160052,"[""hex-band"",31,3,11]",-202.6499444856,-260.69999999999999
2609,167323833960816,"[""hex-band"",31,3,12]",-192.51744726129999,-266.55000000000001
2610,265419005136414,"[""hex-band"",31,3,13]",-182.38495003700001,-272.39999999999998
2611,99023548974424,"[""hex-band"",31,3,14]",-172.2524528127,-278.25
2612,1103795066155,"[""hex-band"",31,3,15]",-162.11995558839999,-284.10000000000002
2613,205156397597656,"[""hex-band"",31,3,16]",-151.98745836419999,-289.94999999999999
2614,20488416723236,"[""hex-band"",31,3,17]",-141.85496113990001,-295.80000000000001
2615,148260594262545,"[""hex-band"",31,3,18]",-131.7224639156,-301.64999999999998
2616,244126790302757,"[""hex-band"",31,3,19]",-121.58996669130001,-307.5
2617,1838308513128,"[""hex-band"",31,3,20]",-111.4574694671,-313.35000000000002
2618,202749225684257,"[""hex-band"",31,3,21]",-101.3249722428,-319.19999999999999
2619,168703630308170,"[""hex-band"",31,3,22]",-91.192475018500005,-325.05000000000001
2620,243090290117910,"[""hex-band"",31,3,23]",-81.059977794199995,-330.89999999999998
2621,204839443745810,"[""hex-band"",31,3,24]",-70.927480569899998,-336.75
2622,35523171359683,"[""hex-band"",31,3,25]",-60.794983345699997,-342.60000000000002
2623,50316023392037,"[""hex-band"",31,4,6]",60.794983345699997,-342.60000000000002
2624,259718463221888,"[""hex-band"",31,4,7]",70.927480569899998,-336.75
2625,79996103878536,"[""hex-band"",31,4,8]",81.059977794199995,-330.89999999999998
2626,85312342357832,"[""hex-band"",31,4,9]",91.192475018500005,-325.05000000000001
2627,99666723925957,"[""hex-band"",31,4,10]",101.3249722428,-319.19999999999999
2628,179445766522314,"[""hex-band"",31,4,11]",111.4574694671,-313.35000000000002
2629,152323760891346,"[""hex-band"",31,4,12]",121.58996669130001,-307.5
2630,154179780509547,"[""hex-band"",31,4,13]",131.7224639156,-301.64999999999998
2631,44790626910393,"[""hex-band"",31,4,14]",141.85496113990001,-295.80000000000001
2632,94126570141231,"[""hex-band"",31,4,15]",151.98745836419999,-289.94999999999999
2633,2709598437118,"[""hex-band"",31,4,16]",162.11995558839999,-284.10000000000002
2634,261184825199881,"[""hex-band"",31,4,17]",172.2524528127,-278.25
2635,50049875080993,"[""hex-band"",31,4,18]",182.38495003700001,-272.39999999999998
2636,185354291548434,"[""hex-band"",31,4,19]",192.51744726129999,-266.55000000000001
2637,228680470719174,"[""hex-band"",31,4,20]",202.6499444856,-260.69999999999999
2638,116790785441832,"[""hex-band"",31,4,21]",212.7824417098,-254.84999999999999
2639,114047939121260,"[""hex-band"",31,4,22]",222.91493893410001,-249
2640,7962398627173,"[""hex-band"",31,4,23]",233.04743615839999,-243.15000000000001
2641,162886820971923,"[""hex-band"",31,4,24]",243.1799333827,-237.30000000000001
2642,260865249784824,"[""hex-band"",31,4,25]",253.31243060689999,-231.44999999999999
2643,147765854312978,"[""hex-band"",31,4,26]",263.4449278312,-225.59999999999999
2644,248432207334046,"[""hex-band"",31,5,4]",314.10741395259998,-149.55000000000001
2645,1610374376329,"[""hex-band"",31,5,5]",314.10741395259998,-137.84999999999999
2646,103669601440218,"[""hex-band"",31,5,6]",314.10741395259998,-126.15000000000001
2647,113488970874595,"[""hex-band"",31,5,7]",314.10741395259998,-114.45
2648,184261868913706,"[""hex-band"",31,5,8]",314.10741395259998,-102.75
2649,40230155742721,"[""hex-band"",31,5,9]",314.10741395259998,-91.049999999999997
2650,258050382424089,"[""hex-band"",31,5,10]",314.10741395259998,-79.349999999999994
2651,114795824770205,"[""hex-band"",31,5,11]",314.10741395259998,-67.650000000000006
2652,32016143705296,"[""hex-band"",31,5,12]",314.10741395259998,-55.950000000000003
2653,17070824973532,"[""hex-band"",31,5,13]",314.10741395259998,-44.25
2654,200290753238743,"[""hex-band"",31,5,14]",314.10741395259998,-32.549999999999997
2655,85033972910443,"[""hex-band"",31,5,15]",314.10741395259998,-20.850000000000001
2656,106728665529638,"[""hex-band"",31,5,16]",314.10741395259998,-9.1500000000000004
2657,89011114909685,"[""hex-band"",31,5,17]",314.10741395259998,2.5499999999999998
2658,195095619383330,"[""hex-band"",31,5,18]",314.10741395259998,14.25
2659,205410316600186,"[""hex-band"",31,5,19]",314.10741395259998,25.949999999999999
2660,184266664301323,"[""hex-band"",31,5,20]",314.10741395259998,37.649999999999999
2661,245705020315062,"[""hex-band"",31,5,21]",314.10741395259998,49.350000000000001
2662,199836726994659,"[""hex-band"",31,5,22]",314.10741395259998,61.049999999999997
2663,192828116120642,"[""hex-band"",31,5,23]",314.10741395259998,72.75
2664,105679134044281,"[""hex-band"",31,5,24]",314.10741395259998,84.450000000000003
2665,75352950145052,"[""hex-band"",31,5,25]",314.10741395259998,96.150000000000006
2666,251524007153741,"[""hex-band"",31,5,26]",314.10741395259998,107.84999999999999
2667,197212973478584,"[""hex-band"",31,5,27]",314.10741395259998,119.55
2668,187521514315473,"[""hex-band"",31,5,28]",314.10741395259998,131.25
2669,253895435857208,"[""hex-band"",31,5,29]",314.10741395259998,142.94999999999999
2670,63495188448021,"[""hex-band"",32,0,3]",293.84241950410001,189.75
2671,26185891770304,"[""hex-band"",32,0,4]",283.70992227980003,195.59999999999999
2672,108559454820478,"[""hex-band"",32,0,5]",273.57742505549999,201.44999999999999
2673,38040414528243,"[""hex-band"",32,0,6]",263.4449278312,207.30000000000001
2674,98477017247099,"[""hex-band"",32,0,7]",253.31243060689999,213.15000000000001
2675,280980749835482,"[""hex-band"",32,0,8]",243.1799333827,219
2676,121078137487215,"[""hex-band"",32,0,9]",233.04743615839999,224.84999999999999
2677,157754354298119,"[""hex-band"",32,0,10]",222.91493893410001,230.69999999999999
2678,104862679663735,"[""hex-band"",32,0,11]",212.7824417098,236.55000000000001
2679,52694429784581,"[""hex-band"",32,0,12]",202.6499444856,242.40000000000001
2680,76256144994779,"[""hex-band"",32,0,13]",192.51744726129999,248.25
2681,177461361272981,"[""hex-band"",32,0,14]",182.38495003700001,254.09999999999999
2682,206069230532630,"[""hex-band"",32,0,15]",172.2524528127,259.94999999999999
2683,108779100689840,"[""hex-band"",32,0,16]",162.11995558839999,265.80000000000001
2684,215763050722111,"[""hex-band"",32,0,17]",151.98745836419999,271.64999999999998
2685,52948007016464,"[""hex-band"",32,0,18]",141.85496113990001,277.5
2686,70491805409975,"[""hex-band"",32,0,19]",131.7224639156,283.35000000000002
2687,51517649169465,"[""hex-band"",32,0,20]",121.58996669130001,289.19999999999999
2688,270240305656592,"[""hex-band"",32,0,21]",111.4574694671,295.05000000000001
2689,229959379702199,"[""hex-band"",32,0,22]",101.3249722428,300.89999999999998
2690,129791291745687,"[""hex-band"",32,0,23]",91.192475018500005,306.75
2691,233951594271654,"[""hex-band"",32,0,24]",81.059977794199995,312.60000000000002
2692,213200988364214,"[""hex-band"",32,0,25]",70.927480569899998,318.44999999999999
2693,267826139234001,"[""hex-band"",32,0,26]",60.794983345699997,324.30000000000001
2694,240390396457769,"[""hex-band"",32,0,27]",50.662486121400001,330.14999999999998
2695,229413451207011,"[""hex-band"",32,0,28]",40.529988897099997,336
2696,186938064322507,"[""hex-band"",32,0,29]",30.397491672800001,341.85000000000002
2697,248113875665266,"[""hex-band"",32,0,30]",20.2649944486,347.69999999999999
2698,189785466559981,"[""hex-band"",32,1,2]",-20.2649944486,347.69999999999999
2699,118704776607585,"[""hex-band"",32,1,3]",-30.397491672800001,341.85000000000002
2700,3873335621003,"[""hex-band"",32,1,4]",-40.529988897099997,336
2701,185347691842737,"[""hex-band"",32,1,5]",-50.662486121400001,330.14999999999998
2702,203093987693817,"[""hex-band"",32,1,6]",-60.794983345699997,324.30000000000001
2703,126913119409251,"[""hex-band"",32,1,7]",-70.927480569899998,318.44999999999999
2704,20292995706693,"[""hex-band"",32,1,8]",-81.059977794199995,312.60000000000002
2705,26323384921027,"[""hex-band"",32,1,9]",-91.192475018500005,306.75
2706,141299147212795,"[""hex-band"",32,1,10]",-101.3249722428,300.89999999999998
2707,257882487253839,"[""hex-band"",32,1,11]",-111.4574694671,295.05000000000001
2708,88046986693401,"[""hex-band"",32,1,12]",-121.58996669130001,289.19999999999999
2709,181161398392393,"[""hex-band"",32,1,13]",-131.7224639156,283.35000000000002
2710,27371058700823,"[""hex-band"",32,1,14]",-141.85496113990001,277.5
2711,105348318570235,"[""hex-band"",32,1,15]",-151.98745836419999,271.64999999999998
2712,204661891931008,"[""hex-band"",32,1,16]",-162.11995558839999,265.80000000000001
2713,243193116744938,"[""hex-band"",32,1,17]",-172.2524528127,259.94999999999999
2714,65652918424116,"[""hex-band"",32,1,18]",-182.38495003700001,254.09999999999999
2715,188231852298471,"[""hex-band"",32,1,19]",-192.51744726129999,248.25
2716,204659999024935,"[""hex-band"",32,1,20]",-202.6499444856,242.40000000000001
2717,140931420243406,"[""hex-band"",32,1,21]",-212.7824417098,236.55000000000001
2718,33041738530283,"[""hex-band"",32,1,22]",-222.91493893410001,230.69999999999999
2719,33991069097952,"[""hex-band"",32,1,23]",-233.04743615839999,224.84999999999999
2720,262730077810695,"[""hex-band"",32,1,24]",-243.1799333827,219
2721,212250976510474,"[""hex-band"",32,1,25]",-253.31243060689999,213.15000000000001
2722,207460794012936,"[""hex-band"",32,1,26]",-263.4449278312,207.30000000000001
2723,9128574063477,"[""hex-band"",32,1,27]",-273.57742505549999,201.44999999999999
2724,263956332834068,"[""hex-band"",32,1,28]",-283.70992227980003,195.59999999999999
2725,273322731517574,"[""hex-band"",32,1,29]",-293.84241950410001,189.75
2726,207372633535471,"[""hex-band"",32,2,4]",-324.23991117690002,125.40000000000001
2727,240714881828495,"[""hex-band"",32,2,5]",-324.23991117690002,113.7
2728,61304747769953,"[""hex-band"",32,2,6]",-324.23991117690002,102
2729,173003147132172,"[""hex-band"",32,2,7]",-324.23991117690002,90.299999999999997
2730,168229310791375,"[""hex-band"",32,2,8]",-324.23991117690002,78.599999999999994
2731,73769543281061,"[""hex-band"",32,2,9]",-324.23991117690002,66.900000000000006
2732,66441827998627,"[""hex-band"",32,2,10]",-324.23991117690002,55.200000000000003
2733,24184592093396,"[""hex-band"",32,2,11]",-324.23991117690002,43.5
2734,133835167677600,"[""hex-band"",32,2,12]",-324.23991117690002,31.800000000000001
2735,260744713724296,"[""hex-band"",32,2,13]",-324.23991117690002,20.100000000000001
2736,266134807100801,"[""hex-band"",32,2,14]",-324.23991117690002,8.4000000000000004
2737,267880994551154,"[""hex-band"",32,2,15]",-324.23991117690002,-3.2999999999999998
2738,56353756868798,"[""hex-band"",32,2,16]",-324.23991117690002,-15
2739,136516058854727,"[""hex-band"",32,2,17]",-324.23991117690002,-26.699999999999999
2740,131339389931272,"[""hex-band"",32,2,18]",-324.23991117690002,-38.399999999999999
2741,82220291165009,"[""hex-band"",32,2,19]",-324.23991117690002,-50.100000000000001
2742,179624977962512,"[""hex-band"",32,2,20]",-324.23991117690002,-61.799999999999997
2743,37500256728522,"[""hex-band"",32,2,21]",-324.23991117690002,-73.5
2744,29756753661177,"[""hex-band"",32,2,22]",-324.23991117690002,-85.200000000000003
2745,58883001028370,"[""hex-band"",32,2,23]",-324.23991117690002,-96.900000000000006
2746,245798890890959,"[""hex-band"",32,2,24]",-324.23991117690002,-108.59999999999999
2747,70688135324562,"[""hex-band"",32,2,25]",-324.23991117690002,-120.3
2748,240377959107277,"[""hex-band"",32,3,8]",-243.1799333827,-249
2749,205771560083409,"[""hex-band"",32,3,9]",-233.04743615839999,-254.84999999999999
2750,43606643590508,"[""hex-band"",32,3,10]",-222.91493893410001,-260.69999999999999
2751,19071947637416,"[""hex-band"",32,3,11]",-212.7824417098,-266.55000000000001
2752,222322209343724,"[""hex-band"",32,3,12]",-202.6499444856,-272.39999999999998
2753,135868420598885,"[""hex-band"",32,3,13]",-192.51744726129999,-278.25
2754,257184433232332,"[""hex-band"",32,3,14]",-182.38495003700001,-284.10000000000002
2755,250034881458540,"[""hex-band"",32,3,15]",-172.2524528127,-289.94999999999999
2756,203960323296465,"[""hex-band"",32,3,16]",-162.11995558839999,-295.80000000000001
2757,118161795467655,"[""hex-band"",32,3,17]",-151.98745836419999,-301.64999999999998
2758,204458042817255,"[""hex-band"",32,3,18]",-141.85496113990001,-307.5
2759,257722876268714,"[""hex-band"",32,3,19]",-131.7224639156,-313.35000000000002
2760,271682617117611,"[""hex-band"",32,3,20]",-121.58996669130001,-319.19999999999999
2761,79654228211172,"[""hex-band"",32,3,21]",-111.4574694671,-325.05000000000001
2762,102903409106468,"[""hex-band"",32,3,22]",-101.3249722428,-330.89999999999998
2763,72198184129461,"[""hex-band"",32,3,23]",-91.192475018500005,-336.75
2764,154244215162230,"[""hex-band"",32,4,9]",91.192475018500005,-336.75
2765,67217519991530,"[""hex-band"",32,4,10]",101.3249722428,-330.89999999999998
2766,47922603701172,"[""hex-band"",32,4,11]",111.4574694671,-325.05000000000001
2767,104629160195277,"[""hex-band"",32,4,12]",121.58996669130001,-319.19999999999999
2768,15103265914644,"[""hex-band"",32,4,13]",131.7224639156,-313.35000000000002
2769,268402067608876,"[""hex-band"",32,4,14]",141.85496113990001,-307.5
2770,237827019045215,"[""hex-band"",32,4,15]",151.98745836419999,-301.64999999999998
2771,243528092865899,"[""hex-band"",32,4,16]",162.11995558839999,-295.80000000000001
2772,128867988820922,"[""hex-band"",32,4,17]",172.2524528127,-289.94999999999999
2773,81177437040541,"[""hex-band"",32,4,18]",182.38495003700001,-284.10000000000002
2774,118504325102298,"[""hex-band"",32,4,19]",192.51744726129999,-278.25
2775,21068855723401,"[""hex-band"",32,4,20]",202.6499444856,-272.39999999999998
2776,263972757238809,"[""hex-band"",32,4,21]",212.7824417098,-266.55000000000001
2777,206423535407454,"[""hex-band"",32,4,22]",222.91493893410001,-260.69999999999999
2778,115459419364672,"[""hex-band"",32,4,23]",233.04743615839999,-254.84999999999999
2779,34188298985161,"[""hex-band"",32,4,24]",243.1799333827,-249
2780,137400823558216,"[""hex-band"",32,5,7]",324.23991117690002,-120.3
2781,71837341639407,"[""hex-band"",32,5,8]",324.23991117690002,-108.59999999999999
2782,66076794359376,"[""hex-band"",32,5,9]",324.23991117690002,-96.900000000000006
2783,281247754906529,"[""hex-band"",32,5,10]",324.23991117690002,-85.200000000000003
2784,126537264573495,"[""hex-band"",32,5,11]",324.23991117690002,-73.5
2785,75016709236383,"[""hex-band"",32,5,12]",324.23991117690002,-61.799999999999997
2786,34276829044318,"[""hex-band"",32,5,13]",324.23991117690002,-50.100000000000001
2787,93643397029157,"[""hex-band"",32,5,14]",324.23991117690002,-38.399999999999999
2788,75235966384260,"[""hex-band"",32,5,15]",324.23991117690002,-26.699999999999999
2789,121509596515378,"[""hex-band"",32,5,16]",324.23991117690002,-15
2790,220976005505545,"[""hex-band"",32,5,17]",324.23991117690002,-3.2999999999999998
2791,97943284500385,"[""hex-band"",32,5,18]",324.23991117690002,8.4000000000000004
2792,135506007467947,"[""hex-band"",32,5,19]",324.23991117690002,20.100000000000001
2793,16711919131012,"[""hex-band"",32,5,20]",324.23991117690002,31.800000000000001
2794,55020418856360,"[""hex-band"",32,5,21]",324.23991117690002,43.5
2795,73320057056398,"[""hex-band"",32,5,22]",324.23991117690002,55.200000000000003
2796,221406160453267,"[""hex-band"",32,5,23]",324.23991117690002,66.900000000000006
2797,84623322427916,"[""hex-band"",32,5,24]",324.23991117690002,78.599999999999994
2798,73854758680954,"[""hex-band"",32,5,25]",324.23991117690002,90.299999999999997
2799,101007182263649,"[""hex-band"",32,5,26]",324.23991117690002,102
2800,68946595195786,"[""hex-band"",32,5,27]",324.23991117690002,113.7
2801,281425517352537,"[""hex-band"",32,5,28]",324.23991117690002,125.40000000000001
2802,62572337995040,"[""hex-band"",33,0,6]",273.57742505549999,213.15000000000001
2803,116484590174393,"[""hex-band"",33,0,7]",263.4449278312,219
2804,232055013626807,"[""hex-band"",33,0,8]",253.31243060689999,224.84999999999999
2805,236993308822652,"[""hex-band"",33,0,9]",243.1799333827,230.69999999999999
2806,182779056239304,"[""hex-band"",33,0,10]",233.04743615839999,236.55000000000001
2807,160054415288373,"[""hex-band"",33,0,11]",222.91493893410001,242.40000000000001
2808,19776037858515,"[""hex-band"",33,0,12]",212.7824417098,248.25
2809,69266696493335,"[""hex-band"",33,0,13]",202.6499444856,254.09999999999999
2810,257266265047165,"[""hex-band"",33,0,14]",192.51744726129999,259.94999999999999
2811,217433327453478,"[""hex-band"",33,0,15]",182.38495003700001,265.80000000000001
2812,1259350294151,"[""hex-band"",33,0,16]",172.2524528127,271.64999999999998
2813,229223953333444,"[""hex-band"",33,0,17]",162.11995558839999,277.5
2814,57324497189921,"[""hex-band"",33,0,18]",151.98745836419999,283.35000000000002
2815,219465544374382,"[""hex-band"",33,0,19]",141.85496113990001,289.19999999999999
2816,243213593078093,"[""hex-band"",33,0,20]",131.7224639156,295.05000000000001
2817,35808683157302,"[""hex-band"",33,0,21]",121.58996669130001,300.89999999999998
2818,77037160073251,"[""hex-band"",33,0,22]",111.4574694671,306.75
2819,182021357538245,"[""hex-band"",33,0,23]",101.3249722428,312.60000000000002
2820,264335425098559,"[""hex-band"",33,0,24]",91.192475018500005,318.44999999999999
2821,60855831790706,"[""hex-band"",33,0,25]",81.059977794199995,324.30000000000001
2822,48815475710121,"[""hex-band"",33,0,26]",70.927480569899998,330.14999999999998
2823,51745918278386,"[""hex-band"",33,0,27]",60.794983345699997,336
2824,170430604098911,"[""hex-band"",33,0,28]",50.662486121400001,341.85000000000002
2825,261152160065744,"[""hex-band"",33,1,5]",-50.662486121400001,341.85000000000002
2826,118749321686630,"[""hex-band"",33,1,6]",-60.794983345699997,336
2827,110561362474726,"[""hex-band"",33,1,7]",-70.927480569899998,330.14999999999998
2828,43606011448079,"[""hex-band"",33,1,8]",-81.059977794199995,324.30000000000001
2829,243956627578119,"[""hex-band"",33,1,9]",-91.192475018500005,318.44999999999999
2830,244442049990195,"[""hex-band"",33,1,10]",-101.3249722428,312.60000000000002
2831,50590781974068,"[""hex-band"",33,1,11]",-111.4574694671,306.75
2832,229451740235782,"[""hex-band"",33,1,12]",-121.58996669130001,300.89999999999998
2833,195923268608351,"[""hex-band"",33,1,13]",-131.7224639156,295.05000000000001
2834,132441556286760,"[""hex-band"",33,1,14]",-141.85496113990001,289.19999999999999
2835,184575209530852,"[""hex-band"",33,1,15]",-151.98745836419999,283.35000000000002
2836,199313936555418,"[""hex-band"",33,1,16]",-162.11995558839999,277.5
2837,133290472626565,"[""hex-band"",33,1,17]",-172.2524528127,271.64999999999998
2838,115743866705683,"[""hex-band"",33,1,18]",-182.38495003700001,265.80000000000001
2839,246412952992151,"[""hex-band"",33,1,19]",-192.51744726129999,259.94999999999999
2840,48194953253397,"[""hex-band"",33,1,20]",-202.6499444856,254.09999999999999
2841,246829039817568,"[""hex-band"",33,1,21]",-212.7824417098,248.25
2842,145327456071176,"[""hex-band"",33,1,22]",-222.91493893410001,242.40000000000001
2843,172140791820912,"[""hex-band"",33,1,23]",-233.04743615839999,236.55000000000001
2844,60427695086804,"[""hex-band"",33,1,24]",-243.1799333827,230.69999999999999
2845,134695776604266,"[""hex-band"",33,1,25]",-253.31243060689999,224.84999999999999
2846,240753516638232,"[""hex-band"",33,1,26]",-263.4449278312,219
2847,121553579202913,"[""hex-band"",33,1,27]",-273.57742505549999,213.15000000000001
2848,69110098032935,"[""hex-band"",33,2,7]",-334.3724084012,96.150000000000006
2849,159673271317927,"[""hex-band"",33,2,8]",-334.3724084012,84.450000000000003
2850,36296775057083,"[""hex-band"",33,2,9]",-334.3724084012,72.75
2851,145107898736390,"[""hex-band"",33,2,10]",-334.3724084012,61.049999999999997
2852,221989145655405,"[""hex-band"",33,2,11]",-334.3724084012,49.350000000000001
2853,20125028821049,"[""hex-band"",33,2,12]",-334.3724084012,37.649999999999999
2854,239373628091953,"[""hex-band"",33,2,13]",-334.3724084012,25.949999999999999
2855,183320577857832,"[""hex-band"",33,2,14]",-334.3724084012,14.25
2856,274200358621209,"[""hex-band"",33,2,15]",-334.3724084012,2.5499999999999998
2857,146018185393922,"[""hex-band"",33,2,16]",-334.3724084012,-9.1500000000000004
2858,280978683454947,"[""hex-band"",33,2,17]",-334.3724084012,-20.850000000000001
2859,124078403609157,"[""hex-band"",33,2,18]",-334.3724084012,-32.549999999999997
2860,261198353628138,"[""hex-band"",33,2,19]",-334.3724084012,-44.25
2861,59867564834552,"[""hex-band"",33,2,20]",-334.3724084012,-55.950000000000003
2862,53361458494614,"[""hex-band"",33,2,21]",-334.3724084012,-67.650000000000006
2863,240747561572311,"[""hex-band"",33,2,22]",-334.3724084012,-79.349999999999994
2864,14688822944280,"[""hex-band"",33,2,23]",-334.3724084012,-91.049999999999997
2865,78098082719850,"[""hex-band"",33,2,24]",-334.3724084012,-102.75
2866,208566290325374,"[""hex-band"",33,3,13]",-202.6499444856,-284.10000000000002
2867,51826730595906,"[""hex-band"",33,3,14]",-192.51744726129999,-289.94999999999999
2868,120872464781452,"[""hex-band"",33,3,15]",-182.38495003700001,-295.80000000000001
2869,234469456361399,"[""hex-band"",33,3,16]",-172.2524528127,-301.64999999999998
2870,217043036596275,"[""hex-band"",33,3,17]",-162.11995558839999,-307.5
2871,71978752894290,"[""hex-band"",33,3,18]",-151.98745836419999,-313.35000000000002
2872,278270251993938,"[""hex-band"",33,3,19]",-141.85496113990001,-319.19999999999999
2873,19549631899482,"[""hex-band"",33,4,14]",141.85496113990001,-319.19999999999999
2874,19072755596268,"[""hex-band"",33,4,15]",151.98745836419999,-313.35000000000002
2875,175768703174714,"[""hex-band"",33,4,16]",162.11995558839999,-307.5
2876,187071990770793,"[""hex-band"",33,4,17]",172.2524528127,-301.64999999999998
2877,13555516851410,"[""hex-band"",33,4,18]",182.38495003700001,-295.80000000000001
2878,272079457893028,"[""hex-band"",33,4,19]",192.51744726129999,-289.94999999999999
2879,97648491283022,"[""hex-band"",33,4,20]",202.6499444856,-284.10000000000002
2880,25784490912632,"[""hex-band"",33,5,9]",334.3724084012,-102.75
2881,226899873214647,"[""hex-band"",33,5,10]",334.3724084012,-91.049999999999997
2882,266252201272777,"[""hex-band"",33,5,11]",334.3724084012,-79.349999999999994
2883,100811242408466,"[""hex-band"",33,5,12]",334.3724084012,-67.650000000000006
2884,217551855377035,"[""hex-band"",33,5,13]",334.3724084012,-55.950000000000003
2885,195525420778985,"[""hex-band"",33,5,14]",334.3724084012,-44.25
2886,159885236521288,"[""hex-band"",33,5,15]",334.3724084012,-32.549999999999997
2887,3432552840601,"[""hex-band"",33,5,16]",334.3724084012,-20.850000000000001
2888,34435143417064,"[""hex-band"",33,5,17]",334.3724084012,-9.1500000000000004
2889,39389059514206,"[""hex-band"",33,5,18]",334.3724084012,2.5499999999999998
2890,102490226070103,"[""hex-band"",33,5,19]",334.3724084012,14.25
2891,255600467360484,"[""hex-band"",33,5,20]",334.3724084012,25.949999999999999
2892,167898786245082,"[""hex-band"",33,5,21]",334.3724084012,37.649999999999999
2893,127350439833770,"[""hex-band"",33,5,22]",334.3724084012,49.350000000000001
2894,147035903447721,"[""hex-band"",33,5,23]",334.3724084012,61.049999999999997
2895,97127840136559,"[""hex-band"",33,5,24]",334.3724084012,72.75
2896,54126240379243,"[""hex-band"",33,5,25]",334.3724084012,84.450000000000003
2897,84925035803418,"[""hex-band"",33,5,26]",334.3724084012,96.150000000000006
2898,42887496079473,"[""hex-band"",34,0,9]",253.31243060689999,236.55000000000001
2899,30489513120218,"[""hex-band"",34,0,10]",243.1799333827,242.40000000000001
2900,209059242673609,"[""hex-band"",34,0,11]",233.04743615839999,248.25
2901,260956680507564,"[""hex-band"",34,0,12]",222.91493893410001,254.09999999999999
2902,266052300814365,"[""hex-band"",34,0,13]",212.7824417098,259.94999999999999
2903,4535353101909,"[""hex-band"",34,0,14]",202.6499444856,265.80000000000001
2904,102632351166259,"[""hex-band"",34,0,15]",192.51744726129999,271.64999999999998
2905,275165588195546,"[""hex-band"",34,0,16]",182.38495003700001,277.5
2906,226523432713628,"[""hex-band"",34,0,17]",172.2524528127,283.35000000000002
2907,147334605130333,"[""hex-band"",34,0,18]",162.11995558839999,289.19999999999999
2908,44106286819726,"[""hex-band"",34,0,19]",151.98745836419999,295.05000000000001
2909,160522517277634,"[""hex-band"",34,0,20]",141.85496113990001,300.89999999999998
2910,95245627910000,"[""hex-band"",34,0,21]",131.7224639156,306.75
2911,163060510364033,"[""hex-band"",34,0,22]",121.58996669130001,312.60000000000002
2912,54945749515436,"[""hex-band"",34,0,23]",111.4574694671,318.44999999999999
2913,26203532668874,"[""hex-band"",34,0,24]",101.3249722428,324.30000000000001
2914,168818024866729,"[""hex-band"",34,0,25]",91.192475018500005,330.14999999999998
2915,206109705784480,"[""hex-band"",34,0,26]",81.059977794199995,336
2916,256423902171866,"[""hex-band"",34,0,27]",70.927480569899998,341.85000000000002
2917,18667160506640,"[""hex-band"",34,1,7]",-70.927480569899998,341.85000000000002
2918,119557747922328,"[""hex-band"",34,1,8]",-81.059977794199995,336
2919,232852185895183,"[""hex-band"",34,1,9]",-91.192475018500005,330.14999999999998
2920,42153092612826,"[""hex-band"",34,1,10]",-101.3249722428,324.30000000000001
2921,18260393670168,"[""hex-band"",34,1,11]",-111.4574694671,318.44999999999999
2922,244917382412013,"[""hex-band"",34,1,12]",-121.58996669130001,312.60000000000002
2923,52369203734759,"[""hex-band"",34,1,13]",-131.7224639156,306.75
2924,224020741635293,"[""hex-band"",34,1,14]",-141.85496113990001,300.89999999999998
2925,172960336946895,"[""hex-band"",34,1,15]",-151.98745836419999,295.05000000000001
2926,209258842195282,"[""hex-band"",34,1,16]",-162.11995558839999,289.19999999999999
2927,178699500846945,"[""hex-band"",34,1,17]",-172.2524528127,283.35000000000002
2928,208153489978075,"[""hex-band"",34,1,18]",-182.38495003700001,277.5
2929,123104171522900,"[""hex-band"",34,1,19]",-192.51744726129999,271.64999999999998
2930,93725857769091,"[""hex-band"",34,1,20]",-202.6499444856,265.80000000000001
2931,116137552732497,"[""hex-band"",34,1,21]",-212.7824417098,259.94999999999999
2932,192846692953970,"[""hex-band"",34,1,22]",-222.91493893410001,254.09999999999999
2933,78784380173847,"[""hex-band"",34,1,23]",-233.04743615839999,248.25
2934,90123627367842,"[""hex-band"",34,1,24]",-243.1799333827,242.40000000000001
2935,246184371813948,"[""hex-band"",34,1,25]",-253.31243060689999,236.55000000000001
2936,224437563814471,"[""hex-band"",34,2,11]",-344.5049056254,55.200000000000003
2937,256425797285420,"[""hex-band"",34,2,12]",-344.5049056254,43.5
2938,224264735459355,"[""hex-band"",34,2,13]",-344.5049056254,31.800000000000001
2939,245460474530440,"[""hex-band"",34,2,14]",-344.5049056254,20.100000000000001
2940,196136334658298,"[""hex-band"",34,2,15]",-344.5049056254,8.4000000000000004
2941,41922794110883,"[""hex-band"",34,2,16]",-344.5049056254,-3.2999999999999998
2942,248210922232778,"[""hex-band"",34,2,17]",-344.5049056254,-15
2943,256974775032990,"[""hex-band"",34,2,18]",-344.5049056254,-26.699999999999999
2944,74641492942580,"[""hex-band"",34,2,19]",-344.5049056254,-38.399999999999999
2945,9707505593210,"[""hex-band"",34,2,20]",-344.5049056254,-50.100000000000001
2946,142564959579582,"[""hex-band"",34,5,14]",344.5049056254,-50.100000000000001
2947,231679840279412,"[""hex-band"",34,5,15]",344.5049056254,-38.399999999999999
2948,140430828419319,"[""hex-band"",34,5,16]",344.5049056254,-26.699999999999999
2949,219272372085122,"[""hex-band"",34,5,17]",344.5049056254,-15
2950,47241385309595,"[""hex-band"",34,5,18]",344.5049056254,-3.2999999999999998
2951,31304856385250,"[""hex-band"",34,5,19]",344.5049056254,8.4000000000000004
2952,175791550991735,"[""hex-band"",34,5,20]",344.5049056254,20.100000000000001
2953,111628047385328,"[""hex-band"",34,5,21]",344.5049056254,31.800000000000001
2954,182574291429223,"[""hex-band"",34,5,22]",344.5049056254,43.5
2955,66667224584175,"[""hex-band"",34,5,23]",344.5049056254,55.200000000000003
2956,228837035357560,"[""hex-band"",35,0,12]",233.04743615839999,259.94999999999999
2957,212019199260315,"[""hex-band"",35,0,13]",222.91493893410001,265.80000000000001
2958,148795294008043,"[""hex-band"",35,0,14]",212.7824417098,271.64999999999998
2959,143238050489440,"[""hex-band"",35,0,15]",202.6499444856,277.5
2960,206154757680122,"[""hex-band"",35,0,16]",192.51744726129999,283.35000000000002
2961,109638329128197,"[""hex-band"",35,0,17]",182.38495003700001,289.19999999999999
2962,266443462340190,"[""hex-band"",35,0,18]",172.2524528127,295.05000000000001
2963,100062234339981,"[""hex-band"",35,0,19]",162.11995558839999,300.89999999999998
2964,30684932745648,"[""hex-band"",35,0,20]",151.98745836419999,306.75
2965,256266147128372,"[""hex-band"",35,0,21]",141.85496113990001,312.60000000000002
2966,19187296509506,"[""hex-band"",35,0,22]",131.7224639156,318.44999999999999
2967,26212680418418,"[""hex-band"",35,0,23]",121.58996669130001,324.30000000000001
2968,192267020767675,"[""hex-band"",35,0,24]",111.4574694671,330.14999999999998
2969,194616077206003,"[""hex-band"",35,1,11]",-111.4574694671,330.14999999999998
2970,218318474169014,"[""hex-band"",35,1,12]",-121.58996669130001,324.30000000000001
2971,50447649081504,"[""hex-band"",35,1,13]",-131.7224639156,318.44999999999999
2972,132076490377646,"[""hex-band"",35,1,14]",-141.85496113990001,312.60000000000002
2973,171585800531532,"[""hex-band"",35,1,15]",-151.98745836419999,306.75
2974,98655078219442,"[""hex-band"",35,1,16]",-162.11995558839999,300.89999999999998
2975,44072306043979,"[""hex-band"",35,1,17]",-172.2524528127,295.05000000000001
2976,96657171249674,"[""hex-band"",35,1,18]",-182.38495003700001,289.19999999999999
2977,9050804191163,"[""hex-band"",35,1,19]",-192.51744726129999,283.35000000000002
2978,210928657295083,"[""hex-band"",35,1,20]",-202.6499444856,277.5
2979,218824065690328,"[""hex-band"",35,1,21]",-212.7824417098,271.64999999999998
2980,196527317330571,"[""hex-band"",35,1,22]",-222.91493893410001,265.80000000000001
2981,165274398824031,"[""hex-band"",35,1,23]",-233.04743615839999,259.94999999999999
