rank,inspect_components,inspect_semis,dismantle_semis,inspect_final,dismantle_final,semi_expected_costs,semi_output_good_probabilities,pass_probability_per_final_assembly,expected_fulfillment_cost,expected_profit
1,11111111,111,111,0,1,"[42.888888888888886, 42.888888888888886, 39.55555555555556]","[1.0, 1.0, 1.0]",0.9,139.77777777777777,60.22222222222223
2,11111111,111,110,0,1,"[42.888888888888886, 42.888888888888886, 41.7283950617284]","[1.0, 1.0, 1.0]",0.9,141.95061728395063,58.049382716049365
3,11111111,111,111,1,1,"[42.888888888888886, 42.888888888888886, 39.55555555555556]","[1.0, 1.0, 1.0]",0.9,142.0,58.0
4,11111110,111,110,0,1,"[42.888888888888886, 42.888888888888886, 41.9753086419753]","[1.0, 1.0, 1.0]",0.9,142.19753086419752,57.80246913580248
5,11111111,111,011,0,1,"[45.432098765432094, 42.888888888888886, 39.55555555555556]","[1.0, 1.0, 1.0]",0.9,142.320987654321,57.67901234567901
6,11111111,111,101,0,1,"[42.888888888888886, 45.432098765432094, 39.55555555555556]","[1.0, 1.0, 1.0]",0.9,142.320987654321,57.67901234567901
7,11011111,111,011,0,1,"[46.09053497942386, 42.888888888888886, 39.55555555555556]","[1.0, 1.0, 1.0]",0.9,142.97942386831275,57.02057613168725
8,11111011,111,101,0,1,"[42.888888888888886, 46.09053497942386, 39.55555555555556]","[1.0, 1.0, 1.0]",0.9,142.97942386831275,57.02057613168725
9,11111100,111,110,0,1,"[42.888888888888886, 42.888888888888886, 43.8957475994513]","[1.0, 1.0, 1.0]",0.9,144.1179698216735,55.88203017832649
10,11111101,111,110,0,1,"[42.888888888888886, 42.888888888888886, 43.895747599451305]","[1.0, 1.0, 1.0]",0.9,144.11796982167354,55.88203017832646
11,11111111,111,110,1,1,"[42.888888888888886, 42.888888888888886, 41.7283950617284]","[1.0, 1.0, 1.0]",0.9,144.17283950617283,55.827160493827165
12,11111110,111,110,1,1,"[42.888888888888886, 42.888888888888886, 41.9753086419753]","[1.0, 1.0, 1.0]",0.9,144.41975308641975,55.580246913580254
13,11111111,111,010,0,1,"[45.432098765432094, 42.888888888888886, 41.7283950617284]","[1.0, 1.0, 1.0]",0.9,144.49382716049382,55.50617283950618
14,11111111,111,100,0,1,"[42.888888888888886, 45.432098765432094, 41.7283950617284]","[1.0, 1.0, 1.0]",0.9,144.49382716049382,55.50617283950618
15,11111111,111,011,1,1,"[45.432098765432094, 42.888888888888886, 39.55555555555556]","[1.0, 1.0, 1.0]",0.9,144.5432098765432,55.45679012345681
16,11111111,111,101,1,1,"[42.888888888888886, 45.432098765432094, 39.55555555555556]","[1.0, 1.0, 1.0]",0.9,144.5432098765432,55.45679012345681
17,11111110,111,010,0,1,"[45.432098765432094, 42.888888888888886, 41.9753086419753]","[1.0, 1.0, 1.0]",0.9,144.74074074074073,55.25925925925927
18,11111110,111,100,0,1,"[42.888888888888886, 45.432098765432094, 41.9753086419753]","[1.0, 1.0, 1.0]",0.9,144.74074074074073,55.25925925925927
19,11111111,111,001,0,1,"[45.432098765432094, 45.432098765432094, 39.55555555555556]","[1.0, 1.0, 1.0]",0.9,144.8641975308642,55.1358024691358
20,10111111,111,011,0,1,"[48.01097393689986, 42.888888888888886, 39.55555555555556]","[1.0, 1.0, 1.0]",0.9,144.89986282578877,55.10013717421123
21,11110111,111,101,0,1,"[42.888888888888886, 48.01097393689986, 39.55555555555556]","[1.0, 1.0, 1.0]",0.9,144.89986282578877,55.10013717421123
22,11011111,111,010,0,1,"[46.09053497942386, 42.888888888888886, 41.7283950617284]","[1.0, 1.0, 1.0]",0.9,145.15226337448559,54.847736625514415
23,11111011,111,100,0,1,"[42.888888888888886, 46.09053497942386, 41.7283950617284]","[1.0, 1.0, 1.0]",0.9,145.15226337448559,54.847736625514415
24,11011111,111,011,1,1,"[46.09053497942386, 42.888888888888886, 39.55555555555556]","[1.0, 1.0, 1.0]",0.9,145.20164609053495,54.79835390946505
25,11111011,111,101,1,1,"[42.888888888888886, 46.09053497942386, 39.55555555555556]","[1.0, 1.0, 1.0]",0.9,145.20164609053495,54.79835390946505
26,10011111,111,011,0,1,"[48.46822130772747, 42.888888888888886, 39.55555555555556]","[1.0, 1.0, 1.0]",0.9,145.35711019661636,54.64288980338364
27,11110011,111,101,0,1,"[42.888888888888886, 48.46822130772747, 39.55555555555556]","[1.0, 1.0, 1.0]",0.9,145.35711019661636,54.64288980338364
28,11011110,111,010,0,1,"[46.09053497942386, 42.888888888888886, 41.9753086419753]","[1.0, 1.0, 1.0]",0.9,145.3991769547325,54.600823045267504
29,11111010,111,100,0,1,"[42.888888888888886, 46.09053497942386, 41.9753086419753]","[1.0, 1.0, 1.0]",0.9,145.3991769547325,54.600823045267504
30,11011111,111,001,0,1,"[46.09053497942386, 45.432098765432094, 39.55555555555556]","[1.0, 1.0, 1.0]",0.9,145.52263374485597,54.477366255144034
31,11111011,111,001,0,1,"[45.432098765432094, 46.09053497942386, 39.55555555555556]","[1.0, 1.0, 1.0]",0.9,145.52263374485597,54.477366255144034
32,01111111,111,011,0,1,"[48.83401920438958, 42.888888888888886, 39.55555555555556]","[1.0, 1.0, 1.0]",0.9,145.72290809327848,54.27709190672152
33,11101111,111,101,0,1,"[42.888888888888886, 48.83401920438958, 39.55555555555556]","[1.0, 1.0, 1.0]",0.9,145.72290809327848,54.27709190672152
34,11011011,111,001,0,1,"[46.09053497942386, 46.09053497942386, 39.55555555555556]","[1.0, 1.0, 1.0]",0.9,146.18106995884773,53.81893004115227
35,01011111,111,011,0,1,"[49.38271604938271, 42.888888888888886, 39.55555555555556]","[1.0, 1.0, 1.0]",0.9,146.2716049382716,53.728395061728406
36,11101011,111,101,0,1,"[42.888888888888886, 49.38271604938271, 39.55555555555556]","[1.0, 1.0, 1.0]",0.9,146.2716049382716,53.728395061728406
37,11111100,111,110,1,1,"[42.888888888888886, 42.888888888888886, 43.8957475994513]","[1.0, 1.0, 1.0]",0.9,146.3401920438957,53.65980795610429
38,11111101,111,110,1,1,"[42.888888888888886, 42.888888888888886, 43.895747599451305]","[1.0, 1.0, 1.0]",0.9,146.34019204389574,53.65980795610426
39,11111100,111,010,0,1,"[45.432098765432094, 42.888888888888886, 43.8957475994513]","[1.0, 1.0, 1.0]",0.9,146.66117969821673,53.33882030178327
40,11111100,111,100,0,1,"[42.888888888888886, 45.432098765432094, 43.8957475994513]","[1.0, 1.0, 1.0]",0.9,146.66117969821673,53.33882030178327
41,11111101,111,010,0,1,"[45.432098765432094, 42.888888888888886, 43.895747599451305]","[1.0, 1.0, 1.0]",0.9,146.66117969821676,53.338820301783244
42,11111101,111,100,0,1,"[42.888888888888886, 45.432098765432094, 43.895747599451305]","[1.0, 1.0, 1.0]",0.9,146.66117969821676,53.338820301783244
43,11111111,111,010,1,1,"[45.432098765432094, 42.888888888888886, 41.7283950617284]","[1.0, 1.0, 1.0]",0.9,146.71604938271602,53.28395061728398
44,11111111,111,100,1,1,"[42.888888888888886, 45.432098765432094, 41.7283950617284]","[1.0, 1.0, 1.0]",0.9,146.71604938271602,53.28395061728398
45,11111110,111,010,1,1,"[45.432098765432094, 42.888888888888886, 41.9753086419753]","[1.0, 1.0, 1.0]",0.9,146.96296296296293,53.03703703703707
46,11111110,111,100,1,1,"[42.888888888888886, 45.432098765432094, 41.9753086419753]","[1.0, 1.0, 1.0]",0.9,146.96296296296293,53.03703703703707
47,11111111,111,000,0,1,"[45.432098765432094, 45.432098765432094, 41.7283950617284]","[1.0, 1.0, 1.0]",0.9,147.03703703703704,52.96296296296296
48,10111111,111,010,0,1,"[48.01097393689986, 42.888888888888886, 41.7283950617284]","[1.0, 1.0, 1.0]",0.9,147.0727023319616,52.92729766803839
49,11110111,111,100,0,1,"[42.888888888888886, 48.01097393689986, 41.7283950617284]","[1.0, 1.0, 1.0]",0.9,147.0727023319616,52.92729766803839
50,11111111,111,001,1,1,"[45.432098765432094, 45.432098765432094, 39.55555555555556]","[1.0, 1.0, 1.0]",0.9,147.0864197530864,52.9135802469136
51,10111111,111,011,1,1,"[48.01097393689986, 42.888888888888886, 39.55555555555556]","[1.0, 1.0, 1.0]",0.9,147.12208504801097,52.87791495198903
52,11110111,111,101,1,1,"[42.888888888888886, 48.01097393689986, 39.55555555555556]","[1.0, 1.0, 1.0]",0.9,147.12208504801097,52.87791495198903
53,11111110,111,000,0,1,"[45.432098765432094, 45.432098765432094, 41.9753086419753]","[1.0, 1.0, 1.0]",0.9,147.28395061728395,52.71604938271605
54,11011100,111,010,0,1,"[46.09053497942386, 42.888888888888886, 43.8957475994513]","[1.0, 1.0, 1.0]",0.9,147.3196159122085,52.68038408779151
55,11111000,111,100,0,1,"[42.888888888888886, 46.09053497942386, 43.8957475994513]","[1.0, 1.0, 1.0]",0.9,147.3196159122085,52.68038408779151
56,10111110,111,010,0,1,"[48.01097393689986, 42.888888888888886, 41.9753086419753]","[1.0, 1.0, 1.0]",0.9,147.31961591220852,52.68038408779148
57,11011101,111,010,0,1,"[46.09053497942386, 42.888888888888886, 43.895747599451305]","[1.0, 1.0, 1.0]",0.9,147.31961591220852,52.68038408779148
58,11110110,111,100,0,1,"[42.888888888888886, 48.01097393689986, 41.9753086419753]","[1.0, 1.0, 1.0]",0.9,147.31961591220852,52.68038408779148
59,11111001,111,100,0,1,"[42.888888888888886, 46.09053497942386, 43.895747599451305]","[1.0, 1.0, 1.0]",0.9,147.31961591220852,52.68038408779148
60,11011111,111,010,1,1,"[46.09053497942386, 42.888888888888886, 41.7283950617284]","[1.0, 1.0, 1.0]",0.9,147.37448559670779,52.625514403292215
61,11111011,111,100,1,1,"[42.888888888888886, 46.09053497942386, 41.7283950617284]","[1.0, 1.0, 1.0]",0.9,147.37448559670779,52.625514403292215
62,10111111,111,001,0,1,"[48.01097393689986, 45.432098765432094, 39.55555555555556]","[1.0, 1.0, 1.0]",0.9,147.44307270233196,52.55692729766804
63,11110111,111,001,0,1,"[45.432098765432094, 48.01097393689986, 39.55555555555556]","[1.0, 1.0, 1.0]",0.9,147.44307270233196,52.55692729766804
64,10011111,111,010,0,1,"[48.46822130772747, 42.888888888888886, 41.7283950617284]","[1.0, 1.0, 1.0]",0.9,147.52994970278922,52.470050297210776
65,11110011,111,100,0,1,"[42.888888888888886, 48.46822130772747, 41.7283950617284]","[1.0, 1.0, 1.0]",0.9,147.52994970278922,52.470050297210776
66,10011111,111,011,1,1,"[48.46822130772747, 42.888888888888886, 39.55555555555556]","[1.0, 1.0, 1.0]",0.9,147.57933241883856,52.42066758116144
67,11110011,111,101,1,1,"[42.888888888888886, 48.46822130772747, 39.55555555555556]","[1.0, 1.0, 1.0]",0.9,147.57933241883856,52.42066758116144
68,11011110,111,010,1,1,"[46.09053497942386, 42.888888888888886, 41.9753086419753]","[1.0, 1.0, 1.0]",0.9,147.6213991769547,52.3786008230453
69,11111010,111,100,1,1,"[42.888888888888886, 46.09053497942386, 41.9753086419753]","[1.0, 1.0, 1.0]",0.9,147.6213991769547,52.3786008230453
70,11011111,111,000,0,1,"[46.09053497942386, 45.432098765432094, 41.7283950617284]","[1.0, 1.0, 1.0]",0.9,147.6954732510288,52.3045267489712
71,11111011,111,000,0,1,"[45.432098765432094, 46.09053497942386, 41.7283950617284]","[1.0, 1.0, 1.0]",0.9,147.6954732510288,52.3045267489712
72,11011111,111,001,1,1,"[46.09053497942386, 45.432098765432094, 39.55555555555556]","[1.0, 1.0, 1.0]",0.9,147.74485596707817,52.255144032921834
73,11111011,111,001,1,1,"[45.432098765432094, 46.09053497942386, 39.55555555555556]","[1.0, 1.0, 1.0]",0.9,147.74485596707817,52.255144032921834
74,10011110,111,010,0,1,"[48.46822130772747, 42.888888888888886, 41.9753086419753]","[1.0, 1.0, 1.0]",0.9,147.7768632830361,52.22313671696389
75,11110010,111,100,0,1,"[42.888888888888886, 48.46822130772747, 41.9753086419753]","[1.0, 1.0, 1.0]",0.9,147.7768632830361,52.22313671696389
76,01111111,111,010,0,1,"[48.83401920438958, 42.888888888888886, 41.7283950617284]","[1.0, 1.0, 1.0]",0.9,147.8957475994513,52.10425240054869
77,11101111,111,100,0,1,"[42.888888888888886, 48.83401920438958, 41.7283950617284]","[1.0, 1.0, 1.0]",0.9,147.8957475994513,52.10425240054869
78,10011111,111,001,0,1,"[48.46822130772747, 45.432098765432094, 39.55555555555556]","[1.0, 1.0, 1.0]",0.9,147.90032007315958,52.09967992684042
79,11110011,111,001,0,1,"[45.432098765432094, 48.46822130772747, 39.55555555555556]","[1.0, 1.0, 1.0]",0.9,147.90032007315958,52.09967992684042
80,11011110,111,000,0,1,"[46.09053497942386, 45.432098765432094, 41.9753086419753]","[1.0, 1.0, 1.0]",0.9,147.9423868312757,52.05761316872429
81,11111010,111,000,0,1,"[45.432098765432094, 46.09053497942386, 41.9753086419753]","[1.0, 1.0, 1.0]",0.9,147.9423868312757,52.05761316872429
82,01111111,111,011,1,1,"[48.83401920438958, 42.888888888888886, 39.55555555555556]","[1.0, 1.0, 1.0]",0.9,147.94513031550068,52.05486968449932
83,11101111,111,101,1,1,"[42.888888888888886, 48.83401920438958, 39.55555555555556]","[1.0, 1.0, 1.0]",0.9,147.94513031550068,52.05486968449932
84,10111011,111,001,0,1,"[48.01097393689986, 46.09053497942386, 39.55555555555556]","[1.0, 1.0, 1.0]",0.9,148.10150891632372,51.89849108367628
85,11010111,111,001,0,1,"[46.09053497942386, 48.01097393689986, 39.55555555555556]","[1.0, 1.0, 1.0]",0.9,148.10150891632372,51.89849108367628
86,01111110,111,010,0,1,"[48.83401920438958, 42.888888888888886, 41.9753086419753]","[1.0, 1.0, 1.0]",0.9,148.14266117969822,51.85733882030178
87,11101110,111,100,0,1,"[42.888888888888886, 48.83401920438958, 41.9753086419753]","[1.0, 1.0, 1.0]",0.9,148.14266117969822,51.85733882030178
88,01111111,111,001,0,1,"[48.83401920438958, 45.432098765432094, 39.55555555555556]","[1.0, 1.0, 1.0]",0.9,148.2661179698217,51.73388203017831
89,11101111,111,001,0,1,"[45.432098765432094, 48.83401920438958, 39.55555555555556]","[1.0, 1.0, 1.0]",0.9,148.2661179698217,51.73388203017831
90,11011011,111,000,0,1,"[46.09053497942386, 46.09053497942386, 41.7283950617284]","[1.0, 1.0, 1.0]",0.9,148.35390946502056,51.646090534979436
91,11011011,111,001,1,1,"[46.09053497942386, 46.09053497942386, 39.55555555555556]","[1.0, 1.0, 1.0]",0.9,148.40329218106993,51.59670781893007
92,00111111,111,011,0,1,"[51.51653711324493, 42.888888888888886, 39.55555555555556]","[1.0, 1.0, 1.0]",0.9,148.40542600213382,51.59457399786618
93,11100111,111,101,0,1,"[42.888888888888886, 51.51653711324493, 39.55555555555556]","[1.0, 1.0, 1.0]",0.9,148.40542600213382,51.59457399786618
94,01011111,111,010,0,1,"[49.38271604938271, 42.888888888888886, 41.7283950617284]","[1.0, 1.0, 1.0]",0.9,148.44444444444446,51.55555555555554
95,11101011,111,100,0,1,"[42.888888888888886, 49.38271604938271, 41.7283950617284]","[1.0, 1.0, 1.0]",0.9,148.44444444444446,51.55555555555554
96,01011111,111,011,1,1,"[49.38271604938271, 42.888888888888886, 39.55555555555556]","[1.0, 1.0, 1.0]",0.9,148.4938271604938,51.506172839506206
97,11101011,111,101,1,1,"[42.888888888888886, 49.38271604938271, 39.55555555555556]","[1.0, 1.0, 1.0]",0.9,148.4938271604938,51.506172839506206
98,10011011,111,001,0,1,"[48.46822130772747, 46.09053497942386, 39.55555555555556]","[1.0, 1.0, 1.0]",0.9,148.55875628715134,51.44124371284866
99,11010011,111,001,0,1,"[46.09053497942386, 48.46822130772747, 39.55555555555556]","[1.0, 1.0, 1.0]",0.9,148.55875628715134,51.44124371284866
100,11011010,111,000,0,1,"[46.09053497942386, 46.09053497942386, 41.9753086419753]","[1.0, 1.0, 1.0]",0.9,148.60082304526748,51.399176954732525
101,01011110,111,010,0,1,"[49.38271604938271, 42.888888888888886, 41.9753086419753]","[1.0, 1.0, 1.0]",0.9,148.69135802469134,51.30864197530866
102,11101010,111,100,0,1,"[42.888888888888886, 49.38271604938271, 41.9753086419753]","[1.0, 1.0, 1.0]",0.9,148.69135802469134,51.30864197530866
103,00011111,111,011,0,1,"[51.821368693796664, 42.888888888888886, 39.55555555555556]","[1.0, 1.0, 1.0]",0.9,148.71025758268556,51.28974241731444
104,11100011,111,101,0,1,"[42.888888888888886, 51.821368693796664, 39.55555555555556]","[1.0, 1.0, 1.0]",0.9,148.71025758268556,51.28974241731444
105,01011111,111,001,0,1,"[49.38271604938271, 45.432098765432094, 39.55555555555556]","[1.0, 1.0, 1.0]",0.9,148.8148148148148,51.18518518518519
106,11101011,111,001,0,1,"[45.432098765432094, 49.38271604938271, 39.55555555555556]","[1.0, 1.0, 1.0]",0.9,148.8148148148148,51.18518518518519
107,11111100,111,010,1,1,"[45.432098765432094, 42.888888888888886, 43.8957475994513]","[1.0, 1.0, 1.0]",0.9,148.88340192043893,51.11659807956107
108,11111100,111,100,1,1,"[42.888888888888886, 45.432098765432094, 43.8957475994513]","[1.0, 1.0, 1.0]",0.9,148.88340192043893,51.11659807956107
109,11111101,111,010,1,1,"[45.432098765432094, 42.888888888888886, 43.895747599451305]","[1.0, 1.0, 1.0]",0.9,148.88340192043896,51.116598079561044
110,11111101,111,100,1,1,"[42.888888888888886, 45.432098765432094, 43.895747599451305]","[1.0, 1.0, 1.0]",0.9,148.88340192043896,51.116598079561044
111,01111011,111,001,0,1,"[48.83401920438958, 46.09053497942386, 39.55555555555556]","[1.0, 1.0, 1.0]",0.9,148.92455418381346,51.075445816186544
112,11001111,111,001,0,1,"[46.09053497942386, 48.83401920438958, 39.55555555555556]","[1.0, 1.0, 1.0]",0.9,148.92455418381346,51.075445816186544
113,11111100,111,000,0,1,"[45.432098765432094, 45.432098765432094, 43.8957475994513]","[1.0, 1.0, 1.0]",0.9,149.20438957475994,50.795610425240056
114,11111101,111,000,0,1,"[45.432098765432094, 45.432098765432094, 43.895747599451305]","[1.0, 1.0, 1.0]",0.9,149.20438957475994,50.795610425240056
115,10111100,111,010,0,1,"[48.01097393689986, 42.888888888888886, 43.8957475994513]","[1.0, 1.0, 1.0]",0.9,149.2400548696845,50.75994513031549
116,10111101,111,010,0,1,"[48.01097393689986, 42.888888888888886, 43.895747599451305]","[1.0, 1.0, 1.0]",0.9,149.2400548696845,50.75994513031549
117,11110100,111,100,0,1,"[42.888888888888886, 48.01097393689986, 43.8957475994513]","[1.0, 1.0, 1.0]",0.9,149.2400548696845,50.75994513031549
118,11110101,111,100,0,1,"[42.888888888888886, 48.01097393689986, 43.895747599451305]","[1.0, 1.0, 1.0]",0.9,149.2400548696845,50.75994513031549
119,11111111,111,000,1,1,"[45.432098765432094, 45.432098765432094, 41.7283950617284]","[1.0, 1.0, 1.0]",0.9,149.25925925925924,50.74074074074076
120,10111111,111,010,1,1,"[48.01097393689986, 42.888888888888886, 41.7283950617284]","[1.0, 1.0, 1.0]",0.9,149.2949245541838,50.70507544581619
121,11110111,111,100,1,1,"[42.888888888888886, 48.01097393689986, 41.7283950617284]","[1.0, 1.0, 1.0]",0.9,149.2949245541838,50.70507544581619
122,01011011,111,001,0,1,"[49.38271604938271, 46.09053497942386, 39.55555555555556]","[1.0, 1.0, 1.0]",0.9,149.47325102880657,50.52674897119343
123,11001011,111,001,0,1,"[46.09053497942386, 49.38271604938271, 39.55555555555556]","[1.0, 1.0, 1.0]",0.9,149.47325102880657,50.52674897119343
124,11111110,111,000,1,1,"[45.432098765432094, 45.432098765432094, 41.9753086419753]","[1.0, 1.0, 1.0]",0.9,149.50617283950615,50.49382716049385
125,11011100,111,010,1,1,"[46.09053497942386, 42.888888888888886, 43.8957475994513]","[1.0, 1.0, 1.0]",0.9,149.5418381344307,50.45816186556931
126,11111000,111,100,1,1,"[42.888888888888886, 46.09053497942386, 43.8957475994513]","[1.0, 1.0, 1.0]",0.9,149.5418381344307,50.45816186556931
127,10111110,111,010,1,1,"[48.01097393689986, 42.888888888888886, 41.9753086419753]","[1.0, 1.0, 1.0]",0.9,149.54183813443072,50.45816186556928
128,11011101,111,010,1,1,"[46.09053497942386, 42.888888888888886, 43.895747599451305]","[1.0, 1.0, 1.0]",0.9,149.54183813443072,50.45816186556928
129,11110110,111,100,1,1,"[42.888888888888886, 48.01097393689986, 41.9753086419753]","[1.0, 1.0, 1.0]",0.9,149.54183813443072,50.45816186556928
130,11111001,111,100,1,1,"[42.888888888888886, 46.09053497942386, 43.895747599451305]","[1.0, 1.0, 1.0]",0.9,149.54183813443072,50.45816186556928
131,10111111,111,000,0,1,"[48.01097393689986, 45.432098765432094, 41.7283950617284]","[1.0, 1.0, 1.0]",0.9,149.61591220850482,50.384087791495176
132,11110111,111,000,0,1,"[45.432098765432094, 48.01097393689986, 41.7283950617284]","[1.0, 1.0, 1.0]",0.9,149.61591220850482,50.384087791495176
133,10111111,111,001,1,1,"[48.01097393689986, 45.432098765432094, 39.55555555555556]","[1.0, 1.0, 1.0]",0.9,149.66529492455416,50.33470507544584
134,11110111,111,001,1,1,"[45.432098765432094, 48.01097393689986, 39.55555555555556]","[1.0, 1.0, 1.0]",0.9,149.66529492455416,50.33470507544584
135,10011100,111,010,0,1,"[48.46822130772747, 42.888888888888886, 43.8957475994513]","[1.0, 1.0, 1.0]",0.9,149.6973022405121,50.3026977594879
136,10011101,111,010,0,1,"[48.46822130772747, 42.888888888888886, 43.895747599451305]","[1.0, 1.0, 1.0]",0.9,149.6973022405121,50.3026977594879
137,11110000,111,100,0,1,"[42.888888888888886, 48.46822130772747, 43.8957475994513]","[1.0, 1.0, 1.0]",0.9,149.6973022405121,50.3026977594879
138,11110001,111,100,0,1,"[42.888888888888886, 48.46822130772747, 43.895747599451305]","[1.0, 1.0, 1.0]",0.9,149.6973022405121,50.3026977594879
139,10011111,111,010,1,1,"[48.46822130772747, 42.888888888888886, 41.7283950617284]","[1.0, 1.0, 1.0]",0.9,149.75217192501142,50.247828074988576
140,11110011,111,100,1,1,"[42.888888888888886, 48.46822130772747, 41.7283950617284]","[1.0, 1.0, 1.0]",0.9,149.75217192501142,50.247828074988576
141,10111110,111,000,0,1,"[48.01097393689986, 45.432098765432094, 41.9753086419753]","[1.0, 1.0, 1.0]",0.9,149.8628257887517,50.13717421124829
142,11011100,111,000,0,1,"[46.09053497942386, 45.432098765432094, 43.8957475994513]","[1.0, 1.0, 1.0]",0.9,149.8628257887517,50.13717421124829
143,11011101,111,000,0,1,"[46.09053497942386, 45.432098765432094, 43.895747599451305]","[1.0, 1.0, 1.0]",0.9,149.8628257887517,50.13717421124829
144,11110110,111,000,0,1,"[45.432098765432094, 48.01097393689986, 41.9753086419753]","[1.0, 1.0, 1.0]",0.9,149.8628257887517,50.13717421124829
145,11111000,111,000,0,1,"[45.432098765432094, 46.09053497942386, 43.8957475994513]","[1.0, 1.0, 1.0]",0.9,149.8628257887517,50.13717421124829
146,11111001,111,000,0,1,"[45.432098765432094, 46.09053497942386, 43.895747599451305]","[1.0, 1.0, 1.0]",0.9,149.8628257887517,50.13717421124829
147,11011111,111,000,1,1,"[46.09053497942386, 45.432098765432094, 41.7283950617284]","[1.0, 1.0, 1.0]",0.9,149.917695473251,50.082304526749
148,11111011,111,000,1,1,"[45.432098765432094, 46.09053497942386, 41.7283950617284]","[1.0, 1.0, 1.0]",0.9,149.917695473251,50.082304526749
149,10011110,111,010,1,1,"[48.46822130772747, 42.888888888888886, 41.9753086419753]","[1.0, 1.0, 1.0]",0.9,149.9990855052583,50.00091449474169
150,11110010,111,100,1,1,"[42.888888888888886, 48.46822130772747, 41.9753086419753]","[1.0, 1.0, 1.0]",0.9,149.9990855052583,50.00091449474169
151,10110111,111,001,0,1,"[48.01097393689986, 48.01097393689986, 39.55555555555556]","[1.0, 1.0, 1.0]",0.9,150.02194787379972,49.97805212620028
152,01111100,111,010,0,1,"[48.83401920438958, 42.888888888888886, 43.8957475994513]","[1.0, 1.0, 1.0]",0.9,150.06310013717422,49.93689986282578
153,01111101,111,010,0,1,"[48.83401920438958, 42.888888888888886, 43.895747599451305]","[1.0, 1.0, 1.0]",0.9,150.06310013717422,49.93689986282578
154,11101100,111,100,0,1,"[42.888888888888886, 48.83401920438958, 43.8957475994513]","[1.0, 1.0, 1.0]",0.9,150.06310013717422,49.93689986282578
155,11101101,111,100,0,1,"[42.888888888888886, 48.83401920438958, 43.895747599451305]","[1.0, 1.0, 1.0]",0.9,150.06310013717422,49.93689986282578
156,10011111,111,000,0,1,"[48.46822130772747, 45.432098765432094, 41.7283950617284]","[1.0, 1.0, 1.0]",0.9,150.0731595793324,49.92684042066759
157,11110011,111,000,0,1,"[45.432098765432094, 48.46822130772747, 41.7283950617284]","[1.0, 1.0, 1.0]",0.9,150.0731595793324,49.92684042066759
158,01111111,111,010,1,1,"[48.83401920438958, 42.888888888888886, 41.7283950617284]","[1.0, 1.0, 1.0]",0.9,150.1179698216735,49.88203017832649
159,11101111,111,100,1,1,"[42.888888888888886, 48.83401920438958, 41.7283950617284]","[1.0, 1.0, 1.0]",0.9,150.1179698216735,49.88203017832649
160,10011111,111,001,1,1,"[48.46822130772747, 45.432098765432094, 39.55555555555556]","[1.0, 1.0, 1.0]",0.9,150.12254229538178,49.87745770461822
161,11110011,111,001,1,1,"[45.432098765432094, 48.46822130772747, 39.55555555555556]","[1.0, 1.0, 1.0]",0.9,150.12254229538178,49.87745770461822
162,11011110,111,000,1,1,"[46.09053497942386, 45.432098765432094, 41.9753086419753]","[1.0, 1.0, 1.0]",0.9,150.1646090534979,49.83539094650209
163,11111010,111,000,1,1,"[45.432098765432094, 46.09053497942386, 41.9753086419753]","[1.0, 1.0, 1.0]",0.9,150.1646090534979,49.83539094650209
164,10111011,111,000,0,1,"[48.01097393689986, 46.09053497942386, 41.7283950617284]","[1.0, 1.0, 1.0]",0.9,150.2743484224966,49.72565157750341
165,11010111,111,000,0,1,"[46.09053497942386, 48.01097393689986, 41.7283950617284]","[1.0, 1.0, 1.0]",0.9,150.2743484224966,49.72565157750341
166,10011110,111,000,0,1,"[48.46822130772747, 45.432098765432094, 41.9753086419753]","[1.0, 1.0, 1.0]",0.9,150.32007315957932,49.67992684042068
167,11110010,111,000,0,1,"[45.432098765432094, 48.46822130772747, 41.9753086419753]","[1.0, 1.0, 1.0]",0.9,150.32007315957932,49.67992684042068
168,10111011,111,001,1,1,"[48.01097393689986, 46.09053497942386, 39.55555555555556]","[1.0, 1.0, 1.0]",0.9,150.32373113854592,49.676268861454076
169,11010111,111,001,1,1,"[46.09053497942386, 48.01097393689986, 39.55555555555556]","[1.0, 1.0, 1.0]",0.9,150.32373113854592,49.676268861454076
170,01111110,111,010,1,1,"[48.83401920438958, 42.888888888888886, 41.9753086419753]","[1.0, 1.0, 1.0]",0.9,150.36488340192042,49.63511659807958
171,11101110,111,100,1,1,"[42.888888888888886, 48.83401920438958, 41.9753086419753]","[1.0, 1.0, 1.0]",0.9,150.36488340192042,49.63511659807958
172,01111111,111,000,0,1,"[48.83401920438958, 45.432098765432094, 41.7283950617284]","[1.0, 1.0, 1.0]",0.9,150.43895747599453,49.56104252400547
173,11101111,111,000,0,1,"[45.432098765432094, 48.83401920438958, 41.7283950617284]","[1.0, 1.0, 1.0]",0.9,150.43895747599453,49.56104252400547
174,10010111,111,001,0,1,"[48.46822130772747, 48.01097393689986, 39.55555555555556]","[1.0, 1.0, 1.0]",0.9,150.47919524462733,49.520804755372666
175,10110011,111,001,0,1,"[48.01097393689986, 48.46822130772747, 39.55555555555556]","[1.0, 1.0, 1.0]",0.9,150.47919524462733,49.520804755372666
176,01111111,111,001,1,1,"[48.83401920438958, 45.432098765432094, 39.55555555555556]","[1.0, 1.0, 1.0]",0.9,150.4883401920439,49.51165980795611
177,11101111,111,001,1,1,"[45.432098765432094, 48.83401920438958, 39.55555555555556]","[1.0, 1.0, 1.0]",0.9,150.4883401920439,49.51165980795611
178,10111010,111,000,0,1,"[48.01097393689986, 46.09053497942386, 41.9753086419753]","[1.0, 1.0, 1.0]",0.9,150.52126200274347,49.47873799725653
179,11010110,111,000,0,1,"[46.09053497942386, 48.01097393689986, 41.9753086419753]","[1.0, 1.0, 1.0]",0.9,150.52126200274347,49.47873799725653
180,11011000,111,000,0,1,"[46.09053497942386, 46.09053497942386, 43.8957475994513]","[1.0, 1.0, 1.0]",0.9,150.52126200274347,49.47873799725653
181,11011001,111,000,0,1,"[46.09053497942386, 46.09053497942386, 43.895747599451305]","[1.0, 1.0, 1.0]",0.9,150.52126200274347,49.47873799725653
182,11011011,111,000,1,1,"[46.09053497942386, 46.09053497942386, 41.7283950617284]","[1.0, 1.0, 1.0]",0.9,150.57613168724276,49.423868312757236
183,00111111,111,010,0,1,"[51.51653711324493, 42.888888888888886, 41.7283950617284]","[1.0, 1.0, 1.0]",0.9,150.57826550830669,49.421734491693314
184,11100111,111,100,0,1,"[42.888888888888886, 51.51653711324493, 41.7283950617284]","[1.0, 1.0, 1.0]",0.9,150.57826550830669,49.421734491693314
185,01011100,111,010,0,1,"[49.38271604938271, 42.888888888888886, 43.8957475994513]","[1.0, 1.0, 1.0]",0.9,150.61179698216733,49.388203017832666
186,11101000,111,100,0,1,"[42.888888888888886, 49.38271604938271, 43.8957475994513]","[1.0, 1.0, 1.0]",0.9,150.61179698216733,49.388203017832666
187,01011101,111,010,0,1,"[49.38271604938271, 42.888888888888886, 43.895747599451305]","[1.0, 1.0, 1.0]",0.9,150.61179698216736,49.38820301783264
188,11101001,111,100,0,1,"[42.888888888888886, 49.38271604938271, 43.895747599451305]","[1.0, 1.0, 1.0]",0.9,150.61179698216736,49.38820301783264
189,00111111,111,011,1,1,"[51.51653711324493, 42.888888888888886, 39.55555555555556]","[1.0, 1.0, 1.0]",0.9,150.62764822435602,49.37235177564398
190,11100111,111,101,1,1,"[42.888888888888886, 51.51653711324493, 39.55555555555556]","[1.0, 1.0, 1.0]",0.9,150.62764822435602,49.37235177564398
191,01011111,111,010,1,1,"[49.38271604938271, 42.888888888888886, 41.7283950617284]","[1.0, 1.0, 1.0]",0.9,150.66666666666666,49.33333333333334
192,11101011,111,100,1,1,"[42.888888888888886, 49.38271604938271, 41.7283950617284]","[1.0, 1.0, 1.0]",0.9,150.66666666666666,49.33333333333334
193,01111110,111,000,0,1,"[48.83401920438958, 45.432098765432094, 41.9753086419753]","[1.0, 1.0, 1.0]",0.9,150.68587105624144,49.31412894375856
194,11101110,111,000,0,1,"[45.432098765432094, 48.83401920438958, 41.9753086419753]","[1.0, 1.0, 1.0]",0.9,150.68587105624144,49.31412894375856
195,10011011,111,000,0,1,"[48.46822130772747, 46.09053497942386, 41.7283950617284]","[1.0, 1.0, 1.0]",0.9,150.73159579332417,49.268404206675825
196,11010011,111,000,0,1,"[46.09053497942386, 48.46822130772747, 41.7283950617284]","[1.0, 1.0, 1.0]",0.9,150.73159579332417,49.268404206675825
197,10011011,111,001,1,1,"[48.46822130772747, 46.09053497942386, 39.55555555555556]","[1.0, 1.0, 1.0]",0.9,150.78097850937354,49.21902149062646
198,11010011,111,001,1,1,"[46.09053497942386, 48.46822130772747, 39.55555555555556]","[1.0, 1.0, 1.0]",0.9,150.78097850937354,49.21902149062646
199,11011010,111,000,1,1,"[46.09053497942386, 46.09053497942386, 41.9753086419753]","[1.0, 1.0, 1.0]",0.9,150.82304526748968,49.176954732510325
200,00111110,111,010,0,1,"[51.51653711324493, 42.888888888888886, 41.9753086419753]","[1.0, 1.0, 1.0]",0.9,150.82517908855357,49.17482091144643
201,11100110,111,100,0,1,"[42.888888888888886, 51.51653711324493, 41.9753086419753]","[1.0, 1.0, 1.0]",0.9,150.82517908855357,49.17482091144643
202,01110111,111,001,0,1,"[48.83401920438958, 48.01097393689986, 39.55555555555556]","[1.0, 1.0, 1.0]",0.9,150.84499314128945,49.15500685871055
203,10101111,111,001,0,1,"[48.01097393689986, 48.83401920438958, 39.55555555555556]","[1.0, 1.0, 1.0]",0.9,150.84499314128945,49.15500685871055
204,00011111,111,010,0,1,"[51.821368693796664, 42.888888888888886, 41.7283950617284]","[1.0, 1.0, 1.0]",0.9,150.8830970888584,49.11690291114161
205,11100011,111,100,0,1,"[42.888888888888886, 51.821368693796664, 41.7283950617284]","[1.0, 1.0, 1.0]",0.9,150.8830970888584,49.11690291114161
206,01011110,111,010,1,1,"[49.38271604938271, 42.888888888888886, 41.9753086419753]","[1.0, 1.0, 1.0]",0.9,150.91358024691354,49.08641975308646
207,11101010,111,100,1,1,"[42.888888888888886, 49.38271604938271, 41.9753086419753]","[1.0, 1.0, 1.0]",0.9,150.91358024691354,49.08641975308646
208,00011111,111,011,1,1,"[51.821368693796664, 42.888888888888886, 39.55555555555556]","[1.0, 1.0, 1.0]",0.9,150.93247980490776,49.06752019509224
209,11100011,111,101,1,1,"[42.888888888888886, 51.821368693796664, 39.55555555555556]","[1.0, 1.0, 1.0]",0.9,150.93247980490776,49.06752019509224
210,10010011,111,001,0,1,"[48.46822130772747, 48.46822130772747, 39.55555555555556]","[1.0, 1.0, 1.0]",0.9,150.93644261545495,49.06355738454505
211,00111111,111,001,0,1,"[51.51653711324493, 45.432098765432094, 39.55555555555556]","[1.0, 1.0, 1.0]",0.9,150.94863587867704,49.05136412132296
212,11100111,111,001,0,1,"[45.432098765432094, 51.51653711324493, 39.55555555555556]","[1.0, 1.0, 1.0]",0.9,150.94863587867704,49.05136412132296
213,10011010,111,000,0,1,"[48.46822130772747, 46.09053497942386, 41.9753086419753]","[1.0, 1.0, 1.0]",0.9,150.9785093735711,49.021490626428914
214,11010010,111,000,0,1,"[46.09053497942386, 48.46822130772747, 41.9753086419753]","[1.0, 1.0, 1.0]",0.9,150.9785093735711,49.021490626428914
215,01011111,111,000,0,1,"[49.38271604938271, 45.432098765432094, 41.7283950617284]","[1.0, 1.0, 1.0]",0.9,150.98765432098764,49.012345679012356
216,11101011,111,000,0,1,"[45.432098765432094, 49.38271604938271, 41.7283950617284]","[1.0, 1.0, 1.0]",0.9,150.98765432098764,49.012345679012356
217,01011111,111,001,1,1,"[49.38271604938271, 45.432098765432094, 39.55555555555556]","[1.0, 1.0, 1.0]",0.9,151.037037037037,48.96296296296299
218,11101011,111,001,1,1,"[45.432098765432094, 49.38271604938271, 39.55555555555556]","[1.0, 1.0, 1.0]",0.9,151.037037037037,48.96296296296299
219,01111011,111,000,0,1,"[48.83401920438958, 46.09053497942386, 41.7283950617284]","[1.0, 1.0, 1.0]",0.9,151.0973936899863,48.90260631001371
220,11001111,111,000,0,1,"[46.09053497942386, 48.83401920438958, 41.7283950617284]","[1.0, 1.0, 1.0]",0.9,151.0973936899863,48.90260631001371
221,00011110,111,010,0,1,"[51.821368693796664, 42.888888888888886, 41.9753086419753]","[1.0, 1.0, 1.0]",0.9,151.1300106691053,48.8699893308947
222,11100010,111,100,0,1,"[42.888888888888886, 51.821368693796664, 41.9753086419753]","[1.0, 1.0, 1.0]",0.9,151.1300106691053,48.8699893308947
223,01111011,111,001,1,1,"[48.83401920438958, 46.09053497942386, 39.55555555555556]","[1.0, 1.0, 1.0]",0.9,151.14677640603566,48.853223593964344
224,11001111,111,001,1,1,"[46.09053497942386, 48.83401920438958, 39.55555555555556]","[1.0, 1.0, 1.0]",0.9,151.14677640603566,48.853223593964344
225,01011110,111,000,0,1,"[49.38271604938271, 45.432098765432094, 41.9753086419753]","[1.0, 1.0, 1.0]",0.9,151.23456790123456,48.765432098765444
226,11101010,111,000,0,1,"[45.432098765432094, 49.38271604938271, 41.9753086419753]","[1.0, 1.0, 1.0]",0.9,151.23456790123456,48.765432098765444
227,00011111,111,001,0,1,"[51.821368693796664, 45.432098765432094, 39.55555555555556]","[1.0, 1.0, 1.0]",0.9,151.25346745922877,48.74653254077123
228,11100011,111,001,0,1,"[45.432098765432094, 51.821368693796664, 39.55555555555556]","[1.0, 1.0, 1.0]",0.9,151.25346745922877,48.74653254077123
229,01110011,111,001,0,1,"[48.83401920438958, 48.46822130772747, 39.55555555555556]","[1.0, 1.0, 1.0]",0.9,151.30224051211707,48.697759487882934
230,10001111,111,001,0,1,"[48.46822130772747, 48.83401920438958, 39.55555555555556]","[1.0, 1.0, 1.0]",0.9,151.30224051211707,48.697759487882934
231,01111010,111,000,0,1,"[48.83401920438958, 46.09053497942386, 41.9753086419753]","[1.0, 1.0, 1.0]",0.9,151.3443072702332,48.6556927297668
232,11001110,111,000,0,1,"[46.09053497942386, 48.83401920438958, 41.9753086419753]","[1.0, 1.0, 1.0]",0.9,151.3443072702332,48.6556927297668
233,01010111,111,001,0,1,"[49.38271604938271, 48.01097393689986, 39.55555555555556]","[1.0, 1.0, 1.0]",0.9,151.3936899862826,48.606310013717405
234,10101011,111,001,0,1,"[48.01097393689986, 49.38271604938271, 39.55555555555556]","[1.0, 1.0, 1.0]",0.9,151.3936899862826,48.606310013717405
235,11111100,111,000,1,1,"[45.432098765432094, 45.432098765432094, 43.8957475994513]","[1.0, 1.0, 1.0]",0.9,151.42661179698214,48.573388203017856
236,11111101,111,000,1,1,"[45.432098765432094, 45.432098765432094, 43.895747599451305]","[1.0, 1.0, 1.0]",0.9,151.42661179698214,48.573388203017856
237,10111100,111,010,1,1,"[48.01097393689986, 42.888888888888886, 43.8957475994513]","[1.0, 1.0, 1.0]",0.9,151.4622770919067,48.537722908093286
238,10111101,111,010,1,1,"[48.01097393689986, 42.888888888888886, 43.895747599451305]","[1.0, 1.0, 1.0]",0.9,151.4622770919067,48.537722908093286
239,11110100,111,100,1,1,"[42.888888888888886, 48.01097393689986, 43.8957475994513]","[1.0, 1.0, 1.0]",0.9,151.4622770919067,48.537722908093286
240,11110101,111,100,1,1,"[42.888888888888886, 48.01097393689986, 43.895747599451305]","[1.0, 1.0, 1.0]",0.9,151.4622770919067,48.537722908093286
241,00111011,111,001,0,1,"[51.51653711324493, 46.09053497942386, 39.55555555555556]","[1.0, 1.0, 1.0]",0.9,151.6070720926688,48.3929279073312
242,11000111,111,001,0,1,"[46.09053497942386, 51.51653711324493, 39.55555555555556]","[1.0, 1.0, 1.0]",0.9,151.6070720926688,48.3929279073312
243,01011011,111,000,0,1,"[49.38271604938271, 46.09053497942386, 41.7283950617284]","[1.0, 1.0, 1.0]",0.9,151.6460905349794,48.35390946502059
244,11001011,111,000,0,1,"[46.09053497942386, 49.38271604938271, 41.7283950617284]","[1.0, 1.0, 1.0]",0.9,151.6460905349794,48.35390946502059
245,01101111,111,001,0,1,"[48.83401920438958, 48.83401920438958, 39.55555555555556]","[1.0, 1.0, 1.0]",0.9,151.66803840877918,48.33196159122082
246,01011011,111,001,1,1,"[49.38271604938271, 46.09053497942386, 39.55555555555556]","[1.0, 1.0, 1.0]",0.9,151.69547325102877,48.30452674897123
247,11001011,111,001,1,1,"[46.09053497942386, 49.38271604938271, 39.55555555555556]","[1.0, 1.0, 1.0]",0.9,151.69547325102877,48.30452674897123
248,10111100,111,000,0,1,"[48.01097393689986, 45.432098765432094, 43.8957475994513]","[1.0, 1.0, 1.0]",0.9,151.7832647462277,48.2167352537723
249,10111101,111,000,0,1,"[48.01097393689986, 45.432098765432094, 43.895747599451305]","[1.0, 1.0, 1.0]",0.9,151.7832647462277,48.2167352537723
250,11110100,111,000,0,1,"[45.432098765432094, 48.01097393689986, 43.8957475994513]","[1.0, 1.0, 1.0]",0.9,151.7832647462277,48.2167352537723
251,11110101,111,000,0,1,"[45.432098765432094, 48.01097393689986, 43.895747599451305]","[1.0, 1.0, 1.0]",0.9,151.7832647462277,48.2167352537723
252,10111111,111,000,1,1,"[48.01097393689986, 45.432098765432094, 41.7283950617284]","[1.0, 1.0, 1.0]",0.9,151.83813443072702,48.161865569272976
253,11110111,111,000,1,1,"[45.432098765432094, 48.01097393689986, 41.7283950617284]","[1.0, 1.0, 1.0]",0.9,151.83813443072702,48.161865569272976
254,01010011,111,001,0,1,"[49.38271604938271, 48.46822130772747, 39.55555555555556]","[1.0, 1.0, 1.0]",0.9,151.85093735711018,48.14906264288982
255,10001011,111,001,0,1,"[48.46822130772747, 49.38271604938271, 39.55555555555556]","[1.0, 1.0, 1.0]",0.9,151.85093735711018,48.14906264288982
256,01011010,111,000,0,1,"[49.38271604938271, 46.09053497942386, 41.9753086419753]","[1.0, 1.0, 1.0]",0.9,151.89300411522632,48.10699588477368
257,11001010,111,000,0,1,"[46.09053497942386, 49.38271604938271, 41.9753086419753]","[1.0, 1.0, 1.0]",0.9,151.89300411522632,48.10699588477368
258,00011011,111,001,0,1,"[51.821368693796664, 46.09053497942386, 39.55555555555556]","[1.0, 1.0, 1.0]",0.9,151.91190367322054,48.088096326779464
259,11000011,111,001,0,1,"[46.09053497942386, 51.821368693796664, 39.55555555555556]","[1.0, 1.0, 1.0]",0.9,151.91190367322054,48.088096326779464
260,10011100,111,010,1,1,"[48.46822130772747, 42.888888888888886, 43.8957475994513]","[1.0, 1.0, 1.0]",0.9,151.9195244627343,48.0804755372657
261,10011101,111,010,1,1,"[48.46822130772747, 42.888888888888886, 43.895747599451305]","[1.0, 1.0, 1.0]",0.9,151.9195244627343,48.0804755372657
262,11110000,111,100,1,1,"[42.888888888888886, 48.46822130772747, 43.8957475994513]","[1.0, 1.0, 1.0]",0.9,151.9195244627343,48.0804755372657
263,11110001,111,100,1,1,"[42.888888888888886, 48.46822130772747, 43.895747599451305]","[1.0, 1.0, 1.0]",0.9,151.9195244627343,48.0804755372657
264,10111110,111,000,1,1,"[48.01097393689986, 45.432098765432094, 41.9753086419753]","[1.0, 1.0, 1.0]",0.9,152.0850480109739,47.91495198902609
265,11011100,111,000,1,1,"[46.09053497942386, 45.432098765432094, 43.8957475994513]","[1.0, 1.0, 1.0]",0.9,152.0850480109739,47.91495198902609
266,11011101,111,000,1,1,"[46.09053497942386, 45.432098765432094, 43.895747599451305]","[1.0, 1.0, 1.0]",0.9,152.0850480109739,47.91495198902609
267,11110110,111,000,1,1,"[45.432098765432094, 48.01097393689986, 41.9753086419753]","[1.0, 1.0, 1.0]",0.9,152.0850480109739,47.91495198902609
268,11111000,111,000,1,1,"[45.432098765432094, 46.09053497942386, 43.8957475994513]","[1.0, 1.0, 1.0]",0.9,152.0850480109739,47.91495198902609
269,11111001,111,000,1,1,"[45.432098765432094, 46.09053497942386, 43.895747599451305]","[1.0, 1.0, 1.0]",0.9,152.0850480109739,47.91495198902609
270,10110111,111,000,0,1,"[48.01097393689986, 48.01097393689986, 41.7283950617284]","[1.0, 1.0, 1.0]",0.9,152.19478737997258,47.80521262002742
271,01001111,111,001,0,1,"[49.38271604938271, 48.83401920438958, 39.55555555555556]","[1.0, 1.0, 1.0]",0.9,152.2167352537723,47.7832647462277
272,01101011,111,001,0,1,"[48.83401920438958, 49.38271604938271, 39.55555555555556]","[1.0, 1.0, 1.0]",0.9,152.2167352537723,47.7832647462277
273,10011100,111,000,0,1,"[48.46822130772747, 45.432098765432094, 43.8957475994513]","[1.0, 1.0, 1.0]",0.9,152.24051211705532,47.75948788294468
274,10011101,111,000,0,1,"[48.46822130772747, 45.432098765432094, 43.895747599451305]","[1.0, 1.0, 1.0]",0.9,152.24051211705532,47.75948788294468
275,11110000,111,000,0,1,"[45.432098765432094, 48.46822130772747, 43.8957475994513]","[1.0, 1.0, 1.0]",0.9,152.24051211705532,47.75948788294468
276,11110001,111,000,0,1,"[45.432098765432094, 48.46822130772747, 43.895747599451305]","[1.0, 1.0, 1.0]",0.9,152.24051211705532,47.75948788294468
277,10110111,111,001,1,1,"[48.01097393689986, 48.01097393689986, 39.55555555555556]","[1.0, 1.0, 1.0]",0.9,152.24417009602192,47.75582990397808
278,01111100,111,010,1,1,"[48.83401920438958, 42.888888888888886, 43.8957475994513]","[1.0, 1.0, 1.0]",0.9,152.28532235939642,47.71467764060358
279,01111101,111,010,1,1,"[48.83401920438958, 42.888888888888886, 43.895747599451305]","[1.0, 1.0, 1.0]",0.9,152.28532235939642,47.71467764060358
280,11101100,111,100,1,1,"[42.888888888888886, 48.83401920438958, 43.8957475994513]","[1.0, 1.0, 1.0]",0.9,152.28532235939642,47.71467764060358
281,11101101,111,100,1,1,"[42.888888888888886, 48.83401920438958, 43.895747599451305]","[1.0, 1.0, 1.0]",0.9,152.28532235939642,47.71467764060358
282,10011111,111,000,1,1,"[48.46822130772747, 45.432098765432094, 41.7283950617284]","[1.0, 1.0, 1.0]",0.9,152.2953818015546,47.70461819844539
283,11110011,111,000,1,1,"[45.432098765432094, 48.46822130772747, 41.7283950617284]","[1.0, 1.0, 1.0]",0.9,152.2953818015546,47.70461819844539
284,10110110,111,000,0,1,"[48.01097393689986, 48.01097393689986, 41.9753086419753]","[1.0, 1.0, 1.0]",0.9,152.44170096021946,47.558299039780536
285,10111000,111,000,0,1,"[48.01097393689986, 46.09053497942386, 43.8957475994513]","[1.0, 1.0, 1.0]",0.9,152.44170096021946,47.558299039780536
286,10111001,111,000,0,1,"[48.01097393689986, 46.09053497942386, 43.895747599451305]","[1.0, 1.0, 1.0]",0.9,152.44170096021946,47.558299039780536
287,11010100,111,000,0,1,"[46.09053497942386, 48.01097393689986, 43.8957475994513]","[1.0, 1.0, 1.0]",0.9,152.44170096021946,47.558299039780536
288,11010101,111,000,0,1,"[46.09053497942386, 48.01097393689986, 43.895747599451305]","[1.0, 1.0, 1.0]",0.9,152.44170096021946,47.558299039780536
289,10111011,111,000,1,1,"[48.01097393689986, 46.09053497942386, 41.7283950617284]","[1.0, 1.0, 1.0]",0.9,152.4965706447188,47.50342935528121
290,11010111,111,000,1,1,"[46.09053497942386, 48.01097393689986, 41.7283950617284]","[1.0, 1.0, 1.0]",0.9,152.4965706447188,47.50342935528121
291,10011110,111,000,1,1,"[48.46822130772747, 45.432098765432094, 41.9753086419753]","[1.0, 1.0, 1.0]",0.9,152.54229538180152,47.45770461819848
292,11110010,111,000,1,1,"[45.432098765432094, 48.46822130772747, 41.9753086419753]","[1.0, 1.0, 1.0]",0.9,152.54229538180152,47.45770461819848
293,11111111,111,111,0,0,"[42.888888888888886, 42.888888888888886, 39.55555555555556]","[1.0, 1.0, 1.0]",0.9,152.59259259259258,47.40740740740742
294,01111100,111,000,0,1,"[48.83401920438958, 45.432098765432094, 43.8957475994513]","[1.0, 1.0, 1.0]",0.9,152.60631001371743,47.39368998628257
295,01111101,111,000,0,1,"[48.83401920438958, 45.432098765432094, 43.895747599451305]","[1.0, 1.0, 1.0]",0.9,152.60631001371743,47.39368998628257
296,11101100,111,000,0,1,"[45.432098765432094, 48.83401920438958, 43.8957475994513]","[1.0, 1.0, 1.0]",0.9,152.60631001371743,47.39368998628257
297,11101101,111,000,0,1,"[45.432098765432094, 48.83401920438958, 43.895747599451305]","[1.0, 1.0, 1.0]",0.9,152.60631001371743,47.39368998628257
298,10010111,111,000,0,1,"[48.46822130772747, 48.01097393689986, 41.7283950617284]","[1.0, 1.0, 1.0]",0.9,152.65203475080017,47.34796524919983
299,10110011,111,000,0,1,"[48.01097393689986, 48.46822130772747, 41.7283950617284]","[1.0, 1.0, 1.0]",0.9,152.65203475080017,47.34796524919983
300,01111111,111,000,1,1,"[48.83401920438958, 45.432098765432094, 41.7283950617284]","[1.0, 1.0, 1.0]",0.9,152.66117969821673,47.33882030178327
301,11101111,111,000,1,1,"[45.432098765432094, 48.83401920438958, 41.7283950617284]","[1.0, 1.0, 1.0]",0.9,152.66117969821673,47.33882030178327
302,10010111,111,001,1,1,"[48.46822130772747, 48.01097393689986, 39.55555555555556]","[1.0, 1.0, 1.0]",0.9,152.70141746684953,47.298582533150466
303,10110011,111,001,1,1,"[48.01097393689986, 48.46822130772747, 39.55555555555556]","[1.0, 1.0, 1.0]",0.9,152.70141746684953,47.298582533150466
304,10111010,111,000,1,1,"[48.01097393689986, 46.09053497942386, 41.9753086419753]","[1.0, 1.0, 1.0]",0.9,152.74348422496567,47.25651577503433
305,11010110,111,000,1,1,"[46.09053497942386, 48.01097393689986, 41.9753086419753]","[1.0, 1.0, 1.0]",0.9,152.74348422496567,47.25651577503433
306,11011000,111,000,1,1,"[46.09053497942386, 46.09053497942386, 43.8957475994513]","[1.0, 1.0, 1.0]",0.9,152.74348422496567,47.25651577503433
307,11011001,111,000,1,1,"[46.09053497942386, 46.09053497942386, 43.895747599451305]","[1.0, 1.0, 1.0]",0.9,152.74348422496567,47.25651577503433
308,00111100,111,010,0,1,"[51.51653711324493, 42.888888888888886, 43.8957475994513]","[1.0, 1.0, 1.0]",0.9,152.74561804602956,47.25438195397044
309,00111101,111,010,0,1,"[51.51653711324493, 42.888888888888886, 43.895747599451305]","[1.0, 1.0, 1.0]",0.9,152.74561804602956,47.25438195397044
310,11100100,111,100,0,1,"[42.888888888888886, 51.51653711324493, 43.8957475994513]","[1.0, 1.0, 1.0]",0.9,152.74561804602956,47.25438195397044
311,11100101,111,100,0,1,"[42.888888888888886, 51.51653711324493, 43.895747599451305]","[1.0, 1.0, 1.0]",0.9,152.74561804602956,47.25438195397044
312,01001011,111,001,0,1,"[49.38271604938271, 49.38271604938271, 39.55555555555556]","[1.0, 1.0, 1.0]",0.9,152.76543209876542,47.234567901234584
313,00111111,111,010,1,1,"[51.51653711324493, 42.888888888888886, 41.7283950617284]","[1.0, 1.0, 1.0]",0.9,152.80048773052889,47.199512269471114
314,11100111,111,100,1,1,"[42.888888888888886, 51.51653711324493, 41.7283950617284]","[1.0, 1.0, 1.0]",0.9,152.80048773052889,47.199512269471114
315,01011100,111,010,1,1,"[49.38271604938271, 42.888888888888886, 43.8957475994513]","[1.0, 1.0, 1.0]",0.9,152.83401920438953,47.165980795610466
316,11101000,111,100,1,1,"[42.888888888888886, 49.38271604938271, 43.8957475994513]","[1.0, 1.0, 1.0]",0.9,152.83401920438953,47.165980795610466
317,01011101,111,010,1,1,"[49.38271604938271, 42.888888888888886, 43.895747599451305]","[1.0, 1.0, 1.0]",0.9,152.83401920438956,47.16598079561044
318,11101001,111,100,1,1,"[42.888888888888886, 49.38271604938271, 43.895747599451305]","[1.0, 1.0, 1.0]",0.9,152.83401920438956,47.16598079561044
319,10010110,111,000,0,1,"[48.46822130772747, 48.01097393689986, 41.9753086419753]","[1.0, 1.0, 1.0]",0.9,152.89894833104708,47.10105166895292
320,10011000,111,000,0,1,"[48.46822130772747, 46.09053497942386, 43.8957475994513]","[1.0, 1.0, 1.0]",0.9,152.89894833104708,47.10105166895292
321,10011001,111,000,0,1,"[48.46822130772747, 46.09053497942386, 43.895747599451305]","[1.0, 1.0, 1.0]",0.9,152.89894833104708,47.10105166895292
322,10110010,111,000,0,1,"[48.01097393689986, 48.46822130772747, 41.9753086419753]","[1.0, 1.0, 1.0]",0.9,152.89894833104708,47.10105166895292
323,11010000,111,000,0,1,"[46.09053497942386, 48.46822130772747, 43.8957475994513]","[1.0, 1.0, 1.0]",0.9,152.89894833104708,47.10105166895292
324,11010001,111,000,0,1,"[46.09053497942386, 48.46822130772747, 43.895747599451305]","[1.0, 1.0, 1.0]",0.9,152.89894833104708,47.10105166895292
325,01111110,111,000,1,1,"[48.83401920438958, 45.432098765432094, 41.9753086419753]","[1.0, 1.0, 1.0]",0.9,152.90809327846364,47.09190672153636
326,11101110,111,000,1,1,"[45.432098765432094, 48.83401920438958, 41.9753086419753]","[1.0, 1.0, 1.0]",0.9,152.90809327846364,47.09190672153636
327,10011011,111,000,1,1,"[48.46822130772747, 46.09053497942386, 41.7283950617284]","[1.0, 1.0, 1.0]",0.9,152.95381801554637,47.046181984453625
328,11010011,111,000,1,1,"[46.09053497942386, 48.46822130772747, 41.7283950617284]","[1.0, 1.0, 1.0]",0.9,152.95381801554637,47.046181984453625
329,01110111,111,000,0,1,"[48.83401920438958, 48.01097393689986, 41.7283950617284]","[1.0, 1.0, 1.0]",0.9,153.01783264746228,46.982167352537715
330,10101111,111,000,0,1,"[48.01097393689986, 48.83401920438958, 41.7283950617284]","[1.0, 1.0, 1.0]",0.9,153.01783264746228,46.982167352537715
331,00111110,111,010,1,1,"[51.51653711324493, 42.888888888888886, 41.9753086419753]","[1.0, 1.0, 1.0]",0.9,153.04740131077577,46.95259868922423
332,11100110,111,100,1,1,"[42.888888888888886, 51.51653711324493, 41.9753086419753]","[1.0, 1.0, 1.0]",0.9,153.04740131077577,46.95259868922423
333,00011100,111,010,0,1,"[51.821368693796664, 42.888888888888886, 43.8957475994513]","[1.0, 1.0, 1.0]",0.9,153.0504496265813,46.9495503734187
334,11100000,111,100,0,1,"[42.888888888888886, 51.821368693796664, 43.8957475994513]","[1.0, 1.0, 1.0]",0.9,153.0504496265813,46.9495503734187
335,00011101,111,010,0,1,"[51.821368693796664, 42.888888888888886, 43.895747599451305]","[1.0, 1.0, 1.0]",0.9,153.05044962658133,46.949550373418674
336,11100001,111,100,0,1,"[42.888888888888886, 51.821368693796664, 43.895747599451305]","[1.0, 1.0, 1.0]",0.9,153.05044962658133,46.949550373418674
337,01110111,111,001,1,1,"[48.83401920438958, 48.01097393689986, 39.55555555555556]","[1.0, 1.0, 1.0]",0.9,153.06721536351165,46.93278463648835
338,10101111,111,001,1,1,"[48.01097393689986, 48.83401920438958, 39.55555555555556]","[1.0, 1.0, 1.0]",0.9,153.06721536351165,46.93278463648835
339,00011111,111,010,1,1,"[51.821368693796664, 42.888888888888886, 41.7283950617284]","[1.0, 1.0, 1.0]",0.9,153.1053193110806,46.89468068891941
340,11100011,111,100,1,1,"[42.888888888888886, 51.821368693796664, 41.7283950617284]","[1.0, 1.0, 1.0]",0.9,153.1053193110806,46.89468068891941
341,10010011,111,000,0,1,"[48.46822130772747, 48.46822130772747, 41.7283950617284]","[1.0, 1.0, 1.0]",0.9,153.10928212162779,46.890717878372214
342,00111111,111,000,0,1,"[51.51653711324493, 45.432098765432094, 41.7283950617284]","[1.0, 1.0, 1.0]",0.9,153.12147538484987,46.87852461515013
343,11100111,111,000,0,1,"[45.432098765432094, 51.51653711324493, 41.7283950617284]","[1.0, 1.0, 1.0]",0.9,153.12147538484987,46.87852461515013
344,01011100,111,000,0,1,"[49.38271604938271, 45.432098765432094, 43.8957475994513]","[1.0, 1.0, 1.0]",0.9,153.15500685871055,46.84499314128945
345,11101000,111,000,0,1,"[45.432098765432094, 49.38271604938271, 43.8957475994513]","[1.0, 1.0, 1.0]",0.9,153.15500685871055,46.84499314128945
346,01011101,111,000,0,1,"[49.38271604938271, 45.432098765432094, 43.895747599451305]","[1.0, 1.0, 1.0]",0.9,153.15500685871058,46.84499314128942
347,11101001,111,000,0,1,"[45.432098765432094, 49.38271604938271, 43.895747599451305]","[1.0, 1.0, 1.0]",0.9,153.15500685871058,46.84499314128942
348,10010011,111,001,1,1,"[48.46822130772747, 48.46822130772747, 39.55555555555556]","[1.0, 1.0, 1.0]",0.9,153.15866483767715,46.84133516232285
349,00111111,111,001,1,1,"[51.51653711324493, 45.432098765432094, 39.55555555555556]","[1.0, 1.0, 1.0]",0.9,153.17085810089924,46.82914189910076
350,11100111,111,001,1,1,"[45.432098765432094, 51.51653711324493, 39.55555555555556]","[1.0, 1.0, 1.0]",0.9,153.17085810089924,46.82914189910076
351,10011010,111,000,1,1,"[48.46822130772747, 46.09053497942386, 41.9753086419753]","[1.0, 1.0, 1.0]",0.9,153.2007315957933,46.799268404206714
352,11010010,111,000,1,1,"[46.09053497942386, 48.46822130772747, 41.9753086419753]","[1.0, 1.0, 1.0]",0.9,153.2007315957933,46.799268404206714
353,01011111,111,000,1,1,"[49.38271604938271, 45.432098765432094, 41.7283950617284]","[1.0, 1.0, 1.0]",0.9,153.20987654320984,46.790123456790155
354,11101011,111,000,1,1,"[45.432098765432094, 49.38271604938271, 41.7283950617284]","[1.0, 1.0, 1.0]",0.9,153.20987654320984,46.790123456790155
355,01110110,111,000,0,1,"[48.83401920438958, 48.01097393689986, 41.9753086419753]","[1.0, 1.0, 1.0]",0.9,153.2647462277092,46.735253772290804
356,01111000,111,000,0,1,"[48.83401920438958, 46.09053497942386, 43.8957475994513]","[1.0, 1.0, 1.0]",0.9,153.2647462277092,46.735253772290804
357,01111001,111,000,0,1,"[48.83401920438958, 46.09053497942386, 43.895747599451305]","[1.0, 1.0, 1.0]",0.9,153.2647462277092,46.735253772290804
358,10101110,111,000,0,1,"[48.01097393689986, 48.83401920438958, 41.9753086419753]","[1.0, 1.0, 1.0]",0.9,153.2647462277092,46.735253772290804
359,11001100,111,000,0,1,"[46.09053497942386, 48.83401920438958, 43.8957475994513]","[1.0, 1.0, 1.0]",0.9,153.2647462277092,46.735253772290804
360,11001101,111,000,0,1,"[46.09053497942386, 48.83401920438958, 43.895747599451305]","[1.0, 1.0, 1.0]",0.9,153.2647462277092,46.735253772290804
361,01111011,111,000,1,1,"[48.83401920438958, 46.09053497942386, 41.7283950617284]","[1.0, 1.0, 1.0]",0.9,153.3196159122085,46.68038408779151
362,11001111,111,000,1,1,"[46.09053497942386, 48.83401920438958, 41.7283950617284]","[1.0, 1.0, 1.0]",0.9,153.3196159122085,46.68038408779151
363,00011110,111,010,1,1,"[51.821368693796664, 42.888888888888886, 41.9753086419753]","[1.0, 1.0, 1.0]",0.9,153.3522328913275,46.6477671086725
364,11100010,111,100,1,1,"[42.888888888888886, 51.821368693796664, 41.9753086419753]","[1.0, 1.0, 1.0]",0.9,153.3522328913275,46.6477671086725
365,10010010,111,000,0,1,"[48.46822130772747, 48.46822130772747, 41.9753086419753]","[1.0, 1.0, 1.0]",0.9,153.3561957018747,46.6438042981253
366,00111110,111,000,0,1,"[51.51653711324493, 45.432098765432094, 41.9753086419753]","[1.0, 1.0, 1.0]",0.9,153.36838896509678,46.631611034903216
367,11100110,111,000,0,1,"[45.432098765432094, 51.51653711324493, 41.9753086419753]","[1.0, 1.0, 1.0]",0.9,153.36838896509678,46.631611034903216
368,00011111,111,000,0,1,"[51.821368693796664, 45.432098765432094, 41.7283950617284]","[1.0, 1.0, 1.0]",0.9,153.4263069654016,46.57369303459839
369,11100011,111,000,0,1,"[45.432098765432094, 51.821368693796664, 41.7283950617284]","[1.0, 1.0, 1.0]",0.9,153.4263069654016,46.57369303459839
370,01011110,111,000,1,1,"[49.38271604938271, 45.432098765432094, 41.9753086419753]","[1.0, 1.0, 1.0]",0.9,153.45679012345676,46.543209876543244
371,11101010,111,000,1,1,"[45.432098765432094, 49.38271604938271, 41.9753086419753]","[1.0, 1.0, 1.0]",0.9,153.45679012345676,46.543209876543244
372,01110011,111,000,0,1,"[48.83401920438958, 48.46822130772747, 41.7283950617284]","[1.0, 1.0, 1.0]",0.9,153.4750800182899,46.5249199817101
373,10001111,111,000,0,1,"[48.46822130772747, 48.83401920438958, 41.7283950617284]","[1.0, 1.0, 1.0]",0.9,153.4750800182899,46.5249199817101
374,00011111,111,001,1,1,"[51.821368693796664, 45.432098765432094, 39.55555555555556]","[1.0, 1.0, 1.0]",0.9,153.47568968145097,46.52431031854903
375,11100011,111,001,1,1,"[45.432098765432094, 51.821368693796664, 39.55555555555556]","[1.0, 1.0, 1.0]",0.9,153.47568968145097,46.52431031854903
376,01110011,111,001,1,1,"[48.83401920438958, 48.46822130772747, 39.55555555555556]","[1.0, 1.0, 1.0]",0.9,153.52446273433927,46.47553726566073
377,10001111,111,001,1,1,"[48.46822130772747, 48.83401920438958, 39.55555555555556]","[1.0, 1.0, 1.0]",0.9,153.52446273433927,46.47553726566073
378,00110111,111,001,0,1,"[51.51653711324493, 48.01097393689986, 39.55555555555556]","[1.0, 1.0, 1.0]",0.9,153.5275110501448,46.472488949855205
379,10100111,111,001,0,1,"[48.01097393689986, 51.51653711324493, 39.55555555555556]","[1.0, 1.0, 1.0]",0.9,153.5275110501448,46.472488949855205
380,01111010,111,000,1,1,"[48.83401920438958, 46.09053497942386, 41.9753086419753]","[1.0, 1.0, 1.0]",0.9,153.5665294924554,46.4334705075446
381,11001110,111,000,1,1,"[46.09053497942386, 48.83401920438958, 41.9753086419753]","[1.0, 1.0, 1.0]",0.9,153.5665294924554,46.4334705075446
382,01010111,111,000,0,1,"[49.38271604938271, 48.01097393689986, 41.7283950617284]","[1.0, 1.0, 1.0]",0.9,153.56652949245543,46.43347050754457
383,10101011,111,000,0,1,"[48.01097393689986, 49.38271604938271, 41.7283950617284]","[1.0, 1.0, 1.0]",0.9,153.56652949245543,46.43347050754457
384,01010111,111,001,1,1,"[49.38271604938271, 48.01097393689986, 39.55555555555556]","[1.0, 1.0, 1.0]",0.9,153.6159122085048,46.384087791495205
385,10101011,111,001,1,1,"[48.01097393689986, 49.38271604938271, 39.55555555555556]","[1.0, 1.0, 1.0]",0.9,153.6159122085048,46.384087791495205
386,00011110,111,000,0,1,"[51.821368693796664, 45.432098765432094, 41.9753086419753]","[1.0, 1.0, 1.0]",0.9,153.67322054564852,46.32677945435148
387,11100010,111,000,0,1,"[45.432098765432094, 51.821368693796664, 41.9753086419753]","[1.0, 1.0, 1.0]",0.9,153.67322054564852,46.32677945435148
388,01110010,111,000,0,1,"[48.83401920438958, 48.46822130772747, 41.9753086419753]","[1.0, 1.0, 1.0]",0.9,153.7219935985368,46.27800640146319
389,10001110,111,000,0,1,"[48.46822130772747, 48.83401920438958, 41.9753086419753]","[1.0, 1.0, 1.0]",0.9,153.7219935985368,46.27800640146319
390,00111011,111,000,0,1,"[51.51653711324493, 46.09053497942386, 41.7283950617284]","[1.0, 1.0, 1.0]",0.9,153.77991159884164,46.220088401158364
391,11000111,111,000,0,1,"[46.09053497942386, 51.51653711324493, 41.7283950617284]","[1.0, 1.0, 1.0]",0.9,153.77991159884164,46.220088401158364
392,01011000,111,000,0,1,"[49.38271604938271, 46.09053497942386, 43.8957475994513]","[1.0, 1.0, 1.0]",0.9,153.8134430727023,46.18655692729769
393,11001000,111,000,0,1,"[46.09053497942386, 49.38271604938271, 43.8957475994513]","[1.0, 1.0, 1.0]",0.9,153.8134430727023,46.18655692729769
394,01010110,111,000,0,1,"[49.38271604938271, 48.01097393689986, 41.9753086419753]","[1.0, 1.0, 1.0]",0.9,153.81344307270234,46.18655692729766
395,01011001,111,000,0,1,"[49.38271604938271, 46.09053497942386, 43.895747599451305]","[1.0, 1.0, 1.0]",0.9,153.81344307270234,46.18655692729766
396,10101010,111,000,0,1,"[48.01097393689986, 49.38271604938271, 41.9753086419753]","[1.0, 1.0, 1.0]",0.9,153.81344307270234,46.18655692729766
397,11001001,111,000,0,1,"[46.09053497942386, 49.38271604938271, 43.895747599451305]","[1.0, 1.0, 1.0]",0.9,153.81344307270234,46.18655692729766
398,00111011,111,001,1,1,"[51.51653711324493, 46.09053497942386, 39.55555555555556]","[1.0, 1.0, 1.0]",0.9,153.829294314891,46.170705685109
399,11000111,111,001,1,1,"[46.09053497942386, 51.51653711324493, 39.55555555555556]","[1.0, 1.0, 1.0]",0.9,153.829294314891,46.170705685109
400,00010111,111,001,0,1,"[51.821368693796664, 48.01097393689986, 39.55555555555556]","[1.0, 1.0, 1.0]",0.9,153.83234263069653,46.16765736930347
401,10100011,111,001,0,1,"[48.01097393689986, 51.821368693796664, 39.55555555555556]","[1.0, 1.0, 1.0]",0.9,153.83234263069653,46.16765736930347
402,01101111,111,000,0,1,"[48.83401920438958, 48.83401920438958, 41.7283950617284]","[1.0, 1.0, 1.0]",0.9,153.84087791495202,46.15912208504798
403,01011011,111,000,1,1,"[49.38271604938271, 46.09053497942386, 41.7283950617284]","[1.0, 1.0, 1.0]",0.9,153.8683127572016,46.13168724279839
404,11001011,111,000,1,1,"[46.09053497942386, 49.38271604938271, 41.7283950617284]","[1.0, 1.0, 1.0]",0.9,153.8683127572016,46.13168724279839
405,01101111,111,001,1,1,"[48.83401920438958, 48.83401920438958, 39.55555555555556]","[1.0, 1.0, 1.0]",0.9,153.89026063100138,46.10973936899862
406,00110011,111,001,0,1,"[51.51653711324493, 48.46822130772747, 39.55555555555556]","[1.0, 1.0, 1.0]",0.9,153.9847584209724,46.01524157902759
407,10000111,111,001,0,1,"[48.46822130772747, 51.51653711324493, 39.55555555555556]","[1.0, 1.0, 1.0]",0.9,153.9847584209724,46.01524157902759
408,10111100,111,000,1,1,"[48.01097393689986, 45.432098765432094, 43.8957475994513]","[1.0, 1.0, 1.0]",0.9,154.0054869684499,45.9945130315501
409,10111101,111,000,1,1,"[48.01097393689986, 45.432098765432094, 43.895747599451305]","[1.0, 1.0, 1.0]",0.9,154.0054869684499,45.9945130315501
410,11110100,111,000,1,1,"[45.432098765432094, 48.01097393689986, 43.8957475994513]","[1.0, 1.0, 1.0]",0.9,154.0054869684499,45.9945130315501
411,11110101,111,000,1,1,"[45.432098765432094, 48.01097393689986, 43.895747599451305]","[1.0, 1.0, 1.0]",0.9,154.0054869684499,45.9945130315501
412,01010011,111,000,0,1,"[49.38271604938271, 48.46822130772747, 41.7283950617284]","[1.0, 1.0, 1.0]",0.9,154.02377686328305,45.97622313671695
413,10001011,111,000,0,1,"[48.46822130772747, 49.38271604938271, 41.7283950617284]","[1.0, 1.0, 1.0]",0.9,154.02377686328305,45.97622313671695
414,00111010,111,000,0,1,"[51.51653711324493, 46.09053497942386, 41.9753086419753]","[1.0, 1.0, 1.0]",0.9,154.02682517908855,45.97317482091145
415,11000110,111,000,0,1,"[46.09053497942386, 51.51653711324493, 41.9753086419753]","[1.0, 1.0, 1.0]",0.9,154.02682517908855,45.97317482091145
416,01010011,111,001,1,1,"[49.38271604938271, 48.46822130772747, 39.55555555555556]","[1.0, 1.0, 1.0]",0.9,154.07315957933238,45.92684042066762
417,10001011,111,001,1,1,"[48.46822130772747, 49.38271604938271, 39.55555555555556]","[1.0, 1.0, 1.0]",0.9,154.07315957933238,45.92684042066762
418,00011011,111,000,0,1,"[51.821368693796664, 46.09053497942386, 41.7283950617284]","[1.0, 1.0, 1.0]",0.9,154.08474317939337,45.91525682060663
419,11000011,111,000,0,1,"[46.09053497942386, 51.821368693796664, 41.7283950617284]","[1.0, 1.0, 1.0]",0.9,154.08474317939337,45.91525682060663
420,01101110,111,000,0,1,"[48.83401920438958, 48.83401920438958, 41.9753086419753]","[1.0, 1.0, 1.0]",0.9,154.08779149519893,45.91220850480107
421,01011010,111,000,1,1,"[49.38271604938271, 46.09053497942386, 41.9753086419753]","[1.0, 1.0, 1.0]",0.9,154.11522633744852,45.88477366255148
422,11001010,111,000,1,1,"[46.09053497942386, 49.38271604938271, 41.9753086419753]","[1.0, 1.0, 1.0]",0.9,154.11522633744852,45.88477366255148
423,00011011,111,001,1,1,"[51.821368693796664, 46.09053497942386, 39.55555555555556]","[1.0, 1.0, 1.0]",0.9,154.13412589544274,45.865874104557264
424,11000011,111,001,1,1,"[46.09053497942386, 51.821368693796664, 39.55555555555556]","[1.0, 1.0, 1.0]",0.9,154.13412589544274,45.865874104557264
425,01010010,111,000,0,1,"[49.38271604938271, 48.46822130772747, 41.9753086419753]","[1.0, 1.0, 1.0]",0.9,154.27069044352993,45.72930955647007
426,10001010,111,000,0,1,"[48.46822130772747, 49.38271604938271, 41.9753086419753]","[1.0, 1.0, 1.0]",0.9,154.27069044352993,45.72930955647007
427,00010011,111,001,0,1,"[51.821368693796664, 48.46822130772747, 39.55555555555556]","[1.0, 1.0, 1.0]",0.9,154.28959000152415,45.71040999847585
428,10000011,111,001,0,1,"[48.46822130772747, 51.821368693796664, 39.55555555555556]","[1.0, 1.0, 1.0]",0.9,154.28959000152415,45.71040999847585
429,00011010,111,000,0,1,"[51.821368693796664, 46.09053497942386, 41.9753086419753]","[1.0, 1.0, 1.0]",0.9,154.33165675964028,45.66834324035972
430,11000010,111,000,0,1,"[46.09053497942386, 51.821368693796664, 41.9753086419753]","[1.0, 1.0, 1.0]",0.9,154.33165675964028,45.66834324035972
431,00101111,111,001,0,1,"[51.51653711324493, 48.83401920438958, 39.55555555555556]","[1.0, 1.0, 1.0]",0.9,154.35055631763453,45.64944368236547
432,01100111,111,001,0,1,"[48.83401920438958, 51.51653711324493, 39.55555555555556]","[1.0, 1.0, 1.0]",0.9,154.35055631763453,45.64944368236547
433,10110100,111,000,0,1,"[48.01097393689986, 48.01097393689986, 43.8957475994513]","[1.0, 1.0, 1.0]",0.9,154.36213991769546,45.63786008230454
434,10110101,111,000,0,1,"[48.01097393689986, 48.01097393689986, 43.895747599451305]","[1.0, 1.0, 1.0]",0.9,154.3621399176955,45.63786008230451
435,01001111,111,000,0,1,"[49.38271604938271, 48.83401920438958, 41.7283950617284]","[1.0, 1.0, 1.0]",0.9,154.38957475994513,45.610425240054866
436,01101011,111,000,0,1,"[48.83401920438958, 49.38271604938271, 41.7283950617284]","[1.0, 1.0, 1.0]",0.9,154.38957475994513,45.610425240054866
437,10110111,111,000,1,1,"[48.01097393689986, 48.01097393689986, 41.7283950617284]","[1.0, 1.0, 1.0]",0.9,154.41700960219478,45.58299039780522
438,01001111,111,001,1,1,"[49.38271604938271, 48.83401920438958, 39.55555555555556]","[1.0, 1.0, 1.0]",0.9,154.4389574759945,45.5610425240055
439,01101011,111,001,1,1,"[48.83401920438958, 49.38271604938271, 39.55555555555556]","[1.0, 1.0, 1.0]",0.9,154.4389574759945,45.5610425240055
440,10011100,111,000,1,1,"[48.46822130772747, 45.432098765432094, 43.8957475994513]","[1.0, 1.0, 1.0]",0.9,154.46273433927752,45.53726566072248
441,10011101,111,000,1,1,"[48.46822130772747, 45.432098765432094, 43.895747599451305]","[1.0, 1.0, 1.0]",0.9,154.46273433927752,45.53726566072248
442,11110000,111,000,1,1,"[45.432098765432094, 48.46822130772747, 43.8957475994513]","[1.0, 1.0, 1.0]",0.9,154.46273433927752,45.53726566072248
443,11110001,111,000,1,1,"[45.432098765432094, 48.46822130772747, 43.895747599451305]","[1.0, 1.0, 1.0]",0.9,154.46273433927752,45.53726566072248
444,01001110,111,000,0,1,"[49.38271604938271, 48.83401920438958, 41.9753086419753]","[1.0, 1.0, 1.0]",0.9,154.63648834019205,45.363511659807955
445,01101010,111,000,0,1,"[48.83401920438958, 49.38271604938271, 41.9753086419753]","[1.0, 1.0, 1.0]",0.9,154.63648834019205,45.363511659807955
446,00001111,111,001,0,1,"[51.821368693796664, 48.83401920438958, 39.55555555555556]","[1.0, 1.0, 1.0]",0.9,154.65538789818626,45.34461210181374
447,01100011,111,001,0,1,"[48.83401920438958, 51.821368693796664, 39.55555555555556]","[1.0, 1.0, 1.0]",0.9,154.65538789818626,45.34461210181374
448,10110110,111,000,1,1,"[48.01097393689986, 48.01097393689986, 41.9753086419753]","[1.0, 1.0, 1.0]",0.9,154.66392318244166,45.336076817558336
449,10111000,111,000,1,1,"[48.01097393689986, 46.09053497942386, 43.8957475994513]","[1.0, 1.0, 1.0]",0.9,154.66392318244166,45.336076817558336
450,10111001,111,000,1,1,"[48.01097393689986, 46.09053497942386, 43.895747599451305]","[1.0, 1.0, 1.0]",0.9,154.66392318244166,45.336076817558336
451,11010100,111,000,1,1,"[46.09053497942386, 48.01097393689986, 43.8957475994513]","[1.0, 1.0, 1.0]",0.9,154.66392318244166,45.336076817558336
452,11010101,111,000,1,1,"[46.09053497942386, 48.01097393689986, 43.895747599451305]","[1.0, 1.0, 1.0]",0.9,154.66392318244166,45.336076817558336
453,11111111,111,111,1,0,"[42.888888888888886, 42.888888888888886, 39.55555555555556]","[1.0, 1.0, 1.0]",0.9,154.81481481481478,45.18518518518522
454,10010100,111,000,0,1,"[48.46822130772747, 48.01097393689986, 43.8957475994513]","[1.0, 1.0, 1.0]",0.9,154.81938728852307,45.180612711476925
455,10110000,111,000,0,1,"[48.01097393689986, 48.46822130772747, 43.8957475994513]","[1.0, 1.0, 1.0]",0.9,154.81938728852307,45.180612711476925
456,10010101,111,000,0,1,"[48.46822130772747, 48.01097393689986, 43.895747599451305]","[1.0, 1.0, 1.0]",0.9,154.8193872885231,45.1806127114769
457,10110001,111,000,0,1,"[48.01097393689986, 48.46822130772747, 43.895747599451305]","[1.0, 1.0, 1.0]",0.9,154.8193872885231,45.1806127114769
458,01111100,111,000,1,1,"[48.83401920438958, 45.432098765432094, 43.8957475994513]","[1.0, 1.0, 1.0]",0.9,154.82853223593963,45.17146776406037
459,01111101,111,000,1,1,"[48.83401920438958, 45.432098765432094, 43.895747599451305]","[1.0, 1.0, 1.0]",0.9,154.82853223593963,45.17146776406037
460,11101100,111,000,1,1,"[45.432098765432094, 48.83401920438958, 43.8957475994513]","[1.0, 1.0, 1.0]",0.9,154.82853223593963,45.17146776406037
461,11101101,111,000,1,1,"[45.432098765432094, 48.83401920438958, 43.895747599451305]","[1.0, 1.0, 1.0]",0.9,154.82853223593963,45.17146776406037
462,10010111,111,000,1,1,"[48.46822130772747, 48.01097393689986, 41.7283950617284]","[1.0, 1.0, 1.0]",0.9,154.87425697302237,45.12574302697763
463,10110011,111,000,1,1,"[48.01097393689986, 48.46822130772747, 41.7283950617284]","[1.0, 1.0, 1.0]",0.9,154.87425697302237,45.12574302697763
464,00101011,111,001,0,1,"[51.51653711324493, 49.38271604938271, 39.55555555555556]","[1.0, 1.0, 1.0]",0.9,154.89925316262764,45.100746837372355
465,01000111,111,001,0,1,"[49.38271604938271, 51.51653711324493, 39.55555555555556]","[1.0, 1.0, 1.0]",0.9,154.89925316262764,45.100746837372355
466,01001011,111,000,0,1,"[49.38271604938271, 49.38271604938271, 41.7283950617284]","[1.0, 1.0, 1.0]",0.9,154.93827160493828,45.06172839506172
467,00111100,111,010,1,1,"[51.51653711324493, 42.888888888888886, 43.8957475994513]","[1.0, 1.0, 1.0]",0.9,154.96784026825176,45.03215973174824
468,00111101,111,010,1,1,"[51.51653711324493, 42.888888888888886, 43.895747599451305]","[1.0, 1.0, 1.0]",0.9,154.96784026825176,45.03215973174824
469,11100100,111,100,1,1,"[42.888888888888886, 51.51653711324493, 43.8957475994513]","[1.0, 1.0, 1.0]",0.9,154.96784026825176,45.03215973174824
470,11100101,111,100,1,1,"[42.888888888888886, 51.51653711324493, 43.895747599451305]","[1.0, 1.0, 1.0]",0.9,154.96784026825176,45.03215973174824
471,01001011,111,001,1,1,"[49.38271604938271, 49.38271604938271, 39.55555555555556]","[1.0, 1.0, 1.0]",0.9,154.98765432098762,45.012345679012384
472,11111111,111,110,0,0,"[42.888888888888886, 42.888888888888886, 41.7283950617284]","[1.0, 1.0, 1.0]",0.9,155.00685871056243,44.993141289437574
473,10010110,111,000,1,1,"[48.46822130772747, 48.01097393689986, 41.9753086419753]","[1.0, 1.0, 1.0]",0.9,155.12117055326928,44.87882944673072
474,10011000,111,000,1,1,"[48.46822130772747, 46.09053497942386, 43.8957475994513]","[1.0, 1.0, 1.0]",0.9,155.12117055326928,44.87882944673072
475,10011001,111,000,1,1,"[48.46822130772747, 46.09053497942386, 43.895747599451305]","[1.0, 1.0, 1.0]",0.9,155.12117055326928,44.87882944673072
476,10110010,111,000,1,1,"[48.01097393689986, 48.46822130772747, 41.9753086419753]","[1.0, 1.0, 1.0]",0.9,155.12117055326928,44.87882944673072
477,11010000,111,000,1,1,"[46.09053497942386, 48.46822130772747, 43.8957475994513]","[1.0, 1.0, 1.0]",0.9,155.12117055326928,44.87882944673072
478,11010001,111,000,1,1,"[46.09053497942386, 48.46822130772747, 43.895747599451305]","[1.0, 1.0, 1.0]",0.9,155.12117055326928,44.87882944673072
479,01001010,111,000,0,1,"[49.38271604938271, 49.38271604938271, 41.9753086419753]","[1.0, 1.0, 1.0]",0.9,155.18518518518516,44.81481481481484
480,01110100,111,000,0,1,"[48.83401920438958, 48.01097393689986, 43.8957475994513]","[1.0, 1.0, 1.0]",0.9,155.1851851851852,44.81481481481481
481,01110101,111,000,0,1,"[48.83401920438958, 48.01097393689986, 43.895747599451305]","[1.0, 1.0, 1.0]",0.9,155.1851851851852,44.81481481481481
482,10101100,111,000,0,1,"[48.01097393689986, 48.83401920438958, 43.8957475994513]","[1.0, 1.0, 1.0]",0.9,155.1851851851852,44.81481481481481
483,10101101,111,000,0,1,"[48.01097393689986, 48.83401920438958, 43.895747599451305]","[1.0, 1.0, 1.0]",0.9,155.1851851851852,44.81481481481481
484,00001011,111,001,0,1,"[51.821368693796664, 49.38271604938271, 39.55555555555556]","[1.0, 1.0, 1.0]",0.9,155.20408474317938,44.79591525682062
485,01000011,111,001,0,1,"[49.38271604938271, 51.821368693796664, 39.55555555555556]","[1.0, 1.0, 1.0]",0.9,155.20408474317938,44.79591525682062
486,01110111,111,000,1,1,"[48.83401920438958, 48.01097393689986, 41.7283950617284]","[1.0, 1.0, 1.0]",0.9,155.24005486968449,44.759945130315515
487,10101111,111,000,1,1,"[48.01097393689986, 48.83401920438958, 41.7283950617284]","[1.0, 1.0, 1.0]",0.9,155.24005486968449,44.759945130315515
488,00011100,111,010,1,1,"[51.821368693796664, 42.888888888888886, 43.8957475994513]","[1.0, 1.0, 1.0]",0.9,155.2726718488035,44.7273281511965
489,11100000,111,100,1,1,"[42.888888888888886, 51.821368693796664, 43.8957475994513]","[1.0, 1.0, 1.0]",0.9,155.2726718488035,44.7273281511965
490,00011101,111,010,1,1,"[51.821368693796664, 42.888888888888886, 43.895747599451305]","[1.0, 1.0, 1.0]",0.9,155.27267184880353,44.727328151196474
491,11100001,111,100,1,1,"[42.888888888888886, 51.821368693796664, 43.895747599451305]","[1.0, 1.0, 1.0]",0.9,155.27267184880353,44.727328151196474
492,10010000,111,000,0,1,"[48.46822130772747, 48.46822130772747, 43.8957475994513]","[1.0, 1.0, 1.0]",0.9,155.2766346593507,44.72336534064931
493,10010001,111,000,0,1,"[48.46822130772747, 48.46822130772747, 43.895747599451305]","[1.0, 1.0, 1.0]",0.9,155.2766346593507,44.72336534064931
494,11111110,111,110,0,0,"[42.888888888888886, 42.888888888888886, 41.9753086419753]","[1.0, 1.0, 1.0]",0.9,155.28120713305896,44.718792866941044
495,00111100,111,000,0,1,"[51.51653711324493, 45.432098765432094, 43.8957475994513]","[1.0, 1.0, 1.0]",0.9,155.28882792257278,44.71117207742722
496,00111101,111,000,0,1,"[51.51653711324493, 45.432098765432094, 43.895747599451305]","[1.0, 1.0, 1.0]",0.9,155.28882792257278,44.71117207742722
497,11100100,111,000,0,1,"[45.432098765432094, 51.51653711324493, 43.8957475994513]","[1.0, 1.0, 1.0]",0.9,155.28882792257278,44.71117207742722
498,11100101,111,000,0,1,"[45.432098765432094, 51.51653711324493, 43.895747599451305]","[1.0, 1.0, 1.0]",0.9,155.28882792257278,44.71117207742722
499,10010011,111,000,1,1,"[48.46822130772747, 48.46822130772747, 41.7283950617284]","[1.0, 1.0, 1.0]",0.9,155.33150434384999,44.668495656150014
500,00111111,111,000,1,1,"[51.51653711324493, 45.432098765432094, 41.7283950617284]","[1.0, 1.0, 1.0]",0.9,155.34369760707207,44.65630239292793
501,11100111,111,000,1,1,"[45.432098765432094, 51.51653711324493, 41.7283950617284]","[1.0, 1.0, 1.0]",0.9,155.34369760707207,44.65630239292793
502,01011100,111,000,1,1,"[49.38271604938271, 45.432098765432094, 43.8957475994513]","[1.0, 1.0, 1.0]",0.9,155.37722908093275,44.62277091906725
503,11101000,111,000,1,1,"[45.432098765432094, 49.38271604938271, 43.8957475994513]","[1.0, 1.0, 1.0]",0.9,155.37722908093275,44.62277091906725
504,01011101,111,000,1,1,"[49.38271604938271, 45.432098765432094, 43.895747599451305]","[1.0, 1.0, 1.0]",0.9,155.37722908093278,44.62277091906722
505,11101001,111,000,1,1,"[45.432098765432094, 49.38271604938271, 43.895747599451305]","[1.0, 1.0, 1.0]",0.9,155.37722908093278,44.62277091906722
506,11111111,111,011,0,0,"[45.432098765432094, 42.888888888888886, 39.55555555555556]","[1.0, 1.0, 1.0]",0.9,155.41838134430725,44.58161865569275
507,11111111,111,101,0,0,"[42.888888888888886, 45.432098765432094, 39.55555555555556]","[1.0, 1.0, 1.0]",0.9,155.41838134430725,44.58161865569275
508,01110110,111,000,1,1,"[48.83401920438958, 48.01097393689986, 41.9753086419753]","[1.0, 1.0, 1.0]",0.9,155.4869684499314,44.513031550068604
509,01111000,111,000,1,1,"[48.83401920438958, 46.09053497942386, 43.8957475994513]","[1.0, 1.0, 1.0]",0.9,155.4869684499314,44.513031550068604
510,01111001,111,000,1,1,"[48.83401920438958, 46.09053497942386, 43.895747599451305]","[1.0, 1.0, 1.0]",0.9,155.4869684499314,44.513031550068604
511,10101110,111,000,1,1,"[48.01097393689986, 48.83401920438958, 41.9753086419753]","[1.0, 1.0, 1.0]",0.9,155.4869684499314,44.513031550068604
512,11001100,111,000,1,1,"[46.09053497942386, 48.83401920438958, 43.8957475994513]","[1.0, 1.0, 1.0]",0.9,155.4869684499314,44.513031550068604
513,11001101,111,000,1,1,"[46.09053497942386, 48.83401920438958, 43.895747599451305]","[1.0, 1.0, 1.0]",0.9,155.4869684499314,44.513031550068604
514,10010010,111,000,1,1,"[48.46822130772747, 48.46822130772747, 41.9753086419753]","[1.0, 1.0, 1.0]",0.9,155.5784179240969,44.4215820759031
515,00111110,111,000,1,1,"[51.51653711324493, 45.432098765432094, 41.9753086419753]","[1.0, 1.0, 1.0]",0.9,155.59061118731898,44.409388812681016
516,11100110,111,000,1,1,"[45.432098765432094, 51.51653711324493, 41.9753086419753]","[1.0, 1.0, 1.0]",0.9,155.59061118731898,44.409388812681016
517,00011100,111,000,0,1,"[51.821368693796664, 45.432098765432094, 43.8957475994513]","[1.0, 1.0, 1.0]",0.9,155.5936595031245,44.40634049687549
518,00011101,111,000,0,1,"[51.821368693796664, 45.432098765432094, 43.895747599451305]","[1.0, 1.0, 1.0]",0.9,155.5936595031245,44.40634049687549
519,11100000,111,000,0,1,"[45.432098765432094, 51.821368693796664, 43.8957475994513]","[1.0, 1.0, 1.0]",0.9,155.5936595031245,44.40634049687549
520,11100001,111,000,0,1,"[45.432098765432094, 51.821368693796664, 43.895747599451305]","[1.0, 1.0, 1.0]",0.9,155.5936595031245,44.40634049687549
521,01110000,111,000,0,1,"[48.83401920438958, 48.46822130772747, 43.8957475994513]","[1.0, 1.0, 1.0]",0.9,155.6424325560128,44.35756744398719
522,01110001,111,000,0,1,"[48.83401920438958, 48.46822130772747, 43.895747599451305]","[1.0, 1.0, 1.0]",0.9,155.6424325560128,44.35756744398719
523,10001100,111,000,0,1,"[48.46822130772747, 48.83401920438958, 43.8957475994513]","[1.0, 1.0, 1.0]",0.9,155.6424325560128,44.35756744398719
524,10001101,111,000,0,1,"[48.46822130772747, 48.83401920438958, 43.895747599451305]","[1.0, 1.0, 1.0]",0.9,155.6424325560128,44.35756744398719
525,00011111,111,000,1,1,"[51.821368693796664, 45.432098765432094, 41.7283950617284]","[1.0, 1.0, 1.0]",0.9,155.6485291876238,44.35147081237619
526,11100011,111,000,1,1,"[45.432098765432094, 51.821368693796664, 41.7283950617284]","[1.0, 1.0, 1.0]",0.9,155.6485291876238,44.35147081237619
527,01110011,111,000,1,1,"[48.83401920438958, 48.46822130772747, 41.7283950617284]","[1.0, 1.0, 1.0]",0.9,155.6973022405121,44.3026977594879
528,10001111,111,000,1,1,"[48.46822130772747, 48.83401920438958, 41.7283950617284]","[1.0, 1.0, 1.0]",0.9,155.6973022405121,44.3026977594879
529,00110111,111,000,0,1,"[51.51653711324493, 48.01097393689986, 41.7283950617284]","[1.0, 1.0, 1.0]",0.9,155.70035055631763,44.29964944368237
530,10100111,111,000,0,1,"[48.01097393689986, 51.51653711324493, 41.7283950617284]","[1.0, 1.0, 1.0]",0.9,155.70035055631763,44.29964944368237
531,01010100,111,000,0,1,"[49.38271604938271, 48.01097393689986, 43.8957475994513]","[1.0, 1.0, 1.0]",0.9,155.73388203017834,44.266117969821664
532,01010101,111,000,0,1,"[49.38271604938271, 48.01097393689986, 43.895747599451305]","[1.0, 1.0, 1.0]",0.9,155.73388203017834,44.266117969821664
533,10101000,111,000,0,1,"[48.01097393689986, 49.38271604938271, 43.8957475994513]","[1.0, 1.0, 1.0]",0.9,155.73388203017834,44.266117969821664
534,10101001,111,000,0,1,"[48.01097393689986, 49.38271604938271, 43.895747599451305]","[1.0, 1.0, 1.0]",0.9,155.73388203017834,44.266117969821664
535,00110111,111,001,1,1,"[51.51653711324493, 48.01097393689986, 39.55555555555556]","[1.0, 1.0, 1.0]",0.9,155.749733272367,44.250266727633004
536,10100111,111,001,1,1,"[48.01097393689986, 51.51653711324493, 39.55555555555556]","[1.0, 1.0, 1.0]",0.9,155.749733272367,44.250266727633004
537,01010111,111,000,1,1,"[49.38271604938271, 48.01097393689986, 41.7283950617284]","[1.0, 1.0, 1.0]",0.9,155.78875171467763,44.21124828532237
538,10101011,111,000,1,1,"[48.01097393689986, 49.38271604938271, 41.7283950617284]","[1.0, 1.0, 1.0]",0.9,155.78875171467763,44.21124828532237
539,00011110,111,000,1,1,"[51.821368693796664, 45.432098765432094, 41.9753086419753]","[1.0, 1.0, 1.0]",0.9,155.89544276787072,44.10455723212928
540,11100010,111,000,1,1,"[45.432098765432094, 51.821368693796664, 41.9753086419753]","[1.0, 1.0, 1.0]",0.9,155.89544276787072,44.10455723212928
541,01110010,111,000,1,1,"[48.83401920438958, 48.46822130772747, 41.9753086419753]","[1.0, 1.0, 1.0]",0.9,155.944215820759,44.05578417924099
542,10001110,111,000,1,1,"[48.46822130772747, 48.83401920438958, 41.9753086419753]","[1.0, 1.0, 1.0]",0.9,155.944215820759,44.05578417924099
543,00110110,111,000,0,1,"[51.51653711324493, 48.01097393689986, 41.9753086419753]","[1.0, 1.0, 1.0]",0.9,155.94726413656454,44.05273586343546
544,00111000,111,000,0,1,"[51.51653711324493, 46.09053497942386, 43.8957475994513]","[1.0, 1.0, 1.0]",0.9,155.94726413656454,44.05273586343546
545,00111001,111,000,0,1,"[51.51653711324493, 46.09053497942386, 43.895747599451305]","[1.0, 1.0, 1.0]",0.9,155.94726413656454,44.05273586343546
546,10100110,111,000,0,1,"[48.01097393689986, 51.51653711324493, 41.9753086419753]","[1.0, 1.0, 1.0]",0.9,155.94726413656454,44.05273586343546
547,11000100,111,000,0,1,"[46.09053497942386, 51.51653711324493, 43.8957475994513]","[1.0, 1.0, 1.0]",0.9,155.94726413656454,44.05273586343546
548,11000101,111,000,0,1,"[46.09053497942386, 51.51653711324493, 43.895747599451305]","[1.0, 1.0, 1.0]",0.9,155.94726413656454,44.05273586343546
549,00111011,111,000,1,1,"[51.51653711324493, 46.09053497942386, 41.7283950617284]","[1.0, 1.0, 1.0]",0.9,156.00213382106384,43.997866178936164
550,11000111,111,000,1,1,"[46.09053497942386, 51.51653711324493, 41.7283950617284]","[1.0, 1.0, 1.0]",0.9,156.00213382106384,43.997866178936164
551,00010111,111,000,0,1,"[51.821368693796664, 48.01097393689986, 41.7283950617284]","[1.0, 1.0, 1.0]",0.9,156.0051821368694,43.994817863130606
552,10100011,111,000,0,1,"[48.01097393689986, 51.821368693796664, 41.7283950617284]","[1.0, 1.0, 1.0]",0.9,156.0051821368694,43.994817863130606
553,01101100,111,000,0,1,"[48.83401920438958, 48.83401920438958, 43.8957475994513]","[1.0, 1.0, 1.0]",0.9,156.00823045267492,43.99176954732508
554,01101101,111,000,0,1,"[48.83401920438958, 48.83401920438958, 43.895747599451305]","[1.0, 1.0, 1.0]",0.9,156.00823045267492,43.99176954732508
555,01011000,111,000,1,1,"[49.38271604938271, 46.09053497942386, 43.8957475994513]","[1.0, 1.0, 1.0]",0.9,156.0356652949245,43.96433470507549
556,11001000,111,000,1,1,"[46.09053497942386, 49.38271604938271, 43.8957475994513]","[1.0, 1.0, 1.0]",0.9,156.0356652949245,43.96433470507549
557,01010110,111,000,1,1,"[49.38271604938271, 48.01097393689986, 41.9753086419753]","[1.0, 1.0, 1.0]",0.9,156.03566529492454,43.96433470507546
558,01011001,111,000,1,1,"[49.38271604938271, 46.09053497942386, 43.895747599451305]","[1.0, 1.0, 1.0]",0.9,156.03566529492454,43.96433470507546
559,10101010,111,000,1,1,"[48.01097393689986, 49.38271604938271, 41.9753086419753]","[1.0, 1.0, 1.0]",0.9,156.03566529492454,43.96433470507546
560,11001001,111,000,1,1,"[46.09053497942386, 49.38271604938271, 43.895747599451305]","[1.0, 1.0, 1.0]",0.9,156.03566529492454,43.96433470507546
561,00010111,111,001,1,1,"[51.821368693796664, 48.01097393689986, 39.55555555555556]","[1.0, 1.0, 1.0]",0.9,156.05456485291873,43.94543514708127
562,10100011,111,001,1,1,"[48.01097393689986, 51.821368693796664, 39.55555555555556]","[1.0, 1.0, 1.0]",0.9,156.05456485291873,43.94543514708127
563,01101111,111,000,1,1,"[48.83401920438958, 48.83401920438958, 41.7283950617284]","[1.0, 1.0, 1.0]",0.9,156.06310013717422,43.93689986282578
564,11011111,111,011,0,0,"[46.09053497942386, 42.888888888888886, 39.55555555555556]","[1.0, 1.0, 1.0]",0.9,156.14997713763142,43.850022862368576
565,11111011,111,101,0,0,"[42.888888888888886, 46.09053497942386, 39.55555555555556]","[1.0, 1.0, 1.0]",0.9,156.14997713763142,43.850022862368576
566,00110011,111,000,0,1,"[51.51653711324493, 48.46822130772747, 41.7283950617284]","[1.0, 1.0, 1.0]",0.9,156.15759792714525,43.84240207285475
567,10000111,111,000,0,1,"[48.46822130772747, 51.51653711324493, 41.7283950617284]","[1.0, 1.0, 1.0]",0.9,156.15759792714525,43.84240207285475
568,01010000,111,000,0,1,"[49.38271604938271, 48.46822130772747, 43.8957475994513]","[1.0, 1.0, 1.0]",0.9,156.19112940100592,43.808870598994076
569,01010001,111,000,0,1,"[49.38271604938271, 48.46822130772747, 43.895747599451305]","[1.0, 1.0, 1.0]",0.9,156.19112940100592,43.808870598994076
570,10001000,111,000,0,1,"[48.46822130772747, 49.38271604938271, 43.8957475994513]","[1.0, 1.0, 1.0]",0.9,156.19112940100592,43.808870598994076
571,10001001,111,000,0,1,"[48.46822130772747, 49.38271604938271, 43.895747599451305]","[1.0, 1.0, 1.0]",0.9,156.19112940100592,43.808870598994076
572,00110011,111,001,1,1,"[51.51653711324493, 48.46822130772747, 39.55555555555556]","[1.0, 1.0, 1.0]",0.9,156.2069806431946,43.79301935680539
573,10000111,111,001,1,1,"[48.46822130772747, 51.51653711324493, 39.55555555555556]","[1.0, 1.0, 1.0]",0.9,156.2069806431946,43.79301935680539
574,01010011,111,000,1,1,"[49.38271604938271, 48.46822130772747, 41.7283950617284]","[1.0, 1.0, 1.0]",0.9,156.24599908550525,43.75400091449475
575,10001011,111,000,1,1,"[48.46822130772747, 49.38271604938271, 41.7283950617284]","[1.0, 1.0, 1.0]",0.9,156.24599908550525,43.75400091449475
576,00111010,111,000,1,1,"[51.51653711324493, 46.09053497942386, 41.9753086419753]","[1.0, 1.0, 1.0]",0.9,156.24904740131075,43.75095259868925
577,11000110,111,000,1,1,"[46.09053497942386, 51.51653711324493, 41.9753086419753]","[1.0, 1.0, 1.0]",0.9,156.24904740131075,43.75095259868925
578,00010110,111,000,0,1,"[51.821368693796664, 48.01097393689986, 41.9753086419753]","[1.0, 1.0, 1.0]",0.9,156.25209571711628,43.747904282883724
579,00011000,111,000,0,1,"[51.821368693796664, 46.09053497942386, 43.8957475994513]","[1.0, 1.0, 1.0]",0.9,156.25209571711628,43.747904282883724
580,00011001,111,000,0,1,"[51.821368693796664, 46.09053497942386, 43.895747599451305]","[1.0, 1.0, 1.0]",0.9,156.25209571711628,43.747904282883724
581,10100010,111,000,0,1,"[48.01097393689986, 51.821368693796664, 41.9753086419753]","[1.0, 1.0, 1.0]",0.9,156.25209571711628,43.747904282883724
582,11000000,111,000,0,1,"[46.09053497942386, 51.821368693796664, 43.8957475994513]","[1.0, 1.0, 1.0]",0.9,156.25209571711628,43.747904282883724
583,11000001,111,000,0,1,"[46.09053497942386, 51.821368693796664, 43.895747599451305]","[1.0, 1.0, 1.0]",0.9,156.25209571711628,43.747904282883724
584,00011011,111,000,1,1,"[51.821368693796664, 46.09053497942386, 41.7283950617284]","[1.0, 1.0, 1.0]",0.9,156.30696540161557,43.69303459838443
585,11000011,111,000,1,1,"[46.09053497942386, 51.821368693796664, 41.7283950617284]","[1.0, 1.0, 1.0]",0.9,156.30696540161557,43.69303459838443
586,01101110,111,000,1,1,"[48.83401920438958, 48.83401920438958, 41.9753086419753]","[1.0, 1.0, 1.0]",0.9,156.31001371742113,43.68998628257887
587,00110010,111,000,0,1,"[51.51653711324493, 48.46822130772747, 41.9753086419753]","[1.0, 1.0, 1.0]",0.9,156.40451150739216,43.59548849260784
588,10000110,111,000,0,1,"[48.46822130772747, 51.51653711324493, 41.9753086419753]","[1.0, 1.0, 1.0]",0.9,156.40451150739216,43.59548849260784
589,00010011,111,000,0,1,"[51.821368693796664, 48.46822130772747, 41.7283950617284]","[1.0, 1.0, 1.0]",0.9,156.46242950769698,43.53757049230302
590,10000011,111,000,0,1,"[48.46822130772747, 51.821368693796664, 41.7283950617284]","[1.0, 1.0, 1.0]",0.9,156.46242950769698,43.53757049230302
591,01010010,111,000,1,1,"[49.38271604938271, 48.46822130772747, 41.9753086419753]","[1.0, 1.0, 1.0]",0.9,156.49291266575213,43.50708733424787
592,10001010,111,000,1,1,"[48.46822130772747, 49.38271604938271, 41.9753086419753]","[1.0, 1.0, 1.0]",0.9,156.49291266575213,43.50708733424787
593,00010011,111,001,1,1,"[51.821368693796664, 48.46822130772747, 39.55555555555556]","[1.0, 1.0, 1.0]",0.9,156.51181222374635,43.48818777625365
594,10000011,111,001,1,1,"[48.46822130772747, 51.821368693796664, 39.55555555555556]","[1.0, 1.0, 1.0]",0.9,156.51181222374635,43.48818777625365
595,00101111,111,000,0,1,"[51.51653711324493, 48.83401920438958, 41.7283950617284]","[1.0, 1.0, 1.0]",0.9,156.52339582380736,43.47660417619264
596,01100111,111,000,0,1,"[48.83401920438958, 51.51653711324493, 41.7283950617284]","[1.0, 1.0, 1.0]",0.9,156.52339582380736,43.47660417619264
597,00011010,111,000,1,1,"[51.821368693796664, 46.09053497942386, 41.9753086419753]","[1.0, 1.0, 1.0]",0.9,156.55387898186248,43.44612101813752
598,11000010,111,000,1,1,"[46.09053497942386, 51.821368693796664, 41.9753086419753]","[1.0, 1.0, 1.0]",0.9,156.55387898186248,43.44612101813752
599,01001100,111,000,0,1,"[49.38271604938271, 48.83401920438958, 43.8957475994513]","[1.0, 1.0, 1.0]",0.9,156.55692729766804,43.44307270233196
600,01001101,111,000,0,1,"[49.38271604938271, 48.83401920438958, 43.895747599451305]","[1.0, 1.0, 1.0]",0.9,156.55692729766804,43.44307270233196
601,01101000,111,000,0,1,"[48.83401920438958, 49.38271604938271, 43.8957475994513]","[1.0, 1.0, 1.0]",0.9,156.55692729766804,43.44307270233196
602,01101001,111,000,0,1,"[48.83401920438958, 49.38271604938271, 43.895747599451305]","[1.0, 1.0, 1.0]",0.9,156.55692729766804,43.44307270233196
603,00101111,111,001,1,1,"[51.51653711324493, 48.83401920438958, 39.55555555555556]","[1.0, 1.0, 1.0]",0.9,156.57277853985673,43.42722146014327
604,01100111,111,001,1,1,"[48.83401920438958, 51.51653711324493, 39.55555555555556]","[1.0, 1.0, 1.0]",0.9,156.57277853985673,43.42722146014327
605,10110100,111,000,1,1,"[48.01097393689986, 48.01097393689986, 43.8957475994513]","[1.0, 1.0, 1.0]",0.9,156.58436213991766,43.41563786008234
606,10110101,111,000,1,1,"[48.01097393689986, 48.01097393689986, 43.895747599451305]","[1.0, 1.0, 1.0]",0.9,156.5843621399177,43.41563786008231
607,01001111,111,000,1,1,"[49.38271604938271, 48.83401920438958, 41.7283950617284]","[1.0, 1.0, 1.0]",0.9,156.61179698216733,43.388203017832666
608,01101011,111,000,1,1,"[48.83401920438958, 49.38271604938271, 41.7283950617284]","[1.0, 1.0, 1.0]",0.9,156.61179698216733,43.388203017832666
609,00010010,111,000,0,1,"[51.821368693796664, 48.46822130772747, 41.9753086419753]","[1.0, 1.0, 1.0]",0.9,156.7093430879439,43.29065691205611
610,10000010,111,000,0,1,"[48.46822130772747, 51.821368693796664, 41.9753086419753]","[1.0, 1.0, 1.0]",0.9,156.7093430879439,43.29065691205611
611,00101110,111,000,0,1,"[51.51653711324493, 48.83401920438958, 41.9753086419753]","[1.0, 1.0, 1.0]",0.9,156.77030940405427,43.229690595945726
612,01100110,111,000,0,1,"[48.83401920438958, 51.51653711324493, 41.9753086419753]","[1.0, 1.0, 1.0]",0.9,156.77030940405427,43.229690595945726
613,00001111,111,000,0,1,"[51.821368693796664, 48.83401920438958, 41.7283950617284]","[1.0, 1.0, 1.0]",0.9,156.8282274043591,43.1717725956409
614,01100011,111,000,0,1,"[48.83401920438958, 51.821368693796664, 41.7283950617284]","[1.0, 1.0, 1.0]",0.9,156.8282274043591,43.1717725956409
615,01001110,111,000,1,1,"[49.38271604938271, 48.83401920438958, 41.9753086419753]","[1.0, 1.0, 1.0]",0.9,156.85871056241425,43.141289437585755
616,01101010,111,000,1,1,"[48.83401920438958, 49.38271604938271, 41.9753086419753]","[1.0, 1.0, 1.0]",0.9,156.85871056241425,43.141289437585755
617,00001111,111,001,1,1,"[51.821368693796664, 48.83401920438958, 39.55555555555556]","[1.0, 1.0, 1.0]",0.9,156.87761012040846,43.12238987959154
618,01100011,111,001,1,1,"[48.83401920438958, 51.821368693796664, 39.55555555555556]","[1.0, 1.0, 1.0]",0.9,156.87761012040846,43.12238987959154
619,00100111,111,001,0,1,"[51.51653711324493, 51.51653711324493, 39.55555555555556]","[1.0, 1.0, 1.0]",0.9,157.03307422648987,42.96692577351013
620,10010100,111,000,1,1,"[48.46822130772747, 48.01097393689986, 43.8957475994513]","[1.0, 1.0, 1.0]",0.9,157.04160951074527,42.958390489254725
621,10110000,111,000,1,1,"[48.01097393689986, 48.46822130772747, 43.8957475994513]","[1.0, 1.0, 1.0]",0.9,157.04160951074527,42.958390489254725
622,10010101,111,000,1,1,"[48.46822130772747, 48.01097393689986, 43.895747599451305]","[1.0, 1.0, 1.0]",0.9,157.0416095107453,42.9583904892547
623,10110001,111,000,1,1,"[48.01097393689986, 48.46822130772747, 43.895747599451305]","[1.0, 1.0, 1.0]",0.9,157.0416095107453,42.9583904892547
624,00101011,111,000,0,1,"[51.51653711324493, 49.38271604938271, 41.7283950617284]","[1.0, 1.0, 1.0]",0.9,157.0720926688005,42.92790733119949
625,01000111,111,000,0,1,"[49.38271604938271, 51.51653711324493, 41.7283950617284]","[1.0, 1.0, 1.0]",0.9,157.0720926688005,42.92790733119949
626,00001110,111,000,0,1,"[51.821368693796664, 48.83401920438958, 41.9753086419753]","[1.0, 1.0, 1.0]",0.9,157.075140984606,42.92485901539399
627,01100010,111,000,0,1,"[48.83401920438958, 51.821368693796664, 41.9753086419753]","[1.0, 1.0, 1.0]",0.9,157.075140984606,42.92485901539399
628,01001000,111,000,0,1,"[49.38271604938271, 49.38271604938271, 43.8957475994513]","[1.0, 1.0, 1.0]",0.9,157.10562414266116,42.894375857338844
629,01001001,111,000,0,1,"[49.38271604938271, 49.38271604938271, 43.895747599451305]","[1.0, 1.0, 1.0]",0.9,157.10562414266118,42.894375857338815
630,00101011,111,001,1,1,"[51.51653711324493, 49.38271604938271, 39.55555555555556]","[1.0, 1.0, 1.0]",0.9,157.12147538484984,42.878524615150155
631,01000111,111,001,1,1,"[49.38271604938271, 51.51653711324493, 39.55555555555556]","[1.0, 1.0, 1.0]",0.9,157.12147538484984,42.878524615150155
632,01001011,111,000,1,1,"[49.38271604938271, 49.38271604938271, 41.7283950617284]","[1.0, 1.0, 1.0]",0.9,157.16049382716048,42.83950617283952
633,11111111,111,110,1,0,"[42.888888888888886, 42.888888888888886, 41.7283950617284]","[1.0, 1.0, 1.0]",0.9,157.22908093278463,42.770919067215374
634,00101010,111,000,0,1,"[51.51653711324493, 49.38271604938271, 41.9753086419753]","[1.0, 1.0, 1.0]",0.9,157.3190062490474,42.68099375095261
635,01000110,111,000,0,1,"[49.38271604938271, 51.51653711324493, 41.9753086419753]","[1.0, 1.0, 1.0]",0.9,157.3190062490474,42.68099375095261
636,00000111,111,001,0,1,"[51.821368693796664, 51.51653711324493, 39.55555555555556]","[1.0, 1.0, 1.0]",0.9,157.3379058070416,42.66209419295839
637,00100011,111,001,0,1,"[51.51653711324493, 51.821368693796664, 39.55555555555556]","[1.0, 1.0, 1.0]",0.9,157.3379058070416,42.66209419295839
638,00001011,111,000,0,1,"[51.821368693796664, 49.38271604938271, 41.7283950617284]","[1.0, 1.0, 1.0]",0.9,157.37692424935221,42.623075750647786
639,01000011,111,000,0,1,"[49.38271604938271, 51.821368693796664, 41.7283950617284]","[1.0, 1.0, 1.0]",0.9,157.37692424935221,42.623075750647786
640,01001010,111,000,1,1,"[49.38271604938271, 49.38271604938271, 41.9753086419753]","[1.0, 1.0, 1.0]",0.9,157.40740740740736,42.59259259259264
641,01110100,111,000,1,1,"[48.83401920438958, 48.01097393689986, 43.8957475994513]","[1.0, 1.0, 1.0]",0.9,157.4074074074074,42.59259259259261
642,01110101,111,000,1,1,"[48.83401920438958, 48.01097393689986, 43.895747599451305]","[1.0, 1.0, 1.0]",0.9,157.4074074074074,42.59259259259261
643,10101100,111,000,1,1,"[48.01097393689986, 48.83401920438958, 43.8957475994513]","[1.0, 1.0, 1.0]",0.9,157.4074074074074,42.59259259259261
644,10101101,111,000,1,1,"[48.01097393689986, 48.83401920438958, 43.895747599451305]","[1.0, 1.0, 1.0]",0.9,157.4074074074074,42.59259259259261
645,11111100,111,110,0,0,"[42.888888888888886, 42.888888888888886, 43.8957475994513]","[1.0, 1.0, 1.0]",0.9,157.41502819692116,42.584971803078844
646,11111101,111,110,0,0,"[42.888888888888886, 42.888888888888886, 43.895747599451305]","[1.0, 1.0, 1.0]",0.9,157.4150281969212,42.58497180307879
647,00001011,111,001,1,1,"[51.821368693796664, 49.38271604938271, 39.55555555555556]","[1.0, 1.0, 1.0]",0.9,157.42630696540158,42.57369303459842
648,01000011,111,001,1,1,"[49.38271604938271, 51.821368693796664, 39.55555555555556]","[1.0, 1.0, 1.0]",0.9,157.42630696540158,42.57369303459842
649,10010000,111,000,1,1,"[48.46822130772747, 48.46822130772747, 43.8957475994513]","[1.0, 1.0, 1.0]",0.9,157.4988568815729,42.50114311842711
650,10010001,111,000,1,1,"[48.46822130772747, 48.46822130772747, 43.895747599451305]","[1.0, 1.0, 1.0]",0.9,157.4988568815729,42.50114311842711
651,11111110,111,110,1,0,"[42.888888888888886, 42.888888888888886, 41.9753086419753]","[1.0, 1.0, 1.0]",0.9,157.50342935528118,42.496570644718815
652,00111100,111,000,1,1,"[51.51653711324493, 45.432098765432094, 43.8957475994513]","[1.0, 1.0, 1.0]",0.9,157.51105014479498,42.48894985520502
653,00111101,111,000,1,1,"[51.51653711324493, 45.432098765432094, 43.895747599451305]","[1.0, 1.0, 1.0]",0.9,157.51105014479498,42.48894985520502
654,11100100,111,000,1,1,"[45.432098765432094, 51.51653711324493, 43.8957475994513]","[1.0, 1.0, 1.0]",0.9,157.51105014479498,42.48894985520502
655,11100101,111,000,1,1,"[45.432098765432094, 51.51653711324493, 43.895747599451305]","[1.0, 1.0, 1.0]",0.9,157.51105014479498,42.48894985520502
656,00001010,111,000,0,1,"[51.821368693796664, 49.38271604938271, 41.9753086419753]","[1.0, 1.0, 1.0]",0.9,157.62383782959913,42.376162170400875
657,01000010,111,000,0,1,"[49.38271604938271, 51.821368693796664, 41.9753086419753]","[1.0, 1.0, 1.0]",0.9,157.62383782959913,42.376162170400875
658,11111111,111,011,1,0,"[45.432098765432094, 42.888888888888886, 39.55555555555556]","[1.0, 1.0, 1.0]",0.9,157.64060356652948,42.35939643347052
659,11111111,111,101,1,0,"[42.888888888888886, 45.432098765432094, 39.55555555555556]","[1.0, 1.0, 1.0]",0.9,157.64060356652948,42.35939643347052
660,00000011,111,001,0,1,"[51.821368693796664, 51.821368693796664, 39.55555555555556]","[1.0, 1.0, 1.0]",0.9,157.64273738759334,42.35726261240666
661,00011100,111,000,1,1,"[51.821368693796664, 45.432098765432094, 43.8957475994513]","[1.0, 1.0, 1.0]",0.9,157.8158817253467,42.18411827465329
662,00011101,111,000,1,1,"[51.821368693796664, 45.432098765432094, 43.895747599451305]","[1.0, 1.0, 1.0]",0.9,157.8158817253467,42.18411827465329
663,11100000,111,000,1,1,"[45.432098765432094, 51.821368693796664, 43.8957475994513]","[1.0, 1.0, 1.0]",0.9,157.8158817253467,42.18411827465329
664,11100001,111,000,1,1,"[45.432098765432094, 51.821368693796664, 43.895747599451305]","[1.0, 1.0, 1.0]",0.9,157.8158817253467,42.18411827465329
665,11111111,111,010,0,0,"[45.432098765432094, 42.888888888888886, 41.7283950617284]","[1.0, 1.0, 1.0]",0.9,157.83264746227707,42.167352537722934
666,11111111,111,100,0,0,"[42.888888888888886, 45.432098765432094, 41.7283950617284]","[1.0, 1.0, 1.0]",0.9,157.83264746227707,42.167352537722934
667,01110000,111,000,1,1,"[48.83401920438958, 48.46822130772747, 43.8957475994513]","[1.0, 1.0, 1.0]",0.9,157.864654778235,42.13534522176499
668,01110001,111,000,1,1,"[48.83401920438958, 48.46822130772747, 43.895747599451305]","[1.0, 1.0, 1.0]",0.9,157.864654778235,42.13534522176499
669,10001100,111,000,1,1,"[48.46822130772747, 48.83401920438958, 43.8957475994513]","[1.0, 1.0, 1.0]",0.9,157.864654778235,42.13534522176499
670,10001101,111,000,1,1,"[48.46822130772747, 48.83401920438958, 43.895747599451305]","[1.0, 1.0, 1.0]",0.9,157.864654778235,42.13534522176499
671,00110100,111,000,0,1,"[51.51653711324493, 48.01097393689986, 43.8957475994513]","[1.0, 1.0, 1.0]",0.9,157.86770309404054,42.132296905959464
672,10100100,111,000,0,1,"[48.01097393689986, 51.51653711324493, 43.8957475994513]","[1.0, 1.0, 1.0]",0.9,157.86770309404054,42.132296905959464
673,00110101,111,000,0,1,"[51.51653711324493, 48.01097393689986, 43.895747599451305]","[1.0, 1.0, 1.0]",0.9,157.86770309404056,42.132296905959436
674,10100101,111,000,0,1,"[48.01097393689986, 51.51653711324493, 43.895747599451305]","[1.0, 1.0, 1.0]",0.9,157.86770309404056,42.132296905959436
675,00110111,111,000,1,1,"[51.51653711324493, 48.01097393689986, 41.7283950617284]","[1.0, 1.0, 1.0]",0.9,157.92257277853983,42.07742722146017
676,10100111,111,000,1,1,"[48.01097393689986, 51.51653711324493, 41.7283950617284]","[1.0, 1.0, 1.0]",0.9,157.92257277853983,42.07742722146017
677,01010100,111,000,1,1,"[49.38271604938271, 48.01097393689986, 43.8957475994513]","[1.0, 1.0, 1.0]",0.9,157.95610425240054,42.043895747599464
678,01010101,111,000,1,1,"[49.38271604938271, 48.01097393689986, 43.895747599451305]","[1.0, 1.0, 1.0]",0.9,157.95610425240054,42.043895747599464
679,10101000,111,000,1,1,"[48.01097393689986, 49.38271604938271, 43.8957475994513]","[1.0, 1.0, 1.0]",0.9,157.95610425240054,42.043895747599464
680,10101001,111,000,1,1,"[48.01097393689986, 49.38271604938271, 43.895747599451305]","[1.0, 1.0, 1.0]",0.9,157.95610425240054,42.043895747599464
681,11111110,111,010,0,0,"[45.432098765432094, 42.888888888888886, 41.9753086419753]","[1.0, 1.0, 1.0]",0.9,158.10699588477362,41.893004115226375
682,11111110,111,100,0,0,"[42.888888888888886, 45.432098765432094, 41.9753086419753]","[1.0, 1.0, 1.0]",0.9,158.10699588477362,41.893004115226375
683,00110110,111,000,1,1,"[51.51653711324493, 48.01097393689986, 41.9753086419753]","[1.0, 1.0, 1.0]",0.9,158.16948635878674,41.83051364121326
684,00111000,111,000,1,1,"[51.51653711324493, 46.09053497942386, 43.8957475994513]","[1.0, 1.0, 1.0]",0.9,158.16948635878674,41.83051364121326
685,00111001,111,000,1,1,"[51.51653711324493, 46.09053497942386, 43.895747599451305]","[1.0, 1.0, 1.0]",0.9,158.16948635878674,41.83051364121326
686,10100110,111,000,1,1,"[48.01097393689986, 51.51653711324493, 41.9753086419753]","[1.0, 1.0, 1.0]",0.9,158.16948635878674,41.83051364121326
687,11000100,111,000,1,1,"[46.09053497942386, 51.51653711324493, 43.8957475994513]","[1.0, 1.0, 1.0]",0.9,158.16948635878674,41.83051364121326
688,11000101,111,000,1,1,"[46.09053497942386, 51.51653711324493, 43.895747599451305]","[1.0, 1.0, 1.0]",0.9,158.16948635878674,41.83051364121326
689,00010100,111,000,0,1,"[51.821368693796664, 48.01097393689986, 43.8957475994513]","[1.0, 1.0, 1.0]",0.9,158.17253467459227,41.82746532540773
690,00010101,111,000,0,1,"[51.821368693796664, 48.01097393689986, 43.895747599451305]","[1.0, 1.0, 1.0]",0.9,158.17253467459227,41.82746532540773
691,10100000,111,000,0,1,"[48.01097393689986, 51.821368693796664, 43.8957475994513]","[1.0, 1.0, 1.0]",0.9,158.17253467459227,41.82746532540773
692,10100001,111,000,0,1,"[48.01097393689986, 51.821368693796664, 43.895747599451305]","[1.0, 1.0, 1.0]",0.9,158.17253467459227,41.82746532540773
693,00010111,111,000,1,1,"[51.821368693796664, 48.01097393689986, 41.7283950617284]","[1.0, 1.0, 1.0]",0.9,158.2274043590916,41.772595640908406
694,10100011,111,000,1,1,"[48.01097393689986, 51.821368693796664, 41.7283950617284]","[1.0, 1.0, 1.0]",0.9,158.2274043590916,41.772595640908406
695,01101100,111,000,1,1,"[48.83401920438958, 48.83401920438958, 43.8957475994513]","[1.0, 1.0, 1.0]",0.9,158.23045267489712,41.76954732510288
696,01101101,111,000,1,1,"[48.83401920438958, 48.83401920438958, 43.895747599451305]","[1.0, 1.0, 1.0]",0.9,158.23045267489712,41.76954732510288
697,11111111,111,001,0,0,"[45.432098765432094, 45.432098765432094, 39.55555555555556]","[1.0, 1.0, 1.0]",0.9,158.24417009602195,41.755829903978054
698,10111111,111,011,0,0,"[48.01097393689986, 42.888888888888886, 39.55555555555556]","[1.0, 1.0, 1.0]",0.9,158.28379820149368,41.71620179850632
699,11110111,111,101,0,0,"[42.888888888888886, 48.01097393689986, 39.55555555555556]","[1.0, 1.0, 1.0]",0.9,158.28379820149368,41.71620179850632
700,00110000,111,000,0,1,"[51.51653711324493, 48.46822130772747, 43.8957475994513]","[1.0, 1.0, 1.0]",0.9,158.32495046486815,41.67504953513185
701,00110001,111,000,0,1,"[51.51653711324493, 48.46822130772747, 43.895747599451305]","[1.0, 1.0, 1.0]",0.9,158.32495046486815,41.67504953513185
702,10000100,111,000,0,1,"[48.46822130772747, 51.51653711324493, 43.8957475994513]","[1.0, 1.0, 1.0]",0.9,158.32495046486815,41.67504953513185
703,10000101,111,000,0,1,"[48.46822130772747, 51.51653711324493, 43.895747599451305]","[1.0, 1.0, 1.0]",0.9,158.32495046486815,41.67504953513185
704,11011111,111,011,1,0,"[46.09053497942386, 42.888888888888886, 39.55555555555556]","[1.0, 1.0, 1.0]",0.9,158.37219935985365,41.62780064014635
705,11111011,111,101,1,0,"[42.888888888888886, 46.09053497942386, 39.55555555555556]","[1.0, 1.0, 1.0]",0.9,158.37219935985365,41.62780064014635
706,00110011,111,000,1,1,"[51.51653711324493, 48.46822130772747, 41.7283950617284]","[1.0, 1.0, 1.0]",0.9,158.37982014936745,41.62017985063255
707,10000111,111,000,1,1,"[48.46822130772747, 51.51653711324493, 41.7283950617284]","[1.0, 1.0, 1.0]",0.9,158.37982014936745,41.62017985063255
708,01010000,111,000,1,1,"[49.38271604938271, 48.46822130772747, 43.8957475994513]","[1.0, 1.0, 1.0]",0.9,158.41335162322812,41.586648376771876
709,01010001,111,000,1,1,"[49.38271604938271, 48.46822130772747, 43.895747599451305]","[1.0, 1.0, 1.0]",0.9,158.41335162322812,41.586648376771876
710,10001000,111,000,1,1,"[48.46822130772747, 49.38271604938271, 43.8957475994513]","[1.0, 1.0, 1.0]",0.9,158.41335162322812,41.586648376771876
711,10001001,111,000,1,1,"[48.46822130772747, 49.38271604938271, 43.895747599451305]","[1.0, 1.0, 1.0]",0.9,158.41335162322812,41.586648376771876
712,00010110,111,000,1,1,"[51.821368693796664, 48.01097393689986, 41.9753086419753]","[1.0, 1.0, 1.0]",0.9,158.47431793933848,41.525682060661524
713,00011000,111,000,1,1,"[51.821368693796664, 46.09053497942386, 43.8957475994513]","[1.0, 1.0, 1.0]",0.9,158.47431793933848,41.525682060661524
714,00011001,111,000,1,1,"[51.821368693796664, 46.09053497942386, 43.895747599451305]","[1.0, 1.0, 1.0]",0.9,158.47431793933848,41.525682060661524
715,10100010,111,000,1,1,"[48.01097393689986, 51.821368693796664, 41.9753086419753]","[1.0, 1.0, 1.0]",0.9,158.47431793933848,41.525682060661524
716,11000000,111,000,1,1,"[46.09053497942386, 51.821368693796664, 43.8957475994513]","[1.0, 1.0, 1.0]",0.9,158.47431793933848,41.525682060661524
717,11000001,111,000,1,1,"[46.09053497942386, 51.821368693796664, 43.895747599451305]","[1.0, 1.0, 1.0]",0.9,158.47431793933848,41.525682060661524
718,11011111,111,010,0,0,"[46.09053497942386, 42.888888888888886, 41.7283950617284]","[1.0, 1.0, 1.0]",0.9,158.56424325560124,41.43575674439876
719,11111011,111,100,0,0,"[42.888888888888886, 46.09053497942386, 41.7283950617284]","[1.0, 1.0, 1.0]",0.9,158.56424325560124,41.43575674439876
720,00110010,111,000,1,1,"[51.51653711324493, 48.46822130772747, 41.9753086419753]","[1.0, 1.0, 1.0]",0.9,158.62673372961436,41.37326627038564
721,10000110,111,000,1,1,"[48.46822130772747, 51.51653711324493, 41.9753086419753]","[1.0, 1.0, 1.0]",0.9,158.62673372961436,41.37326627038564
722,00010000,111,000,0,1,"[51.821368693796664, 48.46822130772747, 43.8957475994513]","[1.0, 1.0, 1.0]",0.9,158.6297820454199,41.37021795458011
723,00010001,111,000,0,1,"[51.821368693796664, 48.46822130772747, 43.895747599451305]","[1.0, 1.0, 1.0]",0.9,158.6297820454199,41.37021795458011
724,10000000,111,000,0,1,"[48.46822130772747, 51.821368693796664, 43.8957475994513]","[1.0, 1.0, 1.0]",0.9,158.6297820454199,41.37021795458011
725,10000001,111,000,0,1,"[48.46822130772747, 51.821368693796664, 43.895747599451305]","[1.0, 1.0, 1.0]",0.9,158.6297820454199,41.37021795458011
726,00010011,111,000,1,1,"[51.821368693796664, 48.46822130772747, 41.7283950617284]","[1.0, 1.0, 1.0]",0.9,158.68465172991918,41.31534827008082
727,10000011,111,000,1,1,"[48.46822130772747, 51.821368693796664, 41.7283950617284]","[1.0, 1.0, 1.0]",0.9,158.68465172991918,41.31534827008082
728,00101100,111,000,0,1,"[51.51653711324493, 48.83401920438958, 43.8957475994513]","[1.0, 1.0, 1.0]",0.9,158.69074836153027,41.30925163846973
729,00101101,111,000,0,1,"[51.51653711324493, 48.83401920438958, 43.895747599451305]","[1.0, 1.0, 1.0]",0.9,158.69074836153027,41.30925163846973
730,01100100,111,000,0,1,"[48.83401920438958, 51.51653711324493, 43.8957475994513]","[1.0, 1.0, 1.0]",0.9,158.69074836153027,41.30925163846973
731,01100101,111,000,0,1,"[48.83401920438958, 51.51653711324493, 43.895747599451305]","[1.0, 1.0, 1.0]",0.9,158.69074836153027,41.30925163846973
732,00101111,111,000,1,1,"[51.51653711324493, 48.83401920438958, 41.7283950617284]","[1.0, 1.0, 1.0]",0.9,158.74561804602956,41.25438195397044
733,01100111,111,000,1,1,"[48.83401920438958, 51.51653711324493, 41.7283950617284]","[1.0, 1.0, 1.0]",0.9,158.74561804602956,41.25438195397044
734,01001100,111,000,1,1,"[49.38271604938271, 48.83401920438958, 43.8957475994513]","[1.0, 1.0, 1.0]",0.9,158.77914951989024,41.22085048010976
735,01001101,111,000,1,1,"[49.38271604938271, 48.83401920438958, 43.895747599451305]","[1.0, 1.0, 1.0]",0.9,158.77914951989024,41.22085048010976
736,01101000,111,000,1,1,"[48.83401920438958, 49.38271604938271, 43.8957475994513]","[1.0, 1.0, 1.0]",0.9,158.77914951989024,41.22085048010976
737,01101001,111,000,1,1,"[48.83401920438958, 49.38271604938271, 43.895747599451305]","[1.0, 1.0, 1.0]",0.9,158.77914951989024,41.22085048010976
738,10011111,111,011,0,0,"[48.46822130772747, 42.888888888888886, 39.55555555555556]","[1.0, 1.0, 1.0]",0.9,158.79185083574654,41.208149164253456
739,11110011,111,101,0,0,"[42.888888888888886, 48.46822130772747, 39.55555555555556]","[1.0, 1.0, 1.0]",0.9,158.79185083574654,41.208149164253456
740,11011110,111,010,0,0,"[46.09053497942386, 42.888888888888886, 41.9753086419753]","[1.0, 1.0, 1.0]",0.9,158.83859167809783,41.16140832190217
741,11111010,111,100,0,0,"[42.888888888888886, 46.09053497942386, 41.9753086419753]","[1.0, 1.0, 1.0]",0.9,158.83859167809783,41.16140832190217
742,00010010,111,000,1,1,"[51.821368693796664, 48.46822130772747, 41.9753086419753]","[1.0, 1.0, 1.0]",0.9,158.9315653101661,41.06843468983391
743,10000010,111,000,1,1,"[48.46822130772747, 51.821368693796664, 41.9753086419753]","[1.0, 1.0, 1.0]",0.9,158.9315653101661,41.06843468983391
744,11011111,111,001,0,0,"[46.09053497942386, 45.432098765432094, 39.55555555555556]","[1.0, 1.0, 1.0]",0.9,158.97576588934612,41.02423411065388
745,11111011,111,001,0,0,"[45.432098765432094, 46.09053497942386, 39.55555555555556]","[1.0, 1.0, 1.0]",0.9,158.97576588934612,41.02423411065388
746,00101110,111,000,1,1,"[51.51653711324493, 48.83401920438958, 41.9753086419753]","[1.0, 1.0, 1.0]",0.9,158.99253162627647,41.007468373723526
747,01100110,111,000,1,1,"[48.83401920438958, 51.51653711324493, 41.9753086419753]","[1.0, 1.0, 1.0]",0.9,158.99253162627647,41.007468373723526
748,00001100,111,000,0,1,"[51.821368693796664, 48.83401920438958, 43.8957475994513]","[1.0, 1.0, 1.0]",0.9,158.995579942082,41.004420057918
749,00001101,111,000,0,1,"[51.821368693796664, 48.83401920438958, 43.895747599451305]","[1.0, 1.0, 1.0]",0.9,158.995579942082,41.004420057918
750,01100000,111,000,0,1,"[48.83401920438958, 51.821368693796664, 43.8957475994513]","[1.0, 1.0, 1.0]",0.9,158.995579942082,41.004420057918
751,01100001,111,000,0,1,"[48.83401920438958, 51.821368693796664, 43.895747599451305]","[1.0, 1.0, 1.0]",0.9,158.995579942082,41.004420057918
752,00001111,111,000,1,1,"[51.821368693796664, 48.83401920438958, 41.7283950617284]","[1.0, 1.0, 1.0]",0.9,159.0504496265813,40.9495503734187
753,01100011,111,000,1,1,"[48.83401920438958, 51.821368693796664, 41.7283950617284]","[1.0, 1.0, 1.0]",0.9,159.0504496265813,40.9495503734187
754,01111111,111,011,0,0,"[48.83401920438958, 42.888888888888886, 39.55555555555556]","[1.0, 1.0, 1.0]",0.9,159.1982929431489,40.801707056851086
755,11101111,111,101,0,0,"[42.888888888888886, 48.83401920438958, 39.55555555555556]","[1.0, 1.0, 1.0]",0.9,159.1982929431489,40.801707056851086
756,00100111,111,000,0,1,"[51.51653711324493, 51.51653711324493, 41.7283950617284]","[1.0, 1.0, 1.0]",0.9,159.2059137326627,40.79408626733729
757,00101000,111,000,0,1,"[51.51653711324493, 49.38271604938271, 43.8957475994513]","[1.0, 1.0, 1.0]",0.9,159.23944520652338,40.760554793476615
758,00101001,111,000,0,1,"[51.51653711324493, 49.38271604938271, 43.895747599451305]","[1.0, 1.0, 1.0]",0.9,159.23944520652338,40.760554793476615
759,01000100,111,000,0,1,"[49.38271604938271, 51.51653711324493, 43.8957475994513]","[1.0, 1.0, 1.0]",0.9,159.23944520652338,40.760554793476615
760,01000101,111,000,0,1,"[49.38271604938271, 51.51653711324493, 43.895747599451305]","[1.0, 1.0, 1.0]",0.9,159.23944520652338,40.760554793476615
761,00100111,111,001,1,1,"[51.51653711324493, 51.51653711324493, 39.55555555555556]","[1.0, 1.0, 1.0]",0.9,159.25529644871207,40.74470355128793
762,00101011,111,000,1,1,"[51.51653711324493, 49.38271604938271, 41.7283950617284]","[1.0, 1.0, 1.0]",0.9,159.2943148910227,40.70568510897729
763,01000111,111,000,1,1,"[49.38271604938271, 51.51653711324493, 41.7283950617284]","[1.0, 1.0, 1.0]",0.9,159.2943148910227,40.70568510897729
764,00001110,111,000,1,1,"[51.821368693796664, 48.83401920438958, 41.9753086419753]","[1.0, 1.0, 1.0]",0.9,159.2973632068282,40.70263679317179
765,01100010,111,000,1,1,"[48.83401920438958, 51.821368693796664, 41.9753086419753]","[1.0, 1.0, 1.0]",0.9,159.2973632068282,40.70263679317179
766,01001000,111,000,1,1,"[49.38271604938271, 49.38271604938271, 43.8957475994513]","[1.0, 1.0, 1.0]",0.9,159.32784636488336,40.67215363511664
767,01001001,111,000,1,1,"[49.38271604938271, 49.38271604938271, 43.895747599451305]","[1.0, 1.0, 1.0]",0.9,159.32784636488338,40.672153635116615
768,00100110,111,000,0,1,"[51.51653711324493, 51.51653711324493, 41.9753086419753]","[1.0, 1.0, 1.0]",0.9,159.45282731290962,40.54717268709038
769,00000111,111,000,0,1,"[51.821368693796664, 51.51653711324493, 41.7283950617284]","[1.0, 1.0, 1.0]",0.9,159.51074531321444,40.48925468678556
770,00100011,111,000,0,1,"[51.51653711324493, 51.821368693796664, 41.7283950617284]","[1.0, 1.0, 1.0]",0.9,159.51074531321444,40.48925468678556
771,00101010,111,000,1,1,"[51.51653711324493, 49.38271604938271, 41.9753086419753]","[1.0, 1.0, 1.0]",0.9,159.5412284712696,40.45877152873041
772,01000110,111,000,1,1,"[49.38271604938271, 51.51653711324493, 41.9753086419753]","[1.0, 1.0, 1.0]",0.9,159.5412284712696,40.45877152873041
773,00001000,111,000,0,1,"[51.821368693796664, 49.38271604938271, 43.8957475994513]","[1.0, 1.0, 1.0]",0.9,159.54427678707512,40.45572321292488
774,01000000,111,000,0,1,"[49.38271604938271, 51.821368693796664, 43.8957475994513]","[1.0, 1.0, 1.0]",0.9,159.54427678707512,40.45572321292488
775,00001001,111,000,0,1,"[51.821368693796664, 49.38271604938271, 43.895747599451305]","[1.0, 1.0, 1.0]",0.9,159.54427678707515,40.45572321292485
776,01000001,111,000,0,1,"[49.38271604938271, 51.821368693796664, 43.895747599451305]","[1.0, 1.0, 1.0]",0.9,159.54427678707515,40.45572321292485
777,00000111,111,001,1,1,"[51.821368693796664, 51.51653711324493, 39.55555555555556]","[1.0, 1.0, 1.0]",0.9,159.5601280292638,40.43987197073619
778,00100011,111,001,1,1,"[51.51653711324493, 51.821368693796664, 39.55555555555556]","[1.0, 1.0, 1.0]",0.9,159.5601280292638,40.43987197073619
779,00001011,111,000,1,1,"[51.821368693796664, 49.38271604938271, 41.7283950617284]","[1.0, 1.0, 1.0]",0.9,159.59914647157441,40.400853528425586
780,01000011,111,000,1,1,"[49.38271604938271, 51.821368693796664, 41.7283950617284]","[1.0, 1.0, 1.0]",0.9,159.59914647157441,40.400853528425586
781,11111100,111,110,1,0,"[42.888888888888886, 42.888888888888886, 43.8957475994513]","[1.0, 1.0, 1.0]",0.9,159.63725041914338,40.362749580856615
782,11111101,111,110,1,0,"[42.888888888888886, 42.888888888888886, 43.895747599451305]","[1.0, 1.0, 1.0]",0.9,159.6372504191434,40.36274958085659
783,11011011,111,001,0,0,"[46.09053497942386, 46.09053497942386, 39.55555555555556]","[1.0, 1.0, 1.0]",0.9,159.7073616826703,40.292638317329704
784,00000110,111,000,0,1,"[51.821368693796664, 51.51653711324493, 41.9753086419753]","[1.0, 1.0, 1.0]",0.9,159.75765889346135,40.242341106538646
785,00100010,111,000,0,1,"[51.51653711324493, 51.821368693796664, 41.9753086419753]","[1.0, 1.0, 1.0]",0.9,159.75765889346135,40.242341106538646
786,01011111,111,011,0,0,"[49.38271604938271, 42.888888888888886, 39.55555555555556]","[1.0, 1.0, 1.0]",0.9,159.80795610425238,40.19204389574762
787,11101011,111,101,0,0,"[42.888888888888886, 49.38271604938271, 39.55555555555556]","[1.0, 1.0, 1.0]",0.9,159.80795610425238,40.19204389574762
788,00000011,111,000,0,1,"[51.821368693796664, 51.821368693796664, 41.7283950617284]","[1.0, 1.0, 1.0]",0.9,159.81557689376618,40.18442310623382
789,00001010,111,000,1,1,"[51.821368693796664, 49.38271604938271, 41.9753086419753]","[1.0, 1.0, 1.0]",0.9,159.84606005182133,40.153939948178675
790,01000010,111,000,1,1,"[49.38271604938271, 51.821368693796664, 41.9753086419753]","[1.0, 1.0, 1.0]",0.9,159.84606005182133,40.153939948178675
791,00000011,111,001,1,1,"[51.821368693796664, 51.821368693796664, 39.55555555555556]","[1.0, 1.0, 1.0]",0.9,159.86495960981554,40.13504039018446
792,11111111,111,010,1,0,"[45.432098765432094, 42.888888888888886, 41.7283950617284]","[1.0, 1.0, 1.0]",0.9,160.0548696844993,39.945130315500705
793,11111111,111,100,1,0,"[42.888888888888886, 45.432098765432094, 41.7283950617284]","[1.0, 1.0, 1.0]",0.9,160.0548696844993,39.945130315500705
794,00000010,111,000,0,1,"[51.821368693796664, 51.821368693796664, 41.9753086419753]","[1.0, 1.0, 1.0]",0.9,160.0624904740131,39.93750952598691
795,00110100,111,000,1,1,"[51.51653711324493, 48.01097393689986, 43.8957475994513]","[1.0, 1.0, 1.0]",0.9,160.08992531626274,39.910074683737264
796,10100100,111,000,1,1,"[48.01097393689986, 51.51653711324493, 43.8957475994513]","[1.0, 1.0, 1.0]",0.9,160.08992531626274,39.910074683737264
797,00110101,111,000,1,1,"[51.51653711324493, 48.01097393689986, 43.895747599451305]","[1.0, 1.0, 1.0]",0.9,160.08992531626276,39.910074683737236
798,10100101,111,000,1,1,"[48.01097393689986, 51.51653711324493, 43.895747599451305]","[1.0, 1.0, 1.0]",0.9,160.08992531626276,39.910074683737236
799,11111100,111,010,0,0,"[45.432098765432094, 42.888888888888886, 43.8957475994513]","[1.0, 1.0, 1.0]",0.9,160.24081694863585,39.75918305136415
800,11111100,111,100,0,0,"[42.888888888888886, 45.432098765432094, 43.8957475994513]","[1.0, 1.0, 1.0]",0.9,160.24081694863585,39.75918305136415
801,11111101,111,010,0,0,"[45.432098765432094, 42.888888888888886, 43.895747599451305]","[1.0, 1.0, 1.0]",0.9,160.24081694863588,39.75918305136412
802,11111101,111,100,0,0,"[42.888888888888886, 45.432098765432094, 43.895747599451305]","[1.0, 1.0, 1.0]",0.9,160.24081694863588,39.75918305136412
803,11111110,111,010,1,0,"[45.432098765432094, 42.888888888888886, 41.9753086419753]","[1.0, 1.0, 1.0]",0.9,160.32921810699585,39.67078189300415
804,11111110,111,100,1,0,"[42.888888888888886, 45.432098765432094, 41.9753086419753]","[1.0, 1.0, 1.0]",0.9,160.32921810699585,39.67078189300415
805,00010100,111,000,1,1,"[51.821368693796664, 48.01097393689986, 43.8957475994513]","[1.0, 1.0, 1.0]",0.9,160.39475689681447,39.60524310318553
806,00010101,111,000,1,1,"[51.821368693796664, 48.01097393689986, 43.895747599451305]","[1.0, 1.0, 1.0]",0.9,160.39475689681447,39.60524310318553
807,10100000,111,000,1,1,"[48.01097393689986, 51.821368693796664, 43.8957475994513]","[1.0, 1.0, 1.0]",0.9,160.39475689681447,39.60524310318553
808,10100001,111,000,1,1,"[48.01097393689986, 51.821368693796664, 43.895747599451305]","[1.0, 1.0, 1.0]",0.9,160.39475689681447,39.60524310318553
809,11111111,111,001,1,0,"[45.432098765432094, 45.432098765432094, 39.55555555555556]","[1.0, 1.0, 1.0]",0.9,160.46639231824415,39.53360768175585
810,10111111,111,011,1,0,"[48.01097393689986, 42.888888888888886, 39.55555555555556]","[1.0, 1.0, 1.0]",0.9,160.5060204237159,39.49397957628409
811,11110111,111,101,1,0,"[42.888888888888886, 48.01097393689986, 39.55555555555556]","[1.0, 1.0, 1.0]",0.9,160.5060204237159,39.49397957628409
812,00110000,111,000,1,1,"[51.51653711324493, 48.46822130772747, 43.8957475994513]","[1.0, 1.0, 1.0]",0.9,160.54717268709035,39.45282731290965
813,00110001,111,000,1,1,"[51.51653711324493, 48.46822130772747, 43.895747599451305]","[1.0, 1.0, 1.0]",0.9,160.54717268709035,39.45282731290965
814,10000100,111,000,1,1,"[48.46822130772747, 51.51653711324493, 43.8957475994513]","[1.0, 1.0, 1.0]",0.9,160.54717268709035,39.45282731290965
815,10000101,111,000,1,1,"[48.46822130772747, 51.51653711324493, 43.895747599451305]","[1.0, 1.0, 1.0]",0.9,160.54717268709035,39.45282731290965
816,11111111,111,000,0,0,"[45.432098765432094, 45.432098765432094, 41.7283950617284]","[1.0, 1.0, 1.0]",0.9,160.65843621399176,39.34156378600824
817,10111111,111,010,0,0,"[48.01097393689986, 42.888888888888886, 41.7283950617284]","[1.0, 1.0, 1.0]",0.9,160.6980643194635,39.3019356805365
818,11110111,111,100,0,0,"[42.888888888888886, 48.01097393689986, 41.7283950617284]","[1.0, 1.0, 1.0]",0.9,160.6980643194635,39.3019356805365
819,11011111,111,010,1,0,"[46.09053497942386, 42.888888888888886, 41.7283950617284]","[1.0, 1.0, 1.0]",0.9,160.78646547782347,39.21353452217653
820,11111011,111,100,1,0,"[42.888888888888886, 46.09053497942386, 41.7283950617284]","[1.0, 1.0, 1.0]",0.9,160.78646547782347,39.21353452217653
821,00010000,111,000,1,1,"[51.821368693796664, 48.46822130772747, 43.8957475994513]","[1.0, 1.0, 1.0]",0.9,160.8520042676421,39.14799573235791
822,00010001,111,000,1,1,"[51.821368693796664, 48.46822130772747, 43.895747599451305]","[1.0, 1.0, 1.0]",0.9,160.8520042676421,39.14799573235791
823,10000000,111,000,1,1,"[48.46822130772747, 51.821368693796664, 43.8957475994513]","[1.0, 1.0, 1.0]",0.9,160.8520042676421,39.14799573235791
824,10000001,111,000,1,1,"[48.46822130772747, 51.821368693796664, 43.895747599451305]","[1.0, 1.0, 1.0]",0.9,160.8520042676421,39.14799573235791
825,00101100,111,000,1,1,"[51.51653711324493, 48.83401920438958, 43.8957475994513]","[1.0, 1.0, 1.0]",0.9,160.91297058375247,39.08702941624753
826,00101101,111,000,1,1,"[51.51653711324493, 48.83401920438958, 43.895747599451305]","[1.0, 1.0, 1.0]",0.9,160.91297058375247,39.08702941624753
827,01100100,111,000,1,1,"[48.83401920438958, 51.51653711324493, 43.8957475994513]","[1.0, 1.0, 1.0]",0.9,160.91297058375247,39.08702941624753
828,01100101,111,000,1,1,"[48.83401920438958, 51.51653711324493, 43.895747599451305]","[1.0, 1.0, 1.0]",0.9,160.91297058375247,39.08702941624753
829,11111110,111,000,0,0,"[45.432098765432094, 45.432098765432094, 41.9753086419753]","[1.0, 1.0, 1.0]",0.9,160.93278463648832,39.06721536351168
830,11011100,111,010,0,0,"[46.09053497942386, 42.888888888888886, 43.8957475994513]","[1.0, 1.0, 1.0]",0.9,160.97241274196003,39.02758725803997
831,11111000,111,100,0,0,"[42.888888888888886, 46.09053497942386, 43.8957475994513]","[1.0, 1.0, 1.0]",0.9,160.97241274196003,39.02758725803997
832,10111110,111,010,0,0,"[48.01097393689986, 42.888888888888886, 41.9753086419753]","[1.0, 1.0, 1.0]",0.9,160.97241274196006,39.027587258039944
833,11011101,111,010,0,0,"[46.09053497942386, 42.888888888888886, 43.895747599451305]","[1.0, 1.0, 1.0]",0.9,160.97241274196006,39.027587258039944
834,11110110,111,100,0,0,"[42.888888888888886, 48.01097393689986, 41.9753086419753]","[1.0, 1.0, 1.0]",0.9,160.97241274196006,39.027587258039944
835,11111001,111,100,0,0,"[42.888888888888886, 46.09053497942386, 43.895747599451305]","[1.0, 1.0, 1.0]",0.9,160.97241274196006,39.027587258039944
836,10011111,111,011,1,0,"[48.46822130772747, 42.888888888888886, 39.55555555555556]","[1.0, 1.0, 1.0]",0.9,161.01407305796877,38.98592694203123
837,11110011,111,101,1,0,"[42.888888888888886, 48.46822130772747, 39.55555555555556]","[1.0, 1.0, 1.0]",0.9,161.01407305796877,38.98592694203123
838,11011110,111,010,1,0,"[46.09053497942386, 42.888888888888886, 41.9753086419753]","[1.0, 1.0, 1.0]",0.9,161.06081390032003,38.93918609967997
839,11111010,111,100,1,0,"[42.888888888888886, 46.09053497942386, 41.9753086419753]","[1.0, 1.0, 1.0]",0.9,161.06081390032003,38.93918609967997
840,10111111,111,001,0,0,"[48.01097393689986, 45.432098765432094, 39.55555555555556]","[1.0, 1.0, 1.0]",0.9,161.10958695320832,38.89041304679168
841,11110111,111,001,0,0,"[45.432098765432094, 48.01097393689986, 39.55555555555556]","[1.0, 1.0, 1.0]",0.9,161.10958695320832,38.89041304679168
842,11011111,111,001,1,0,"[46.09053497942386, 45.432098765432094, 39.55555555555556]","[1.0, 1.0, 1.0]",0.9,161.19798811156835,38.80201188843165
843,11111011,111,001,1,0,"[45.432098765432094, 46.09053497942386, 39.55555555555556]","[1.0, 1.0, 1.0]",0.9,161.19798811156835,38.80201188843165
844,10011111,111,010,0,0,"[48.46822130772747, 42.888888888888886, 41.7283950617284]","[1.0, 1.0, 1.0]",0.9,161.20611695371642,38.79388304628358
845,11110011,111,100,0,0,"[42.888888888888886, 48.46822130772747, 41.7283950617284]","[1.0, 1.0, 1.0]",0.9,161.20611695371642,38.79388304628358
846,00001100,111,000,1,1,"[51.821368693796664, 48.83401920438958, 43.8957475994513]","[1.0, 1.0, 1.0]",0.9,161.2178021643042,38.7821978356958
847,00001101,111,000,1,1,"[51.821368693796664, 48.83401920438958, 43.895747599451305]","[1.0, 1.0, 1.0]",0.9,161.2178021643042,38.7821978356958
848,01100000,111,000,1,1,"[48.83401920438958, 51.821368693796664, 43.8957475994513]","[1.0, 1.0, 1.0]",0.9,161.2178021643042,38.7821978356958
849,01100001,111,000,1,1,"[48.83401920438958, 51.821368693796664, 43.895747599451305]","[1.0, 1.0, 1.0]",0.9,161.2178021643042,38.7821978356958
850,00100100,111,000,0,1,"[51.51653711324493, 51.51653711324493, 43.8957475994513]","[1.0, 1.0, 1.0]",0.9,161.3732662703856,38.62673372961439
851,00100101,111,000,0,1,"[51.51653711324493, 51.51653711324493, 43.895747599451305]","[1.0, 1.0, 1.0]",0.9,161.3732662703856,38.62673372961439
852,11011111,111,000,0,0,"[46.09053497942386, 45.432098765432094, 41.7283950617284]","[1.0, 1.0, 1.0]",0.9,161.39003200731594,38.60996799268406
853,11111011,111,000,0,0,"[45.432098765432094, 46.09053497942386, 41.7283950617284]","[1.0, 1.0, 1.0]",0.9,161.39003200731594,38.60996799268406
854,01111111,111,011,1,0,"[48.83401920438958, 42.888888888888886, 39.55555555555556]","[1.0, 1.0, 1.0]",0.9,161.42051516537114,38.57948483462886
855,11101111,111,101,1,0,"[42.888888888888886, 48.83401920438958, 39.55555555555556]","[1.0, 1.0, 1.0]",0.9,161.42051516537114,38.57948483462886
856,00100111,111,000,1,1,"[51.51653711324493, 51.51653711324493, 41.7283950617284]","[1.0, 1.0, 1.0]",0.9,161.4281359548849,38.57186404511509
857,00101000,111,000,1,1,"[51.51653711324493, 49.38271604938271, 43.8957475994513]","[1.0, 1.0, 1.0]",0.9,161.46166742874559,38.538332571254415
858,00101001,111,000,1,1,"[51.51653711324493, 49.38271604938271, 43.895747599451305]","[1.0, 1.0, 1.0]",0.9,161.46166742874559,38.538332571254415
859,01000100,111,000,1,1,"[49.38271604938271, 51.51653711324493, 43.8957475994513]","[1.0, 1.0, 1.0]",0.9,161.46166742874559,38.538332571254415
860,01000101,111,000,1,1,"[49.38271604938271, 51.51653711324493, 43.895747599451305]","[1.0, 1.0, 1.0]",0.9,161.46166742874559,38.538332571254415
861,10011110,111,010,0,0,"[48.46822130772747, 42.888888888888886, 41.9753086419753]","[1.0, 1.0, 1.0]",0.9,161.48046537621295,38.51953462378705
862,11110010,111,100,0,0,"[42.888888888888886, 48.46822130772747, 41.9753086419753]","[1.0, 1.0, 1.0]",0.9,161.48046537621295,38.51953462378705
863,01111111,111,010,0,0,"[48.83401920438958, 42.888888888888886, 41.7283950617284]","[1.0, 1.0, 1.0]",0.9,161.61255906111873,38.38744093888127
864,11101111,111,100,0,0,"[42.888888888888886, 48.83401920438958, 41.7283950617284]","[1.0, 1.0, 1.0]",0.9,161.61255906111873,38.38744093888127
865,10011111,111,001,0,0,"[48.46822130772747, 45.432098765432094, 39.55555555555556]","[1.0, 1.0, 1.0]",0.9,161.61763958746124,38.38236041253876
866,11110011,111,001,0,0,"[45.432098765432094, 48.46822130772747, 39.55555555555556]","[1.0, 1.0, 1.0]",0.9,161.61763958746124,38.38236041253876
867,11011110,111,000,0,0,"[46.09053497942386, 45.432098765432094, 41.9753086419753]","[1.0, 1.0, 1.0]",0.9,161.6643804298125,38.335619570187504
868,11111010,111,000,0,0,"[45.432098765432094, 46.09053497942386, 41.9753086419753]","[1.0, 1.0, 1.0]",0.9,161.6643804298125,38.335619570187504
869,00100110,111,000,1,1,"[51.51653711324493, 51.51653711324493, 41.9753086419753]","[1.0, 1.0, 1.0]",0.9,161.67504953513182,38.32495046486818
870,00000100,111,000,0,1,"[51.821368693796664, 51.51653711324493, 43.8957475994513]","[1.0, 1.0, 1.0]",0.9,161.67809785093735,38.32190214906265
871,00000101,111,000,0,1,"[51.821368693796664, 51.51653711324493, 43.895747599451305]","[1.0, 1.0, 1.0]",0.9,161.67809785093735,38.32190214906265
872,00100000,111,000,0,1,"[51.51653711324493, 51.821368693796664, 43.8957475994513]","[1.0, 1.0, 1.0]",0.9,161.67809785093735,38.32190214906265
873,00100001,111,000,0,1,"[51.51653711324493, 51.821368693796664, 43.895747599451305]","[1.0, 1.0, 1.0]",0.9,161.67809785093735,38.32190214906265
874,00000111,111,000,1,1,"[51.821368693796664, 51.51653711324493, 41.7283950617284]","[1.0, 1.0, 1.0]",0.9,161.73296753543664,38.26703246456336
875,00100011,111,000,1,1,"[51.51653711324493, 51.821368693796664, 41.7283950617284]","[1.0, 1.0, 1.0]",0.9,161.73296753543664,38.26703246456336
876,00001000,111,000,1,1,"[51.821368693796664, 49.38271604938271, 43.8957475994513]","[1.0, 1.0, 1.0]",0.9,161.76649900929732,38.23350099070268
877,01000000,111,000,1,1,"[49.38271604938271, 51.821368693796664, 43.8957475994513]","[1.0, 1.0, 1.0]",0.9,161.76649900929732,38.23350099070268
878,00001001,111,000,1,1,"[51.821368693796664, 49.38271604938271, 43.895747599451305]","[1.0, 1.0, 1.0]",0.9,161.76649900929735,38.23350099070265
879,01000001,111,000,1,1,"[49.38271604938271, 51.821368693796664, 43.895747599451305]","[1.0, 1.0, 1.0]",0.9,161.76649900929735,38.23350099070265
880,10111011,111,001,0,0,"[48.01097393689986, 46.09053497942386, 39.55555555555556]","[1.0, 1.0, 1.0]",0.9,161.84118274653252,38.158817253467475
881,11010111,111,001,0,0,"[46.09053497942386, 48.01097393689986, 39.55555555555556]","[1.0, 1.0, 1.0]",0.9,161.84118274653252,38.158817253467475
882,01111110,111,010,0,0,"[48.83401920438958, 42.888888888888886, 41.9753086419753]","[1.0, 1.0, 1.0]",0.9,161.8869074836153,38.11309251638471
883,11101110,111,100,0,0,"[42.888888888888886, 48.83401920438958, 41.9753086419753]","[1.0, 1.0, 1.0]",0.9,161.8869074836153,38.11309251638471
884,11011011,111,001,1,0,"[46.09053497942386, 46.09053497942386, 39.55555555555556]","[1.0, 1.0, 1.0]",0.9,161.92958390489252,38.070416095107475
885,00000110,111,000,1,1,"[51.821368693796664, 51.51653711324493, 41.9753086419753]","[1.0, 1.0, 1.0]",0.9,161.97988111568355,38.020118884316446
886,00100010,111,000,1,1,"[51.51653711324493, 51.821368693796664, 41.9753086419753]","[1.0, 1.0, 1.0]",0.9,161.97988111568355,38.020118884316446
887,00000000,111,000,0,1,"[51.821368693796664, 51.821368693796664, 43.8957475994513]","[1.0, 1.0, 1.0]",0.9,161.98292943148908,38.01707056851092
888,00000001,111,000,0,1,"[51.821368693796664, 51.821368693796664, 43.895747599451305]","[1.0, 1.0, 1.0]",0.9,161.98292943148908,38.01707056851092
889,01111111,111,001,0,0,"[48.83401920438958, 45.432098765432094, 39.55555555555556]","[1.0, 1.0, 1.0]",0.9,162.02408169486358,37.97591830513642
890,11101111,111,001,0,0,"[45.432098765432094, 48.83401920438958, 39.55555555555556]","[1.0, 1.0, 1.0]",0.9,162.02408169486358,37.97591830513642
891,01011111,111,011,1,0,"[49.38271604938271, 42.888888888888886, 39.55555555555556]","[1.0, 1.0, 1.0]",0.9,162.03017832647458,37.969821673525416
892,11101011,111,101,1,0,"[42.888888888888886, 49.38271604938271, 39.55555555555556]","[1.0, 1.0, 1.0]",0.9,162.03017832647458,37.969821673525416
893,00000011,111,000,1,1,"[51.821368693796664, 51.821368693796664, 41.7283950617284]","[1.0, 1.0, 1.0]",0.9,162.03779911598838,37.96220088401162
894,11011011,111,000,0,0,"[46.09053497942386, 46.09053497942386, 41.7283950617284]","[1.0, 1.0, 1.0]",0.9,162.1216278006401,37.87837219935989
895,00111111,111,011,0,0,"[51.51653711324493, 42.888888888888886, 39.55555555555556]","[1.0, 1.0, 1.0]",0.9,162.17886839743264,37.82113160256736
896,11100111,111,101,0,0,"[42.888888888888886, 51.51653711324493, 39.55555555555556]","[1.0, 1.0, 1.0]",0.9,162.17886839743264,37.82113160256736
897,01011111,111,010,0,0,"[49.38271604938271, 42.888888888888886, 41.7283950617284]","[1.0, 1.0, 1.0]",0.9,162.22222222222223,37.77777777777777
898,11101011,111,100,0,0,"[42.888888888888886, 49.38271604938271, 41.7283950617284]","[1.0, 1.0, 1.0]",0.9,162.22222222222223,37.77777777777777
899,00000010,111,000,1,1,"[51.821368693796664, 51.821368693796664, 41.9753086419753]","[1.0, 1.0, 1.0]",0.9,162.2847126962353,37.71528730376471
900,10011011,111,001,0,0,"[48.46822130772747, 46.09053497942386, 39.55555555555556]","[1.0, 1.0, 1.0]",0.9,162.34923538078542,37.650764619214584
901,11010011,111,001,0,0,"[46.09053497942386, 48.46822130772747, 39.55555555555556]","[1.0, 1.0, 1.0]",0.9,162.34923538078542,37.650764619214584
902,11011010,111,000,0,0,"[46.09053497942386, 46.09053497942386, 41.9753086419753]","[1.0, 1.0, 1.0]",0.9,162.39597622313667,37.60402377686333
903,11111100,111,010,1,0,"[45.432098765432094, 42.888888888888886, 43.8957475994513]","[1.0, 1.0, 1.0]",0.9,162.46303917085808,37.53696082914192
904,11111100,111,100,1,0,"[42.888888888888886, 45.432098765432094, 43.8957475994513]","[1.0, 1.0, 1.0]",0.9,162.46303917085808,37.53696082914192
905,11111101,111,010,1,0,"[45.432098765432094, 42.888888888888886, 43.895747599451305]","[1.0, 1.0, 1.0]",0.9,162.4630391708581,37.53696082914189
906,11111101,111,100,1,0,"[42.888888888888886, 45.432098765432094, 43.895747599451305]","[1.0, 1.0, 1.0]",0.9,162.4630391708581,37.53696082914189
907,01011110,111,010,0,0,"[49.38271604938271, 42.888888888888886, 41.9753086419753]","[1.0, 1.0, 1.0]",0.9,162.49657064471876,37.50342935528124
908,11101010,111,100,0,0,"[42.888888888888886, 49.38271604938271, 41.9753086419753]","[1.0, 1.0, 1.0]",0.9,162.49657064471876,37.50342935528124
909,00011111,111,011,0,0,"[51.821368693796664, 42.888888888888886, 39.55555555555556]","[1.0, 1.0, 1.0]",0.9,162.5175701536012,37.48242984639879
910,11100011,111,101,0,0,"[42.888888888888886, 51.821368693796664, 39.55555555555556]","[1.0, 1.0, 1.0]",0.9,162.5175701536012,37.48242984639879
911,01011111,111,001,0,0,"[49.38271604938271, 45.432098765432094, 39.55555555555556]","[1.0, 1.0, 1.0]",0.9,162.63374485596705,37.36625514403295
912,11101011,111,001,0,0,"[45.432098765432094, 49.38271604938271, 39.55555555555556]","[1.0, 1.0, 1.0]",0.9,162.63374485596705,37.36625514403295
913,01111011,111,001,0,0,"[48.83401920438958, 46.09053497942386, 39.55555555555556]","[1.0, 1.0, 1.0]",0.9,162.75567748818779,37.244322511812214
914,11001111,111,001,0,0,"[46.09053497942386, 48.83401920438958, 39.55555555555556]","[1.0, 1.0, 1.0]",0.9,162.75567748818779,37.244322511812214
915,11111111,111,000,1,0,"[45.432098765432094, 45.432098765432094, 41.7283950617284]","[1.0, 1.0, 1.0]",0.9,162.88065843621396,37.11934156378604
916,10111111,111,010,1,0,"[48.01097393689986, 42.888888888888886, 41.7283950617284]","[1.0, 1.0, 1.0]",0.9,162.92028654168573,37.079713458314274
917,11110111,111,100,1,0,"[42.888888888888886, 48.01097393689986, 41.7283950617284]","[1.0, 1.0, 1.0]",0.9,162.92028654168573,37.079713458314274
918,11111100,111,000,0,0,"[45.432098765432094, 45.432098765432094, 43.8957475994513]","[1.0, 1.0, 1.0]",0.9,163.06660570035055,36.93339429964945
919,11111101,111,000,0,0,"[45.432098765432094, 45.432098765432094, 43.895747599451305]","[1.0, 1.0, 1.0]",0.9,163.06660570035055,36.93339429964945
920,10111100,111,010,0,0,"[48.01097393689986, 42.888888888888886, 43.8957475994513]","[1.0, 1.0, 1.0]",0.9,163.10623380582228,36.893766194177715
921,10111101,111,010,0,0,"[48.01097393689986, 42.888888888888886, 43.895747599451305]","[1.0, 1.0, 1.0]",0.9,163.10623380582228,36.893766194177715
922,11110100,111,100,0,0,"[42.888888888888886, 48.01097393689986, 43.8957475994513]","[1.0, 1.0, 1.0]",0.9,163.10623380582228,36.893766194177715
923,11110101,111,100,0,0,"[42.888888888888886, 48.01097393689986, 43.895747599451305]","[1.0, 1.0, 1.0]",0.9,163.10623380582228,36.893766194177715
924,11111110,111,000,1,0,"[45.432098765432094, 45.432098765432094, 41.9753086419753]","[1.0, 1.0, 1.0]",0.9,163.15500685871055,36.84499314128945
925,11011100,111,010,1,0,"[46.09053497942386, 42.888888888888886, 43.8957475994513]","[1.0, 1.0, 1.0]",0.9,163.19463496418226,36.80536503581774
926,11111000,111,100,1,0,"[42.888888888888886, 46.09053497942386, 43.8957475994513]","[1.0, 1.0, 1.0]",0.9,163.19463496418226,36.80536503581774
927,10111110,111,010,1,0,"[48.01097393689986, 42.888888888888886, 41.9753086419753]","[1.0, 1.0, 1.0]",0.9,163.19463496418228,36.805365035817715
928,11011101,111,010,1,0,"[46.09053497942386, 42.888888888888886, 43.895747599451305]","[1.0, 1.0, 1.0]",0.9,163.19463496418228,36.805365035817715
929,11110110,111,100,1,0,"[42.888888888888886, 48.01097393689986, 41.9753086419753]","[1.0, 1.0, 1.0]",0.9,163.19463496418228,36.805365035817715
930,11111001,111,100,1,0,"[42.888888888888886, 46.09053497942386, 43.895747599451305]","[1.0, 1.0, 1.0]",0.9,163.19463496418228,36.805365035817715
931,10111111,111,001,1,0,"[48.01097393689986, 45.432098765432094, 39.55555555555556]","[1.0, 1.0, 1.0]",0.9,163.33180917543055,36.66819082456945
932,11110111,111,001,1,0,"[45.432098765432094, 48.01097393689986, 39.55555555555556]","[1.0, 1.0, 1.0]",0.9,163.33180917543055,36.66819082456945
933,01011011,111,001,0,0,"[49.38271604938271, 46.09053497942386, 39.55555555555556]","[1.0, 1.0, 1.0]",0.9,163.36534064929123,36.63465935070877
934,11001011,111,001,0,0,"[46.09053497942386, 49.38271604938271, 39.55555555555556]","[1.0, 1.0, 1.0]",0.9,163.36534064929123,36.63465935070877
935,10011111,111,010,1,0,"[48.46822130772747, 42.888888888888886, 41.7283950617284]","[1.0, 1.0, 1.0]",0.9,163.42833917593862,36.57166082406138
936,11110011,111,100,1,0,"[42.888888888888886, 48.46822130772747, 41.7283950617284]","[1.0, 1.0, 1.0]",0.9,163.42833917593862,36.57166082406138
937,10111111,111,000,0,0,"[48.01097393689986, 45.432098765432094, 41.7283950617284]","[1.0, 1.0, 1.0]",0.9,163.5238530711782,36.476146928821805
938,11110111,111,000,0,0,"[45.432098765432094, 48.01097393689986, 41.7283950617284]","[1.0, 1.0, 1.0]",0.9,163.5238530711782,36.476146928821805
939,00100100,111,000,1,1,"[51.51653711324493, 51.51653711324493, 43.8957475994513]","[1.0, 1.0, 1.0]",0.9,163.5954884926078,36.404511507392186
940,00100101,111,000,1,1,"[51.51653711324493, 51.51653711324493, 43.895747599451305]","[1.0, 1.0, 1.0]",0.9,163.5954884926078,36.404511507392186
941,11011111,111,000,1,0,"[46.09053497942386, 45.432098765432094, 41.7283950617284]","[1.0, 1.0, 1.0]",0.9,163.61225422953817,36.387745770461834
942,11111011,111,000,1,0,"[45.432098765432094, 46.09053497942386, 41.7283950617284]","[1.0, 1.0, 1.0]",0.9,163.61225422953817,36.387745770461834
943,10011100,111,010,0,0,"[48.46822130772747, 42.888888888888886, 43.8957475994513]","[1.0, 1.0, 1.0]",0.9,163.61428644007515,36.38571355992485
944,10011101,111,010,0,0,"[48.46822130772747, 42.888888888888886, 43.895747599451305]","[1.0, 1.0, 1.0]",0.9,163.61428644007515,36.38571355992485
945,11110000,111,100,0,0,"[42.888888888888886, 48.46822130772747, 43.8957475994513]","[1.0, 1.0, 1.0]",0.9,163.61428644007515,36.38571355992485
946,11110001,111,100,0,0,"[42.888888888888886, 48.46822130772747, 43.895747599451305]","[1.0, 1.0, 1.0]",0.9,163.61428644007515,36.38571355992485
947,10011110,111,010,1,0,"[48.46822130772747, 42.888888888888886, 41.9753086419753]","[1.0, 1.0, 1.0]",0.9,163.70268759843518,36.297312401564824
948,11110010,111,100,1,0,"[42.888888888888886, 48.46822130772747, 41.9753086419753]","[1.0, 1.0, 1.0]",0.9,163.70268759843518,36.297312401564824
949,10111110,111,000,0,0,"[48.01097393689986, 45.432098765432094, 41.9753086419753]","[1.0, 1.0, 1.0]",0.9,163.79820149367472,36.201798506325275
950,11011100,111,000,0,0,"[46.09053497942386, 45.432098765432094, 43.8957475994513]","[1.0, 1.0, 1.0]",0.9,163.79820149367472,36.201798506325275
951,11011101,111,000,0,0,"[46.09053497942386, 45.432098765432094, 43.895747599451305]","[1.0, 1.0, 1.0]",0.9,163.79820149367472,36.201798506325275
952,11110110,111,000,0,0,"[45.432098765432094, 48.01097393689986, 41.9753086419753]","[1.0, 1.0, 1.0]",0.9,163.79820149367472,36.201798506325275
953,11111000,111,000,0,0,"[45.432098765432094, 46.09053497942386, 43.8957475994513]","[1.0, 1.0, 1.0]",0.9,163.79820149367472,36.201798506325275
954,11111001,111,000,0,0,"[45.432098765432094, 46.09053497942386, 43.895747599451305]","[1.0, 1.0, 1.0]",0.9,163.79820149367472,36.201798506325275
955,01111111,111,010,1,0,"[48.83401920438958, 42.888888888888886, 41.7283950617284]","[1.0, 1.0, 1.0]",0.9,163.83478128334096,36.16521871665904
956,11101111,111,100,1,0,"[42.888888888888886, 48.83401920438958, 41.7283950617284]","[1.0, 1.0, 1.0]",0.9,163.83478128334096,36.16521871665904
957,10011111,111,001,1,0,"[48.46822130772747, 45.432098765432094, 39.55555555555556]","[1.0, 1.0, 1.0]",0.9,163.83986180968347,36.16013819031653
958,11110011,111,001,1,0,"[45.432098765432094, 48.46822130772747, 39.55555555555556]","[1.0, 1.0, 1.0]",0.9,163.83986180968347,36.16013819031653
959,11011110,111,000,1,0,"[46.09053497942386, 45.432098765432094, 41.9753086419753]","[1.0, 1.0, 1.0]",0.9,163.88660265203472,36.113397347965275
960,11111010,111,000,1,0,"[45.432098765432094, 46.09053497942386, 41.9753086419753]","[1.0, 1.0, 1.0]",0.9,163.88660265203472,36.113397347965275
961,00000100,111,000,1,1,"[51.821368693796664, 51.51653711324493, 43.8957475994513]","[1.0, 1.0, 1.0]",0.9,163.90032007315955,36.09967992684045
962,00000101,111,000,1,1,"[51.821368693796664, 51.51653711324493, 43.895747599451305]","[1.0, 1.0, 1.0]",0.9,163.90032007315955,36.09967992684045
963,00100000,111,000,1,1,"[51.51653711324493, 51.821368693796664, 43.8957475994513]","[1.0, 1.0, 1.0]",0.9,163.90032007315955,36.09967992684045
964,00100001,111,000,1,1,"[51.51653711324493, 51.821368693796664, 43.895747599451305]","[1.0, 1.0, 1.0]",0.9,163.90032007315955,36.09967992684045
965,10110111,111,001,0,0,"[48.01097393689986, 48.01097393689986, 39.55555555555556]","[1.0, 1.0, 1.0]",0.9,163.97500381039472,36.024996189605275
966,01111100,111,010,0,0,"[48.83401920438958, 42.888888888888886, 43.8957475994513]","[1.0, 1.0, 1.0]",0.9,164.02072854747752,35.97927145252248
967,01111101,111,010,0,0,"[48.83401920438958, 42.888888888888886, 43.895747599451305]","[1.0, 1.0, 1.0]",0.9,164.02072854747752,35.97927145252248
968,11101100,111,100,0,0,"[42.888888888888886, 48.83401920438958, 43.8957475994513]","[1.0, 1.0, 1.0]",0.9,164.02072854747752,35.97927145252248
969,11101101,111,100,0,0,"[42.888888888888886, 48.83401920438958, 43.895747599451305]","[1.0, 1.0, 1.0]",0.9,164.02072854747752,35.97927145252248
970,10011111,111,000,0,0,"[48.46822130772747, 45.432098765432094, 41.7283950617284]","[1.0, 1.0, 1.0]",0.9,164.03190570543106,35.96809429456894
971,11110011,111,000,0,0,"[45.432098765432094, 48.46822130772747, 41.7283950617284]","[1.0, 1.0, 1.0]",0.9,164.03190570543106,35.96809429456894
972,10111011,111,001,1,0,"[48.01097393689986, 46.09053497942386, 39.55555555555556]","[1.0, 1.0, 1.0]",0.9,164.06340496875472,35.936595031245275
973,11010111,111,001,1,0,"[46.09053497942386, 48.01097393689986, 39.55555555555556]","[1.0, 1.0, 1.0]",0.9,164.06340496875472,35.936595031245275
974,01111110,111,010,1,0,"[48.83401920438958, 42.888888888888886, 41.9753086419753]","[1.0, 1.0, 1.0]",0.9,164.10912970583752,35.89087029416248
975,11101110,111,100,1,0,"[42.888888888888886, 48.83401920438958, 41.9753086419753]","[1.0, 1.0, 1.0]",0.9,164.10912970583752,35.89087029416248
976,00000000,111,000,1,1,"[51.821368693796664, 51.821368693796664, 43.8957475994513]","[1.0, 1.0, 1.0]",0.9,164.20515165371128,35.79484834628872
977,00000001,111,000,1,1,"[51.821368693796664, 51.821368693796664, 43.895747599451305]","[1.0, 1.0, 1.0]",0.9,164.20515165371128,35.79484834628872
978,01111111,111,001,1,0,"[48.83401920438958, 45.432098765432094, 39.55555555555556]","[1.0, 1.0, 1.0]",0.9,164.2463039170858,35.75369608291419
979,11101111,111,001,1,0,"[45.432098765432094, 48.83401920438958, 39.55555555555556]","[1.0, 1.0, 1.0]",0.9,164.2463039170858,35.75369608291419
980,10111011,111,000,0,0,"[48.01097393689986, 46.09053497942386, 41.7283950617284]","[1.0, 1.0, 1.0]",0.9,164.25544886450237,35.74455113549763
981,11010111,111,000,0,0,"[46.09053497942386, 48.01097393689986, 41.7283950617284]","[1.0, 1.0, 1.0]",0.9,164.25544886450237,35.74455113549763
982,10011110,111,000,0,0,"[48.46822130772747, 45.432098765432094, 41.9753086419753]","[1.0, 1.0, 1.0]",0.9,164.30625412792762,35.693745872072384
983,11110010,111,000,0,0,"[45.432098765432094, 48.46822130772747, 41.9753086419753]","[1.0, 1.0, 1.0]",0.9,164.30625412792762,35.693745872072384
984,11011011,111,000,1,0,"[46.09053497942386, 46.09053497942386, 41.7283950617284]","[1.0, 1.0, 1.0]",0.9,164.34385002286234,35.65614997713766
985,00111111,111,011,1,0,"[51.51653711324493, 42.888888888888886, 39.55555555555556]","[1.0, 1.0, 1.0]",0.9,164.40109061965484,35.59890938034516
986,11100111,111,101,1,0,"[42.888888888888886, 51.51653711324493, 39.55555555555556]","[1.0, 1.0, 1.0]",0.9,164.40109061965484,35.59890938034516
987,01111111,111,000,0,0,"[48.83401920438958, 45.432098765432094, 41.7283950617284]","[1.0, 1.0, 1.0]",0.9,164.4383478128334,35.5616521871666
988,11101111,111,000,0,0,"[45.432098765432094, 48.83401920438958, 41.7283950617284]","[1.0, 1.0, 1.0]",0.9,164.4383478128334,35.5616521871666
989,01011111,111,010,1,0,"[49.38271604938271, 42.888888888888886, 41.7283950617284]","[1.0, 1.0, 1.0]",0.9,164.44444444444443,35.55555555555557
990,11101011,111,100,1,0,"[42.888888888888886, 49.38271604938271, 41.7283950617284]","[1.0, 1.0, 1.0]",0.9,164.44444444444443,35.55555555555557
991,10010111,111,001,0,0,"[48.46822130772747, 48.01097393689986, 39.55555555555556]","[1.0, 1.0, 1.0]",0.9,164.48305644464764,35.516943555352356
992,10110011,111,001,0,0,"[48.01097393689986, 48.46822130772747, 39.55555555555556]","[1.0, 1.0, 1.0]",0.9,164.48305644464764,35.516943555352356
993,10111010,111,000,0,0,"[48.01097393689986, 46.09053497942386, 41.9753086419753]","[1.0, 1.0, 1.0]",0.9,164.5297972869989,35.4702027130011
994,11010110,111,000,0,0,"[46.09053497942386, 48.01097393689986, 41.9753086419753]","[1.0, 1.0, 1.0]",0.9,164.5297972869989,35.4702027130011
995,11011000,111,000,0,0,"[46.09053497942386, 46.09053497942386, 43.8957475994513]","[1.0, 1.0, 1.0]",0.9,164.5297972869989,35.4702027130011
996,11011001,111,000,0,0,"[46.09053497942386, 46.09053497942386, 43.895747599451305]","[1.0, 1.0, 1.0]",0.9,164.5297972869989,35.4702027130011
997,10011011,111,001,1,0,"[48.46822130772747, 46.09053497942386, 39.55555555555556]","[1.0, 1.0, 1.0]",0.9,164.57145760300764,35.428542396992356
998,11010011,111,001,1,0,"[46.09053497942386, 48.46822130772747, 39.55555555555556]","[1.0, 1.0, 1.0]",0.9,164.57145760300764,35.428542396992356
999,00111111,111,010,0,0,"[51.51653711324493, 42.888888888888886, 41.7283950617284]","[1.0, 1.0, 1.0]",0.9,164.59313451540248,35.40686548459752
1000,11100111,111,100,0,0,"[42.888888888888886, 51.51653711324493, 41.7283950617284]","[1.0, 1.0, 1.0]",0.9,164.59313451540248,35.40686548459752
1001,11111111,011,011,1,0,"[36.888888888888886, 42.888888888888886, 39.55555555555556]","[0.9, 1.0, 1.0]",0.81,164.60905349794234,35.39094650205766
1002,11111111,101,101,1,0,"[42.888888888888886, 36.888888888888886, 39.55555555555556]","[1.0, 0.9, 1.0]",0.81,164.60905349794234,35.39094650205766
1003,11111111,110,110,1,0,"[42.888888888888886, 42.888888888888886, 33.55555555555556]","[1.0, 1.0, 0.9]",0.81,164.60905349794234,35.39094650205766
1004,11011010,111,000,1,0,"[46.09053497942386, 46.09053497942386, 41.9753086419753]","[1.0, 1.0, 1.0]",0.9,164.6181984453589,35.3818015546411
1005,01011100,111,010,0,0,"[49.38271604938271, 42.888888888888886, 43.8957475994513]","[1.0, 1.0, 1.0]",0.9,164.63039170858096,35.36960829141904
1006,11101000,111,100,0,0,"[42.888888888888886, 49.38271604938271, 43.8957475994513]","[1.0, 1.0, 1.0]",0.9,164.63039170858096,35.36960829141904
1007,01011101,111,010,0,0,"[49.38271604938271, 42.888888888888886, 43.895747599451305]","[1.0, 1.0, 1.0]",0.9,164.63039170858102,35.369608291418984
1008,11101001,111,100,0,0,"[42.888888888888886, 49.38271604938271, 43.895747599451305]","[1.0, 1.0, 1.0]",0.9,164.63039170858102,35.369608291418984
1009,01111110,111,000,0,0,"[48.83401920438958, 45.432098765432094, 41.9753086419753]","[1.0, 1.0, 1.0]",0.9,164.71269623533,35.287303764670014
1010,11101110,111,000,0,0,"[45.432098765432094, 48.83401920438958, 41.9753086419753]","[1.0, 1.0, 1.0]",0.9,164.71269623533,35.287303764670014
1011,01011110,111,010,1,0,"[49.38271604938271, 42.888888888888886, 41.9753086419753]","[1.0, 1.0, 1.0]",0.9,164.718792866941,35.28120713305901
1012,11101010,111,100,1,0,"[42.888888888888886, 49.38271604938271, 41.9753086419753]","[1.0, 1.0, 1.0]",0.9,164.718792866941,35.28120713305901
1013,00011111,111,011,1,0,"[51.821368693796664, 42.888888888888886, 39.55555555555556]","[1.0, 1.0, 1.0]",0.9,164.73979237582344,35.26020762417656
1014,11100011,111,101,1,0,"[42.888888888888886, 51.821368693796664, 39.55555555555556]","[1.0, 1.0, 1.0]",0.9,164.73979237582344,35.26020762417656
1015,10011011,111,000,0,0,"[48.46822130772747, 46.09053497942386, 41.7283950617284]","[1.0, 1.0, 1.0]",0.9,164.76350149875523,35.23649850124477
1016,11010011,111,000,0,0,"[46.09053497942386, 48.46822130772747, 41.7283950617284]","[1.0, 1.0, 1.0]",0.9,164.76350149875523,35.23649850124477
1017,01011111,111,001,1,0,"[49.38271604938271, 45.432098765432094, 39.55555555555556]","[1.0, 1.0, 1.0]",0.9,164.85596707818928,35.14403292181072
1018,11101011,111,001,1,0,"[45.432098765432094, 49.38271604938271, 39.55555555555556]","[1.0, 1.0, 1.0]",0.9,164.85596707818928,35.14403292181072
1019,00111110,111,010,0,0,"[51.51653711324493, 42.888888888888886, 41.9753086419753]","[1.0, 1.0, 1.0]",0.9,164.867482937899,35.13251706210099
1020,11100110,111,100,0,0,"[42.888888888888886, 51.51653711324493, 41.9753086419753]","[1.0, 1.0, 1.0]",0.9,164.867482937899,35.13251706210099
1021,01110111,111,001,0,0,"[48.83401920438958, 48.01097393689986, 39.55555555555556]","[1.0, 1.0, 1.0]",0.9,164.88949855205,35.110501447950014
1022,10101111,111,001,0,0,"[48.01097393689986, 48.83401920438958, 39.55555555555556]","[1.0, 1.0, 1.0]",0.9,164.88949855205,35.110501447950014
1023,00011111,111,010,0,0,"[51.821368693796664, 42.888888888888886, 41.7283950617284]","[1.0, 1.0, 1.0]",0.9,164.93183627157103,35.06816372842897
1024,11100011,111,100,0,0,"[42.888888888888886, 51.821368693796664, 41.7283950617284]","[1.0, 1.0, 1.0]",0.9,164.93183627157103,35.06816372842897
1025,01111011,111,001,1,0,"[48.83401920438958, 46.09053497942386, 39.55555555555556]","[1.0, 1.0, 1.0]",0.9,164.97789971041,35.022100289590014
1026,11001111,111,001,1,0,"[46.09053497942386, 48.83401920438958, 39.55555555555556]","[1.0, 1.0, 1.0]",0.9,164.97789971041,35.022100289590014
1027,10010011,111,001,0,0,"[48.46822130772747, 48.46822130772747, 39.55555555555556]","[1.0, 1.0, 1.0]",0.9,164.99110907890054,35.008890921099464
1028,00111111,111,001,0,0,"[51.51653711324493, 45.432098765432094, 39.55555555555556]","[1.0, 1.0, 1.0]",0.9,165.0046571491473,34.995342850852694
1029,11100111,111,001,0,0,"[45.432098765432094, 51.51653711324493, 39.55555555555556]","[1.0, 1.0, 1.0]",0.9,165.0046571491473,34.995342850852694
1030,10011010,111,000,0,0,"[48.46822130772747, 46.09053497942386, 41.9753086419753]","[1.0, 1.0, 1.0]",0.9,165.03784992125182,34.96215007874818
1031,11010010,111,000,0,0,"[46.09053497942386, 48.46822130772747, 41.9753086419753]","[1.0, 1.0, 1.0]",0.9,165.03784992125182,34.96215007874818
1032,01011111,111,000,0,0,"[49.38271604938271, 45.432098765432094, 41.7283950617284]","[1.0, 1.0, 1.0]",0.9,165.04801097393687,34.95198902606313
1033,11101011,111,000,0,0,"[45.432098765432094, 49.38271604938271, 41.7283950617284]","[1.0, 1.0, 1.0]",0.9,165.04801097393687,34.95198902606313
1034,01111011,111,000,0,0,"[48.83401920438958, 46.09053497942386, 41.7283950617284]","[1.0, 1.0, 1.0]",0.9,165.1699436061576,34.8300563938424
1035,11001111,111,000,0,0,"[46.09053497942386, 48.83401920438958, 41.7283950617284]","[1.0, 1.0, 1.0]",0.9,165.1699436061576,34.8300563938424
1036,00011110,111,010,0,0,"[51.821368693796664, 42.888888888888886, 41.9753086419753]","[1.0, 1.0, 1.0]",0.9,165.20618469406762,34.793815305932384
1037,11100010,111,100,0,0,"[42.888888888888886, 51.821368693796664, 41.9753086419753]","[1.0, 1.0, 1.0]",0.9,165.20618469406762,34.793815305932384
1038,11111100,111,000,1,0,"[45.432098765432094, 45.432098765432094, 43.8957475994513]","[1.0, 1.0, 1.0]",0.9,165.28882792257275,34.71117207742725
1039,11111101,111,000,1,0,"[45.432098765432094, 45.432098765432094, 43.895747599451305]","[1.0, 1.0, 1.0]",0.9,165.28882792257275,34.71117207742725
1040,01011110,111,000,0,0,"[49.38271604938271, 45.432098765432094, 41.9753086419753]","[1.0, 1.0, 1.0]",0.9,165.32235939643343,34.67764060356657
1041,11101010,111,000,0,0,"[45.432098765432094, 49.38271604938271, 41.9753086419753]","[1.0, 1.0, 1.0]",0.9,165.32235939643343,34.67764060356657
1042,10111100,111,010,1,0,"[48.01097393689986, 42.888888888888886, 43.8957475994513]","[1.0, 1.0, 1.0]",0.9,165.3284560280445,34.67154397195549
1043,10111101,111,010,1,0,"[48.01097393689986, 42.888888888888886, 43.895747599451305]","[1.0, 1.0, 1.0]",0.9,165.3284560280445,34.67154397195549
1044,11110100,111,100,1,0,"[42.888888888888886, 48.01097393689986, 43.8957475994513]","[1.0, 1.0, 1.0]",0.9,165.3284560280445,34.67154397195549
1045,11110101,111,100,1,0,"[42.888888888888886, 48.01097393689986, 43.895747599451305]","[1.0, 1.0, 1.0]",0.9,165.3284560280445,34.67154397195549
1046,00011111,111,001,0,0,"[51.821368693796664, 45.432098765432094, 39.55555555555556]","[1.0, 1.0, 1.0]",0.9,165.3433589053159,34.65664109468409
1047,11100011,111,001,0,0,"[45.432098765432094, 51.821368693796664, 39.55555555555556]","[1.0, 1.0, 1.0]",0.9,165.3433589053159,34.65664109468409
1048,01110011,111,001,0,0,"[48.83401920438958, 48.46822130772747, 39.55555555555556]","[1.0, 1.0, 1.0]",0.9,165.3975511863029,34.602448813697094
1049,10001111,111,001,0,0,"[48.46822130772747, 48.83401920438958, 39.55555555555556]","[1.0, 1.0, 1.0]",0.9,165.3975511863029,34.602448813697094
1050,01111010,111,000,0,0,"[48.83401920438958, 46.09053497942386, 41.9753086419753]","[1.0, 1.0, 1.0]",0.9,165.44429202865416,34.55570797134584
1051,11001110,111,000,0,0,"[46.09053497942386, 48.83401920438958, 41.9753086419753]","[1.0, 1.0, 1.0]",0.9,165.44429202865416,34.55570797134584
1052,01010111,111,001,0,0,"[49.38271604938271, 48.01097393689986, 39.55555555555556]","[1.0, 1.0, 1.0]",0.9,165.49916171315348,34.500838286846516
1053,10101011,111,001,0,0,"[48.01097393689986, 49.38271604938271, 39.55555555555556]","[1.0, 1.0, 1.0]",0.9,165.49916171315348,34.500838286846516
1054,01011011,111,001,1,0,"[49.38271604938271, 46.09053497942386, 39.55555555555556]","[1.0, 1.0, 1.0]",0.9,165.58756287151346,34.412437128486545
1055,11001011,111,001,1,0,"[46.09053497942386, 49.38271604938271, 39.55555555555556]","[1.0, 1.0, 1.0]",0.9,165.58756287151346,34.412437128486545
1056,00111011,111,001,0,0,"[51.51653711324493, 46.09053497942386, 39.55555555555556]","[1.0, 1.0, 1.0]",0.9,165.73625294247148,34.26374705752852
1057,11000111,111,001,0,0,"[46.09053497942386, 51.51653711324493, 39.55555555555556]","[1.0, 1.0, 1.0]",0.9,165.73625294247148,34.26374705752852
1058,10111111,111,000,1,0,"[48.01097393689986, 45.432098765432094, 41.7283950617284]","[1.0, 1.0, 1.0]",0.9,165.7460752934004,34.253924706599605
1059,11110111,111,000,1,0,"[45.432098765432094, 48.01097393689986, 41.7283950617284]","[1.0, 1.0, 1.0]",0.9,165.7460752934004,34.253924706599605
1060,01011011,111,000,0,0,"[49.38271604938271, 46.09053497942386, 41.7283950617284]","[1.0, 1.0, 1.0]",0.9,165.77960676726104,34.22039323273896
1061,11001011,111,000,0,0,"[46.09053497942386, 49.38271604938271, 41.7283950617284]","[1.0, 1.0, 1.0]",0.9,165.77960676726104,34.22039323273896
1062,01101111,111,001,0,0,"[48.83401920438958, 48.83401920438958, 39.55555555555556]","[1.0, 1.0, 1.0]",0.9,165.80399329370525,34.19600670629475
1063,10011100,111,010,1,0,"[48.46822130772747, 42.888888888888886, 43.8957475994513]","[1.0, 1.0, 1.0]",0.9,165.83650866229738,34.163491337702624
1064,10011101,111,010,1,0,"[48.46822130772747, 42.888888888888886, 43.895747599451305]","[1.0, 1.0, 1.0]",0.9,165.83650866229738,34.163491337702624
1065,11110000,111,100,1,0,"[42.888888888888886, 48.46822130772747, 43.8957475994513]","[1.0, 1.0, 1.0]",0.9,165.83650866229738,34.163491337702624
1066,11110001,111,100,1,0,"[42.888888888888886, 48.46822130772747, 43.895747599451305]","[1.0, 1.0, 1.0]",0.9,165.83650866229738,34.163491337702624
1067,10111100,111,000,0,0,"[48.01097393689986, 45.432098765432094, 43.8957475994513]","[1.0, 1.0, 1.0]",0.9,165.93202255753692,34.067977442463075
1068,10111101,111,000,0,0,"[48.01097393689986, 45.432098765432094, 43.895747599451305]","[1.0, 1.0, 1.0]",0.9,165.93202255753692,34.067977442463075
1069,11110100,111,000,0,0,"[45.432098765432094, 48.01097393689986, 43.8957475994513]","[1.0, 1.0, 1.0]",0.9,165.93202255753692,34.067977442463075
1070,11110101,111,000,0,0,"[45.432098765432094, 48.01097393689986, 43.895747599451305]","[1.0, 1.0, 1.0]",0.9,165.93202255753692,34.067977442463075
1071,01010011,111,001,0,0,"[49.38271604938271, 48.46822130772747, 39.55555555555556]","[1.0, 1.0, 1.0]",0.9,166.00721434740635,33.99278565259365
1072,10001011,111,001,0,0,"[48.46822130772747, 49.38271604938271, 39.55555555555556]","[1.0, 1.0, 1.0]",0.9,166.00721434740635,33.99278565259365
1073,10111110,111,000,1,0,"[48.01097393689986, 45.432098765432094, 41.9753086419753]","[1.0, 1.0, 1.0]",0.9,166.02042371589695,33.97957628410305
1074,11011100,111,000,1,0,"[46.09053497942386, 45.432098765432094, 43.8957475994513]","[1.0, 1.0, 1.0]",0.9,166.02042371589695,33.97957628410305
1075,11011101,111,000,1,0,"[46.09053497942386, 45.432098765432094, 43.895747599451305]","[1.0, 1.0, 1.0]",0.9,166.02042371589695,33.97957628410305
1076,11110110,111,000,1,0,"[45.432098765432094, 48.01097393689986, 41.9753086419753]","[1.0, 1.0, 1.0]",0.9,166.02042371589695,33.97957628410305
1077,11111000,111,000,1,0,"[45.432098765432094, 46.09053497942386, 43.8957475994513]","[1.0, 1.0, 1.0]",0.9,166.02042371589695,33.97957628410305
1078,11111001,111,000,1,0,"[45.432098765432094, 46.09053497942386, 43.895747599451305]","[1.0, 1.0, 1.0]",0.9,166.02042371589695,33.97957628410305
1079,01011010,111,000,0,0,"[49.38271604938271, 46.09053497942386, 41.9753086419753]","[1.0, 1.0, 1.0]",0.9,166.05395518975763,33.94604481024237
1080,11001010,111,000,0,0,"[46.09053497942386, 49.38271604938271, 41.9753086419753]","[1.0, 1.0, 1.0]",0.9,166.05395518975763,33.94604481024237
1081,00011011,111,001,0,0,"[51.821368693796664, 46.09053497942386, 39.55555555555556]","[1.0, 1.0, 1.0]",0.9,166.07495469864008,33.925045301359916
1082,11000011,111,001,0,0,"[46.09053497942386, 51.821368693796664, 39.55555555555556]","[1.0, 1.0, 1.0]",0.9,166.07495469864008,33.925045301359916
1083,10110111,111,001,1,0,"[48.01097393689986, 48.01097393689986, 39.55555555555556]","[1.0, 1.0, 1.0]",0.9,166.19722603261695,33.80277396738305
1084,01111100,111,010,1,0,"[48.83401920438958, 42.888888888888886, 43.8957475994513]","[1.0, 1.0, 1.0]",0.9,166.24295076969972,33.75704923030028
1085,01111101,111,010,1,0,"[48.83401920438958, 42.888888888888886, 43.895747599451305]","[1.0, 1.0, 1.0]",0.9,166.24295076969972,33.75704923030028
1086,11101100,111,100,1,0,"[42.888888888888886, 48.83401920438958, 43.8957475994513]","[1.0, 1.0, 1.0]",0.9,166.24295076969972,33.75704923030028
1087,11101101,111,100,1,0,"[42.888888888888886, 48.83401920438958, 43.895747599451305]","[1.0, 1.0, 1.0]",0.9,166.24295076969972,33.75704923030028
1088,10011111,111,000,1,0,"[48.46822130772747, 45.432098765432094, 41.7283950617284]","[1.0, 1.0, 1.0]",0.9,166.2541279276533,33.745872072346714
1089,11110011,111,000,1,0,"[45.432098765432094, 48.46822130772747, 41.7283950617284]","[1.0, 1.0, 1.0]",0.9,166.2541279276533,33.745872072346714
1090,10110111,111,000,0,0,"[48.01097393689986, 48.01097393689986, 41.7283950617284]","[1.0, 1.0, 1.0]",0.9,166.38926992836457,33.61073007163543
1091,01001111,111,001,0,0,"[49.38271604938271, 48.83401920438958, 39.55555555555556]","[1.0, 1.0, 1.0]",0.9,166.41365645480872,33.58634354519128
1092,01101011,111,001,0,0,"[48.83401920438958, 49.38271604938271, 39.55555555555556]","[1.0, 1.0, 1.0]",0.9,166.41365645480872,33.58634354519128
1093,10011100,111,000,0,0,"[48.46822130772747, 45.432098765432094, 43.8957475994513]","[1.0, 1.0, 1.0]",0.9,166.44007519178984,33.559924808210155
1094,10011101,111,000,0,0,"[48.46822130772747, 45.432098765432094, 43.895747599451305]","[1.0, 1.0, 1.0]",0.9,166.44007519178984,33.559924808210155
1095,11110000,111,000,0,0,"[45.432098765432094, 48.46822130772747, 43.8957475994513]","[1.0, 1.0, 1.0]",0.9,166.44007519178984,33.559924808210155
1096,11110001,111,000,0,0,"[45.432098765432094, 48.46822130772747, 43.895747599451305]","[1.0, 1.0, 1.0]",0.9,166.44007519178984,33.559924808210155
1097,10111011,111,000,1,0,"[48.01097393689986, 46.09053497942386, 41.7283950617284]","[1.0, 1.0, 1.0]",0.9,166.4776710867246,33.5223289132754
1098,11010111,111,000,1,0,"[46.09053497942386, 48.01097393689986, 41.7283950617284]","[1.0, 1.0, 1.0]",0.9,166.4776710867246,33.5223289132754
1099,10011110,111,000,1,0,"[48.46822130772747, 45.432098765432094, 41.9753086419753]","[1.0, 1.0, 1.0]",0.9,166.52847635014984,33.471523649850155
1100,11110010,111,000,1,0,"[45.432098765432094, 48.46822130772747, 41.9753086419753]","[1.0, 1.0, 1.0]",0.9,166.52847635014984,33.471523649850155
1101,11111111,011,011,0,0,"[36.888888888888886, 42.888888888888886, 39.55555555555556]","[0.9, 1.0, 1.0]",0.81,166.5843621399177,33.41563786008231
1102,11111111,101,101,0,0,"[42.888888888888886, 36.888888888888886, 39.55555555555556]","[1.0, 0.9, 1.0]",0.81,166.5843621399177,33.41563786008231
1103,11111111,110,110,0,0,"[42.888888888888886, 42.888888888888886, 33.55555555555556]","[1.0, 1.0, 0.9]",0.81,166.5843621399177,33.41563786008231
1104,01111111,111,000,1,0,"[48.83401920438958, 45.432098765432094, 41.7283950617284]","[1.0, 1.0, 1.0]",0.9,166.66057003505563,33.33942996494437
1105,11101111,111,000,1,0,"[45.432098765432094, 48.83401920438958, 41.7283950617284]","[1.0, 1.0, 1.0]",0.9,166.66057003505563,33.33942996494437
1106,10110110,111,000,0,0,"[48.01097393689986, 48.01097393689986, 41.9753086419753]","[1.0, 1.0, 1.0]",0.9,166.66361835086113,33.33638164913887
1107,10111000,111,000,0,0,"[48.01097393689986, 46.09053497942386, 43.8957475994513]","[1.0, 1.0, 1.0]",0.9,166.66361835086113,33.33638164913887
1108,10111001,111,000,0,0,"[48.01097393689986, 46.09053497942386, 43.895747599451305]","[1.0, 1.0, 1.0]",0.9,166.66361835086113,33.33638164913887
1109,11010100,111,000,0,0,"[46.09053497942386, 48.01097393689986, 43.8957475994513]","[1.0, 1.0, 1.0]",0.9,166.66361835086113,33.33638164913887
1110,11010101,111,000,0,0,"[46.09053497942386, 48.01097393689986, 43.895747599451305]","[1.0, 1.0, 1.0]",0.9,166.66361835086113,33.33638164913887
1111,10010111,111,001,1,0,"[48.46822130772747, 48.01097393689986, 39.55555555555556]","[1.0, 1.0, 1.0]",0.9,166.70527866686987,33.29472133313013
1112,10110011,111,001,1,0,"[48.01097393689986, 48.46822130772747, 39.55555555555556]","[1.0, 1.0, 1.0]",0.9,166.70527866686987,33.29472133313013
1113,10111010,111,000,1,0,"[48.01097393689986, 46.09053497942386, 41.9753086419753]","[1.0, 1.0, 1.0]",0.9,166.75201950922113,33.24798049077887
1114,11010110,111,000,1,0,"[46.09053497942386, 48.01097393689986, 41.9753086419753]","[1.0, 1.0, 1.0]",0.9,166.75201950922113,33.24798049077887
1115,11011000,111,000,1,0,"[46.09053497942386, 46.09053497942386, 43.8957475994513]","[1.0, 1.0, 1.0]",0.9,166.75201950922113,33.24798049077887
1116,11011001,111,000,1,0,"[46.09053497942386, 46.09053497942386, 43.895747599451305]","[1.0, 1.0, 1.0]",0.9,166.75201950922113,33.24798049077887
1117,00111111,111,010,1,0,"[51.51653711324493, 42.888888888888886, 41.7283950617284]","[1.0, 1.0, 1.0]",0.9,166.81535673762468,33.18464326237532
1118,11100111,111,100,1,0,"[42.888888888888886, 51.51653711324493, 41.7283950617284]","[1.0, 1.0, 1.0]",0.9,166.81535673762468,33.18464326237532
1119,01111100,111,000,0,0,"[48.83401920438958, 45.432098765432094, 43.8957475994513]","[1.0, 1.0, 1.0]",0.9,166.8465172991922,33.153482700807814
1120,01111101,111,000,0,0,"[48.83401920438958, 45.432098765432094, 43.895747599451305]","[1.0, 1.0, 1.0]",0.9,166.8465172991922,33.153482700807814
1121,11101100,111,000,0,0,"[45.432098765432094, 48.83401920438958, 43.8957475994513]","[1.0, 1.0, 1.0]",0.9,166.8465172991922,33.153482700807814
1122,11101101,111,000,0,0,"[45.432098765432094, 48.83401920438958, 43.895747599451305]","[1.0, 1.0, 1.0]",0.9,166.8465172991922,33.153482700807814
1123,01011100,111,010,1,0,"[49.38271604938271, 42.888888888888886, 43.8957475994513]","[1.0, 1.0, 1.0]",0.9,166.8526139308032,33.14738606919681
1124,11101000,111,100,1,0,"[42.888888888888886, 49.38271604938271, 43.8957475994513]","[1.0, 1.0, 1.0]",0.9,166.8526139308032,33.14738606919681
1125,01011101,111,010,1,0,"[49.38271604938271, 42.888888888888886, 43.895747599451305]","[1.0, 1.0, 1.0]",0.9,166.85261393080322,33.147386069196784
1126,11101001,111,100,1,0,"[42.888888888888886, 49.38271604938271, 43.895747599451305]","[1.0, 1.0, 1.0]",0.9,166.85261393080322,33.147386069196784
1127,10010111,111,000,0,0,"[48.46822130772747, 48.01097393689986, 41.7283950617284]","[1.0, 1.0, 1.0]",0.9,166.89732256261746,33.10267743738254
1128,10110011,111,000,0,0,"[48.01097393689986, 48.46822130772747, 41.7283950617284]","[1.0, 1.0, 1.0]",0.9,166.89732256261746,33.10267743738254
1129,01111110,111,000,1,0,"[48.83401920438958, 45.432098765432094, 41.9753086419753]","[1.0, 1.0, 1.0]",0.9,166.9349184575522,33.065081542447814
1130,11101110,111,000,1,0,"[45.432098765432094, 48.83401920438958, 41.9753086419753]","[1.0, 1.0, 1.0]",0.9,166.9349184575522,33.065081542447814
1131,10011011,111,000,1,0,"[48.46822130772747, 46.09053497942386, 41.7283950617284]","[1.0, 1.0, 1.0]",0.9,166.98572372097746,33.01427627902254
1132,11010011,111,000,1,0,"[46.09053497942386, 48.46822130772747, 41.7283950617284]","[1.0, 1.0, 1.0]",0.9,166.98572372097746,33.01427627902254
1133,00111100,111,010,0,0,"[51.51653711324493, 42.888888888888886, 43.8957475994513]","[1.0, 1.0, 1.0]",0.9,167.0013040017612,32.99869599823879
1134,00111101,111,010,0,0,"[51.51653711324493, 42.888888888888886, 43.895747599451305]","[1.0, 1.0, 1.0]",0.9,167.0013040017612,32.99869599823879
1135,11100100,111,100,0,0,"[42.888888888888886, 51.51653711324493, 43.8957475994513]","[1.0, 1.0, 1.0]",0.9,167.0013040017612,32.99869599823879
1136,11100101,111,100,0,0,"[42.888888888888886, 51.51653711324493, 43.895747599451305]","[1.0, 1.0, 1.0]",0.9,167.0013040017612,32.99869599823879
1137,01001011,111,001,0,0,"[49.38271604938271, 49.38271604938271, 39.55555555555556]","[1.0, 1.0, 1.0]",0.9,167.0233196159122,32.976680384087814
1138,00111110,111,010,1,0,"[51.51653711324493, 42.888888888888886, 41.9753086419753]","[1.0, 1.0, 1.0]",0.9,167.08970516012124,32.91029483987876
1139,11100110,111,100,1,0,"[42.888888888888886, 51.51653711324493, 41.9753086419753]","[1.0, 1.0, 1.0]",0.9,167.08970516012124,32.91029483987876
1140,01110111,111,001,1,0,"[48.83401920438958, 48.01097393689986, 39.55555555555556]","[1.0, 1.0, 1.0]",0.9,167.11172077427221,32.888279225727786
1141,10101111,111,001,1,0,"[48.01097393689986, 48.83401920438958, 39.55555555555556]","[1.0, 1.0, 1.0]",0.9,167.11172077427221,32.888279225727786
1142,00011111,111,010,1,0,"[51.821368693796664, 42.888888888888886, 41.7283950617284]","[1.0, 1.0, 1.0]",0.9,167.15405849379326,32.84594150620674
1143,11100011,111,100,1,0,"[42.888888888888886, 51.821368693796664, 41.7283950617284]","[1.0, 1.0, 1.0]",0.9,167.15405849379326,32.84594150620674
1144,10010110,111,000,0,0,"[48.46822130772747, 48.01097393689986, 41.9753086419753]","[1.0, 1.0, 1.0]",0.9,167.17167098511402,32.82832901488598
1145,10011000,111,000,0,0,"[48.46822130772747, 46.09053497942386, 43.8957475994513]","[1.0, 1.0, 1.0]",0.9,167.17167098511402,32.82832901488598
1146,10011001,111,000,0,0,"[48.46822130772747, 46.09053497942386, 43.895747599451305]","[1.0, 1.0, 1.0]",0.9,167.17167098511402,32.82832901488598
1147,10110010,111,000,0,0,"[48.01097393689986, 48.46822130772747, 41.9753086419753]","[1.0, 1.0, 1.0]",0.9,167.17167098511402,32.82832901488598
1148,11010000,111,000,0,0,"[46.09053497942386, 48.46822130772747, 43.8957475994513]","[1.0, 1.0, 1.0]",0.9,167.17167098511402,32.82832901488598
1149,11010001,111,000,0,0,"[46.09053497942386, 48.46822130772747, 43.895747599451305]","[1.0, 1.0, 1.0]",0.9,167.17167098511402,32.82832901488598
1150,10010011,111,001,1,0,"[48.46822130772747, 48.46822130772747, 39.55555555555556]","[1.0, 1.0, 1.0]",0.9,167.21333130112276,32.786668698877236
1151,00111111,111,001,1,0,"[51.51653711324493, 45.432098765432094, 39.55555555555556]","[1.0, 1.0, 1.0]",0.9,167.22687937136953,32.773120628630465
1152,11100111,111,001,1,0,"[45.432098765432094, 51.51653711324493, 39.55555555555556]","[1.0, 1.0, 1.0]",0.9,167.22687937136953,32.773120628630465
1153,10011010,111,000,1,0,"[48.46822130772747, 46.09053497942386, 41.9753086419753]","[1.0, 1.0, 1.0]",0.9,167.26007214347402,32.73992785652598
1154,11010010,111,000,1,0,"[46.09053497942386, 48.46822130772747, 41.9753086419753]","[1.0, 1.0, 1.0]",0.9,167.26007214347402,32.73992785652598
1155,01011111,111,000,1,0,"[49.38271604938271, 45.432098765432094, 41.7283950617284]","[1.0, 1.0, 1.0]",0.9,167.2702331961591,32.7297668038409
1156,11101011,111,000,1,0,"[45.432098765432094, 49.38271604938271, 41.7283950617284]","[1.0, 1.0, 1.0]",0.9,167.2702331961591,32.7297668038409
1157,11111111,011,010,1,0,"[36.888888888888886, 42.888888888888886, 41.7283950617284]","[0.9, 1.0, 1.0]",0.81,167.29157140679774,32.70842859320226
1158,11111111,101,100,1,0,"[42.888888888888886, 36.888888888888886, 41.7283950617284]","[1.0, 0.9, 1.0]",0.81,167.29157140679774,32.70842859320226
1159,01110111,111,000,0,0,"[48.83401920438958, 48.01097393689986, 41.7283950617284]","[1.0, 1.0, 1.0]",0.9,167.3037646700198,32.6962353299802
1160,10101111,111,000,0,0,"[48.01097393689986, 48.83401920438958, 41.7283950617284]","[1.0, 1.0, 1.0]",0.9,167.3037646700198,32.6962353299802
1161,00011100,111,010,0,0,"[51.821368693796664, 42.888888888888886, 43.8957475994513]","[1.0, 1.0, 1.0]",0.9,167.34000575792982,32.659994242070184
1162,11100000,111,100,0,0,"[42.888888888888886, 51.821368693796664, 43.8957475994513]","[1.0, 1.0, 1.0]",0.9,167.34000575792982,32.659994242070184
1163,00011101,111,010,0,0,"[51.821368693796664, 42.888888888888886, 43.895747599451305]","[1.0, 1.0, 1.0]",0.9,167.34000575792984,32.659994242070155
1164,11100001,111,100,0,0,"[42.888888888888886, 51.821368693796664, 43.895747599451305]","[1.0, 1.0, 1.0]",0.9,167.34000575792984,32.659994242070155
1165,01111011,111,000,1,0,"[48.83401920438958, 46.09053497942386, 41.7283950617284]","[1.0, 1.0, 1.0]",0.9,167.3921658283798,32.6078341716202
1166,11001111,111,000,1,0,"[46.09053497942386, 48.83401920438958, 41.7283950617284]","[1.0, 1.0, 1.0]",0.9,167.3921658283798,32.6078341716202
1167,10010011,111,000,0,0,"[48.46822130772747, 48.46822130772747, 41.7283950617284]","[1.0, 1.0, 1.0]",0.9,167.40537519687035,32.59462480312965
1168,00111111,111,000,0,0,"[51.51653711324493, 45.432098765432094, 41.7283950617284]","[1.0, 1.0, 1.0]",0.9,167.41892326711712,32.58107673288288
1169,11100111,111,000,0,0,"[45.432098765432094, 51.51653711324493, 41.7283950617284]","[1.0, 1.0, 1.0]",0.9,167.41892326711712,32.58107673288288
1170,00011110,111,010,1,0,"[51.821368693796664, 42.888888888888886, 41.9753086419753]","[1.0, 1.0, 1.0]",0.9,167.42840691628982,32.571593083710184
1171,11100010,111,100,1,0,"[42.888888888888886, 51.821368693796664, 41.9753086419753]","[1.0, 1.0, 1.0]",0.9,167.42840691628982,32.571593083710184
1172,01011100,111,000,0,0,"[49.38271604938271, 45.432098765432094, 43.8957475994513]","[1.0, 1.0, 1.0]",0.9,167.45618046029566,32.543819539704344
1173,11101000,111,000,0,0,"[45.432098765432094, 49.38271604938271, 43.8957475994513]","[1.0, 1.0, 1.0]",0.9,167.45618046029566,32.543819539704344
1174,01011101,111,000,0,0,"[49.38271604938271, 45.432098765432094, 43.895747599451305]","[1.0, 1.0, 1.0]",0.9,167.45618046029568,32.543819539704316
1175,11101001,111,000,0,0,"[45.432098765432094, 49.38271604938271, 43.895747599451305]","[1.0, 1.0, 1.0]",0.9,167.45618046029568,32.543819539704316
1176,01011110,111,000,1,0,"[49.38271604938271, 45.432098765432094, 41.9753086419753]","[1.0, 1.0, 1.0]",0.9,167.54458161865566,32.455418381344344
1177,11101010,111,000,1,0,"[45.432098765432094, 49.38271604938271, 41.9753086419753]","[1.0, 1.0, 1.0]",0.9,167.54458161865566,32.455418381344344
1178,00011111,111,001,1,0,"[51.821368693796664, 45.432098765432094, 39.55555555555556]","[1.0, 1.0, 1.0]",0.9,167.56558112753814,32.43441887246186
1179,11100011,111,001,1,0,"[45.432098765432094, 51.821368693796664, 39.55555555555556]","[1.0, 1.0, 1.0]",0.9,167.56558112753814,32.43441887246186
1180,01110110,111,000,0,0,"[48.83401920438958, 48.01097393689986, 41.9753086419753]","[1.0, 1.0, 1.0]",0.9,167.57811309251636,32.42188690748364
1181,01111000,111,000,0,0,"[48.83401920438958, 46.09053497942386, 43.8957475994513]","[1.0, 1.0, 1.0]",0.9,167.57811309251636,32.42188690748364
1182,01111001,111,000,0,0,"[48.83401920438958, 46.09053497942386, 43.895747599451305]","[1.0, 1.0, 1.0]",0.9,167.57811309251636,32.42188690748364
1183,10101110,111,000,0,0,"[48.01097393689986, 48.83401920438958, 41.9753086419753]","[1.0, 1.0, 1.0]",0.9,167.57811309251636,32.42188690748364
1184,11001100,111,000,0,0,"[46.09053497942386, 48.83401920438958, 43.8957475994513]","[1.0, 1.0, 1.0]",0.9,167.57811309251636,32.42188690748364
1185,11001101,111,000,0,0,"[46.09053497942386, 48.83401920438958, 43.895747599451305]","[1.0, 1.0, 1.0]",0.9,167.57811309251636,32.42188690748364
1186,11111110,011,010,1,0,"[36.888888888888886, 42.888888888888886, 41.9753086419753]","[0.9, 1.0, 1.0]",0.81,167.59640298734945,32.40359701265055
1187,11111110,101,100,1,0,"[42.888888888888886, 36.888888888888886, 41.9753086419753]","[1.0, 0.9, 1.0]",0.81,167.59640298734945,32.40359701265055
1188,01110011,111,001,1,0,"[48.83401920438958, 48.46822130772747, 39.55555555555556]","[1.0, 1.0, 1.0]",0.9,167.6197734085251,32.380226591474894
1189,10001111,111,001,1,0,"[48.46822130772747, 48.83401920438958, 39.55555555555556]","[1.0, 1.0, 1.0]",0.9,167.6197734085251,32.380226591474894
1190,01111010,111,000,1,0,"[48.83401920438958, 46.09053497942386, 41.9753086419753]","[1.0, 1.0, 1.0]",0.9,167.6665142508764,32.33348574912361
1191,11001110,111,000,1,0,"[46.09053497942386, 48.83401920438958, 41.9753086419753]","[1.0, 1.0, 1.0]",0.9,167.6665142508764,32.33348574912361
1192,10010010,111,000,0,0,"[48.46822130772747, 48.46822130772747, 41.9753086419753]","[1.0, 1.0, 1.0]",0.9,167.67972361936694,32.32027638063306
1193,00111110,111,000,0,0,"[51.51653711324493, 45.432098765432094, 41.9753086419753]","[1.0, 1.0, 1.0]",0.9,167.69327168961368,32.30672831038632
1194,11100110,111,000,0,0,"[45.432098765432094, 51.51653711324493, 41.9753086419753]","[1.0, 1.0, 1.0]",0.9,167.69327168961368,32.30672831038632
1195,01010111,111,001,1,0,"[49.38271604938271, 48.01097393689986, 39.55555555555556]","[1.0, 1.0, 1.0]",0.9,167.7213839353757,32.27861606462429
1196,10101011,111,001,1,0,"[48.01097393689986, 49.38271604938271, 39.55555555555556]","[1.0, 1.0, 1.0]",0.9,167.7213839353757,32.27861606462429
1197,11111111,011,001,1,0,"[36.888888888888886, 45.432098765432094, 39.55555555555556]","[0.9, 1.0, 1.0]",0.81,167.74881877762533,32.25118122237467
1198,11111111,101,001,1,0,"[45.432098765432094, 36.888888888888886, 39.55555555555556]","[1.0, 0.9, 1.0]",0.81,167.74881877762533,32.25118122237467
1199,11111111,110,010,1,0,"[45.432098765432094, 42.888888888888886, 33.55555555555556]","[1.0, 1.0, 0.9]",0.81,167.74881877762533,32.25118122237467
1200,11111111,110,100,1,0,"[42.888888888888886, 45.432098765432094, 33.55555555555556]","[1.0, 1.0, 0.9]",0.81,167.74881877762533,32.25118122237467
1201,00011111,111,000,0,0,"[51.821368693796664, 45.432098765432094, 41.7283950617284]","[1.0, 1.0, 1.0]",0.9,167.75762502328573,32.242374976714274
1202,11100011,111,000,0,0,"[45.432098765432094, 51.821368693796664, 41.7283950617284]","[1.0, 1.0, 1.0]",0.9,167.75762502328573,32.242374976714274
1203,01110011,111,000,0,0,"[48.83401920438958, 48.46822130772747, 41.7283950617284]","[1.0, 1.0, 1.0]",0.9,167.81181730427272,32.18818269572728
1204,10001111,111,000,0,0,"[48.46822130772747, 48.83401920438958, 41.7283950617284]","[1.0, 1.0, 1.0]",0.9,167.81181730427272,32.18818269572728
1205,00110111,111,001,0,0,"[51.51653711324493, 48.01097393689986, 39.55555555555556]","[1.0, 1.0, 1.0]",0.9,167.8700740063337,32.12992599366629
1206,10100111,111,001,0,0,"[48.01097393689986, 51.51653711324493, 39.55555555555556]","[1.0, 1.0, 1.0]",0.9,167.8700740063337,32.12992599366629
1207,01010111,111,000,0,0,"[49.38271604938271, 48.01097393689986, 41.7283950617284]","[1.0, 1.0, 1.0]",0.9,167.9134278311233,32.0865721688767
1208,10101011,111,000,0,0,"[48.01097393689986, 49.38271604938271, 41.7283950617284]","[1.0, 1.0, 1.0]",0.9,167.9134278311233,32.0865721688767
1209,00111011,111,001,1,0,"[51.51653711324493, 46.09053497942386, 39.55555555555556]","[1.0, 1.0, 1.0]",0.9,167.9584751646937,32.04152483530629
1210,11000111,111,001,1,0,"[46.09053497942386, 51.51653711324493, 39.55555555555556]","[1.0, 1.0, 1.0]",0.9,167.9584751646937,32.04152483530629
1211,01011011,111,000,1,0,"[49.38271604938271, 46.09053497942386, 41.7283950617284]","[1.0, 1.0, 1.0]",0.9,168.00182898948327,31.998171010516728
1212,11001011,111,000,1,0,"[46.09053497942386, 49.38271604938271, 41.7283950617284]","[1.0, 1.0, 1.0]",0.9,168.00182898948327,31.998171010516728
1213,01101111,111,001,1,0,"[48.83401920438958, 48.83401920438958, 39.55555555555556]","[1.0, 1.0, 1.0]",0.9,168.02621551592748,31.973784484072524
1214,00011110,111,000,0,0,"[51.821368693796664, 45.432098765432094, 41.9753086419753]","[1.0, 1.0, 1.0]",0.9,168.03197344578228,31.968026554217715
1215,11100010,111,000,0,0,"[45.432098765432094, 51.821368693796664, 41.9753086419753]","[1.0, 1.0, 1.0]",0.9,168.03197344578228,31.968026554217715
1216,01110010,111,000,0,0,"[48.83401920438958, 48.46822130772747, 41.9753086419753]","[1.0, 1.0, 1.0]",0.9,168.08616572676928,31.91383427323072
1217,10001110,111,000,0,0,"[48.46822130772747, 48.83401920438958, 41.9753086419753]","[1.0, 1.0, 1.0]",0.9,168.08616572676928,31.91383427323072
1218,00111011,111,000,0,0,"[51.51653711324493, 46.09053497942386, 41.7283950617284]","[1.0, 1.0, 1.0]",0.9,168.1505190604413,31.849480939558703
1219,11000111,111,000,0,0,"[46.09053497942386, 51.51653711324493, 41.7283950617284]","[1.0, 1.0, 1.0]",0.9,168.1505190604413,31.849480939558703
1220,10111100,111,000,1,0,"[48.01097393689986, 45.432098765432094, 43.8957475994513]","[1.0, 1.0, 1.0]",0.9,168.15424477975915,31.845755220240846
1221,10111101,111,000,1,0,"[48.01097393689986, 45.432098765432094, 43.895747599451305]","[1.0, 1.0, 1.0]",0.9,168.15424477975915,31.845755220240846
1222,11110100,111,000,1,0,"[45.432098765432094, 48.01097393689986, 43.8957475994513]","[1.0, 1.0, 1.0]",0.9,168.15424477975915,31.845755220240846
1223,11110101,111,000,1,0,"[45.432098765432094, 48.01097393689986, 43.895747599451305]","[1.0, 1.0, 1.0]",0.9,168.15424477975915,31.845755220240846
1224,01011000,111,000,0,0,"[49.38271604938271, 46.09053497942386, 43.8957475994513]","[1.0, 1.0, 1.0]",0.9,168.18777625361983,31.81222374638017
1225,11001000,111,000,0,0,"[46.09053497942386, 49.38271604938271, 43.8957475994513]","[1.0, 1.0, 1.0]",0.9,168.18777625361983,31.81222374638017
1226,01010110,111,000,0,0,"[49.38271604938271, 48.01097393689986, 41.9753086419753]","[1.0, 1.0, 1.0]",0.9,168.18777625361986,31.81222374638014
1227,01011001,111,000,0,0,"[49.38271604938271, 46.09053497942386, 43.895747599451305]","[1.0, 1.0, 1.0]",0.9,168.18777625361986,31.81222374638014
1228,10101010,111,000,0,0,"[48.01097393689986, 49.38271604938271, 41.9753086419753]","[1.0, 1.0, 1.0]",0.9,168.18777625361986,31.81222374638014
1229,11001001,111,000,0,0,"[46.09053497942386, 49.38271604938271, 43.895747599451305]","[1.0, 1.0, 1.0]",0.9,168.18777625361986,31.81222374638014
1230,00010111,111,001,0,0,"[51.821368693796664, 48.01097393689986, 39.55555555555556]","[1.0, 1.0, 1.0]",0.9,168.2087757625023,31.791224237497687
1231,10100011,111,001,0,0,"[48.01097393689986, 51.821368693796664, 39.55555555555556]","[1.0, 1.0, 1.0]",0.9,168.2087757625023,31.791224237497687
1232,01101111,111,000,0,0,"[48.83401920438958, 48.83401920438958, 41.7283950617284]","[1.0, 1.0, 1.0]",0.9,168.21825941167506,31.781740588324936
1233,01010011,111,001,1,0,"[49.38271604938271, 48.46822130772747, 39.55555555555556]","[1.0, 1.0, 1.0]",0.9,168.22943656962858,31.770563430371425
1234,10001011,111,001,1,0,"[48.46822130772747, 49.38271604938271, 39.55555555555556]","[1.0, 1.0, 1.0]",0.9,168.22943656962858,31.770563430371425
1235,01011010,111,000,1,0,"[49.38271604938271, 46.09053497942386, 41.9753086419753]","[1.0, 1.0, 1.0]",0.9,168.27617741197983,31.72382258802017
1236,11001010,111,000,1,0,"[46.09053497942386, 49.38271604938271, 41.9753086419753]","[1.0, 1.0, 1.0]",0.9,168.27617741197983,31.72382258802017
1237,00011011,111,001,1,0,"[51.821368693796664, 46.09053497942386, 39.55555555555556]","[1.0, 1.0, 1.0]",0.9,168.2971769208623,31.702823079137687
1238,11000011,111,001,1,0,"[46.09053497942386, 51.821368693796664, 39.55555555555556]","[1.0, 1.0, 1.0]",0.9,168.2971769208623,31.702823079137687
1239,00110011,111,001,0,0,"[51.51653711324493, 48.46822130772747, 39.55555555555556]","[1.0, 1.0, 1.0]",0.9,168.3781266405866,31.6218733594134
1240,10000111,111,001,0,0,"[48.46822130772747, 51.51653711324493, 39.55555555555556]","[1.0, 1.0, 1.0]",0.9,168.3781266405866,31.6218733594134
1241,01010011,111,000,0,0,"[49.38271604938271, 48.46822130772747, 41.7283950617284]","[1.0, 1.0, 1.0]",0.9,168.42148046537622,31.57851953462378
1242,10001011,111,000,0,0,"[48.46822130772747, 49.38271604938271, 41.7283950617284]","[1.0, 1.0, 1.0]",0.9,168.42148046537622,31.57851953462378
1243,00111010,111,000,0,0,"[51.51653711324493, 46.09053497942386, 41.9753086419753]","[1.0, 1.0, 1.0]",0.9,168.42486748293788,31.575132517062116
1244,11000110,111,000,0,0,"[46.09053497942386, 51.51653711324493, 41.9753086419753]","[1.0, 1.0, 1.0]",0.9,168.42486748293788,31.575132517062116
1245,00011011,111,000,0,0,"[51.821368693796664, 46.09053497942386, 41.7283950617284]","[1.0, 1.0, 1.0]",0.9,168.4892208166099,31.5107791833901
1246,11000011,111,000,0,0,"[46.09053497942386, 51.821368693796664, 41.7283950617284]","[1.0, 1.0, 1.0]",0.9,168.4892208166099,31.5107791833901
1247,01101110,111,000,0,0,"[48.83401920438958, 48.83401920438958, 41.9753086419753]","[1.0, 1.0, 1.0]",0.9,168.49260783417162,31.507392165828378
1248,11011111,101,001,1,0,"[46.09053497942386, 36.888888888888886, 39.55555555555556]","[1.0, 0.9, 1.0]",0.81,168.56170299242999,31.438297007570014
1249,11011111,110,010,1,0,"[46.09053497942386, 42.888888888888886, 33.55555555555556]","[1.0, 1.0, 0.9]",0.81,168.56170299242999,31.438297007570014
1250,11111011,011,001,1,0,"[36.888888888888886, 46.09053497942386, 39.55555555555556]","[0.9, 1.0, 1.0]",0.81,168.56170299242999,31.438297007570014
1251,11111011,110,100,1,0,"[42.888888888888886, 46.09053497942386, 33.55555555555556]","[1.0, 1.0, 0.9]",0.81,168.56170299242999,31.438297007570014
1252,10110111,111,000,1,0,"[48.01097393689986, 48.01097393689986, 41.7283950617284]","[1.0, 1.0, 1.0]",0.9,168.6114921505868,31.3885078494132
1253,01001111,111,001,1,0,"[49.38271604938271, 48.83401920438958, 39.55555555555556]","[1.0, 1.0, 1.0]",0.9,168.63587867703095,31.364121322969055
1254,01101011,111,001,1,0,"[48.83401920438958, 49.38271604938271, 39.55555555555556]","[1.0, 1.0, 1.0]",0.9,168.63587867703095,31.364121322969055
1255,10011100,111,000,1,0,"[48.46822130772747, 45.432098765432094, 43.8957475994513]","[1.0, 1.0, 1.0]",0.9,168.66229741401207,31.337702585987927
1256,10011101,111,000,1,0,"[48.46822130772747, 45.432098765432094, 43.895747599451305]","[1.0, 1.0, 1.0]",0.9,168.66229741401207,31.337702585987927
1257,11110000,111,000,1,0,"[45.432098765432094, 48.46822130772747, 43.8957475994513]","[1.0, 1.0, 1.0]",0.9,168.66229741401207,31.337702585987927
1258,11110001,111,000,1,0,"[45.432098765432094, 48.46822130772747, 43.895747599451305]","[1.0, 1.0, 1.0]",0.9,168.66229741401207,31.337702585987927
1259,01010010,111,000,0,0,"[49.38271604938271, 48.46822130772747, 41.9753086419753]","[1.0, 1.0, 1.0]",0.9,168.69582888787275,31.30417111212725
1260,10001010,111,000,0,0,"[48.46822130772747, 49.38271604938271, 41.9753086419753]","[1.0, 1.0, 1.0]",0.9,168.69582888787275,31.30417111212725
1261,00010011,111,001,0,0,"[51.821368693796664, 48.46822130772747, 39.55555555555556]","[1.0, 1.0, 1.0]",0.9,168.7168283967552,31.283171603244796
1262,10000011,111,001,0,0,"[48.46822130772747, 51.821368693796664, 39.55555555555556]","[1.0, 1.0, 1.0]",0.9,168.7168283967552,31.283171603244796
1263,00011010,111,000,0,0,"[51.821368693796664, 46.09053497942386, 41.9753086419753]","[1.0, 1.0, 1.0]",0.9,168.76356923910646,31.23643076089354
1264,11000010,111,000,0,0,"[46.09053497942386, 51.821368693796664, 41.9753086419753]","[1.0, 1.0, 1.0]",0.9,168.76356923910646,31.23643076089354
1265,00101111,111,001,0,0,"[51.51653711324493, 48.83401920438958, 39.55555555555556]","[1.0, 1.0, 1.0]",0.9,168.78456874798897,31.21543125201103
1266,01100111,111,001,0,0,"[48.83401920438958, 51.51653711324493, 39.55555555555556]","[1.0, 1.0, 1.0]",0.9,168.78456874798897,31.21543125201103
1267,10110100,111,000,0,0,"[48.01097393689986, 48.01097393689986, 43.8957475994513]","[1.0, 1.0, 1.0]",0.9,168.79743941472333,31.20256058527667
1268,10110101,111,000,0,0,"[48.01097393689986, 48.01097393689986, 43.895747599451305]","[1.0, 1.0, 1.0]",0.9,168.79743941472336,31.202560585276643
1269,01001111,111,000,0,0,"[49.38271604938271, 48.83401920438958, 41.7283950617284]","[1.0, 1.0, 1.0]",0.9,168.82792257277853,31.172077427221467
1270,01101011,111,000,0,0,"[48.83401920438958, 49.38271604938271, 41.7283950617284]","[1.0, 1.0, 1.0]",0.9,168.82792257277853,31.172077427221467
1271,10110110,111,000,1,0,"[48.01097393689986, 48.01097393689986, 41.9753086419753]","[1.0, 1.0, 1.0]",0.9,168.88584057308333,31.11415942691667
1272,10111000,111,000,1,0,"[48.01097393689986, 46.09053497942386, 43.8957475994513]","[1.0, 1.0, 1.0]",0.9,168.88584057308333,31.11415942691667
1273,10111001,111,000,1,0,"[48.01097393689986, 46.09053497942386, 43.895747599451305]","[1.0, 1.0, 1.0]",0.9,168.88584057308333,31.11415942691667
1274,11010100,111,000,1,0,"[46.09053497942386, 48.01097393689986, 43.8957475994513]","[1.0, 1.0, 1.0]",0.9,168.88584057308333,31.11415942691667
1275,11010101,111,000,1,0,"[46.09053497942386, 48.01097393689986, 43.895747599451305]","[1.0, 1.0, 1.0]",0.9,168.88584057308333,31.11415942691667
1276,01111100,111,000,1,0,"[48.83401920438958, 45.432098765432094, 43.8957475994513]","[1.0, 1.0, 1.0]",0.9,169.06873952141441,30.931260478585585
1277,01111101,111,000,1,0,"[48.83401920438958, 45.432098765432094, 43.895747599451305]","[1.0, 1.0, 1.0]",0.9,169.06873952141441,30.931260478585585
1278,11101100,111,000,1,0,"[45.432098765432094, 48.83401920438958, 43.8957475994513]","[1.0, 1.0, 1.0]",0.9,169.06873952141441,30.931260478585585
1279,11101101,111,000,1,0,"[45.432098765432094, 48.83401920438958, 43.895747599451305]","[1.0, 1.0, 1.0]",0.9,169.06873952141441,30.931260478585585
1280,01001110,111,000,0,0,"[49.38271604938271, 48.83401920438958, 41.9753086419753]","[1.0, 1.0, 1.0]",0.9,169.1022709952751,30.89772900472491
1281,01101010,111,000,0,0,"[48.83401920438958, 49.38271604938271, 41.9753086419753]","[1.0, 1.0, 1.0]",0.9,169.1022709952751,30.89772900472491
1282,10010111,111,000,1,0,"[48.46822130772747, 48.01097393689986, 41.7283950617284]","[1.0, 1.0, 1.0]",0.9,169.1195447848397,30.88045521516031
1283,10110011,111,000,1,0,"[48.01097393689986, 48.46822130772747, 41.7283950617284]","[1.0, 1.0, 1.0]",0.9,169.1195447848397,30.88045521516031
1284,00001111,111,001,0,0,"[51.821368693796664, 48.83401920438958, 39.55555555555556]","[1.0, 1.0, 1.0]",0.9,169.12327050415755,30.876729495842454
1285,01100011,111,001,0,0,"[48.83401920438958, 51.821368693796664, 39.55555555555556]","[1.0, 1.0, 1.0]",0.9,169.12327050415755,30.876729495842454
1286,00111100,111,010,1,0,"[51.51653711324493, 42.888888888888886, 43.8957475994513]","[1.0, 1.0, 1.0]",0.9,169.22352622398344,30.77647377601656
1287,00111101,111,010,1,0,"[51.51653711324493, 42.888888888888886, 43.895747599451305]","[1.0, 1.0, 1.0]",0.9,169.22352622398344,30.77647377601656
1288,11100100,111,100,1,0,"[42.888888888888886, 51.51653711324493, 43.8957475994513]","[1.0, 1.0, 1.0]",0.9,169.22352622398344,30.77647377601656
1289,11100101,111,100,1,0,"[42.888888888888886, 51.51653711324493, 43.895747599451305]","[1.0, 1.0, 1.0]",0.9,169.22352622398344,30.77647377601656
1290,01001011,111,001,1,0,"[49.38271604938271, 49.38271604938271, 39.55555555555556]","[1.0, 1.0, 1.0]",0.9,169.2455418381344,30.754458161865614
1291,11111111,011,010,0,0,"[36.888888888888886, 42.888888888888886, 41.7283950617284]","[0.9, 1.0, 1.0]",0.81,169.26688004877303,30.733119951226968
1292,11111111,101,100,0,0,"[42.888888888888886, 36.888888888888886, 41.7283950617284]","[1.0, 0.9, 1.0]",0.81,169.26688004877303,30.733119951226968
1293,10010100,111,000,0,0,"[48.46822130772747, 48.01097393689986, 43.8957475994513]","[1.0, 1.0, 1.0]",0.9,169.30549204897625,30.694507951023752
1294,10110000,111,000,0,0,"[48.01097393689986, 48.46822130772747, 43.8957475994513]","[1.0, 1.0, 1.0]",0.9,169.30549204897625,30.694507951023752
1295,10010101,111,000,0,0,"[48.46822130772747, 48.01097393689986, 43.895747599451305]","[1.0, 1.0, 1.0]",0.9,169.30549204897628,30.694507951023724
1296,10110001,111,000,0,0,"[48.01097393689986, 48.46822130772747, 43.895747599451305]","[1.0, 1.0, 1.0]",0.9,169.30549204897628,30.694507951023724
1297,10010110,111,000,1,0,"[48.46822130772747, 48.01097393689986, 41.9753086419753]","[1.0, 1.0, 1.0]",0.9,169.39389320733625,30.606106792663752
1298,10011000,111,000,1,0,"[48.46822130772747, 46.09053497942386, 43.8957475994513]","[1.0, 1.0, 1.0]",0.9,169.39389320733625,30.606106792663752
1299,10011001,111,000,1,0,"[48.46822130772747, 46.09053497942386, 43.895747599451305]","[1.0, 1.0, 1.0]",0.9,169.39389320733625,30.606106792663752
1300,10110010,111,000,1,0,"[48.01097393689986, 48.46822130772747, 41.9753086419753]","[1.0, 1.0, 1.0]",0.9,169.39389320733625,30.606106792663752
1301,11010000,111,000,1,0,"[46.09053497942386, 48.46822130772747, 43.8957475994513]","[1.0, 1.0, 1.0]",0.9,169.39389320733625,30.606106792663752
1302,11010001,111,000,1,0,"[46.09053497942386, 48.46822130772747, 43.895747599451305]","[1.0, 1.0, 1.0]",0.9,169.39389320733625,30.606106792663752
1303,00101011,111,001,0,0,"[51.51653711324493, 49.38271604938271, 39.55555555555556]","[1.0, 1.0, 1.0]",0.9,169.39423190909244,30.60576809090756
1304,01000111,111,001,0,0,"[49.38271604938271, 51.51653711324493, 39.55555555555556]","[1.0, 1.0, 1.0]",0.9,169.39423190909244,30.60576809090756
1305,01001011,111,000,0,0,"[49.38271604938271, 49.38271604938271, 41.7283950617284]","[1.0, 1.0, 1.0]",0.9,169.43758573388203,30.56241426611797
1306,01110111,111,000,1,0,"[48.83401920438958, 48.01097393689986, 41.7283950617284]","[1.0, 1.0, 1.0]",0.9,169.52598689224203,30.47401310775797
1307,10101111,111,000,1,0,"[48.01097393689986, 48.83401920438958, 41.7283950617284]","[1.0, 1.0, 1.0]",0.9,169.52598689224203,30.47401310775797
1308,00011100,111,010,1,0,"[51.821368693796664, 42.888888888888886, 43.8957475994513]","[1.0, 1.0, 1.0]",0.9,169.56222798015204,30.437772019847955
1309,11100000,111,100,1,0,"[42.888888888888886, 51.821368693796664, 43.8957475994513]","[1.0, 1.0, 1.0]",0.9,169.56222798015204,30.437772019847955
1310,00011101,111,010,1,0,"[51.821368693796664, 42.888888888888886, 43.895747599451305]","[1.0, 1.0, 1.0]",0.9,169.56222798015207,30.437772019847927
1311,11100001,111,100,1,0,"[42.888888888888886, 51.821368693796664, 43.895747599451305]","[1.0, 1.0, 1.0]",0.9,169.56222798015207,30.437772019847927
1312,11111110,011,010,0,0,"[36.888888888888886, 42.888888888888886, 41.9753086419753]","[0.9, 1.0, 1.0]",0.81,169.57171162932474,30.42828837067526
1313,11111110,101,100,0,0,"[42.888888888888886, 36.888888888888886, 41.9753086419753]","[1.0, 0.9, 1.0]",0.81,169.57171162932474,30.42828837067526
1314,10010011,111,000,1,0,"[48.46822130772747, 48.46822130772747, 41.7283950617284]","[1.0, 1.0, 1.0]",0.9,169.62759741909258,30.37240258090742
1315,00111111,111,000,1,0,"[51.51653711324493, 45.432098765432094, 41.7283950617284]","[1.0, 1.0, 1.0]",0.9,169.64114548933935,30.35885451066065
1316,11100111,111,000,1,0,"[45.432098765432094, 51.51653711324493, 41.7283950617284]","[1.0, 1.0, 1.0]",0.9,169.64114548933935,30.35885451066065
1317,01011100,111,000,1,0,"[49.38271604938271, 45.432098765432094, 43.8957475994513]","[1.0, 1.0, 1.0]",0.9,169.67840268251788,30.321597317482116
1318,11101000,111,000,1,0,"[45.432098765432094, 49.38271604938271, 43.8957475994513]","[1.0, 1.0, 1.0]",0.9,169.67840268251788,30.321597317482116
1319,01011101,111,000,1,0,"[49.38271604938271, 45.432098765432094, 43.895747599451305]","[1.0, 1.0, 1.0]",0.9,169.6784026825179,30.321597317482087
1320,11101001,111,000,1,0,"[45.432098765432094, 49.38271604938271, 43.895747599451305]","[1.0, 1.0, 1.0]",0.9,169.6784026825179,30.321597317482087
1321,01001010,111,000,0,0,"[49.38271604938271, 49.38271604938271, 41.9753086419753]","[1.0, 1.0, 1.0]",0.9,169.71193415637856,30.28806584362144
1322,01110100,111,000,0,0,"[48.83401920438958, 48.01097393689986, 43.8957475994513]","[1.0, 1.0, 1.0]",0.9,169.7119341563786,30.28806584362141
1323,01110101,111,000,0,0,"[48.83401920438958, 48.01097393689986, 43.895747599451305]","[1.0, 1.0, 1.0]",0.9,169.7119341563786,30.28806584362141
1324,10101100,111,000,0,0,"[48.01097393689986, 48.83401920438958, 43.8957475994513]","[1.0, 1.0, 1.0]",0.9,169.7119341563786,30.28806584362141
1325,10101101,111,000,0,0,"[48.01097393689986, 48.83401920438958, 43.895747599451305]","[1.0, 1.0, 1.0]",0.9,169.7119341563786,30.28806584362141
1326,11111111,011,001,0,0,"[36.888888888888886, 45.432098765432094, 39.55555555555556]","[0.9, 1.0, 1.0]",0.81,169.72412741960065,30.27587258039935
1327,11111111,101,001,0,0,"[45.432098765432094, 36.888888888888886, 39.55555555555556]","[1.0, 0.9, 1.0]",0.81,169.72412741960065,30.27587258039935
1328,11111111,110,010,0,0,"[45.432098765432094, 42.888888888888886, 33.55555555555556]","[1.0, 1.0, 0.9]",0.81,169.72412741960065,30.27587258039935
1329,11111111,110,100,0,0,"[42.888888888888886, 45.432098765432094, 33.55555555555556]","[1.0, 1.0, 0.9]",0.81,169.72412741960065,30.27587258039935
1330,00001011,111,001,0,0,"[51.821368693796664, 49.38271604938271, 39.55555555555556]","[1.0, 1.0, 1.0]",0.9,169.73293366526102,30.267066334738985
1331,01000011,111,001,0,0,"[49.38271604938271, 51.821368693796664, 39.55555555555556]","[1.0, 1.0, 1.0]",0.9,169.73293366526102,30.267066334738985
1332,01110110,111,000,1,0,"[48.83401920438958, 48.01097393689986, 41.9753086419753]","[1.0, 1.0, 1.0]",0.9,169.8003353147386,30.19966468526141
1333,01111000,111,000,1,0,"[48.83401920438958, 46.09053497942386, 43.8957475994513]","[1.0, 1.0, 1.0]",0.9,169.8003353147386,30.19966468526141
1334,01111001,111,000,1,0,"[48.83401920438958, 46.09053497942386, 43.895747599451305]","[1.0, 1.0, 1.0]",0.9,169.8003353147386,30.19966468526141
1335,10101110,111,000,1,0,"[48.01097393689986, 48.83401920438958, 41.9753086419753]","[1.0, 1.0, 1.0]",0.9,169.8003353147386,30.19966468526141
1336,11001100,111,000,1,0,"[46.09053497942386, 48.83401920438958, 43.8957475994513]","[1.0, 1.0, 1.0]",0.9,169.8003353147386,30.19966468526141
1337,11001101,111,000,1,0,"[46.09053497942386, 48.83401920438958, 43.895747599451305]","[1.0, 1.0, 1.0]",0.9,169.8003353147386,30.19966468526141
1338,10010000,111,000,0,0,"[48.46822130772747, 48.46822130772747, 43.8957475994513]","[1.0, 1.0, 1.0]",0.9,169.81354468322914,30.18645531677086
1339,10010001,111,000,0,0,"[48.46822130772747, 48.46822130772747, 43.895747599451305]","[1.0, 1.0, 1.0]",0.9,169.81354468322914,30.18645531677086
1340,00111100,111,000,0,0,"[51.51653711324493, 45.432098765432094, 43.8957475994513]","[1.0, 1.0, 1.0]",0.9,169.8270927534759,30.17290724652409
1341,00111101,111,000,0,0,"[51.51653711324493, 45.432098765432094, 43.895747599451305]","[1.0, 1.0, 1.0]",0.9,169.8270927534759,30.17290724652409
1342,11100100,111,000,0,0,"[45.432098765432094, 51.51653711324493, 43.8957475994513]","[1.0, 1.0, 1.0]",0.9,169.8270927534759,30.17290724652409
1343,11100101,111,000,0,0,"[45.432098765432094, 51.51653711324493, 43.895747599451305]","[1.0, 1.0, 1.0]",0.9,169.8270927534759,30.17290724652409
1344,10010010,111,000,1,0,"[48.46822130772747, 48.46822130772747, 41.9753086419753]","[1.0, 1.0, 1.0]",0.9,169.90194584158914,30.09805415841086
1345,00111110,111,000,1,0,"[51.51653711324493, 45.432098765432094, 41.9753086419753]","[1.0, 1.0, 1.0]",0.9,169.9154939118359,30.08450608816409
1346,11100110,111,000,1,0,"[45.432098765432094, 51.51653711324493, 41.9753086419753]","[1.0, 1.0, 1.0]",0.9,169.9154939118359,30.08450608816409
1347,11111100,011,010,1,0,"[36.888888888888886, 42.888888888888886, 43.8957475994513]","[0.9, 1.0, 1.0]",0.81,169.96731528052968,30.032684719470325
1348,11111100,101,100,1,0,"[42.888888888888886, 36.888888888888886, 43.8957475994513]","[1.0, 0.9, 1.0]",0.81,169.96731528052968,30.032684719470325
1349,11111101,011,010,1,0,"[36.888888888888886, 42.888888888888886, 43.895747599451305]","[0.9, 1.0, 1.0]",0.81,169.96731528052973,30.032684719470268
1350,11111101,101,100,1,0,"[42.888888888888886, 36.888888888888886, 43.895747599451305]","[1.0, 0.9, 1.0]",0.81,169.96731528052973,30.032684719470268
1351,00011111,111,000,1,0,"[51.821368693796664, 45.432098765432094, 41.7283950617284]","[1.0, 1.0, 1.0]",0.9,169.97984724550795,30.020152754492045
1352,11100011,111,000,1,0,"[45.432098765432094, 51.821368693796664, 41.7283950617284]","[1.0, 1.0, 1.0]",0.9,169.97984724550795,30.020152754492045
1353,01110011,111,000,1,0,"[48.83401920438958, 48.46822130772747, 41.7283950617284]","[1.0, 1.0, 1.0]",0.9,170.03403952649492,29.965960473505078
1354,10001111,111,000,1,0,"[48.46822130772747, 48.83401920438958, 41.7283950617284]","[1.0, 1.0, 1.0]",0.9,170.03403952649492,29.965960473505078
1355,00110111,111,001,1,0,"[51.51653711324493, 48.01097393689986, 39.55555555555556]","[1.0, 1.0, 1.0]",0.9,170.09229622855594,29.907703771444062
1356,10100111,111,001,1,0,"[48.01097393689986, 51.51653711324493, 39.55555555555556]","[1.0, 1.0, 1.0]",0.9,170.09229622855594,29.907703771444062
1357,01010111,111,000,1,0,"[49.38271604938271, 48.01097393689986, 41.7283950617284]","[1.0, 1.0, 1.0]",0.9,170.13565005334553,29.86434994665447
1358,10101011,111,000,1,0,"[48.01097393689986, 49.38271604938271, 41.7283950617284]","[1.0, 1.0, 1.0]",0.9,170.13565005334553,29.86434994665447
1359,00011100,111,000,0,0,"[51.821368693796664, 45.432098765432094, 43.8957475994513]","[1.0, 1.0, 1.0]",0.9,170.1657945096445,29.834205490355487
1360,00011101,111,000,0,0,"[51.821368693796664, 45.432098765432094, 43.895747599451305]","[1.0, 1.0, 1.0]",0.9,170.1657945096445,29.834205490355487
1361,11100000,111,000,0,0,"[45.432098765432094, 51.821368693796664, 43.8957475994513]","[1.0, 1.0, 1.0]",0.9,170.1657945096445,29.834205490355487
1362,11100001,111,000,0,0,"[45.432098765432094, 51.821368693796664, 43.895747599451305]","[1.0, 1.0, 1.0]",0.9,170.1657945096445,29.834205490355487
1363,01110000,111,000,0,0,"[48.83401920438958, 48.46822130772747, 43.8957475994513]","[1.0, 1.0, 1.0]",0.9,170.2199867906315,29.78001320936849
1364,01110001,111,000,0,0,"[48.83401920438958, 48.46822130772747, 43.895747599451305]","[1.0, 1.0, 1.0]",0.9,170.2199867906315,29.78001320936849
1365,10001100,111,000,0,0,"[48.46822130772747, 48.83401920438958, 43.8957475994513]","[1.0, 1.0, 1.0]",0.9,170.2199867906315,29.78001320936849
1366,10001101,111,000,0,0,"[48.46822130772747, 48.83401920438958, 43.895747599451305]","[1.0, 1.0, 1.0]",0.9,170.2199867906315,29.78001320936849
1367,00011110,111,000,1,0,"[51.821368693796664, 45.432098765432094, 41.9753086419753]","[1.0, 1.0, 1.0]",0.9,170.2541956680045,29.745804331995487
1368,11100010,111,000,1,0,"[45.432098765432094, 51.821368693796664, 41.9753086419753]","[1.0, 1.0, 1.0]",0.9,170.2541956680045,29.745804331995487
1369,00110111,111,000,0,0,"[51.51653711324493, 48.01097393689986, 41.7283950617284]","[1.0, 1.0, 1.0]",0.9,170.28434012430353,29.715659875696474
1370,10100111,111,000,0,0,"[48.01097393689986, 51.51653711324493, 41.7283950617284]","[1.0, 1.0, 1.0]",0.9,170.28434012430353,29.715659875696474
1371,01110010,111,000,1,0,"[48.83401920438958, 48.46822130772747, 41.9753086419753]","[1.0, 1.0, 1.0]",0.9,170.3083879489915,29.69161205100849
1372,10001110,111,000,1,0,"[48.46822130772747, 48.83401920438958, 41.9753086419753]","[1.0, 1.0, 1.0]",0.9,170.3083879489915,29.69161205100849
1373,01010100,111,000,0,0,"[49.38271604938271, 48.01097393689986, 43.8957475994513]","[1.0, 1.0, 1.0]",0.9,170.3215973174821,29.678402682517913
1374,01010101,111,000,0,0,"[49.38271604938271, 48.01097393689986, 43.895747599451305]","[1.0, 1.0, 1.0]",0.9,170.3215973174821,29.678402682517913
1375,10101000,111,000,0,0,"[48.01097393689986, 49.38271604938271, 43.8957475994513]","[1.0, 1.0, 1.0]",0.9,170.3215973174821,29.678402682517913
1376,10101001,111,000,0,0,"[48.01097393689986, 49.38271604938271, 43.895747599451305]","[1.0, 1.0, 1.0]",0.9,170.3215973174821,29.678402682517913
1377,00111011,111,000,1,0,"[51.51653711324493, 46.09053497942386, 41.7283950617284]","[1.0, 1.0, 1.0]",0.9,170.37274128266353,29.627258717336474
1378,11000111,111,000,1,0,"[46.09053497942386, 51.51653711324493, 41.7283950617284]","[1.0, 1.0, 1.0]",0.9,170.37274128266353,29.627258717336474
1379,01011000,111,000,1,0,"[49.38271604938271, 46.09053497942386, 43.8957475994513]","[1.0, 1.0, 1.0]",0.9,170.40999847584206,29.59000152415794
1380,11001000,111,000,1,0,"[46.09053497942386, 49.38271604938271, 43.8957475994513]","[1.0, 1.0, 1.0]",0.9,170.40999847584206,29.59000152415794
1381,01010110,111,000,1,0,"[49.38271604938271, 48.01097393689986, 41.9753086419753]","[1.0, 1.0, 1.0]",0.9,170.4099984758421,29.590001524157913
1382,01011001,111,000,1,0,"[49.38271604938271, 46.09053497942386, 43.895747599451305]","[1.0, 1.0, 1.0]",0.9,170.4099984758421,29.590001524157913
1383,10101010,111,000,1,0,"[48.01097393689986, 49.38271604938271, 41.9753086419753]","[1.0, 1.0, 1.0]",0.9,170.4099984758421,29.590001524157913
1384,11001001,111,000,1,0,"[46.09053497942386, 49.38271604938271, 43.895747599451305]","[1.0, 1.0, 1.0]",0.9,170.4099984758421,29.590001524157913
1385,00010111,111,001,1,0,"[51.821368693796664, 48.01097393689986, 39.55555555555556]","[1.0, 1.0, 1.0]",0.9,170.4309979847245,29.569002015275487
1386,10100011,111,001,1,0,"[48.01097393689986, 51.821368693796664, 39.55555555555556]","[1.0, 1.0, 1.0]",0.9,170.4309979847245,29.569002015275487
1387,11111111,011,000,1,0,"[36.888888888888886, 45.432098765432094, 41.7283950617284]","[0.9, 1.0, 1.0]",0.81,170.43133668648068,29.568663313519323
1388,11111111,101,000,1,0,"[45.432098765432094, 36.888888888888886, 41.7283950617284]","[1.0, 0.9, 1.0]",0.81,170.43133668648068,29.568663313519323
1389,01101111,111,000,1,0,"[48.83401920438958, 48.83401920438958, 41.7283950617284]","[1.0, 1.0, 1.0]",0.9,170.4404816338973,29.559518366102708
1390,11011111,101,001,0,0,"[46.09053497942386, 36.888888888888886, 39.55555555555556]","[1.0, 0.9, 1.0]",0.81,170.53701163440527,29.462988365594725
1391,11011111,110,010,0,0,"[46.09053497942386, 42.888888888888886, 33.55555555555556]","[1.0, 1.0, 0.9]",0.81,170.53701163440527,29.462988365594725
1392,11111011,011,001,0,0,"[36.888888888888886, 46.09053497942386, 39.55555555555556]","[0.9, 1.0, 1.0]",0.81,170.53701163440527,29.462988365594725
1393,11111011,110,100,0,0,"[42.888888888888886, 46.09053497942386, 33.55555555555556]","[1.0, 1.0, 0.9]",0.81,170.53701163440527,29.462988365594725
1394,00110110,111,000,0,0,"[51.51653711324493, 48.01097393689986, 41.9753086419753]","[1.0, 1.0, 1.0]",0.9,170.55868854680008,29.441311453199916
1395,00111000,111,000,0,0,"[51.51653711324493, 46.09053497942386, 43.8957475994513]","[1.0, 1.0, 1.0]",0.9,170.55868854680008,29.441311453199916
1396,00111001,111,000,0,0,"[51.51653711324493, 46.09053497942386, 43.895747599451305]","[1.0, 1.0, 1.0]",0.9,170.55868854680008,29.441311453199916
1397,10100110,111,000,0,0,"[48.01097393689986, 51.51653711324493, 41.9753086419753]","[1.0, 1.0, 1.0]",0.9,170.55868854680008,29.441311453199916
1398,11000100,111,000,0,0,"[46.09053497942386, 51.51653711324493, 43.8957475994513]","[1.0, 1.0, 1.0]",0.9,170.55868854680008,29.441311453199916
1399,11000101,111,000,0,0,"[46.09053497942386, 51.51653711324493, 43.895747599451305]","[1.0, 1.0, 1.0]",0.9,170.55868854680008,29.441311453199916
1400,00110011,111,001,1,0,"[51.51653711324493, 48.46822130772747, 39.55555555555556]","[1.0, 1.0, 1.0]",0.9,170.60034886280883,29.39965113719117
1401,10000111,111,001,1,0,"[48.46822130772747, 51.51653711324493, 39.55555555555556]","[1.0, 1.0, 1.0]",0.9,170.60034886280883,29.39965113719117
1402,00010111,111,000,0,0,"[51.821368693796664, 48.01097393689986, 41.7283950617284]","[1.0, 1.0, 1.0]",0.9,170.62304188047216,29.376958119527842
1403,10100011,111,000,0,0,"[48.01097393689986, 51.821368693796664, 41.7283950617284]","[1.0, 1.0, 1.0]",0.9,170.62304188047216,29.376958119527842
1404,01101100,111,000,0,0,"[48.83401920438958, 48.83401920438958, 43.8957475994513]","[1.0, 1.0, 1.0]",0.9,170.62642889803385,29.37357110196615
1405,01101101,111,000,0,0,"[48.83401920438958, 48.83401920438958, 43.895747599451305]","[1.0, 1.0, 1.0]",0.9,170.62642889803385,29.37357110196615
1406,01010011,111,000,1,0,"[49.38271604938271, 48.46822130772747, 41.7283950617284]","[1.0, 1.0, 1.0]",0.9,170.64370268759842,29.35629731240158
1407,10001011,111,000,1,0,"[48.46822130772747, 49.38271604938271, 41.7283950617284]","[1.0, 1.0, 1.0]",0.9,170.64370268759842,29.35629731240158
1408,00111010,111,000,1,0,"[51.51653711324493, 46.09053497942386, 41.9753086419753]","[1.0, 1.0, 1.0]",0.9,170.64708970516008,29.352910294839916
1409,11000110,111,000,1,0,"[46.09053497942386, 51.51653711324493, 41.9753086419753]","[1.0, 1.0, 1.0]",0.9,170.64708970516008,29.352910294839916
1410,00011011,111,000,1,0,"[51.821368693796664, 46.09053497942386, 41.7283950617284]","[1.0, 1.0, 1.0]",0.9,170.71144303883213,29.28855696116787
1411,11000011,111,000,1,0,"[46.09053497942386, 51.821368693796664, 41.7283950617284]","[1.0, 1.0, 1.0]",0.9,170.71144303883213,29.28855696116787
1412,01101110,111,000,1,0,"[48.83401920438958, 48.83401920438958, 41.9753086419753]","[1.0, 1.0, 1.0]",0.9,170.71483005639385,29.28516994360615
1413,11111110,011,000,1,0,"[36.888888888888886, 45.432098765432094, 41.9753086419753]","[0.9, 1.0, 1.0]",0.81,170.73616826703244,29.26383173296756
1414,11111110,101,000,1,0,"[45.432098765432094, 36.888888888888886, 41.9753086419753]","[1.0, 0.9, 1.0]",0.81,170.73616826703244,29.26383173296756
1415,00110011,111,000,0,0,"[51.51653711324493, 48.46822130772747, 41.7283950617284]","[1.0, 1.0, 1.0]",0.9,170.79239275855642,29.207607241443583
1416,10000111,111,000,0,0,"[48.46822130772747, 51.51653711324493, 41.7283950617284]","[1.0, 1.0, 1.0]",0.9,170.79239275855642,29.207607241443583
1417,01010000,111,000,0,0,"[49.38271604938271, 48.46822130772747, 43.8957475994513]","[1.0, 1.0, 1.0]",0.9,170.82964995173495,29.17035004826505
1418,01010001,111,000,0,0,"[49.38271604938271, 48.46822130772747, 43.895747599451305]","[1.0, 1.0, 1.0]",0.9,170.82964995173495,29.17035004826505
1419,10001000,111,000,0,0,"[48.46822130772747, 49.38271604938271, 43.8957475994513]","[1.0, 1.0, 1.0]",0.9,170.82964995173495,29.17035004826505
1420,10001001,111,000,0,0,"[48.46822130772747, 49.38271604938271, 43.895747599451305]","[1.0, 1.0, 1.0]",0.9,170.82964995173495,29.17035004826505
1421,11111111,110,000,1,0,"[45.432098765432094, 45.432098765432094, 33.55555555555556]","[1.0, 1.0, 0.9]",0.81,170.88858405730832,29.11141594269168
1422,00010110,111,000,0,0,"[51.821368693796664, 48.01097393689986, 41.9753086419753]","[1.0, 1.0, 1.0]",0.9,170.8973903029687,29.102609697031312
1423,00011000,111,000,0,0,"[51.821368693796664, 46.09053497942386, 43.8957475994513]","[1.0, 1.0, 1.0]",0.9,170.8973903029687,29.102609697031312
1424,00011001,111,000,0,0,"[51.821368693796664, 46.09053497942386, 43.895747599451305]","[1.0, 1.0, 1.0]",0.9,170.8973903029687,29.102609697031312
1425,10100010,111,000,0,0,"[48.01097393689986, 51.821368693796664, 41.9753086419753]","[1.0, 1.0, 1.0]",0.9,170.8973903029687,29.102609697031312
1426,11000000,111,000,0,0,"[46.09053497942386, 51.821368693796664, 43.8957475994513]","[1.0, 1.0, 1.0]",0.9,170.8973903029687,29.102609697031312
1427,11000001,111,000,0,0,"[46.09053497942386, 51.821368693796664, 43.895747599451305]","[1.0, 1.0, 1.0]",0.9,170.8973903029687,29.102609697031312
1428,01010010,111,000,1,0,"[49.38271604938271, 48.46822130772747, 41.9753086419753]","[1.0, 1.0, 1.0]",0.9,170.91805111009498,29.08194888990502
1429,10001010,111,000,1,0,"[48.46822130772747, 49.38271604938271, 41.9753086419753]","[1.0, 1.0, 1.0]",0.9,170.91805111009498,29.08194888990502
1430,10111111,101,001,1,0,"[48.01097393689986, 36.888888888888886, 39.55555555555556]","[1.0, 0.9, 1.0]",0.81,170.93261528561027,29.067384714389732
1431,10111111,110,010,1,0,"[48.01097393689986, 42.888888888888886, 33.55555555555556]","[1.0, 1.0, 0.9]",0.81,170.93261528561027,29.067384714389732
1432,11110111,011,001,1,0,"[36.888888888888886, 48.01097393689986, 39.55555555555556]","[0.9, 1.0, 1.0]",0.81,170.93261528561027,29.067384714389732
1433,11110111,110,100,1,0,"[42.888888888888886, 48.01097393689986, 33.55555555555556]","[1.0, 1.0, 0.9]",0.81,170.93261528561027,29.067384714389732
1434,00010011,111,001,1,0,"[51.821368693796664, 48.46822130772747, 39.55555555555556]","[1.0, 1.0, 1.0]",0.9,170.93905061897743,29.060949381022567
1435,10000011,111,001,1,0,"[48.46822130772747, 51.821368693796664, 39.55555555555556]","[1.0, 1.0, 1.0]",0.9,170.93905061897743,29.060949381022567
1436,00011010,111,000,1,0,"[51.821368693796664, 46.09053497942386, 41.9753086419753]","[1.0, 1.0, 1.0]",0.9,170.9857914613287,29.014208538671312
1437,11000010,111,000,1,0,"[46.09053497942386, 51.821368693796664, 41.9753086419753]","[1.0, 1.0, 1.0]",0.9,170.9857914613287,29.014208538671312
1438,00101111,111,001,1,0,"[51.51653711324493, 48.83401920438958, 39.55555555555556]","[1.0, 1.0, 1.0]",0.9,171.0067909702112,28.9932090297888
1439,01100111,111,001,1,0,"[48.83401920438958, 51.51653711324493, 39.55555555555556]","[1.0, 1.0, 1.0]",0.9,171.0067909702112,28.9932090297888
1440,10110100,111,000,1,0,"[48.01097393689986, 48.01097393689986, 43.8957475994513]","[1.0, 1.0, 1.0]",0.9,171.01966163694556,28.980338363054443
1441,10110101,111,000,1,0,"[48.01097393689986, 48.01097393689986, 43.895747599451305]","[1.0, 1.0, 1.0]",0.9,171.01966163694559,28.980338363054415
1442,01001111,111,000,1,0,"[49.38271604938271, 48.83401920438958, 41.7283950617284]","[1.0, 1.0, 1.0]",0.9,171.05014479500076,28.94985520499924
1443,01101011,111,000,1,0,"[48.83401920438958, 49.38271604938271, 41.7283950617284]","[1.0, 1.0, 1.0]",0.9,171.05014479500076,28.94985520499924
1444,00110010,111,000,0,0,"[51.51653711324493, 48.46822130772747, 41.9753086419753]","[1.0, 1.0, 1.0]",0.9,171.066741181053,28.933258818946996
1445,10000110,111,000,0,0,"[48.46822130772747, 51.51653711324493, 41.9753086419753]","[1.0, 1.0, 1.0]",0.9,171.066741181053,28.933258818946996
1446,00010011,111,000,0,0,"[51.821368693796664, 48.46822130772747, 41.7283950617284]","[1.0, 1.0, 1.0]",0.9,171.13109451472502,28.86890548527498
1447,10000011,111,000,0,0,"[48.46822130772747, 51.821368693796664, 41.7283950617284]","[1.0, 1.0, 1.0]",0.9,171.13109451472502,28.86890548527498
1448,00101111,111,000,0,0,"[51.51653711324493, 48.83401920438958, 41.7283950617284]","[1.0, 1.0, 1.0]",0.9,171.1988348659588,28.801165134041213
1449,01100111,111,000,0,0,"[48.83401920438958, 51.51653711324493, 41.7283950617284]","[1.0, 1.0, 1.0]",0.9,171.1988348659588,28.801165134041213
1450,01001100,111,000,0,0,"[49.38271604938271, 48.83401920438958, 43.8957475994513]","[1.0, 1.0, 1.0]",0.9,171.23609205913732,28.76390794086268
1451,01001101,111,000,0,0,"[49.38271604938271, 48.83401920438958, 43.895747599451305]","[1.0, 1.0, 1.0]",0.9,171.23609205913732,28.76390794086268
1452,01101000,111,000,0,0,"[48.83401920438958, 49.38271604938271, 43.8957475994513]","[1.0, 1.0, 1.0]",0.9,171.23609205913732,28.76390794086268
1453,01101001,111,000,0,0,"[48.83401920438958, 49.38271604938271, 43.895747599451305]","[1.0, 1.0, 1.0]",0.9,171.23609205913732,28.76390794086268
1454,11011111,101,000,1,0,"[46.09053497942386, 36.888888888888886, 41.7283950617284]","[1.0, 0.9, 1.0]",0.81,171.24422090128533,28.75577909871467
1455,11111011,011,000,1,0,"[36.888888888888886, 46.09053497942386, 41.7283950617284]","[0.9, 1.0, 1.0]",0.81,171.24422090128533,28.75577909871467
1456,01001110,111,000,1,0,"[49.38271604938271, 48.83401920438958, 41.9753086419753]","[1.0, 1.0, 1.0]",0.9,171.32449321749732,28.67550678250268
1457,01101010,111,000,1,0,"[48.83401920438958, 49.38271604938271, 41.9753086419753]","[1.0, 1.0, 1.0]",0.9,171.32449321749732,28.67550678250268
1458,00001111,111,001,1,0,"[51.821368693796664, 48.83401920438958, 39.55555555555556]","[1.0, 1.0, 1.0]",0.9,171.34549272637977,28.654507273620226
1459,01100011,111,001,1,0,"[48.83401920438958, 51.821368693796664, 39.55555555555556]","[1.0, 1.0, 1.0]",0.9,171.34549272637977,28.654507273620226
1460,00010010,111,000,0,0,"[51.821368693796664, 48.46822130772747, 41.9753086419753]","[1.0, 1.0, 1.0]",0.9,171.40544293722158,28.59455706277842
1461,10000010,111,000,0,0,"[48.46822130772747, 51.821368693796664, 41.9753086419753]","[1.0, 1.0, 1.0]",0.9,171.40544293722158,28.59455706277842
1462,00101110,111,000,0,0,"[51.51653711324493, 48.83401920438958, 41.9753086419753]","[1.0, 1.0, 1.0]",0.9,171.47318328845535,28.526816711544654
1463,01100110,111,000,0,0,"[48.83401920438958, 51.51653711324493, 41.9753086419753]","[1.0, 1.0, 1.0]",0.9,171.47318328845535,28.526816711544654
1464,10011111,101,001,1,0,"[48.46822130772747, 36.888888888888886, 39.55555555555556]","[1.0, 0.9, 1.0]",0.81,171.4971182125579,28.502881787442107
1465,10011111,110,010,1,0,"[48.46822130772747, 42.888888888888886, 33.55555555555556]","[1.0, 1.0, 0.9]",0.81,171.4971182125579,28.502881787442107
1466,11110011,011,001,1,0,"[36.888888888888886, 48.46822130772747, 39.55555555555556]","[0.9, 1.0, 1.0]",0.81,171.4971182125579,28.502881787442107
1467,11110011,110,100,1,0,"[42.888888888888886, 48.46822130772747, 33.55555555555556]","[1.0, 1.0, 0.9]",0.81,171.4971182125579,28.502881787442107
1468,10010100,111,000,1,0,"[48.46822130772747, 48.01097393689986, 43.8957475994513]","[1.0, 1.0, 1.0]",0.9,171.52771427119845,28.472285728801552
1469,10110000,111,000,1,0,"[48.01097393689986, 48.46822130772747, 43.8957475994513]","[1.0, 1.0, 1.0]",0.9,171.52771427119845,28.472285728801552
1470,10010101,111,000,1,0,"[48.46822130772747, 48.01097393689986, 43.895747599451305]","[1.0, 1.0, 1.0]",0.9,171.5277142711985,28.472285728801495
1471,10110001,111,000,1,0,"[48.01097393689986, 48.46822130772747, 43.895747599451305]","[1.0, 1.0, 1.0]",0.9,171.5277142711985,28.472285728801495
1472,00001111,111,000,0,0,"[51.821368693796664, 48.83401920438958, 41.7283950617284]","[1.0, 1.0, 1.0]",0.9,171.53753662212736,28.462463377872638
1473,01100011,111,000,0,0,"[48.83401920438958, 51.821368693796664, 41.7283950617284]","[1.0, 1.0, 1.0]",0.9,171.53753662212736,28.462463377872638
1474,11011110,101,000,1,0,"[46.09053497942386, 36.888888888888886, 41.9753086419753]","[1.0, 0.9, 1.0]",0.81,171.54905248183707,28.450947518162934
1475,11111010,011,000,1,0,"[36.888888888888886, 46.09053497942386, 41.9753086419753]","[0.9, 1.0, 1.0]",0.81,171.54905248183707,28.450947518162934
1476,00101011,111,001,1,0,"[51.51653711324493, 49.38271604938271, 39.55555555555556]","[1.0, 1.0, 1.0]",0.9,171.61645413131464,28.38354586868536
1477,01000111,111,001,1,0,"[49.38271604938271, 51.51653711324493, 39.55555555555556]","[1.0, 1.0, 1.0]",0.9,171.61645413131464,28.38354586868536
1478,01001011,111,000,1,0,"[49.38271604938271, 49.38271604938271, 41.7283950617284]","[1.0, 1.0, 1.0]",0.9,171.65980795610423,28.34019204389577
1479,11011111,110,000,1,0,"[46.09053497942386, 45.432098765432094, 33.55555555555556]","[1.0, 1.0, 0.9]",0.81,171.70146827211298,28.298531727887024
1480,11111011,110,000,1,0,"[45.432098765432094, 46.09053497942386, 33.55555555555556]","[1.0, 1.0, 0.9]",0.81,171.70146827211298,28.298531727887024
1481,00100111,111,001,0,0,"[51.51653711324493, 51.51653711324493, 39.55555555555556]","[1.0, 1.0, 1.0]",0.9,171.7651442022727,28.234855797727306
1482,00101011,111,000,0,0,"[51.51653711324493, 49.38271604938271, 41.7283950617284]","[1.0, 1.0, 1.0]",0.9,171.80849802706229,28.191501972937715
1483,01000111,111,000,0,0,"[49.38271604938271, 51.51653711324493, 41.7283950617284]","[1.0, 1.0, 1.0]",0.9,171.80849802706229,28.191501972937715
1484,00001110,111,000,0,0,"[51.821368693796664, 48.83401920438958, 41.9753086419753]","[1.0, 1.0, 1.0]",0.9,171.81188504462395,28.18811495537605
1485,01100010,111,000,0,0,"[48.83401920438958, 51.821368693796664, 41.9753086419753]","[1.0, 1.0, 1.0]",0.9,171.81188504462395,28.18811495537605
1486,01001000,111,000,0,0,"[49.38271604938271, 49.38271604938271, 43.8957475994513]","[1.0, 1.0, 1.0]",0.9,171.84575522024076,28.15424477975924
1487,01001001,111,000,0,0,"[49.38271604938271, 49.38271604938271, 43.895747599451305]","[1.0, 1.0, 1.0]",0.9,171.84575522024082,28.154244779759182
1488,01001010,111,000,1,0,"[49.38271604938271, 49.38271604938271, 41.9753086419753]","[1.0, 1.0, 1.0]",0.9,171.9341563786008,28.06584362139921
1489,01110100,111,000,1,0,"[48.83401920438958, 48.01097393689986, 43.8957475994513]","[1.0, 1.0, 1.0]",0.9,171.93415637860082,28.065843621399182
1490,01110101,111,000,1,0,"[48.83401920438958, 48.01097393689986, 43.895747599451305]","[1.0, 1.0, 1.0]",0.9,171.93415637860082,28.065843621399182
1491,10101100,111,000,1,0,"[48.01097393689986, 48.83401920438958, 43.8957475994513]","[1.0, 1.0, 1.0]",0.9,171.93415637860082,28.065843621399182
1492,10101101,111,000,1,0,"[48.01097393689986, 48.83401920438958, 43.895747599451305]","[1.0, 1.0, 1.0]",0.9,171.93415637860082,28.065843621399182
1493,11111100,011,010,0,0,"[36.888888888888886, 42.888888888888886, 43.8957475994513]","[0.9, 1.0, 1.0]",0.81,171.942623922505,28.057376077495007
1494,11111100,101,100,0,0,"[42.888888888888886, 36.888888888888886, 43.8957475994513]","[1.0, 0.9, 1.0]",0.81,171.942623922505,28.057376077495007
1495,11111101,011,010,0,0,"[36.888888888888886, 42.888888888888886, 43.895747599451305]","[0.9, 1.0, 1.0]",0.81,171.94262392250502,28.05737607749498
1496,11111101,101,100,0,0,"[42.888888888888886, 36.888888888888886, 43.895747599451305]","[1.0, 0.9, 1.0]",0.81,171.94262392250502,28.05737607749498
1497,01111111,101,001,1,0,"[48.83401920438958, 36.888888888888886, 39.55555555555556]","[1.0, 0.9, 1.0]",0.81,171.94872055411605,28.05127944588395
1498,01111111,110,010,1,0,"[48.83401920438958, 42.888888888888886, 33.55555555555556]","[1.0, 1.0, 0.9]",0.81,171.94872055411605,28.05127944588395
1499,11101111,011,001,1,0,"[36.888888888888886, 48.83401920438958, 39.55555555555556]","[0.9, 1.0, 1.0]",0.81,171.94872055411605,28.05127944588395
1500,11101111,110,100,1,0,"[42.888888888888886, 48.83401920438958, 33.55555555555556]","[1.0, 1.0, 0.9]",0.81,171.94872055411605,28.05127944588395
1501,00001011,111,001,1,0,"[51.821368693796664, 49.38271604938271, 39.55555555555556]","[1.0, 1.0, 1.0]",0.9,171.95515588748324,28.044844112516756
1502,01000011,111,001,1,0,"[49.38271604938271, 51.821368693796664, 39.55555555555556]","[1.0, 1.0, 1.0]",0.9,171.95515588748324,28.044844112516756
1503,10010000,111,000,1,0,"[48.46822130772747, 48.46822130772747, 43.8957475994513]","[1.0, 1.0, 1.0]",0.9,172.03576690545137,27.964233094548632
1504,10010001,111,000,1,0,"[48.46822130772747, 48.46822130772747, 43.895747599451305]","[1.0, 1.0, 1.0]",0.9,172.03576690545137,27.964233094548632
1505,00111100,111,000,1,0,"[51.51653711324493, 45.432098765432094, 43.8957475994513]","[1.0, 1.0, 1.0]",0.9,172.04931497569814,27.950685024301862
1506,00111101,111,000,1,0,"[51.51653711324493, 45.432098765432094, 43.895747599451305]","[1.0, 1.0, 1.0]",0.9,172.04931497569814,27.950685024301862
1507,11100100,111,000,1,0,"[45.432098765432094, 51.51653711324493, 43.8957475994513]","[1.0, 1.0, 1.0]",0.9,172.04931497569814,27.950685024301862
1508,11100101,111,000,1,0,"[45.432098765432094, 51.51653711324493, 43.895747599451305]","[1.0, 1.0, 1.0]",0.9,172.04931497569814,27.950685024301862
1509,00101010,111,000,0,0,"[51.51653711324493, 49.38271604938271, 41.9753086419753]","[1.0, 1.0, 1.0]",0.9,172.08284644955882,27.917153550441185
1510,01000110,111,000,0,0,"[49.38271604938271, 51.51653711324493, 41.9753086419753]","[1.0, 1.0, 1.0]",0.9,172.08284644955882,27.917153550441185
1511,00000111,111,001,0,0,"[51.821368693796664, 51.51653711324493, 39.55555555555556]","[1.0, 1.0, 1.0]",0.9,172.10384595844127,27.89615404155873
1512,00100011,111,001,0,0,"[51.51653711324493, 51.821368693796664, 39.55555555555556]","[1.0, 1.0, 1.0]",0.9,172.10384595844127,27.89615404155873
1513,00001011,111,000,0,0,"[51.821368693796664, 49.38271604938271, 41.7283950617284]","[1.0, 1.0, 1.0]",0.9,172.14719978323083,27.852800216769168
1514,01000011,111,000,0,0,"[49.38271604938271, 51.821368693796664, 41.7283950617284]","[1.0, 1.0, 1.0]",0.9,172.14719978323083,27.852800216769168
1515,00011100,111,000,1,0,"[51.821368693796664, 45.432098765432094, 43.8957475994513]","[1.0, 1.0, 1.0]",0.9,172.3880167318667,27.611983268133287
1516,00011101,111,000,1,0,"[51.821368693796664, 45.432098765432094, 43.895747599451305]","[1.0, 1.0, 1.0]",0.9,172.3880167318667,27.611983268133287
1517,11100000,111,000,1,0,"[45.432098765432094, 51.821368693796664, 43.8957475994513]","[1.0, 1.0, 1.0]",0.9,172.3880167318667,27.611983268133287
1518,11100001,111,000,1,0,"[45.432098765432094, 51.821368693796664, 43.895747599451305]","[1.0, 1.0, 1.0]",0.9,172.3880167318667,27.611983268133287
1519,11111111,011,000,0,0,"[36.888888888888886, 45.432098765432094, 41.7283950617284]","[0.9, 1.0, 1.0]",0.81,172.406645328456,27.593354671544006
1520,11111111,101,000,0,0,"[45.432098765432094, 36.888888888888886, 41.7283950617284]","[1.0, 0.9, 1.0]",0.81,172.406645328456,27.593354671544006
1521,00001010,111,000,0,0,"[51.821368693796664, 49.38271604938271, 41.9753086419753]","[1.0, 1.0, 1.0]",0.9,172.42154820572742,27.57845179427258
1522,01000010,111,000,0,0,"[49.38271604938271, 51.821368693796664, 41.9753086419753]","[1.0, 1.0, 1.0]",0.9,172.42154820572742,27.57845179427258
1523,01110000,111,000,1,0,"[48.83401920438958, 48.46822130772747, 43.8957475994513]","[1.0, 1.0, 1.0]",0.9,172.4422090128537,27.55779098714629
1524,01110001,111,000,1,0,"[48.83401920438958, 48.46822130772747, 43.895747599451305]","[1.0, 1.0, 1.0]",0.9,172.4422090128537,27.55779098714629
1525,10001100,111,000,1,0,"[48.46822130772747, 48.83401920438958, 43.8957475994513]","[1.0, 1.0, 1.0]",0.9,172.4422090128537,27.55779098714629
1526,10001101,111,000,1,0,"[48.46822130772747, 48.83401920438958, 43.895747599451305]","[1.0, 1.0, 1.0]",0.9,172.4422090128537,27.55779098714629
1527,00000011,111,001,0,0,"[51.821368693796664, 51.821368693796664, 39.55555555555556]","[1.0, 1.0, 1.0]",0.9,172.44254771460987,27.557452285390127
1528,00110111,111,000,1,0,"[51.51653711324493, 48.01097393689986, 41.7283950617284]","[1.0, 1.0, 1.0]",0.9,172.50656234652575,27.493437653474246
1529,10100111,111,000,1,0,"[48.01097393689986, 51.51653711324493, 41.7283950617284]","[1.0, 1.0, 1.0]",0.9,172.50656234652575,27.493437653474246
1530,11011011,110,000,1,0,"[46.09053497942386, 46.09053497942386, 33.55555555555556]","[1.0, 1.0, 0.9]",0.81,172.5143524869176,27.485647513082398
1531,01010100,111,000,1,0,"[49.38271604938271, 48.01097393689986, 43.8957475994513]","[1.0, 1.0, 1.0]",0.9,172.54381953970432,27.456180460295684
1532,01010101,111,000,1,0,"[49.38271604938271, 48.01097393689986, 43.895747599451305]","[1.0, 1.0, 1.0]",0.9,172.54381953970432,27.456180460295684
1533,10101000,111,000,1,0,"[48.01097393689986, 49.38271604938271, 43.8957475994513]","[1.0, 1.0, 1.0]",0.9,172.54381953970432,27.456180460295684
1534,10101001,111,000,1,0,"[48.01097393689986, 49.38271604938271, 43.895747599451305]","[1.0, 1.0, 1.0]",0.9,172.54381953970432,27.456180460295684
1535,01011111,101,001,1,0,"[49.38271604938271, 36.888888888888886, 39.55555555555556]","[1.0, 0.9, 1.0]",0.81,172.62612406645326,27.373875933546742
1536,01011111,110,010,1,0,"[49.38271604938271, 42.888888888888886, 33.55555555555556]","[1.0, 1.0, 0.9]",0.81,172.62612406645326,27.373875933546742
1537,11101011,011,001,1,0,"[36.888888888888886, 49.38271604938271, 39.55555555555556]","[0.9, 1.0, 1.0]",0.81,172.62612406645326,27.373875933546742
1538,11101011,110,100,1,0,"[42.888888888888886, 49.38271604938271, 33.55555555555556]","[1.0, 1.0, 0.9]",0.81,172.62612406645326,27.373875933546742
1539,00110100,111,000,0,0,"[51.51653711324493, 48.01097393689986, 43.8957475994513]","[1.0, 1.0, 1.0]",0.9,172.6925096106623,27.307490389337687
1540,10100100,111,000,0,0,"[48.01097393689986, 51.51653711324493, 43.8957475994513]","[1.0, 1.0, 1.0]",0.9,172.6925096106623,27.307490389337687
1541,00110101,111,000,0,0,"[51.51653711324493, 48.01097393689986, 43.895747599451305]","[1.0, 1.0, 1.0]",0.9,172.69250961066234,27.30749038933766
1542,10100101,111,000,0,0,"[48.01097393689986, 51.51653711324493, 43.895747599451305]","[1.0, 1.0, 1.0]",0.9,172.69250961066234,27.30749038933766
1543,11111110,011,000,0,0,"[36.888888888888886, 45.432098765432094, 41.9753086419753]","[0.9, 1.0, 1.0]",0.81,172.71147690900773,27.28852309099227
1544,11111110,101,000,0,0,"[45.432098765432094, 36.888888888888886, 41.9753086419753]","[1.0, 0.9, 1.0]",0.81,172.71147690900773,27.28852309099227
1545,00110110,111,000,1,0,"[51.51653711324493, 48.01097393689986, 41.9753086419753]","[1.0, 1.0, 1.0]",0.9,172.7809107690223,27.219089230977687
1546,00111000,111,000,1,0,"[51.51653711324493, 46.09053497942386, 43.8957475994513]","[1.0, 1.0, 1.0]",0.9,172.7809107690223,27.219089230977687
1547,00111001,111,000,1,0,"[51.51653711324493, 46.09053497942386, 43.895747599451305]","[1.0, 1.0, 1.0]",0.9,172.7809107690223,27.219089230977687
1548,10100110,111,000,1,0,"[48.01097393689986, 51.51653711324493, 41.9753086419753]","[1.0, 1.0, 1.0]",0.9,172.7809107690223,27.219089230977687
1549,11000100,111,000,1,0,"[46.09053497942386, 51.51653711324493, 43.8957475994513]","[1.0, 1.0, 1.0]",0.9,172.7809107690223,27.219089230977687
1550,11000101,111,000,1,0,"[46.09053497942386, 51.51653711324493, 43.895747599451305]","[1.0, 1.0, 1.0]",0.9,172.7809107690223,27.219089230977687
1551,00010111,111,000,1,0,"[51.821368693796664, 48.01097393689986, 41.7283950617284]","[1.0, 1.0, 1.0]",0.9,172.84526410269436,27.154735897305642
1552,10100011,111,000,1,0,"[48.01097393689986, 51.821368693796664, 41.7283950617284]","[1.0, 1.0, 1.0]",0.9,172.84526410269436,27.154735897305642
1553,01101100,111,000,1,0,"[48.83401920438958, 48.83401920438958, 43.8957475994513]","[1.0, 1.0, 1.0]",0.9,172.84865112025608,27.15134887974392
1554,01101101,111,000,1,0,"[48.83401920438958, 48.83401920438958, 43.895747599451305]","[1.0, 1.0, 1.0]",0.9,172.84865112025608,27.15134887974392
1555,11111111,110,000,0,0,"[45.432098765432094, 45.432098765432094, 33.55555555555556]","[1.0, 1.0, 0.9]",0.81,172.8638926992836,27.13610730071639
1556,10111111,101,001,0,0,"[48.01097393689986, 36.888888888888886, 39.55555555555556]","[1.0, 0.9, 1.0]",0.81,172.90792392758556,27.092076072414443
1557,10111111,110,010,0,0,"[48.01097393689986, 42.888888888888886, 33.55555555555556]","[1.0, 1.0, 0.9]",0.81,172.90792392758556,27.092076072414443
1558,11110111,011,001,0,0,"[36.888888888888886, 48.01097393689986, 39.55555555555556]","[0.9, 1.0, 1.0]",0.81,172.90792392758556,27.092076072414443
1559,11110111,110,100,0,0,"[42.888888888888886, 48.01097393689986, 33.55555555555556]","[1.0, 1.0, 0.9]",0.81,172.90792392758556,27.092076072414443
1560,00110011,111,000,1,0,"[51.51653711324493, 48.46822130772747, 41.7283950617284]","[1.0, 1.0, 1.0]",0.9,173.01461498077865,26.985385019221354
1561,10000111,111,000,1,0,"[48.46822130772747, 51.51653711324493, 41.7283950617284]","[1.0, 1.0, 1.0]",0.9,173.01461498077865,26.985385019221354
1562,00010100,111,000,0,0,"[51.821368693796664, 48.01097393689986, 43.8957475994513]","[1.0, 1.0, 1.0]",0.9,173.0312113668309,26.968788633169112
1563,00010101,111,000,0,0,"[51.821368693796664, 48.01097393689986, 43.895747599451305]","[1.0, 1.0, 1.0]",0.9,173.0312113668309,26.968788633169112
1564,10100000,111,000,0,0,"[48.01097393689986, 51.821368693796664, 43.8957475994513]","[1.0, 1.0, 1.0]",0.9,173.0312113668309,26.968788633169112
1565,10100001,111,000,0,0,"[48.01097393689986, 51.821368693796664, 43.895747599451305]","[1.0, 1.0, 1.0]",0.9,173.0312113668309,26.968788633169112
1566,01010000,111,000,1,0,"[49.38271604938271, 48.46822130772747, 43.8957475994513]","[1.0, 1.0, 1.0]",0.9,173.05187217395718,26.94812782604282
1567,01010001,111,000,1,0,"[49.38271604938271, 48.46822130772747, 43.895747599451305]","[1.0, 1.0, 1.0]",0.9,173.05187217395718,26.94812782604282
1568,10001000,111,000,1,0,"[48.46822130772747, 49.38271604938271, 43.8957475994513]","[1.0, 1.0, 1.0]",0.9,173.05187217395718,26.94812782604282
1569,10001001,111,000,1,0,"[48.46822130772747, 49.38271604938271, 43.895747599451305]","[1.0, 1.0, 1.0]",0.9,173.05187217395718,26.94812782604282
1570,11111100,011,000,1,0,"[36.888888888888886, 45.432098765432094, 43.8957475994513]","[0.9, 1.0, 1.0]",0.81,173.10708056021267,26.892919439787335
1571,11111100,101,000,1,0,"[45.432098765432094, 36.888888888888886, 43.8957475994513]","[1.0, 0.9, 1.0]",0.81,173.10708056021267,26.892919439787335
1572,11111101,011,000,1,0,"[36.888888888888886, 45.432098765432094, 43.895747599451305]","[0.9, 1.0, 1.0]",0.81,173.1070805602127,26.892919439787306
1573,11111101,101,000,1,0,"[45.432098765432094, 36.888888888888886, 43.895747599451305]","[1.0, 0.9, 1.0]",0.81,173.1070805602127,26.892919439787306
1574,00010110,111,000,1,0,"[51.821368693796664, 48.01097393689986, 41.9753086419753]","[1.0, 1.0, 1.0]",0.9,173.11961252519092,26.880387474809083
1575,00011000,111,000,1,0,"[51.821368693796664, 46.09053497942386, 43.8957475994513]","[1.0, 1.0, 1.0]",0.9,173.11961252519092,26.880387474809083
1576,00011001,111,000,1,0,"[51.821368693796664, 46.09053497942386, 43.895747599451305]","[1.0, 1.0, 1.0]",0.9,173.11961252519092,26.880387474809083
1577,10100010,111,000,1,0,"[48.01097393689986, 51.821368693796664, 41.9753086419753]","[1.0, 1.0, 1.0]",0.9,173.11961252519092,26.880387474809083
1578,11000000,111,000,1,0,"[46.09053497942386, 51.821368693796664, 43.8957475994513]","[1.0, 1.0, 1.0]",0.9,173.11961252519092,26.880387474809083
1579,11000001,111,000,1,0,"[46.09053497942386, 51.821368693796664, 43.895747599451305]","[1.0, 1.0, 1.0]",0.9,173.11961252519092,26.880387474809083
1580,00110000,111,000,0,0,"[51.51653711324493, 48.46822130772747, 43.8957475994513]","[1.0, 1.0, 1.0]",0.9,173.2005622449152,26.799437755084796
1581,00110001,111,000,0,0,"[51.51653711324493, 48.46822130772747, 43.895747599451305]","[1.0, 1.0, 1.0]",0.9,173.2005622449152,26.799437755084796
1582,10000100,111,000,0,0,"[48.46822130772747, 51.51653711324493, 43.8957475994513]","[1.0, 1.0, 1.0]",0.9,173.2005622449152,26.799437755084796
1583,10000101,111,000,0,0,"[48.46822130772747, 51.51653711324493, 43.895747599451305]","[1.0, 1.0, 1.0]",0.9,173.2005622449152,26.799437755084796
1584,11011111,101,000,0,0,"[46.09053497942386, 36.888888888888886, 41.7283950617284]","[1.0, 0.9, 1.0]",0.81,173.21952954326062,26.78047045673938
1585,11111011,011,000,0,0,"[36.888888888888886, 46.09053497942386, 41.7283950617284]","[0.9, 1.0, 1.0]",0.81,173.21952954326062,26.78047045673938
1586,00110010,111,000,1,0,"[51.51653711324493, 48.46822130772747, 41.9753086419753]","[1.0, 1.0, 1.0]",0.9,173.28896340327523,26.711036596724767
1587,10000110,111,000,1,0,"[48.46822130772747, 51.51653711324493, 41.9753086419753]","[1.0, 1.0, 1.0]",0.9,173.28896340327523,26.711036596724767
1588,00010011,111,000,1,0,"[51.821368693796664, 48.46822130772747, 41.7283950617284]","[1.0, 1.0, 1.0]",0.9,173.35331673694725,26.64668326305275
1589,10000011,111,000,1,0,"[48.46822130772747, 51.821368693796664, 41.7283950617284]","[1.0, 1.0, 1.0]",0.9,173.35331673694725,26.64668326305275
1590,00101111,111,000,1,0,"[51.51653711324493, 48.83401920438958, 41.7283950617284]","[1.0, 1.0, 1.0]",0.9,173.42105708818102,26.578942911818984
1591,01100111,111,000,1,0,"[48.83401920438958, 51.51653711324493, 41.7283950617284]","[1.0, 1.0, 1.0]",0.9,173.42105708818102,26.578942911818984
1592,01001100,111,000,1,0,"[49.38271604938271, 48.83401920438958, 43.8957475994513]","[1.0, 1.0, 1.0]",0.9,173.45831428135952,26.54168571864048
1593,01001101,111,000,1,0,"[49.38271604938271, 48.83401920438958, 43.895747599451305]","[1.0, 1.0, 1.0]",0.9,173.45831428135952,26.54168571864048
1594,01101000,111,000,1,0,"[48.83401920438958, 49.38271604938271, 43.8957475994513]","[1.0, 1.0, 1.0]",0.9,173.45831428135952,26.54168571864048
1595,01101001,111,000,1,0,"[48.83401920438958, 49.38271604938271, 43.895747599451305]","[1.0, 1.0, 1.0]",0.9,173.45831428135952,26.54168571864048
1596,10011111,101,001,0,0,"[48.46822130772747, 36.888888888888886, 39.55555555555556]","[1.0, 0.9, 1.0]",0.81,173.47242685453318,26.527573145466818
1597,10011111,110,010,0,0,"[48.46822130772747, 42.888888888888886, 33.55555555555556]","[1.0, 1.0, 0.9]",0.81,173.47242685453318,26.527573145466818
1598,11110011,011,001,0,0,"[36.888888888888886, 48.46822130772747, 39.55555555555556]","[0.9, 1.0, 1.0]",0.81,173.47242685453318,26.527573145466818
1599,11110011,110,100,0,0,"[42.888888888888886, 48.46822130772747, 33.55555555555556]","[1.0, 1.0, 0.9]",0.81,173.47242685453318,26.527573145466818
1600,11011110,101,000,0,0,"[46.09053497942386, 36.888888888888886, 41.9753086419753]","[1.0, 0.9, 1.0]",0.81,173.52436112381238,26.475638876187617
1601,11111010,011,000,0,0,"[36.888888888888886, 46.09053497942386, 41.9753086419753]","[0.9, 1.0, 1.0]",0.81,173.52436112381238,26.475638876187617
1602,00010000,111,000,0,0,"[51.821368693796664, 48.46822130772747, 43.8957475994513]","[1.0, 1.0, 1.0]",0.9,173.5392640010838,26.460735998916192
1603,00010001,111,000,0,0,"[51.821368693796664, 48.46822130772747, 43.895747599451305]","[1.0, 1.0, 1.0]",0.9,173.5392640010838,26.460735998916192
1604,10000000,111,000,0,0,"[48.46822130772747, 51.821368693796664, 43.8957475994513]","[1.0, 1.0, 1.0]",0.9,173.5392640010838,26.460735998916192
1605,10000001,111,000,0,0,"[48.46822130772747, 51.821368693796664, 43.895747599451305]","[1.0, 1.0, 1.0]",0.9,173.5392640010838,26.460735998916192
1606,00101100,111,000,0,0,"[51.51653711324493, 48.83401920438958, 43.8957475994513]","[1.0, 1.0, 1.0]",0.9,173.60700435231757,26.392995647682426
1607,00101101,111,000,0,0,"[51.51653711324493, 48.83401920438958, 43.895747599451305]","[1.0, 1.0, 1.0]",0.9,173.60700435231757,26.392995647682426
1608,01100100,111,000,0,0,"[48.83401920438958, 51.51653711324493, 43.8957475994513]","[1.0, 1.0, 1.0]",0.9,173.60700435231757,26.392995647682426
1609,01100101,111,000,0,0,"[48.83401920438958, 51.51653711324493, 43.895747599451305]","[1.0, 1.0, 1.0]",0.9,173.60700435231757,26.392995647682426
1610,10111111,101,000,1,0,"[48.01097393689986, 36.888888888888886, 41.7283950617284]","[1.0, 0.9, 1.0]",0.81,173.6151331944656,26.384866805534386
1611,11110111,011,000,1,0,"[36.888888888888886, 48.01097393689986, 41.7283950617284]","[0.9, 1.0, 1.0]",0.81,173.6151331944656,26.384866805534386
1612,00010010,111,000,1,0,"[51.821368693796664, 48.46822130772747, 41.9753086419753]","[1.0, 1.0, 1.0]",0.9,173.6276651594438,26.372334840556192
1613,10000010,111,000,1,0,"[48.46822130772747, 51.821368693796664, 41.9753086419753]","[1.0, 1.0, 1.0]",0.9,173.6276651594438,26.372334840556192
1614,11011111,110,000,0,0,"[46.09053497942386, 45.432098765432094, 33.55555555555556]","[1.0, 1.0, 0.9]",0.81,173.67677691408826,26.323223085911735
1615,11111011,110,000,0,0,"[45.432098765432094, 46.09053497942386, 33.55555555555556]","[1.0, 1.0, 0.9]",0.81,173.67677691408826,26.323223085911735
1616,00101110,111,000,1,0,"[51.51653711324493, 48.83401920438958, 41.9753086419753]","[1.0, 1.0, 1.0]",0.9,173.69540551067757,26.304594489322426
1617,01100110,111,000,1,0,"[48.83401920438958, 51.51653711324493, 41.9753086419753]","[1.0, 1.0, 1.0]",0.9,173.69540551067757,26.304594489322426
1618,00001111,111,000,1,0,"[51.821368693796664, 48.83401920438958, 41.7283950617284]","[1.0, 1.0, 1.0]",0.9,173.7597588443496,26.24024115565041
1619,01100011,111,000,1,0,"[48.83401920438958, 51.821368693796664, 41.7283950617284]","[1.0, 1.0, 1.0]",0.9,173.7597588443496,26.24024115565041
1620,11011100,101,000,1,0,"[46.09053497942386, 36.888888888888886, 43.8957475994513]","[1.0, 0.9, 1.0]",0.81,173.91996477501732,26.08003522498268
1621,11111000,011,000,1,0,"[36.888888888888886, 46.09053497942386, 43.8957475994513]","[0.9, 1.0, 1.0]",0.81,173.91996477501732,26.08003522498268
1622,10111110,101,000,1,0,"[48.01097393689986, 36.888888888888886, 41.9753086419753]","[1.0, 0.9, 1.0]",0.81,173.91996477501735,26.08003522498265
1623,11011101,101,000,1,0,"[46.09053497942386, 36.888888888888886, 43.895747599451305]","[1.0, 0.9, 1.0]",0.81,173.91996477501735,26.08003522498265
1624,11110110,011,000,1,0,"[36.888888888888886, 48.01097393689986, 41.9753086419753]","[0.9, 1.0, 1.0]",0.81,173.91996477501735,26.08003522498265
1625,11111001,011,000,1,0,"[36.888888888888886, 46.09053497942386, 43.895747599451305]","[0.9, 1.0, 1.0]",0.81,173.91996477501735,26.08003522498265
1626,01111111,101,001,0,0,"[48.83401920438958, 36.888888888888886, 39.55555555555556]","[1.0, 0.9, 1.0]",0.81,173.92402919609137,26.075970803908632
1627,01111111,110,010,0,0,"[48.83401920438958, 42.888888888888886, 33.55555555555556]","[1.0, 1.0, 0.9]",0.81,173.92402919609137,26.075970803908632
1628,11101111,011,001,0,0,"[36.888888888888886, 48.83401920438958, 39.55555555555556]","[0.9, 1.0, 1.0]",0.81,173.92402919609137,26.075970803908632
1629,11101111,110,100,0,0,"[42.888888888888886, 48.83401920438958, 33.55555555555556]","[1.0, 1.0, 0.9]",0.81,173.92402919609137,26.075970803908632
1630,00001100,111,000,0,0,"[51.821368693796664, 48.83401920438958, 43.8957475994513]","[1.0, 1.0, 1.0]",0.9,173.94570610848615,26.05429389151385
1631,00001101,111,000,0,0,"[51.821368693796664, 48.83401920438958, 43.895747599451305]","[1.0, 1.0, 1.0]",0.9,173.94570610848615,26.05429389151385
1632,01100000,111,000,0,0,"[48.83401920438958, 51.821368693796664, 43.8957475994513]","[1.0, 1.0, 1.0]",0.9,173.94570610848615,26.05429389151385
1633,01100001,111,000,0,0,"[48.83401920438958, 51.821368693796664, 43.895747599451305]","[1.0, 1.0, 1.0]",0.9,173.94570610848615,26.05429389151385
1634,00100111,111,001,1,0,"[51.51653711324493, 51.51653711324493, 39.55555555555556]","[1.0, 1.0, 1.0]",0.9,173.9873664244949,26.012633575505106
1635,00101011,111,000,1,0,"[51.51653711324493, 49.38271604938271, 41.7283950617284]","[1.0, 1.0, 1.0]",0.9,174.03072024928449,25.969279750715515
1636,01000111,111,000,1,0,"[49.38271604938271, 51.51653711324493, 41.7283950617284]","[1.0, 1.0, 1.0]",0.9,174.03072024928449,25.969279750715515
1637,00001110,111,000,1,0,"[51.821368693796664, 48.83401920438958, 41.9753086419753]","[1.0, 1.0, 1.0]",0.9,174.03410726684618,25.965892733153822
1638,01100010,111,000,1,0,"[48.83401920438958, 51.821368693796664, 41.9753086419753]","[1.0, 1.0, 1.0]",0.9,174.03410726684618,25.965892733153822
1639,01001000,111,000,1,0,"[49.38271604938271, 49.38271604938271, 43.8957475994513]","[1.0, 1.0, 1.0]",0.9,174.067977442463,25.93202255753701
1640,01001001,111,000,1,0,"[49.38271604938271, 49.38271604938271, 43.895747599451305]","[1.0, 1.0, 1.0]",0.9,174.06797744246302,25.932022557536982
1641,10111111,110,000,1,0,"[48.01097393689986, 45.432098765432094, 33.55555555555556]","[1.0, 1.0, 0.9]",0.81,174.0723805652932,25.9276194347068
1642,11110111,110,000,1,0,"[45.432098765432094, 48.01097393689986, 33.55555555555556]","[1.0, 1.0, 0.9]",0.81,174.0723805652932,25.9276194347068
1643,00100111,111,000,0,0,"[51.51653711324493, 51.51653711324493, 41.7283950617284]","[1.0, 1.0, 1.0]",0.9,174.1794103202425,25.82058967975749
1644,10011111,101,000,1,0,"[48.46822130772747, 36.888888888888886, 41.7283950617284]","[1.0, 0.9, 1.0]",0.81,174.17963612141327,25.820363878586733
1645,11110011,011,000,1,0,"[36.888888888888886, 48.46822130772747, 41.7283950617284]","[0.9, 1.0, 1.0]",0.81,174.17963612141327,25.820363878586733
1646,00101000,111,000,0,0,"[51.51653711324493, 49.38271604938271, 43.8957475994513]","[1.0, 1.0, 1.0]",0.9,174.21666751342102,25.783332486578985
1647,00101001,111,000,0,0,"[51.51653711324493, 49.38271604938271, 43.895747599451305]","[1.0, 1.0, 1.0]",0.9,174.21666751342102,25.783332486578985
1648,01000100,111,000,0,0,"[49.38271604938271, 51.51653711324493, 43.8957475994513]","[1.0, 1.0, 1.0]",0.9,174.21666751342102,25.783332486578985
1649,01000101,111,000,0,0,"[49.38271604938271, 51.51653711324493, 43.895747599451305]","[1.0, 1.0, 1.0]",0.9,174.21666751342102,25.783332486578985
1650,00101010,111,000,1,0,"[51.51653711324493, 49.38271604938271, 41.9753086419753]","[1.0, 1.0, 1.0]",0.9,174.30506867178104,25.694931328218956
1651,01000110,111,000,1,0,"[49.38271604938271, 51.51653711324493, 41.9753086419753]","[1.0, 1.0, 1.0]",0.9,174.30506867178104,25.694931328218956
1652,00000111,111,001,1,0,"[51.821368693796664, 51.51653711324493, 39.55555555555556]","[1.0, 1.0, 1.0]",0.9,174.3260681806635,25.673931819336502
1653,00100011,111,001,1,0,"[51.51653711324493, 51.821368693796664, 39.55555555555556]","[1.0, 1.0, 1.0]",0.9,174.3260681806635,25.673931819336502
1654,00001011,111,000,1,0,"[51.821368693796664, 49.38271604938271, 41.7283950617284]","[1.0, 1.0, 1.0]",0.9,174.36942200545306,25.63057799454694
1655,01000011,111,000,1,0,"[49.38271604938271, 51.821368693796664, 41.7283950617284]","[1.0, 1.0, 1.0]",0.9,174.36942200545306,25.63057799454694
1656,00100110,111,000,0,0,"[51.51653711324493, 51.51653711324493, 41.9753086419753]","[1.0, 1.0, 1.0]",0.9,174.45375874273907,25.54624125726093
1657,10011110,101,000,1,0,"[48.46822130772747, 36.888888888888886, 41.9753086419753]","[1.0, 0.9, 1.0]",0.81,174.484467701965,25.515532298034998
1658,11110010,011,000,1,0,"[36.888888888888886, 48.46822130772747, 41.9753086419753]","[0.9, 1.0, 1.0]",0.81,174.484467701965,25.515532298034998
1659,11011011,110,000,0,0,"[46.09053497942386, 46.09053497942386, 33.55555555555556]","[1.0, 1.0, 0.9]",0.81,174.48966112889292,25.51033887110708
1660,00000111,111,000,0,0,"[51.821368693796664, 51.51653711324493, 41.7283950617284]","[1.0, 1.0, 1.0]",0.9,174.5181120764111,25.481887923588914
1661,00100011,111,000,0,0,"[51.51653711324493, 51.821368693796664, 41.7283950617284]","[1.0, 1.0, 1.0]",0.9,174.5181120764111,25.481887923588914
1662,00001000,111,000,0,0,"[51.821368693796664, 49.38271604938271, 43.8957475994513]","[1.0, 1.0, 1.0]",0.9,174.55536926958962,25.44463073041038
1663,01000000,111,000,0,0,"[49.38271604938271, 51.821368693796664, 43.8957475994513]","[1.0, 1.0, 1.0]",0.9,174.55536926958962,25.44463073041038
1664,00001001,111,000,0,0,"[51.821368693796664, 49.38271604938271, 43.895747599451305]","[1.0, 1.0, 1.0]",0.9,174.55536926958965,25.444630730410353
1665,01000001,111,000,0,0,"[49.38271604938271, 51.821368693796664, 43.895747599451305]","[1.0, 1.0, 1.0]",0.9,174.55536926958965,25.444630730410353
1666,01011111,101,001,0,0,"[49.38271604938271, 36.888888888888886, 39.55555555555556]","[1.0, 0.9, 1.0]",0.81,174.60143270842855,25.398567291571453
1667,01011111,110,010,0,0,"[49.38271604938271, 42.888888888888886, 33.55555555555556]","[1.0, 1.0, 0.9]",0.81,174.60143270842855,25.398567291571453
1668,11101011,011,001,0,0,"[36.888888888888886, 49.38271604938271, 39.55555555555556]","[0.9, 1.0, 1.0]",0.81,174.60143270842855,25.398567291571453
1669,11101011,110,100,0,0,"[42.888888888888886, 49.38271604938271, 33.55555555555556]","[1.0, 1.0, 0.9]",0.81,174.60143270842855,25.398567291571453
1670,01111111,101,000,1,0,"[48.83401920438958, 36.888888888888886, 41.7283950617284]","[1.0, 0.9, 1.0]",0.81,174.63123846297142,25.368761537028576
1671,11101111,011,000,1,0,"[36.888888888888886, 48.83401920438958, 41.7283950617284]","[0.9, 1.0, 1.0]",0.81,174.63123846297142,25.368761537028576
1672,10011111,110,000,1,0,"[48.46822130772747, 45.432098765432094, 33.55555555555556]","[1.0, 1.0, 0.9]",0.81,174.63688349224088,25.363116507759116
1673,11110011,110,000,1,0,"[45.432098765432094, 48.46822130772747, 33.55555555555556]","[1.0, 1.0, 0.9]",0.81,174.63688349224088,25.363116507759116
1674,00001010,111,000,1,0,"[51.821368693796664, 49.38271604938271, 41.9753086419753]","[1.0, 1.0, 1.0]",0.9,174.64377042794962,25.35622957205038
1675,01000010,111,000,1,0,"[49.38271604938271, 51.821368693796664, 41.9753086419753]","[1.0, 1.0, 1.0]",0.9,174.64377042794962,25.35622957205038
1676,00000011,111,001,1,0,"[51.821368693796664, 51.821368693796664, 39.55555555555556]","[1.0, 1.0, 1.0]",0.9,174.6647699368321,25.3352300631679
1677,11111111,001,001,1,0,"[36.888888888888886, 36.888888888888886, 39.55555555555556]","[0.9, 0.9, 1.0]",0.7290000000000001,174.66849565614996,25.331504343850042
1678,11111111,010,010,1,0,"[36.888888888888886, 42.888888888888886, 33.55555555555556]","[0.9, 1.0, 0.9]",0.7290000000000001,174.66849565614996,25.331504343850042
1679,11111111,100,100,1,0,"[42.888888888888886, 36.888888888888886, 33.55555555555556]","[1.0, 0.9, 0.9]",0.7290000000000001,174.66849565614996,25.331504343850042
1680,00000110,111,000,0,0,"[51.821368693796664, 51.51653711324493, 41.9753086419753]","[1.0, 1.0, 1.0]",0.9,174.79246049890767,25.207539501092327
1681,00100010,111,000,0,0,"[51.51653711324493, 51.821368693796664, 41.9753086419753]","[1.0, 1.0, 1.0]",0.9,174.79246049890767,25.207539501092327
1682,00000011,111,000,0,0,"[51.821368693796664, 51.821368693796664, 41.7283950617284]","[1.0, 1.0, 1.0]",0.9,174.8568138325797,25.14318616742031
1683,10111011,110,000,1,0,"[48.01097393689986, 46.09053497942386, 33.55555555555556]","[1.0, 1.0, 0.9]",0.81,174.88526478009786,25.114735219902144
1684,11010111,110,000,1,0,"[46.09053497942386, 48.01097393689986, 33.55555555555556]","[1.0, 1.0, 0.9]",0.81,174.88526478009786,25.114735219902144
1685,00110100,111,000,1,0,"[51.51653711324493, 48.01097393689986, 43.8957475994513]","[1.0, 1.0, 1.0]",0.9,174.91473183288454,25.08526816711546
1686,10100100,111,000,1,0,"[48.01097393689986, 51.51653711324493, 43.8957475994513]","[1.0, 1.0, 1.0]",0.9,174.91473183288454,25.08526816711546
1687,00110101,111,000,1,0,"[51.51653711324493, 48.01097393689986, 43.895747599451305]","[1.0, 1.0, 1.0]",0.9,174.91473183288457,25.08526816711543
1688,10100101,111,000,1,0,"[48.01097393689986, 51.51653711324493, 43.895747599451305]","[1.0, 1.0, 1.0]",0.9,174.91473183288457,25.08526816711543
1689,01111110,101,000,1,0,"[48.83401920438958, 36.888888888888886, 41.9753086419753]","[1.0, 0.9, 1.0]",0.81,174.93607004352316,25.06392995647684
1690,11101110,011,000,1,0,"[36.888888888888886, 48.83401920438958, 41.9753086419753]","[0.9, 1.0, 1.0]",0.81,174.93607004352316,25.06392995647684
1691,11111100,011,000,0,0,"[36.888888888888886, 45.432098765432094, 43.8957475994513]","[0.9, 1.0, 1.0]",0.81,175.08238920218798,24.917610797812017
1692,11111100,101,000,0,0,"[45.432098765432094, 36.888888888888886, 43.8957475994513]","[1.0, 0.9, 1.0]",0.81,175.08238920218798,24.917610797812017
1693,11111101,011,000,0,0,"[36.888888888888886, 45.432098765432094, 43.895747599451305]","[0.9, 1.0, 1.0]",0.81,175.082389202188,24.91761079781199
1694,11111101,101,000,0,0,"[45.432098765432094, 36.888888888888886, 43.895747599451305]","[1.0, 0.9, 1.0]",0.81,175.082389202188,24.91761079781199
1695,01111111,110,000,1,0,"[48.83401920438958, 45.432098765432094, 33.55555555555556]","[1.0, 1.0, 0.9]",0.81,175.08848583379904,24.91151416620096
1696,11101111,110,000,1,0,"[45.432098765432094, 48.83401920438958, 33.55555555555556]","[1.0, 1.0, 0.9]",0.81,175.08848583379904,24.91151416620096
1697,00000010,111,000,0,0,"[51.821368693796664, 51.821368693796664, 41.9753086419753]","[1.0, 1.0, 1.0]",0.9,175.13116225507625,24.868837744923752
1698,00010100,111,000,1,0,"[51.821368693796664, 48.01097393689986, 43.8957475994513]","[1.0, 1.0, 1.0]",0.9,175.25343358905312,24.746566410946883
1699,00010101,111,000,1,0,"[51.821368693796664, 48.01097393689986, 43.895747599451305]","[1.0, 1.0, 1.0]",0.9,175.25343358905312,24.746566410946883
1700,10100000,111,000,1,0,"[48.01097393689986, 51.821368693796664, 43.8957475994513]","[1.0, 1.0, 1.0]",0.9,175.25343358905312,24.746566410946883
1701,10100001,111,000,1,0,"[48.01097393689986, 51.821368693796664, 43.895747599451305]","[1.0, 1.0, 1.0]",0.9,175.25343358905312,24.746566410946883
1702,00111111,101,001,1,0,"[51.51653711324493, 36.888888888888886, 39.55555555555556]","[1.0, 0.9, 1.0]",0.81,175.26047105887574,24.739528941124263
1703,00111111,110,010,1,0,"[51.51653711324493, 42.888888888888886, 33.55555555555556]","[1.0, 1.0, 0.9]",0.81,175.26047105887574,24.739528941124263
1704,11100111,011,001,1,0,"[36.888888888888886, 51.51653711324493, 39.55555555555556]","[0.9, 1.0, 1.0]",0.81,175.26047105887574,24.739528941124263
1705,11100111,110,100,1,0,"[42.888888888888886, 51.51653711324493, 33.55555555555556]","[1.0, 1.0, 0.9]",0.81,175.26047105887574,24.739528941124263
1706,01011111,101,000,1,0,"[49.38271604938271, 36.888888888888886, 41.7283950617284]","[1.0, 0.9, 1.0]",0.81,175.30864197530863,24.691358024691368
1707,11101011,011,000,1,0,"[36.888888888888886, 49.38271604938271, 41.7283950617284]","[0.9, 1.0, 1.0]",0.81,175.30864197530863,24.691358024691368
1708,00110000,111,000,1,0,"[51.51653711324493, 48.46822130772747, 43.8957475994513]","[1.0, 1.0, 1.0]",0.9,175.42278446713743,24.577215532862567
1709,00110001,111,000,1,0,"[51.51653711324493, 48.46822130772747, 43.895747599451305]","[1.0, 1.0, 1.0]",0.9,175.42278446713743,24.577215532862567
1710,10000100,111,000,1,0,"[48.46822130772747, 51.51653711324493, 43.8957475994513]","[1.0, 1.0, 1.0]",0.9,175.42278446713743,24.577215532862567
1711,10000101,111,000,1,0,"[48.46822130772747, 51.51653711324493, 43.895747599451305]","[1.0, 1.0, 1.0]",0.9,175.42278446713743,24.577215532862567
1712,10011011,110,000,1,0,"[48.46822130772747, 46.09053497942386, 33.55555555555556]","[1.0, 1.0, 0.9]",0.81,175.4497677070455,24.55023229295449
1713,11010011,110,000,1,0,"[46.09053497942386, 48.46822130772747, 33.55555555555556]","[1.0, 1.0, 0.9]",0.81,175.4497677070455,24.55023229295449
1714,10111111,101,000,0,0,"[48.01097393689986, 36.888888888888886, 41.7283950617284]","[1.0, 0.9, 1.0]",0.81,175.5904418364409,24.409558163559097
1715,11110111,011,000,0,0,"[36.888888888888886, 48.01097393689986, 41.7283950617284]","[0.9, 1.0, 1.0]",0.81,175.5904418364409,24.409558163559097
1716,01011110,101,000,1,0,"[49.38271604938271, 36.888888888888886, 41.9753086419753]","[1.0, 0.9, 1.0]",0.81,175.61347355586034,24.386526444139662
1717,11101010,011,000,1,0,"[36.888888888888886, 49.38271604938271, 41.9753086419753]","[0.9, 1.0, 1.0]",0.81,175.61347355586034,24.386526444139662
1718,00011111,101,001,1,0,"[51.821368693796664, 36.888888888888886, 39.55555555555556]","[1.0, 0.9, 1.0]",0.81,175.63680634350752,24.363193656492484
1719,00011111,110,010,1,0,"[51.821368693796664, 42.888888888888886, 33.55555555555556]","[1.0, 1.0, 0.9]",0.81,175.63680634350752,24.363193656492484
1720,11100011,011,001,1,0,"[36.888888888888886, 51.821368693796664, 39.55555555555556]","[0.9, 1.0, 1.0]",0.81,175.63680634350752,24.363193656492484
1721,11100011,110,100,1,0,"[42.888888888888886, 51.821368693796664, 33.55555555555556]","[1.0, 1.0, 0.9]",0.81,175.63680634350752,24.363193656492484
1722,00010000,111,000,1,0,"[51.821368693796664, 48.46822130772747, 43.8957475994513]","[1.0, 1.0, 1.0]",0.9,175.76148622330604,24.238513776693964
1723,00010001,111,000,1,0,"[51.821368693796664, 48.46822130772747, 43.895747599451305]","[1.0, 1.0, 1.0]",0.9,175.76148622330604,24.238513776693964
1724,10000000,111,000,1,0,"[48.46822130772747, 51.821368693796664, 43.8957475994513]","[1.0, 1.0, 1.0]",0.9,175.76148622330604,24.238513776693964
1725,10000001,111,000,1,0,"[48.46822130772747, 51.821368693796664, 43.895747599451305]","[1.0, 1.0, 1.0]",0.9,175.76148622330604,24.238513776693964
1726,01011111,110,000,1,0,"[49.38271604938271, 45.432098765432094, 33.55555555555556]","[1.0, 1.0, 0.9]",0.81,175.76588934613622,24.23411065386378
1727,11101011,110,000,1,0,"[45.432098765432094, 49.38271604938271, 33.55555555555556]","[1.0, 1.0, 0.9]",0.81,175.76588934613622,24.23411065386378
1728,00101100,111,000,1,0,"[51.51653711324493, 48.83401920438958, 43.8957475994513]","[1.0, 1.0, 1.0]",0.9,175.82922657453977,24.170773425460226
1729,00101101,111,000,1,0,"[51.51653711324493, 48.83401920438958, 43.895747599451305]","[1.0, 1.0, 1.0]",0.9,175.82922657453977,24.170773425460226
1730,01100100,111,000,1,0,"[48.83401920438958, 51.51653711324493, 43.8957475994513]","[1.0, 1.0, 1.0]",0.9,175.82922657453977,24.170773425460226
1731,01100101,111,000,1,0,"[48.83401920438958, 51.51653711324493, 43.895747599451305]","[1.0, 1.0, 1.0]",0.9,175.82922657453977,24.170773425460226
1732,11011100,101,000,0,0,"[46.09053497942386, 36.888888888888886, 43.8957475994513]","[1.0, 0.9, 1.0]",0.81,175.8952734169926,24.10472658300739
1733,11111000,011,000,0,0,"[36.888888888888886, 46.09053497942386, 43.8957475994513]","[0.9, 1.0, 1.0]",0.81,175.8952734169926,24.10472658300739
1734,10111110,101,000,0,0,"[48.01097393689986, 36.888888888888886, 41.9753086419753]","[1.0, 0.9, 1.0]",0.81,175.89527341699264,24.104726583007363
1735,11011101,101,000,0,0,"[46.09053497942386, 36.888888888888886, 43.895747599451305]","[1.0, 0.9, 1.0]",0.81,175.89527341699264,24.104726583007363
1736,11110110,011,000,0,0,"[36.888888888888886, 48.01097393689986, 41.9753086419753]","[0.9, 1.0, 1.0]",0.81,175.89527341699264,24.104726583007363
1737,11111001,011,000,0,0,"[36.888888888888886, 46.09053497942386, 43.895747599451305]","[0.9, 1.0, 1.0]",0.81,175.89527341699264,24.104726583007363
1738,01111011,110,000,1,0,"[48.83401920438958, 46.09053497942386, 33.55555555555556]","[1.0, 1.0, 0.9]",0.81,175.9013700486037,24.098629951396305
1739,11001111,110,000,1,0,"[46.09053497942386, 48.83401920438958, 33.55555555555556]","[1.0, 1.0, 0.9]",0.81,175.9013700486037,24.098629951396305
1740,10111111,110,000,0,0,"[48.01097393689986, 45.432098765432094, 33.55555555555556]","[1.0, 1.0, 0.9]",0.81,176.0476892072685,23.95231079273151
1741,11110111,110,000,0,0,"[45.432098765432094, 48.01097393689986, 33.55555555555556]","[1.0, 1.0, 0.9]",0.81,176.0476892072685,23.95231079273151
1742,10011111,101,000,0,0,"[48.46822130772747, 36.888888888888886, 41.7283950617284]","[1.0, 0.9, 1.0]",0.81,176.15494476338858,23.845055236611415
1743,11110011,011,000,0,0,"[36.888888888888886, 48.46822130772747, 41.7283950617284]","[0.9, 1.0, 1.0]",0.81,176.15494476338858,23.845055236611415
1744,00001100,111,000,1,0,"[51.821368693796664, 48.83401920438958, 43.8957475994513]","[1.0, 1.0, 1.0]",0.9,176.16792833070838,23.832071669291622
1745,00001101,111,000,1,0,"[51.821368693796664, 48.83401920438958, 43.895747599451305]","[1.0, 1.0, 1.0]",0.9,176.16792833070838,23.832071669291622
1746,01100000,111,000,1,0,"[48.83401920438958, 51.821368693796664, 43.8957475994513]","[1.0, 1.0, 1.0]",0.9,176.16792833070838,23.832071669291622
1747,01100001,111,000,1,0,"[48.83401920438958, 51.821368693796664, 43.895747599451305]","[1.0, 1.0, 1.0]",0.9,176.16792833070838,23.832071669291622
1748,10111100,101,000,1,0,"[48.01097393689986, 36.888888888888886, 43.8957475994513]","[1.0, 0.9, 1.0]",0.81,176.2908770681976,23.709122931802398
1749,10111101,101,000,1,0,"[48.01097393689986, 36.888888888888886, 43.895747599451305]","[1.0, 0.9, 1.0]",0.81,176.2908770681976,23.709122931802398
1750,11110100,011,000,1,0,"[36.888888888888886, 48.01097393689986, 43.8957475994513]","[0.9, 1.0, 1.0]",0.81,176.2908770681976,23.709122931802398
1751,11110101,011,000,1,0,"[36.888888888888886, 48.01097393689986, 43.895747599451305]","[0.9, 1.0, 1.0]",0.81,176.2908770681976,23.709122931802398
1752,00100111,111,000,1,0,"[51.51653711324493, 51.51653711324493, 41.7283950617284]","[1.0, 1.0, 1.0]",0.9,176.4016325424647,23.59836745753529
1753,00101000,111,000,1,0,"[51.51653711324493, 49.38271604938271, 43.8957475994513]","[1.0, 1.0, 1.0]",0.9,176.43888973564324,23.561110264356756
1754,00101001,111,000,1,0,"[51.51653711324493, 49.38271604938271, 43.895747599451305]","[1.0, 1.0, 1.0]",0.9,176.43888973564324,23.561110264356756
1755,01000100,111,000,1,0,"[49.38271604938271, 51.51653711324493, 43.8957475994513]","[1.0, 1.0, 1.0]",0.9,176.43888973564324,23.561110264356756
1756,01000101,111,000,1,0,"[49.38271604938271, 51.51653711324493, 43.895747599451305]","[1.0, 1.0, 1.0]",0.9,176.43888973564324,23.561110264356756
1757,10011110,101,000,0,0,"[48.46822130772747, 36.888888888888886, 41.9753086419753]","[1.0, 0.9, 1.0]",0.81,176.4597763439403,23.54022365605971
1758,11110010,011,000,0,0,"[36.888888888888886, 48.46822130772747, 41.9753086419753]","[0.9, 1.0, 1.0]",0.81,176.4597763439403,23.54022365605971
1759,01011011,110,000,1,0,"[49.38271604938271, 46.09053497942386, 33.55555555555556]","[1.0, 1.0, 0.9]",0.81,176.57877356094087,23.421226439059126
1760,11001011,110,000,1,0,"[46.09053497942386, 49.38271604938271, 33.55555555555556]","[1.0, 1.0, 0.9]",0.81,176.57877356094087,23.421226439059126
1761,00100100,111,000,0,0,"[51.51653711324493, 51.51653711324493, 43.8957475994513]","[1.0, 1.0, 1.0]",0.9,176.58757980660127,23.41242019339873
1762,00100101,111,000,0,0,"[51.51653711324493, 51.51653711324493, 43.895747599451305]","[1.0, 1.0, 1.0]",0.9,176.58757980660127,23.41242019339873
1763,01111111,101,000,0,0,"[48.83401920438958, 36.888888888888886, 41.7283950617284]","[1.0, 0.9, 1.0]",0.81,176.6065471049467,23.393452895053287
1764,11101111,011,000,0,0,"[36.888888888888886, 48.83401920438958, 41.7283950617284]","[0.9, 1.0, 1.0]",0.81,176.6065471049467,23.393452895053287
1765,10011111,110,000,0,0,"[48.46822130772747, 45.432098765432094, 33.55555555555556]","[1.0, 1.0, 0.9]",0.81,176.61219213421617,23.387807865783827
1766,11110011,110,000,0,0,"[45.432098765432094, 48.46822130772747, 33.55555555555556]","[1.0, 1.0, 0.9]",0.81,176.61219213421617,23.387807865783827
1767,00100110,111,000,1,0,"[51.51653711324493, 51.51653711324493, 41.9753086419753]","[1.0, 1.0, 1.0]",0.9,176.6759809649613,23.324019035038702
1768,00000111,111,000,1,0,"[51.821368693796664, 51.51653711324493, 41.7283950617284]","[1.0, 1.0, 1.0]",0.9,176.74033429863331,23.259665701366686
1769,00100011,111,000,1,0,"[51.51653711324493, 51.821368693796664, 41.7283950617284]","[1.0, 1.0, 1.0]",0.9,176.74033429863331,23.259665701366686
1770,00001000,111,000,1,0,"[51.821368693796664, 49.38271604938271, 43.8957475994513]","[1.0, 1.0, 1.0]",0.9,176.77759149181185,23.222408508188153
1771,01000000,111,000,1,0,"[49.38271604938271, 51.821368693796664, 43.8957475994513]","[1.0, 1.0, 1.0]",0.9,176.77759149181185,23.222408508188153
1772,00001001,111,000,1,0,"[51.821368693796664, 49.38271604938271, 43.895747599451305]","[1.0, 1.0, 1.0]",0.9,176.77759149181188,23.222408508188124
1773,01000001,111,000,1,0,"[49.38271604938271, 51.821368693796664, 43.895747599451305]","[1.0, 1.0, 1.0]",0.9,176.77759149181188,23.222408508188124
1774,10011100,101,000,1,0,"[48.46822130772747, 36.888888888888886, 43.8957475994513]","[1.0, 0.9, 1.0]",0.81,176.85537999514523,23.144620004854772
1775,10011101,101,000,1,0,"[48.46822130772747, 36.888888888888886, 43.895747599451305]","[1.0, 0.9, 1.0]",0.81,176.85537999514523,23.144620004854772
1776,11110000,011,000,1,0,"[36.888888888888886, 48.46822130772747, 43.8957475994513]","[0.9, 1.0, 1.0]",0.81,176.85537999514523,23.144620004854772
1777,11110001,011,000,1,0,"[36.888888888888886, 48.46822130772747, 43.895747599451305]","[0.9, 1.0, 1.0]",0.81,176.85537999514523,23.144620004854772
1778,10111011,110,000,0,0,"[48.01097393689986, 46.09053497942386, 33.55555555555556]","[1.0, 1.0, 0.9]",0.81,176.86057342207314,23.139426577926855
1779,11010111,110,000,0,0,"[46.09053497942386, 48.01097393689986, 33.55555555555556]","[1.0, 1.0, 0.9]",0.81,176.86057342207314,23.139426577926855
1780,01111110,101,000,0,0,"[48.83401920438958, 36.888888888888886, 41.9753086419753]","[1.0, 0.9, 1.0]",0.81,176.91137868549845,23.08862131450155
1781,11101110,011,000,0,0,"[36.888888888888886, 48.83401920438958, 41.9753086419753]","[0.9, 1.0, 1.0]",0.81,176.91137868549845,23.08862131450155
1782,00000100,111,000,0,0,"[51.821368693796664, 51.51653711324493, 43.8957475994513]","[1.0, 1.0, 1.0]",0.9,176.92628156276987,23.073718437230127
1783,00000101,111,000,0,0,"[51.821368693796664, 51.51653711324493, 43.895747599451305]","[1.0, 1.0, 1.0]",0.9,176.92628156276987,23.073718437230127
1784,00100000,111,000,0,0,"[51.51653711324493, 51.821368693796664, 43.8957475994513]","[1.0, 1.0, 1.0]",0.9,176.92628156276987,23.073718437230127
1785,00100001,111,000,0,0,"[51.51653711324493, 51.821368693796664, 43.895747599451305]","[1.0, 1.0, 1.0]",0.9,176.92628156276987,23.073718437230127
1786,00000110,111,000,1,0,"[51.821368693796664, 51.51653711324493, 41.9753086419753]","[1.0, 1.0, 1.0]",0.9,177.01468272112987,22.985317278870127
1787,00100010,111,000,1,0,"[51.51653711324493, 51.821368693796664, 41.9753086419753]","[1.0, 1.0, 1.0]",0.9,177.01468272112987,22.985317278870127
1788,01111111,110,000,0,0,"[48.83401920438958, 45.432098765432094, 33.55555555555556]","[1.0, 1.0, 0.9]",0.81,177.06379447577436,22.93620552422564
1789,11101111,110,000,0,0,"[45.432098765432094, 48.83401920438958, 33.55555555555556]","[1.0, 1.0, 0.9]",0.81,177.06379447577436,22.93620552422564
1790,00000011,111,000,1,0,"[51.821368693796664, 51.821368693796664, 41.7283950617284]","[1.0, 1.0, 1.0]",0.9,177.07903605480192,22.920963945198082
1791,00111111,101,001,0,0,"[51.51653711324493, 36.888888888888886, 39.55555555555556]","[1.0, 0.9, 1.0]",0.81,177.23577970085105,22.764220299148946
1792,00111111,110,010,0,0,"[51.51653711324493, 42.888888888888886, 33.55555555555556]","[1.0, 1.0, 0.9]",0.81,177.23577970085105,22.764220299148946
1793,11100111,011,001,0,0,"[36.888888888888886, 51.51653711324493, 39.55555555555556]","[0.9, 1.0, 1.0]",0.81,177.23577970085105,22.764220299148946
1794,11100111,110,100,0,0,"[42.888888888888886, 51.51653711324493, 33.55555555555556]","[1.0, 1.0, 0.9]",0.81,177.23577970085105,22.764220299148946
1795,10110111,110,000,1,0,"[48.01097393689986, 48.01097393689986, 33.55555555555556]","[1.0, 1.0, 0.9]",0.81,177.25617707327808,22.74382292672192
1796,00000000,111,000,0,0,"[51.821368693796664, 51.821368693796664, 43.8957475994513]","[1.0, 1.0, 1.0]",0.9,177.26498331893848,22.735016681061524
1797,00000001,111,000,0,0,"[51.821368693796664, 51.821368693796664, 43.895747599451305]","[1.0, 1.0, 1.0]",0.9,177.26498331893848,22.735016681061524
1798,01011111,101,000,0,0,"[49.38271604938271, 36.888888888888886, 41.7283950617284]","[1.0, 0.9, 1.0]",0.81,177.28395061728392,22.71604938271608
1799,11101011,011,000,0,0,"[36.888888888888886, 49.38271604938271, 41.7283950617284]","[0.9, 1.0, 1.0]",0.81,177.28395061728392,22.71604938271608
1800,01111100,101,000,1,0,"[48.83401920438958, 36.888888888888886, 43.8957475994513]","[1.0, 0.9, 1.0]",0.81,177.30698233670338,22.693017663296615
1801,01111101,101,000,1,0,"[48.83401920438958, 36.888888888888886, 43.895747599451305]","[1.0, 0.9, 1.0]",0.81,177.30698233670338,22.693017663296615
1802,11101100,011,000,1,0,"[36.888888888888886, 48.83401920438958, 43.8957475994513]","[0.9, 1.0, 1.0]",0.81,177.30698233670338,22.693017663296615
1803,11101101,011,000,1,0,"[36.888888888888886, 48.83401920438958, 43.895747599451305]","[0.9, 1.0, 1.0]",0.81,177.30698233670338,22.693017663296615
1804,00000010,111,000,1,0,"[51.821368693796664, 51.821368693796664, 41.9753086419753]","[1.0, 1.0, 1.0]",0.9,177.35338447729848,22.646615522701524
1805,10011011,110,000,0,0,"[48.46822130772747, 46.09053497942386, 33.55555555555556]","[1.0, 1.0, 0.9]",0.81,177.42507634902083,22.574923650979173
1806,11010011,110,000,0,0,"[46.09053497942386, 48.46822130772747, 33.55555555555556]","[1.0, 1.0, 0.9]",0.81,177.42507634902083,22.574923650979173
1807,01011110,101,000,0,0,"[49.38271604938271, 36.888888888888886, 41.9753086419753]","[1.0, 0.9, 1.0]",0.81,177.58878219783563,22.411217802164373
1808,11101010,011,000,0,0,"[36.888888888888886, 49.38271604938271, 41.9753086419753]","[0.9, 1.0, 1.0]",0.81,177.58878219783563,22.411217802164373
1809,00011111,101,001,0,0,"[51.821368693796664, 36.888888888888886, 39.55555555555556]","[1.0, 0.9, 1.0]",0.81,177.61211498548283,22.387885014517167
1810,00011111,110,010,0,0,"[51.821368693796664, 42.888888888888886, 33.55555555555556]","[1.0, 1.0, 0.9]",0.81,177.61211498548283,22.387885014517167
1811,11100011,011,001,0,0,"[36.888888888888886, 51.821368693796664, 39.55555555555556]","[0.9, 1.0, 1.0]",0.81,177.61211498548283,22.387885014517167
1812,11100011,110,100,0,0,"[42.888888888888886, 51.821368693796664, 33.55555555555556]","[1.0, 1.0, 0.9]",0.81,177.61211498548283,22.387885014517167
1813,11111111,001,000,1,0,"[36.888888888888886, 36.888888888888886, 41.7283950617284]","[0.9, 0.9, 1.0]",0.7290000000000001,177.64907111043368,22.35092888956632
1814,01011111,110,000,0,0,"[49.38271604938271, 45.432098765432094, 33.55555555555556]","[1.0, 1.0, 0.9]",0.81,177.74119798811154,22.258802011888463
1815,11101011,110,000,0,0,"[45.432098765432094, 49.38271604938271, 33.55555555555556]","[1.0, 1.0, 0.9]",0.81,177.74119798811154,22.258802011888463
1816,10010111,110,000,1,0,"[48.46822130772747, 48.01097393689986, 33.55555555555556]","[1.0, 1.0, 0.9]",0.81,177.82068000022576,22.179319999774236
1817,10110011,110,000,1,0,"[48.01097393689986, 48.46822130772747, 33.55555555555556]","[1.0, 1.0, 0.9]",0.81,177.82068000022576,22.179319999774236
1818,01111011,110,000,0,0,"[48.83401920438958, 46.09053497942386, 33.55555555555556]","[1.0, 1.0, 0.9]",0.81,177.87667869057898,22.123321309421016
1819,11001111,110,000,0,0,"[46.09053497942386, 48.83401920438958, 33.55555555555556]","[1.0, 1.0, 0.9]",0.81,177.87667869057898,22.123321309421016
1820,00111111,101,000,1,0,"[51.51653711324493, 36.888888888888886, 41.7283950617284]","[1.0, 0.9, 1.0]",0.81,177.94298896773114,22.05701103226886
1821,11100111,011,000,1,0,"[36.888888888888886, 51.51653711324493, 41.7283950617284]","[0.9, 1.0, 1.0]",0.81,177.94298896773114,22.05701103226886
1822,01011100,101,000,1,0,"[49.38271604938271, 36.888888888888886, 43.8957475994513]","[1.0, 0.9, 1.0]",0.81,177.98438584904056,22.015614150959436
1823,11101000,011,000,1,0,"[36.888888888888886, 49.38271604938271, 43.8957475994513]","[0.9, 1.0, 1.0]",0.81,177.98438584904056,22.015614150959436
1824,01011101,101,000,1,0,"[49.38271604938271, 36.888888888888886, 43.895747599451305]","[1.0, 0.9, 1.0]",0.81,177.98438584904062,22.01561415095938
1825,11101001,011,000,1,0,"[36.888888888888886, 49.38271604938271, 43.895747599451305]","[0.9, 1.0, 1.0]",0.81,177.98438584904062,22.01561415095938
1826,11111110,001,000,1,0,"[36.888888888888886, 36.888888888888886, 41.9753086419753]","[0.9, 0.9, 1.0]",0.7290000000000001,177.98777286660226,22.012227133397744
1827,11011111,011,011,1,0,"[33.33333333333333, 42.888888888888886, 39.55555555555556]","[0.81, 1.0, 1.0]",0.7290000000000001,178.02164304221915,21.978356957780846
1828,11111011,101,101,1,0,"[42.888888888888886, 33.33333333333333, 39.55555555555556]","[1.0, 0.81, 1.0]",0.7290000000000001,178.02164304221915,21.978356957780846
1829,11111110,110,110,1,0,"[42.888888888888886, 42.888888888888886, 30.0]","[1.0, 1.0, 0.81]",0.7290000000000001,178.02164304221915,21.978356957780846
1830,11111111,010,000,1,0,"[36.888888888888886, 45.432098765432094, 33.55555555555556]","[0.9, 1.0, 0.9]",0.7290000000000001,178.15712374468657,21.842876255313428
1831,11111111,100,000,1,0,"[45.432098765432094, 36.888888888888886, 33.55555555555556]","[1.0, 0.9, 0.9]",0.7290000000000001,178.15712374468657,21.842876255313428
1832,00111110,101,000,1,0,"[51.51653711324493, 36.888888888888886, 41.9753086419753]","[1.0, 0.9, 1.0]",0.81,178.24782054828285,21.752179451717154
1833,11100110,011,000,1,0,"[36.888888888888886, 51.51653711324493, 41.9753086419753]","[0.9, 1.0, 1.0]",0.81,178.24782054828285,21.752179451717154
1834,10111100,101,000,0,0,"[48.01097393689986, 36.888888888888886, 43.8957475994513]","[1.0, 0.9, 1.0]",0.81,178.2661857101729,21.73381428982711
1835,10111101,101,000,0,0,"[48.01097393689986, 36.888888888888886, 43.895747599451305]","[1.0, 0.9, 1.0]",0.81,178.2661857101729,21.73381428982711
1836,11110100,011,000,0,0,"[36.888888888888886, 48.01097393689986, 43.8957475994513]","[0.9, 1.0, 1.0]",0.81,178.2661857101729,21.73381428982711
1837,11110101,011,000,0,0,"[36.888888888888886, 48.01097393689986, 43.895747599451305]","[0.9, 1.0, 1.0]",0.81,178.2661857101729,21.73381428982711
1838,01110111,110,000,1,0,"[48.83401920438958, 48.01097393689986, 33.55555555555556]","[1.0, 1.0, 0.9]",0.81,178.27228234178392,21.72771765821608
1839,10101111,110,000,1,0,"[48.01097393689986, 48.83401920438958, 33.55555555555556]","[1.0, 1.0, 0.9]",0.81,178.27228234178392,21.72771765821608
1840,00011111,101,000,1,0,"[51.821368693796664, 36.888888888888886, 41.7283950617284]","[1.0, 0.9, 1.0]",0.81,178.31932425236286,21.68067574763714
1841,11100011,011,000,1,0,"[36.888888888888886, 51.821368693796664, 41.7283950617284]","[0.9, 1.0, 1.0]",0.81,178.31932425236286,21.68067574763714
1842,10010011,110,000,1,0,"[48.46822130772747, 48.46822130772747, 33.55555555555556]","[1.0, 1.0, 0.9]",0.81,178.38518292717345,21.614817072826554
1843,00111111,110,000,1,0,"[51.51653711324493, 45.432098765432094, 33.55555555555556]","[1.0, 1.0, 0.9]",0.81,178.40023633855873,21.599763661441273
1844,11100111,110,000,1,0,"[45.432098765432094, 51.51653711324493, 33.55555555555556]","[1.0, 1.0, 0.9]",0.81,178.40023633855873,21.599763661441273
1845,01011011,110,000,0,0,"[49.38271604938271, 46.09053497942386, 33.55555555555556]","[1.0, 1.0, 0.9]",0.81,178.55408220291616,21.445917797083837
1846,11001011,110,000,0,0,"[46.09053497942386, 49.38271604938271, 33.55555555555556]","[1.0, 1.0, 0.9]",0.81,178.55408220291616,21.445917797083837
1847,00011110,101,000,1,0,"[51.821368693796664, 36.888888888888886, 41.9753086419753]","[1.0, 0.9, 1.0]",0.81,178.62415583291462,21.375844167085376
1848,11100010,011,000,1,0,"[36.888888888888886, 51.821368693796664, 41.9753086419753]","[0.9, 1.0, 1.0]",0.81,178.62415583291462,21.375844167085376
1849,00011111,110,000,1,0,"[51.821368693796664, 45.432098765432094, 33.55555555555556]","[1.0, 1.0, 0.9]",0.81,178.7765716231905,21.223428376809494
1850,11100011,110,000,1,0,"[45.432098765432094, 51.821368693796664, 33.55555555555556]","[1.0, 1.0, 0.9]",0.81,178.7765716231905,21.223428376809494
1851,00100100,111,000,1,0,"[51.51653711324493, 51.51653711324493, 43.8957475994513]","[1.0, 1.0, 1.0]",0.9,178.8098020288235,21.190197971176502
1852,00100101,111,000,1,0,"[51.51653711324493, 51.51653711324493, 43.895747599451305]","[1.0, 1.0, 1.0]",0.9,178.8098020288235,21.190197971176502
1853,10011100,101,000,0,0,"[48.46822130772747, 36.888888888888886, 43.8957475994513]","[1.0, 0.9, 1.0]",0.81,178.83068863712052,21.169311362879483
1854,10011101,101,000,0,0,"[48.46822130772747, 36.888888888888886, 43.895747599451305]","[1.0, 0.9, 1.0]",0.81,178.83068863712052,21.169311362879483
1855,11110000,011,000,0,0,"[36.888888888888886, 48.46822130772747, 43.8957475994513]","[0.9, 1.0, 1.0]",0.81,178.83068863712052,21.169311362879483
1856,11110001,011,000,0,0,"[36.888888888888886, 48.46822130772747, 43.895747599451305]","[0.9, 1.0, 1.0]",0.81,178.83068863712052,21.169311362879483
1857,01110011,110,000,1,0,"[48.83401920438958, 48.46822130772747, 33.55555555555556]","[1.0, 1.0, 0.9]",0.81,178.8367852687316,21.163214731268397
1858,10001111,110,000,1,0,"[48.46822130772747, 48.83401920438958, 33.55555555555556]","[1.0, 1.0, 0.9]",0.81,178.8367852687316,21.163214731268397
1859,01010111,110,000,1,0,"[49.38271604938271, 48.01097393689986, 33.55555555555556]","[1.0, 1.0, 0.9]",0.81,178.94968585412116,21.050314145878843
1860,10101011,110,000,1,0,"[48.01097393689986, 49.38271604938271, 33.55555555555556]","[1.0, 1.0, 0.9]",0.81,178.94968585412116,21.050314145878843
1861,11011111,100,000,1,0,"[46.09053497942386, 36.888888888888886, 33.55555555555556]","[1.0, 0.9, 0.9]",0.7290000000000001,179.06032842780286,20.939671572197142
1862,11111011,010,000,1,0,"[36.888888888888886, 46.09053497942386, 33.55555555555556]","[0.9, 1.0, 0.9]",0.7290000000000001,179.06032842780286,20.939671572197142
1863,00000100,111,000,1,0,"[51.821368693796664, 51.51653711324493, 43.8957475994513]","[1.0, 1.0, 1.0]",0.9,179.1485037849921,20.8514962150079
1864,00000101,111,000,1,0,"[51.821368693796664, 51.51653711324493, 43.895747599451305]","[1.0, 1.0, 1.0]",0.9,179.1485037849921,20.8514962150079
1865,00100000,111,000,1,0,"[51.51653711324493, 51.821368693796664, 43.8957475994513]","[1.0, 1.0, 1.0]",0.9,179.1485037849921,20.8514962150079
1866,00100001,111,000,1,0,"[51.51653711324493, 51.821368693796664, 43.895747599451305]","[1.0, 1.0, 1.0]",0.9,179.1485037849921,20.8514962150079
1867,00111011,110,000,1,0,"[51.51653711324493, 46.09053497942386, 33.55555555555556]","[1.0, 1.0, 0.9]",0.81,179.21312055336338,20.78687944663662
1868,11000111,110,000,1,0,"[46.09053497942386, 51.51653711324493, 33.55555555555556]","[1.0, 1.0, 0.9]",0.81,179.21312055336338,20.78687944663662
1869,10110111,110,000,0,0,"[48.01097393689986, 48.01097393689986, 33.55555555555556]","[1.0, 1.0, 0.9]",0.81,179.2314857152534,20.7685142847466
1870,01111100,101,000,0,0,"[48.83401920438958, 36.888888888888886, 43.8957475994513]","[1.0, 0.9, 1.0]",0.81,179.2822909786787,20.717709021321298
1871,01111101,101,000,0,0,"[48.83401920438958, 36.888888888888886, 43.895747599451305]","[1.0, 0.9, 1.0]",0.81,179.2822909786787,20.717709021321298
1872,11101100,011,000,0,0,"[36.888888888888886, 48.83401920438958, 43.8957475994513]","[0.9, 1.0, 1.0]",0.81,179.2822909786787,20.717709021321298
1873,11101101,011,000,0,0,"[36.888888888888886, 48.83401920438958, 43.895747599451305]","[0.9, 1.0, 1.0]",0.81,179.2822909786787,20.717709021321298
1874,01101111,110,000,1,0,"[48.83401920438958, 48.83401920438958, 33.55555555555556]","[1.0, 1.0, 0.9]",0.81,179.28838761028976,20.71161238971024
1875,00000000,111,000,1,0,"[51.821368693796664, 51.821368693796664, 43.8957475994513]","[1.0, 1.0, 1.0]",0.9,179.4872055411607,20.512794458839295
1876,00000001,111,000,1,0,"[51.821368693796664, 51.821368693796664, 43.895747599451305]","[1.0, 1.0, 1.0]",0.9,179.4872055411607,20.512794458839295
1877,01010011,110,000,1,0,"[49.38271604938271, 48.46822130772747, 33.55555555555556]","[1.0, 1.0, 0.9]",0.81,179.51418878106878,20.485811218931218
1878,10001011,110,000,1,0,"[48.46822130772747, 49.38271604938271, 33.55555555555556]","[1.0, 1.0, 0.9]",0.81,179.51418878106878,20.485811218931218
1879,00011011,110,000,1,0,"[51.821368693796664, 46.09053497942386, 33.55555555555556]","[1.0, 1.0, 0.9]",0.81,179.58945583799516,20.41054416200484
1880,11000011,110,000,1,0,"[46.09053497942386, 51.821368693796664, 33.55555555555556]","[1.0, 1.0, 0.9]",0.81,179.58945583799516,20.41054416200484
1881,10010111,110,000,0,0,"[48.46822130772747, 48.01097393689986, 33.55555555555556]","[1.0, 1.0, 0.9]",0.81,179.79598864220105,20.204011357798947
1882,10110011,110,000,0,0,"[48.01097393689986, 48.46822130772747, 33.55555555555556]","[1.0, 1.0, 0.9]",0.81,179.79598864220105,20.204011357798947
1883,00111111,101,000,0,0,"[51.51653711324493, 36.888888888888886, 41.7283950617284]","[1.0, 0.9, 1.0]",0.81,179.91829760970643,20.08170239029357
1884,11100111,011,000,0,0,"[36.888888888888886, 51.51653711324493, 41.7283950617284]","[0.9, 1.0, 1.0]",0.81,179.91829760970643,20.08170239029357
1885,01011100,101,000,0,0,"[49.38271604938271, 36.888888888888886, 43.8957475994513]","[1.0, 0.9, 1.0]",0.81,179.95969449101588,20.04030550898412
1886,11101000,011,000,0,0,"[36.888888888888886, 49.38271604938271, 43.8957475994513]","[0.9, 1.0, 1.0]",0.81,179.95969449101588,20.04030550898412
1887,01011101,101,000,0,0,"[49.38271604938271, 36.888888888888886, 43.895747599451305]","[1.0, 0.9, 1.0]",0.81,179.9596944910159,20.04030550898409
1888,11101001,011,000,0,0,"[36.888888888888886, 49.38271604938271, 43.895747599451305]","[0.9, 1.0, 1.0]",0.81,179.9596944910159,20.04030550898409
1889,01001111,110,000,1,0,"[49.38271604938271, 48.83401920438958, 33.55555555555556]","[1.0, 1.0, 0.9]",0.81,179.96579112262697,20.034208877373032
1890,01101011,110,000,1,0,"[48.83401920438958, 49.38271604938271, 33.55555555555556]","[1.0, 1.0, 0.9]",0.81,179.96579112262697,20.034208877373032
1891,10111111,011,011,1,0,"[34.888888888888886, 42.888888888888886, 39.55555555555556]","[0.81, 1.0, 1.0]",0.7290000000000001,180.15546410608135,19.844535893918646
1892,11110111,101,101,1,0,"[42.888888888888886, 34.888888888888886, 39.55555555555556]","[1.0, 0.81, 1.0]",0.7290000000000001,180.15546410608135,19.844535893918646
1893,11111101,110,110,1,0,"[42.888888888888886, 42.888888888888886, 31.555555555555557]","[1.0, 1.0, 0.81]",0.7290000000000001,180.15546410608135,19.844535893918646
1894,00111110,101,000,0,0,"[51.51653711324493, 36.888888888888886, 41.9753086419753]","[1.0, 0.9, 1.0]",0.81,180.22312919025813,19.776870809741865
1895,11100110,011,000,0,0,"[36.888888888888886, 51.51653711324493, 41.9753086419753]","[0.9, 1.0, 1.0]",0.81,180.22312919025813,19.776870809741865
1896,01110111,110,000,0,0,"[48.83401920438958, 48.01097393689986, 33.55555555555556]","[1.0, 1.0, 0.9]",0.81,180.24759098375924,19.75240901624076
1897,10101111,110,000,0,0,"[48.01097393689986, 48.83401920438958, 33.55555555555556]","[1.0, 1.0, 0.9]",0.81,180.24759098375924,19.75240901624076
1898,00011111,101,000,0,0,"[51.821368693796664, 36.888888888888886, 41.7283950617284]","[1.0, 0.9, 1.0]",0.81,180.29463289433818,19.70536710566182
1899,11100011,011,000,0,0,"[36.888888888888886, 51.821368693796664, 41.7283950617284]","[0.9, 1.0, 1.0]",0.81,180.29463289433818,19.70536710566182
1900,10010011,110,000,0,0,"[48.46822130772747, 48.46822130772747, 33.55555555555556]","[1.0, 1.0, 0.9]",0.81,180.36049156914873,19.639508430851265
1901,00111111,110,000,0,0,"[51.51653711324493, 45.432098765432094, 33.55555555555556]","[1.0, 1.0, 0.9]",0.81,180.37554498053404,19.624455019465955
1902,11100111,110,000,0,0,"[45.432098765432094, 51.51653711324493, 33.55555555555556]","[1.0, 1.0, 0.9]",0.81,180.37554498053404,19.624455019465955
1903,00011110,101,000,0,0,"[51.821368693796664, 36.888888888888886, 41.9753086419753]","[1.0, 0.9, 1.0]",0.81,180.5994644748899,19.400535525110087
1904,11100010,011,000,0,0,"[36.888888888888886, 51.821368693796664, 41.9753086419753]","[0.9, 1.0, 1.0]",0.81,180.5994644748899,19.400535525110087
1905,00111100,101,000,1,0,"[51.51653711324493, 36.888888888888886, 43.8957475994513]","[1.0, 0.9, 1.0]",0.81,180.61873284146307,19.38126715853693
1906,00111101,101,000,1,0,"[51.51653711324493, 36.888888888888886, 43.895747599451305]","[1.0, 0.9, 1.0]",0.81,180.61873284146307,19.38126715853693
1907,11100100,011,000,1,0,"[36.888888888888886, 51.51653711324493, 43.8957475994513]","[0.9, 1.0, 1.0]",0.81,180.61873284146307,19.38126715853693
1908,11100101,011,000,1,0,"[36.888888888888886, 51.51653711324493, 43.895747599451305]","[0.9, 1.0, 1.0]",0.81,180.61873284146307,19.38126715853693
1909,11111100,001,000,1,0,"[36.888888888888886, 36.888888888888886, 43.8957475994513]","[0.9, 0.9, 1.0]",0.7290000000000001,180.62211985902474,19.377880140975265
1910,11111101,001,000,1,0,"[36.888888888888886, 36.888888888888886, 43.895747599451305]","[0.9, 0.9, 1.0]",0.7290000000000001,180.6221198590248,19.377880140975208
1911,01001011,110,000,1,0,"[49.38271604938271, 49.38271604938271, 33.55555555555556]","[1.0, 1.0, 0.9]",0.81,180.64319463496415,19.356805365035854
1912,00011111,110,000,0,0,"[51.821368693796664, 45.432098765432094, 33.55555555555556]","[1.0, 1.0, 0.9]",0.81,180.7518802651658,19.248119734834205
1913,11100011,110,000,0,0,"[45.432098765432094, 51.821368693796664, 33.55555555555556]","[1.0, 1.0, 0.9]",0.81,180.7518802651658,19.248119734834205
1914,01110011,110,000,0,0,"[48.83401920438958, 48.46822130772747, 33.55555555555556]","[1.0, 1.0, 0.9]",0.81,180.8120939107069,19.187906089293108
1915,10001111,110,000,0,0,"[48.46822130772747, 48.83401920438958, 33.55555555555556]","[1.0, 1.0, 0.9]",0.81,180.8120939107069,19.187906089293108
1916,01010111,110,000,0,0,"[49.38271604938271, 48.01097393689986, 33.55555555555556]","[1.0, 1.0, 0.9]",0.81,180.92499449609645,19.075005503903554
1917,10101011,110,000,0,0,"[48.01097393689986, 49.38271604938271, 33.55555555555556]","[1.0, 1.0, 0.9]",0.81,180.92499449609645,19.075005503903554
1918,00011100,101,000,1,0,"[51.821368693796664, 36.888888888888886, 43.8957475994513]","[1.0, 0.9, 1.0]",0.81,180.99506812609485,19.00493187390515
1919,11100000,011,000,1,0,"[36.888888888888886, 51.821368693796664, 43.8957475994513]","[0.9, 1.0, 1.0]",0.81,180.99506812609485,19.00493187390515
1920,00011101,101,000,1,0,"[51.821368693796664, 36.888888888888886, 43.895747599451305]","[1.0, 0.9, 1.0]",0.81,180.99506812609488,19.00493187390512
1921,11100001,011,000,1,0,"[36.888888888888886, 51.821368693796664, 43.895747599451305]","[0.9, 1.0, 1.0]",0.81,180.99506812609488,19.00493187390512
1922,11011111,011,010,1,0,"[33.33333333333333, 42.888888888888886, 41.7283950617284]","[0.81, 1.0, 1.0]",0.7290000000000001,181.00221849650288,18.997781503497123
1923,11111011,101,100,1,0,"[42.888888888888886, 33.33333333333333, 41.7283950617284]","[1.0, 0.81, 1.0]",0.7290000000000001,181.00221849650288,18.997781503497123
1924,01111111,011,011,1,0,"[35.55555555555556, 42.888888888888886, 39.55555555555556]","[0.81, 1.0, 1.0]",0.7290000000000001,181.06995884773661,18.930041152263385
1925,11101111,101,101,1,0,"[42.888888888888886, 35.55555555555556, 39.55555555555556]","[1.0, 0.81, 1.0]",0.7290000000000001,181.06995884773661,18.930041152263385
1926,00111011,110,000,0,0,"[51.51653711324493, 46.09053497942386, 33.55555555555556]","[1.0, 1.0, 0.9]",0.81,181.18842919533867,18.81157080466133
1927,11000111,110,000,0,0,"[46.09053497942386, 51.51653711324493, 33.55555555555556]","[1.0, 1.0, 0.9]",0.81,181.18842919533867,18.81157080466133
1928,01101111,110,000,0,0,"[48.83401920438958, 48.83401920438958, 33.55555555555556]","[1.0, 1.0, 0.9]",0.81,181.26369625226508,18.736303747734922
1929,11111111,001,001,0,0,"[36.888888888888886, 36.888888888888886, 39.55555555555556]","[0.9, 0.9, 1.0]",0.7290000000000001,181.30772748056694,18.69227251943306
1930,11111111,010,010,0,0,"[36.888888888888886, 42.888888888888886, 33.55555555555556]","[0.9, 1.0, 0.9]",0.7290000000000001,181.30772748056694,18.69227251943306
1931,11111111,100,100,0,0,"[42.888888888888886, 36.888888888888886, 33.55555555555556]","[1.0, 0.9, 0.9]",0.7290000000000001,181.30772748056694,18.69227251943306
1932,11011110,011,010,1,0,"[33.33333333333333, 42.888888888888886, 41.9753086419753]","[0.81, 1.0, 1.0]",0.7290000000000001,181.34092025267148,18.65907974732852
1933,11111010,101,100,1,0,"[42.888888888888886, 33.33333333333333, 41.9753086419753]","[1.0, 0.81, 1.0]",0.7290000000000001,181.34092025267148,18.65907974732852
1934,01010011,110,000,0,0,"[49.38271604938271, 48.46822130772747, 33.55555555555556]","[1.0, 1.0, 0.9]",0.81,181.4894974230441,18.5105025769559
1935,10001011,110,000,0,0,"[48.46822130772747, 49.38271604938271, 33.55555555555556]","[1.0, 1.0, 0.9]",0.81,181.4894974230441,18.5105025769559
1936,11011111,011,001,1,0,"[33.33333333333333, 45.432098765432094, 39.55555555555556]","[0.81, 1.0, 1.0]",0.7290000000000001,181.5102711307558,18.489728869244203
1937,11111011,101,001,1,0,"[45.432098765432094, 33.33333333333333, 39.55555555555556]","[1.0, 0.81, 1.0]",0.7290000000000001,181.5102711307558,18.489728869244203
1938,11111110,110,010,1,0,"[45.432098765432094, 42.888888888888886, 30.0]","[1.0, 1.0, 0.81]",0.7290000000000001,181.5102711307558,18.489728869244203
1939,11111110,110,100,1,0,"[42.888888888888886, 45.432098765432094, 30.0]","[1.0, 1.0, 0.81]",0.7290000000000001,181.5102711307558,18.489728869244203
1940,00011011,110,000,0,0,"[51.821368693796664, 46.09053497942386, 33.55555555555556]","[1.0, 1.0, 0.9]",0.81,181.56476447997045,18.43523552002955
1941,11000011,110,000,0,0,"[46.09053497942386, 51.821368693796664, 33.55555555555556]","[1.0, 1.0, 0.9]",0.81,181.56476447997045,18.43523552002955
1942,00110111,110,000,1,0,"[51.51653711324493, 48.01097393689986, 33.55555555555556]","[1.0, 1.0, 0.9]",0.81,181.5840328465436,18.415967153456393
1943,10100111,110,000,1,0,"[48.01097393689986, 51.51653711324493, 33.55555555555556]","[1.0, 1.0, 0.9]",0.81,181.5840328465436,18.415967153456393
1944,10111111,100,000,1,0,"[48.01097393689986, 36.888888888888886, 33.55555555555556]","[1.0, 0.9, 0.9]",0.7290000000000001,181.69467542022537,18.305324579774634
1945,11110111,010,000,1,0,"[36.888888888888886, 48.01097393689986, 33.55555555555556]","[0.9, 1.0, 0.9]",0.7290000000000001,181.69467542022537,18.305324579774634
1946,01001111,110,000,0,0,"[49.38271604938271, 48.83401920438958, 33.55555555555556]","[1.0, 1.0, 0.9]",0.81,181.94109976460226,18.058900235397743
1947,01101011,110,000,0,0,"[48.83401920438958, 49.38271604938271, 33.55555555555556]","[1.0, 1.0, 0.9]",0.81,181.94109976460226,18.058900235397743
1948,00010111,110,000,1,0,"[51.821368693796664, 48.01097393689986, 33.55555555555556]","[1.0, 1.0, 0.9]",0.81,181.9603681311754,18.039631868824614
1949,10100011,110,000,1,0,"[48.01097393689986, 51.821368693796664, 33.55555555555556]","[1.0, 1.0, 0.9]",0.81,181.9603681311754,18.039631868824614
1950,00110011,110,000,1,0,"[51.51653711324493, 48.46822130772747, 33.55555555555556]","[1.0, 1.0, 0.9]",0.81,182.1485357734913,17.85146422650871
1951,10000111,110,000,1,0,"[48.46822130772747, 51.51653711324493, 33.55555555555556]","[1.0, 1.0, 0.9]",0.81,182.1485357734913,17.85146422650871
1952,10011111,100,000,1,0,"[48.46822130772747, 36.888888888888886, 33.55555555555556]","[1.0, 0.9, 0.9]",0.7290000000000001,182.32190089461164,17.678099105388355
1953,11110011,010,000,1,0,"[36.888888888888886, 48.46822130772747, 33.55555555555556]","[0.9, 1.0, 0.9]",0.7290000000000001,182.32190089461164,17.678099105388355
1954,11011011,011,001,1,0,"[33.33333333333333, 46.09053497942386, 39.55555555555556]","[0.81, 1.0, 1.0]",0.7290000000000001,182.41347581387205,17.586524186127946
1955,11011011,101,001,1,0,"[46.09053497942386, 33.33333333333333, 39.55555555555556]","[1.0, 0.81, 1.0]",0.7290000000000001,182.41347581387205,17.586524186127946
1956,11011110,110,010,1,0,"[46.09053497942386, 42.888888888888886, 30.0]","[1.0, 1.0, 0.81]",0.7290000000000001,182.41347581387205,17.586524186127946
1957,11111010,110,100,1,0,"[42.888888888888886, 46.09053497942386, 30.0]","[1.0, 1.0, 0.81]",0.7290000000000001,182.41347581387205,17.586524186127946
1958,00010011,110,000,1,0,"[51.821368693796664, 48.46822130772747, 33.55555555555556]","[1.0, 1.0, 0.9]",0.81,182.52487105812307,17.47512894187693
1959,10000011,110,000,1,0,"[48.46822130772747, 51.821368693796664, 33.55555555555556]","[1.0, 1.0, 0.9]",0.81,182.52487105812307,17.47512894187693
1960,00111100,101,000,0,0,"[51.51653711324493, 36.888888888888886, 43.8957475994513]","[1.0, 0.9, 1.0]",0.81,182.5940414834384,17.40595851656161
1961,00111101,101,000,0,0,"[51.51653711324493, 36.888888888888886, 43.895747599451305]","[1.0, 0.9, 1.0]",0.81,182.5940414834384,17.40595851656161
1962,11100100,011,000,0,0,"[36.888888888888886, 51.51653711324493, 43.8957475994513]","[0.9, 1.0, 1.0]",0.81,182.5940414834384,17.40595851656161
1963,11100101,011,000,0,0,"[36.888888888888886, 51.51653711324493, 43.895747599451305]","[0.9, 1.0, 1.0]",0.81,182.5940414834384,17.40595851656161
1964,00101111,110,000,1,0,"[51.51653711324493, 48.83401920438958, 33.55555555555556]","[1.0, 1.0, 0.9]",0.81,182.60013811504945,17.399861884950553
1965,01100111,110,000,1,0,"[48.83401920438958, 51.51653711324493, 33.55555555555556]","[1.0, 1.0, 0.9]",0.81,182.60013811504945,17.399861884950553
1966,01001011,110,000,0,0,"[49.38271604938271, 49.38271604938271, 33.55555555555556]","[1.0, 1.0, 0.9]",0.81,182.61850327693944,17.381496723060565
1967,01111111,100,000,1,0,"[48.83401920438958, 36.888888888888886, 33.55555555555556]","[1.0, 0.9, 0.9]",0.7290000000000001,182.82368127412073,17.17631872587927
1968,11101111,010,000,1,0,"[36.888888888888886, 48.83401920438958, 33.55555555555556]","[0.9, 1.0, 0.9]",0.7290000000000001,182.82368127412073,17.17631872587927
1969,00011100,101,000,0,0,"[51.821368693796664, 36.888888888888886, 43.8957475994513]","[1.0, 0.9, 1.0]",0.81,182.97037676807017,17.029623231929833
1970,11100000,011,000,0,0,"[36.888888888888886, 51.821368693796664, 43.8957475994513]","[0.9, 1.0, 1.0]",0.81,182.97037676807017,17.029623231929833
1971,00011101,101,000,0,0,"[51.821368693796664, 36.888888888888886, 43.895747599451305]","[1.0, 0.9, 1.0]",0.81,182.9703767680702,17.029623231929804
1972,11100001,011,000,0,0,"[36.888888888888886, 51.821368693796664, 43.895747599451305]","[0.9, 1.0, 1.0]",0.81,182.9703767680702,17.029623231929804
1973,00001111,110,000,1,0,"[51.821368693796664, 48.83401920438958, 33.55555555555556]","[1.0, 1.0, 0.9]",0.81,182.97647339968123,17.023526600318775
1974,01100011,110,000,1,0,"[48.83401920438958, 51.821368693796664, 33.55555555555556]","[1.0, 1.0, 0.9]",0.81,182.97647339968123,17.023526600318775
1975,10111111,011,010,1,0,"[34.888888888888886, 42.888888888888886, 41.7283950617284]","[0.81, 1.0, 1.0]",0.7290000000000001,183.1360395603651,16.863960439634894
1976,11110111,101,100,1,0,"[42.888888888888886, 34.888888888888886, 41.7283950617284]","[1.0, 0.81, 1.0]",0.7290000000000001,183.1360395603651,16.863960439634894
1977,00101011,110,000,1,0,"[51.51653711324493, 49.38271604938271, 33.55555555555556]","[1.0, 1.0, 0.9]",0.81,183.27754162738663,16.722458372613374
1978,01000111,110,000,1,0,"[49.38271604938271, 51.51653711324493, 33.55555555555556]","[1.0, 1.0, 0.9]",0.81,183.27754162738663,16.722458372613374
1979,10111110,011,010,1,0,"[34.888888888888886, 42.888888888888886, 41.9753086419753]","[0.81, 1.0, 1.0]",0.7290000000000001,183.47474131653368,16.52525868346632
1980,11110110,101,100,1,0,"[42.888888888888886, 34.888888888888886, 41.9753086419753]","[1.0, 0.81, 1.0]",0.7290000000000001,183.47474131653368,16.52525868346632
1981,00110111,110,000,0,0,"[51.51653711324493, 48.01097393689986, 33.55555555555556]","[1.0, 1.0, 0.9]",0.81,183.55934148851892,16.440658511481075
1982,10100111,110,000,0,0,"[48.01097393689986, 51.51653711324493, 33.55555555555556]","[1.0, 1.0, 0.9]",0.81,183.55934148851892,16.440658511481075
1983,01011111,100,000,1,0,"[49.38271604938271, 36.888888888888886, 33.55555555555556]","[1.0, 0.9, 0.9]",0.7290000000000001,183.57635184338426,16.42364815661574
1984,11101011,010,000,1,0,"[36.888888888888886, 49.38271604938271, 33.55555555555556]","[0.9, 1.0, 0.9]",0.7290000000000001,183.57635184338426,16.42364815661574
1985,10111111,011,001,1,0,"[34.888888888888886, 45.432098765432094, 39.55555555555556]","[0.81, 1.0, 1.0]",0.7290000000000001,183.644092194618,16.355907805382003
1986,11110111,101,001,1,0,"[45.432098765432094, 34.888888888888886, 39.55555555555556]","[1.0, 0.81, 1.0]",0.7290000000000001,183.644092194618,16.355907805382003
1987,11111101,110,010,1,0,"[45.432098765432094, 42.888888888888886, 31.555555555555557]","[1.0, 1.0, 0.81]",0.7290000000000001,183.644092194618,16.355907805382003
1988,11111101,110,100,1,0,"[42.888888888888886, 45.432098765432094, 31.555555555555557]","[1.0, 1.0, 0.81]",0.7290000000000001,183.644092194618,16.355907805382003
1989,00001011,110,000,1,0,"[51.821368693796664, 49.38271604938271, 33.55555555555556]","[1.0, 1.0, 0.9]",0.81,183.6538769120184,16.346123087981596
1990,01000011,110,000,1,0,"[49.38271604938271, 51.821368693796664, 33.55555555555556]","[1.0, 1.0, 0.9]",0.81,183.6538769120184,16.346123087981596
1991,00010111,110,000,0,0,"[51.821368693796664, 48.01097393689986, 33.55555555555556]","[1.0, 1.0, 0.9]",0.81,183.93567677315067,16.064323226849325
1992,10100011,110,000,0,0,"[48.01097393689986, 51.821368693796664, 33.55555555555556]","[1.0, 1.0, 0.9]",0.81,183.93567677315067,16.064323226849325
1993,11011100,011,010,1,0,"[33.33333333333333, 42.888888888888886, 43.8957475994513]","[0.81, 1.0, 1.0]",0.7290000000000001,183.97526724509396,16.02473275490604
1994,11011101,011,010,1,0,"[33.33333333333333, 42.888888888888886, 43.895747599451305]","[0.81, 1.0, 1.0]",0.7290000000000001,183.97526724509396,16.02473275490604
1995,11111000,101,100,1,0,"[42.888888888888886, 33.33333333333333, 43.8957475994513]","[1.0, 0.81, 1.0]",0.7290000000000001,183.97526724509396,16.02473275490604
1996,11111001,101,100,1,0,"[42.888888888888886, 33.33333333333333, 43.895747599451305]","[1.0, 0.81, 1.0]",0.7290000000000001,183.97526724509396,16.02473275490604
1997,01111111,011,010,1,0,"[35.55555555555556, 42.888888888888886, 41.7283950617284]","[0.81, 1.0, 1.0]",0.7290000000000001,184.05053430202034,15.949465697979662
1998,11101111,101,100,1,0,"[42.888888888888886, 35.55555555555556, 41.7283950617284]","[1.0, 0.81, 1.0]",0.7290000000000001,184.05053430202034,15.949465697979662
1999,00110011,110,000,0,0,"[51.51653711324493, 48.46822130772747, 33.55555555555556]","[1.0, 1.0, 0.9]",0.81,184.12384441546658,15.876155584533421
2000,10000111,110,000,0,0,"[48.46822130772747, 51.51653711324493, 33.55555555555556]","[1.0, 1.0, 0.9]",0.81,184.12384441546658,15.876155584533421
2001,11111111,001,000,0,0,"[36.888888888888886, 36.888888888888886, 41.7283950617284]","[0.9, 0.9, 1.0]",0.7290000000000001,184.28830293485072,15.71169706514928
2002,01111110,011,010,1,0,"[35.55555555555556, 42.888888888888886, 41.9753086419753]","[0.81, 1.0, 1.0]",0.7290000000000001,184.38923605818894,15.610763941811058
2003,11101110,101,100,1,0,"[42.888888888888886, 35.55555555555556, 41.9753086419753]","[1.0, 0.81, 1.0]",0.7290000000000001,184.38923605818894,15.610763941811058
2004,11011111,011,000,1,0,"[33.33333333333333, 45.432098765432094, 41.7283950617284]","[0.81, 1.0, 1.0]",0.7290000000000001,184.49084658503952,15.50915341496048
2005,11111011,101,000,1,0,"[45.432098765432094, 33.33333333333333, 41.7283950617284]","[1.0, 0.81, 1.0]",0.7290000000000001,184.49084658503952,15.50915341496048
2006,00010011,110,000,0,0,"[51.821368693796664, 48.46822130772747, 33.55555555555556]","[1.0, 1.0, 0.9]",0.81,184.50017970009836,15.499820299901643
2007,10000011,110,000,0,0,"[48.46822130772747, 51.821368693796664, 33.55555555555556]","[1.0, 1.0, 0.9]",0.81,184.50017970009836,15.499820299901643
2008,10111011,011,001,1,0,"[34.888888888888886, 46.09053497942386, 39.55555555555556]","[0.81, 1.0, 1.0]",0.7290000000000001,184.54729687773425,15.452703122265746
2009,11010111,101,001,1,0,"[46.09053497942386, 34.888888888888886, 39.55555555555556]","[1.0, 0.81, 1.0]",0.7290000000000001,184.54729687773425,15.452703122265746
2010,11011101,110,010,1,0,"[46.09053497942386, 42.888888888888886, 31.555555555555557]","[1.0, 1.0, 0.81]",0.7290000000000001,184.54729687773425,15.452703122265746
2011,11111001,110,100,1,0,"[42.888888888888886, 46.09053497942386, 31.555555555555557]","[1.0, 1.0, 0.81]",0.7290000000000001,184.54729687773425,15.452703122265746
2012,01111111,011,001,1,0,"[35.55555555555556, 45.432098765432094, 39.55555555555556]","[0.81, 1.0, 1.0]",0.7290000000000001,184.55858693627326,15.441413063726742
2013,11101111,101,001,1,0,"[45.432098765432094, 35.55555555555556, 39.55555555555556]","[1.0, 0.81, 1.0]",0.7290000000000001,184.55858693627326,15.441413063726742
2014,00101111,110,000,0,0,"[51.51653711324493, 48.83401920438958, 33.55555555555556]","[1.0, 1.0, 0.9]",0.81,184.57544675702476,15.424553242975236
2015,01100111,110,000,0,0,"[48.83401920438958, 51.51653711324493, 33.55555555555556]","[1.0, 1.0, 0.9]",0.81,184.57544675702476,15.424553242975236
2016,11111110,001,000,0,0,"[36.888888888888886, 36.888888888888886, 41.9753086419753]","[0.9, 0.9, 1.0]",0.7290000000000001,184.62700469101927,15.372995308980734
2017,11011111,011,011,0,0,"[33.33333333333333, 42.888888888888886, 39.55555555555556]","[0.81, 1.0, 1.0]",0.7290000000000001,184.66087486663616,15.339125133363837
2018,11111011,101,101,0,0,"[42.888888888888886, 33.33333333333333, 39.55555555555556]","[1.0, 0.81, 1.0]",0.7290000000000001,184.66087486663616,15.339125133363837
2019,11111110,110,110,0,0,"[42.888888888888886, 42.888888888888886, 30.0]","[1.0, 1.0, 0.81]",0.7290000000000001,184.66087486663616,15.339125133363837
2020,11111111,010,000,0,0,"[36.888888888888886, 45.432098765432094, 33.55555555555556]","[0.9, 1.0, 0.9]",0.7290000000000001,184.79635556910358,15.203644430896418
2021,11111111,100,000,0,0,"[45.432098765432094, 36.888888888888886, 33.55555555555556]","[1.0, 0.9, 0.9]",0.7290000000000001,184.79635556910358,15.203644430896418
2022,11011110,011,000,1,0,"[33.33333333333333, 45.432098765432094, 41.9753086419753]","[0.81, 1.0, 1.0]",0.7290000000000001,184.82954834120812,15.170451658791876
2023,11111010,101,000,1,0,"[45.432098765432094, 33.33333333333333, 41.9753086419753]","[1.0, 0.81, 1.0]",0.7290000000000001,184.82954834120812,15.170451658791876
2024,11111111,000,000,1,0,"[36.888888888888886, 36.888888888888886, 33.55555555555556]","[0.9, 0.9, 0.9]",0.6561000000000001,184.93115886805867,15.068841131941326
2025,00001111,110,000,0,0,"[51.821368693796664, 48.83401920438958, 33.55555555555556]","[1.0, 1.0, 0.9]",0.81,184.95178204165654,15.048217958343457
2026,01100011,110,000,0,0,"[48.83401920438958, 51.821368693796664, 33.55555555555556]","[1.0, 1.0, 0.9]",0.81,184.95178204165654,15.048217958343457
2027,11111110,110,000,1,0,"[45.432098765432094, 45.432098765432094, 30.0]","[1.0, 1.0, 0.81]",0.7290000000000001,184.99889921929244,15.00110078070756
2028,10111011,101,001,1,0,"[48.01097393689986, 33.33333333333333, 39.55555555555556]","[1.0, 0.81, 1.0]",0.7290000000000001,185.04782280629456,14.952177193705438
2029,10111110,110,010,1,0,"[48.01097393689986, 42.888888888888886, 30.0]","[1.0, 1.0, 0.81]",0.7290000000000001,185.04782280629456,14.952177193705438
2030,11010111,011,001,1,0,"[33.33333333333333, 48.01097393689986, 39.55555555555556]","[0.81, 1.0, 1.0]",0.7290000000000001,185.04782280629456,14.952177193705438
2031,11110110,110,100,1,0,"[42.888888888888886, 48.01097393689986, 30.0]","[1.0, 1.0, 0.81]",0.7290000000000001,185.04782280629456,14.952177193705438
2032,00101011,110,000,0,0,"[51.51653711324493, 49.38271604938271, 33.55555555555556]","[1.0, 1.0, 0.9]",0.81,185.25285026936194,14.747149730638057
2033,01000111,110,000,0,0,"[49.38271604938271, 51.51653711324493, 33.55555555555556]","[1.0, 1.0, 0.9]",0.81,185.25285026936194,14.747149730638057
2034,11011011,011,000,1,0,"[33.33333333333333, 46.09053497942386, 41.7283950617284]","[0.81, 1.0, 1.0]",0.7290000000000001,185.39405126815578,14.605948731844222
2035,11011011,101,000,1,0,"[46.09053497942386, 33.33333333333333, 41.7283950617284]","[1.0, 0.81, 1.0]",0.7290000000000001,185.39405126815578,14.605948731844222
2036,01111011,011,001,1,0,"[35.55555555555556, 46.09053497942386, 39.55555555555556]","[0.81, 1.0, 1.0]",0.7290000000000001,185.46179161938952,14.538208380610484
2037,11001111,101,001,1,0,"[46.09053497942386, 35.55555555555556, 39.55555555555556]","[1.0, 0.81, 1.0]",0.7290000000000001,185.46179161938952,14.538208380610484
2038,00001011,110,000,0,0,"[51.821368693796664, 49.38271604938271, 33.55555555555556]","[1.0, 1.0, 0.9]",0.81,185.62918555399372,14.370814446006278
2039,01000011,110,000,0,0,"[49.38271604938271, 51.821368693796664, 33.55555555555556]","[1.0, 1.0, 0.9]",0.81,185.62918555399372,14.370814446006278
2040,10011011,101,001,1,0,"[48.46822130772747, 33.33333333333333, 39.55555555555556]","[1.0, 0.81, 1.0]",0.7290000000000001,185.67504828068087,14.324951719319131
2041,10011110,110,010,1,0,"[48.46822130772747, 42.888888888888886, 30.0]","[1.0, 1.0, 0.81]",0.7290000000000001,185.67504828068087,14.324951719319131
2042,11010011,011,001,1,0,"[33.33333333333333, 48.46822130772747, 39.55555555555556]","[0.81, 1.0, 1.0]",0.7290000000000001,185.67504828068087,14.324951719319131
2043,11110010,110,100,1,0,"[42.888888888888886, 48.46822130772747, 30.0]","[1.0, 1.0, 0.81]",0.7290000000000001,185.67504828068087,14.324951719319131
2044,11011111,100,000,0,0,"[46.09053497942386, 36.888888888888886, 33.55555555555556]","[1.0, 0.9, 0.9]",0.7290000000000001,185.69956025221987,14.300439747780132
2045,11111011,010,000,0,0,"[36.888888888888886, 46.09053497942386, 33.55555555555556]","[0.9, 1.0, 0.9]",0.7290000000000001,185.69956025221987,14.300439747780132
2046,11011010,011,000,1,0,"[33.33333333333333, 46.09053497942386, 41.9753086419753]","[0.81, 1.0, 1.0]",0.7290000000000001,185.73275302432438,14.267246975675619
2047,11011010,101,000,1,0,"[46.09053497942386, 33.33333333333333, 41.9753086419753]","[1.0, 0.81, 1.0]",0.7290000000000001,185.73275302432438,14.267246975675619
2048,11011110,110,000,1,0,"[46.09053497942386, 45.432098765432094, 30.0]","[1.0, 1.0, 0.81]",0.7290000000000001,185.9021039024087,14.097896097591303
2049,11111010,110,000,1,0,"[45.432098765432094, 46.09053497942386, 30.0]","[1.0, 1.0, 0.81]",0.7290000000000001,185.9021039024087,14.097896097591303
2050,00100111,110,000,1,0,"[51.51653711324493, 51.51653711324493, 33.55555555555556]","[1.0, 1.0, 0.9]",0.81,185.91188861980913,14.088111380190867
2051,10111100,011,010,1,0,"[34.888888888888886, 42.888888888888886, 43.8957475994513]","[0.81, 1.0, 1.0]",0.7290000000000001,186.10908830895616,13.89091169104384
2052,11110100,101,100,1,0,"[42.888888888888886, 34.888888888888886, 43.8957475994513]","[1.0, 0.81, 1.0]",0.7290000000000001,186.10908830895616,13.89091169104384
2053,10111101,011,010,1,0,"[34.888888888888886, 42.888888888888886, 43.895747599451305]","[0.81, 1.0, 1.0]",0.7290000000000001,186.1090883089562,13.890911691043812
2054,11110101,101,100,1,0,"[42.888888888888886, 34.888888888888886, 43.895747599451305]","[1.0, 0.81, 1.0]",0.7290000000000001,186.1090883089562,13.890911691043812
2055,01111011,101,001,1,0,"[48.83401920438958, 33.33333333333333, 39.55555555555556]","[1.0, 0.81, 1.0]",0.7290000000000001,186.17682866018993,13.823171339810074
2056,01111110,110,010,1,0,"[48.83401920438958, 42.888888888888886, 30.0]","[1.0, 1.0, 0.81]",0.7290000000000001,186.17682866018993,13.823171339810074
2057,11001111,011,001,1,0,"[33.33333333333333, 48.83401920438958, 39.55555555555556]","[0.81, 1.0, 1.0]",0.7290000000000001,186.17682866018993,13.823171339810074
2058,11101110,110,100,1,0,"[42.888888888888886, 48.83401920438958, 30.0]","[1.0, 1.0, 0.81]",0.7290000000000001,186.17682866018993,13.823171339810074
2059,00000111,110,000,1,0,"[51.821368693796664, 51.51653711324493, 33.55555555555556]","[1.0, 1.0, 0.9]",0.81,186.2882239044409,13.711776095559088
2060,00100011,110,000,1,0,"[51.51653711324493, 51.821368693796664, 33.55555555555556]","[1.0, 1.0, 0.9]",0.81,186.2882239044409,13.711776095559088
2061,00111111,100,000,1,0,"[51.51653711324493, 36.888888888888886, 33.55555555555556]","[1.0, 0.9, 0.9]",0.7290000000000001,186.50340405718703,13.496595942812974
2062,11100111,010,000,1,0,"[36.888888888888886, 51.51653711324493, 33.55555555555556]","[0.9, 1.0, 0.9]",0.7290000000000001,186.50340405718703,13.496595942812974
2063,10111111,011,000,1,0,"[34.888888888888886, 45.432098765432094, 41.7283950617284]","[0.81, 1.0, 1.0]",0.7290000000000001,186.62466764890172,13.37533235109828
2064,11110111,101,000,1,0,"[45.432098765432094, 34.888888888888886, 41.7283950617284]","[1.0, 0.81, 1.0]",0.7290000000000001,186.62466764890172,13.37533235109828
2065,00000011,110,000,1,0,"[51.821368693796664, 51.821368693796664, 33.55555555555556]","[1.0, 1.0, 0.9]",0.81,186.6645591890727,13.33544081092731
2066,10111111,011,011,0,0,"[34.888888888888886, 42.888888888888886, 39.55555555555556]","[0.81, 1.0, 1.0]",0.7290000000000001,186.79469593049836,13.205304069501636
2067,11110111,101,101,0,0,"[42.888888888888886, 34.888888888888886, 39.55555555555556]","[1.0, 0.81, 1.0]",0.7290000000000001,186.79469593049836,13.205304069501636
2068,11111101,110,110,0,0,"[42.888888888888886, 42.888888888888886, 31.555555555555557]","[1.0, 1.0, 0.81]",0.7290000000000001,186.79469593049836,13.205304069501636
2069,11011010,110,000,1,0,"[46.09053497942386, 46.09053497942386, 30.0]","[1.0, 1.0, 0.81]",0.7290000000000001,186.80530858552498,13.194691414475017
2070,00011111,100,000,1,0,"[51.821368693796664, 36.888888888888886, 33.55555555555556]","[1.0, 0.9, 0.9]",0.7290000000000001,186.92155437344456,13.078445626555435
2071,11100011,010,000,1,0,"[36.888888888888886, 51.821368693796664, 33.55555555555556]","[0.9, 1.0, 0.9]",0.7290000000000001,186.92155437344456,13.078445626555435
2072,01011011,101,001,1,0,"[49.38271604938271, 33.33333333333333, 39.55555555555556]","[1.0, 0.81, 1.0]",0.7290000000000001,186.92949922945346,13.070500770546545
2073,01011110,110,010,1,0,"[49.38271604938271, 42.888888888888886, 30.0]","[1.0, 1.0, 0.81]",0.7290000000000001,186.92949922945346,13.070500770546545
2074,11001011,011,001,1,0,"[33.33333333333333, 49.38271604938271, 39.55555555555556]","[0.81, 1.0, 1.0]",0.7290000000000001,186.92949922945346,13.070500770546545
2075,11101010,110,100,1,0,"[42.888888888888886, 49.38271604938271, 30.0]","[1.0, 1.0, 0.81]",0.7290000000000001,186.92949922945346,13.070500770546545
2076,10111110,011,000,1,0,"[34.888888888888886, 45.432098765432094, 41.9753086419753]","[0.81, 1.0, 1.0]",0.7290000000000001,186.96336940507032,13.036630594929676
2077,11110110,101,000,1,0,"[45.432098765432094, 34.888888888888886, 41.9753086419753]","[1.0, 0.81, 1.0]",0.7290000000000001,186.96336940507032,13.036630594929676
2078,01111100,011,010,1,0,"[35.55555555555556, 42.888888888888886, 43.8957475994513]","[0.81, 1.0, 1.0]",0.7290000000000001,187.02358305061142,12.976416949388579
2079,01111101,011,010,1,0,"[35.55555555555556, 42.888888888888886, 43.895747599451305]","[0.81, 1.0, 1.0]",0.7290000000000001,187.02358305061142,12.976416949388579
2080,11101100,101,100,1,0,"[42.888888888888886, 35.55555555555556, 43.8957475994513]","[1.0, 0.81, 1.0]",0.7290000000000001,187.02358305061142,12.976416949388579
2081,11101101,101,100,1,0,"[42.888888888888886, 35.55555555555556, 43.895747599451305]","[1.0, 0.81, 1.0]",0.7290000000000001,187.02358305061142,12.976416949388579
2082,11111101,110,000,1,0,"[45.432098765432094, 45.432098765432094, 31.555555555555557]","[1.0, 1.0, 0.81]",0.7290000000000001,187.13272028315464,12.86727971684536
2083,10110111,011,001,1,0,"[34.888888888888886, 48.01097393689986, 39.55555555555556]","[0.81, 1.0, 1.0]",0.7290000000000001,187.1816438701568,12.81835612984321
2084,10110111,101,001,1,0,"[48.01097393689986, 34.888888888888886, 39.55555555555556]","[1.0, 0.81, 1.0]",0.7290000000000001,187.1816438701568,12.81835612984321
2085,10111101,110,010,1,0,"[48.01097393689986, 42.888888888888886, 31.555555555555557]","[1.0, 1.0, 0.81]",0.7290000000000001,187.1816438701568,12.81835612984321
2086,11110101,110,100,1,0,"[42.888888888888886, 48.01097393689986, 31.555555555555557]","[1.0, 1.0, 0.81]",0.7290000000000001,187.1816438701568,12.81835612984321
2087,11111100,001,000,0,0,"[36.888888888888886, 36.888888888888886, 43.8957475994513]","[0.9, 0.9, 1.0]",0.7290000000000001,187.26135168344175,12.738648316558255
2088,11111101,001,000,0,0,"[36.888888888888886, 36.888888888888886, 43.895747599451305]","[0.9, 0.9, 1.0]",0.7290000000000001,187.2613516834418,12.738648316558198
2089,11011100,011,000,1,0,"[33.33333333333333, 45.432098765432094, 43.8957475994513]","[0.81, 1.0, 1.0]",0.7290000000000001,187.4638953336306,12.536104666369397
2090,11011101,011,000,1,0,"[33.33333333333333, 45.432098765432094, 43.895747599451305]","[0.81, 1.0, 1.0]",0.7290000000000001,187.4638953336306,12.536104666369397
2091,11111000,101,000,1,0,"[45.432098765432094, 33.33333333333333, 43.8957475994513]","[1.0, 0.81, 1.0]",0.7290000000000001,187.4638953336306,12.536104666369397
2092,11111001,101,000,1,0,"[45.432098765432094, 33.33333333333333, 43.895747599451305]","[1.0, 0.81, 1.0]",0.7290000000000001,187.4638953336306,12.536104666369397
2093,10111011,011,000,1,0,"[34.888888888888886, 46.09053497942386, 41.7283950617284]","[0.81, 1.0, 1.0]",0.7290000000000001,187.52787233201798,12.472127667982022
2094,11010111,101,000,1,0,"[46.09053497942386, 34.888888888888886, 41.7283950617284]","[1.0, 0.81, 1.0]",0.7290000000000001,187.52787233201798,12.472127667982022
2095,01111111,011,000,1,0,"[35.55555555555556, 45.432098765432094, 41.7283950617284]","[0.81, 1.0, 1.0]",0.7290000000000001,187.53916239055698,12.460837609443018
2096,11101111,101,000,1,0,"[45.432098765432094, 35.55555555555556, 41.7283950617284]","[1.0, 0.81, 1.0]",0.7290000000000001,187.53916239055698,12.460837609443018
2097,11011111,011,010,0,0,"[33.33333333333333, 42.888888888888886, 41.7283950617284]","[0.81, 1.0, 1.0]",0.7290000000000001,187.6414503209199,12.358549679080113
2098,11111011,101,100,0,0,"[42.888888888888886, 33.33333333333333, 41.7283950617284]","[1.0, 0.81, 1.0]",0.7290000000000001,187.6414503209199,12.358549679080113
2099,01111111,011,011,0,0,"[35.55555555555556, 42.888888888888886, 39.55555555555556]","[0.81, 1.0, 1.0]",0.7290000000000001,187.70919067215362,12.290809327846375
2100,11101111,101,101,0,0,"[42.888888888888886, 35.55555555555556, 39.55555555555556]","[1.0, 0.81, 1.0]",0.7290000000000001,187.70919067215362,12.290809327846375
2101,10010111,101,001,1,0,"[48.46822130772747, 34.888888888888886, 39.55555555555556]","[1.0, 0.81, 1.0]",0.7290000000000001,187.80886934454304,12.19113065545696
2102,10011101,110,010,1,0,"[48.46822130772747, 42.888888888888886, 31.555555555555557]","[1.0, 1.0, 0.81]",0.7290000000000001,187.80886934454304,12.19113065545696
2103,10110011,011,001,1,0,"[34.888888888888886, 48.46822130772747, 39.55555555555556]","[0.81, 1.0, 1.0]",0.7290000000000001,187.80886934454304,12.19113065545696
2104,11110001,110,100,1,0,"[42.888888888888886, 48.46822130772747, 31.555555555555557]","[1.0, 1.0, 0.81]",0.7290000000000001,187.80886934454304,12.19113065545696
2105,10111010,011,000,1,0,"[34.888888888888886, 46.09053497942386, 41.9753086419753]","[0.81, 1.0, 1.0]",0.7290000000000001,187.86657408818658,12.133425911813418
2106,11010110,101,000,1,0,"[46.09053497942386, 34.888888888888886, 41.9753086419753]","[1.0, 0.81, 1.0]",0.7290000000000001,187.86657408818658,12.133425911813418
2107,01111110,011,000,1,0,"[35.55555555555556, 45.432098765432094, 41.9753086419753]","[0.81, 1.0, 1.0]",0.7290000000000001,187.87786414672559,12.122135853274415
2108,11101110,101,000,1,0,"[45.432098765432094, 35.55555555555556, 41.9753086419753]","[1.0, 0.81, 1.0]",0.7290000000000001,187.87786414672559,12.122135853274415
2109,00100111,110,000,0,0,"[51.51653711324493, 51.51653711324493, 33.55555555555556]","[1.0, 1.0, 0.9]",0.81,187.88719726178445,12.11280273821555
2110,11011110,011,010,0,0,"[33.33333333333333, 42.888888888888886, 41.9753086419753]","[0.81, 1.0, 1.0]",0.7290000000000001,187.9801520770885,12.01984792291151
2111,11111010,101,100,0,0,"[42.888888888888886, 33.33333333333333, 41.9753086419753]","[1.0, 0.81, 1.0]",0.7290000000000001,187.9801520770885,12.01984792291151
2112,10111011,101,000,1,0,"[48.01097393689986, 33.33333333333333, 41.7283950617284]","[1.0, 0.81, 1.0]",0.7290000000000001,188.02839826057829,11.971601739421715
2113,11010111,011,000,1,0,"[33.33333333333333, 48.01097393689986, 41.7283950617284]","[0.81, 1.0, 1.0]",0.7290000000000001,188.02839826057829,11.971601739421715
2114,11011101,110,000,1,0,"[46.09053497942386, 45.432098765432094, 31.555555555555557]","[1.0, 1.0, 0.81]",0.7290000000000001,188.0359249662709,11.964075033729102
2115,11111001,110,000,1,0,"[45.432098765432094, 46.09053497942386, 31.555555555555557]","[1.0, 1.0, 0.81]",0.7290000000000001,188.0359249662709,11.964075033729102
2116,01110111,011,001,1,0,"[35.55555555555556, 48.01097393689986, 39.55555555555556]","[0.81, 1.0, 1.0]",0.7290000000000001,188.09613861181202,11.903861388187977
2117,10101111,101,001,1,0,"[48.01097393689986, 35.55555555555556, 39.55555555555556]","[1.0, 0.81, 1.0]",0.7290000000000001,188.09613861181202,11.903861388187977
2118,11011111,011,001,0,0,"[33.33333333333333, 45.432098765432094, 39.55555555555556]","[0.81, 1.0, 1.0]",0.7290000000000001,188.1495029551728,11.850497044827193
2119,11111011,101,001,0,0,"[45.432098765432094, 33.33333333333333, 39.55555555555556]","[1.0, 0.81, 1.0]",0.7290000000000001,188.1495029551728,11.850497044827193
2120,11111110,110,010,0,0,"[45.432098765432094, 42.888888888888886, 30.0]","[1.0, 1.0, 0.81]",0.7290000000000001,188.1495029551728,11.850497044827193
2121,11111110,110,100,0,0,"[42.888888888888886, 45.432098765432094, 30.0]","[1.0, 1.0, 0.81]",0.7290000000000001,188.1495029551728,11.850497044827193
2122,00000111,110,000,0,0,"[51.821368693796664, 51.51653711324493, 33.55555555555556]","[1.0, 1.0, 0.9]",0.81,188.26353254641623,11.73646745358377
2123,00100011,110,000,0,0,"[51.51653711324493, 51.821368693796664, 33.55555555555556]","[1.0, 1.0, 0.9]",0.81,188.26353254641623,11.73646745358377
2124,01110111,101,001,1,0,"[48.83401920438958, 34.888888888888886, 39.55555555555556]","[1.0, 0.81, 1.0]",0.7290000000000001,188.31064972405213,11.689350275947874
2125,01111101,110,010,1,0,"[48.83401920438958, 42.888888888888886, 31.555555555555557]","[1.0, 1.0, 0.81]",0.7290000000000001,188.31064972405213,11.689350275947874
2126,10101111,011,001,1,0,"[34.888888888888886, 48.83401920438958, 39.55555555555556]","[0.81, 1.0, 1.0]",0.7290000000000001,188.31064972405213,11.689350275947874
2127,11101101,110,100,1,0,"[42.888888888888886, 48.83401920438958, 31.555555555555557]","[1.0, 1.0, 0.81]",0.7290000000000001,188.31064972405213,11.689350275947874
2128,10111111,100,000,0,0,"[48.01097393689986, 36.888888888888886, 33.55555555555556]","[1.0, 0.9, 0.9]",0.7290000000000001,188.33390724464235,11.666092755357653
2129,11110111,010,000,0,0,"[36.888888888888886, 48.01097393689986, 33.55555555555556]","[0.9, 1.0, 0.9]",0.7290000000000001,188.33390724464235,11.666092755357653
2130,10111010,101,000,1,0,"[48.01097393689986, 33.33333333333333, 41.9753086419753]","[1.0, 0.81, 1.0]",0.7290000000000001,188.3671000167469,11.632899983253111
2131,11010110,011,000,1,0,"[33.33333333333333, 48.01097393689986, 41.9753086419753]","[0.81, 1.0, 1.0]",0.7290000000000001,188.3671000167469,11.632899983253111
2132,11011000,011,000,1,0,"[33.33333333333333, 46.09053497942386, 43.8957475994513]","[0.81, 1.0, 1.0]",0.7290000000000001,188.3671000167469,11.632899983253111
2133,11011000,101,000,1,0,"[46.09053497942386, 33.33333333333333, 43.8957475994513]","[1.0, 0.81, 1.0]",0.7290000000000001,188.3671000167469,11.632899983253111
2134,11011001,011,000,1,0,"[33.33333333333333, 46.09053497942386, 43.895747599451305]","[0.81, 1.0, 1.0]",0.7290000000000001,188.3671000167469,11.632899983253111
2135,11011001,101,000,1,0,"[46.09053497942386, 33.33333333333333, 43.895747599451305]","[1.0, 0.81, 1.0]",0.7290000000000001,188.3671000167469,11.632899983253111
2136,01111011,011,000,1,0,"[35.55555555555556, 46.09053497942386, 41.7283950617284]","[0.81, 1.0, 1.0]",0.7290000000000001,188.44236707367324,11.557632926326761
2137,11001111,101,000,1,0,"[46.09053497942386, 35.55555555555556, 41.7283950617284]","[1.0, 0.81, 1.0]",0.7290000000000001,188.44236707367324,11.557632926326761
2138,10111110,110,000,1,0,"[48.01097393689986, 45.432098765432094, 30.0]","[1.0, 1.0, 0.81]",0.7290000000000001,188.5364508948312,11.463549105168795
2139,11110110,110,000,1,0,"[45.432098765432094, 48.01097393689986, 30.0]","[1.0, 1.0, 0.81]",0.7290000000000001,188.5364508948312,11.463549105168795
2140,00000011,110,000,0,0,"[51.821368693796664, 51.821368693796664, 33.55555555555556]","[1.0, 1.0, 0.9]",0.81,188.63986783104798,11.36013216895202
2141,10011011,101,000,1,0,"[48.46822130772747, 33.33333333333333, 41.7283950617284]","[1.0, 0.81, 1.0]",0.7290000000000001,188.6556237349646,11.344376265035407
2142,11010011,011,000,1,0,"[33.33333333333333, 48.46822130772747, 41.7283950617284]","[0.81, 1.0, 1.0]",0.7290000000000001,188.6556237349646,11.344376265035407
2143,11011111,001,001,1,0,"[33.33333333333333, 36.888888888888886, 39.55555555555556]","[0.81, 0.9, 1.0]",0.6561000000000001,188.65687818591334,11.343121814086658
2144,11011111,010,010,1,0,"[33.33333333333333, 42.888888888888886, 33.55555555555556]","[0.81, 1.0, 0.9]",0.6561000000000001,188.65687818591334,11.343121814086658
2145,11111011,001,001,1,0,"[36.888888888888886, 33.33333333333333, 39.55555555555556]","[0.9, 0.81, 1.0]",0.6561000000000001,188.65687818591334,11.343121814086658
2146,11111011,100,100,1,0,"[42.888888888888886, 33.33333333333333, 33.55555555555556]","[1.0, 0.81, 0.9]",0.6561000000000001,188.65687818591334,11.343121814086658
2147,11111110,010,010,1,0,"[36.888888888888886, 42.888888888888886, 30.0]","[0.9, 1.0, 0.81]",0.6561000000000001,188.65687818591334,11.343121814086658
2148,11111110,100,100,1,0,"[42.888888888888886, 36.888888888888886, 30.0]","[1.0, 0.9, 0.81]",0.6561000000000001,188.65687818591334,11.343121814086658
2149,01110011,011,001,1,0,"[35.55555555555556, 48.46822130772747, 39.55555555555556]","[0.81, 1.0, 1.0]",0.7290000000000001,188.7233640861983,11.276635913801698
2150,10001111,101,001,1,0,"[48.46822130772747, 35.55555555555556, 39.55555555555556]","[1.0, 0.81, 1.0]",0.7290000000000001,188.7233640861983,11.276635913801698
2151,01111010,011,000,1,0,"[35.55555555555556, 46.09053497942386, 41.9753086419753]","[0.81, 1.0, 1.0]",0.7290000000000001,188.78106882984184,11.218931170158157
2152,11001110,101,000,1,0,"[46.09053497942386, 35.55555555555556, 41.9753086419753]","[1.0, 0.81, 1.0]",0.7290000000000001,188.78106882984184,11.218931170158157
2153,11011001,110,000,1,0,"[46.09053497942386, 46.09053497942386, 31.555555555555557]","[1.0, 1.0, 0.81]",0.7290000000000001,188.93912964938718,11.060870350612817
2154,10011111,100,000,0,0,"[48.46822130772747, 36.888888888888886, 33.55555555555556]","[1.0, 0.9, 0.9]",0.7290000000000001,188.96113271902865,11.038867280971346
2155,11110011,010,000,0,0,"[36.888888888888886, 48.46822130772747, 33.55555555555556]","[0.9, 1.0, 0.9]",0.7290000000000001,188.96113271902865,11.038867280971346
2156,10011010,101,000,1,0,"[48.46822130772747, 33.33333333333333, 41.9753086419753]","[1.0, 0.81, 1.0]",0.7290000000000001,188.99432549113317,11.005674508866832
2157,11010010,011,000,1,0,"[33.33333333333333, 48.46822130772747, 41.9753086419753]","[0.81, 1.0, 1.0]",0.7290000000000001,188.99432549113317,11.005674508866832
2158,11011011,011,001,0,0,"[33.33333333333333, 46.09053497942386, 39.55555555555556]","[0.81, 1.0, 1.0]",0.7290000000000001,189.05270763828906,10.947292361710936
2159,11011011,101,001,0,0,"[46.09053497942386, 33.33333333333333, 39.55555555555556]","[1.0, 0.81, 1.0]",0.7290000000000001,189.05270763828906,10.947292361710936
2160,11011110,110,010,0,0,"[46.09053497942386, 42.888888888888886, 30.0]","[1.0, 1.0, 0.81]",0.7290000000000001,189.05270763828906,10.947292361710936
2161,11111010,110,100,0,0,"[42.888888888888886, 46.09053497942386, 30.0]","[1.0, 1.0, 0.81]",0.7290000000000001,189.05270763828906,10.947292361710936
2162,01010111,101,001,1,0,"[49.38271604938271, 34.888888888888886, 39.55555555555556]","[1.0, 0.81, 1.0]",0.7290000000000001,189.06332029331566,10.936679706684345
2163,01011101,110,010,1,0,"[49.38271604938271, 42.888888888888886, 31.555555555555557]","[1.0, 1.0, 0.81]",0.7290000000000001,189.06332029331566,10.936679706684345
2164,10101011,011,001,1,0,"[34.888888888888886, 49.38271604938271, 39.55555555555556]","[0.81, 1.0, 1.0]",0.7290000000000001,189.06332029331566,10.936679706684345
2165,11101001,110,100,1,0,"[42.888888888888886, 49.38271604938271, 31.555555555555557]","[1.0, 1.0, 0.81]",0.7290000000000001,189.06332029331566,10.936679706684345
2166,01111011,101,000,1,0,"[48.83401920438958, 33.33333333333333, 41.7283950617284]","[1.0, 0.81, 1.0]",0.7290000000000001,189.15740411447365,10.84259588552635
2167,11001111,011,000,1,0,"[33.33333333333333, 48.83401920438958, 41.7283950617284]","[0.81, 1.0, 1.0]",0.7290000000000001,189.15740411447365,10.84259588552635
2168,10011110,110,000,1,0,"[48.46822130772747, 45.432098765432094, 30.0]","[1.0, 1.0, 0.81]",0.7290000000000001,189.16367636921746,10.836323630782545
2169,11110010,110,000,1,0,"[45.432098765432094, 48.46822130772747, 30.0]","[1.0, 1.0, 0.81]",0.7290000000000001,189.16367636921746,10.836323630782545
2170,01101111,011,001,1,0,"[35.55555555555556, 48.83401920438958, 39.55555555555556]","[0.81, 1.0, 1.0]",0.7290000000000001,189.2251444657074,10.774855534292612
2171,01101111,101,001,1,0,"[48.83401920438958, 35.55555555555556, 39.55555555555556]","[1.0, 0.81, 1.0]",0.7290000000000001,189.2251444657074,10.774855534292612
2172,10111010,110,000,1,0,"[48.01097393689986, 46.09053497942386, 30.0]","[1.0, 1.0, 0.81]",0.7290000000000001,189.43965557794746,10.560344422052538
2173,11010110,110,000,1,0,"[46.09053497942386, 48.01097393689986, 30.0]","[1.0, 1.0, 0.81]",0.7290000000000001,189.43965557794746,10.560344422052538
2174,01111111,100,000,0,0,"[48.83401920438958, 36.888888888888886, 33.55555555555556]","[1.0, 0.9, 0.9]",0.7290000000000001,189.46291309853774,10.53708690146226
2175,11101111,010,000,0,0,"[36.888888888888886, 48.83401920438958, 33.55555555555556]","[0.9, 1.0, 0.9]",0.7290000000000001,189.46291309853774,10.53708690146226
2176,01111010,101,000,1,0,"[48.83401920438958, 33.33333333333333, 41.9753086419753]","[1.0, 0.81, 1.0]",0.7290000000000001,189.49610587064225,10.503894129357747
2177,11001110,011,000,1,0,"[33.33333333333333, 48.83401920438958, 41.9753086419753]","[0.81, 1.0, 1.0]",0.7290000000000001,189.49610587064225,10.503894129357747
2178,10111100,011,000,1,0,"[34.888888888888886, 45.432098765432094, 43.8957475994513]","[0.81, 1.0, 1.0]",0.7290000000000001,189.5977163974928,10.402283602507197
2179,11110100,101,000,1,0,"[45.432098765432094, 34.888888888888886, 43.8957475994513]","[1.0, 0.81, 1.0]",0.7290000000000001,189.5977163974928,10.402283602507197
2180,10111101,011,000,1,0,"[34.888888888888886, 45.432098765432094, 43.895747599451305]","[0.81, 1.0, 1.0]",0.7290000000000001,189.59771639749283,10.402283602507168
2181,11110101,101,000,1,0,"[45.432098765432094, 34.888888888888886, 43.895747599451305]","[1.0, 0.81, 1.0]",0.7290000000000001,189.59771639749283,10.402283602507168
2182,01111110,110,000,1,0,"[48.83401920438958, 45.432098765432094, 30.0]","[1.0, 1.0, 0.81]",0.7290000000000001,189.66545674872654,10.334543251273459
2183,11101110,110,000,1,0,"[45.432098765432094, 48.83401920438958, 30.0]","[1.0, 1.0, 0.81]",0.7290000000000001,189.66545674872654,10.334543251273459
2184,10111111,011,010,0,0,"[34.888888888888886, 42.888888888888886, 41.7283950617284]","[0.81, 1.0, 1.0]",0.7290000000000001,189.77527138478212,10.224728615217884
2185,11110111,101,100,0,0,"[42.888888888888886, 34.888888888888886, 41.7283950617284]","[1.0, 0.81, 1.0]",0.7290000000000001,189.77527138478212,10.224728615217884
2186,00111011,101,001,1,0,"[51.51653711324493, 33.33333333333333, 39.55555555555556]","[1.0, 0.81, 1.0]",0.7290000000000001,189.85655144325625,10.14344855674375
2187,00111110,110,010,1,0,"[51.51653711324493, 42.888888888888886, 30.0]","[1.0, 1.0, 0.81]",0.7290000000000001,189.85655144325625,10.14344855674375
2188,11000111,011,001,1,0,"[33.33333333333333, 51.51653711324493, 39.55555555555556]","[0.81, 1.0, 1.0]",0.7290000000000001,189.85655144325625,10.14344855674375
2189,11100110,110,100,1,0,"[42.888888888888886, 51.51653711324493, 30.0]","[1.0, 1.0, 0.81]",0.7290000000000001,189.85655144325625,10.14344855674375
2190,01011011,101,000,1,0,"[49.38271604938271, 33.33333333333333, 41.7283950617284]","[1.0, 0.81, 1.0]",0.7290000000000001,189.91007468373718,10.089925316262821
2191,11001011,011,000,1,0,"[33.33333333333333, 49.38271604938271, 41.7283950617284]","[0.81, 1.0, 1.0]",0.7290000000000001,189.91007468373718,10.089925316262821
2192,01001111,101,001,1,0,"[49.38271604938271, 35.55555555555556, 39.55555555555556]","[1.0, 0.81, 1.0]",0.7290000000000001,189.97781503497092,10.022184965029084
2193,01101011,011,001,1,0,"[35.55555555555556, 49.38271604938271, 39.55555555555556]","[0.81, 1.0, 1.0]",0.7290000000000001,189.97781503497092,10.022184965029084
2194,10011010,110,000,1,0,"[48.46822130772747, 46.09053497942386, 30.0]","[1.0, 1.0, 0.81]",0.7290000000000001,190.06688105233374,9.933118947666259
2195,11010010,110,000,1,0,"[46.09053497942386, 48.46822130772747, 30.0]","[1.0, 1.0, 0.81]",0.7290000000000001,190.06688105233374,9.933118947666259
2196,10111110,011,010,0,0,"[34.888888888888886, 42.888888888888886, 41.9753086419753]","[0.81, 1.0, 1.0]",0.7290000000000001,190.1139731409507,9.88602685904931
2197,11110110,101,100,0,0,"[42.888888888888886, 34.888888888888886, 41.9753086419753]","[1.0, 0.81, 1.0]",0.7290000000000001,190.1139731409507,9.88602685904931
2198,10110111,011,000,1,0,"[34.888888888888886, 48.01097393689986, 41.7283950617284]","[0.81, 1.0, 1.0]",0.7290000000000001,190.1622193244405,9.837780675559486
2199,10110111,101,000,1,0,"[48.01097393689986, 34.888888888888886, 41.7283950617284]","[1.0, 0.81, 1.0]",0.7290000000000001,190.1622193244405,9.837780675559486
2200,01011111,100,000,0,0,"[49.38271604938271, 36.888888888888886, 33.55555555555556]","[1.0, 0.9, 0.9]",0.7290000000000001,190.21558366780127,9.784416332198731
2201,11101011,010,000,0,0,"[36.888888888888886, 49.38271604938271, 33.55555555555556]","[0.9, 1.0, 0.9]",0.7290000000000001,190.21558366780127,9.784416332198731
2202,01011010,101,000,1,0,"[49.38271604938271, 33.33333333333333, 41.9753086419753]","[1.0, 0.81, 1.0]",0.7290000000000001,190.24877643990578,9.751223560094218
2203,11001010,011,000,1,0,"[33.33333333333333, 49.38271604938271, 41.9753086419753]","[0.81, 1.0, 1.0]",0.7290000000000001,190.24877643990578,9.751223560094218
2204,00011011,101,001,1,0,"[51.821368693796664, 33.33333333333333, 39.55555555555556]","[1.0, 0.81, 1.0]",0.7290000000000001,190.27470175951376,9.72529824048624
2205,00011110,110,010,1,0,"[51.821368693796664, 42.888888888888886, 30.0]","[1.0, 1.0, 0.81]",0.7290000000000001,190.27470175951376,9.72529824048624
2206,11000011,011,001,1,0,"[33.33333333333333, 51.821368693796664, 39.55555555555556]","[0.81, 1.0, 1.0]",0.7290000000000001,190.27470175951376,9.72529824048624
2207,11100010,110,100,1,0,"[42.888888888888886, 51.821368693796664, 30.0]","[1.0, 1.0, 0.81]",0.7290000000000001,190.27470175951376,9.72529824048624
2208,10111111,011,001,0,0,"[34.888888888888886, 45.432098765432094, 39.55555555555556]","[0.81, 1.0, 1.0]",0.7290000000000001,190.283324019035,9.716675980964993
2209,11110111,101,001,0,0,"[45.432098765432094, 34.888888888888886, 39.55555555555556]","[1.0, 0.81, 1.0]",0.7290000000000001,190.283324019035,9.716675980964993
2210,11111101,110,010,0,0,"[45.432098765432094, 42.888888888888886, 31.555555555555557]","[1.0, 1.0, 0.81]",0.7290000000000001,190.283324019035,9.716675980964993
2211,11111101,110,100,0,0,"[42.888888888888886, 45.432098765432094, 31.555555555555557]","[1.0, 1.0, 0.81]",0.7290000000000001,190.283324019035,9.716675980964993
2212,01011110,110,000,1,0,"[49.38271604938271, 45.432098765432094, 30.0]","[1.0, 1.0, 0.81]",0.7290000000000001,190.4181273179901,9.581872682009902
2213,11101010,110,000,1,0,"[45.432098765432094, 49.38271604938271, 30.0]","[1.0, 1.0, 0.81]",0.7290000000000001,190.4181273179901,9.581872682009902
2214,10111000,011,000,1,0,"[34.888888888888886, 46.09053497942386, 43.8957475994513]","[0.81, 1.0, 1.0]",0.7290000000000001,190.5009210806091,9.49907891939091
2215,11010100,101,000,1,0,"[46.09053497942386, 34.888888888888886, 43.8957475994513]","[1.0, 0.81, 1.0]",0.7290000000000001,190.5009210806091,9.49907891939091
2216,10110110,011,000,1,0,"[34.888888888888886, 48.01097393689986, 41.9753086419753]","[0.81, 1.0, 1.0]",0.7290000000000001,190.50092108060912,9.499078919390882
2217,10110110,101,000,1,0,"[48.01097393689986, 34.888888888888886, 41.9753086419753]","[1.0, 0.81, 1.0]",0.7290000000000001,190.50092108060912,9.499078919390882
2218,10111001,011,000,1,0,"[34.888888888888886, 46.09053497942386, 43.895747599451305]","[0.81, 1.0, 1.0]",0.7290000000000001,190.50092108060912,9.499078919390882
2219,11010101,101,000,1,0,"[46.09053497942386, 34.888888888888886, 43.895747599451305]","[1.0, 0.81, 1.0]",0.7290000000000001,190.50092108060912,9.499078919390882
2220,01111100,011,000,1,0,"[35.55555555555556, 45.432098765432094, 43.8957475994513]","[0.81, 1.0, 1.0]",0.7290000000000001,190.51221113914806,9.487788860851936
2221,01111101,011,000,1,0,"[35.55555555555556, 45.432098765432094, 43.895747599451305]","[0.81, 1.0, 1.0]",0.7290000000000001,190.51221113914806,9.487788860851936
2222,11101100,101,000,1,0,"[45.432098765432094, 35.55555555555556, 43.8957475994513]","[1.0, 0.81, 1.0]",0.7290000000000001,190.51221113914806,9.487788860851936
2223,11101101,101,000,1,0,"[45.432098765432094, 35.55555555555556, 43.895747599451305]","[1.0, 0.81, 1.0]",0.7290000000000001,190.51221113914806,9.487788860851936
2224,01111010,110,000,1,0,"[48.83401920438958, 46.09053497942386, 30.0]","[1.0, 1.0, 0.81]",0.7290000000000001,190.5686614318428,9.431338568157202
2225,11001110,110,000,1,0,"[46.09053497942386, 48.83401920438958, 30.0]","[1.0, 1.0, 0.81]",0.7290000000000001,190.5686614318428,9.431338568157202
2226,11011100,011,010,0,0,"[33.33333333333333, 42.888888888888886, 43.8957475994513]","[0.81, 1.0, 1.0]",0.7290000000000001,190.61449906951097,9.38550093048903
2227,11011101,011,010,0,0,"[33.33333333333333, 42.888888888888886, 43.895747599451305]","[0.81, 1.0, 1.0]",0.7290000000000001,190.61449906951097,9.38550093048903
2228,11111000,101,100,0,0,"[42.888888888888886, 33.33333333333333, 43.8957475994513]","[1.0, 0.81, 1.0]",0.7290000000000001,190.61449906951097,9.38550093048903
2229,11111001,101,100,0,0,"[42.888888888888886, 33.33333333333333, 43.895747599451305]","[1.0, 0.81, 1.0]",0.7290000000000001,190.61449906951097,9.38550093048903
2230,10111101,110,000,1,0,"[48.01097393689986, 45.432098765432094, 31.555555555555557]","[1.0, 1.0, 0.81]",0.7290000000000001,190.6702719586934,9.329728041306595
2231,11110101,110,000,1,0,"[45.432098765432094, 48.01097393689986, 31.555555555555557]","[1.0, 1.0, 0.81]",0.7290000000000001,190.6702719586934,9.329728041306595
2232,01111111,011,010,0,0,"[35.55555555555556, 42.888888888888886, 41.7283950617284]","[0.81, 1.0, 1.0]",0.7290000000000001,190.68976612643735,9.310233873562652
2233,11101111,101,100,0,0,"[42.888888888888886, 35.55555555555556, 41.7283950617284]","[1.0, 0.81, 1.0]",0.7290000000000001,190.68976612643735,9.310233873562652
2234,10010111,101,000,1,0,"[48.46822130772747, 34.888888888888886, 41.7283950617284]","[1.0, 0.81, 1.0]",0.7290000000000001,190.78944479882682,9.210555201173179
2235,10110011,011,000,1,0,"[34.888888888888886, 48.46822130772747, 41.7283950617284]","[0.81, 1.0, 1.0]",0.7290000000000001,190.78944479882682,9.210555201173179
2236,10111000,101,000,1,0,"[48.01097393689986, 33.33333333333333, 43.8957475994513]","[1.0, 0.81, 1.0]",0.7290000000000001,191.00144700916937,8.998552990830632
2237,10111001,101,000,1,0,"[48.01097393689986, 33.33333333333333, 43.895747599451305]","[1.0, 0.81, 1.0]",0.7290000000000001,191.00144700916937,8.998552990830632
2238,11010100,011,000,1,0,"[33.33333333333333, 48.01097393689986, 43.8957475994513]","[0.81, 1.0, 1.0]",0.7290000000000001,191.00144700916937,8.998552990830632
2239,11010101,011,000,1,0,"[33.33333333333333, 48.01097393689986, 43.895747599451305]","[0.81, 1.0, 1.0]",0.7290000000000001,191.00144700916937,8.998552990830632
2240,10111111,001,001,1,0,"[34.888888888888886, 36.888888888888886, 39.55555555555556]","[0.81, 0.9, 1.0]",0.6561000000000001,191.0277904790936,8.972209520906404
2241,10111111,010,010,1,0,"[34.888888888888886, 42.888888888888886, 33.55555555555556]","[0.81, 1.0, 0.9]",0.6561000000000001,191.0277904790936,8.972209520906404
2242,11110111,001,001,1,0,"[36.888888888888886, 34.888888888888886, 39.55555555555556]","[0.9, 0.81, 1.0]",0.6561000000000001,191.0277904790936,8.972209520906404
2243,11110111,100,100,1,0,"[42.888888888888886, 34.888888888888886, 33.55555555555556]","[1.0, 0.81, 0.9]",0.6561000000000001,191.0277904790936,8.972209520906404
2244,11111101,010,010,1,0,"[36.888888888888886, 42.888888888888886, 31.555555555555557]","[0.9, 1.0, 0.81]",0.6561000000000001,191.0277904790936,8.972209520906404
2245,11111101,100,100,1,0,"[42.888888888888886, 36.888888888888886, 31.555555555555557]","[1.0, 0.9, 0.81]",0.6561000000000001,191.0277904790936,8.972209520906404
2246,01111110,011,010,0,0,"[35.55555555555556, 42.888888888888886, 41.9753086419753]","[0.81, 1.0, 1.0]",0.7290000000000001,191.02846788260595,8.971532117394048
2247,11101110,101,100,0,0,"[42.888888888888886, 35.55555555555556, 41.9753086419753]","[1.0, 0.81, 1.0]",0.7290000000000001,191.02846788260595,8.971532117394048
2248,01110111,011,000,1,0,"[35.55555555555556, 48.01097393689986, 41.7283950617284]","[0.81, 1.0, 1.0]",0.7290000000000001,191.07671406609575,8.923285933904253
2249,10101111,101,000,1,0,"[48.01097393689986, 35.55555555555556, 41.7283950617284]","[1.0, 0.81, 1.0]",0.7290000000000001,191.07671406609575,8.923285933904253
2250,10010110,101,000,1,0,"[48.46822130772747, 34.888888888888886, 41.9753086419753]","[1.0, 0.81, 1.0]",0.7290000000000001,191.12814655499537,8.871853445004632
2251,10110010,011,000,1,0,"[34.888888888888886, 48.46822130772747, 41.9753086419753]","[0.81, 1.0, 1.0]",0.7290000000000001,191.12814655499537,8.871853445004632
2252,11011111,011,000,0,0,"[33.33333333333333, 45.432098765432094, 41.7283950617284]","[0.81, 1.0, 1.0]",0.7290000000000001,191.13007840945653,8.86992159054347
2253,11111011,101,000,0,0,"[45.432098765432094, 33.33333333333333, 41.7283950617284]","[1.0, 0.81, 1.0]",0.7290000000000001,191.13007840945653,8.86992159054347
2254,10111011,011,001,0,0,"[34.888888888888886, 46.09053497942386, 39.55555555555556]","[0.81, 1.0, 1.0]",0.7290000000000001,191.18652870215126,8.813471297848736
2255,11010111,101,001,0,0,"[46.09053497942386, 34.888888888888886, 39.55555555555556]","[1.0, 0.81, 1.0]",0.7290000000000001,191.18652870215126,8.813471297848736
2256,11011101,110,010,0,0,"[46.09053497942386, 42.888888888888886, 31.555555555555557]","[1.0, 1.0, 0.81]",0.7290000000000001,191.18652870215126,8.813471297848736
2257,11111001,110,100,0,0,"[42.888888888888886, 46.09053497942386, 31.555555555555557]","[1.0, 1.0, 0.81]",0.7290000000000001,191.18652870215126,8.813471297848736
2258,01111111,011,001,0,0,"[35.55555555555556, 45.432098765432094, 39.55555555555556]","[0.81, 1.0, 1.0]",0.7290000000000001,191.19781876069027,8.802181239309732
2259,11101111,101,001,0,0,"[45.432098765432094, 35.55555555555556, 39.55555555555556]","[1.0, 0.81, 1.0]",0.7290000000000001,191.19781876069027,8.802181239309732
2260,01110111,101,000,1,0,"[48.83401920438958, 34.888888888888886, 41.7283950617284]","[1.0, 0.81, 1.0]",0.7290000000000001,191.29122517833585,8.70877482166415
2261,10101111,011,000,1,0,"[34.888888888888886, 48.83401920438958, 41.7283950617284]","[0.81, 1.0, 1.0]",0.7290000000000001,191.29122517833585,8.70877482166415
2262,10011101,110,000,1,0,"[48.46822130772747, 45.432098765432094, 31.555555555555557]","[1.0, 1.0, 0.81]",0.7290000000000001,191.2974974330797,8.702502566920288
2263,11110001,110,000,1,0,"[45.432098765432094, 48.46822130772747, 31.555555555555557]","[1.0, 1.0, 0.81]",0.7290000000000001,191.2974974330797,8.702502566920288
2264,01011010,110,000,1,0,"[49.38271604938271, 46.09053497942386, 30.0]","[1.0, 1.0, 0.81]",0.7290000000000001,191.32133200110638,8.678667998893616
2265,11001010,110,000,1,0,"[46.09053497942386, 49.38271604938271, 30.0]","[1.0, 1.0, 0.81]",0.7290000000000001,191.32133200110638,8.678667998893616
2266,01110110,011,000,1,0,"[35.55555555555556, 48.01097393689986, 41.9753086419753]","[0.81, 1.0, 1.0]",0.7290000000000001,191.41541582226435,8.58458417773565
2267,01111000,011,000,1,0,"[35.55555555555556, 46.09053497942386, 43.8957475994513]","[0.81, 1.0, 1.0]",0.7290000000000001,191.41541582226435,8.58458417773565
2268,01111001,011,000,1,0,"[35.55555555555556, 46.09053497942386, 43.895747599451305]","[0.81, 1.0, 1.0]",0.7290000000000001,191.41541582226435,8.58458417773565
2269,10101110,101,000,1,0,"[48.01097393689986, 35.55555555555556, 41.9753086419753]","[1.0, 0.81, 1.0]",0.7290000000000001,191.41541582226435,8.58458417773565
2270,11001100,101,000,1,0,"[46.09053497942386, 35.55555555555556, 43.8957475994513]","[1.0, 0.81, 1.0]",0.7290000000000001,191.41541582226435,8.58458417773565
2271,11001101,101,000,1,0,"[46.09053497942386, 35.55555555555556, 43.895747599451305]","[1.0, 0.81, 1.0]",0.7290000000000001,191.41541582226435,8.58458417773565
2272,11011110,011,000,0,0,"[33.33333333333333, 45.432098765432094, 41.9753086419753]","[0.81, 1.0, 1.0]",0.7290000000000001,191.46878016562513,8.531219834374866
2273,11111010,101,000,0,0,"[45.432098765432094, 33.33333333333333, 41.9753086419753]","[1.0, 0.81, 1.0]",0.7290000000000001,191.46878016562513,8.531219834374866
2274,10111001,110,000,1,0,"[48.01097393689986, 46.09053497942386, 31.555555555555557]","[1.0, 1.0, 0.81]",0.7290000000000001,191.57347664180966,8.426523358190337
2275,11010101,110,000,1,0,"[46.09053497942386, 48.01097393689986, 31.555555555555557]","[1.0, 1.0, 0.81]",0.7290000000000001,191.57347664180966,8.426523358190337
2276,10011000,101,000,1,0,"[48.46822130772747, 33.33333333333333, 43.8957475994513]","[1.0, 0.81, 1.0]",0.7290000000000001,191.62867248355568,8.371327516444325
2277,10011001,101,000,1,0,"[48.46822130772747, 33.33333333333333, 43.895747599451305]","[1.0, 0.81, 1.0]",0.7290000000000001,191.62867248355568,8.371327516444325
2278,11010000,011,000,1,0,"[33.33333333333333, 48.46822130772747, 43.8957475994513]","[0.81, 1.0, 1.0]",0.7290000000000001,191.62867248355568,8.371327516444325
2279,11010001,011,000,1,0,"[33.33333333333333, 48.46822130772747, 43.895747599451305]","[0.81, 1.0, 1.0]",0.7290000000000001,191.62867248355568,8.371327516444325
2280,01110110,101,000,1,0,"[48.83401920438958, 34.888888888888886, 41.9753086419753]","[1.0, 0.81, 1.0]",0.7290000000000001,191.62992693450445,8.370073065495546
2281,10101110,011,000,1,0,"[34.888888888888886, 48.83401920438958, 41.9753086419753]","[0.81, 1.0, 1.0]",0.7290000000000001,191.62992693450445,8.370073065495546
2282,11111110,110,000,0,0,"[45.432098765432094, 45.432098765432094, 30.0]","[1.0, 1.0, 0.81]",0.7290000000000001,191.63813104370945,8.36186895629055
2283,10111011,101,001,0,0,"[48.01097393689986, 33.33333333333333, 39.55555555555556]","[1.0, 0.81, 1.0]",0.7290000000000001,191.68705463071157,8.312945369288428
2284,10111110,110,010,0,0,"[48.01097393689986, 42.888888888888886, 30.0]","[1.0, 1.0, 0.81]",0.7290000000000001,191.68705463071157,8.312945369288428
2285,11010111,011,001,0,0,"[33.33333333333333, 48.01097393689986, 39.55555555555556]","[0.81, 1.0, 1.0]",0.7290000000000001,191.68705463071157,8.312945369288428
2286,11110110,110,100,0,0,"[42.888888888888886, 48.01097393689986, 30.0]","[1.0, 1.0, 0.81]",0.7290000000000001,191.68705463071157,8.312945369288428
2287,01110011,011,000,1,0,"[35.55555555555556, 48.46822130772747, 41.7283950617284]","[0.81, 1.0, 1.0]",0.7290000000000001,191.70393954048203,8.296060459517975
2288,10001111,101,000,1,0,"[48.46822130772747, 35.55555555555556, 41.7283950617284]","[1.0, 0.81, 1.0]",0.7290000000000001,191.70393954048203,8.296060459517975
2289,01111101,110,000,1,0,"[48.83401920438958, 45.432098765432094, 31.555555555555557]","[1.0, 1.0, 0.81]",0.7290000000000001,191.79927781258877,8.20072218741123
2290,11101101,110,000,1,0,"[45.432098765432094, 48.83401920438958, 31.555555555555557]","[1.0, 1.0, 0.81]",0.7290000000000001,191.79927781258877,8.20072218741123
2291,11011111,001,000,1,0,"[33.33333333333333, 36.888888888888886, 41.7283950617284]","[0.81, 0.9, 1.0]",0.6561000000000001,191.96862869067303,8.031371309326971
2292,11111011,001,000,1,0,"[36.888888888888886, 33.33333333333333, 41.7283950617284]","[0.9, 0.81, 1.0]",0.6561000000000001,191.96862869067303,8.031371309326971
2293,00110111,101,001,1,0,"[51.51653711324493, 34.888888888888886, 39.55555555555556]","[1.0, 0.81, 1.0]",0.7290000000000001,191.99037250711845,8.009627492881549
2294,00111101,110,010,1,0,"[51.51653711324493, 42.888888888888886, 31.555555555555557]","[1.0, 1.0, 0.81]",0.7290000000000001,191.99037250711845,8.009627492881549
2295,10100111,011,001,1,0,"[34.888888888888886, 51.51653711324493, 39.55555555555556]","[0.81, 1.0, 1.0]",0.7290000000000001,191.99037250711845,8.009627492881549
2296,11100101,110,100,1,0,"[42.888888888888886, 51.51653711324493, 31.555555555555557]","[1.0, 1.0, 0.81]",0.7290000000000001,191.99037250711845,8.009627492881549
2297,11011011,011,000,0,0,"[33.33333333333333, 46.09053497942386, 41.7283950617284]","[0.81, 1.0, 1.0]",0.7290000000000001,192.0332830925728,7.966716907427212
2298,11011011,101,000,0,0,"[46.09053497942386, 33.33333333333333, 41.7283950617284]","[1.0, 0.81, 1.0]",0.7290000000000001,192.0332830925728,7.966716907427212
2299,01110010,011,000,1,0,"[35.55555555555556, 48.46822130772747, 41.9753086419753]","[0.81, 1.0, 1.0]",0.7290000000000001,192.04264129665063,7.957358703349371
2300,10001110,101,000,1,0,"[48.46822130772747, 35.55555555555556, 41.9753086419753]","[1.0, 0.81, 1.0]",0.7290000000000001,192.04264129665063,7.957358703349371
2301,01111111,001,001,1,0,"[35.55555555555556, 36.888888888888886, 39.55555555555556]","[0.81, 0.9, 1.0]",0.6561000000000001,192.0438957475994,7.956104252400593
2302,01111111,010,010,1,0,"[35.55555555555556, 42.888888888888886, 33.55555555555556]","[0.81, 1.0, 0.9]",0.6561000000000001,192.0438957475994,7.956104252400593
2303,11101111,001,001,1,0,"[36.888888888888886, 35.55555555555556, 39.55555555555556]","[0.9, 0.81, 1.0]",0.6561000000000001,192.0438957475994,7.956104252400593
2304,11101111,100,100,1,0,"[42.888888888888886, 35.55555555555556, 33.55555555555556]","[1.0, 0.81, 0.9]",0.6561000000000001,192.0438957475994,7.956104252400593
2305,01010111,101,000,1,0,"[49.38271604938271, 34.888888888888886, 41.7283950617284]","[1.0, 0.81, 1.0]",0.7290000000000001,192.04389574759944,7.956104252400564
2306,10101011,011,000,1,0,"[34.888888888888886, 49.38271604938271, 41.7283950617284]","[0.81, 1.0, 1.0]",0.7290000000000001,192.04389574759944,7.956104252400564
2307,10110110,110,000,1,0,"[48.01097393689986, 48.01097393689986, 30.0]","[1.0, 1.0, 0.81]",0.7290000000000001,192.07400257036997,7.92599742963003
2308,01111011,011,001,0,0,"[35.55555555555556, 46.09053497942386, 39.55555555555556]","[0.81, 1.0, 1.0]",0.7290000000000001,192.10102344380653,7.898976556193475
2309,11001111,101,001,0,0,"[46.09053497942386, 35.55555555555556, 39.55555555555556]","[1.0, 0.81, 1.0]",0.7290000000000001,192.10102344380653,7.898976556193475
2310,01111000,101,000,1,0,"[48.83401920438958, 33.33333333333333, 43.8957475994513]","[1.0, 0.81, 1.0]",0.7290000000000001,192.13045286306473,7.869547136935267
2311,01111001,101,000,1,0,"[48.83401920438958, 33.33333333333333, 43.895747599451305]","[1.0, 0.81, 1.0]",0.7290000000000001,192.13045286306473,7.869547136935267
2312,11001100,011,000,1,0,"[33.33333333333333, 48.83401920438958, 43.8957475994513]","[0.81, 1.0, 1.0]",0.7290000000000001,192.13045286306473,7.869547136935267
2313,11001101,011,000,1,0,"[33.33333333333333, 48.83401920438958, 43.895747599451305]","[0.81, 1.0, 1.0]",0.7290000000000001,192.13045286306473,7.869547136935267
2314,10011001,110,000,1,0,"[48.46822130772747, 46.09053497942386, 31.555555555555557]","[1.0, 1.0, 0.81]",0.7290000000000001,192.20070211619597,7.79929788380403
2315,11010001,110,000,1,0,"[46.09053497942386, 48.46822130772747, 31.555555555555557]","[1.0, 1.0, 0.81]",0.7290000000000001,192.20070211619597,7.79929788380403
2316,01101111,011,000,1,0,"[35.55555555555556, 48.83401920438958, 41.7283950617284]","[0.81, 1.0, 1.0]",0.7290000000000001,192.2057199199911,7.794280080008889
2317,01101111,101,000,1,0,"[48.83401920438958, 35.55555555555556, 41.7283950617284]","[1.0, 0.81, 1.0]",0.7290000000000001,192.2057199199911,7.794280080008889
2318,10011011,101,001,0,0,"[48.46822130772747, 33.33333333333333, 39.55555555555556]","[1.0, 0.81, 1.0]",0.7290000000000001,192.31428010509788,7.685719894902121
2319,10011110,110,010,0,0,"[48.46822130772747, 42.888888888888886, 30.0]","[1.0, 1.0, 0.81]",0.7290000000000001,192.31428010509788,7.685719894902121
2320,11010011,011,001,0,0,"[33.33333333333333, 48.46822130772747, 39.55555555555556]","[0.81, 1.0, 1.0]",0.7290000000000001,192.31428010509788,7.685719894902121
2321,11110010,110,100,0,0,"[42.888888888888886, 48.46822130772747, 30.0]","[1.0, 1.0, 0.81]",0.7290000000000001,192.31428010509788,7.685719894902121
2322,11011110,001,000,1,0,"[33.33333333333333, 36.888888888888886, 41.9753086419753]","[0.81, 0.9, 1.0]",0.6561000000000001,192.3449639753048,7.6550360246951925
2323,11111010,001,000,1,0,"[36.888888888888886, 33.33333333333333, 41.9753086419753]","[0.9, 0.81, 1.0]",0.6561000000000001,192.3449639753048,7.6550360246951925
2324,11011010,011,000,0,0,"[33.33333333333333, 46.09053497942386, 41.9753086419753]","[0.81, 1.0, 1.0]",0.7290000000000001,192.3719848487414,7.628015151258609
2325,11011010,101,000,0,0,"[46.09053497942386, 33.33333333333333, 41.9753086419753]","[1.0, 0.81, 1.0]",0.7290000000000001,192.3719848487414,7.628015151258609
2326,01010110,101,000,1,0,"[49.38271604938271, 34.888888888888886, 41.9753086419753]","[1.0, 0.81, 1.0]",0.7290000000000001,192.38259750376798,7.6174024962320175
2327,10101010,011,000,1,0,"[34.888888888888886, 49.38271604938271, 41.9753086419753]","[0.81, 1.0, 1.0]",0.7290000000000001,192.38259750376798,7.6174024962320175
2328,00010111,101,001,1,0,"[51.821368693796664, 34.888888888888886, 39.55555555555556]","[1.0, 0.81, 1.0]",0.7290000000000001,192.40852282337596,7.591477176624039
2329,00011101,110,010,1,0,"[51.821368693796664, 42.888888888888886, 31.555555555555557]","[1.0, 1.0, 0.81]",0.7290000000000001,192.40852282337596,7.591477176624039
2330,10100011,011,001,1,0,"[34.888888888888886, 51.821368693796664, 39.55555555555556]","[0.81, 1.0, 1.0]",0.7290000000000001,192.40852282337596,7.591477176624039
2331,11100001,110,100,1,0,"[42.888888888888886, 51.821368693796664, 31.555555555555557]","[1.0, 1.0, 0.81]",0.7290000000000001,192.40852282337596,7.591477176624039
2332,11011111,010,000,1,0,"[33.33333333333333, 45.432098765432094, 33.55555555555556]","[0.81, 1.0, 0.9]",0.6561000000000001,192.53313161762074,7.4668683823792605
2333,11111011,100,000,1,0,"[45.432098765432094, 33.33333333333333, 33.55555555555556]","[1.0, 0.81, 0.9]",0.6561000000000001,192.53313161762074,7.4668683823792605
2334,11111110,010,000,1,0,"[36.888888888888886, 45.432098765432094, 30.0]","[0.9, 1.0, 0.81]",0.6561000000000001,192.53313161762074,7.4668683823792605
2335,11111110,100,000,1,0,"[45.432098765432094, 36.888888888888886, 30.0]","[1.0, 0.9, 0.81]",0.6561000000000001,192.53313161762074,7.4668683823792605
2336,11011110,110,000,0,0,"[46.09053497942386, 45.432098765432094, 30.0]","[1.0, 1.0, 0.81]",0.7290000000000001,192.54133572682574,7.458664273174264
2337,11111010,110,000,0,0,"[45.432098765432094, 46.09053497942386, 30.0]","[1.0, 1.0, 0.81]",0.7290000000000001,192.54133572682574,7.458664273174264
2338,01101110,011,000,1,0,"[35.55555555555556, 48.83401920438958, 41.9753086419753]","[0.81, 1.0, 1.0]",0.7290000000000001,192.54442167615971,7.455578323840285
2339,01101110,101,000,1,0,"[48.83401920438958, 35.55555555555556, 41.9753086419753]","[1.0, 0.81, 1.0]",0.7290000000000001,192.54442167615971,7.455578323840285
2340,01011101,110,000,1,0,"[49.38271604938271, 45.432098765432094, 31.555555555555557]","[1.0, 1.0, 0.81]",0.7290000000000001,192.5519483818523,7.4480516181477014
2341,11101001,110,000,1,0,"[45.432098765432094, 49.38271604938271, 31.555555555555557]","[1.0, 1.0, 0.81]",0.7290000000000001,192.5519483818523,7.4480516181477014
2342,10010110,110,000,1,0,"[48.46822130772747, 48.01097393689986, 30.0]","[1.0, 1.0, 0.81]",0.7290000000000001,192.70122804475628,7.298771955243723
2343,10110010,110,000,1,0,"[48.01097393689986, 48.46822130772747, 30.0]","[1.0, 1.0, 0.81]",0.7290000000000001,192.70122804475628,7.298771955243723
2344,01111001,110,000,1,0,"[48.83401920438958, 46.09053497942386, 31.555555555555557]","[1.0, 1.0, 0.81]",0.7290000000000001,192.70248249570506,7.2975175042949445
2345,11001101,110,000,1,0,"[46.09053497942386, 48.83401920438958, 31.555555555555557]","[1.0, 1.0, 0.81]",0.7290000000000001,192.70248249570506,7.2975175042949445
2346,10111100,011,010,0,0,"[34.888888888888886, 42.888888888888886, 43.8957475994513]","[0.81, 1.0, 1.0]",0.7290000000000001,192.74832013337317,7.25167986662683
2347,11110100,101,100,0,0,"[42.888888888888886, 34.888888888888886, 43.8957475994513]","[1.0, 0.81, 1.0]",0.7290000000000001,192.74832013337317,7.25167986662683
2348,10111101,011,010,0,0,"[34.888888888888886, 42.888888888888886, 43.895747599451305]","[0.81, 1.0, 1.0]",0.7290000000000001,192.7483201333732,7.251679866626802
2349,11110101,101,100,0,0,"[42.888888888888886, 34.888888888888886, 43.895747599451305]","[1.0, 0.81, 1.0]",0.7290000000000001,192.7483201333732,7.251679866626802
2350,01111011,101,001,0,0,"[48.83401920438958, 33.33333333333333, 39.55555555555556]","[1.0, 0.81, 1.0]",0.7290000000000001,192.81606048460694,7.183939515393064
2351,01111110,110,010,0,0,"[48.83401920438958, 42.888888888888886, 30.0]","[1.0, 1.0, 0.81]",0.7290000000000001,192.81606048460694,7.183939515393064
2352,11001111,011,001,0,0,"[33.33333333333333, 48.83401920438958, 39.55555555555556]","[0.81, 1.0, 1.0]",0.7290000000000001,192.81606048460694,7.183939515393064
2353,11101110,110,100,0,0,"[42.888888888888886, 48.83401920438958, 30.0]","[1.0, 1.0, 0.81]",0.7290000000000001,192.81606048460694,7.183939515393064
2354,00111011,101,000,1,0,"[51.51653711324493, 33.33333333333333, 41.7283950617284]","[1.0, 0.81, 1.0]",0.7290000000000001,192.83712689753997,7.162873102460026
2355,11000111,011,000,1,0,"[33.33333333333333, 51.51653711324493, 41.7283950617284]","[0.81, 1.0, 1.0]",0.7290000000000001,192.83712689753997,7.162873102460026
2356,01011000,101,000,1,0,"[49.38271604938271, 33.33333333333333, 43.8957475994513]","[1.0, 0.81, 1.0]",0.7290000000000001,192.8831234323283,7.11687656767171
2357,01011001,101,000,1,0,"[49.38271604938271, 33.33333333333333, 43.895747599451305]","[1.0, 0.81, 1.0]",0.7290000000000001,192.8831234323283,7.11687656767171
2358,11001000,011,000,1,0,"[33.33333333333333, 49.38271604938271, 43.8957475994513]","[0.81, 1.0, 1.0]",0.7290000000000001,192.8831234323283,7.11687656767171
2359,11001001,011,000,1,0,"[33.33333333333333, 49.38271604938271, 43.895747599451305]","[0.81, 1.0, 1.0]",0.7290000000000001,192.8831234323283,7.11687656767171
2360,00101111,101,001,1,0,"[51.51653711324493, 35.55555555555556, 39.55555555555556]","[1.0, 0.81, 1.0]",0.7290000000000001,192.9048672487737,7.095132751226288
2361,01100111,011,001,1,0,"[35.55555555555556, 51.51653711324493, 39.55555555555556]","[0.81, 1.0, 1.0]",0.7290000000000001,192.9048672487737,7.095132751226288
2362,01001111,101,000,1,0,"[49.38271604938271, 35.55555555555556, 41.7283950617284]","[1.0, 0.81, 1.0]",0.7290000000000001,192.95839048925464,7.04160951074536
2363,01101011,011,000,1,0,"[35.55555555555556, 49.38271604938271, 41.7283950617284]","[0.81, 1.0, 1.0]",0.7290000000000001,192.95839048925464,7.04160951074536
2364,10110100,011,000,1,0,"[34.888888888888886, 48.01097393689986, 43.8957475994513]","[0.81, 1.0, 1.0]",0.7290000000000001,193.1352680730316,6.864731926968403
2365,10110100,101,000,1,0,"[48.01097393689986, 34.888888888888886, 43.8957475994513]","[1.0, 0.81, 1.0]",0.7290000000000001,193.1352680730316,6.864731926968403
2366,10110101,011,000,1,0,"[34.888888888888886, 48.01097393689986, 43.895747599451305]","[0.81, 1.0, 1.0]",0.7290000000000001,193.1352680730316,6.864731926968403
2367,10110101,101,000,1,0,"[48.01097393689986, 34.888888888888886, 43.895747599451305]","[1.0, 0.81, 1.0]",0.7290000000000001,193.1352680730316,6.864731926968403
2368,00111111,100,000,0,0,"[51.51653711324493, 36.888888888888886, 33.55555555555556]","[1.0, 0.9, 0.9]",0.7290000000000001,193.14263588160404,6.857364118395964
2369,11100111,010,000,0,0,"[36.888888888888886, 51.51653711324493, 33.55555555555556]","[0.9, 1.0, 0.9]",0.7290000000000001,193.14263588160404,6.857364118395964
2370,00111010,101,000,1,0,"[51.51653711324493, 33.33333333333333, 41.9753086419753]","[1.0, 0.81, 1.0]",0.7290000000000001,193.17582865370858,6.824171346291422
2371,11000110,011,000,1,0,"[33.33333333333333, 51.51653711324493, 41.9753086419753]","[0.81, 1.0, 1.0]",0.7290000000000001,193.17582865370858,6.824171346291422
2372,01110110,110,000,1,0,"[48.83401920438958, 48.01097393689986, 30.0]","[1.0, 1.0, 0.81]",0.7290000000000001,193.2030084242653,6.796991575734694
2373,10101110,110,000,1,0,"[48.01097393689986, 48.83401920438958, 30.0]","[1.0, 1.0, 0.81]",0.7290000000000001,193.2030084242653,6.796991575734694
2374,00011011,101,000,1,0,"[51.821368693796664, 33.33333333333333, 41.7283950617284]","[1.0, 0.81, 1.0]",0.7290000000000001,193.25527721379748,6.744722786202516
2375,11000011,011,000,1,0,"[33.33333333333333, 51.821368693796664, 41.7283950617284]","[0.81, 1.0, 1.0]",0.7290000000000001,193.25527721379748,6.744722786202516
2376,10111111,011,000,0,0,"[34.888888888888886, 45.432098765432094, 41.7283950617284]","[0.81, 1.0, 1.0]",0.7290000000000001,193.26389947331873,6.73610052668127
2377,11110111,101,000,0,0,"[45.432098765432094, 34.888888888888886, 41.7283950617284]","[1.0, 0.81, 1.0]",0.7290000000000001,193.26389947331873,6.73610052668127
2378,01001110,101,000,1,0,"[49.38271604938271, 35.55555555555556, 41.9753086419753]","[1.0, 0.81, 1.0]",0.7290000000000001,193.29709224542324,6.702907754576756
2379,01101010,011,000,1,0,"[35.55555555555556, 49.38271604938271, 41.9753086419753]","[0.81, 1.0, 1.0]",0.7290000000000001,193.29709224542324,6.702907754576756
2380,00001111,101,001,1,0,"[51.821368693796664, 35.55555555555556, 39.55555555555556]","[1.0, 0.81, 1.0]",0.7290000000000001,193.32301756503122,6.676982434968778
2381,01100011,011,001,1,0,"[35.55555555555556, 51.821368693796664, 39.55555555555556]","[0.81, 1.0, 1.0]",0.7290000000000001,193.32301756503122,6.676982434968778
2382,10010010,110,000,1,0,"[48.46822130772747, 48.46822130772747, 30.0]","[1.0, 1.0, 0.81]",0.7290000000000001,193.32845351914256,6.671546480857444
2383,00111110,110,000,1,0,"[51.51653711324493, 45.432098765432094, 30.0]","[1.0, 1.0, 0.81]",0.7290000000000001,193.34517953179287,6.654820468207134
2384,11100110,110,000,1,0,"[45.432098765432094, 51.51653711324493, 30.0]","[1.0, 1.0, 0.81]",0.7290000000000001,193.34517953179287,6.654820468207134
2385,11011010,110,000,0,0,"[46.09053497942386, 46.09053497942386, 30.0]","[1.0, 1.0, 0.81]",0.7290000000000001,193.444540409942,6.555459590058007
2386,01011001,110,000,1,0,"[49.38271604938271, 46.09053497942386, 31.555555555555557]","[1.0, 1.0, 0.81]",0.7290000000000001,193.45515306496858,6.544846935031416
2387,11001001,110,000,1,0,"[46.09053497942386, 49.38271604938271, 31.555555555555557]","[1.0, 1.0, 0.81]",0.7290000000000001,193.45515306496858,6.544846935031416
2388,11011011,010,000,1,0,"[33.33333333333333, 46.09053497942386, 33.55555555555556]","[0.81, 1.0, 0.9]",0.6561000000000001,193.53669237663883,6.463307623361175
2389,11011011,100,000,1,0,"[46.09053497942386, 33.33333333333333, 33.55555555555556]","[1.0, 0.81, 0.9]",0.6561000000000001,193.53669237663883,6.463307623361175
2390,11011110,100,000,1,0,"[46.09053497942386, 36.888888888888886, 30.0]","[1.0, 0.9, 0.81]",0.6561000000000001,193.53669237663883,6.463307623361175
2391,11111010,010,000,1,0,"[36.888888888888886, 46.09053497942386, 30.0]","[0.9, 1.0, 0.81]",0.6561000000000001,193.53669237663883,6.463307623361175
2392,00011111,100,000,0,0,"[51.821368693796664, 36.888888888888886, 33.55555555555556]","[1.0, 0.9, 0.9]",0.7290000000000001,193.56078619786157,6.4392138021384255
2393,11100011,010,000,0,0,"[36.888888888888886, 51.821368693796664, 33.55555555555556]","[0.9, 1.0, 0.9]",0.7290000000000001,193.56078619786157,6.4392138021384255
2394,01011011,101,001,0,0,"[49.38271604938271, 33.33333333333333, 39.55555555555556]","[1.0, 0.81, 1.0]",0.7290000000000001,193.56873105387047,6.431268946129535
2395,01011110,110,010,0,0,"[49.38271604938271, 42.888888888888886, 30.0]","[1.0, 1.0, 0.81]",0.7290000000000001,193.56873105387047,6.431268946129535
2396,11001011,011,001,0,0,"[33.33333333333333, 49.38271604938271, 39.55555555555556]","[0.81, 1.0, 1.0]",0.7290000000000001,193.56873105387047,6.431268946129535
2397,11101010,110,100,0,0,"[42.888888888888886, 49.38271604938271, 30.0]","[1.0, 1.0, 0.81]",0.7290000000000001,193.56873105387047,6.431268946129535
2398,00011010,101,000,1,0,"[51.821368693796664, 33.33333333333333, 41.9753086419753]","[1.0, 0.81, 1.0]",0.7290000000000001,193.5939789699661,6.406021030033912
2399,11000010,011,000,1,0,"[33.33333333333333, 51.821368693796664, 41.9753086419753]","[0.81, 1.0, 1.0]",0.7290000000000001,193.5939789699661,6.406021030033912
2400,10111110,011,000,0,0,"[34.888888888888886, 45.432098765432094, 41.9753086419753]","[0.81, 1.0, 1.0]",0.7290000000000001,193.60260122948733,6.397398770512666
2401,11110110,101,000,0,0,"[45.432098765432094, 34.888888888888886, 41.9753086419753]","[1.0, 0.81, 1.0]",0.7290000000000001,193.60260122948733,6.397398770512666
2402,01111100,011,010,0,0,"[35.55555555555556, 42.888888888888886, 43.8957475994513]","[0.81, 1.0, 1.0]",0.7290000000000001,193.66281487502843,6.337185124971569
2403,01111101,011,010,0,0,"[35.55555555555556, 42.888888888888886, 43.895747599451305]","[0.81, 1.0, 1.0]",0.7290000000000001,193.66281487502843,6.337185124971569
2404,11101100,101,100,0,0,"[42.888888888888886, 35.55555555555556, 43.8957475994513]","[1.0, 0.81, 1.0]",0.7290000000000001,193.66281487502843,6.337185124971569
2405,11101101,101,100,0,0,"[42.888888888888886, 35.55555555555556, 43.895747599451305]","[1.0, 0.81, 1.0]",0.7290000000000001,193.66281487502843,6.337185124971569
2406,10010100,101,000,1,0,"[48.46822130772747, 34.888888888888886, 43.8957475994513]","[1.0, 0.81, 1.0]",0.7290000000000001,193.76249354741788,6.237506452582124
2407,10010101,101,000,1,0,"[48.46822130772747, 34.888888888888886, 43.895747599451305]","[1.0, 0.81, 1.0]",0.7290000000000001,193.76249354741788,6.237506452582124
2408,10110000,011,000,1,0,"[34.888888888888886, 48.46822130772747, 43.8957475994513]","[0.81, 1.0, 1.0]",0.7290000000000001,193.76249354741788,6.237506452582124
2409,10110001,011,000,1,0,"[34.888888888888886, 48.46822130772747, 43.895747599451305]","[0.81, 1.0, 1.0]",0.7290000000000001,193.76249354741788,6.237506452582124
2410,00011110,110,000,1,0,"[51.821368693796664, 45.432098765432094, 30.0]","[1.0, 1.0, 0.81]",0.7290000000000001,193.76332984805043,6.236670151949568
2411,11100010,110,000,1,0,"[45.432098765432094, 51.821368693796664, 30.0]","[1.0, 1.0, 0.81]",0.7290000000000001,193.76332984805043,6.236670151949568
2412,11111101,110,000,0,0,"[45.432098765432094, 45.432098765432094, 31.555555555555557]","[1.0, 1.0, 0.81]",0.7290000000000001,193.77195210757165,6.22804789242835
2413,10110111,011,001,0,0,"[34.888888888888886, 48.01097393689986, 39.55555555555556]","[0.81, 1.0, 1.0]",0.7290000000000001,193.8208756945738,6.1791243054262
2414,10110111,101,001,0,0,"[48.01097393689986, 34.888888888888886, 39.55555555555556]","[1.0, 0.81, 1.0]",0.7290000000000001,193.8208756945738,6.1791243054262
2415,10111101,110,010,0,0,"[48.01097393689986, 42.888888888888886, 31.555555555555557]","[1.0, 1.0, 0.81]",0.7290000000000001,193.8208756945738,6.1791243054262
2416,11110101,110,100,0,0,"[42.888888888888886, 48.01097393689986, 31.555555555555557]","[1.0, 1.0, 0.81]",0.7290000000000001,193.8208756945738,6.1791243054262
2417,01110010,110,000,1,0,"[48.83401920438958, 48.46822130772747, 30.0]","[1.0, 1.0, 0.81]",0.7290000000000001,193.8302338986516,6.169766101348387
2418,10001110,110,000,1,0,"[48.46822130772747, 48.83401920438958, 30.0]","[1.0, 1.0, 0.81]",0.7290000000000001,193.8302338986516,6.169766101348387
2419,01010110,110,000,1,0,"[49.38271604938271, 48.01097393689986, 30.0]","[1.0, 1.0, 0.81]",0.7290000000000001,193.95567899352886,6.044321006471137
2420,10101010,110,000,1,0,"[48.01097393689986, 49.38271604938271, 30.0]","[1.0, 1.0, 0.81]",0.7290000000000001,193.95567899352886,6.044321006471137
2421,01110100,011,000,1,0,"[35.55555555555556, 48.01097393689986, 43.8957475994513]","[0.81, 1.0, 1.0]",0.7290000000000001,194.04976281468683,5.950237185313171
2422,01110101,011,000,1,0,"[35.55555555555556, 48.01097393689986, 43.895747599451305]","[0.81, 1.0, 1.0]",0.7290000000000001,194.04976281468683,5.950237185313171
2423,10101100,101,000,1,0,"[48.01097393689986, 35.55555555555556, 43.8957475994513]","[1.0, 0.81, 1.0]",0.7290000000000001,194.04976281468683,5.950237185313171
2424,10101101,101,000,1,0,"[48.01097393689986, 35.55555555555556, 43.895747599451305]","[1.0, 0.81, 1.0]",0.7290000000000001,194.04976281468683,5.950237185313171
2425,11011100,011,000,0,0,"[33.33333333333333, 45.432098765432094, 43.8957475994513]","[0.81, 1.0, 1.0]",0.7290000000000001,194.1031271580476,5.896872841952387
2426,11011101,011,000,0,0,"[33.33333333333333, 45.432098765432094, 43.895747599451305]","[0.81, 1.0, 1.0]",0.7290000000000001,194.1031271580476,5.896872841952387
2427,11111000,101,000,0,0,"[45.432098765432094, 33.33333333333333, 43.8957475994513]","[1.0, 0.81, 1.0]",0.7290000000000001,194.1031271580476,5.896872841952387
2428,11111001,101,000,0,0,"[45.432098765432094, 33.33333333333333, 43.895747599451305]","[1.0, 0.81, 1.0]",0.7290000000000001,194.1031271580476,5.896872841952387
2429,10111011,011,000,0,0,"[34.888888888888886, 46.09053497942386, 41.7283950617284]","[0.81, 1.0, 1.0]",0.7290000000000001,194.167104156435,5.832895843565012
2430,11010111,101,000,0,0,"[46.09053497942386, 34.888888888888886, 41.7283950617284]","[1.0, 0.81, 1.0]",0.7290000000000001,194.167104156435,5.832895843565012
2431,01111111,011,000,0,0,"[35.55555555555556, 45.432098765432094, 41.7283950617284]","[0.81, 1.0, 1.0]",0.7290000000000001,194.178394214974,5.821605785026009
2432,11101111,101,000,0,0,"[45.432098765432094, 35.55555555555556, 41.7283950617284]","[1.0, 0.81, 1.0]",0.7290000000000001,194.178394214974,5.821605785026009
2433,10110101,110,000,1,0,"[48.01097393689986, 48.01097393689986, 31.555555555555557]","[1.0, 1.0, 0.81]",0.7290000000000001,194.20782363423217,5.79217636576783
2434,00111010,110,000,1,0,"[51.51653711324493, 46.09053497942386, 30.0]","[1.0, 1.0, 0.81]",0.7290000000000001,194.24838421490912,5.751615785090877
2435,11000110,110,000,1,0,"[46.09053497942386, 51.51653711324493, 30.0]","[1.0, 1.0, 0.81]",0.7290000000000001,194.24838421490912,5.751615785090877
2436,01110100,101,000,1,0,"[48.83401920438958, 34.888888888888886, 43.8957475994513]","[1.0, 0.81, 1.0]",0.7290000000000001,194.26427392692693,5.735726073073067
2437,01110101,101,000,1,0,"[48.83401920438958, 34.888888888888886, 43.895747599451305]","[1.0, 0.81, 1.0]",0.7290000000000001,194.26427392692693,5.735726073073067
2438,10101100,011,000,1,0,"[34.888888888888886, 48.83401920438958, 43.8957475994513]","[0.81, 1.0, 1.0]",0.7290000000000001,194.26427392692693,5.735726073073067
2439,10101101,011,000,1,0,"[34.888888888888886, 48.83401920438958, 43.895747599451305]","[0.81, 1.0, 1.0]",0.7290000000000001,194.26427392692693,5.735726073073067
2440,01101110,110,000,1,0,"[48.83401920438958, 48.83401920438958, 30.0]","[1.0, 1.0, 0.81]",0.7290000000000001,194.33201427816067,5.6679857218393295
2441,10111111,001,000,1,0,"[34.888888888888886, 36.888888888888886, 41.7283950617284]","[0.81, 0.9, 1.0]",0.6561000000000001,194.3395409838533,5.660459016146689
2442,11110111,001,000,1,0,"[36.888888888888886, 34.888888888888886, 41.7283950617284]","[0.9, 0.81, 1.0]",0.6561000000000001,194.3395409838533,5.660459016146689
2443,10010111,101,001,0,0,"[48.46822130772747, 34.888888888888886, 39.55555555555556]","[1.0, 0.81, 1.0]",0.7290000000000001,194.44810116896008,5.551898831039921
2444,10011101,110,010,0,0,"[48.46822130772747, 42.888888888888886, 31.555555555555557]","[1.0, 1.0, 0.81]",0.7290000000000001,194.44810116896008,5.551898831039921
2445,10110011,011,001,0,0,"[34.888888888888886, 48.46822130772747, 39.55555555555556]","[0.81, 1.0, 1.0]",0.7290000000000001,194.44810116896008,5.551898831039921
2446,11110001,110,100,0,0,"[42.888888888888886, 48.46822130772747, 31.555555555555557]","[1.0, 1.0, 0.81]",0.7290000000000001,194.44810116896008,5.551898831039921
2447,10111010,011,000,0,0,"[34.888888888888886, 46.09053497942386, 41.9753086419753]","[0.81, 1.0, 1.0]",0.7290000000000001,194.5058059126036,5.494194087396409
2448,11010110,101,000,0,0,"[46.09053497942386, 34.888888888888886, 41.9753086419753]","[1.0, 0.81, 1.0]",0.7290000000000001,194.5058059126036,5.494194087396409
2449,01111110,011,000,0,0,"[35.55555555555556, 45.432098765432094, 41.9753086419753]","[0.81, 1.0, 1.0]",0.7290000000000001,194.5170959711426,5.482904028857405
2450,11101110,101,000,0,0,"[45.432098765432094, 35.55555555555556, 41.9753086419753]","[1.0, 0.81, 1.0]",0.7290000000000001,194.5170959711426,5.482904028857405
2451,01010010,110,000,1,0,"[49.38271604938271, 48.46822130772747, 30.0]","[1.0, 1.0, 0.81]",0.7290000000000001,194.58290446791517,5.417095532084829
2452,10001010,110,000,1,0,"[48.46822130772747, 49.38271604938271, 30.0]","[1.0, 1.0, 0.81]",0.7290000000000001,194.58290446791517,5.417095532084829
2453,00011010,110,000,1,0,"[51.821368693796664, 46.09053497942386, 30.0]","[1.0, 1.0, 0.81]",0.7290000000000001,194.6665345311667,5.33346546883331
2454,11000010,110,000,1,0,"[46.09053497942386, 51.821368693796664, 30.0]","[1.0, 1.0, 0.81]",0.7290000000000001,194.6665345311667,5.33346546883331
2455,10111011,101,000,0,0,"[48.01097393689986, 33.33333333333333, 41.7283950617284]","[1.0, 0.81, 1.0]",0.7290000000000001,194.6676300849953,5.332369915004705
2456,11010111,011,000,0,0,"[33.33333333333333, 48.01097393689986, 41.7283950617284]","[0.81, 1.0, 1.0]",0.7290000000000001,194.6676300849953,5.332369915004705
2457,11011101,110,000,0,0,"[46.09053497942386, 45.432098765432094, 31.555555555555557]","[1.0, 1.0, 0.81]",0.7290000000000001,194.6751567906879,5.3248432093120925
2458,11111001,110,000,0,0,"[45.432098765432094, 46.09053497942386, 31.555555555555557]","[1.0, 1.0, 0.81]",0.7290000000000001,194.6751567906879,5.3248432093120925
2459,01110000,011,000,1,0,"[35.55555555555556, 48.46822130772747, 43.8957475994513]","[0.81, 1.0, 1.0]",0.7290000000000001,194.67698828907314,5.323011710926863
2460,01110001,011,000,1,0,"[35.55555555555556, 48.46822130772747, 43.895747599451305]","[0.81, 1.0, 1.0]",0.7290000000000001,194.67698828907314,5.323011710926863
2461,10001100,101,000,1,0,"[48.46822130772747, 35.55555555555556, 43.8957475994513]","[1.0, 0.81, 1.0]",0.7290000000000001,194.67698828907314,5.323011710926863
2462,10001101,101,000,1,0,"[48.46822130772747, 35.55555555555556, 43.895747599451305]","[1.0, 0.81, 1.0]",0.7290000000000001,194.67698828907314,5.323011710926863
2463,10111110,001,000,1,0,"[34.888888888888886, 36.888888888888886, 41.9753086419753]","[0.81, 0.9, 1.0]",0.6561000000000001,194.71587626848506,5.2841237315149385
2464,11110110,001,000,1,0,"[36.888888888888886, 34.888888888888886, 41.9753086419753]","[0.9, 0.81, 1.0]",0.6561000000000001,194.71587626848506,5.2841237315149385
2465,01110111,011,001,0,0,"[35.55555555555556, 48.01097393689986, 39.55555555555556]","[0.81, 1.0, 1.0]",0.7290000000000001,194.73537043622903,5.264629563770967
2466,10101111,101,001,0,0,"[48.01097393689986, 35.55555555555556, 39.55555555555556]","[1.0, 0.81, 1.0]",0.7290000000000001,194.73537043622903,5.264629563770967
2467,10011111,011,011,1,0,"[31.333333333333332, 42.888888888888886, 39.55555555555556]","[0.7290000000000001, 1.0, 1.0]",0.6561000000000001,194.75350979694824,5.2464902030517635
2468,11110011,101,101,1,0,"[42.888888888888886, 31.333333333333332, 39.55555555555556]","[1.0, 0.7290000000000001, 1.0]",0.6561000000000001,194.75350979694824,5.2464902030517635
2469,11111100,110,110,1,0,"[42.888888888888886, 42.888888888888886, 28.0]","[1.0, 1.0, 0.7290000000000001]",0.6561000000000001,194.75350979694824,5.2464902030517635
2470,10010101,110,000,1,0,"[48.46822130772747, 48.01097393689986, 31.555555555555557]","[1.0, 1.0, 0.81]",0.7290000000000001,194.83504910861845,5.164950891381551
2471,10110001,110,000,1,0,"[48.01097393689986, 48.46822130772747, 31.555555555555557]","[1.0, 1.0, 0.81]",0.7290000000000001,194.83504910861845,5.164950891381551
2472,10111111,010,000,1,0,"[34.888888888888886, 45.432098765432094, 33.55555555555556]","[0.81, 1.0, 0.9]",0.6561000000000001,194.90404391080097,5.095956089199035
2473,11110111,100,000,1,0,"[45.432098765432094, 34.888888888888886, 33.55555555555556]","[1.0, 0.81, 0.9]",0.6561000000000001,194.90404391080097,5.095956089199035
2474,11111101,010,000,1,0,"[36.888888888888886, 45.432098765432094, 31.555555555555557]","[0.9, 1.0, 0.81]",0.6561000000000001,194.90404391080097,5.095956089199035
2475,11111101,100,000,1,0,"[45.432098765432094, 36.888888888888886, 31.555555555555557]","[1.0, 0.9, 0.81]",0.6561000000000001,194.90404391080097,5.095956089199035
2476,01110111,101,001,0,0,"[48.83401920438958, 34.888888888888886, 39.55555555555556]","[1.0, 0.81, 1.0]",0.7290000000000001,194.94988154846914,5.050118451530864
2477,01111101,110,010,0,0,"[48.83401920438958, 42.888888888888886, 31.555555555555557]","[1.0, 1.0, 0.81]",0.7290000000000001,194.94988154846914,5.050118451530864
2478,10101111,011,001,0,0,"[34.888888888888886, 48.83401920438958, 39.55555555555556]","[0.81, 1.0, 1.0]",0.7290000000000001,194.94988154846914,5.050118451530864
2479,11101101,110,100,0,0,"[42.888888888888886, 48.83401920438958, 31.555555555555557]","[1.0, 1.0, 0.81]",0.7290000000000001,194.94988154846914,5.050118451530864
2480,00110111,101,000,1,0,"[51.51653711324493, 34.888888888888886, 41.7283950617284]","[1.0, 0.81, 1.0]",0.7290000000000001,194.9709479614022,5.029052038597797
2481,10100111,011,000,1,0,"[34.888888888888886, 51.51653711324493, 41.7283950617284]","[0.81, 1.0, 1.0]",0.7290000000000001,194.9709479614022,5.029052038597797
2482,10111010,101,000,0,0,"[48.01097393689986, 33.33333333333333, 41.9753086419753]","[1.0, 0.81, 1.0]",0.7290000000000001,195.0063318411639,4.993668158836101
2483,11010110,011,000,0,0,"[33.33333333333333, 48.01097393689986, 41.9753086419753]","[0.81, 1.0, 1.0]",0.7290000000000001,195.0063318411639,4.993668158836101
2484,11011000,011,000,0,0,"[33.33333333333333, 46.09053497942386, 43.8957475994513]","[0.81, 1.0, 1.0]",0.7290000000000001,195.0063318411639,4.993668158836101
2485,11011000,101,000,0,0,"[46.09053497942386, 33.33333333333333, 43.8957475994513]","[1.0, 0.81, 1.0]",0.7290000000000001,195.0063318411639,4.993668158836101
2486,11011001,011,000,0,0,"[33.33333333333333, 46.09053497942386, 43.895747599451305]","[0.81, 1.0, 1.0]",0.7290000000000001,195.0063318411639,4.993668158836101
2487,11011001,101,000,0,0,"[46.09053497942386, 33.33333333333333, 43.895747599451305]","[1.0, 0.81, 1.0]",0.7290000000000001,195.0063318411639,4.993668158836101
2488,01010100,101,000,1,0,"[49.38271604938271, 34.888888888888886, 43.8957475994513]","[1.0, 0.81, 1.0]",0.7290000000000001,195.0169444961905,4.98305550380951
2489,10101000,011,000,1,0,"[34.888888888888886, 49.38271604938271, 43.8957475994513]","[0.81, 1.0, 1.0]",0.7290000000000001,195.0169444961905,4.98305550380951
2490,01010101,101,000,1,0,"[49.38271604938271, 34.888888888888886, 43.895747599451305]","[1.0, 0.81, 1.0]",0.7290000000000001,195.01694449619052,4.9830555038094815
2491,10101001,011,000,1,0,"[34.888888888888886, 49.38271604938271, 43.895747599451305]","[0.81, 1.0, 1.0]",0.7290000000000001,195.01694449619052,4.9830555038094815
2492,01111011,011,000,0,0,"[35.55555555555556, 46.09053497942386, 41.7283950617284]","[0.81, 1.0, 1.0]",0.7290000000000001,195.08159889809025,4.918401101909751
2493,11001111,101,000,0,0,"[46.09053497942386, 35.55555555555556, 41.7283950617284]","[1.0, 0.81, 1.0]",0.7290000000000001,195.08159889809025,4.918401101909751
2494,01001110,110,000,1,0,"[49.38271604938271, 48.83401920438958, 30.0]","[1.0, 1.0, 0.81]",0.7290000000000001,195.08468484742426,4.915315152575744
2495,01101010,110,000,1,0,"[48.83401920438958, 49.38271604938271, 30.0]","[1.0, 1.0, 0.81]",0.7290000000000001,195.08468484742426,4.915315152575744
2496,10111110,110,000,0,0,"[48.01097393689986, 45.432098765432094, 30.0]","[1.0, 1.0, 0.81]",0.7290000000000001,195.17568271924821,4.824317280751785
2497,11110110,110,000,0,0,"[45.432098765432094, 48.01097393689986, 30.0]","[1.0, 1.0, 0.81]",0.7290000000000001,195.17568271924821,4.824317280751785
2498,01101100,011,000,1,0,"[35.55555555555556, 48.83401920438958, 43.8957475994513]","[0.81, 1.0, 1.0]",0.7290000000000001,195.1787686685822,4.821231331417806
2499,01101100,101,000,1,0,"[48.83401920438958, 35.55555555555556, 43.8957475994513]","[1.0, 0.81, 1.0]",0.7290000000000001,195.1787686685822,4.821231331417806
2500,01101101,011,000,1,0,"[35.55555555555556, 48.83401920438958, 43.895747599451305]","[0.81, 1.0, 1.0]",0.7290000000000001,195.1787686685822,4.821231331417806
2501,01101101,101,000,1,0,"[48.83401920438958, 35.55555555555556, 43.895747599451305]","[1.0, 0.81, 1.0]",0.7290000000000001,195.1787686685822,4.821231331417806
2502,11011100,001,000,1,0,"[33.33333333333333, 36.888888888888886, 43.8957475994513]","[0.81, 0.9, 1.0]",0.6561000000000001,195.27201618910757,4.727983810892425
2503,11011101,001,000,1,0,"[33.33333333333333, 36.888888888888886, 43.895747599451305]","[0.81, 0.9, 1.0]",0.6561000000000001,195.27201618910757,4.727983810892425
2504,11111000,001,000,1,0,"[36.888888888888886, 33.33333333333333, 43.8957475994513]","[0.9, 0.81, 1.0]",0.6561000000000001,195.27201618910757,4.727983810892425
2505,11111001,001,000,1,0,"[36.888888888888886, 33.33333333333333, 43.895747599451305]","[0.9, 0.81, 1.0]",0.6561000000000001,195.27201618910757,4.727983810892425
2506,10011011,101,000,0,0,"[48.46822130772747, 33.33333333333333, 41.7283950617284]","[1.0, 0.81, 1.0]",0.7290000000000001,195.2948555593816,4.7051444406183975
2507,11010011,011,000,0,0,"[33.33333333333333, 48.46822130772747, 41.7283950617284]","[0.81, 1.0, 1.0]",0.7290000000000001,195.2948555593816,4.7051444406183975
2508,00110110,101,000,1,0,"[51.51653711324493, 34.888888888888886, 41.9753086419753]","[1.0, 0.81, 1.0]",0.7290000000000001,195.30964971757078,4.690350282429222
2509,10100110,011,000,1,0,"[34.888888888888886, 51.51653711324493, 41.9753086419753]","[0.81, 1.0, 1.0]",0.7290000000000001,195.30964971757078,4.690350282429222
2510,01110101,110,000,1,0,"[48.83401920438958, 48.01097393689986, 31.555555555555557]","[1.0, 1.0, 0.81]",0.7290000000000001,195.33682948812753,4.663170511872465
2511,10101101,110,000,1,0,"[48.01097393689986, 48.83401920438958, 31.555555555555557]","[1.0, 1.0, 0.81]",0.7290000000000001,195.33682948812753,4.663170511872465
2512,01111111,001,000,1,0,"[35.55555555555556, 36.888888888888886, 41.7283950617284]","[0.81, 0.9, 1.0]",0.6561000000000001,195.3556462523591,4.644353747640906
2513,11101111,001,000,1,0,"[36.888888888888886, 35.55555555555556, 41.7283950617284]","[0.9, 0.81, 1.0]",0.6561000000000001,195.3556462523591,4.644353747640906
2514,01110011,011,001,0,0,"[35.55555555555556, 48.46822130772747, 39.55555555555556]","[0.81, 1.0, 1.0]",0.7290000000000001,195.36259591061534,4.63740408938466
2515,10001111,101,001,0,0,"[48.46822130772747, 35.55555555555556, 39.55555555555556]","[1.0, 0.81, 1.0]",0.7290000000000001,195.36259591061534,4.63740408938466
2516,00010111,101,000,1,0,"[51.821368693796664, 34.888888888888886, 41.7283950617284]","[1.0, 0.81, 1.0]",0.7290000000000001,195.38909827765968,4.610901722340316
2517,10100011,011,000,1,0,"[34.888888888888886, 51.821368693796664, 41.7283950617284]","[0.81, 1.0, 1.0]",0.7290000000000001,195.38909827765968,4.610901722340316
2518,01111010,011,000,0,0,"[35.55555555555556, 46.09053497942386, 41.9753086419753]","[0.81, 1.0, 1.0]",0.7290000000000001,195.42030065425885,4.5796993457411475
2519,11001110,101,000,0,0,"[46.09053497942386, 35.55555555555556, 41.9753086419753]","[1.0, 0.81, 1.0]",0.7290000000000001,195.42030065425885,4.5796993457411475
2520,10010001,110,000,1,0,"[48.46822130772747, 48.46822130772747, 31.555555555555557]","[1.0, 1.0, 0.81]",0.7290000000000001,195.46227458300476,4.537725416995244
2521,00111101,110,000,1,0,"[51.51653711324493, 45.432098765432094, 31.555555555555557]","[1.0, 1.0, 0.81]",0.7290000000000001,195.4790005956551,4.520999404344906
2522,11100101,110,000,1,0,"[45.432098765432094, 51.51653711324493, 31.555555555555557]","[1.0, 1.0, 0.81]",0.7290000000000001,195.4790005956551,4.520999404344906
2523,11011001,110,000,0,0,"[46.09053497942386, 46.09053497942386, 31.555555555555557]","[1.0, 1.0, 0.81]",0.7290000000000001,195.5783614738042,4.421638526195807
2524,10011010,101,000,0,0,"[48.46822130772747, 33.33333333333333, 41.9753086419753]","[1.0, 0.81, 1.0]",0.7290000000000001,195.6335573155502,4.366442684449794
2525,11010010,011,000,0,0,"[33.33333333333333, 48.46822130772747, 41.9753086419753]","[0.81, 1.0, 1.0]",0.7290000000000001,195.6335573155502,4.366442684449794
2526,01010111,101,001,0,0,"[49.38271604938271, 34.888888888888886, 39.55555555555556]","[1.0, 0.81, 1.0]",0.7290000000000001,195.70255211773267,4.297447882267335
2527,01011101,110,010,0,0,"[49.38271604938271, 42.888888888888886, 31.555555555555557]","[1.0, 1.0, 0.81]",0.7290000000000001,195.70255211773267,4.297447882267335
2528,10101011,011,001,0,0,"[34.888888888888886, 49.38271604938271, 39.55555555555556]","[0.81, 1.0, 1.0]",0.7290000000000001,195.70255211773267,4.297447882267335
2529,11101001,110,100,0,0,"[42.888888888888886, 49.38271604938271, 31.555555555555557]","[1.0, 1.0, 0.81]",0.7290000000000001,195.70255211773267,4.297447882267335
2530,00010110,101,000,1,0,"[51.821368693796664, 34.888888888888886, 41.9753086419753]","[1.0, 0.81, 1.0]",0.7290000000000001,195.7278000338283,4.272199966171712
2531,10100010,011,000,1,0,"[34.888888888888886, 51.821368693796664, 41.9753086419753]","[0.81, 1.0, 1.0]",0.7290000000000001,195.7278000338283,4.272199966171712
2532,01111110,001,000,1,0,"[35.55555555555556, 36.888888888888886, 41.9753086419753]","[0.81, 0.9, 1.0]",0.6561000000000001,195.7319815369909,4.268018463009099
2533,11101110,001,000,1,0,"[36.888888888888886, 35.55555555555556, 41.9753086419753]","[0.9, 0.81, 1.0]",0.6561000000000001,195.7319815369909,4.268018463009099
2534,01011111,011,011,1,0,"[32.0, 42.888888888888886, 39.55555555555556]","[0.7290000000000001, 1.0, 1.0]",0.6561000000000001,195.7696150654541,4.230384934545896
2535,11101011,101,101,1,0,"[42.888888888888886, 32.0, 39.55555555555556]","[1.0, 0.7290000000000001, 1.0]",0.6561000000000001,195.7696150654541,4.230384934545896
2536,01111011,101,000,0,0,"[48.83401920438958, 33.33333333333333, 41.7283950617284]","[1.0, 0.81, 1.0]",0.7290000000000001,195.79663593889066,4.20336406110934
2537,11001111,011,000,0,0,"[33.33333333333333, 48.83401920438958, 41.7283950617284]","[0.81, 1.0, 1.0]",0.7290000000000001,195.79663593889066,4.20336406110934
2538,10011110,110,000,0,0,"[48.46822130772747, 45.432098765432094, 30.0]","[1.0, 1.0, 0.81]",0.7290000000000001,195.80290819363447,4.197091806365535
2539,11110010,110,000,0,0,"[45.432098765432094, 48.46822130772747, 30.0]","[1.0, 1.0, 0.81]",0.7290000000000001,195.80290819363447,4.197091806365535
2540,00111000,101,000,1,0,"[51.51653711324493, 33.33333333333333, 43.8957475994513]","[1.0, 0.81, 1.0]",0.7290000000000001,195.81017564613106,4.189824353868943
2541,00111001,101,000,1,0,"[51.51653711324493, 33.33333333333333, 43.895747599451305]","[1.0, 0.81, 1.0]",0.7290000000000001,195.81017564613106,4.189824353868943
2542,11000100,011,000,1,0,"[33.33333333333333, 51.51653711324493, 43.8957475994513]","[0.81, 1.0, 1.0]",0.7290000000000001,195.81017564613106,4.189824353868943
2543,11000101,011,000,1,0,"[33.33333333333333, 51.51653711324493, 43.895747599451305]","[0.81, 1.0, 1.0]",0.7290000000000001,195.81017564613106,4.189824353868943
2544,01001010,110,000,1,0,"[49.38271604938271, 49.38271604938271, 30.0]","[1.0, 1.0, 0.81]",0.7290000000000001,195.83735541668779,4.162644583312215
2545,01101111,011,001,0,0,"[35.55555555555556, 48.83401920438958, 39.55555555555556]","[0.81, 1.0, 1.0]",0.7290000000000001,195.8643762901244,4.135623709875603
2546,01101111,101,001,0,0,"[48.83401920438958, 35.55555555555556, 39.55555555555556]","[1.0, 0.81, 1.0]",0.7290000000000001,195.8643762901244,4.135623709875603
2547,00101111,101,000,1,0,"[51.51653711324493, 35.55555555555556, 41.7283950617284]","[1.0, 0.81, 1.0]",0.7290000000000001,195.88544270305744,4.114557296942564
2548,01100111,011,000,1,0,"[35.55555555555556, 51.51653711324493, 41.7283950617284]","[0.81, 1.0, 1.0]",0.7290000000000001,195.88544270305744,4.114557296942564
2549,00011101,110,000,1,0,"[51.821368693796664, 45.432098765432094, 31.555555555555557]","[1.0, 1.0, 0.81]",0.7290000000000001,195.8971509119126,4.102849088087396
2550,11100001,110,000,1,0,"[45.432098765432094, 51.821368693796664, 31.555555555555557]","[1.0, 1.0, 0.81]",0.7290000000000001,195.8971509119126,4.102849088087396
2551,10111011,010,000,1,0,"[34.888888888888886, 46.09053497942386, 33.55555555555556]","[0.81, 1.0, 0.9]",0.6561000000000001,195.90760466981902,4.0923953301809775
2552,11010111,100,000,1,0,"[46.09053497942386, 34.888888888888886, 33.55555555555556]","[1.0, 0.81, 0.9]",0.6561000000000001,195.90760466981902,4.0923953301809775
2553,11011101,100,000,1,0,"[46.09053497942386, 36.888888888888886, 31.555555555555557]","[1.0, 0.9, 0.81]",0.6561000000000001,195.90760466981902,4.0923953301809775
2554,11111001,010,000,1,0,"[36.888888888888886, 46.09053497942386, 31.555555555555557]","[0.9, 1.0, 0.81]",0.6561000000000001,195.90760466981902,4.0923953301809775
2555,01111111,010,000,1,0,"[35.55555555555556, 45.432098765432094, 33.55555555555556]","[0.81, 1.0, 0.9]",0.6561000000000001,195.9201491793068,4.079850820693196
2556,11101111,100,000,1,0,"[45.432098765432094, 35.55555555555556, 33.55555555555556]","[1.0, 0.81, 0.9]",0.6561000000000001,195.9201491793068,4.079850820693196
2557,01001100,101,000,1,0,"[49.38271604938271, 35.55555555555556, 43.8957475994513]","[1.0, 0.81, 1.0]",0.7290000000000001,195.93143923784575,4.068560762154249
2558,01001101,101,000,1,0,"[49.38271604938271, 35.55555555555556, 43.895747599451305]","[1.0, 0.81, 1.0]",0.7290000000000001,195.93143923784575,4.068560762154249
2559,01101000,011,000,1,0,"[35.55555555555556, 49.38271604938271, 43.8957475994513]","[0.81, 1.0, 1.0]",0.7290000000000001,195.93143923784575,4.068560762154249
2560,01101001,011,000,1,0,"[35.55555555555556, 49.38271604938271, 43.895747599451305]","[0.81, 1.0, 1.0]",0.7290000000000001,195.93143923784575,4.068560762154249
2561,01110001,110,000,1,0,"[48.83401920438958, 48.46822130772747, 31.555555555555557]","[1.0, 1.0, 0.81]",0.7290000000000001,195.96405496251384,4.035945037486158
2562,10001101,110,000,1,0,"[48.46822130772747, 48.83401920438958, 31.555555555555557]","[1.0, 1.0, 0.81]",0.7290000000000001,195.96405496251384,4.035945037486158
2563,10111010,110,000,0,0,"[48.01097393689986, 46.09053497942386, 30.0]","[1.0, 1.0, 0.81]",0.7290000000000001,196.07888740236447,3.9211125976355277
2564,11010110,110,000,0,0,"[46.09053497942386, 48.01097393689986, 30.0]","[1.0, 1.0, 0.81]",0.7290000000000001,196.07888740236447,3.9211125976355277
2565,01010101,110,000,1,0,"[49.38271604938271, 48.01097393689986, 31.555555555555557]","[1.0, 1.0, 0.81]",0.7290000000000001,196.08950005739112,3.9104999426088796
2566,10101001,110,000,1,0,"[48.01097393689986, 49.38271604938271, 31.555555555555557]","[1.0, 1.0, 0.81]",0.7290000000000001,196.08950005739112,3.9104999426088796
2567,01111010,101,000,0,0,"[48.83401920438958, 33.33333333333333, 41.9753086419753]","[1.0, 0.81, 1.0]",0.7290000000000001,196.13533769505926,3.8646623049407367
2568,11001110,011,000,0,0,"[33.33333333333333, 48.83401920438958, 41.9753086419753]","[0.81, 1.0, 1.0]",0.7290000000000001,196.13533769505926,3.8646623049407367
2569,00101110,101,000,1,0,"[51.51653711324493, 35.55555555555556, 41.9753086419753]","[1.0, 0.81, 1.0]",0.7290000000000001,196.22414445922604,3.7758555407739607
2570,01100110,011,000,1,0,"[35.55555555555556, 51.51653711324493, 41.9753086419753]","[0.81, 1.0, 1.0]",0.7290000000000001,196.22414445922604,3.7758555407739607
2571,00011000,101,000,1,0,"[51.821368693796664, 33.33333333333333, 43.8957475994513]","[1.0, 0.81, 1.0]",0.7290000000000001,196.2283259623886,3.7716740376114046
2572,00011001,101,000,1,0,"[51.821368693796664, 33.33333333333333, 43.895747599451305]","[1.0, 0.81, 1.0]",0.7290000000000001,196.2283259623886,3.7716740376114046
2573,11000000,011,000,1,0,"[33.33333333333333, 51.821368693796664, 43.8957475994513]","[0.81, 1.0, 1.0]",0.7290000000000001,196.2283259623886,3.7716740376114046
2574,11000001,011,000,1,0,"[33.33333333333333, 51.821368693796664, 43.895747599451305]","[0.81, 1.0, 1.0]",0.7290000000000001,196.2283259623886,3.7716740376114046
2575,10111100,011,000,0,0,"[34.888888888888886, 45.432098765432094, 43.8957475994513]","[0.81, 1.0, 1.0]",0.7290000000000001,196.2369482219098,3.763051778090187
2576,11110100,101,000,0,0,"[45.432098765432094, 34.888888888888886, 43.8957475994513]","[1.0, 0.81, 1.0]",0.7290000000000001,196.2369482219098,3.763051778090187
2577,10111101,011,000,0,0,"[34.888888888888886, 45.432098765432094, 43.895747599451305]","[0.81, 1.0, 1.0]",0.7290000000000001,196.23694822190984,3.7630517780901585
2578,11110101,101,000,0,0,"[45.432098765432094, 34.888888888888886, 43.895747599451305]","[1.0, 0.81, 1.0]",0.7290000000000001,196.23694822190984,3.7630517780901585
2579,00001111,101,000,1,0,"[51.821368693796664, 35.55555555555556, 41.7283950617284]","[1.0, 0.81, 1.0]",0.7290000000000001,196.30359301931495,3.6964069806850546
2580,01100011,011,000,1,0,"[35.55555555555556, 51.821368693796664, 41.7283950617284]","[0.81, 1.0, 1.0]",0.7290000000000001,196.30359301931495,3.6964069806850546
2581,01111110,110,000,0,0,"[48.83401920438958, 45.432098765432094, 30.0]","[1.0, 1.0, 0.81]",0.7290000000000001,196.30468857314355,3.695311426856449
2582,11101110,110,000,0,0,"[45.432098765432094, 48.83401920438958, 30.0]","[1.0, 1.0, 0.81]",0.7290000000000001,196.30468857314355,3.695311426856449
2583,00111001,110,000,1,0,"[51.51653711324493, 46.09053497942386, 31.555555555555557]","[1.0, 1.0, 0.81]",0.7290000000000001,196.38220527877138,3.61779472122862
2584,11000101,110,000,1,0,"[46.09053497942386, 51.51653711324493, 31.555555555555557]","[1.0, 1.0, 0.81]",0.7290000000000001,196.38220527877138,3.61779472122862
2585,10111011,100,000,1,0,"[48.01097393689986, 33.33333333333333, 33.55555555555556]","[1.0, 0.81, 0.9]",0.6561000000000001,196.46374459044156,3.5362554095584358
2586,10111110,100,000,1,0,"[48.01097393689986, 36.888888888888886, 30.0]","[1.0, 0.9, 0.81]",0.6561000000000001,196.46374459044156,3.5362554095584358
2587,11010111,010,000,1,0,"[33.33333333333333, 48.01097393689986, 33.55555555555556]","[0.81, 1.0, 0.9]",0.6561000000000001,196.46374459044156,3.5362554095584358
2588,11110110,010,000,1,0,"[36.888888888888886, 48.01097393689986, 30.0]","[0.9, 1.0, 0.81]",0.6561000000000001,196.46374459044156,3.5362554095584358
2589,01101101,110,000,1,0,"[48.83401920438958, 48.83401920438958, 31.555555555555557]","[1.0, 1.0, 0.81]",0.7290000000000001,196.46583534202293,3.5341646579770725
2590,00111011,101,001,0,0,"[51.51653711324493, 33.33333333333333, 39.55555555555556]","[1.0, 0.81, 1.0]",0.7290000000000001,196.49578326767326,3.5042167323267392
2591,00111110,110,010,0,0,"[51.51653711324493, 42.888888888888886, 30.0]","[1.0, 1.0, 0.81]",0.7290000000000001,196.49578326767326,3.5042167323267392
2592,11000111,011,001,0,0,"[33.33333333333333, 51.51653711324493, 39.55555555555556]","[0.81, 1.0, 1.0]",0.7290000000000001,196.49578326767326,3.5042167323267392
2593,11100110,110,100,0,0,"[42.888888888888886, 51.51653711324493, 30.0]","[1.0, 1.0, 0.81]",0.7290000000000001,196.49578326767326,3.5042167323267392
2594,01011011,101,000,0,0,"[49.38271604938271, 33.33333333333333, 41.7283950617284]","[1.0, 0.81, 1.0]",0.7290000000000001,196.54930650815422,3.450693491845783
2595,11001011,011,000,0,0,"[33.33333333333333, 49.38271604938271, 41.7283950617284]","[0.81, 1.0, 1.0]",0.7290000000000001,196.54930650815422,3.450693491845783
2596,01001111,101,001,0,0,"[49.38271604938271, 35.55555555555556, 39.55555555555556]","[1.0, 0.81, 1.0]",0.7290000000000001,196.61704685938793,3.3829531406120736
2597,01101011,011,001,0,0,"[35.55555555555556, 49.38271604938271, 39.55555555555556]","[0.81, 1.0, 1.0]",0.7290000000000001,196.61704685938793,3.3829531406120736
2598,00001110,101,000,1,0,"[51.821368693796664, 35.55555555555556, 41.9753086419753]","[1.0, 0.81, 1.0]",0.7290000000000001,196.64229477548355,3.357705224516451
2599,01100010,011,000,1,0,"[35.55555555555556, 51.821368693796664, 41.9753086419753]","[0.81, 1.0, 1.0]",0.7290000000000001,196.64229477548355,3.357705224516451
2600,10011010,110,000,0,0,"[48.46822130772747, 46.09053497942386, 30.0]","[1.0, 1.0, 0.81]",0.7290000000000001,196.70611287675075,3.293887123249249
2601,11010010,110,000,0,0,"[46.09053497942386, 48.46822130772747, 30.0]","[1.0, 1.0, 0.81]",0.7290000000000001,196.70611287675075,3.293887123249249
2602,01010001,110,000,1,0,"[49.38271604938271, 48.46822130772747, 31.555555555555557]","[1.0, 1.0, 0.81]",0.7290000000000001,196.71672553177737,3.283274468222629
2603,10001001,110,000,1,0,"[48.46822130772747, 49.38271604938271, 31.555555555555557]","[1.0, 1.0, 0.81]",0.7290000000000001,196.71672553177737,3.283274468222629
2604,11111111,000,000,0,0,"[36.888888888888886, 36.888888888888886, 33.55555555555556]","[0.9, 0.9, 0.9]",0.6561000000000001,196.75252756185535,3.247472438144655
2605,00011001,110,000,1,0,"[51.821368693796664, 46.09053497942386, 31.555555555555557]","[1.0, 1.0, 0.81]",0.7290000000000001,196.8003555950289,3.19964440497111
2606,11000001,110,000,1,0,"[46.09053497942386, 51.821368693796664, 31.555555555555557]","[1.0, 1.0, 0.81]",0.7290000000000001,196.8003555950289,3.19964440497111
2607,10110111,011,000,0,0,"[34.888888888888886, 48.01097393689986, 41.7283950617284]","[0.81, 1.0, 1.0]",0.7290000000000001,196.80145114885752,3.1985488511424762
2608,10110111,101,000,0,0,"[48.01097393689986, 34.888888888888886, 41.7283950617284]","[1.0, 0.81, 1.0]",0.7290000000000001,196.80145114885752,3.1985488511424762
2609,00110110,110,000,1,0,"[51.51653711324493, 48.01097393689986, 30.0]","[1.0, 1.0, 0.81]",0.7290000000000001,196.88273120733166,3.117268792668341
2610,10100110,110,000,1,0,"[48.01097393689986, 51.51653711324493, 30.0]","[1.0, 1.0, 0.81]",0.7290000000000001,196.88273120733166,3.117268792668341
2611,01011010,101,000,0,0,"[49.38271604938271, 33.33333333333333, 41.9753086419753]","[1.0, 0.81, 1.0]",0.7290000000000001,196.8880082643228,3.1119917356772078
2612,11001010,011,000,0,0,"[33.33333333333333, 49.38271604938271, 41.9753086419753]","[0.81, 1.0, 1.0]",0.7290000000000001,196.8880082643228,3.1119917356772078
2613,00011011,101,001,0,0,"[51.821368693796664, 33.33333333333333, 39.55555555555556]","[1.0, 0.81, 1.0]",0.7290000000000001,196.9139335839308,3.086066416069201
2614,00011110,110,010,0,0,"[51.821368693796664, 42.888888888888886, 30.0]","[1.0, 1.0, 0.81]",0.7290000000000001,196.9139335839308,3.086066416069201
2615,11000011,011,001,0,0,"[33.33333333333333, 51.821368693796664, 39.55555555555556]","[0.81, 1.0, 1.0]",0.7290000000000001,196.9139335839308,3.086066416069201
2616,11100010,110,100,0,0,"[42.888888888888886, 51.821368693796664, 30.0]","[1.0, 1.0, 0.81]",0.7290000000000001,196.9139335839308,3.086066416069201
2617,01111011,010,000,1,0,"[35.55555555555556, 46.09053497942386, 33.55555555555556]","[0.81, 1.0, 0.9]",0.6561000000000001,196.9237099383249,3.0762900616751097
2618,11001111,100,000,1,0,"[46.09053497942386, 35.55555555555556, 33.55555555555556]","[1.0, 0.81, 0.9]",0.6561000000000001,196.9237099383249,3.0762900616751097
2619,01011110,110,000,0,0,"[49.38271604938271, 45.432098765432094, 30.0]","[1.0, 1.0, 0.81]",0.7290000000000001,197.05735914240714,2.9426408575928633
2620,11101010,110,000,0,0,"[45.432098765432094, 49.38271604938271, 30.0]","[1.0, 1.0, 0.81]",0.7290000000000001,197.05735914240714,2.9426408575928633
2621,10111000,011,000,0,0,"[34.888888888888886, 46.09053497942386, 43.8957475994513]","[0.81, 1.0, 1.0]",0.7290000000000001,197.1401529050261,2.859847094973901
2622,11010100,101,000,0,0,"[46.09053497942386, 34.888888888888886, 43.8957475994513]","[1.0, 0.81, 1.0]",0.7290000000000001,197.1401529050261,2.859847094973901
2623,10110110,011,000,0,0,"[34.888888888888886, 48.01097393689986, 41.9753086419753]","[0.81, 1.0, 1.0]",0.7290000000000001,197.14015290502613,2.8598470949738726
2624,10110110,101,000,0,0,"[48.01097393689986, 34.888888888888886, 41.9753086419753]","[1.0, 0.81, 1.0]",0.7290000000000001,197.14015290502613,2.8598470949738726
2625,10111001,011,000,0,0,"[34.888888888888886, 46.09053497942386, 43.895747599451305]","[0.81, 1.0, 1.0]",0.7290000000000001,197.14015290502613,2.8598470949738726
2626,11010101,101,000,0,0,"[46.09053497942386, 34.888888888888886, 43.895747599451305]","[1.0, 0.81, 1.0]",0.7290000000000001,197.14015290502613,2.8598470949738726
2627,01111100,011,000,0,0,"[35.55555555555556, 45.432098765432094, 43.8957475994513]","[0.81, 1.0, 1.0]",0.7290000000000001,197.15144296356507,2.8485570364349257
2628,01111101,011,000,0,0,"[35.55555555555556, 45.432098765432094, 43.895747599451305]","[0.81, 1.0, 1.0]",0.7290000000000001,197.15144296356507,2.8485570364349257
2629,11101100,101,000,0,0,"[45.432098765432094, 35.55555555555556, 43.8957475994513]","[1.0, 0.81, 1.0]",0.7290000000000001,197.15144296356507,2.8485570364349257
2630,11101101,101,000,0,0,"[45.432098765432094, 35.55555555555556, 43.895747599451305]","[1.0, 0.81, 1.0]",0.7290000000000001,197.15144296356507,2.8485570364349257
2631,10011011,100,000,1,0,"[48.46822130772747, 33.33333333333333, 33.55555555555556]","[1.0, 0.81, 0.9]",0.6561000000000001,197.16066178420414,2.8393382157958627
2632,10011110,100,000,1,0,"[48.46822130772747, 36.888888888888886, 30.0]","[1.0, 0.9, 0.81]",0.6561000000000001,197.16066178420414,2.8393382157958627
2633,11010011,010,000,1,0,"[33.33333333333333, 48.46822130772747, 33.55555555555556]","[0.81, 1.0, 0.9]",0.6561000000000001,197.16066178420414,2.8393382157958627
2634,11110010,010,000,1,0,"[36.888888888888886, 48.46822130772747, 30.0]","[0.9, 1.0, 0.81]",0.6561000000000001,197.16066178420414,2.8393382157958627
2635,01111010,110,000,0,0,"[48.83401920438958, 46.09053497942386, 30.0]","[1.0, 1.0, 0.81]",0.7290000000000001,197.20789325625984,2.792106743740163
2636,11001110,110,000,0,0,"[46.09053497942386, 48.83401920438958, 30.0]","[1.0, 1.0, 0.81]",0.7290000000000001,197.20789325625984,2.792106743740163
2637,01001101,110,000,1,0,"[49.38271604938271, 48.83401920438958, 31.555555555555557]","[1.0, 1.0, 0.81]",0.7290000000000001,197.21850591128646,2.7814940887135435
2638,01101001,110,000,1,0,"[48.83401920438958, 49.38271604938271, 31.555555555555557]","[1.0, 1.0, 0.81]",0.7290000000000001,197.21850591128646,2.7814940887135435
2639,00010110,110,000,1,0,"[51.821368693796664, 48.01097393689986, 30.0]","[1.0, 1.0, 0.81]",0.7290000000000001,197.30088152358917,2.699118476410831
2640,10100010,110,000,1,0,"[48.01097393689986, 51.821368693796664, 30.0]","[1.0, 1.0, 0.81]",0.7290000000000001,197.30088152358917,2.699118476410831
2641,10111101,110,000,0,0,"[48.01097393689986, 45.432098765432094, 31.555555555555557]","[1.0, 1.0, 0.81]",0.7290000000000001,197.30950378311042,2.690496216889585
2642,11110101,110,000,0,0,"[45.432098765432094, 48.01097393689986, 31.555555555555557]","[1.0, 1.0, 0.81]",0.7290000000000001,197.30950378311042,2.690496216889585
2643,10010111,101,000,0,0,"[48.46822130772747, 34.888888888888886, 41.7283950617284]","[1.0, 0.81, 1.0]",0.7290000000000001,197.42867662324383,2.571323376756169
2644,10110011,011,000,0,0,"[34.888888888888886, 48.46822130772747, 41.7283950617284]","[0.81, 1.0, 1.0]",0.7290000000000001,197.42867662324383,2.571323376756169
2645,00110010,110,000,1,0,"[51.51653711324493, 48.46822130772747, 30.0]","[1.0, 1.0, 0.81]",0.7290000000000001,197.50995668171797,2.4900433182820336
2646,10000110,110,000,1,0,"[48.46822130772747, 51.51653711324493, 30.0]","[1.0, 1.0, 0.81]",0.7290000000000001,197.50995668171797,2.4900433182820336
2647,10111000,101,000,0,0,"[48.01097393689986, 33.33333333333333, 43.8957475994513]","[1.0, 0.81, 1.0]",0.7290000000000001,197.64067883358638,2.359321166413622
2648,10111001,101,000,0,0,"[48.01097393689986, 33.33333333333333, 43.895747599451305]","[1.0, 0.81, 1.0]",0.7290000000000001,197.64067883358638,2.359321166413622
2649,11010100,011,000,0,0,"[33.33333333333333, 48.01097393689986, 43.8957475994513]","[0.81, 1.0, 1.0]",0.7290000000000001,197.64067883358638,2.359321166413622
2650,11010101,011,000,0,0,"[33.33333333333333, 48.01097393689986, 43.895747599451305]","[0.81, 1.0, 1.0]",0.7290000000000001,197.64067883358638,2.359321166413622
2651,10111100,001,000,1,0,"[34.888888888888886, 36.888888888888886, 43.8957475994513]","[0.81, 0.9, 1.0]",0.6561000000000001,197.6429284822878,2.3570715177121997
2652,11110100,001,000,1,0,"[36.888888888888886, 34.888888888888886, 43.8957475994513]","[0.9, 0.81, 1.0]",0.6561000000000001,197.6429284822878,2.3570715177121997
2653,10111101,001,000,1,0,"[34.888888888888886, 36.888888888888886, 43.895747599451305]","[0.81, 0.9, 1.0]",0.6561000000000001,197.64292848228786,2.357071517712143
2654,11110101,001,000,1,0,"[36.888888888888886, 34.888888888888886, 43.895747599451305]","[0.9, 0.81, 1.0]",0.6561000000000001,197.64292848228786,2.357071517712143
2655,01110111,011,000,0,0,"[35.55555555555556, 48.01097393689986, 41.7283950617284]","[0.81, 1.0, 1.0]",0.7290000000000001,197.71594589051276,2.2840541094872435
2656,10101111,101,000,0,0,"[48.01097393689986, 35.55555555555556, 41.7283950617284]","[1.0, 0.81, 1.0]",0.7290000000000001,197.71594589051276,2.2840541094872435
2657,01111011,100,000,1,0,"[48.83401920438958, 33.33333333333333, 33.55555555555556]","[1.0, 0.81, 0.9]",0.6561000000000001,197.71819553921424,2.2818044607857644
2658,01111110,100,000,1,0,"[48.83401920438958, 36.888888888888886, 30.0]","[1.0, 0.9, 0.81]",0.6561000000000001,197.71819553921424,2.2818044607857644
2659,11001111,010,000,1,0,"[33.33333333333333, 48.83401920438958, 33.55555555555556]","[0.81, 1.0, 0.9]",0.6561000000000001,197.71819553921424,2.2818044607857644
2660,11101110,010,000,1,0,"[36.888888888888886, 48.83401920438958, 30.0]","[0.9, 1.0, 0.81]",0.6561000000000001,197.71819553921424,2.2818044607857644
2661,10010110,101,000,0,0,"[48.46822130772747, 34.888888888888886, 41.9753086419753]","[1.0, 0.81, 1.0]",0.7290000000000001,197.7673783794124,2.2326216205875937
2662,10110010,011,000,0,0,"[34.888888888888886, 48.46822130772747, 41.9753086419753]","[0.81, 1.0, 1.0]",0.7290000000000001,197.7673783794124,2.2326216205875937
2663,00010010,110,000,1,0,"[51.821368693796664, 48.46822130772747, 30.0]","[1.0, 1.0, 0.81]",0.7290000000000001,197.92810699797545,2.0718930020245523
2664,10000010,110,000,1,0,"[48.46822130772747, 51.821368693796664, 30.0]","[1.0, 1.0, 0.81]",0.7290000000000001,197.92810699797545,2.0718930020245523
2665,01110111,101,000,0,0,"[48.83401920438958, 34.888888888888886, 41.7283950617284]","[1.0, 0.81, 1.0]",0.7290000000000001,197.93045700275286,2.06954299724714
2666,10101111,011,000,0,0,"[34.888888888888886, 48.83401920438958, 41.7283950617284]","[0.81, 1.0, 1.0]",0.7290000000000001,197.93045700275286,2.06954299724714
2667,10011101,110,000,0,0,"[48.46822130772747, 45.432098765432094, 31.555555555555557]","[1.0, 1.0, 0.81]",0.7290000000000001,197.93672925749672,2.0632707425032777
2668,11110001,110,000,0,0,"[45.432098765432094, 48.46822130772747, 31.555555555555557]","[1.0, 1.0, 0.81]",0.7290000000000001,197.93672925749672,2.0632707425032777
2669,00110100,101,000,1,0,"[51.51653711324493, 34.888888888888886, 43.8957475994513]","[1.0, 0.81, 1.0]",0.7290000000000001,197.94399670999326,2.0560032900067426
2670,00110101,101,000,1,0,"[51.51653711324493, 34.888888888888886, 43.895747599451305]","[1.0, 0.81, 1.0]",0.7290000000000001,197.94399670999326,2.0560032900067426
2671,10100100,011,000,1,0,"[34.888888888888886, 51.51653711324493, 43.8957475994513]","[0.81, 1.0, 1.0]",0.7290000000000001,197.94399670999326,2.0560032900067426
2672,10100101,011,000,1,0,"[34.888888888888886, 51.51653711324493, 43.895747599451305]","[0.81, 1.0, 1.0]",0.7290000000000001,197.94399670999326,2.0560032900067426
2673,01011010,110,000,0,0,"[49.38271604938271, 46.09053497942386, 30.0]","[1.0, 1.0, 0.81]",0.7290000000000001,197.9605638255234,2.039436174476606
2674,11001010,110,000,0,0,"[46.09053497942386, 49.38271604938271, 30.0]","[1.0, 1.0, 0.81]",0.7290000000000001,197.9605638255234,2.039436174476606
2675,01001001,110,000,1,0,"[49.38271604938271, 49.38271604938271, 31.555555555555557]","[1.0, 1.0, 0.81]",0.7290000000000001,197.97117648054999,2.0288235194500146
2676,00101110,110,000,1,0,"[51.51653711324493, 48.83401920438958, 30.0]","[1.0, 1.0, 0.81]",0.7290000000000001,198.011737061227,1.9882629387730049
2677,01100110,110,000,1,0,"[48.83401920438958, 51.51653711324493, 30.0]","[1.0, 1.0, 0.81]",0.7290000000000001,198.011737061227,1.9882629387730049
2678,01110110,011,000,0,0,"[35.55555555555556, 48.01097393689986, 41.9753086419753]","[0.81, 1.0, 1.0]",0.7290000000000001,198.05464764668136,1.9453523533186399
2679,01111000,011,000,0,0,"[35.55555555555556, 46.09053497942386, 43.8957475994513]","[0.81, 1.0, 1.0]",0.7290000000000001,198.05464764668136,1.9453523533186399
2680,01111001,011,000,0,0,"[35.55555555555556, 46.09053497942386, 43.895747599451305]","[0.81, 1.0, 1.0]",0.7290000000000001,198.05464764668136,1.9453523533186399
2681,10101110,101,000,0,0,"[48.01097393689986, 35.55555555555556, 41.9753086419753]","[1.0, 0.81, 1.0]",0.7290000000000001,198.05464764668136,1.9453523533186399
2682,11001100,101,000,0,0,"[46.09053497942386, 35.55555555555556, 43.8957475994513]","[1.0, 0.81, 1.0]",0.7290000000000001,198.05464764668136,1.9453523533186399
2683,11001101,101,000,0,0,"[46.09053497942386, 35.55555555555556, 43.895747599451305]","[1.0, 0.81, 1.0]",0.7290000000000001,198.05464764668136,1.9453523533186399
2684,10011111,011,010,1,0,"[31.333333333333332, 42.888888888888886, 41.7283950617284]","[0.7290000000000001, 1.0, 1.0]",0.6561000000000001,198.06526030170798,1.9347396982920202
2685,11110011,101,100,1,0,"[42.888888888888886, 31.333333333333332, 41.7283950617284]","[1.0, 0.7290000000000001, 1.0]",0.6561000000000001,198.06526030170798,1.9347396982920202
2686,00111111,011,011,1,0,"[33.55555555555556, 42.888888888888886, 39.55555555555556]","[0.7290000000000001, 1.0, 1.0]",0.6561000000000001,198.14052735863433,1.8594726413656701
2687,11100111,101,101,1,0,"[42.888888888888886, 33.55555555555556, 39.55555555555556]","[1.0, 0.7290000000000001, 1.0]",0.6561000000000001,198.14052735863433,1.8594726413656701
2688,10111001,110,000,0,0,"[48.01097393689986, 46.09053497942386, 31.555555555555557]","[1.0, 1.0, 0.81]",0.7290000000000001,198.21270846622667,1.7872915337733275
2689,11010101,110,000,0,0,"[46.09053497942386, 48.01097393689986, 31.555555555555557]","[1.0, 1.0, 0.81]",0.7290000000000001,198.21270846622667,1.7872915337733275
2690,10011000,101,000,0,0,"[48.46822130772747, 33.33333333333333, 43.8957475994513]","[1.0, 0.81, 1.0]",0.7290000000000001,198.26790430797269,1.7320956920273147
2691,10011001,101,000,0,0,"[48.46822130772747, 33.33333333333333, 43.895747599451305]","[1.0, 0.81, 1.0]",0.7290000000000001,198.26790430797269,1.7320956920273147
2692,11010000,011,000,0,0,"[33.33333333333333, 48.46822130772747, 43.8957475994513]","[0.81, 1.0, 1.0]",0.7290000000000001,198.26790430797269,1.7320956920273147
2693,11010001,011,000,0,0,"[33.33333333333333, 48.46822130772747, 43.895747599451305]","[0.81, 1.0, 1.0]",0.7290000000000001,198.26790430797269,1.7320956920273147
2694,01110110,101,000,0,0,"[48.83401920438958, 34.888888888888886, 41.9753086419753]","[1.0, 0.81, 1.0]",0.7290000000000001,198.26915875892146,1.7308412410785365
2695,10101110,011,000,0,0,"[34.888888888888886, 48.83401920438958, 41.9753086419753]","[0.81, 1.0, 1.0]",0.7290000000000001,198.26915875892146,1.7308412410785365
2696,01110011,011,000,0,0,"[35.55555555555556, 48.46822130772747, 41.7283950617284]","[0.81, 1.0, 1.0]",0.7290000000000001,198.34317136489906,1.6568286351009363
2697,10001111,101,000,0,0,"[48.46822130772747, 35.55555555555556, 41.7283950617284]","[1.0, 0.81, 1.0]",0.7290000000000001,198.34317136489906,1.6568286351009363
2698,00010100,101,000,1,0,"[51.821368693796664, 34.888888888888886, 43.8957475994513]","[1.0, 0.81, 1.0]",0.7290000000000001,198.3621470262508,1.6378529737492045
2699,10100000,011,000,1,0,"[34.888888888888886, 51.821368693796664, 43.8957475994513]","[0.81, 1.0, 1.0]",0.7290000000000001,198.3621470262508,1.6378529737492045
2700,00010101,101,000,1,0,"[51.821368693796664, 34.888888888888886, 43.895747599451305]","[1.0, 0.81, 1.0]",0.7290000000000001,198.36214702625082,1.637852973749176
2701,10100001,011,000,1,0,"[34.888888888888886, 51.821368693796664, 43.895747599451305]","[0.81, 1.0, 1.0]",0.7290000000000001,198.36214702625082,1.637852973749176
2702,00001110,110,000,1,0,"[51.821368693796664, 48.83401920438958, 30.0]","[1.0, 1.0, 0.81]",0.7290000000000001,198.42988737748453,1.5701126225154667
2703,01100010,110,000,1,0,"[48.83401920438958, 51.821368693796664, 30.0]","[1.0, 1.0, 0.81]",0.7290000000000001,198.42988737748453,1.5701126225154667
2704,01111101,110,000,0,0,"[48.83401920438958, 45.432098765432094, 31.555555555555557]","[1.0, 1.0, 0.81]",0.7290000000000001,198.43850963700578,1.5614903629942205
2705,11101101,110,000,0,0,"[45.432098765432094, 48.83401920438958, 31.555555555555557]","[1.0, 1.0, 0.81]",0.7290000000000001,198.43850963700578,1.5614903629942205
2706,10011110,011,010,1,0,"[31.333333333333332, 42.888888888888886, 41.9753086419753]","[0.7290000000000001, 1.0, 1.0]",0.6561000000000001,198.44159558633973,1.55840441366027
2707,11110010,101,100,1,0,"[42.888888888888886, 31.333333333333332, 41.9753086419753]","[1.0, 0.7290000000000001, 1.0]",0.6561000000000001,198.44159558633973,1.55840441366027
2708,01011011,100,000,1,0,"[49.38271604938271, 33.33333333333333, 33.55555555555556]","[1.0, 0.81, 0.9]",0.6561000000000001,198.55449617172926,1.4455038282707449
2709,01011110,100,000,1,0,"[49.38271604938271, 36.888888888888886, 30.0]","[1.0, 0.9, 0.81]",0.6561000000000001,198.55449617172926,1.4455038282707449
2710,11001011,010,000,1,0,"[33.33333333333333, 49.38271604938271, 33.55555555555556]","[0.81, 1.0, 0.9]",0.6561000000000001,198.55449617172926,1.4455038282707449
2711,11101010,010,000,1,0,"[36.888888888888886, 49.38271604938271, 30.0]","[0.9, 1.0, 0.81]",0.6561000000000001,198.55449617172926,1.4455038282707449
2712,00110111,101,001,0,0,"[51.51653711324493, 34.888888888888886, 39.55555555555556]","[1.0, 0.81, 1.0]",0.7290000000000001,198.62960433153546,1.370395668464539
2713,00111101,110,010,0,0,"[51.51653711324493, 42.888888888888886, 31.555555555555557]","[1.0, 1.0, 0.81]",0.7290000000000001,198.62960433153546,1.370395668464539
2714,10100111,011,001,0,0,"[34.888888888888886, 51.51653711324493, 39.55555555555556]","[0.81, 1.0, 1.0]",0.7290000000000001,198.62960433153546,1.370395668464539
2715,11100101,110,100,0,0,"[42.888888888888886, 51.51653711324493, 31.555555555555557]","[1.0, 1.0, 0.81]",0.7290000000000001,198.62960433153546,1.370395668464539
2716,10011111,011,001,1,0,"[31.333333333333332, 45.432098765432094, 39.55555555555556]","[0.7290000000000001, 1.0, 1.0]",0.6561000000000001,198.62976322865563,1.3702367713443664
2717,11110011,101,001,1,0,"[45.432098765432094, 31.333333333333332, 39.55555555555556]","[1.0, 0.7290000000000001, 1.0]",0.6561000000000001,198.62976322865563,1.3702367713443664
2718,11111100,110,010,1,0,"[45.432098765432094, 42.888888888888886, 28.0]","[1.0, 1.0, 0.7290000000000001]",0.6561000000000001,198.62976322865563,1.3702367713443664
2719,11111100,110,100,1,0,"[42.888888888888886, 45.432098765432094, 28.0]","[1.0, 1.0, 0.7290000000000001]",0.6561000000000001,198.62976322865563,1.3702367713443664
2720,01111100,001,000,1,0,"[35.55555555555556, 36.888888888888886, 43.8957475994513]","[0.81, 0.9, 1.0]",0.6561000000000001,198.65903375079364,1.3409662492063603
2721,01111101,001,000,1,0,"[35.55555555555556, 36.888888888888886, 43.895747599451305]","[0.81, 0.9, 1.0]",0.6561000000000001,198.65903375079364,1.3409662492063603
2722,11101100,001,000,1,0,"[36.888888888888886, 35.55555555555556, 43.8957475994513]","[0.9, 0.81, 1.0]",0.6561000000000001,198.65903375079364,1.3409662492063603
2723,11101101,001,000,1,0,"[36.888888888888886, 35.55555555555556, 43.895747599451305]","[0.9, 0.81, 1.0]",0.6561000000000001,198.65903375079364,1.3409662492063603
2724,01110010,011,000,0,0,"[35.55555555555556, 48.46822130772747, 41.9753086419753]","[0.81, 1.0, 1.0]",0.7290000000000001,198.68187312106767,1.3181268789323326
2725,10001110,101,000,0,0,"[48.46822130772747, 35.55555555555556, 41.9753086419753]","[1.0, 0.81, 1.0]",0.7290000000000001,198.68187312106767,1.3181268789323326
2726,01010111,101,000,0,0,"[49.38271604938271, 34.888888888888886, 41.7283950617284]","[1.0, 0.81, 1.0]",0.7290000000000001,198.68312757201645,1.3168724279835544
2727,10101011,011,000,0,0,"[34.888888888888886, 49.38271604938271, 41.7283950617284]","[0.81, 1.0, 1.0]",0.7290000000000001,198.68312757201645,1.3168724279835544
2728,10110110,110,000,0,0,"[48.01097393689986, 48.01097393689986, 30.0]","[1.0, 1.0, 0.81]",0.7290000000000001,198.71323439478698,1.28676560521302
2729,00101010,110,000,1,0,"[51.51653711324493, 49.38271604938271, 30.0]","[1.0, 1.0, 0.81]",0.7290000000000001,198.76440763049058,1.235592369509419
2730,01000110,110,000,1,0,"[49.38271604938271, 51.51653711324493, 30.0]","[1.0, 1.0, 0.81]",0.7290000000000001,198.76440763049058,1.235592369509419
2731,01111000,101,000,0,0,"[48.83401920438958, 33.33333333333333, 43.8957475994513]","[1.0, 0.81, 1.0]",0.7290000000000001,198.76968468748177,1.2303153125182291
2732,01111001,101,000,0,0,"[48.83401920438958, 33.33333333333333, 43.895747599451305]","[1.0, 0.81, 1.0]",0.7290000000000001,198.76968468748177,1.2303153125182291
2733,11001100,011,000,0,0,"[33.33333333333333, 48.83401920438958, 43.8957475994513]","[0.81, 1.0, 1.0]",0.7290000000000001,198.76968468748177,1.2303153125182291
2734,11001101,011,000,0,0,"[33.33333333333333, 48.83401920438958, 43.895747599451305]","[0.81, 1.0, 1.0]",0.7290000000000001,198.76968468748177,1.2303153125182291
2735,10110111,010,000,1,0,"[34.888888888888886, 48.01097393689986, 33.55555555555556]","[0.81, 1.0, 0.9]",0.6561000000000001,198.83465688362185,1.1653431163781534
2736,10110111,100,000,1,0,"[48.01097393689986, 34.888888888888886, 33.55555555555556]","[1.0, 0.81, 0.9]",0.6561000000000001,198.83465688362185,1.1653431163781534
2737,10111101,100,000,1,0,"[48.01097393689986, 36.888888888888886, 31.555555555555557]","[1.0, 0.9, 0.81]",0.6561000000000001,198.83465688362185,1.1653431163781534
2738,11110101,010,000,1,0,"[36.888888888888886, 48.01097393689986, 31.555555555555557]","[0.9, 1.0, 0.81]",0.6561000000000001,198.83465688362185,1.1653431163781534
2739,10011001,110,000,0,0,"[48.46822130772747, 46.09053497942386, 31.555555555555557]","[1.0, 1.0, 0.81]",0.7290000000000001,198.83993394061298,1.1600660593870202
2740,11010001,110,000,0,0,"[46.09053497942386, 48.46822130772747, 31.555555555555557]","[1.0, 1.0, 0.81]",0.7290000000000001,198.83993394061298,1.1600660593870202
2741,01101111,011,000,0,0,"[35.55555555555556, 48.83401920438958, 41.7283950617284]","[0.81, 1.0, 1.0]",0.7290000000000001,198.84495174440812,1.155048255591879
2742,01101111,101,000,0,0,"[48.83401920438958, 35.55555555555556, 41.7283950617284]","[1.0, 0.81, 1.0]",0.7290000000000001,198.84495174440812,1.155048255591879
2743,00101100,101,000,1,0,"[51.51653711324493, 35.55555555555556, 43.8957475994513]","[1.0, 0.81, 1.0]",0.7290000000000001,198.85849145164852,1.1415085483514815
2744,00101101,101,000,1,0,"[51.51653711324493, 35.55555555555556, 43.895747599451305]","[1.0, 0.81, 1.0]",0.7290000000000001,198.85849145164852,1.1415085483514815
2745,01100100,011,000,1,0,"[35.55555555555556, 51.51653711324493, 43.8957475994513]","[0.81, 1.0, 1.0]",0.7290000000000001,198.85849145164852,1.1415085483514815
2746,01100101,011,000,1,0,"[35.55555555555556, 51.51653711324493, 43.895747599451305]","[0.81, 1.0, 1.0]",0.7290000000000001,198.85849145164852,1.1415085483514815
2747,00110101,110,000,1,0,"[51.51653711324493, 48.01097393689986, 31.555555555555557]","[1.0, 1.0, 0.81]",0.7290000000000001,199.01655227119386,0.9834477288061407
2748,10100101,110,000,1,0,"[48.01097393689986, 51.51653711324493, 31.555555555555557]","[1.0, 1.0, 0.81]",0.7290000000000001,199.01655227119386,0.9834477288061407
2749,01010110,101,000,0,0,"[49.38271604938271, 34.888888888888886, 41.9753086419753]","[1.0, 0.81, 1.0]",0.7290000000000001,199.021829328185,0.9781706718150076
2750,10101010,011,000,0,0,"[34.888888888888886, 49.38271604938271, 41.9753086419753]","[0.81, 1.0, 1.0]",0.7290000000000001,199.021829328185,0.9781706718150076
2751,00010111,101,001,0,0,"[51.821368693796664, 34.888888888888886, 39.55555555555556]","[1.0, 0.81, 1.0]",0.7290000000000001,199.04775464779297,0.9522453522070293
2752,00011101,110,010,0,0,"[51.821368693796664, 42.888888888888886, 31.555555555555557]","[1.0, 1.0, 0.81]",0.7290000000000001,199.04775464779297,0.9522453522070293
2753,10100011,011,001,0,0,"[34.888888888888886, 51.821368693796664, 39.55555555555556]","[0.81, 1.0, 1.0]",0.7290000000000001,199.04775464779297,0.9522453522070293
2754,11100001,110,100,0,0,"[42.888888888888886, 51.821368693796664, 31.555555555555557]","[1.0, 1.0, 0.81]",0.7290000000000001,199.04775464779297,0.9522453522070293
2755,01011111,011,010,1,0,"[32.0, 42.888888888888886, 41.7283950617284]","[0.7290000000000001, 1.0, 1.0]",0.6561000000000001,199.0813655702138,0.9186344297862092
2756,11101011,101,100,1,0,"[42.888888888888886, 32.0, 41.7283950617284]","[1.0, 0.7290000000000001, 1.0]",0.6561000000000001,199.0813655702138,0.9186344297862092
2757,00001010,110,000,1,0,"[51.821368693796664, 49.38271604938271, 30.0]","[1.0, 1.0, 0.81]",0.7290000000000001,199.1825579467481,0.8174420532519093
2758,01000010,110,000,1,0,"[49.38271604938271, 51.821368693796664, 30.0]","[1.0, 1.0, 0.81]",0.7290000000000001,199.1825579467481,0.8174420532519093
2759,01101110,011,000,0,0,"[35.55555555555556, 48.83401920438958, 41.9753086419753]","[0.81, 1.0, 1.0]",0.7290000000000001,199.18365350057672,0.8163464994232754
2760,01101110,101,000,0,0,"[48.83401920438958, 35.55555555555556, 41.9753086419753]","[1.0, 0.81, 1.0]",0.7290000000000001,199.18365350057672,0.8163464994232754
2761,01011101,110,000,0,0,"[49.38271604938271, 45.432098765432094, 31.555555555555557]","[1.0, 1.0, 0.81]",0.7290000000000001,199.19118020626934,0.8088197937306632
2762,11101001,110,000,0,0,"[45.432098765432094, 49.38271604938271, 31.555555555555557]","[1.0, 1.0, 0.81]",0.7290000000000001,199.19118020626934,0.8088197937306632
2763,00001100,101,000,1,0,"[51.821368693796664, 35.55555555555556, 43.8957475994513]","[1.0, 0.81, 1.0]",0.7290000000000001,199.27664176790606,0.7233582320939433
2764,00001101,101,000,1,0,"[51.821368693796664, 35.55555555555556, 43.895747599451305]","[1.0, 0.81, 1.0]",0.7290000000000001,199.27664176790606,0.7233582320939433
2765,01100000,011,000,1,0,"[35.55555555555556, 51.821368693796664, 43.8957475994513]","[0.81, 1.0, 1.0]",0.7290000000000001,199.27664176790606,0.7233582320939433
2766,01100001,011,000,1,0,"[35.55555555555556, 51.821368693796664, 43.895747599451305]","[0.81, 1.0, 1.0]",0.7290000000000001,199.27664176790606,0.7233582320939433
2767,10010110,110,000,0,0,"[48.46822130772747, 48.01097393689986, 30.0]","[1.0, 1.0, 0.81]",0.7290000000000001,199.3404598691733,0.6595401308267128
2768,10110010,110,000,0,0,"[48.01097393689986, 48.46822130772747, 30.0]","[1.0, 1.0, 0.81]",0.7290000000000001,199.3404598691733,0.6595401308267128
2769,01111001,110,000,0,0,"[48.83401920438958, 46.09053497942386, 31.555555555555557]","[1.0, 1.0, 0.81]",0.7290000000000001,199.34171432012207,0.6582856798779346
2770,11001101,110,000,0,0,"[46.09053497942386, 48.83401920438958, 31.555555555555557]","[1.0, 1.0, 0.81]",0.7290000000000001,199.34171432012207,0.6582856798779346
2771,00010101,110,000,1,0,"[51.821368693796664, 48.01097393689986, 31.555555555555557]","[1.0, 1.0, 0.81]",0.7290000000000001,199.43470258745137,0.565297412548631
2772,10100001,110,000,1,0,"[48.01097393689986, 51.821368693796664, 31.555555555555557]","[1.0, 1.0, 0.81]",0.7290000000000001,199.43470258745137,0.565297412548631
2773,11011111,000,000,1,0,"[33.33333333333333, 36.888888888888886, 33.55555555555556]","[0.81, 0.9, 0.9]",0.5904900000000002,199.45770085484554,0.542299145154459
2774,11111011,000,000,1,0,"[36.888888888888886, 33.33333333333333, 33.55555555555556]","[0.9, 0.81, 0.9]",0.5904900000000002,199.45770085484554,0.542299145154459
2775,11111110,000,000,1,0,"[36.888888888888886, 36.888888888888886, 30.0]","[0.9, 0.9, 0.81]",0.5904900000000002,199.45770085484554,0.542299145154459
2776,01011110,011,010,1,0,"[32.0, 42.888888888888886, 41.9753086419753]","[0.7290000000000001, 1.0, 1.0]",0.6561000000000001,199.45770085484557,0.5422991451544306
2777,11101010,101,100,1,0,"[42.888888888888886, 32.0, 41.9753086419753]","[1.0, 0.7290000000000001, 1.0]",0.6561000000000001,199.45770085484557,0.5422991451544306
2778,00111011,101,000,0,0,"[51.51653711324493, 33.33333333333333, 41.7283950617284]","[1.0, 0.81, 1.0]",0.7290000000000001,199.47635872195698,0.5236412780430157
2779,11000111,011,000,0,0,"[33.33333333333333, 51.51653711324493, 41.7283950617284]","[0.81, 1.0, 1.0]",0.7290000000000001,199.47635872195698,0.5236412780430157
2780,01011000,101,000,0,0,"[49.38271604938271, 33.33333333333333, 43.8957475994513]","[1.0, 0.81, 1.0]",0.7290000000000001,199.5223552567453,0.4776447432547002
2781,01011001,101,000,0,0,"[49.38271604938271, 33.33333333333333, 43.895747599451305]","[1.0, 0.81, 1.0]",0.7290000000000001,199.5223552567453,0.4776447432547002
2782,11001000,011,000,0,0,"[33.33333333333333, 49.38271604938271, 43.8957475994513]","[0.81, 1.0, 1.0]",0.7290000000000001,199.5223552567453,0.4776447432547002
2783,11001001,011,000,0,0,"[33.33333333333333, 49.38271604938271, 43.895747599451305]","[0.81, 1.0, 1.0]",0.7290000000000001,199.5223552567453,0.4776447432547002
2784,10010111,100,000,1,0,"[48.46822130772747, 34.888888888888886, 33.55555555555556]","[1.0, 0.81, 0.9]",0.6561000000000001,199.53157407738436,0.4684259226156371
2785,10011101,100,000,1,0,"[48.46822130772747, 36.888888888888886, 31.555555555555557]","[1.0, 0.9, 0.81]",0.6561000000000001,199.53157407738436,0.4684259226156371
2786,10110011,010,000,1,0,"[34.888888888888886, 48.46822130772747, 33.55555555555556]","[0.81, 1.0, 0.9]",0.6561000000000001,199.53157407738436,0.4684259226156371
2787,11110001,010,000,1,0,"[36.888888888888886, 48.46822130772747, 31.555555555555557]","[0.9, 1.0, 0.81]",0.6561000000000001,199.53157407738436,0.4684259226156371
2788,00101111,101,001,0,0,"[51.51653711324493, 35.55555555555556, 39.55555555555556]","[1.0, 0.81, 1.0]",0.7290000000000001,199.54409907319072,0.45590092680927796
2789,01100111,011,001,0,0,"[35.55555555555556, 51.51653711324493, 39.55555555555556]","[0.81, 1.0, 1.0]",0.7290000000000001,199.54409907319072,0.45590092680927796
2790,01001111,101,000,0,0,"[49.38271604938271, 35.55555555555556, 41.7283950617284]","[1.0, 0.81, 1.0]",0.7290000000000001,199.59762231367165,0.40237768632835014
2791,01101011,011,000,0,0,"[35.55555555555556, 49.38271604938271, 41.7283950617284]","[0.81, 1.0, 1.0]",0.7290000000000001,199.59762231367165,0.40237768632835014
2792,10011011,011,001,1,0,"[31.333333333333332, 46.09053497942386, 39.55555555555556]","[0.7290000000000001, 1.0, 1.0]",0.6561000000000001,199.63332398767372,0.36667601232628044
2793,11010011,101,001,1,0,"[46.09053497942386, 31.333333333333332, 39.55555555555556]","[1.0, 0.7290000000000001, 1.0]",0.6561000000000001,199.63332398767372,0.36667601232628044
2794,11011100,110,010,1,0,"[46.09053497942386, 42.888888888888886, 28.0]","[1.0, 1.0, 0.7290000000000001]",0.6561000000000001,199.63332398767372,0.36667601232628044
2795,11111000,110,100,1,0,"[42.888888888888886, 46.09053497942386, 28.0]","[1.0, 1.0, 0.7290000000000001]",0.6561000000000001,199.63332398767372,0.36667601232628044
2796,00110001,110,000,1,0,"[51.51653711324493, 48.46822130772747, 31.555555555555557]","[1.0, 1.0, 0.81]",0.7290000000000001,199.64377774558017,0.35622225441983346
2797,10000101,110,000,1,0,"[48.46822130772747, 51.51653711324493, 31.555555555555557]","[1.0, 1.0, 0.81]",0.7290000000000001,199.64377774558017,0.35622225441983346
2798,01011111,011,001,1,0,"[32.0, 45.432098765432094, 39.55555555555556]","[0.7290000000000001, 1.0, 1.0]",0.6561000000000001,199.64586849716144,0.35413150283855543
2799,11101011,101,001,1,0,"[45.432098765432094, 32.0, 39.55555555555556]","[1.0, 0.7290000000000001, 1.0]",0.6561000000000001,199.64586849716144,0.35413150283855543
2800,10110100,011,000,0,0,"[34.888888888888886, 48.01097393689986, 43.8957475994513]","[0.81, 1.0, 1.0]",0.7290000000000001,199.7744998974486,0.2255001025513934
2801,10110100,101,000,0,0,"[48.01097393689986, 34.888888888888886, 43.8957475994513]","[1.0, 0.81, 1.0]",0.7290000000000001,199.7744998974486,0.2255001025513934
2802,10110101,011,000,0,0,"[34.888888888888886, 48.01097393689986, 43.895747599451305]","[0.81, 1.0, 1.0]",0.7290000000000001,199.7744998974486,0.2255001025513934
2803,10110101,101,000,0,0,"[48.01097393689986, 34.888888888888886, 43.895747599451305]","[1.0, 0.81, 1.0]",0.7290000000000001,199.7744998974486,0.2255001025513934
2804,00111010,101,000,0,0,"[51.51653711324493, 33.33333333333333, 41.9753086419753]","[1.0, 0.81, 1.0]",0.7290000000000001,199.8150604781256,0.1849395218744121
2805,11000110,011,000,0,0,"[33.33333333333333, 51.51653711324493, 41.9753086419753]","[0.81, 1.0, 1.0]",0.7290000000000001,199.8150604781256,0.1849395218744121
2806,01110110,110,000,0,0,"[48.83401920438958, 48.01097393689986, 30.0]","[1.0, 1.0, 0.81]",0.7290000000000001,199.84224024868232,0.15775975131768405
2807,10101110,110,000,0,0,"[48.01097393689986, 48.83401920438958, 30.0]","[1.0, 1.0, 0.81]",0.7290000000000001,199.84224024868232,0.15775975131768405
2808,01110111,010,000,1,0,"[35.55555555555556, 48.01097393689986, 33.55555555555556]","[0.81, 1.0, 0.9]",0.6561000000000001,199.85076215212766,0.1492378478723424
2809,10101111,100,000,1,0,"[48.01097393689986, 35.55555555555556, 33.55555555555556]","[1.0, 0.81, 0.9]",0.6561000000000001,199.85076215212766,0.1492378478723424
2810,00011011,101,000,0,0,"[51.821368693796664, 33.33333333333333, 41.7283950617284]","[1.0, 0.81, 1.0]",0.7290000000000001,199.89450903821452,0.10549096178547757
2811,11000011,011,000,0,0,"[33.33333333333333, 51.821368693796664, 41.7283950617284]","[0.81, 1.0, 1.0]",0.7290000000000001,199.89450903821452,0.10549096178547757
2812,01001110,101,000,0,0,"[49.38271604938271, 35.55555555555556, 41.9753086419753]","[1.0, 0.81, 1.0]",0.7290000000000001,199.93632406984025,0.06367593015974649
2813,01101010,011,000,0,0,"[35.55555555555556, 49.38271604938271, 41.9753086419753]","[0.81, 1.0, 1.0]",0.7290000000000001,199.93632406984025,0.06367593015974649
2814,00001111,101,001,0,0,"[51.821368693796664, 35.55555555555556, 39.55555555555556]","[1.0, 0.81, 1.0]",0.7290000000000001,199.96224938944823,0.037750610551768204
2815,01100011,011,001,0,0,"[35.55555555555556, 51.821368693796664, 39.55555555555556]","[0.81, 1.0, 1.0]",0.7290000000000001,199.96224938944823,0.037750610551768204
2816,10010010,110,000,0,0,"[48.46822130772747, 48.46822130772747, 30.0]","[1.0, 1.0, 0.81]",0.7290000000000001,199.9676853435596,0.03231465644040554
2817,00111110,110,000,0,0,"[51.51653711324493, 45.432098765432094, 30.0]","[1.0, 1.0, 0.81]",0.7290000000000001,199.98441135620988,0.015588643790124479
2818,11100110,110,000,0,0,"[45.432098765432094, 51.51653711324493, 30.0]","[1.0, 1.0, 0.81]",0.7290000000000001,199.98441135620988,0.015588643790124479
2819,00010001,110,000,1,0,"[51.821368693796664, 48.46822130772747, 31.555555555555557]","[1.0, 1.0, 0.81]",0.7290000000000001,200.06192806183768,-0.061928061837676296
2820,10000001,110,000,1,0,"[48.46822130772747, 51.821368693796664, 31.555555555555557]","[1.0, 1.0, 0.81]",0.7290000000000001,200.06192806183768,-0.061928061837676296
2821,01110111,100,000,1,0,"[48.83401920438958, 34.888888888888886, 33.55555555555556]","[1.0, 0.81, 0.9]",0.6561000000000001,200.08910783239443,-0.08910783239443276
2822,01111101,100,000,1,0,"[48.83401920438958, 36.888888888888886, 31.555555555555557]","[1.0, 0.9, 0.81]",0.6561000000000001,200.08910783239443,-0.08910783239443276
2823,10101111,010,000,1,0,"[34.888888888888886, 48.83401920438958, 33.55555555555556]","[0.81, 1.0, 0.9]",0.6561000000000001,200.08910783239443,-0.08910783239443276
2824,11101101,010,000,1,0,"[36.888888888888886, 48.83401920438958, 31.555555555555557]","[0.9, 1.0, 0.81]",0.6561000000000001,200.08910783239443,-0.08910783239443276
2825,01011001,110,000,0,0,"[49.38271604938271, 46.09053497942386, 31.555555555555557]","[1.0, 1.0, 0.81]",0.7290000000000001,200.0943848893856,-0.0943848893855943
2826,11001001,110,000,0,0,"[46.09053497942386, 49.38271604938271, 31.555555555555557]","[1.0, 1.0, 0.81]",0.7290000000000001,200.0943848893856,-0.0943848893855943
2827,00101101,110,000,1,0,"[51.51653711324493, 48.83401920438958, 31.555555555555557]","[1.0, 1.0, 0.81]",0.7290000000000001,200.14555812508922,-0.14555812508922372
2828,01100101,110,000,1,0,"[48.83401920438958, 51.51653711324493, 31.555555555555557]","[1.0, 1.0, 0.81]",0.7290000000000001,200.14555812508922,-0.14555812508922372
2829,00011010,101,000,0,0,"[51.821368693796664, 33.33333333333333, 41.9753086419753]","[1.0, 0.81, 1.0]",0.7290000000000001,200.2332107943831,-0.23321079438309766
2830,11000010,011,000,0,0,"[33.33333333333333, 51.821368693796664, 41.9753086419753]","[0.81, 1.0, 1.0]",0.7290000000000001,200.2332107943831,-0.23321079438309766
2831,10010100,101,000,0,0,"[48.46822130772747, 34.888888888888886, 43.8957475994513]","[1.0, 0.81, 1.0]",0.7290000000000001,200.40172537183489,-0.40172537183488544
2832,10010101,101,000,0,0,"[48.46822130772747, 34.888888888888886, 43.895747599451305]","[1.0, 0.81, 1.0]",0.7290000000000001,200.40172537183489,-0.40172537183488544
2833,10110000,011,000,0,0,"[34.888888888888886, 48.46822130772747, 43.8957475994513]","[0.81, 1.0, 1.0]",0.7290000000000001,200.40172537183489,-0.40172537183488544
2834,10110001,011,000,0,0,"[34.888888888888886, 48.46822130772747, 43.895747599451305]","[0.81, 1.0, 1.0]",0.7290000000000001,200.40172537183489,-0.40172537183488544
2835,00011110,110,000,0,0,"[51.821368693796664, 45.432098765432094, 30.0]","[1.0, 1.0, 0.81]",0.7290000000000001,200.40256167246744,-0.4025616724674421
2836,11100010,110,000,0,0,"[45.432098765432094, 51.821368693796664, 30.0]","[1.0, 1.0, 0.81]",0.7290000000000001,200.40256167246744,-0.4025616724674421
2837,01110010,110,000,0,0,"[48.83401920438958, 48.46822130772747, 30.0]","[1.0, 1.0, 0.81]",0.7290000000000001,200.46946572306862,-0.4694657230686232
2838,10001110,110,000,0,0,"[48.46822130772747, 48.83401920438958, 30.0]","[1.0, 1.0, 0.81]",0.7290000000000001,200.46946572306862,-0.4694657230686232
2839,11011111,001,001,0,0,"[33.33333333333333, 36.888888888888886, 39.55555555555556]","[0.81, 0.9, 1.0]",0.6561000000000001,200.47824687971,-0.4782468797100137
2840,11011111,010,010,0,0,"[33.33333333333333, 42.888888888888886, 33.55555555555556]","[0.81, 1.0, 0.9]",0.6561000000000001,200.47824687971,-0.4782468797100137
2841,11111011,001,001,0,0,"[36.888888888888886, 33.33333333333333, 39.55555555555556]","[0.9, 0.81, 1.0]",0.6561000000000001,200.47824687971,-0.4782468797100137
2842,11111011,100,100,0,0,"[42.888888888888886, 33.33333333333333, 33.55555555555556]","[1.0, 0.81, 0.9]",0.6561000000000001,200.47824687971,-0.4782468797100137
2843,11111110,010,010,0,0,"[36.888888888888886, 42.888888888888886, 30.0]","[0.9, 1.0, 0.81]",0.6561000000000001,200.47824687971,-0.4782468797100137
2844,11111110,100,100,0,0,"[42.888888888888886, 36.888888888888886, 30.0]","[1.0, 0.9, 0.81]",0.6561000000000001,200.47824687971,-0.4782468797100137
2845,01110011,010,000,1,0,"[35.55555555555556, 48.46822130772747, 33.55555555555556]","[0.81, 1.0, 0.9]",0.6561000000000001,200.5476793458902,-0.5476793458902023
2846,10001111,100,000,1,0,"[48.46822130772747, 35.55555555555556, 33.55555555555556]","[1.0, 0.81, 0.9]",0.6561000000000001,200.5476793458902,-0.5476793458902023
2847,00001101,110,000,1,0,"[51.821368693796664, 48.83401920438958, 31.555555555555557]","[1.0, 1.0, 0.81]",0.7290000000000001,200.56370844134676,-0.5637084413467619
2848,01100001,110,000,1,0,"[48.83401920438958, 51.821368693796664, 31.555555555555557]","[1.0, 1.0, 0.81]",0.7290000000000001,200.56370844134676,-0.5637084413467619
2849,01010110,110,000,0,0,"[49.38271604938271, 48.01097393689986, 30.0]","[1.0, 1.0, 0.81]",0.7290000000000001,200.59491081794587,-0.5949108179458733
2850,10101010,110,000,0,0,"[48.01097393689986, 49.38271604938271, 30.0]","[1.0, 1.0, 0.81]",0.7290000000000001,200.59491081794587,-0.5949108179458733
2851,01011011,011,001,1,0,"[32.0, 46.09053497942386, 39.55555555555556]","[0.7290000000000001, 1.0, 1.0]",0.6561000000000001,200.64942925617953,-0.6494292561795305
2852,11001011,101,001,1,0,"[46.09053497942386, 32.0, 39.55555555555556]","[1.0, 0.7290000000000001, 1.0]",0.6561000000000001,200.64942925617953,-0.6494292561795305
2853,01110100,011,000,0,0,"[35.55555555555556, 48.01097393689986, 43.8957475994513]","[0.81, 1.0, 1.0]",0.7290000000000001,200.68899463910384,-0.6889946391038393
2854,01110101,011,000,0,0,"[35.55555555555556, 48.01097393689986, 43.895747599451305]","[0.81, 1.0, 1.0]",0.7290000000000001,200.68899463910384,-0.6889946391038393
2855,10101100,101,000,0,0,"[48.01097393689986, 35.55555555555556, 43.8957475994513]","[1.0, 0.81, 1.0]",0.7290000000000001,200.68899463910384,-0.6889946391038393
2856,10101101,101,000,0,0,"[48.01097393689986, 35.55555555555556, 43.895747599451305]","[1.0, 0.81, 1.0]",0.7290000000000001,200.68899463910384,-0.6889946391038393
2857,10110101,110,000,0,0,"[48.01097393689986, 48.01097393689986, 31.555555555555557]","[1.0, 1.0, 0.81]",0.7290000000000001,200.84705545864918,-0.8470554586491801
2858,00111010,110,000,0,0,"[51.51653711324493, 46.09053497942386, 30.0]","[1.0, 1.0, 0.81]",0.7290000000000001,200.88761603932613,-0.887616039326133
2859,11000110,110,000,0,0,"[46.09053497942386, 51.51653711324493, 30.0]","[1.0, 1.0, 0.81]",0.7290000000000001,200.88761603932613,-0.887616039326133
2860,00101001,110,000,1,0,"[51.51653711324493, 49.38271604938271, 31.555555555555557]","[1.0, 1.0, 0.81]",0.7290000000000001,200.89822869435278,-0.8982286943527811
2861,01000101,110,000,1,0,"[49.38271604938271, 51.51653711324493, 31.555555555555557]","[1.0, 1.0, 0.81]",0.7290000000000001,200.89822869435278,-0.8982286943527811
2862,01110100,101,000,0,0,"[48.83401920438958, 34.888888888888886, 43.8957475994513]","[1.0, 0.81, 1.0]",0.7290000000000001,200.90350575134397,-0.903505751343971
2863,01110101,101,000,0,0,"[48.83401920438958, 34.888888888888886, 43.895747599451305]","[1.0, 0.81, 1.0]",0.7290000000000001,200.90350575134397,-0.903505751343971
2864,10101100,011,000,0,0,"[34.888888888888886, 48.83401920438958, 43.8957475994513]","[0.81, 1.0, 1.0]",0.7290000000000001,200.90350575134397,-0.903505751343971
2865,10101101,011,000,0,0,"[34.888888888888886, 48.83401920438958, 43.895747599451305]","[0.81, 1.0, 1.0]",0.7290000000000001,200.90350575134397,-0.903505751343971
2866,01010111,100,000,1,0,"[49.38271604938271, 34.888888888888886, 33.55555555555556]","[1.0, 0.81, 0.9]",0.6561000000000001,200.92540846490948,-0.9254084649094807
2867,01011101,100,000,1,0,"[49.38271604938271, 36.888888888888886, 31.555555555555557]","[1.0, 0.9, 0.81]",0.6561000000000001,200.92540846490948,-0.9254084649094807
2868,10101011,010,000,1,0,"[34.888888888888886, 49.38271604938271, 33.55555555555556]","[0.81, 1.0, 0.9]",0.6561000000000001,200.92540846490948,-0.9254084649094807
2869,11101001,010,000,1,0,"[36.888888888888886, 49.38271604938271, 31.555555555555557]","[0.9, 1.0, 0.81]",0.6561000000000001,200.92540846490948,-0.9254084649094807
2870,01101110,110,000,0,0,"[48.83401920438958, 48.83401920438958, 30.0]","[1.0, 1.0, 0.81]",0.7290000000000001,200.97124610257768,-0.9712461025776804
2871,01101111,010,000,1,0,"[35.55555555555556, 48.83401920438958, 33.55555555555556]","[0.81, 1.0, 0.9]",0.6561000000000001,201.1052131009003,-1.1052131009003006
2872,01101111,100,000,1,0,"[48.83401920438958, 35.55555555555556, 33.55555555555556]","[1.0, 0.81, 0.9]",0.6561000000000001,201.1052131009003,-1.1052131009003006
2873,01010010,110,000,0,0,"[49.38271604938271, 48.46822130772747, 30.0]","[1.0, 1.0, 0.81]",0.7290000000000001,201.22213629233218,-1.2221362923321806
2874,10001010,110,000,0,0,"[48.46822130772747, 49.38271604938271, 30.0]","[1.0, 1.0, 0.81]",0.7290000000000001,201.22213629233218,-1.2221362923321806
2875,00011010,110,000,0,0,"[51.821368693796664, 46.09053497942386, 30.0]","[1.0, 1.0, 0.81]",0.7290000000000001,201.3057663555837,-1.3057663555836996
2876,11000010,110,000,0,0,"[46.09053497942386, 51.821368693796664, 30.0]","[1.0, 1.0, 0.81]",0.7290000000000001,201.3057663555837,-1.3057663555836996
2877,01110000,011,000,0,0,"[35.55555555555556, 48.46822130772747, 43.8957475994513]","[0.81, 1.0, 1.0]",0.7290000000000001,201.31622011349015,-1.3162201134901466
2878,01110001,011,000,0,0,"[35.55555555555556, 48.46822130772747, 43.895747599451305]","[0.81, 1.0, 1.0]",0.7290000000000001,201.31622011349015,-1.3162201134901466
2879,10001100,101,000,0,0,"[48.46822130772747, 35.55555555555556, 43.8957475994513]","[1.0, 0.81, 1.0]",0.7290000000000001,201.31622011349015,-1.3162201134901466
2880,10001101,101,000,0,0,"[48.46822130772747, 35.55555555555556, 43.895747599451305]","[1.0, 0.81, 1.0]",0.7290000000000001,201.31622011349015,-1.3162201134901466
2881,00001001,110,000,1,0,"[51.821368693796664, 49.38271604938271, 31.555555555555557]","[1.0, 1.0, 0.81]",0.7290000000000001,201.3163790106103,-1.3163790106102908
2882,01000001,110,000,1,0,"[49.38271604938271, 51.821368693796664, 31.555555555555557]","[1.0, 1.0, 0.81]",0.7290000000000001,201.3163790106103,-1.3163790106102908
2883,10011100,011,010,1,0,"[31.333333333333332, 42.888888888888886, 43.8957475994513]","[0.7290000000000001, 1.0, 1.0]",0.6561000000000001,201.3686478001425,-1.3686478001424973
2884,10011101,011,010,1,0,"[31.333333333333332, 42.888888888888886, 43.895747599451305]","[0.7290000000000001, 1.0, 1.0]",0.6561000000000001,201.3686478001425,-1.3686478001424973
2885,11110000,101,100,1,0,"[42.888888888888886, 31.333333333333332, 43.8957475994513]","[1.0, 0.7290000000000001, 1.0]",0.6561000000000001,201.3686478001425,-1.3686478001424973
2886,11110001,101,100,1,0,"[42.888888888888886, 31.333333333333332, 43.895747599451305]","[1.0, 0.7290000000000001, 1.0]",0.6561000000000001,201.3686478001425,-1.3686478001424973
2887,00111111,011,010,1,0,"[33.55555555555556, 42.888888888888886, 41.7283950617284]","[0.7290000000000001, 1.0, 1.0]",0.6561000000000001,201.45227786339402,-1.4522778633940163
2888,11100111,101,100,1,0,"[42.888888888888886, 33.55555555555556, 41.7283950617284]","[1.0, 0.7290000000000001, 1.0]",0.6561000000000001,201.45227786339402,-1.4522778633940163
2889,10010101,110,000,0,0,"[48.46822130772747, 48.01097393689986, 31.555555555555557]","[1.0, 1.0, 0.81]",0.7290000000000001,201.4742809330355,-1.4742809330354874
2890,10110001,110,000,0,0,"[48.01097393689986, 48.46822130772747, 31.555555555555557]","[1.0, 1.0, 0.81]",0.7290000000000001,201.4742809330355,-1.4742809330354874
2891,00110111,101,000,0,0,"[51.51653711324493, 34.888888888888886, 41.7283950617284]","[1.0, 0.81, 1.0]",0.7290000000000001,201.6101797858192,-1.6101797858192128
2892,10100111,011,000,0,0,"[34.888888888888886, 51.51653711324493, 41.7283950617284]","[0.81, 1.0, 1.0]",0.7290000000000001,201.6101797858192,-1.6101797858192128
2893,01010100,101,000,0,0,"[49.38271604938271, 34.888888888888886, 43.8957475994513]","[1.0, 0.81, 1.0]",0.7290000000000001,201.6561763206075,-1.6561763206075
2894,10101000,011,000,0,0,"[34.888888888888886, 49.38271604938271, 43.8957475994513]","[0.81, 1.0, 1.0]",0.7290000000000001,201.6561763206075,-1.6561763206075
2895,01010101,101,000,0,0,"[49.38271604938271, 34.888888888888886, 43.895747599451305]","[1.0, 0.81, 1.0]",0.7290000000000001,201.65617632060753,-1.6561763206075284
2896,10101001,011,000,0,0,"[34.888888888888886, 49.38271604938271, 43.895747599451305]","[0.81, 1.0, 1.0]",0.7290000000000001,201.65617632060753,-1.6561763206075284
2897,00100110,110,000,1,0,"[51.51653711324493, 51.51653711324493, 30.0]","[1.0, 1.0, 0.81]",0.7290000000000001,201.69145984429335,-1.6914598442933482
2898,01001110,110,000,0,0,"[49.38271604938271, 48.83401920438958, 30.0]","[1.0, 1.0, 0.81]",0.7290000000000001,201.72391667184127,-1.7239166718412662
2899,01101010,110,000,0,0,"[48.83401920438958, 49.38271604938271, 30.0]","[1.0, 1.0, 0.81]",0.7290000000000001,201.72391667184127,-1.7239166718412662
2900,00111011,100,000,1,0,"[51.51653711324493, 33.33333333333333, 33.55555555555556]","[1.0, 0.81, 0.9]",0.6561000000000001,201.80677640928792,-1.8067764092879202
2901,00111110,100,000,1,0,"[51.51653711324493, 36.888888888888886, 30.0]","[1.0, 0.9, 0.81]",0.6561000000000001,201.80677640928792,-1.8067764092879202
2902,11000111,010,000,1,0,"[33.33333333333333, 51.51653711324493, 33.55555555555556]","[0.81, 1.0, 0.9]",0.6561000000000001,201.80677640928792,-1.8067764092879202
2903,11100110,010,000,1,0,"[36.888888888888886, 51.51653711324493, 30.0]","[0.9, 1.0, 0.81]",0.6561000000000001,201.80677640928792,-1.8067764092879202
2904,01101100,011,000,0,0,"[35.55555555555556, 48.83401920438958, 43.8957475994513]","[0.81, 1.0, 1.0]",0.7290000000000001,201.81800049299923,-1.8180004929992322
2905,01101100,101,000,0,0,"[48.83401920438958, 35.55555555555556, 43.8957475994513]","[1.0, 0.81, 1.0]",0.7290000000000001,201.81800049299923,-1.8180004929992322
2906,01101101,011,000,0,0,"[35.55555555555556, 48.83401920438958, 43.895747599451305]","[0.81, 1.0, 1.0]",0.7290000000000001,201.81800049299923,-1.8180004929992322
2907,01101101,101,000,0,0,"[48.83401920438958, 35.55555555555556, 43.895747599451305]","[1.0, 0.81, 1.0]",0.7290000000000001,201.81800049299923,-1.8180004929992322
2908,00111110,011,010,1,0,"[33.55555555555556, 42.888888888888886, 41.9753086419753]","[0.7290000000000001, 1.0, 1.0]",0.6561000000000001,201.8286131480258,-1.828613148025795
2909,11100110,101,100,1,0,"[42.888888888888886, 33.55555555555556, 41.9753086419753]","[1.0, 0.7290000000000001, 1.0]",0.6561000000000001,201.8286131480258,-1.828613148025795
2910,01001111,100,000,1,0,"[49.38271604938271, 35.55555555555556, 33.55555555555556]","[1.0, 0.81, 0.9]",0.6561000000000001,201.94151373341532,-1.94151373341532
2911,01101011,010,000,1,0,"[35.55555555555556, 49.38271604938271, 33.55555555555556]","[0.81, 1.0, 0.9]",0.6561000000000001,201.94151373341532,-1.94151373341532
2912,10011111,011,000,1,0,"[31.333333333333332, 45.432098765432094, 41.7283950617284]","[0.7290000000000001, 1.0, 1.0]",0.6561000000000001,201.94151373341532,-1.94151373341532
2913,11110011,101,000,1,0,"[45.432098765432094, 31.333333333333332, 41.7283950617284]","[1.0, 0.7290000000000001, 1.0]",0.6561000000000001,201.94151373341532,-1.94151373341532
2914,00110110,101,000,0,0,"[51.51653711324493, 34.888888888888886, 41.9753086419753]","[1.0, 0.81, 1.0]",0.7290000000000001,201.9488815419878,-1.948881541987788
2915,10100110,011,000,0,0,"[34.888888888888886, 51.51653711324493, 41.9753086419753]","[0.81, 1.0, 1.0]",0.7290000000000001,201.9488815419878,-1.948881541987788
2916,01110101,110,000,0,0,"[48.83401920438958, 48.01097393689986, 31.555555555555557]","[1.0, 1.0, 0.81]",0.7290000000000001,201.97606131254454,-1.9760613125445445
2917,10101101,110,000,0,0,"[48.01097393689986, 48.83401920438958, 31.555555555555557]","[1.0, 1.0, 0.81]",0.7290000000000001,201.97606131254454,-1.9760613125445445
2918,00111111,011,001,1,0,"[33.55555555555556, 45.432098765432094, 39.55555555555556]","[0.7290000000000001, 1.0, 1.0]",0.6561000000000001,202.0167807903417,-2.0167807903416985
2919,11100111,101,001,1,0,"[45.432098765432094, 33.55555555555556, 39.55555555555556]","[1.0, 0.7290000000000001, 1.0]",0.6561000000000001,202.0167807903417,-2.0167807903416985
2920,00010111,101,000,0,0,"[51.821368693796664, 34.888888888888886, 41.7283950617284]","[1.0, 0.81, 1.0]",0.7290000000000001,202.0283301020767,-2.028330102076694
2921,10100011,011,000,0,0,"[34.888888888888886, 51.821368693796664, 41.7283950617284]","[0.81, 1.0, 1.0]",0.7290000000000001,202.0283301020767,-2.028330102076694
2922,10111111,000,000,1,0,"[34.888888888888886, 36.888888888888886, 33.55555555555556]","[0.81, 0.9, 0.9]",0.5904900000000002,202.09204784726802,-2.09204784726802
2923,11110111,000,000,1,0,"[36.888888888888886, 34.888888888888886, 33.55555555555556]","[0.9, 0.81, 0.9]",0.5904900000000002,202.09204784726802,-2.09204784726802
2924,11111101,000,000,1,0,"[36.888888888888886, 36.888888888888886, 31.555555555555557]","[0.9, 0.9, 0.81]",0.5904900000000002,202.09204784726802,-2.09204784726802
2925,10010001,110,000,0,0,"[48.46822130772747, 48.46822130772747, 31.555555555555557]","[1.0, 1.0, 0.81]",0.7290000000000001,202.1015064074218,-2.1015064074217946
2926,00000110,110,000,1,0,"[51.821368693796664, 51.51653711324493, 30.0]","[1.0, 1.0, 0.81]",0.7290000000000001,202.10961016055083,-2.1096101605508295
2927,00100010,110,000,1,0,"[51.51653711324493, 51.821368693796664, 30.0]","[1.0, 1.0, 0.81]",0.7290000000000001,202.10961016055083,-2.1096101605508295
2928,00111101,110,000,0,0,"[51.51653711324493, 45.432098765432094, 31.555555555555557]","[1.0, 1.0, 0.81]",0.7290000000000001,202.1182324200721,-2.118232420072104
2929,11100101,110,000,0,0,"[45.432098765432094, 51.51653711324493, 31.555555555555557]","[1.0, 1.0, 0.81]",0.7290000000000001,202.1182324200721,-2.118232420072104
2930,00011011,100,000,1,0,"[51.821368693796664, 33.33333333333333, 33.55555555555556]","[1.0, 0.81, 0.9]",0.6561000000000001,202.27138787179626,-2.2713878717962643
2931,00011110,100,000,1,0,"[51.821368693796664, 36.888888888888886, 30.0]","[1.0, 0.9, 0.81]",0.6561000000000001,202.27138787179626,-2.2713878717962643
2932,11000011,010,000,1,0,"[33.33333333333333, 51.821368693796664, 33.55555555555556]","[0.81, 1.0, 0.9]",0.6561000000000001,202.27138787179626,-2.2713878717962643
2933,11100010,010,000,1,0,"[36.888888888888886, 51.821368693796664, 30.0]","[0.9, 1.0, 0.81]",0.6561000000000001,202.27138787179626,-2.2713878717962643
2934,10011110,011,000,1,0,"[31.333333333333332, 45.432098765432094, 41.9753086419753]","[0.7290000000000001, 1.0, 1.0]",0.6561000000000001,202.3178490180471,-2.3178490180470988
2935,11110010,101,000,1,0,"[45.432098765432094, 31.333333333333332, 41.9753086419753]","[1.0, 0.7290000000000001, 1.0]",0.6561000000000001,202.3178490180471,-2.3178490180470988
2936,00010110,101,000,0,0,"[51.821368693796664, 34.888888888888886, 41.9753086419753]","[1.0, 0.81, 1.0]",0.7290000000000001,202.3670318582453,-2.367031858245298
2937,10100010,011,000,0,0,"[34.888888888888886, 51.821368693796664, 41.9753086419753]","[0.81, 1.0, 1.0]",0.7290000000000001,202.3670318582453,-2.367031858245298
2938,01011100,011,010,1,0,"[32.0, 42.888888888888886, 43.8957475994513]","[0.7290000000000001, 1.0, 1.0]",0.6561000000000001,202.38475306864834,-2.3847530686483367
2939,01011101,011,010,1,0,"[32.0, 42.888888888888886, 43.895747599451305]","[0.7290000000000001, 1.0, 1.0]",0.6561000000000001,202.38475306864834,-2.3847530686483367
2940,11101000,101,100,1,0,"[42.888888888888886, 32.0, 43.8957475994513]","[1.0, 0.7290000000000001, 1.0]",0.6561000000000001,202.38475306864834,-2.3847530686483367
2941,11101001,101,100,1,0,"[42.888888888888886, 32.0, 43.895747599451305]","[1.0, 0.7290000000000001, 1.0]",0.6561000000000001,202.38475306864834,-2.3847530686483367
2942,00111000,101,000,0,0,"[51.51653711324493, 33.33333333333333, 43.8957475994513]","[1.0, 0.81, 1.0]",0.7290000000000001,202.44940747054807,-2.449407470548067
2943,00111001,101,000,0,0,"[51.51653711324493, 33.33333333333333, 43.895747599451305]","[1.0, 0.81, 1.0]",0.7290000000000001,202.44940747054807,-2.449407470548067
2944,11000100,011,000,0,0,"[33.33333333333333, 51.51653711324493, 43.8957475994513]","[0.81, 1.0, 1.0]",0.7290000000000001,202.44940747054807,-2.449407470548067
2945,11000101,011,000,0,0,"[33.33333333333333, 51.51653711324493, 43.895747599451305]","[0.81, 1.0, 1.0]",0.7290000000000001,202.44940747054807,-2.449407470548067
2946,01001010,110,000,0,0,"[49.38271604938271, 49.38271604938271, 30.0]","[1.0, 1.0, 0.81]",0.7290000000000001,202.4765872411048,-2.476587241104795
2947,11111100,110,000,1,0,"[45.432098765432094, 45.432098765432094, 28.0]","[1.0, 1.0, 0.7290000000000001]",0.6561000000000001,202.50601666036303,-2.5060166603630307
2948,00101111,101,000,0,0,"[51.51653711324493, 35.55555555555556, 41.7283950617284]","[1.0, 0.81, 1.0]",0.7290000000000001,202.52467452747445,-2.5246745274744455
2949,01100111,011,000,0,0,"[35.55555555555556, 51.51653711324493, 41.7283950617284]","[0.81, 1.0, 1.0]",0.7290000000000001,202.52467452747445,-2.5246745274744455
2950,00000010,110,000,1,0,"[51.821368693796664, 51.821368693796664, 30.0]","[1.0, 1.0, 0.81]",0.7290000000000001,202.5277604768084,-2.527760476808396
2951,00011101,110,000,0,0,"[51.821368693796664, 45.432098765432094, 31.555555555555557]","[1.0, 1.0, 0.81]",0.7290000000000001,202.53638273632964,-2.5363827363296423
2952,11100001,110,000,0,0,"[45.432098765432094, 51.821368693796664, 31.555555555555557]","[1.0, 1.0, 0.81]",0.7290000000000001,202.53638273632964,-2.5363827363296423
2953,10010111,011,001,1,0,"[31.333333333333332, 48.01097393689986, 39.55555555555556]","[0.7290000000000001, 1.0, 1.0]",0.6561000000000001,202.5603762014765,-2.560376201476487
2954,10110011,101,001,1,0,"[48.01097393689986, 31.333333333333332, 39.55555555555556]","[1.0, 0.7290000000000001, 1.0]",0.6561000000000001,202.5603762014765,-2.560376201476487
2955,10111100,110,010,1,0,"[48.01097393689986, 42.888888888888886, 28.0]","[1.0, 1.0, 0.7290000000000001]",0.6561000000000001,202.5603762014765,-2.560376201476487
2956,11110100,110,100,1,0,"[42.888888888888886, 48.01097393689986, 28.0]","[1.0, 1.0, 0.7290000000000001]",0.6561000000000001,202.5603762014765,-2.560376201476487
2957,01001100,101,000,0,0,"[49.38271604938271, 35.55555555555556, 43.8957475994513]","[1.0, 0.81, 1.0]",0.7290000000000001,202.57067106226276,-2.570671062262761
2958,01001101,101,000,0,0,"[49.38271604938271, 35.55555555555556, 43.895747599451305]","[1.0, 0.81, 1.0]",0.7290000000000001,202.57067106226276,-2.570671062262761
2959,01101000,011,000,0,0,"[35.55555555555556, 49.38271604938271, 43.8957475994513]","[0.81, 1.0, 1.0]",0.7290000000000001,202.57067106226276,-2.570671062262761
2960,01101001,011,000,0,0,"[35.55555555555556, 49.38271604938271, 43.895747599451305]","[0.81, 1.0, 1.0]",0.7290000000000001,202.57067106226276,-2.570671062262761
2961,01110001,110,000,0,0,"[48.83401920438958, 48.46822130772747, 31.555555555555557]","[1.0, 1.0, 0.81]",0.7290000000000001,202.60328678693085,-2.603286786930852
2962,10001101,110,000,0,0,"[48.46822130772747, 48.83401920438958, 31.555555555555557]","[1.0, 1.0, 0.81]",0.7290000000000001,202.60328678693085,-2.603286786930852
2963,01010101,110,000,0,0,"[49.38271604938271, 48.01097393689986, 31.555555555555557]","[1.0, 1.0, 0.81]",0.7290000000000001,202.72873188180813,-2.7287318818081303
2964,10101001,110,000,0,0,"[48.01097393689986, 49.38271604938271, 31.555555555555557]","[1.0, 1.0, 0.81]",0.7290000000000001,202.72873188180813,-2.7287318818081303
2965,10111111,001,001,0,0,"[34.888888888888886, 36.888888888888886, 39.55555555555556]","[0.81, 0.9, 1.0]",0.6561000000000001,202.84915917289024,-2.8491591728902392
2966,10111111,010,010,0,0,"[34.888888888888886, 42.888888888888886, 33.55555555555556]","[0.81, 1.0, 0.9]",0.6561000000000001,202.84915917289024,-2.8491591728902392
2967,11110111,001,001,0,0,"[36.888888888888886, 34.888888888888886, 39.55555555555556]","[0.9, 0.81, 1.0]",0.6561000000000001,202.84915917289024,-2.8491591728902392
2968,11110111,100,100,0,0,"[42.888888888888886, 34.888888888888886, 33.55555555555556]","[1.0, 0.81, 0.9]",0.6561000000000001,202.84915917289024,-2.8491591728902392
2969,11111101,010,010,0,0,"[36.888888888888886, 42.888888888888886, 31.555555555555557]","[0.9, 1.0, 0.81]",0.6561000000000001,202.84915917289024,-2.8491591728902392
2970,11111101,100,100,0,0,"[42.888888888888886, 36.888888888888886, 31.555555555555557]","[1.0, 0.9, 0.81]",0.6561000000000001,202.84915917289024,-2.8491591728902392
2971,00101110,101,000,0,0,"[51.51653711324493, 35.55555555555556, 41.9753086419753]","[1.0, 0.81, 1.0]",0.7290000000000001,202.86337628364305,-2.863376283643049
2972,01100110,011,000,0,0,"[35.55555555555556, 51.51653711324493, 41.9753086419753]","[0.81, 1.0, 1.0]",0.7290000000000001,202.86337628364305,-2.863376283643049
2973,00011000,101,000,0,0,"[51.821368693796664, 33.33333333333333, 43.8957475994513]","[1.0, 0.81, 1.0]",0.7290000000000001,202.8675577868056,-2.8675577868056052
2974,00011001,101,000,0,0,"[51.821368693796664, 33.33333333333333, 43.895747599451305]","[1.0, 0.81, 1.0]",0.7290000000000001,202.8675577868056,-2.8675577868056052
2975,11000000,011,000,0,0,"[33.33333333333333, 51.821368693796664, 43.8957475994513]","[0.81, 1.0, 1.0]",0.7290000000000001,202.8675577868056,-2.8675577868056052
2976,11000001,011,000,0,0,"[33.33333333333333, 51.821368693796664, 43.895747599451305]","[0.81, 1.0, 1.0]",0.7290000000000001,202.8675577868056,-2.8675577868056052
2977,00001111,101,000,0,0,"[51.821368693796664, 35.55555555555556, 41.7283950617284]","[1.0, 0.81, 1.0]",0.7290000000000001,202.94282484373196,-2.9428248437319553
2978,01100011,011,000,0,0,"[35.55555555555556, 51.821368693796664, 41.7283950617284]","[0.81, 1.0, 1.0]",0.7290000000000001,202.94282484373196,-2.9428248437319553
2979,10011011,011,000,1,0,"[31.333333333333332, 46.09053497942386, 41.7283950617284]","[0.7290000000000001, 1.0, 1.0]",0.6561000000000001,202.9450744924334,-2.945074492433406
2980,11010011,101,000,1,0,"[46.09053497942386, 31.333333333333332, 41.7283950617284]","[1.0, 0.7290000000000001, 1.0]",0.6561000000000001,202.9450744924334,-2.945074492433406
2981,01011111,011,000,1,0,"[32.0, 45.432098765432094, 41.7283950617284]","[0.7290000000000001, 1.0, 1.0]",0.6561000000000001,202.95761900192116,-2.9576190019211595
2982,11101011,101,000,1,0,"[45.432098765432094, 32.0, 41.7283950617284]","[1.0, 0.7290000000000001, 1.0]",0.6561000000000001,202.95761900192116,-2.9576190019211595
2983,00111011,011,001,1,0,"[33.55555555555556, 46.09053497942386, 39.55555555555556]","[0.7290000000000001, 1.0, 1.0]",0.6561000000000001,203.02034154935978,-3.0203415493597845
2984,11000111,101,001,1,0,"[46.09053497942386, 33.55555555555556, 39.55555555555556]","[1.0, 0.7290000000000001, 1.0]",0.6561000000000001,203.02034154935978,-3.0203415493597845
2985,00111001,110,000,0,0,"[51.51653711324493, 46.09053497942386, 31.555555555555557]","[1.0, 1.0, 0.81]",0.7290000000000001,203.0214371031884,-3.02143710318839
2986,11000101,110,000,0,0,"[46.09053497942386, 51.51653711324493, 31.555555555555557]","[1.0, 1.0, 0.81]",0.7290000000000001,203.0214371031884,-3.02143710318839
2987,01101101,110,000,0,0,"[48.83401920438958, 48.83401920438958, 31.555555555555557]","[1.0, 1.0, 0.81]",0.7290000000000001,203.10506716643994,-3.1050671664399374
2988,01111111,000,000,1,0,"[35.55555555555556, 36.888888888888886, 33.55555555555556]","[0.81, 0.9, 0.9]",0.5904900000000002,203.22105370116338,-3.2210537011633846
2989,11101111,000,000,1,0,"[36.888888888888886, 35.55555555555556, 33.55555555555556]","[0.9, 0.81, 0.9]",0.5904900000000002,203.22105370116338,-3.2210537011633846
2990,10010011,011,001,1,0,"[31.333333333333332, 48.46822130772747, 39.55555555555556]","[0.7290000000000001, 1.0, 1.0]",0.6561000000000001,203.25729339523903,-3.2572933952390315
2991,10010011,101,001,1,0,"[48.46822130772747, 31.333333333333332, 39.55555555555556]","[1.0, 0.7290000000000001, 1.0]",0.6561000000000001,203.25729339523903,-3.2572933952390315
2992,10011100,110,010,1,0,"[48.46822130772747, 42.888888888888886, 28.0]","[1.0, 1.0, 0.7290000000000001]",0.6561000000000001,203.25729339523903,-3.2572933952390315
2993,11110000,110,100,1,0,"[42.888888888888886, 48.46822130772747, 28.0]","[1.0, 1.0, 0.7290000000000001]",0.6561000000000001,203.25729339523903,-3.2572933952390315
2994,00001110,101,000,0,0,"[51.821368693796664, 35.55555555555556, 41.9753086419753]","[1.0, 0.81, 1.0]",0.7290000000000001,203.28152659990056,-3.281526599900559
2995,01100010,011,000,0,0,"[35.55555555555556, 51.821368693796664, 41.9753086419753]","[0.81, 1.0, 1.0]",0.7290000000000001,203.28152659990056,-3.281526599900559
2996,10011010,011,000,1,0,"[31.333333333333332, 46.09053497942386, 41.9753086419753]","[0.7290000000000001, 1.0, 1.0]",0.6561000000000001,203.32140977706518,-3.3214097770651847
2997,11010010,101,000,1,0,"[46.09053497942386, 31.333333333333332, 41.9753086419753]","[1.0, 0.7290000000000001, 1.0]",0.6561000000000001,203.32140977706518,-3.3214097770651847
2998,01011110,011,000,1,0,"[32.0, 45.432098765432094, 41.9753086419753]","[0.7290000000000001, 1.0, 1.0]",0.6561000000000001,203.3339542865529,-3.3339542865529097
2999,11101010,101,000,1,0,"[45.432098765432094, 32.0, 41.9753086419753]","[1.0, 0.7290000000000001, 1.0]",0.6561000000000001,203.3339542865529,-3.3339542865529097
3000,01010001,110,000,0,0,"[49.38271604938271, 48.46822130772747, 31.555555555555557]","[1.0, 1.0, 0.81]",0.7290000000000001,203.35595735619438,-3.3559573561943807
3001,10001001,110,000,0,0,"[48.46822130772747, 49.38271604938271, 31.555555555555557]","[1.0, 1.0, 0.81]",0.7290000000000001,203.35595735619438,-3.3559573561943807
3002,00011001,110,000,0,0,"[51.821368693796664, 46.09053497942386, 31.555555555555557]","[1.0, 1.0, 0.81]",0.7290000000000001,203.4395874194459,-3.4395874194458997
3003,11000001,110,000,0,0,"[46.09053497942386, 51.821368693796664, 31.555555555555557]","[1.0, 1.0, 0.81]",0.7290000000000001,203.4395874194459,-3.4395874194458997
3004,11011100,110,000,1,0,"[46.09053497942386, 45.432098765432094, 28.0]","[1.0, 1.0, 0.7290000000000001]",0.6561000000000001,203.5095774193811,-3.5095774193810882
3005,11111000,110,000,1,0,"[45.432098765432094, 46.09053497942386, 28.0]","[1.0, 1.0, 0.7290000000000001]",0.6561000000000001,203.5095774193811,-3.5095774193810882
3006,00110110,110,000,0,0,"[51.51653711324493, 48.01097393689986, 30.0]","[1.0, 1.0, 0.81]",0.7290000000000001,203.52196303174867,-3.521963031748669
3007,10100110,110,000,0,0,"[48.01097393689986, 51.51653711324493, 30.0]","[1.0, 1.0, 0.81]",0.7290000000000001,203.52196303174867,-3.521963031748669
3008,01010111,011,001,1,0,"[32.0, 48.01097393689986, 39.55555555555556]","[0.7290000000000001, 1.0, 1.0]",0.6561000000000001,203.57648146998227,-3.5764814699822693
3009,10101011,101,001,1,0,"[48.01097393689986, 32.0, 39.55555555555556]","[1.0, 0.7290000000000001, 1.0]",0.6561000000000001,203.57648146998227,-3.5764814699822693
3010,11011011,001,001,1,0,"[33.33333333333333, 33.33333333333333, 39.55555555555556]","[0.81, 0.81, 1.0]",0.5904900000000002,203.59738898579513,-3.597388985795135
3011,11011110,010,010,1,0,"[33.33333333333333, 42.888888888888886, 30.0]","[0.81, 1.0, 0.81]",0.5904900000000002,203.59738898579513,-3.597388985795135
3012,11111010,100,100,1,0,"[42.888888888888886, 33.33333333333333, 30.0]","[1.0, 0.81, 0.81]",0.5904900000000002,203.59738898579513,-3.597388985795135
3013,11011111,001,000,0,0,"[33.33333333333333, 36.888888888888886, 41.7283950617284]","[0.81, 0.9, 1.0]",0.6561000000000001,203.78999738446973,-3.7899973844697286
3014,11111011,001,000,0,0,"[36.888888888888886, 33.33333333333333, 41.7283950617284]","[0.9, 0.81, 1.0]",0.6561000000000001,203.78999738446973,-3.7899973844697286
3015,01110011,101,001,1,0,"[48.83401920438958, 31.333333333333332, 39.55555555555556]","[1.0, 0.7290000000000001, 1.0]",0.6561000000000001,203.81482715024913,-3.8148271502491298
3016,01111100,110,010,1,0,"[48.83401920438958, 42.888888888888886, 28.0]","[1.0, 1.0, 0.7290000000000001]",0.6561000000000001,203.81482715024913,-3.8148271502491298
3017,10001111,011,001,1,0,"[31.333333333333332, 48.83401920438958, 39.55555555555556]","[0.7290000000000001, 1.0, 1.0]",0.6561000000000001,203.81482715024913,-3.8148271502491298
3018,11101100,110,100,1,0,"[42.888888888888886, 48.83401920438958, 28.0]","[1.0, 1.0, 0.7290000000000001]",0.6561000000000001,203.81482715024913,-3.8148271502491298
3019,00100101,110,000,1,0,"[51.51653711324493, 51.51653711324493, 31.555555555555557]","[1.0, 1.0, 0.81]",0.7290000000000001,203.82528090815555,-3.8252809081555483
3020,01001101,110,000,0,0,"[49.38271604938271, 48.83401920438958, 31.555555555555557]","[1.0, 1.0, 0.81]",0.7290000000000001,203.85773773570347,-3.8577377357034663
3021,01101001,110,000,0,0,"[48.83401920438958, 49.38271604938271, 31.555555555555557]","[1.0, 1.0, 0.81]",0.7290000000000001,203.85773773570347,-3.8577377357034663
3022,01111111,001,001,0,0,"[35.55555555555556, 36.888888888888886, 39.55555555555556]","[0.81, 0.9, 1.0]",0.6561000000000001,203.86526444139608,-3.8652644413960786
3023,01111111,010,010,0,0,"[35.55555555555556, 42.888888888888886, 33.55555555555556]","[0.81, 1.0, 0.9]",0.6561000000000001,203.86526444139608,-3.8652644413960786
3024,11101111,001,001,0,0,"[36.888888888888886, 35.55555555555556, 39.55555555555556]","[0.9, 0.81, 1.0]",0.6561000000000001,203.86526444139608,-3.8652644413960786
3025,11101111,100,100,0,0,"[42.888888888888886, 35.55555555555556, 33.55555555555556]","[1.0, 0.81, 0.9]",0.6561000000000001,203.86526444139608,-3.8652644413960786
3026,00010110,110,000,0,0,"[51.821368693796664, 48.01097393689986, 30.0]","[1.0, 1.0, 0.81]",0.7290000000000001,203.9401133480062,-3.940113348006207
3027,10100010,110,000,0,0,"[48.01097393689986, 51.821368693796664, 30.0]","[1.0, 1.0, 0.81]",0.7290000000000001,203.9401133480062,-3.940113348006207
3028,01011011,011,000,1,0,"[32.0, 46.09053497942386, 41.7283950617284]","[0.7290000000000001, 1.0, 1.0]",0.6561000000000001,203.96117976093925,-3.9611797609392454
3029,11001011,101,000,1,0,"[46.09053497942386, 32.0, 41.7283950617284]","[1.0, 0.7290000000000001, 1.0]",0.6561000000000001,203.96117976093925,-3.9611797609392454
3030,00110010,110,000,0,0,"[51.51653711324493, 48.46822130772747, 30.0]","[1.0, 1.0, 0.81]",0.7290000000000001,204.14918850613498,-4.149188506134976
3031,10000110,110,000,0,0,"[48.46822130772747, 51.51653711324493, 30.0]","[1.0, 1.0, 0.81]",0.7290000000000001,204.14918850613498,-4.149188506134976
3032,11011110,001,000,0,0,"[33.33333333333333, 36.888888888888886, 41.9753086419753]","[0.81, 0.9, 1.0]",0.6561000000000001,204.1663326691015,-4.166332669101507
3033,11111010,001,000,0,0,"[36.888888888888886, 33.33333333333333, 41.9753086419753]","[0.9, 0.81, 1.0]",0.6561000000000001,204.1663326691015,-4.166332669101507
3034,00110111,100,000,1,0,"[51.51653711324493, 34.888888888888886, 33.55555555555556]","[1.0, 0.81, 0.9]",0.6561000000000001,204.17768870246812,-4.177688702468117
3035,00111101,100,000,1,0,"[51.51653711324493, 36.888888888888886, 31.555555555555557]","[1.0, 0.9, 0.81]",0.6561000000000001,204.17768870246812,-4.177688702468117
3036,10100111,010,000,1,0,"[34.888888888888886, 51.51653711324493, 33.55555555555556]","[0.81, 1.0, 0.9]",0.6561000000000001,204.17768870246812,-4.177688702468117
3037,11100101,010,000,1,0,"[36.888888888888886, 51.51653711324493, 31.555555555555557]","[0.9, 1.0, 0.81]",0.6561000000000001,204.17768870246812,-4.177688702468117
3038,00000101,110,000,1,0,"[51.821368693796664, 51.51653711324493, 31.555555555555557]","[1.0, 1.0, 0.81]",0.7290000000000001,204.2434312244131,-4.2434312244130865
3039,00100001,110,000,1,0,"[51.51653711324493, 51.821368693796664, 31.555555555555557]","[1.0, 1.0, 0.81]",0.7290000000000001,204.2434312244131,-4.2434312244130865
3040,01010011,011,001,1,0,"[32.0, 48.46822130772747, 39.55555555555556]","[0.7290000000000001, 1.0, 1.0]",0.6561000000000001,204.27339866374484,-4.2733986637448425
3041,10001011,101,001,1,0,"[48.46822130772747, 32.0, 39.55555555555556]","[1.0, 0.7290000000000001, 1.0]",0.6561000000000001,204.27339866374484,-4.2733986637448425
3042,01011010,011,000,1,0,"[32.0, 46.09053497942386, 41.9753086419753]","[0.7290000000000001, 1.0, 1.0]",0.6561000000000001,204.337515045571,-4.337515045570996
3043,11001010,101,000,1,0,"[46.09053497942386, 32.0, 41.9753086419753]","[1.0, 0.7290000000000001, 1.0]",0.6561000000000001,204.337515045571,-4.337515045570996
3044,11011111,010,000,0,0,"[33.33333333333333, 45.432098765432094, 33.55555555555556]","[0.81, 1.0, 0.9]",0.6561000000000001,204.3545003114174,-4.354500311417411
3045,11111011,100,000,0,0,"[45.432098765432094, 33.33333333333333, 33.55555555555556]","[1.0, 0.81, 0.9]",0.6561000000000001,204.3545003114174,-4.354500311417411
3046,11111110,010,000,0,0,"[36.888888888888886, 45.432098765432094, 30.0]","[0.9, 1.0, 0.81]",0.6561000000000001,204.3545003114174,-4.354500311417411
3047,11111110,100,000,0,0,"[45.432098765432094, 36.888888888888886, 30.0]","[1.0, 0.9, 0.81]",0.6561000000000001,204.3545003114174,-4.354500311417411
3048,11011000,110,000,1,0,"[46.09053497942386, 46.09053497942386, 28.0]","[1.0, 1.0, 0.7290000000000001]",0.6561000000000001,204.51313817839917,-4.513138178399174
3049,00010010,110,000,0,0,"[51.821368693796664, 48.46822130772747, 30.0]","[1.0, 1.0, 0.81]",0.7290000000000001,204.56733882239246,-4.567338822392458
3050,10000010,110,000,0,0,"[48.46822130772747, 51.821368693796664, 30.0]","[1.0, 1.0, 0.81]",0.7290000000000001,204.56733882239246,-4.567338822392458
3051,00110100,101,000,0,0,"[51.51653711324493, 34.888888888888886, 43.8957475994513]","[1.0, 0.81, 1.0]",0.7290000000000001,204.58322853441027,-4.583228534410267
3052,00110101,101,000,0,0,"[51.51653711324493, 34.888888888888886, 43.895747599451305]","[1.0, 0.81, 1.0]",0.7290000000000001,204.58322853441027,-4.583228534410267
3053,10100100,011,000,0,0,"[34.888888888888886, 51.51653711324493, 43.8957475994513]","[0.81, 1.0, 1.0]",0.7290000000000001,204.58322853441027,-4.583228534410267
3054,10100101,011,000,0,0,"[34.888888888888886, 51.51653711324493, 43.895747599451305]","[0.81, 1.0, 1.0]",0.7290000000000001,204.58322853441027,-4.583228534410267
3055,01001001,110,000,0,0,"[49.38271604938271, 49.38271604938271, 31.555555555555557]","[1.0, 1.0, 0.81]",0.7290000000000001,204.610408304967,-4.610408304966995
3056,00010111,100,000,1,0,"[51.821368693796664, 34.888888888888886, 33.55555555555556]","[1.0, 0.81, 0.9]",0.6561000000000001,204.6423001649765,-4.64230016497649
3057,00011101,100,000,1,0,"[51.821368693796664, 36.888888888888886, 31.555555555555557]","[1.0, 0.9, 0.81]",0.6561000000000001,204.6423001649765,-4.64230016497649
3058,10100011,010,000,1,0,"[34.888888888888886, 51.821368693796664, 33.55555555555556]","[0.81, 1.0, 0.9]",0.6561000000000001,204.6423001649765,-4.64230016497649
3059,11100001,010,000,1,0,"[36.888888888888886, 51.821368693796664, 31.555555555555557]","[0.9, 1.0, 0.81]",0.6561000000000001,204.6423001649765,-4.64230016497649
3060,00101110,110,000,0,0,"[51.51653711324493, 48.83401920438958, 30.0]","[1.0, 1.0, 0.81]",0.7290000000000001,204.650968885644,-4.650968885644005
3061,01100110,110,000,0,0,"[48.83401920438958, 51.51653711324493, 30.0]","[1.0, 1.0, 0.81]",0.7290000000000001,204.650968885644,-4.650968885644005
3062,01010011,101,001,1,0,"[49.38271604938271, 31.333333333333332, 39.55555555555556]","[1.0, 0.7290000000000001, 1.0]",0.6561000000000001,204.65112778276415,-4.651127782764149
3063,01011100,110,010,1,0,"[49.38271604938271, 42.888888888888886, 28.0]","[1.0, 1.0, 0.7290000000000001]",0.6561000000000001,204.65112778276415,-4.651127782764149
3064,10001011,011,001,1,0,"[31.333333333333332, 49.38271604938271, 39.55555555555556]","[0.7290000000000001, 1.0, 1.0]",0.6561000000000001,204.65112778276415,-4.651127782764149
3065,11101000,110,100,1,0,"[42.888888888888886, 49.38271604938271, 28.0]","[1.0, 1.0, 0.7290000000000001]",0.6561000000000001,204.65112778276415,-4.651127782764149
3066,00000001,110,000,1,0,"[51.821368693796664, 51.821368693796664, 31.555555555555557]","[1.0, 1.0, 0.81]",0.7290000000000001,204.6615815406706,-4.661581540670596
3067,00111100,011,010,1,0,"[33.55555555555556, 42.888888888888886, 43.8957475994513]","[0.7290000000000001, 1.0, 1.0]",0.6561000000000001,204.75566536182856,-4.755665361828562
3068,00111101,011,010,1,0,"[33.55555555555556, 42.888888888888886, 43.895747599451305]","[0.7290000000000001, 1.0, 1.0]",0.6561000000000001,204.75566536182856,-4.755665361828562
3069,11100100,101,100,1,0,"[42.888888888888886, 33.55555555555556, 43.8957475994513]","[1.0, 0.7290000000000001, 1.0]",0.6561000000000001,204.75566536182856,-4.755665361828562
3070,11100101,101,100,1,0,"[42.888888888888886, 33.55555555555556, 43.895747599451305]","[1.0, 0.7290000000000001, 1.0]",0.6561000000000001,204.75566536182856,-4.755665361828562
3071,01001111,011,001,1,0,"[32.0, 48.83401920438958, 39.55555555555556]","[0.7290000000000001, 1.0, 1.0]",0.6561000000000001,204.83093241875494,-4.830932418754941
3072,01101011,101,001,1,0,"[48.83401920438958, 32.0, 39.55555555555556]","[1.0, 0.7290000000000001, 1.0]",0.6561000000000001,204.83093241875494,-4.830932418754941
3073,00010100,101,000,0,0,"[51.821368693796664, 34.888888888888886, 43.8957475994513]","[1.0, 0.81, 1.0]",0.7290000000000001,205.0013788506678,-5.001378850667805
3074,10100000,011,000,0,0,"[34.888888888888886, 51.821368693796664, 43.8957475994513]","[0.81, 1.0, 1.0]",0.7290000000000001,205.0013788506678,-5.001378850667805
3075,00010101,101,000,0,0,"[51.821368693796664, 34.888888888888886, 43.895747599451305]","[1.0, 0.81, 1.0]",0.7290000000000001,205.00137885066783,-5.001378850667834
3076,10100001,011,000,0,0,"[34.888888888888886, 51.821368693796664, 43.895747599451305]","[0.81, 1.0, 1.0]",0.7290000000000001,205.00137885066783,-5.001378850667834
3077,00001110,110,000,0,0,"[51.821368693796664, 48.83401920438958, 30.0]","[1.0, 1.0, 0.81]",0.7290000000000001,205.06911920190154,-5.069119201901543
3078,01100010,110,000,0,0,"[48.83401920438958, 51.821368693796664, 30.0]","[1.0, 1.0, 0.81]",0.7290000000000001,205.06911920190154,-5.069119201901543
3079,00101111,100,000,1,0,"[51.51653711324493, 35.55555555555556, 33.55555555555556]","[1.0, 0.81, 0.9]",0.6561000000000001,205.19379397097399,-5.193793970973985
3080,01100111,010,000,1,0,"[35.55555555555556, 51.51653711324493, 33.55555555555556]","[0.81, 1.0, 0.9]",0.6561000000000001,205.19379397097399,-5.193793970973985
3081,10011100,011,000,1,0,"[31.333333333333332, 45.432098765432094, 43.8957475994513]","[0.7290000000000001, 1.0, 1.0]",0.6561000000000001,205.24490123184987,-5.244901231849866
3082,10011101,011,000,1,0,"[31.333333333333332, 45.432098765432094, 43.895747599451305]","[0.7290000000000001, 1.0, 1.0]",0.6561000000000001,205.24490123184987,-5.244901231849866
3083,11110000,101,000,1,0,"[45.432098765432094, 31.333333333333332, 43.8957475994513]","[1.0, 0.7290000000000001, 1.0]",0.6561000000000001,205.24490123184987,-5.244901231849866
3084,11110001,101,000,1,0,"[45.432098765432094, 31.333333333333332, 43.895747599451305]","[1.0, 0.7290000000000001, 1.0]",0.6561000000000001,205.24490123184987,-5.244901231849866
3085,00111111,011,000,1,0,"[33.55555555555556, 45.432098765432094, 41.7283950617284]","[0.7290000000000001, 1.0, 1.0]",0.6561000000000001,205.32853129510139,-5.328531295101385
3086,11100111,101,000,1,0,"[45.432098765432094, 33.55555555555556, 41.7283950617284]","[1.0, 0.7290000000000001, 1.0]",0.6561000000000001,205.32853129510139,-5.328531295101385
3087,11011011,010,000,0,0,"[33.33333333333333, 46.09053497942386, 33.55555555555556]","[0.81, 1.0, 0.9]",0.6561000000000001,205.3580610704355,-5.358061070435497
3088,11011011,100,000,0,0,"[46.09053497942386, 33.33333333333333, 33.55555555555556]","[1.0, 0.81, 0.9]",0.6561000000000001,205.3580610704355,-5.358061070435497
3089,11011110,100,000,0,0,"[46.09053497942386, 36.888888888888886, 30.0]","[1.0, 0.9, 0.81]",0.6561000000000001,205.3580610704355,-5.358061070435497
3090,11111010,010,000,0,0,"[36.888888888888886, 46.09053497942386, 30.0]","[0.9, 1.0, 0.81]",0.6561000000000001,205.3580610704355,-5.358061070435497
3091,00101010,110,000,0,0,"[51.51653711324493, 49.38271604938271, 30.0]","[1.0, 1.0, 0.81]",0.7290000000000001,205.4036394549076,-5.403639454907591
3092,01000110,110,000,0,0,"[49.38271604938271, 51.51653711324493, 30.0]","[1.0, 1.0, 0.81]",0.7290000000000001,205.4036394549076,-5.403639454907591
3093,00101100,101,000,0,0,"[51.51653711324493, 35.55555555555556, 43.8957475994513]","[1.0, 0.81, 1.0]",0.7290000000000001,205.49772327606553,-5.497723276065528
3094,00101101,101,000,0,0,"[51.51653711324493, 35.55555555555556, 43.895747599451305]","[1.0, 0.81, 1.0]",0.7290000000000001,205.49772327606553,-5.497723276065528
3095,01100100,011,000,0,0,"[35.55555555555556, 51.51653711324493, 43.8957475994513]","[0.81, 1.0, 1.0]",0.7290000000000001,205.49772327606553,-5.497723276065528
3096,01100101,011,000,0,0,"[35.55555555555556, 51.51653711324493, 43.895747599451305]","[0.81, 1.0, 1.0]",0.7290000000000001,205.49772327606553,-5.497723276065528
3097,00110101,110,000,0,0,"[51.51653711324493, 48.01097393689986, 31.555555555555557]","[1.0, 1.0, 0.81]",0.7290000000000001,205.65578409561087,-5.655784095610869
3098,10100101,110,000,0,0,"[48.01097393689986, 51.51653711324493, 31.555555555555557]","[1.0, 1.0, 0.81]",0.7290000000000001,205.65578409561087,-5.655784095610869
3099,00001111,100,000,1,0,"[51.821368693796664, 35.55555555555556, 33.55555555555556]","[1.0, 0.81, 0.9]",0.6561000000000001,205.65840543348233,-5.658405433482329
3100,01100011,010,000,1,0,"[35.55555555555556, 51.821368693796664, 33.55555555555556]","[0.81, 1.0, 0.9]",0.6561000000000001,205.65840543348233,-5.658405433482329
3101,01001011,011,001,1,0,"[32.0, 49.38271604938271, 39.55555555555556]","[0.7290000000000001, 1.0, 1.0]",0.6561000000000001,205.66723305127002,-5.667233051270017
3102,01001011,101,001,1,0,"[49.38271604938271, 32.0, 39.55555555555556]","[1.0, 0.7290000000000001, 1.0]",0.6561000000000001,205.66723305127002,-5.667233051270017
3103,00111110,011,000,1,0,"[33.55555555555556, 45.432098765432094, 41.9753086419753]","[0.7290000000000001, 1.0, 1.0]",0.6561000000000001,205.70486657973316,-5.704866579733164
3104,11100110,101,000,1,0,"[45.432098765432094, 33.55555555555556, 41.9753086419753]","[1.0, 0.7290000000000001, 1.0]",0.6561000000000001,205.70486657973316,-5.704866579733164
3105,00001010,110,000,0,0,"[51.821368693796664, 49.38271604938271, 30.0]","[1.0, 1.0, 0.81]",0.7290000000000001,205.8217897711651,-5.8217897711651005
3106,01000010,110,000,0,0,"[49.38271604938271, 51.821368693796664, 30.0]","[1.0, 1.0, 0.81]",0.7290000000000001,205.8217897711651,-5.8217897711651005
3107,10010111,011,000,1,0,"[31.333333333333332, 48.01097393689986, 41.7283950617284]","[0.7290000000000001, 1.0, 1.0]",0.6561000000000001,205.87212670623617,-5.872126706236173
3108,10110011,101,000,1,0,"[48.01097393689986, 31.333333333333332, 41.7283950617284]","[1.0, 0.7290000000000001, 1.0]",0.6561000000000001,205.87212670623617,-5.872126706236173
3109,00001100,101,000,0,0,"[51.821368693796664, 35.55555555555556, 43.8957475994513]","[1.0, 0.81, 1.0]",0.7290000000000001,205.91587359232307,-5.9158735923230665
3110,00001101,101,000,0,0,"[51.821368693796664, 35.55555555555556, 43.895747599451305]","[1.0, 0.81, 1.0]",0.7290000000000001,205.91587359232307,-5.9158735923230665
3111,01100000,011,000,0,0,"[35.55555555555556, 51.821368693796664, 43.8957475994513]","[0.81, 1.0, 1.0]",0.7290000000000001,205.91587359232307,-5.9158735923230665
3112,01100001,011,000,0,0,"[35.55555555555556, 51.821368693796664, 43.895747599451305]","[0.81, 1.0, 1.0]",0.7290000000000001,205.91587359232307,-5.9158735923230665
3113,00110111,011,001,1,0,"[33.55555555555556, 48.01097393689986, 39.55555555555556]","[0.7290000000000001, 1.0, 1.0]",0.6561000000000001,205.94739376316255,-5.947393763162552
3114,10100111,101,001,1,0,"[48.01097393689986, 33.55555555555556, 39.55555555555556]","[1.0, 0.7290000000000001, 1.0]",0.6561000000000001,205.94739376316255,-5.947393763162552
3115,00010101,110,000,0,0,"[51.821368693796664, 48.01097393689986, 31.555555555555557]","[1.0, 1.0, 0.81]",0.7290000000000001,206.07393441186838,-6.073934411868379
3116,10100001,110,000,0,0,"[48.01097393689986, 51.821368693796664, 31.555555555555557]","[1.0, 1.0, 0.81]",0.7290000000000001,206.07393441186838,-6.073934411868379
3117,10111111,001,000,0,0,"[34.888888888888886, 36.888888888888886, 41.7283950617284]","[0.81, 0.9, 1.0]",0.6561000000000001,206.16090967764998,-6.1609096776499825
3118,11110111,001,000,0,0,"[36.888888888888886, 34.888888888888886, 41.7283950617284]","[0.9, 0.81, 1.0]",0.6561000000000001,206.16090967764998,-6.1609096776499825
3119,10011111,001,001,1,0,"[31.333333333333332, 36.888888888888886, 39.55555555555556]","[0.7290000000000001, 0.9, 1.0]",0.5904900000000002,206.23173597821764,-6.2317359782176425
3120,10011111,010,010,1,0,"[31.333333333333332, 42.888888888888886, 33.55555555555556]","[0.7290000000000001, 1.0, 0.9]",0.5904900000000002,206.23173597821764,-6.2317359782176425
3121,10111011,001,001,1,0,"[34.888888888888886, 33.33333333333333, 39.55555555555556]","[0.81, 0.81, 1.0]",0.5904900000000002,206.23173597821764,-6.2317359782176425
3122,10111110,010,010,1,0,"[34.888888888888886, 42.888888888888886, 30.0]","[0.81, 1.0, 0.81]",0.5904900000000002,206.23173597821764,-6.2317359782176425
3123,11010111,001,001,1,0,"[33.33333333333333, 34.888888888888886, 39.55555555555556]","[0.81, 0.81, 1.0]",0.5904900000000002,206.23173597821764,-6.2317359782176425
3124,11011101,010,010,1,0,"[33.33333333333333, 42.888888888888886, 31.555555555555557]","[0.81, 1.0, 0.81]",0.5904900000000002,206.23173597821764,-6.2317359782176425
3125,11110011,001,001,1,0,"[36.888888888888886, 31.333333333333332, 39.55555555555556]","[0.9, 0.7290000000000001, 1.0]",0.5904900000000002,206.23173597821764,-6.2317359782176425
3126,11110011,100,100,1,0,"[42.888888888888886, 31.333333333333332, 33.55555555555556]","[1.0, 0.7290000000000001, 0.9]",0.5904900000000002,206.23173597821764,-6.2317359782176425
3127,11110110,100,100,1,0,"[42.888888888888886, 34.888888888888886, 30.0]","[1.0, 0.81, 0.81]",0.5904900000000002,206.23173597821764,-6.2317359782176425
3128,11111001,100,100,1,0,"[42.888888888888886, 33.33333333333333, 31.555555555555557]","[1.0, 0.81, 0.81]",0.5904900000000002,206.23173597821764,-6.2317359782176425
3129,11111100,010,010,1,0,"[36.888888888888886, 42.888888888888886, 28.0]","[0.9, 1.0, 0.7290000000000001]",0.5904900000000002,206.23173597821764,-6.2317359782176425
3130,11111100,100,100,1,0,"[42.888888888888886, 36.888888888888886, 28.0]","[1.0, 0.9, 0.7290000000000001]",0.5904900000000002,206.23173597821764,-6.2317359782176425
3131,10010110,011,000,1,0,"[31.333333333333332, 48.01097393689986, 41.9753086419753]","[0.7290000000000001, 1.0, 1.0]",0.6561000000000001,206.24846199086795,-6.248461990867952
3132,10011000,011,000,1,0,"[31.333333333333332, 46.09053497942386, 43.8957475994513]","[0.7290000000000001, 1.0, 1.0]",0.6561000000000001,206.24846199086795,-6.248461990867952
3133,10011001,011,000,1,0,"[31.333333333333332, 46.09053497942386, 43.895747599451305]","[0.7290000000000001, 1.0, 1.0]",0.6561000000000001,206.24846199086795,-6.248461990867952
3134,10110010,101,000,1,0,"[48.01097393689986, 31.333333333333332, 41.9753086419753]","[1.0, 0.7290000000000001, 1.0]",0.6561000000000001,206.24846199086795,-6.248461990867952
3135,11010000,101,000,1,0,"[46.09053497942386, 31.333333333333332, 43.8957475994513]","[1.0, 0.7290000000000001, 1.0]",0.6561000000000001,206.24846199086795,-6.248461990867952
3136,11010001,101,000,1,0,"[46.09053497942386, 31.333333333333332, 43.895747599451305]","[1.0, 0.7290000000000001, 1.0]",0.6561000000000001,206.24846199086795,-6.248461990867952
3137,01011100,011,000,1,0,"[32.0, 45.432098765432094, 43.8957475994513]","[0.7290000000000001, 1.0, 1.0]",0.6561000000000001,206.26100650035568,-6.261006500355677
3138,01011101,011,000,1,0,"[32.0, 45.432098765432094, 43.895747599451305]","[0.7290000000000001, 1.0, 1.0]",0.6561000000000001,206.26100650035568,-6.261006500355677
3139,11101000,101,000,1,0,"[45.432098765432094, 32.0, 43.8957475994513]","[1.0, 0.7290000000000001, 1.0]",0.6561000000000001,206.26100650035568,-6.261006500355677
3140,11101001,101,000,1,0,"[45.432098765432094, 32.0, 43.895747599451305]","[1.0, 0.7290000000000001, 1.0]",0.6561000000000001,206.26100650035568,-6.261006500355677
3141,00110001,110,000,0,0,"[51.51653711324493, 48.46822130772747, 31.555555555555557]","[1.0, 1.0, 0.81]",0.7290000000000001,206.28300956999718,-6.283009569997176
3142,10000101,110,000,0,0,"[48.46822130772747, 51.51653711324493, 31.555555555555557]","[1.0, 1.0, 0.81]",0.7290000000000001,206.28300956999718,-6.283009569997176
3143,00111011,011,000,1,0,"[33.55555555555556, 46.09053497942386, 41.7283950617284]","[0.7290000000000001, 1.0, 1.0]",0.6561000000000001,206.33209205411947,-6.332092054119471
3144,11000111,101,000,1,0,"[46.09053497942386, 33.55555555555556, 41.7283950617284]","[1.0, 0.7290000000000001, 1.0]",0.6561000000000001,206.33209205411947,-6.332092054119471
3145,10111100,110,000,1,0,"[48.01097393689986, 45.432098765432094, 28.0]","[1.0, 1.0, 0.7290000000000001]",0.6561000000000001,206.43662963318386,-6.4366296331838555
3146,11110100,110,000,1,0,"[45.432098765432094, 48.01097393689986, 28.0]","[1.0, 1.0, 0.7290000000000001]",0.6561000000000001,206.43662963318386,-6.4366296331838555
3147,10111110,001,000,0,0,"[34.888888888888886, 36.888888888888886, 41.9753086419753]","[0.81, 0.9, 1.0]",0.6561000000000001,206.5372449622817,-6.537244962281704
3148,11110110,001,000,0,0,"[36.888888888888886, 34.888888888888886, 41.9753086419753]","[0.9, 0.81, 1.0]",0.6561000000000001,206.5372449622817,-6.537244962281704
3149,10010011,011,000,1,0,"[31.333333333333332, 48.46822130772747, 41.7283950617284]","[0.7290000000000001, 1.0, 1.0]",0.6561000000000001,206.56904389999875,-6.569043899998746
3150,10010011,101,000,1,0,"[48.46822130772747, 31.333333333333332, 41.7283950617284]","[1.0, 0.7290000000000001, 1.0]",0.6561000000000001,206.56904389999875,-6.569043899998746
3151,10011111,011,011,0,0,"[31.333333333333332, 42.888888888888886, 39.55555555555556]","[0.7290000000000001, 1.0, 1.0]",0.6561000000000001,206.57487849074494,-6.574878490744936
3152,11110011,101,101,0,0,"[42.888888888888886, 31.333333333333332, 39.55555555555556]","[1.0, 0.7290000000000001, 1.0]",0.6561000000000001,206.57487849074494,-6.574878490744936
3153,11111100,110,110,0,0,"[42.888888888888886, 42.888888888888886, 28.0]","[1.0, 1.0, 0.7290000000000001]",0.6561000000000001,206.57487849074494,-6.574878490744936
3154,00110011,011,001,1,0,"[33.55555555555556, 48.46822130772747, 39.55555555555556]","[0.7290000000000001, 1.0, 1.0]",0.6561000000000001,206.6443109569251,-6.644310956925096
3155,10000111,101,001,1,0,"[48.46822130772747, 33.55555555555556, 39.55555555555556]","[1.0, 0.7290000000000001, 1.0]",0.6561000000000001,206.6443109569251,-6.644310956925096
3156,00010001,110,000,0,0,"[51.821368693796664, 48.46822130772747, 31.555555555555557]","[1.0, 1.0, 0.81]",0.7290000000000001,206.7011598862547,-6.701159886254686
3157,10000001,110,000,0,0,"[48.46822130772747, 51.821368693796664, 31.555555555555557]","[1.0, 1.0, 0.81]",0.7290000000000001,206.7011598862547,-6.701159886254686
3158,00111010,011,000,1,0,"[33.55555555555556, 46.09053497942386, 41.9753086419753]","[0.7290000000000001, 1.0, 1.0]",0.6561000000000001,206.70842733875125,-6.70842733875125
3159,11000110,101,000,1,0,"[46.09053497942386, 33.55555555555556, 41.9753086419753]","[1.0, 0.7290000000000001, 1.0]",0.6561000000000001,206.70842733875125,-6.70842733875125
3160,10111111,010,000,0,0,"[34.888888888888886, 45.432098765432094, 33.55555555555556]","[0.81, 1.0, 0.9]",0.6561000000000001,206.72541260459764,-6.725412604597636
3161,11110111,100,000,0,0,"[45.432098765432094, 34.888888888888886, 33.55555555555556]","[1.0, 0.81, 0.9]",0.6561000000000001,206.72541260459764,-6.725412604597636
3162,11111101,010,000,0,0,"[36.888888888888886, 45.432098765432094, 31.555555555555557]","[0.9, 1.0, 0.81]",0.6561000000000001,206.72541260459764,-6.725412604597636
3163,11111101,100,000,0,0,"[45.432098765432094, 36.888888888888886, 31.555555555555557]","[1.0, 0.9, 0.81]",0.6561000000000001,206.72541260459764,-6.725412604597636
3164,00101101,110,000,0,0,"[51.51653711324493, 48.83401920438958, 31.555555555555557]","[1.0, 1.0, 0.81]",0.7290000000000001,206.78478994950626,-6.784789949506262
3165,01100101,110,000,0,0,"[48.83401920438958, 51.51653711324493, 31.555555555555557]","[1.0, 1.0, 0.81]",0.7290000000000001,206.78478994950626,-6.784789949506262
3166,01010111,011,000,1,0,"[32.0, 48.01097393689986, 41.7283950617284]","[0.7290000000000001, 1.0, 1.0]",0.6561000000000001,206.888231974742,-6.888231974742013
3167,10101011,101,000,1,0,"[48.01097393689986, 32.0, 41.7283950617284]","[1.0, 0.7290000000000001, 1.0]",0.6561000000000001,206.888231974742,-6.888231974742013
3168,10010010,011,000,1,0,"[31.333333333333332, 48.46822130772747, 41.9753086419753]","[0.7290000000000001, 1.0, 1.0]",0.6561000000000001,206.94537918463053,-6.945379184630525
3169,10010010,101,000,1,0,"[48.46822130772747, 31.333333333333332, 41.9753086419753]","[1.0, 0.7290000000000001, 1.0]",0.6561000000000001,206.94537918463053,-6.945379184630525
3170,11011100,001,000,0,0,"[33.33333333333333, 36.888888888888886, 43.8957475994513]","[0.81, 0.9, 1.0]",0.6561000000000001,207.09338488290427,-7.0933848829042745
3171,11011101,001,000,0,0,"[33.33333333333333, 36.888888888888886, 43.895747599451305]","[0.81, 0.9, 1.0]",0.6561000000000001,207.09338488290427,-7.0933848829042745
3172,11111000,001,000,0,0,"[36.888888888888886, 33.33333333333333, 43.8957475994513]","[0.9, 0.81, 1.0]",0.6561000000000001,207.09338488290427,-7.0933848829042745
3173,11111001,001,000,0,0,"[36.888888888888886, 33.33333333333333, 43.895747599451305]","[0.9, 0.81, 1.0]",0.6561000000000001,207.09338488290427,-7.0933848829042745
3174,01110011,101,000,1,0,"[48.83401920438958, 31.333333333333332, 41.7283950617284]","[1.0, 0.7290000000000001, 1.0]",0.6561000000000001,207.12657765500882,-7.126577655008816
3175,10001111,011,000,1,0,"[31.333333333333332, 48.83401920438958, 41.7283950617284]","[0.7290000000000001, 1.0, 1.0]",0.6561000000000001,207.12657765500882,-7.126577655008816
3176,10011100,110,000,1,0,"[48.46822130772747, 45.432098765432094, 28.0]","[1.0, 1.0, 0.7290000000000001]",0.6561000000000001,207.13354682694637,-7.133546826946372
3177,11110000,110,000,1,0,"[45.432098765432094, 48.46822130772747, 28.0]","[1.0, 1.0, 0.7290000000000001]",0.6561000000000001,207.13354682694637,-7.133546826946372
3178,01111111,001,000,0,0,"[35.55555555555556, 36.888888888888886, 41.7283950617284]","[0.81, 0.9, 1.0]",0.6561000000000001,207.1770149461558,-7.1770149461557935
3179,11101111,001,000,0,0,"[36.888888888888886, 35.55555555555556, 41.7283950617284]","[0.9, 0.81, 1.0]",0.6561000000000001,207.1770149461558,-7.1770149461557935
3180,00101111,011,001,1,0,"[33.55555555555556, 48.83401920438958, 39.55555555555556]","[0.7290000000000001, 1.0, 1.0]",0.6561000000000001,207.2018447119352,-7.201844711935195
3181,01100111,101,001,1,0,"[48.83401920438958, 33.55555555555556, 39.55555555555556]","[1.0, 0.7290000000000001, 1.0]",0.6561000000000001,207.2018447119352,-7.201844711935195
3182,00001101,110,000,0,0,"[51.821368693796664, 48.83401920438958, 31.555555555555557]","[1.0, 1.0, 0.81]",0.7290000000000001,207.20294026576377,-7.202940265763772
3183,01100001,110,000,0,0,"[48.83401920438958, 51.821368693796664, 31.555555555555557]","[1.0, 1.0, 0.81]",0.7290000000000001,207.20294026576377,-7.202940265763772
3184,01010110,011,000,1,0,"[32.0, 48.01097393689986, 41.9753086419753]","[0.7290000000000001, 1.0, 1.0]",0.6561000000000001,207.26456725937376,-7.264567259373763
3185,01011000,011,000,1,0,"[32.0, 46.09053497942386, 43.8957475994513]","[0.7290000000000001, 1.0, 1.0]",0.6561000000000001,207.26456725937376,-7.264567259373763
3186,01011001,011,000,1,0,"[32.0, 46.09053497942386, 43.895747599451305]","[0.7290000000000001, 1.0, 1.0]",0.6561000000000001,207.26456725937376,-7.264567259373763
3187,10101010,101,000,1,0,"[48.01097393689986, 32.0, 41.9753086419753]","[1.0, 0.7290000000000001, 1.0]",0.6561000000000001,207.26456725937376,-7.264567259373763
3188,11001000,101,000,1,0,"[46.09053497942386, 32.0, 43.8957475994513]","[1.0, 0.7290000000000001, 1.0]",0.6561000000000001,207.26456725937376,-7.264567259373763
3189,11001001,101,000,1,0,"[46.09053497942386, 32.0, 43.895747599451305]","[1.0, 0.7290000000000001, 1.0]",0.6561000000000001,207.26456725937376,-7.264567259373763
3190,11011011,001,000,1,0,"[33.33333333333333, 33.33333333333333, 41.7283950617284]","[0.81, 0.81, 1.0]",0.5904900000000002,207.2771117688615,-7.277111768861488
3191,01011111,001,001,1,0,"[32.0, 36.888888888888886, 39.55555555555556]","[0.7290000000000001, 0.9, 1.0]",0.5904900000000002,207.360741832113,-7.360741832113007
3192,01011111,010,010,1,0,"[32.0, 42.888888888888886, 33.55555555555556]","[0.7290000000000001, 1.0, 0.9]",0.5904900000000002,207.360741832113,-7.360741832113007
3193,01111011,001,001,1,0,"[35.55555555555556, 33.33333333333333, 39.55555555555556]","[0.81, 0.81, 1.0]",0.5904900000000002,207.360741832113,-7.360741832113007
3194,01111110,010,010,1,0,"[35.55555555555556, 42.888888888888886, 30.0]","[0.81, 1.0, 0.81]",0.5904900000000002,207.360741832113,-7.360741832113007
3195,11001111,001,001,1,0,"[33.33333333333333, 35.55555555555556, 39.55555555555556]","[0.81, 0.81, 1.0]",0.5904900000000002,207.360741832113,-7.360741832113007
3196,11101011,001,001,1,0,"[36.888888888888886, 32.0, 39.55555555555556]","[0.9, 0.7290000000000001, 1.0]",0.5904900000000002,207.360741832113,-7.360741832113007
3197,11101011,100,100,1,0,"[42.888888888888886, 32.0, 33.55555555555556]","[1.0, 0.7290000000000001, 0.9]",0.5904900000000002,207.360741832113,-7.360741832113007
3198,11101110,100,100,1,0,"[42.888888888888886, 35.55555555555556, 30.0]","[1.0, 0.81, 0.81]",0.5904900000000002,207.360741832113,-7.360741832113007
3199,10111000,110,000,1,0,"[48.01097393689986, 46.09053497942386, 28.0]","[1.0, 1.0, 0.7290000000000001]",0.6561000000000001,207.44019039220194,-7.4401903922019414
3200,11010100,110,000,1,0,"[46.09053497942386, 48.01097393689986, 28.0]","[1.0, 1.0, 0.7290000000000001]",0.6561000000000001,207.44019039220194,-7.4401903922019414
3201,01110010,101,000,1,0,"[48.83401920438958, 31.333333333333332, 41.9753086419753]","[1.0, 0.7290000000000001, 1.0]",0.6561000000000001,207.5029129396406,-7.502912939640595
3202,10001110,011,000,1,0,"[31.333333333333332, 48.83401920438958, 41.9753086419753]","[0.7290000000000001, 1.0, 1.0]",0.6561000000000001,207.5029129396406,-7.502912939640595
3203,00101001,110,000,0,0,"[51.51653711324493, 49.38271604938271, 31.555555555555557]","[1.0, 1.0, 0.81]",0.7290000000000001,207.5374605187698,-7.537460518769791
3204,01000101,110,000,0,0,"[49.38271604938271, 51.51653711324493, 31.555555555555557]","[1.0, 1.0, 0.81]",0.7290000000000001,207.5374605187698,-7.537460518769791
3205,01111110,001,000,0,0,"[35.55555555555556, 36.888888888888886, 41.9753086419753]","[0.81, 0.9, 1.0]",0.6561000000000001,207.55335023078757,-7.553350230787572
3206,11101110,001,000,0,0,"[36.888888888888886, 35.55555555555556, 41.9753086419753]","[0.9, 0.81, 1.0]",0.6561000000000001,207.55335023078757,-7.553350230787572
3207,01010011,011,000,1,0,"[32.0, 48.46822130772747, 41.7283950617284]","[0.7290000000000001, 1.0, 1.0]",0.6561000000000001,207.58514916850453,-7.585149168504529
3208,10001011,101,000,1,0,"[48.46822130772747, 32.0, 41.7283950617284]","[1.0, 0.7290000000000001, 1.0]",0.6561000000000001,207.58514916850453,-7.585149168504529
3209,01011111,011,011,0,0,"[32.0, 42.888888888888886, 39.55555555555556]","[0.7290000000000001, 1.0, 1.0]",0.6561000000000001,207.59098375925072,-7.590983759250719
3210,11101011,101,101,0,0,"[42.888888888888886, 32.0, 39.55555555555556]","[1.0, 0.7290000000000001, 1.0]",0.6561000000000001,207.59098375925072,-7.590983759250719
3211,01111100,110,000,1,0,"[48.83401920438958, 45.432098765432094, 28.0]","[1.0, 1.0, 0.7290000000000001]",0.6561000000000001,207.69108058195647,-7.69108058195647
3212,11101100,110,000,1,0,"[45.432098765432094, 48.83401920438958, 28.0]","[1.0, 1.0, 0.7290000000000001]",0.6561000000000001,207.69108058195647,-7.69108058195647
3213,11011010,001,000,1,0,"[33.33333333333333, 33.33333333333333, 41.9753086419753]","[0.81, 0.81, 1.0]",0.5904900000000002,207.695262085119,-7.695262085118998
3214,10111011,010,000,0,0,"[34.888888888888886, 46.09053497942386, 33.55555555555556]","[0.81, 1.0, 0.9]",0.6561000000000001,207.72897336361572,-7.728973363615722
3215,11010111,100,000,0,0,"[46.09053497942386, 34.888888888888886, 33.55555555555556]","[1.0, 0.81, 0.9]",0.6561000000000001,207.72897336361572,-7.728973363615722
3216,11011101,100,000,0,0,"[46.09053497942386, 36.888888888888886, 31.555555555555557]","[1.0, 0.9, 0.81]",0.6561000000000001,207.72897336361572,-7.728973363615722
3217,11111001,010,000,0,0,"[36.888888888888886, 46.09053497942386, 31.555555555555557]","[0.9, 1.0, 0.81]",0.6561000000000001,207.72897336361572,-7.728973363615722
3218,01111111,010,000,0,0,"[35.55555555555556, 45.432098765432094, 33.55555555555556]","[0.81, 1.0, 0.9]",0.6561000000000001,207.74151787310348,-7.741517873103476
3219,11101111,100,000,0,0,"[45.432098765432094, 35.55555555555556, 33.55555555555556]","[1.0, 0.81, 0.9]",0.6561000000000001,207.74151787310348,-7.741517873103476
3220,00110011,101,001,1,0,"[51.51653711324493, 31.333333333333332, 39.55555555555556]","[1.0, 0.7290000000000001, 1.0]",0.6561000000000001,207.90340802032281,-7.903408020322814
3221,00111100,110,010,1,0,"[51.51653711324493, 42.888888888888886, 28.0]","[1.0, 1.0, 0.7290000000000001]",0.6561000000000001,207.90340802032281,-7.903408020322814
3222,10000111,011,001,1,0,"[31.333333333333332, 51.51653711324493, 39.55555555555556]","[0.7290000000000001, 1.0, 1.0]",0.6561000000000001,207.90340802032281,-7.903408020322814
3223,11100100,110,100,1,0,"[42.888888888888886, 51.51653711324493, 28.0]","[1.0, 1.0, 0.7290000000000001]",0.6561000000000001,207.90340802032281,-7.903408020322814
3224,11011110,010,000,1,0,"[33.33333333333333, 45.432098765432094, 30.0]","[0.81, 1.0, 0.81]",0.5904900000000002,207.90433724324777,-7.904337243247767
3225,11111010,100,000,1,0,"[45.432098765432094, 33.33333333333333, 30.0]","[1.0, 0.81, 0.81]",0.5904900000000002,207.90433724324777,-7.904337243247767
3226,00001001,110,000,0,0,"[51.821368693796664, 49.38271604938271, 31.555555555555557]","[1.0, 1.0, 0.81]",0.7290000000000001,207.9556108350273,-7.955610835027301
3227,01000001,110,000,0,0,"[49.38271604938271, 51.821368693796664, 31.555555555555557]","[1.0, 1.0, 0.81]",0.7290000000000001,207.9556108350273,-7.955610835027301
3228,01010010,011,000,1,0,"[32.0, 48.46822130772747, 41.9753086419753]","[0.7290000000000001, 1.0, 1.0]",0.6561000000000001,207.9614844531363,-7.961484453136308
3229,10001010,101,000,1,0,"[48.46822130772747, 32.0, 41.9753086419753]","[1.0, 0.7290000000000001, 1.0]",0.6561000000000001,207.9614844531363,-7.961484453136308
3230,01010011,101,000,1,0,"[49.38271604938271, 31.333333333333332, 41.7283950617284]","[1.0, 0.7290000000000001, 1.0]",0.6561000000000001,207.9628782875239,-7.962878287523893
3231,10001011,011,000,1,0,"[31.333333333333332, 49.38271604938271, 41.7283950617284]","[0.7290000000000001, 1.0, 1.0]",0.6561000000000001,207.9628782875239,-7.962878287523893
3232,00101011,011,001,1,0,"[33.55555555555556, 49.38271604938271, 39.55555555555556]","[0.7290000000000001, 1.0, 1.0]",0.6561000000000001,208.03814534445024,-8.038145344450243
3233,01000111,101,001,1,0,"[49.38271604938271, 33.55555555555556, 39.55555555555556]","[1.0, 0.7290000000000001, 1.0]",0.6561000000000001,208.03814534445024,-8.038145344450243
3234,10011000,110,000,1,0,"[48.46822130772747, 46.09053497942386, 28.0]","[1.0, 1.0, 0.7290000000000001]",0.6561000000000001,208.13710758596446,-8.137107585964458
3235,11010000,110,000,1,0,"[46.09053497942386, 48.46822130772747, 28.0]","[1.0, 1.0, 0.7290000000000001]",0.6561000000000001,208.13710758596446,-8.137107585964458
3236,01001111,011,000,1,0,"[32.0, 48.83401920438958, 41.7283950617284]","[0.7290000000000001, 1.0, 1.0]",0.6561000000000001,208.14268292351463,-8.142682923514627
3237,01101011,101,000,1,0,"[48.83401920438958, 32.0, 41.7283950617284]","[1.0, 0.7290000000000001, 1.0]",0.6561000000000001,208.14268292351463,-8.142682923514627
3238,10111011,100,000,0,0,"[48.01097393689986, 33.33333333333333, 33.55555555555556]","[1.0, 0.81, 0.9]",0.6561000000000001,208.28511328423826,-8.285113284238264
3239,10111110,100,000,0,0,"[48.01097393689986, 36.888888888888886, 30.0]","[1.0, 0.9, 0.81]",0.6561000000000001,208.28511328423826,-8.285113284238264
3240,11010111,010,000,0,0,"[33.33333333333333, 48.01097393689986, 33.55555555555556]","[0.81, 1.0, 0.9]",0.6561000000000001,208.28511328423826,-8.285113284238264
3241,11110110,010,000,0,0,"[36.888888888888886, 48.01097393689986, 30.0]","[0.9, 1.0, 0.81]",0.6561000000000001,208.28511328423826,-8.285113284238264
3242,00100110,110,000,0,0,"[51.51653711324493, 51.51653711324493, 30.0]","[1.0, 1.0, 0.81]",0.7290000000000001,208.33069166871036,-8.330691668710358
3243,01010010,101,000,1,0,"[49.38271604938271, 31.333333333333332, 41.9753086419753]","[1.0, 0.7290000000000001, 1.0]",0.6561000000000001,208.33921357215564,-8.339213572155643
3244,10001010,011,000,1,0,"[31.333333333333332, 49.38271604938271, 41.9753086419753]","[0.7290000000000001, 1.0, 1.0]",0.6561000000000001,208.33921357215564,-8.339213572155643
3245,00010011,101,001,1,0,"[51.821368693796664, 31.333333333333332, 39.55555555555556]","[1.0, 0.7290000000000001, 1.0]",0.6561000000000001,208.36801948283116,-8.368019482831158
3246,00011100,110,010,1,0,"[51.821368693796664, 42.888888888888886, 28.0]","[1.0, 1.0, 0.7290000000000001]",0.6561000000000001,208.36801948283116,-8.368019482831158
3247,10000011,011,001,1,0,"[31.333333333333332, 51.821368693796664, 39.55555555555556]","[0.7290000000000001, 1.0, 1.0]",0.6561000000000001,208.36801948283116,-8.368019482831158
3248,11100000,110,100,1,0,"[42.888888888888886, 51.821368693796664, 28.0]","[1.0, 1.0, 0.7290000000000001]",0.6561000000000001,208.36801948283116,-8.368019482831158
3249,01001110,011,000,1,0,"[32.0, 48.83401920438958, 41.9753086419753]","[0.7290000000000001, 1.0, 1.0]",0.6561000000000001,208.5190182081464,-8.519018208146406
3250,01101010,101,000,1,0,"[48.83401920438958, 32.0, 41.9753086419753]","[1.0, 0.7290000000000001, 1.0]",0.6561000000000001,208.5190182081464,-8.519018208146406
3251,01011100,110,000,1,0,"[49.38271604938271, 45.432098765432094, 28.0]","[1.0, 1.0, 0.7290000000000001]",0.6561000000000001,208.52738121447155,-8.527381214471546
3252,11101000,110,000,1,0,"[45.432098765432094, 49.38271604938271, 28.0]","[1.0, 1.0, 0.7290000000000001]",0.6561000000000001,208.52738121447155,-8.527381214471546
3253,00111100,011,000,1,0,"[33.55555555555556, 45.432098765432094, 43.8957475994513]","[0.7290000000000001, 1.0, 1.0]",0.6561000000000001,208.63191879353593,-8.631918793535931
3254,00111101,011,000,1,0,"[33.55555555555556, 45.432098765432094, 43.895747599451305]","[0.7290000000000001, 1.0, 1.0]",0.6561000000000001,208.63191879353593,-8.631918793535931
3255,11100100,101,000,1,0,"[45.432098765432094, 33.55555555555556, 43.8957475994513]","[1.0, 0.7290000000000001, 1.0]",0.6561000000000001,208.63191879353593,-8.631918793535931
3256,11100101,101,000,1,0,"[45.432098765432094, 33.55555555555556, 43.895747599451305]","[1.0, 0.7290000000000001, 1.0]",0.6561000000000001,208.63191879353593,-8.631918793535931
3257,01111000,110,000,1,0,"[48.83401920438958, 46.09053497942386, 28.0]","[1.0, 1.0, 0.7290000000000001]",0.6561000000000001,208.69464134097456,-8.694641340974556
3258,11001100,110,000,1,0,"[46.09053497942386, 48.83401920438958, 28.0]","[1.0, 1.0, 0.7290000000000001]",0.6561000000000001,208.69464134097456,-8.694641340974556
3259,01111011,010,000,0,0,"[35.55555555555556, 46.09053497942386, 33.55555555555556]","[0.81, 1.0, 0.9]",0.6561000000000001,208.74507863212156,-8.745078632121562
3260,11001111,100,000,0,0,"[46.09053497942386, 35.55555555555556, 33.55555555555556]","[1.0, 0.81, 0.9]",0.6561000000000001,208.74507863212156,-8.745078632121562
3261,00000110,110,000,0,0,"[51.821368693796664, 51.51653711324493, 30.0]","[1.0, 1.0, 0.81]",0.7290000000000001,208.74884198496784,-8.74884198496784
3262,00100010,110,000,0,0,"[51.51653711324493, 51.821368693796664, 30.0]","[1.0, 1.0, 0.81]",0.7290000000000001,208.74884198496784,-8.74884198496784
3263,10110111,001,001,1,0,"[34.888888888888886, 34.888888888888886, 39.55555555555556]","[0.81, 0.81, 1.0]",0.5904900000000002,208.86608297064012,-8.866082970640122
3264,10111101,010,010,1,0,"[34.888888888888886, 42.888888888888886, 31.555555555555557]","[0.81, 1.0, 0.81]",0.5904900000000002,208.86608297064012,-8.866082970640122
3265,11110101,100,100,1,0,"[42.888888888888886, 34.888888888888886, 31.555555555555557]","[1.0, 0.81, 0.81]",0.5904900000000002,208.86608297064012,-8.866082970640122
3266,00101011,101,001,1,0,"[51.51653711324493, 32.0, 39.55555555555556]","[1.0, 0.7290000000000001, 1.0]",0.6561000000000001,208.91951328882863,-8.919513288828625
3267,01000111,011,001,1,0,"[32.0, 51.51653711324493, 39.55555555555556]","[0.7290000000000001, 1.0, 1.0]",0.6561000000000001,208.91951328882863,-8.919513288828625
3268,01001011,011,000,1,0,"[32.0, 49.38271604938271, 41.7283950617284]","[0.7290000000000001, 1.0, 1.0]",0.6561000000000001,208.9789835560297,-8.978983556029704
3269,01001011,101,000,1,0,"[49.38271604938271, 32.0, 41.7283950617284]","[1.0, 0.7290000000000001, 1.0]",0.6561000000000001,208.9789835560297,-8.978983556029704
3270,10011011,100,000,0,0,"[48.46822130772747, 33.33333333333333, 33.55555555555556]","[1.0, 0.81, 0.9]",0.6561000000000001,208.9820304780008,-8.982030478000809
3271,10011110,100,000,0,0,"[48.46822130772747, 36.888888888888886, 30.0]","[1.0, 0.9, 0.81]",0.6561000000000001,208.9820304780008,-8.982030478000809
3272,11010011,010,000,0,0,"[33.33333333333333, 48.46822130772747, 33.55555555555556]","[0.81, 1.0, 0.9]",0.6561000000000001,208.9820304780008,-8.982030478000809
3273,11110010,010,000,0,0,"[36.888888888888886, 48.46822130772747, 30.0]","[0.9, 1.0, 0.81]",0.6561000000000001,208.9820304780008,-8.982030478000809
3274,11011010,010,000,1,0,"[33.33333333333333, 46.09053497942386, 30.0]","[0.81, 1.0, 0.81]",0.5904900000000002,209.01940475326788,-9.019404753267878
3275,11011010,100,000,1,0,"[46.09053497942386, 33.33333333333333, 30.0]","[1.0, 0.81, 0.81]",0.5904900000000002,209.01940475326788,-9.019404753267878
3276,00000010,110,000,0,0,"[51.821368693796664, 51.821368693796664, 30.0]","[1.0, 1.0, 0.81]",0.7290000000000001,209.1669923012254,-9.166992301225406
3277,10010100,011,000,1,0,"[31.333333333333332, 48.01097393689986, 43.8957475994513]","[0.7290000000000001, 1.0, 1.0]",0.6561000000000001,209.17551420467072,-9.17551420467072
3278,10110000,101,000,1,0,"[48.01097393689986, 31.333333333333332, 43.8957475994513]","[1.0, 0.7290000000000001, 1.0]",0.6561000000000001,209.17551420467072,-9.17551420467072
3279,10010101,011,000,1,0,"[31.333333333333332, 48.01097393689986, 43.895747599451305]","[0.7290000000000001, 1.0, 1.0]",0.6561000000000001,209.17551420467075,-9.175514204670748
3280,10110001,101,000,1,0,"[48.01097393689986, 31.333333333333332, 43.895747599451305]","[1.0, 0.7290000000000001, 1.0]",0.6561000000000001,209.17551420467075,-9.175514204670748
3281,00110111,011,000,1,0,"[33.55555555555556, 48.01097393689986, 41.7283950617284]","[0.7290000000000001, 1.0, 1.0]",0.6561000000000001,209.25914426792224,-9.259144267922238
3282,10100111,101,000,1,0,"[48.01097393689986, 33.55555555555556, 41.7283950617284]","[1.0, 0.7290000000000001, 1.0]",0.6561000000000001,209.25914426792224,-9.259144267922238
3283,01001010,011,000,1,0,"[32.0, 49.38271604938271, 41.9753086419753]","[0.7290000000000001, 1.0, 1.0]",0.6561000000000001,209.35531884066148,-9.355318840661482
3284,01001010,101,000,1,0,"[49.38271604938271, 32.0, 41.9753086419753]","[1.0, 0.7290000000000001, 1.0]",0.6561000000000001,209.35531884066148,-9.355318840661482
3285,00001011,101,001,1,0,"[51.821368693796664, 32.0, 39.55555555555556]","[1.0, 0.7290000000000001, 1.0]",0.6561000000000001,209.38412475133697,-9.38412475133697
3286,01000011,011,001,1,0,"[32.0, 51.821368693796664, 39.55555555555556]","[0.7290000000000001, 1.0, 1.0]",0.6561000000000001,209.38412475133697,-9.38412475133697
3287,10111100,001,000,0,0,"[34.888888888888886, 36.888888888888886, 43.8957475994513]","[0.81, 0.9, 1.0]",0.6561000000000001,209.46429717608447,-9.464297176084472
3288,11110100,001,000,0,0,"[36.888888888888886, 34.888888888888886, 43.8957475994513]","[0.9, 0.81, 1.0]",0.6561000000000001,209.46429717608447,-9.464297176084472
3289,10111101,001,000,0,0,"[34.888888888888886, 36.888888888888886, 43.895747599451305]","[0.81, 0.9, 1.0]",0.6561000000000001,209.46429717608453,-9.464297176084528
3290,11110101,001,000,0,0,"[36.888888888888886, 34.888888888888886, 43.895747599451305]","[0.9, 0.81, 1.0]",0.6561000000000001,209.46429717608453,-9.464297176084528
3291,01011000,110,000,1,0,"[49.38271604938271, 46.09053497942386, 28.0]","[1.0, 1.0, 0.7290000000000001]",0.6561000000000001,209.53094197348963,-9.530941973489632
3292,11001000,110,000,1,0,"[46.09053497942386, 49.38271604938271, 28.0]","[1.0, 1.0, 0.7290000000000001]",0.6561000000000001,209.53094197348963,-9.530941973489632
3293,01111011,100,000,0,0,"[48.83401920438958, 33.33333333333333, 33.55555555555556]","[1.0, 0.81, 0.9]",0.6561000000000001,209.53956423301085,-9.53956423301085
3294,01111110,100,000,0,0,"[48.83401920438958, 36.888888888888886, 30.0]","[1.0, 0.9, 0.81]",0.6561000000000001,209.53956423301085,-9.53956423301085
3295,11001111,010,000,0,0,"[33.33333333333333, 48.83401920438958, 33.55555555555556]","[0.81, 1.0, 0.9]",0.6561000000000001,209.53956423301085,-9.53956423301085
3296,11101110,010,000,0,0,"[36.888888888888886, 48.83401920438958, 30.0]","[0.9, 1.0, 0.81]",0.6561000000000001,209.53956423301085,-9.53956423301085
3297,00110110,011,000,1,0,"[33.55555555555556, 48.01097393689986, 41.9753086419753]","[0.7290000000000001, 1.0, 1.0]",0.6561000000000001,209.63547955255402,-9.635479552554017
3298,00111000,011,000,1,0,"[33.55555555555556, 46.09053497942386, 43.8957475994513]","[0.7290000000000001, 1.0, 1.0]",0.6561000000000001,209.63547955255402,-9.635479552554017
3299,00111001,011,000,1,0,"[33.55555555555556, 46.09053497942386, 43.895747599451305]","[0.7290000000000001, 1.0, 1.0]",0.6561000000000001,209.63547955255402,-9.635479552554017
3300,10100110,101,000,1,0,"[48.01097393689986, 33.55555555555556, 41.9753086419753]","[1.0, 0.7290000000000001, 1.0]",0.6561000000000001,209.63547955255402,-9.635479552554017
3301,11000100,101,000,1,0,"[46.09053497942386, 33.55555555555556, 43.8957475994513]","[1.0, 0.7290000000000001, 1.0]",0.6561000000000001,209.63547955255402,-9.635479552554017
3302,11000101,101,000,1,0,"[46.09053497942386, 33.55555555555556, 43.895747599451305]","[1.0, 0.7290000000000001, 1.0]",0.6561000000000001,209.63547955255402,-9.635479552554017
3303,10010000,011,000,1,0,"[31.333333333333332, 48.46822130772747, 43.8957475994513]","[0.7290000000000001, 1.0, 1.0]",0.6561000000000001,209.8724313984333,-9.872431398433292
3304,10010000,101,000,1,0,"[48.46822130772747, 31.333333333333332, 43.8957475994513]","[1.0, 0.7290000000000001, 1.0]",0.6561000000000001,209.8724313984333,-9.872431398433292
3305,10010001,011,000,1,0,"[31.333333333333332, 48.46822130772747, 43.895747599451305]","[0.7290000000000001, 1.0, 1.0]",0.6561000000000001,209.8724313984333,-9.872431398433292
3306,10010001,101,000,1,0,"[48.46822130772747, 31.333333333333332, 43.895747599451305]","[1.0, 0.7290000000000001, 1.0]",0.6561000000000001,209.8724313984333,-9.872431398433292
3307,10011111,011,010,0,0,"[31.333333333333332, 42.888888888888886, 41.7283950617284]","[0.7290000000000001, 1.0, 1.0]",0.6561000000000001,209.88662899550462,-9.886628995504623
3308,11110011,101,100,0,0,"[42.888888888888886, 31.333333333333332, 41.7283950617284]","[1.0, 0.7290000000000001, 1.0]",0.6561000000000001,209.88662899550462,-9.886628995504623
3309,10111011,001,000,1,0,"[34.888888888888886, 33.33333333333333, 41.7283950617284]","[0.81, 0.81, 1.0]",0.5904900000000002,209.91145876128397,-9.911458761283967
3310,11010111,001,000,1,0,"[33.33333333333333, 34.888888888888886, 41.7283950617284]","[0.81, 0.81, 1.0]",0.5904900000000002,209.91145876128397,-9.911458761283967
3311,10011111,001,000,1,0,"[31.333333333333332, 36.888888888888886, 41.7283950617284]","[0.7290000000000001, 0.9, 1.0]",0.5904900000000002,209.911458761284,-9.911458761283995
3312,11110011,001,000,1,0,"[36.888888888888886, 31.333333333333332, 41.7283950617284]","[0.9, 0.7290000000000001, 1.0]",0.5904900000000002,209.911458761284,-9.911458761283995
3313,00110011,011,000,1,0,"[33.55555555555556, 48.46822130772747, 41.7283950617284]","[0.7290000000000001, 1.0, 1.0]",0.6561000000000001,209.9560614616848,-9.956061461684811
3314,10000111,101,000,1,0,"[48.46822130772747, 33.55555555555556, 41.7283950617284]","[1.0, 0.7290000000000001, 1.0]",0.6561000000000001,209.9560614616848,-9.956061461684811
3315,00111111,011,011,0,0,"[33.55555555555556, 42.888888888888886, 39.55555555555556]","[0.7290000000000001, 1.0, 1.0]",0.6561000000000001,209.961896052431,-9.961896052431001
3316,11100111,101,101,0,0,"[42.888888888888886, 33.55555555555556, 39.55555555555556]","[1.0, 0.7290000000000001, 1.0]",0.6561000000000001,209.961896052431,-9.961896052431001
3317,00111111,001,001,1,0,"[33.55555555555556, 36.888888888888886, 39.55555555555556]","[0.7290000000000001, 0.9, 1.0]",0.5904900000000002,209.9950888245355,-9.995088824535486
3318,00111111,010,010,1,0,"[33.55555555555556, 42.888888888888886, 33.55555555555556]","[0.7290000000000001, 1.0, 0.9]",0.5904900000000002,209.9950888245355,-9.995088824535486
3319,01110111,001,001,1,0,"[35.55555555555556, 34.888888888888886, 39.55555555555556]","[0.81, 0.81, 1.0]",0.5904900000000002,209.9950888245355,-9.995088824535486
3320,01111101,010,010,1,0,"[35.55555555555556, 42.888888888888886, 31.555555555555557]","[0.81, 1.0, 0.81]",0.5904900000000002,209.9950888245355,-9.995088824535486
3321,10101111,001,001,1,0,"[34.888888888888886, 35.55555555555556, 39.55555555555556]","[0.81, 0.81, 1.0]",0.5904900000000002,209.9950888245355,-9.995088824535486
3322,11100111,001,001,1,0,"[36.888888888888886, 33.55555555555556, 39.55555555555556]","[0.9, 0.7290000000000001, 1.0]",0.5904900000000002,209.9950888245355,-9.995088824535486
3323,11100111,100,100,1,0,"[42.888888888888886, 33.55555555555556, 33.55555555555556]","[1.0, 0.7290000000000001, 0.9]",0.5904900000000002,209.9950888245355,-9.995088824535486
3324,11101101,100,100,1,0,"[42.888888888888886, 35.55555555555556, 31.555555555555557]","[1.0, 0.81, 0.81]",0.5904900000000002,209.9950888245355,-9.995088824535486
3325,01010100,011,000,1,0,"[32.0, 48.01097393689986, 43.8957475994513]","[0.7290000000000001, 1.0, 1.0]",0.6561000000000001,210.19161947317653,-10.19161947317653
3326,10101000,101,000,1,0,"[48.01097393689986, 32.0, 43.8957475994513]","[1.0, 0.7290000000000001, 1.0]",0.6561000000000001,210.19161947317653,-10.19161947317653
3327,01010101,011,000,1,0,"[32.0, 48.01097393689986, 43.895747599451305]","[0.7290000000000001, 1.0, 1.0]",0.6561000000000001,210.19161947317656,-10.191619473176559
3328,10101001,101,000,1,0,"[48.01097393689986, 32.0, 43.895747599451305]","[1.0, 0.7290000000000001, 1.0]",0.6561000000000001,210.19161947317656,-10.191619473176559
3329,10011110,011,010,0,0,"[31.333333333333332, 42.888888888888886, 41.9753086419753]","[0.7290000000000001, 1.0, 1.0]",0.6561000000000001,210.2629642801364,-10.262964280136401
3330,11110010,101,100,0,0,"[42.888888888888886, 31.333333333333332, 41.9753086419753]","[1.0, 0.7290000000000001, 1.0]",0.6561000000000001,210.2629642801364,-10.262964280136401
3331,10011110,001,000,1,0,"[31.333333333333332, 36.888888888888886, 41.9753086419753]","[0.7290000000000001, 0.9, 1.0]",0.5904900000000002,210.3296090775415,-10.329609077541505
3332,10111010,001,000,1,0,"[34.888888888888886, 33.33333333333333, 41.9753086419753]","[0.81, 0.81, 1.0]",0.5904900000000002,210.3296090775415,-10.329609077541505
3333,11010110,001,000,1,0,"[33.33333333333333, 34.888888888888886, 41.9753086419753]","[0.81, 0.81, 1.0]",0.5904900000000002,210.3296090775415,-10.329609077541505
3334,11110010,001,000,1,0,"[36.888888888888886, 31.333333333333332, 41.9753086419753]","[0.9, 0.7290000000000001, 1.0]",0.5904900000000002,210.3296090775415,-10.329609077541505
3335,00110010,011,000,1,0,"[33.55555555555556, 48.46822130772747, 41.9753086419753]","[0.7290000000000001, 1.0, 1.0]",0.6561000000000001,210.3323967463166,-10.33239674631659
3336,10000110,101,000,1,0,"[48.46822130772747, 33.55555555555556, 41.9753086419753]","[1.0, 0.7290000000000001, 1.0]",0.6561000000000001,210.3323967463166,-10.33239674631659
3337,10110100,110,000,1,0,"[48.01097393689986, 48.01097393689986, 28.0]","[1.0, 1.0, 0.7290000000000001]",0.6561000000000001,210.3672426060047,-10.367242606004709
3338,01011011,100,000,0,0,"[49.38271604938271, 33.33333333333333, 33.55555555555556]","[1.0, 0.81, 0.9]",0.6561000000000001,210.37586486552593,-10.375864865525926
3339,01011110,100,000,0,0,"[49.38271604938271, 36.888888888888886, 30.0]","[1.0, 0.9, 0.81]",0.6561000000000001,210.37586486552593,-10.375864865525926
3340,11001011,010,000,0,0,"[33.33333333333333, 49.38271604938271, 33.55555555555556]","[0.81, 1.0, 0.9]",0.6561000000000001,210.37586486552593,-10.375864865525926
3341,11101010,010,000,0,0,"[36.888888888888886, 49.38271604938271, 30.0]","[0.9, 1.0, 0.81]",0.6561000000000001,210.37586486552593,-10.375864865525926
3342,01110000,101,000,1,0,"[48.83401920438958, 31.333333333333332, 43.8957475994513]","[1.0, 0.7290000000000001, 1.0]",0.6561000000000001,210.42996515344336,-10.429965153443362
3343,01110001,101,000,1,0,"[48.83401920438958, 31.333333333333332, 43.895747599451305]","[1.0, 0.7290000000000001, 1.0]",0.6561000000000001,210.42996515344336,-10.429965153443362
3344,10001100,011,000,1,0,"[31.333333333333332, 48.83401920438958, 43.8957475994513]","[0.7290000000000001, 1.0, 1.0]",0.6561000000000001,210.42996515344336,-10.429965153443362
3345,10001101,011,000,1,0,"[31.333333333333332, 48.83401920438958, 43.895747599451305]","[0.7290000000000001, 1.0, 1.0]",0.6561000000000001,210.42996515344336,-10.429965153443362
3346,10011111,011,001,0,0,"[31.333333333333332, 45.432098765432094, 39.55555555555556]","[0.7290000000000001, 1.0, 1.0]",0.6561000000000001,210.4511319224523,-10.451131922452305
3347,11110011,101,001,0,0,"[45.432098765432094, 31.333333333333332, 39.55555555555556]","[1.0, 0.7290000000000001, 1.0]",0.6561000000000001,210.4511319224523,-10.451131922452305
3348,11111100,110,010,0,0,"[45.432098765432094, 42.888888888888886, 28.0]","[1.0, 1.0, 0.7290000000000001]",0.6561000000000001,210.4511319224523,-10.451131922452305
3349,11111100,110,100,0,0,"[42.888888888888886, 45.432098765432094, 28.0]","[1.0, 1.0, 0.7290000000000001]",0.6561000000000001,210.4511319224523,-10.451131922452305
3350,00100101,110,000,0,0,"[51.51653711324493, 51.51653711324493, 31.555555555555557]","[1.0, 1.0, 0.81]",0.7290000000000001,210.46451273257256,-10.464512732572558
3351,01111100,001,000,0,0,"[35.55555555555556, 36.888888888888886, 43.8957475994513]","[0.81, 0.9, 1.0]",0.6561000000000001,210.48040244459034,-10.48040244459034
3352,01111101,001,000,0,0,"[35.55555555555556, 36.888888888888886, 43.895747599451305]","[0.81, 0.9, 1.0]",0.6561000000000001,210.48040244459034,-10.48040244459034
3353,11101100,001,000,0,0,"[36.888888888888886, 35.55555555555556, 43.8957475994513]","[0.9, 0.81, 1.0]",0.6561000000000001,210.48040244459034,-10.48040244459034
3354,11101101,001,000,0,0,"[36.888888888888886, 35.55555555555556, 43.895747599451305]","[0.9, 0.81, 1.0]",0.6561000000000001,210.48040244459034,-10.48040244459034
3355,00101111,011,000,1,0,"[33.55555555555556, 48.83401920438958, 41.7283950617284]","[0.7290000000000001, 1.0, 1.0]",0.6561000000000001,210.51359521669488,-10.513595216694881
3356,01100111,101,000,1,0,"[48.83401920438958, 33.55555555555556, 41.7283950617284]","[1.0, 0.7290000000000001, 1.0]",0.6561000000000001,210.51359521669488,-10.513595216694881
3357,10011111,010,000,1,0,"[31.333333333333332, 45.432098765432094, 33.55555555555556]","[0.7290000000000001, 1.0, 0.9]",0.5904900000000002,210.5386842356703,-10.538684235670303
3358,10111110,010,000,1,0,"[34.888888888888886, 45.432098765432094, 30.0]","[0.81, 1.0, 0.81]",0.5904900000000002,210.5386842356703,-10.538684235670303
3359,11011101,010,000,1,0,"[33.33333333333333, 45.432098765432094, 31.555555555555557]","[0.81, 1.0, 0.81]",0.5904900000000002,210.5386842356703,-10.538684235670303
3360,11110011,100,000,1,0,"[45.432098765432094, 31.333333333333332, 33.55555555555556]","[1.0, 0.7290000000000001, 0.9]",0.5904900000000002,210.5386842356703,-10.538684235670303
3361,11110110,100,000,1,0,"[45.432098765432094, 34.888888888888886, 30.0]","[1.0, 0.81, 0.81]",0.5904900000000002,210.5386842356703,-10.538684235670303
3362,11111001,100,000,1,0,"[45.432098765432094, 33.33333333333333, 31.555555555555557]","[1.0, 0.81, 0.81]",0.5904900000000002,210.5386842356703,-10.538684235670303
3363,11111100,010,000,1,0,"[36.888888888888886, 45.432098765432094, 28.0]","[0.9, 1.0, 0.7290000000000001]",0.5904900000000002,210.5386842356703,-10.538684235670303
3364,11111100,100,000,1,0,"[45.432098765432094, 36.888888888888886, 28.0]","[1.0, 0.9, 0.7290000000000001]",0.5904900000000002,210.5386842356703,-10.538684235670303
3365,10110111,010,000,0,0,"[34.888888888888886, 48.01097393689986, 33.55555555555556]","[0.81, 1.0, 0.9]",0.6561000000000001,210.65602557741846,-10.656025577418461
3366,10110111,100,000,0,0,"[48.01097393689986, 34.888888888888886, 33.55555555555556]","[1.0, 0.81, 0.9]",0.6561000000000001,210.65602557741846,-10.656025577418461
3367,10111101,100,000,0,0,"[48.01097393689986, 36.888888888888886, 31.555555555555557]","[1.0, 0.9, 0.81]",0.6561000000000001,210.65602557741846,-10.656025577418461
3368,11110101,010,000,0,0,"[36.888888888888886, 48.01097393689986, 31.555555555555557]","[0.9, 1.0, 0.81]",0.6561000000000001,210.65602557741846,-10.656025577418461
3369,00000101,110,000,0,0,"[51.821368693796664, 51.51653711324493, 31.555555555555557]","[1.0, 1.0, 0.81]",0.7290000000000001,210.8826630488301,-10.882663048830096
3370,00100001,110,000,0,0,"[51.51653711324493, 51.821368693796664, 31.555555555555557]","[1.0, 1.0, 0.81]",0.7290000000000001,210.8826630488301,-10.882663048830096
3371,01010000,011,000,1,0,"[32.0, 48.46822130772747, 43.8957475994513]","[0.7290000000000001, 1.0, 1.0]",0.6561000000000001,210.88853666693907,-10.888536666939075
3372,10001000,101,000,1,0,"[48.46822130772747, 32.0, 43.8957475994513]","[1.0, 0.7290000000000001, 1.0]",0.6561000000000001,210.88853666693907,-10.888536666939075
3373,01010001,011,000,1,0,"[32.0, 48.46822130772747, 43.895747599451305]","[0.7290000000000001, 1.0, 1.0]",0.6561000000000001,210.88853666693913,-10.888536666939132
3374,10001001,101,000,1,0,"[48.46822130772747, 32.0, 43.895747599451305]","[1.0, 0.7290000000000001, 1.0]",0.6561000000000001,210.88853666693913,-10.888536666939132
3375,00101110,011,000,1,0,"[33.55555555555556, 48.83401920438958, 41.9753086419753]","[0.7290000000000001, 1.0, 1.0]",0.6561000000000001,210.88993050132666,-10.88993050132666
3376,01100110,101,000,1,0,"[48.83401920438958, 33.55555555555556, 41.9753086419753]","[1.0, 0.7290000000000001, 1.0]",0.6561000000000001,210.88993050132666,-10.88993050132666
3377,01011111,011,010,0,0,"[32.0, 42.888888888888886, 41.7283950617284]","[0.7290000000000001, 1.0, 1.0]",0.6561000000000001,210.90273426401046,-10.902734264010462
3378,11101011,101,100,0,0,"[42.888888888888886, 32.0, 41.7283950617284]","[1.0, 0.7290000000000001, 1.0]",0.6561000000000001,210.90273426401046,-10.902734264010462
3379,11011000,001,000,1,0,"[33.33333333333333, 33.33333333333333, 43.8957475994513]","[0.81, 0.81, 1.0]",0.5904900000000002,210.94754232267763,-10.947542322677634
3380,11011001,001,000,1,0,"[33.33333333333333, 33.33333333333333, 43.895747599451305]","[0.81, 0.81, 1.0]",0.5904900000000002,210.94754232267766,-10.947542322677663
3381,01011111,001,000,1,0,"[32.0, 36.888888888888886, 41.7283950617284]","[0.7290000000000001, 0.9, 1.0]",0.5904900000000002,211.04046461517936,-11.04046461517936
3382,01111011,001,000,1,0,"[35.55555555555556, 33.33333333333333, 41.7283950617284]","[0.81, 0.81, 1.0]",0.5904900000000002,211.04046461517936,-11.04046461517936
3383,11001111,001,000,1,0,"[33.33333333333333, 35.55555555555556, 41.7283950617284]","[0.81, 0.81, 1.0]",0.5904900000000002,211.04046461517936,-11.04046461517936
3384,11101011,001,000,1,0,"[36.888888888888886, 32.0, 41.7283950617284]","[0.9, 0.7290000000000001, 1.0]",0.5904900000000002,211.04046461517936,-11.04046461517936
3385,10010100,110,000,1,0,"[48.46822130772747, 48.01097393689986, 28.0]","[1.0, 1.0, 0.7290000000000001]",0.6561000000000001,211.06415979976728,-11.064159799767282
3386,10110000,110,000,1,0,"[48.01097393689986, 48.46822130772747, 28.0]","[1.0, 1.0, 0.7290000000000001]",0.6561000000000001,211.06415979976728,-11.064159799767282
3387,01101111,001,001,1,0,"[35.55555555555556, 35.55555555555556, 39.55555555555556]","[0.81, 0.81, 1.0]",0.5904900000000002,211.12409467843085,-11.12409467843085
3388,00110011,101,000,1,0,"[51.51653711324493, 31.333333333333332, 41.7283950617284]","[1.0, 0.7290000000000001, 1.0]",0.6561000000000001,211.2151585250825,-11.2151585250825
3389,10000111,011,000,1,0,"[31.333333333333332, 51.51653711324493, 41.7283950617284]","[0.7290000000000001, 1.0, 1.0]",0.6561000000000001,211.2151585250825,-11.2151585250825
3390,01010000,101,000,1,0,"[49.38271604938271, 31.333333333333332, 43.8957475994513]","[1.0, 0.7290000000000001, 1.0]",0.6561000000000001,211.2662657859584,-11.26626578595841
3391,01010001,101,000,1,0,"[49.38271604938271, 31.333333333333332, 43.895747599451305]","[1.0, 0.7290000000000001, 1.0]",0.6561000000000001,211.2662657859584,-11.26626578595841
3392,10001000,011,000,1,0,"[31.333333333333332, 49.38271604938271, 43.8957475994513]","[0.7290000000000001, 1.0, 1.0]",0.6561000000000001,211.2662657859584,-11.26626578595841
3393,10001001,011,000,1,0,"[31.333333333333332, 49.38271604938271, 43.895747599451305]","[0.7290000000000001, 1.0, 1.0]",0.6561000000000001,211.2662657859584,-11.26626578595841
3394,01011110,011,010,0,0,"[32.0, 42.888888888888886, 41.9753086419753]","[0.7290000000000001, 1.0, 1.0]",0.6561000000000001,211.2790695486422,-11.279069548642212
3395,11101010,101,100,0,0,"[42.888888888888886, 32.0, 41.9753086419753]","[1.0, 0.7290000000000001, 1.0]",0.6561000000000001,211.2790695486422,-11.279069548642212
3396,00100111,011,001,1,0,"[33.55555555555556, 51.51653711324493, 39.55555555555556]","[0.7290000000000001, 1.0, 1.0]",0.6561000000000001,211.29042558200888,-11.29042558200888
3397,00100111,101,001,1,0,"[51.51653711324493, 33.55555555555556, 39.55555555555556]","[1.0, 0.7290000000000001, 1.0]",0.6561000000000001,211.29042558200888,-11.29042558200888
3398,00000001,110,000,0,0,"[51.821368693796664, 51.821368693796664, 31.555555555555557]","[1.0, 1.0, 0.81]",0.7290000000000001,211.3008133650876,-11.300813365087606
3399,00101011,011,000,1,0,"[33.55555555555556, 49.38271604938271, 41.7283950617284]","[0.7290000000000001, 1.0, 1.0]",0.6561000000000001,211.34989584920993,-11.349895849209929
3400,01000111,101,000,1,0,"[49.38271604938271, 33.55555555555556, 41.7283950617284]","[1.0, 0.7290000000000001, 1.0]",0.6561000000000001,211.34989584920993,-11.349895849209929
3401,10010111,100,000,0,0,"[48.46822130772747, 34.888888888888886, 33.55555555555556]","[1.0, 0.81, 0.9]",0.6561000000000001,211.35294277118103,-11.352942771181034
3402,10011101,100,000,0,0,"[48.46822130772747, 36.888888888888886, 31.555555555555557]","[1.0, 0.9, 0.81]",0.6561000000000001,211.35294277118103,-11.352942771181034
3403,10110011,010,000,0,0,"[34.888888888888886, 48.46822130772747, 33.55555555555556]","[0.81, 1.0, 0.9]",0.6561000000000001,211.35294277118103,-11.352942771181034
3404,11110001,010,000,0,0,"[36.888888888888886, 48.46822130772747, 31.555555555555557]","[0.9, 1.0, 0.81]",0.6561000000000001,211.35294277118103,-11.352942771181034
3405,01001100,011,000,1,0,"[32.0, 48.83401920438958, 43.8957475994513]","[0.7290000000000001, 1.0, 1.0]",0.6561000000000001,211.44607042194917,-11.446070421949173
3406,01001101,011,000,1,0,"[32.0, 48.83401920438958, 43.895747599451305]","[0.7290000000000001, 1.0, 1.0]",0.6561000000000001,211.44607042194917,-11.446070421949173
3407,01101000,101,000,1,0,"[48.83401920438958, 32.0, 43.8957475994513]","[1.0, 0.7290000000000001, 1.0]",0.6561000000000001,211.44607042194917,-11.446070421949173
3408,01101001,101,000,1,0,"[48.83401920438958, 32.0, 43.895747599451305]","[1.0, 0.7290000000000001, 1.0]",0.6561000000000001,211.44607042194917,-11.446070421949173
3409,10011011,011,001,0,0,"[31.333333333333332, 46.09053497942386, 39.55555555555556]","[0.7290000000000001, 1.0, 1.0]",0.6561000000000001,211.4546926814704,-11.45469268147039
3410,11010011,101,001,0,0,"[46.09053497942386, 31.333333333333332, 39.55555555555556]","[1.0, 0.7290000000000001, 1.0]",0.6561000000000001,211.4546926814704,-11.45469268147039
3411,11011100,110,010,0,0,"[46.09053497942386, 42.888888888888886, 28.0]","[1.0, 1.0, 0.7290000000000001]",0.6561000000000001,211.4546926814704,-11.45469268147039
3412,11111000,110,100,0,0,"[42.888888888888886, 46.09053497942386, 28.0]","[1.0, 1.0, 0.7290000000000001]",0.6561000000000001,211.4546926814704,-11.45469268147039
3413,01011110,001,000,1,0,"[32.0, 36.888888888888886, 41.9753086419753]","[0.7290000000000001, 0.9, 1.0]",0.5904900000000002,211.45861493143687,-11.45861493143687
3414,01111010,001,000,1,0,"[35.55555555555556, 33.33333333333333, 41.9753086419753]","[0.81, 0.81, 1.0]",0.5904900000000002,211.45861493143687,-11.45861493143687
3415,11001110,001,000,1,0,"[33.33333333333333, 35.55555555555556, 41.9753086419753]","[0.81, 0.81, 1.0]",0.5904900000000002,211.45861493143687,-11.45861493143687
3416,11101010,001,000,1,0,"[36.888888888888886, 32.0, 41.9753086419753]","[0.9, 0.7290000000000001, 1.0]",0.5904900000000002,211.45861493143687,-11.45861493143687
3417,01011111,011,001,0,0,"[32.0, 45.432098765432094, 39.55555555555556]","[0.7290000000000001, 1.0, 1.0]",0.6561000000000001,211.46723719095812,-11.467237190958116
3418,11101011,101,001,0,0,"[45.432098765432094, 32.0, 39.55555555555556]","[1.0, 0.7290000000000001, 1.0]",0.6561000000000001,211.46723719095812,-11.467237190958116
3419,00110010,101,000,1,0,"[51.51653711324493, 31.333333333333332, 41.9753086419753]","[1.0, 0.7290000000000001, 1.0]",0.6561000000000001,211.59149380971428,-11.59149380971428
3420,10000110,011,000,1,0,"[31.333333333333332, 51.51653711324493, 41.9753086419753]","[0.7290000000000001, 1.0, 1.0]",0.6561000000000001,211.59149380971428,-11.59149380971428
3421,01110100,110,000,1,0,"[48.83401920438958, 48.01097393689986, 28.0]","[1.0, 1.0, 0.7290000000000001]",0.6561000000000001,211.62169355477732,-11.621693554777323
3422,10101100,110,000,1,0,"[48.01097393689986, 48.83401920438958, 28.0]","[1.0, 1.0, 0.7290000000000001]",0.6561000000000001,211.62169355477732,-11.621693554777323
3423,10011011,010,000,1,0,"[31.333333333333332, 46.09053497942386, 33.55555555555556]","[0.7290000000000001, 1.0, 0.9]",0.5904900000000002,211.65375174569039,-11.653751745690386
3424,10111010,010,000,1,0,"[34.888888888888886, 46.09053497942386, 30.0]","[0.81, 1.0, 0.81]",0.5904900000000002,211.65375174569039,-11.653751745690386
3425,11010011,100,000,1,0,"[46.09053497942386, 31.333333333333332, 33.55555555555556]","[1.0, 0.7290000000000001, 0.9]",0.5904900000000002,211.65375174569039,-11.653751745690386
3426,11010110,100,000,1,0,"[46.09053497942386, 34.888888888888886, 30.0]","[1.0, 0.81, 0.81]",0.5904900000000002,211.65375174569039,-11.653751745690386
3427,11011001,010,000,1,0,"[33.33333333333333, 46.09053497942386, 31.555555555555557]","[0.81, 1.0, 0.81]",0.5904900000000002,211.65375174569039,-11.653751745690386
3428,11011001,100,000,1,0,"[46.09053497942386, 33.33333333333333, 31.555555555555557]","[1.0, 0.81, 0.81]",0.5904900000000002,211.65375174569039,-11.653751745690386
3429,11011100,100,000,1,0,"[46.09053497942386, 36.888888888888886, 28.0]","[1.0, 0.9, 0.7290000000000001]",0.5904900000000002,211.65375174569039,-11.653751745690386
3430,11111000,010,000,1,0,"[36.888888888888886, 46.09053497942386, 28.0]","[0.9, 1.0, 0.7290000000000001]",0.5904900000000002,211.65375174569039,-11.653751745690386
3431,01011111,010,000,1,0,"[32.0, 45.432098765432094, 33.55555555555556]","[0.7290000000000001, 1.0, 0.9]",0.5904900000000002,211.66769008956564,-11.667690089565639
3432,01111110,010,000,1,0,"[35.55555555555556, 45.432098765432094, 30.0]","[0.81, 1.0, 0.81]",0.5904900000000002,211.66769008956564,-11.667690089565639
3433,11101011,100,000,1,0,"[45.432098765432094, 32.0, 33.55555555555556]","[1.0, 0.7290000000000001, 0.9]",0.5904900000000002,211.66769008956564,-11.667690089565639
3434,11101110,100,000,1,0,"[45.432098765432094, 35.55555555555556, 30.0]","[1.0, 0.81, 0.81]",0.5904900000000002,211.66769008956564,-11.667690089565639
3435,01110111,010,000,0,0,"[35.55555555555556, 48.01097393689986, 33.55555555555556]","[0.81, 1.0, 0.9]",0.6561000000000001,211.67213084592433,-11.672130845924329
3436,10101111,100,000,0,0,"[48.01097393689986, 35.55555555555556, 33.55555555555556]","[1.0, 0.81, 0.9]",0.6561000000000001,211.67213084592433,-11.672130845924329
3437,00010011,101,000,1,0,"[51.821368693796664, 31.333333333333332, 41.7283950617284]","[1.0, 0.7290000000000001, 1.0]",0.6561000000000001,211.67976998759087,-11.679769987590873
3438,10000011,011,000,1,0,"[31.333333333333332, 51.821368693796664, 41.7283950617284]","[0.7290000000000001, 1.0, 1.0]",0.6561000000000001,211.67976998759087,-11.679769987590873
3439,00101010,011,000,1,0,"[33.55555555555556, 49.38271604938271, 41.9753086419753]","[0.7290000000000001, 1.0, 1.0]",0.6561000000000001,211.7262311338417,-11.726231133841708
3440,01000110,101,000,1,0,"[49.38271604938271, 33.55555555555556, 41.9753086419753]","[1.0, 0.7290000000000001, 1.0]",0.6561000000000001,211.7262311338417,-11.726231133841708
3441,00000111,101,001,1,0,"[51.821368693796664, 33.55555555555556, 39.55555555555556]","[1.0, 0.7290000000000001, 1.0]",0.6561000000000001,211.75503704451722,-11.755037044517223
3442,00100011,011,001,1,0,"[33.55555555555556, 51.821368693796664, 39.55555555555556]","[0.7290000000000001, 1.0, 1.0]",0.6561000000000001,211.75503704451722,-11.755037044517223
3443,10010000,110,000,1,0,"[48.46822130772747, 48.46822130772747, 28.0]","[1.0, 1.0, 0.7290000000000001]",0.6561000000000001,211.76107699352983,-11.761076993529826
3444,00111100,110,000,1,0,"[51.51653711324493, 45.432098765432094, 28.0]","[1.0, 1.0, 0.7290000000000001]",0.6561000000000001,211.77966145203015,-11.779661452030155
3445,11100100,110,000,1,0,"[45.432098765432094, 51.51653711324493, 28.0]","[1.0, 1.0, 0.7290000000000001]",0.6561000000000001,211.77966145203015,-11.779661452030155
3446,01110111,100,000,0,0,"[48.83401920438958, 34.888888888888886, 33.55555555555556]","[1.0, 0.81, 0.9]",0.6561000000000001,211.91047652619113,-11.910476526191133
3447,01111101,100,000,0,0,"[48.83401920438958, 36.888888888888886, 31.555555555555557]","[1.0, 0.9, 0.81]",0.6561000000000001,211.91047652619113,-11.910476526191133
3448,10101111,010,000,0,0,"[34.888888888888886, 48.83401920438958, 33.55555555555556]","[0.81, 1.0, 0.9]",0.6561000000000001,211.91047652619113,-11.910476526191133
3449,11101101,010,000,0,0,"[36.888888888888886, 48.83401920438958, 31.555555555555557]","[0.9, 1.0, 0.81]",0.6561000000000001,211.91047652619113,-11.910476526191133
3450,00010010,101,000,1,0,"[51.821368693796664, 31.333333333333332, 41.9753086419753]","[1.0, 0.7290000000000001, 1.0]",0.6561000000000001,212.05610527222265,-12.056105272222652
3451,10000010,011,000,1,0,"[31.333333333333332, 51.821368693796664, 41.9753086419753]","[0.7290000000000001, 1.0, 1.0]",0.6561000000000001,212.05610527222265,-12.056105272222652
3452,00101011,101,000,1,0,"[51.51653711324493, 32.0, 41.7283950617284]","[1.0, 0.7290000000000001, 1.0]",0.6561000000000001,212.2312637935883,-12.231263793588312
3453,01000111,011,000,1,0,"[32.0, 51.51653711324493, 41.7283950617284]","[0.7290000000000001, 1.0, 1.0]",0.6561000000000001,212.2312637935883,-12.231263793588312
3454,00011100,110,000,1,0,"[51.821368693796664, 45.432098765432094, 28.0]","[1.0, 1.0, 0.7290000000000001]",0.6561000000000001,212.24427291453856,-12.244272914538556
3455,11100000,110,000,1,0,"[45.432098765432094, 51.821368693796664, 28.0]","[1.0, 1.0, 0.7290000000000001]",0.6561000000000001,212.24427291453856,-12.244272914538556
3456,10111010,100,000,1,0,"[48.01097393689986, 33.33333333333333, 30.0]","[1.0, 0.81, 0.81]",0.5904900000000002,212.27168499082651,-12.271684990826515
3457,11010110,010,000,1,0,"[33.33333333333333, 48.01097393689986, 30.0]","[0.81, 1.0, 0.81]",0.5904900000000002,212.27168499082651,-12.271684990826515
3458,01001000,011,000,1,0,"[32.0, 49.38271604938271, 43.8957475994513]","[0.7290000000000001, 1.0, 1.0]",0.6561000000000001,212.28237105446425,-12.28237105446425
3459,01001000,101,000,1,0,"[49.38271604938271, 32.0, 43.8957475994513]","[1.0, 0.7290000000000001, 1.0]",0.6561000000000001,212.28237105446425,-12.28237105446425
3460,01001001,011,000,1,0,"[32.0, 49.38271604938271, 43.895747599451305]","[0.7290000000000001, 1.0, 1.0]",0.6561000000000001,212.28237105446425,-12.28237105446425
3461,01001001,101,000,1,0,"[49.38271604938271, 32.0, 43.895747599451305]","[1.0, 0.7290000000000001, 1.0]",0.6561000000000001,212.28237105446425,-12.28237105446425
3462,01110000,110,000,1,0,"[48.83401920438958, 48.46822130772747, 28.0]","[1.0, 1.0, 0.7290000000000001]",0.6561000000000001,212.31861074853987,-12.318610748539868
3463,10001100,110,000,1,0,"[48.46822130772747, 48.83401920438958, 28.0]","[1.0, 1.0, 0.7290000000000001]",0.6561000000000001,212.31861074853987,-12.318610748539868
3464,01110011,010,000,0,0,"[35.55555555555556, 48.46822130772747, 33.55555555555556]","[0.81, 1.0, 0.9]",0.6561000000000001,212.36904803968687,-12.369048039686874
3465,10001111,100,000,0,0,"[48.46822130772747, 35.55555555555556, 33.55555555555556]","[1.0, 0.81, 0.9]",0.6561000000000001,212.36904803968687,-12.369048039686874
3466,01010100,110,000,1,0,"[49.38271604938271, 48.01097393689986, 28.0]","[1.0, 1.0, 0.7290000000000001]",0.6561000000000001,212.4579941872924,-12.4579941872924
3467,10101000,110,000,1,0,"[48.01097393689986, 49.38271604938271, 28.0]","[1.0, 1.0, 0.7290000000000001]",0.6561000000000001,212.4579941872924,-12.4579941872924
3468,01011011,011,001,0,0,"[32.0, 46.09053497942386, 39.55555555555556]","[0.7290000000000001, 1.0, 1.0]",0.6561000000000001,212.4707979499762,-12.470797949976202
3469,11001011,101,001,0,0,"[46.09053497942386, 32.0, 39.55555555555556]","[1.0, 0.7290000000000001, 1.0]",0.6561000000000001,212.4707979499762,-12.470797949976202
3470,10110111,001,000,1,0,"[34.888888888888886, 34.888888888888886, 41.7283950617284]","[0.81, 0.81, 1.0]",0.5904900000000002,212.54580575370647,-12.545805753706475
3471,00110100,011,000,1,0,"[33.55555555555556, 48.01097393689986, 43.8957475994513]","[0.7290000000000001, 1.0, 1.0]",0.6561000000000001,212.56253176635678,-12.562531766356784
3472,00110101,011,000,1,0,"[33.55555555555556, 48.01097393689986, 43.895747599451305]","[0.7290000000000001, 1.0, 1.0]",0.6561000000000001,212.56253176635678,-12.562531766356784
3473,10100100,101,000,1,0,"[48.01097393689986, 33.55555555555556, 43.8957475994513]","[1.0, 0.7290000000000001, 1.0]",0.6561000000000001,212.56253176635678,-12.562531766356784
3474,10100101,101,000,1,0,"[48.01097393689986, 33.55555555555556, 43.895747599451305]","[1.0, 0.7290000000000001, 1.0]",0.6561000000000001,212.56253176635678,-12.562531766356784
3475,00101010,101,000,1,0,"[51.51653711324493, 32.0, 41.9753086419753]","[1.0, 0.7290000000000001, 1.0]",0.6561000000000001,212.6075990782201,-12.60759907822009
3476,01000110,011,000,1,0,"[32.0, 51.51653711324493, 41.9753086419753]","[0.7290000000000001, 1.0, 1.0]",0.6561000000000001,212.6075990782201,-12.60759907822009
3477,00001011,101,000,1,0,"[51.821368693796664, 32.0, 41.7283950617284]","[1.0, 0.7290000000000001, 1.0]",0.6561000000000001,212.6958752560967,-12.695875256096713
3478,01000011,011,000,1,0,"[32.0, 51.821368693796664, 41.7283950617284]","[0.7290000000000001, 1.0, 1.0]",0.6561000000000001,212.6958752560967,-12.695875256096713
3479,01010111,100,000,0,0,"[49.38271604938271, 34.888888888888886, 33.55555555555556]","[1.0, 0.81, 0.9]",0.6561000000000001,212.74677715870615,-12.746777158706152
3480,01011101,100,000,0,0,"[49.38271604938271, 36.888888888888886, 31.555555555555557]","[1.0, 0.9, 0.81]",0.6561000000000001,212.74677715870615,-12.746777158706152
3481,10101011,010,000,0,0,"[34.888888888888886, 49.38271604938271, 33.55555555555556]","[0.81, 1.0, 0.9]",0.6561000000000001,212.74677715870615,-12.746777158706152
3482,11101001,010,000,0,0,"[36.888888888888886, 49.38271604938271, 31.555555555555557]","[0.9, 1.0, 0.81]",0.6561000000000001,212.74677715870615,-12.746777158706152
3483,01011011,010,000,1,0,"[32.0, 46.09053497942386, 33.55555555555556]","[0.7290000000000001, 1.0, 0.9]",0.5904900000000002,212.78275759958572,-12.782757599585722
3484,01111010,010,000,1,0,"[35.55555555555556, 46.09053497942386, 30.0]","[0.81, 1.0, 0.81]",0.5904900000000002,212.78275759958572,-12.782757599585722
3485,11001011,100,000,1,0,"[46.09053497942386, 32.0, 33.55555555555556]","[1.0, 0.7290000000000001, 0.9]",0.5904900000000002,212.78275759958572,-12.782757599585722
3486,11001110,100,000,1,0,"[46.09053497942386, 35.55555555555556, 30.0]","[1.0, 0.81, 0.81]",0.5904900000000002,212.78275759958572,-12.782757599585722
3487,00111000,110,000,1,0,"[51.51653711324493, 46.09053497942386, 28.0]","[1.0, 1.0, 0.7290000000000001]",0.6561000000000001,212.78322221104824,-12.78322221104824
3488,11000100,110,000,1,0,"[46.09053497942386, 51.51653711324493, 28.0]","[1.0, 1.0, 0.7290000000000001]",0.6561000000000001,212.78322221104824,-12.78322221104824
3489,01101100,110,000,1,0,"[48.83401920438958, 48.83401920438958, 28.0]","[1.0, 1.0, 0.7290000000000001]",0.6561000000000001,212.87614450354997,-12.876144503549966
3490,01101111,010,000,0,0,"[35.55555555555556, 48.83401920438958, 33.55555555555556]","[0.81, 1.0, 0.9]",0.6561000000000001,212.92658179469692,-12.926581794696915
3491,01101111,100,000,0,0,"[48.83401920438958, 35.55555555555556, 33.55555555555556]","[1.0, 0.81, 0.9]",0.6561000000000001,212.92658179469692,-12.926581794696915
3492,10110110,001,000,1,0,"[34.888888888888886, 34.888888888888886, 41.9753086419753]","[0.81, 0.81, 1.0]",0.5904900000000002,212.96395606996398,-12.963956069963984
3493,10011010,100,000,1,0,"[48.46822130772747, 33.33333333333333, 30.0]","[1.0, 0.81, 0.81]",0.5904900000000002,213.04603742834044,-13.04603742834044
3494,11010010,010,000,1,0,"[33.33333333333333, 48.46822130772747, 30.0]","[0.81, 1.0, 0.81]",0.5904900000000002,213.04603742834044,-13.04603742834044
3495,00001010,101,000,1,0,"[51.821368693796664, 32.0, 41.9753086419753]","[1.0, 0.7290000000000001, 1.0]",0.6561000000000001,213.07221054072843,-13.072210540728435
3496,01000010,011,000,1,0,"[32.0, 51.821368693796664, 41.9753086419753]","[0.7290000000000001, 1.0, 1.0]",0.6561000000000001,213.07221054072843,-13.072210540728435
3497,01010000,110,000,1,0,"[49.38271604938271, 48.46822130772747, 28.0]","[1.0, 1.0, 0.7290000000000001]",0.6561000000000001,213.15491138105494,-13.154911381054944
3498,10001000,110,000,1,0,"[48.46822130772747, 49.38271604938271, 28.0]","[1.0, 1.0, 0.7290000000000001]",0.6561000000000001,213.15491138105494,-13.154911381054944
3499,10111101,010,000,1,0,"[34.888888888888886, 45.432098765432094, 31.555555555555557]","[0.81, 1.0, 0.81]",0.5904900000000002,213.17303122809275,-13.173031228092754
3500,11110101,100,000,1,0,"[45.432098765432094, 34.888888888888886, 31.555555555555557]","[1.0, 0.81, 0.81]",0.5904900000000002,213.17303122809275,-13.173031228092754
3501,10011100,011,010,0,0,"[31.333333333333332, 42.888888888888886, 43.8957475994513]","[0.7290000000000001, 1.0, 1.0]",0.6561000000000001,213.19001649393917,-13.190016493939169
3502,10011101,011,010,0,0,"[31.333333333333332, 42.888888888888886, 43.895747599451305]","[0.7290000000000001, 1.0, 1.0]",0.6561000000000001,213.19001649393917,-13.190016493939169
3503,11110000,101,100,0,0,"[42.888888888888886, 31.333333333333332, 43.8957475994513]","[1.0, 0.7290000000000001, 1.0]",0.6561000000000001,213.19001649393917,-13.190016493939169
3504,11110001,101,100,0,0,"[42.888888888888886, 31.333333333333332, 43.895747599451305]","[1.0, 0.7290000000000001, 1.0]",0.6561000000000001,213.19001649393917,-13.190016493939169
3505,00011000,110,000,1,0,"[51.821368693796664, 46.09053497942386, 28.0]","[1.0, 1.0, 0.7290000000000001]",0.6561000000000001,213.24783367355664,-13.247833673556642
3506,11000000,110,000,1,0,"[46.09053497942386, 51.821368693796664, 28.0]","[1.0, 1.0, 0.7290000000000001]",0.6561000000000001,213.24783367355664,-13.247833673556642
3507,00110000,011,000,1,0,"[33.55555555555556, 48.46822130772747, 43.8957475994513]","[0.7290000000000001, 1.0, 1.0]",0.6561000000000001,213.25944896011936,-13.259448960119357
3508,00110001,011,000,1,0,"[33.55555555555556, 48.46822130772747, 43.895747599451305]","[0.7290000000000001, 1.0, 1.0]",0.6561000000000001,213.25944896011936,-13.259448960119357
3509,10000100,101,000,1,0,"[48.46822130772747, 33.55555555555556, 43.8957475994513]","[1.0, 0.7290000000000001, 1.0]",0.6561000000000001,213.25944896011936,-13.259448960119357
3510,10000101,101,000,1,0,"[48.46822130772747, 33.55555555555556, 43.895747599451305]","[1.0, 0.7290000000000001, 1.0]",0.6561000000000001,213.25944896011936,-13.259448960119357
3511,00111111,011,010,0,0,"[33.55555555555556, 42.888888888888886, 41.7283950617284]","[0.7290000000000001, 1.0, 1.0]",0.6561000000000001,213.2736465571907,-13.273646557190688
3512,11100111,101,100,0,0,"[42.888888888888886, 33.55555555555556, 41.7283950617284]","[1.0, 0.7290000000000001, 1.0]",0.6561000000000001,213.2736465571907,-13.273646557190688
3513,10011100,001,000,1,0,"[31.333333333333332, 36.888888888888886, 43.8957475994513]","[0.7290000000000001, 0.9, 1.0]",0.5904900000000002,213.5818893151001,-13.581889315100113
3514,10111000,001,000,1,0,"[34.888888888888886, 33.33333333333333, 43.8957475994513]","[0.81, 0.81, 1.0]",0.5904900000000002,213.5818893151001,-13.581889315100113
3515,10111001,001,000,1,0,"[34.888888888888886, 33.33333333333333, 43.895747599451305]","[0.81, 0.81, 1.0]",0.5904900000000002,213.5818893151001,-13.581889315100113
3516,11010100,001,000,1,0,"[33.33333333333333, 34.888888888888886, 43.8957475994513]","[0.81, 0.81, 1.0]",0.5904900000000002,213.5818893151001,-13.581889315100113
3517,11010101,001,000,1,0,"[33.33333333333333, 34.888888888888886, 43.895747599451305]","[0.81, 0.81, 1.0]",0.5904900000000002,213.5818893151001,-13.581889315100113
3518,11110000,001,000,1,0,"[36.888888888888886, 31.333333333333332, 43.8957475994513]","[0.9, 0.7290000000000001, 1.0]",0.5904900000000002,213.5818893151001,-13.581889315100113
3519,10011101,001,000,1,0,"[31.333333333333332, 36.888888888888886, 43.895747599451305]","[0.7290000000000001, 0.9, 1.0]",0.5904900000000002,213.58188931510014,-13.581889315100142
3520,11110001,001,000,1,0,"[36.888888888888886, 31.333333333333332, 43.895747599451305]","[0.9, 0.7290000000000001, 1.0]",0.5904900000000002,213.58188931510014,-13.581889315100142
3521,00111011,100,000,0,0,"[51.51653711324493, 33.33333333333333, 33.55555555555556]","[1.0, 0.81, 0.9]",0.6561000000000001,213.6281451030846,-13.628145103084591
3522,00111110,100,000,0,0,"[51.51653711324493, 36.888888888888886, 30.0]","[1.0, 0.9, 0.81]",0.6561000000000001,213.6281451030846,-13.628145103084591
3523,11000111,010,000,0,0,"[33.33333333333333, 51.51653711324493, 33.55555555555556]","[0.81, 1.0, 0.9]",0.6561000000000001,213.6281451030846,-13.628145103084591
3524,11100110,010,000,0,0,"[36.888888888888886, 51.51653711324493, 30.0]","[0.9, 1.0, 0.81]",0.6561000000000001,213.6281451030846,-13.628145103084591
3525,00111110,011,010,0,0,"[33.55555555555556, 42.888888888888886, 41.9753086419753]","[0.7290000000000001, 1.0, 1.0]",0.6561000000000001,213.64998184182247,-13.649981841822466
3526,11100110,101,100,0,0,"[42.888888888888886, 33.55555555555556, 41.9753086419753]","[1.0, 0.7290000000000001, 1.0]",0.6561000000000001,213.64998184182247,-13.649981841822466
3527,01111010,100,000,1,0,"[48.83401920438958, 33.33333333333333, 30.0]","[1.0, 0.81, 0.81]",0.5904900000000002,213.66551937835166,-13.66551937835166
3528,11001110,010,000,1,0,"[33.33333333333333, 48.83401920438958, 30.0]","[0.81, 1.0, 0.81]",0.5904900000000002,213.66551937835166,-13.66551937835166
3529,00111111,001,000,1,0,"[33.55555555555556, 36.888888888888886, 41.7283950617284]","[0.7290000000000001, 0.9, 1.0]",0.5904900000000002,213.6748116076018,-13.67481160760181
3530,01110111,001,000,1,0,"[35.55555555555556, 34.888888888888886, 41.7283950617284]","[0.81, 0.81, 1.0]",0.5904900000000002,213.6748116076018,-13.67481160760181
3531,10101111,001,000,1,0,"[34.888888888888886, 35.55555555555556, 41.7283950617284]","[0.81, 0.81, 1.0]",0.5904900000000002,213.6748116076018,-13.67481160760181
3532,11100111,001,000,1,0,"[36.888888888888886, 33.55555555555556, 41.7283950617284]","[0.9, 0.7290000000000001, 1.0]",0.5904900000000002,213.6748116076018,-13.67481160760181
3533,01001100,110,000,1,0,"[49.38271604938271, 48.83401920438958, 28.0]","[1.0, 1.0, 0.7290000000000001]",0.6561000000000001,213.71244513606504,-13.712445136065043
3534,01101000,110,000,1,0,"[48.83401920438958, 49.38271604938271, 28.0]","[1.0, 1.0, 0.7290000000000001]",0.6561000000000001,213.71244513606504,-13.712445136065043
3535,01001111,100,000,0,0,"[49.38271604938271, 35.55555555555556, 33.55555555555556]","[1.0, 0.81, 0.9]",0.6561000000000001,213.762882427212,-13.762882427211991
3536,01101011,010,000,0,0,"[35.55555555555556, 49.38271604938271, 33.55555555555556]","[0.81, 1.0, 0.9]",0.6561000000000001,213.762882427212,-13.762882427211991
3537,10011111,011,000,0,0,"[31.333333333333332, 45.432098765432094, 41.7283950617284]","[0.7290000000000001, 1.0, 1.0]",0.6561000000000001,213.762882427212,-13.762882427211991
3538,11110011,101,000,0,0,"[45.432098765432094, 31.333333333333332, 41.7283950617284]","[1.0, 0.7290000000000001, 1.0]",0.6561000000000001,213.762882427212,-13.762882427211991
3539,00101100,011,000,1,0,"[33.55555555555556, 48.83401920438958, 43.8957475994513]","[0.7290000000000001, 1.0, 1.0]",0.6561000000000001,213.81698271512943,-13.816982715129427
3540,00101101,011,000,1,0,"[33.55555555555556, 48.83401920438958, 43.895747599451305]","[0.7290000000000001, 1.0, 1.0]",0.6561000000000001,213.81698271512943,-13.816982715129427
3541,01100100,101,000,1,0,"[48.83401920438958, 33.55555555555556, 43.8957475994513]","[1.0, 0.7290000000000001, 1.0]",0.6561000000000001,213.81698271512943,-13.816982715129427
3542,01100101,101,000,1,0,"[48.83401920438958, 33.55555555555556, 43.895747599451305]","[1.0, 0.7290000000000001, 1.0]",0.6561000000000001,213.81698271512943,-13.816982715129427
3543,00111111,011,001,0,0,"[33.55555555555556, 45.432098765432094, 39.55555555555556]","[0.7290000000000001, 1.0, 1.0]",0.6561000000000001,213.83814948413837,-13.83814948413837
3544,11100111,101,001,0,0,"[45.432098765432094, 33.55555555555556, 39.55555555555556]","[1.0, 0.7290000000000001, 1.0]",0.6561000000000001,213.83814948413837,-13.83814948413837
3545,00011011,100,000,0,0,"[51.821368693796664, 33.33333333333333, 33.55555555555556]","[1.0, 0.81, 0.9]",0.6561000000000001,214.09275656559294,-14.092756565592936
3546,00011110,100,000,0,0,"[51.821368693796664, 36.888888888888886, 30.0]","[1.0, 0.9, 0.81]",0.6561000000000001,214.09275656559294,-14.092756565592936
3547,11000011,010,000,0,0,"[33.33333333333333, 51.821368693796664, 33.55555555555556]","[0.81, 1.0, 0.9]",0.6561000000000001,214.09275656559294,-14.092756565592936
3548,11100010,010,000,0,0,"[36.888888888888886, 51.821368693796664, 30.0]","[0.9, 1.0, 0.81]",0.6561000000000001,214.09275656559294,-14.092756565592936
3549,00111110,001,000,1,0,"[33.55555555555556, 36.888888888888886, 41.9753086419753]","[0.7290000000000001, 0.9, 1.0]",0.5904900000000002,214.09296192385935,-14.092961923859349
3550,01110110,001,000,1,0,"[35.55555555555556, 34.888888888888886, 41.9753086419753]","[0.81, 0.81, 1.0]",0.5904900000000002,214.09296192385935,-14.092961923859349
3551,10101110,001,000,1,0,"[34.888888888888886, 35.55555555555556, 41.9753086419753]","[0.81, 0.81, 1.0]",0.5904900000000002,214.09296192385935,-14.092961923859349
3552,11100110,001,000,1,0,"[36.888888888888886, 33.55555555555556, 41.9753086419753]","[0.9, 0.7290000000000001, 1.0]",0.5904900000000002,214.09296192385935,-14.092961923859349
3553,00011111,011,011,1,0,"[30.0, 42.888888888888886, 39.55555555555556]","[0.6561000000000001, 1.0, 1.0]",0.5904900000000002,214.1347769554851,-14.134776955485108
3554,11100011,101,101,1,0,"[42.888888888888886, 30.0, 39.55555555555556]","[1.0, 0.6561000000000001, 1.0]",0.5904900000000002,214.1347769554851,-14.134776955485108
3555,10011110,011,000,0,0,"[31.333333333333332, 45.432098765432094, 41.9753086419753]","[0.7290000000000001, 1.0, 1.0]",0.6561000000000001,214.13921771184377,-14.13921771184377
3556,11110010,101,000,0,0,"[45.432098765432094, 31.333333333333332, 41.9753086419753]","[1.0, 0.7290000000000001, 1.0]",0.6561000000000001,214.13921771184377,-14.13921771184377
3557,01011100,011,010,0,0,"[32.0, 42.888888888888886, 43.8957475994513]","[0.7290000000000001, 1.0, 1.0]",0.6561000000000001,214.20612176244498,-14.20612176244498
3558,11101000,101,100,0,0,"[42.888888888888886, 32.0, 43.8957475994513]","[1.0, 0.7290000000000001, 1.0]",0.6561000000000001,214.20612176244498,-14.20612176244498
3559,01011101,011,010,0,0,"[32.0, 42.888888888888886, 43.895747599451305]","[0.7290000000000001, 1.0, 1.0]",0.6561000000000001,214.206121762445,-14.206121762445008
3560,11101001,101,100,0,0,"[42.888888888888886, 32.0, 43.895747599451305]","[1.0, 0.7290000000000001, 1.0]",0.6561000000000001,214.206121762445,-14.206121762445008
3561,10111001,010,000,1,0,"[34.888888888888886, 46.09053497942386, 31.555555555555557]","[0.81, 1.0, 0.81]",0.5904900000000002,214.28809873811284,-14.288098738112836
3562,11010101,100,000,1,0,"[46.09053497942386, 34.888888888888886, 31.555555555555557]","[1.0, 0.81, 0.81]",0.5904900000000002,214.28809873811284,-14.288098738112836
3563,00111111,010,000,1,0,"[33.55555555555556, 45.432098765432094, 33.55555555555556]","[0.7290000000000001, 1.0, 0.9]",0.5904900000000002,214.30203708198815,-14.302037081988146
3564,01111101,010,000,1,0,"[35.55555555555556, 45.432098765432094, 31.555555555555557]","[0.81, 1.0, 0.81]",0.5904900000000002,214.30203708198815,-14.302037081988146
3565,11100111,100,000,1,0,"[45.432098765432094, 33.55555555555556, 33.55555555555556]","[1.0, 0.7290000000000001, 0.9]",0.5904900000000002,214.30203708198815,-14.302037081988146
3566,11101101,100,000,1,0,"[45.432098765432094, 35.55555555555556, 31.555555555555557]","[1.0, 0.81, 0.81]",0.5904900000000002,214.30203708198815,-14.302037081988146
3567,11111100,110,000,0,0,"[45.432098765432094, 45.432098765432094, 28.0]","[1.0, 1.0, 0.7290000000000001]",0.6561000000000001,214.32738535415965,-14.327385354159645
3568,10010111,011,001,0,0,"[31.333333333333332, 48.01097393689986, 39.55555555555556]","[0.7290000000000001, 1.0, 1.0]",0.6561000000000001,214.38174489527316,-14.381744895273158
3569,10110011,101,001,0,0,"[48.01097393689986, 31.333333333333332, 39.55555555555556]","[1.0, 0.7290000000000001, 1.0]",0.6561000000000001,214.38174489527316,-14.381744895273158
3570,10111100,110,010,0,0,"[48.01097393689986, 42.888888888888886, 28.0]","[1.0, 1.0, 0.7290000000000001]",0.6561000000000001,214.38174489527316,-14.381744895273158
3571,11110100,110,100,0,0,"[42.888888888888886, 48.01097393689986, 28.0]","[1.0, 1.0, 0.7290000000000001]",0.6561000000000001,214.38174489527316,-14.381744895273158
3572,00110000,101,000,1,0,"[51.51653711324493, 31.333333333333332, 43.8957475994513]","[1.0, 0.7290000000000001, 1.0]",0.6561000000000001,214.51854602351705,-14.518546023517047
3573,00110001,101,000,1,0,"[51.51653711324493, 31.333333333333332, 43.895747599451305]","[1.0, 0.7290000000000001, 1.0]",0.6561000000000001,214.51854602351705,-14.518546023517047
3574,10000100,011,000,1,0,"[31.333333333333332, 51.51653711324493, 43.8957475994513]","[0.7290000000000001, 1.0, 1.0]",0.6561000000000001,214.51854602351705,-14.518546023517047
3575,10000101,011,000,1,0,"[31.333333333333332, 51.51653711324493, 43.895747599451305]","[0.7290000000000001, 1.0, 1.0]",0.6561000000000001,214.51854602351705,-14.518546023517047
3576,01001000,110,000,1,0,"[49.38271604938271, 49.38271604938271, 28.0]","[1.0, 1.0, 0.7290000000000001]",0.6561000000000001,214.5487457685801,-14.54874576858009
3577,01011010,100,000,1,0,"[49.38271604938271, 33.33333333333333, 30.0]","[1.0, 0.81, 0.81]",0.5904900000000002,214.59474230336838,-14.594742303368378
3578,11001010,010,000,1,0,"[33.33333333333333, 49.38271604938271, 30.0]","[0.81, 1.0, 0.81]",0.5904900000000002,214.59474230336838,-14.594742303368378
3579,00100111,011,000,1,0,"[33.55555555555556, 51.51653711324493, 41.7283950617284]","[0.7290000000000001, 1.0, 1.0]",0.6561000000000001,214.60217608676857,-14.602176086768566
3580,00100111,101,000,1,0,"[51.51653711324493, 33.55555555555556, 41.7283950617284]","[1.0, 0.7290000000000001, 1.0]",0.6561000000000001,214.60217608676857,-14.602176086768566
3581,00101000,011,000,1,0,"[33.55555555555556, 49.38271604938271, 43.8957475994513]","[0.7290000000000001, 1.0, 1.0]",0.6561000000000001,214.65328334764448,-14.653283347644475
3582,00101001,011,000,1,0,"[33.55555555555556, 49.38271604938271, 43.895747599451305]","[0.7290000000000001, 1.0, 1.0]",0.6561000000000001,214.65328334764448,-14.653283347644475
3583,01000100,101,000,1,0,"[49.38271604938271, 33.55555555555556, 43.8957475994513]","[1.0, 0.7290000000000001, 1.0]",0.6561000000000001,214.65328334764448,-14.653283347644475
3584,01000101,101,000,1,0,"[49.38271604938271, 33.55555555555556, 43.895747599451305]","[1.0, 0.7290000000000001, 1.0]",0.6561000000000001,214.65328334764448,-14.653283347644475
3585,01011100,001,000,1,0,"[32.0, 36.888888888888886, 43.8957475994513]","[0.7290000000000001, 0.9, 1.0]",0.5904900000000002,214.71089516899548,-14.710895168995478
3586,01111000,001,000,1,0,"[35.55555555555556, 33.33333333333333, 43.8957475994513]","[0.81, 0.81, 1.0]",0.5904900000000002,214.71089516899548,-14.710895168995478
3587,11001100,001,000,1,0,"[33.33333333333333, 35.55555555555556, 43.8957475994513]","[0.81, 0.81, 1.0]",0.5904900000000002,214.71089516899548,-14.710895168995478
3588,11101000,001,000,1,0,"[36.888888888888886, 32.0, 43.8957475994513]","[0.9, 0.7290000000000001, 1.0]",0.5904900000000002,214.71089516899548,-14.710895168995478
3589,01011101,001,000,1,0,"[32.0, 36.888888888888886, 43.895747599451305]","[0.7290000000000001, 0.9, 1.0]",0.5904900000000002,214.7108951689955,-14.710895168995506
3590,01111001,001,000,1,0,"[35.55555555555556, 33.33333333333333, 43.895747599451305]","[0.81, 0.81, 1.0]",0.5904900000000002,214.7108951689955,-14.710895168995506
3591,11001101,001,000,1,0,"[33.33333333333333, 35.55555555555556, 43.895747599451305]","[0.81, 0.81, 1.0]",0.5904900000000002,214.7108951689955,-14.710895168995506
3592,11101001,001,000,1,0,"[36.888888888888886, 32.0, 43.895747599451305]","[0.9, 0.7290000000000001, 1.0]",0.5904900000000002,214.7108951689955,-14.710895168995506
3593,10011011,011,000,0,0,"[31.333333333333332, 46.09053497942386, 41.7283950617284]","[0.7290000000000001, 1.0, 1.0]",0.6561000000000001,214.76644318623008,-14.766443186230077
3594,11010011,101,000,0,0,"[46.09053497942386, 31.333333333333332, 41.7283950617284]","[1.0, 0.7290000000000001, 1.0]",0.6561000000000001,214.76644318623008,-14.766443186230077
3595,01011111,011,000,0,0,"[32.0, 45.432098765432094, 41.7283950617284]","[0.7290000000000001, 1.0, 1.0]",0.6561000000000001,214.7789876957178,-14.778987695717802
3596,11101011,101,000,0,0,"[45.432098765432094, 32.0, 41.7283950617284]","[1.0, 0.7290000000000001, 1.0]",0.6561000000000001,214.7789876957178,-14.778987695717802
3597,01101111,001,000,1,0,"[35.55555555555556, 35.55555555555556, 41.7283950617284]","[0.81, 0.81, 1.0]",0.5904900000000002,214.8038174614972,-14.803817461497204
3598,00111011,011,001,0,0,"[33.55555555555556, 46.09053497942386, 39.55555555555556]","[0.7290000000000001, 1.0, 1.0]",0.6561000000000001,214.84171024315646,-14.841710243156456
3599,11000111,101,001,0,0,"[46.09053497942386, 33.55555555555556, 39.55555555555556]","[1.0, 0.7290000000000001, 1.0]",0.6561000000000001,214.84171024315646,-14.841710243156456
3600,10010111,010,000,1,0,"[31.333333333333332, 48.01097393689986, 33.55555555555556]","[0.7290000000000001, 1.0, 0.9]",0.5904900000000002,214.906031983249,-14.906031983248994
3601,10110011,100,000,1,0,"[48.01097393689986, 31.333333333333332, 33.55555555555556]","[1.0, 0.7290000000000001, 0.9]",0.5904900000000002,214.906031983249,-14.906031983248994
3602,10110110,010,000,1,0,"[34.888888888888886, 48.01097393689986, 30.0]","[0.81, 1.0, 0.81]",0.5904900000000002,214.906031983249,-14.906031983248994
3603,10110110,100,000,1,0,"[48.01097393689986, 34.888888888888886, 30.0]","[1.0, 0.81, 0.81]",0.5904900000000002,214.906031983249,-14.906031983248994
3604,10111001,100,000,1,0,"[48.01097393689986, 33.33333333333333, 31.555555555555557]","[1.0, 0.81, 0.81]",0.5904900000000002,214.906031983249,-14.906031983248994
3605,10111100,100,000,1,0,"[48.01097393689986, 36.888888888888886, 28.0]","[1.0, 0.9, 0.7290000000000001]",0.5904900000000002,214.906031983249,-14.906031983248994
3606,11010101,010,000,1,0,"[33.33333333333333, 48.01097393689986, 31.555555555555557]","[0.81, 1.0, 0.81]",0.5904900000000002,214.906031983249,-14.906031983248994
3607,11110100,010,000,1,0,"[36.888888888888886, 48.01097393689986, 28.0]","[0.9, 1.0, 0.7290000000000001]",0.5904900000000002,214.906031983249,-14.906031983248994
3608,11011011,000,000,1,0,"[33.33333333333333, 33.33333333333333, 33.55555555555556]","[0.81, 0.81, 0.9]",0.5314410000000002,214.92926255637443,-14.929262556374425
3609,11011110,000,000,1,0,"[33.33333333333333, 36.888888888888886, 30.0]","[0.81, 0.9, 0.81]",0.531441,214.92926255637445,-14.929262556374454
3610,11111010,000,000,1,0,"[36.888888888888886, 33.33333333333333, 30.0]","[0.9, 0.81, 0.81]",0.531441,214.92926255637445,-14.929262556374454
3611,00100110,011,000,1,0,"[33.55555555555556, 51.51653711324493, 41.9753086419753]","[0.7290000000000001, 1.0, 1.0]",0.6561000000000001,214.97851137140034,-14.978511371400344
3612,00100110,101,000,1,0,"[51.51653711324493, 33.55555555555556, 41.9753086419753]","[1.0, 0.7290000000000001, 1.0]",0.6561000000000001,214.97851137140034,-14.978511371400344
3613,00010000,101,000,1,0,"[51.821368693796664, 31.333333333333332, 43.8957475994513]","[1.0, 0.7290000000000001, 1.0]",0.6561000000000001,214.98315748602542,-14.98315748602542
3614,00010001,101,000,1,0,"[51.821368693796664, 31.333333333333332, 43.895747599451305]","[1.0, 0.7290000000000001, 1.0]",0.6561000000000001,214.98315748602542,-14.98315748602542
3615,10000000,011,000,1,0,"[31.333333333333332, 51.821368693796664, 43.8957475994513]","[0.7290000000000001, 1.0, 1.0]",0.6561000000000001,214.98315748602542,-14.98315748602542
3616,10000001,011,000,1,0,"[31.333333333333332, 51.821368693796664, 43.895747599451305]","[0.7290000000000001, 1.0, 1.0]",0.6561000000000001,214.98315748602542,-14.98315748602542
3617,00000111,101,000,1,0,"[51.821368693796664, 33.55555555555556, 41.7283950617284]","[1.0, 0.7290000000000001, 1.0]",0.6561000000000001,215.06678754927694,-15.066787549276938
3618,00100011,011,000,1,0,"[33.55555555555556, 51.821368693796664, 41.7283950617284]","[0.7290000000000001, 1.0, 1.0]",0.6561000000000001,215.06678754927694,-15.066787549276938
3619,10010011,011,001,0,0,"[31.333333333333332, 48.46822130772747, 39.55555555555556]","[0.7290000000000001, 1.0, 1.0]",0.6561000000000001,215.0786620890357,-15.078662089035703
3620,10010011,101,001,0,0,"[48.46822130772747, 31.333333333333332, 39.55555555555556]","[1.0, 0.7290000000000001, 1.0]",0.6561000000000001,215.0786620890357,-15.078662089035703
3621,10011100,110,010,0,0,"[48.46822130772747, 42.888888888888886, 28.0]","[1.0, 1.0, 0.7290000000000001]",0.6561000000000001,215.0786620890357,-15.078662089035703
3622,11110000,110,100,0,0,"[42.888888888888886, 48.46822130772747, 28.0]","[1.0, 1.0, 0.7290000000000001]",0.6561000000000001,215.0786620890357,-15.078662089035703
3623,10011010,011,000,0,0,"[31.333333333333332, 46.09053497942386, 41.9753086419753]","[0.7290000000000001, 1.0, 1.0]",0.6561000000000001,215.14277847086186,-15.142778470861856
3624,11010010,101,000,0,0,"[46.09053497942386, 31.333333333333332, 41.9753086419753]","[1.0, 0.7290000000000001, 1.0]",0.6561000000000001,215.14277847086186,-15.142778470861856
3625,01011110,011,000,0,0,"[32.0, 45.432098765432094, 41.9753086419753]","[0.7290000000000001, 1.0, 1.0]",0.6561000000000001,215.15532298034958,-15.155322980349581
3626,11101010,101,000,0,0,"[45.432098765432094, 32.0, 41.9753086419753]","[1.0, 0.7290000000000001, 1.0]",0.6561000000000001,215.15532298034958,-15.155322980349581
3627,01101110,001,000,1,0,"[35.55555555555556, 35.55555555555556, 41.9753086419753]","[0.81, 0.81, 1.0]",0.5904900000000002,215.2219677777547,-15.221967777754713
3628,11011100,110,000,0,0,"[46.09053497942386, 45.432098765432094, 28.0]","[1.0, 1.0, 0.7290000000000001]",0.6561000000000001,215.33094611317773,-15.330946113177731
3629,11111000,110,000,0,0,"[45.432098765432094, 46.09053497942386, 28.0]","[1.0, 1.0, 0.7290000000000001]",0.6561000000000001,215.33094611317773,-15.330946113177731
3630,01010111,011,001,0,0,"[32.0, 48.01097393689986, 39.55555555555556]","[0.7290000000000001, 1.0, 1.0]",0.6561000000000001,215.39785016377897,-15.397850163778969
3631,10101011,101,001,0,0,"[48.01097393689986, 32.0, 39.55555555555556]","[1.0, 0.7290000000000001, 1.0]",0.6561000000000001,215.39785016377897,-15.397850163778969
3632,00111011,010,000,1,0,"[33.55555555555556, 46.09053497942386, 33.55555555555556]","[0.7290000000000001, 1.0, 0.9]",0.5904900000000002,215.41710459200823,-15.41710459200823
3633,01111001,010,000,1,0,"[35.55555555555556, 46.09053497942386, 31.555555555555557]","[0.81, 1.0, 0.81]",0.5904900000000002,215.41710459200823,-15.41710459200823
3634,11000111,100,000,1,0,"[46.09053497942386, 33.55555555555556, 33.55555555555556]","[1.0, 0.7290000000000001, 0.9]",0.5904900000000002,215.41710459200823,-15.41710459200823
3635,11001101,100,000,1,0,"[46.09053497942386, 35.55555555555556, 31.555555555555557]","[1.0, 0.81, 0.81]",0.5904900000000002,215.41710459200823,-15.41710459200823
3636,00000110,101,000,1,0,"[51.821368693796664, 33.55555555555556, 41.9753086419753]","[1.0, 0.7290000000000001, 1.0]",0.6561000000000001,215.44312283390872,-15.443122833908717
3637,00100010,011,000,1,0,"[33.55555555555556, 51.821368693796664, 41.9753086419753]","[0.7290000000000001, 1.0, 1.0]",0.6561000000000001,215.44312283390872,-15.443122833908717
3638,00101000,101,000,1,0,"[51.51653711324493, 32.0, 43.8957475994513]","[1.0, 0.7290000000000001, 1.0]",0.6561000000000001,215.53465129202286,-15.534651292022858
3639,01000100,011,000,1,0,"[32.0, 51.51653711324493, 43.8957475994513]","[0.7290000000000001, 1.0, 1.0]",0.6561000000000001,215.53465129202286,-15.534651292022858
3640,00101001,101,000,1,0,"[51.51653711324493, 32.0, 43.895747599451305]","[1.0, 0.7290000000000001, 1.0]",0.6561000000000001,215.5346512920229,-15.534651292022886
3641,01000101,011,000,1,0,"[32.0, 51.51653711324493, 43.895747599451305]","[0.7290000000000001, 1.0, 1.0]",0.6561000000000001,215.5346512920229,-15.534651292022886
3642,01110011,101,001,0,0,"[48.83401920438958, 31.333333333333332, 39.55555555555556]","[1.0, 0.7290000000000001, 1.0]",0.6561000000000001,215.63619584404574,-15.636195844045744
3643,01111100,110,010,0,0,"[48.83401920438958, 42.888888888888886, 28.0]","[1.0, 1.0, 0.7290000000000001]",0.6561000000000001,215.63619584404574,-15.636195844045744
3644,10001111,011,001,0,0,"[31.333333333333332, 48.83401920438958, 39.55555555555556]","[0.7290000000000001, 1.0, 1.0]",0.6561000000000001,215.63619584404574,-15.636195844045744
3645,11101100,110,100,0,0,"[42.888888888888886, 48.83401920438958, 28.0]","[1.0, 1.0, 0.7290000000000001]",0.6561000000000001,215.63619584404574,-15.636195844045744
3646,10010011,010,000,1,0,"[31.333333333333332, 48.46822130772747, 33.55555555555556]","[0.7290000000000001, 1.0, 0.9]",0.5904900000000002,215.68038442076298,-15.680384420762977
3647,10010011,100,000,1,0,"[48.46822130772747, 31.333333333333332, 33.55555555555556]","[1.0, 0.7290000000000001, 0.9]",0.5904900000000002,215.68038442076298,-15.680384420762977
3648,10010110,100,000,1,0,"[48.46822130772747, 34.888888888888886, 30.0]","[1.0, 0.81, 0.81]",0.5904900000000002,215.68038442076298,-15.680384420762977
3649,10011001,100,000,1,0,"[48.46822130772747, 33.33333333333333, 31.555555555555557]","[1.0, 0.81, 0.81]",0.5904900000000002,215.68038442076298,-15.680384420762977
3650,10011100,100,000,1,0,"[48.46822130772747, 36.888888888888886, 28.0]","[1.0, 0.9, 0.7290000000000001]",0.5904900000000002,215.68038442076298,-15.680384420762977
3651,10110010,010,000,1,0,"[34.888888888888886, 48.46822130772747, 30.0]","[0.81, 1.0, 0.81]",0.5904900000000002,215.68038442076298,-15.680384420762977
3652,11010001,010,000,1,0,"[33.33333333333333, 48.46822130772747, 31.555555555555557]","[0.81, 1.0, 0.81]",0.5904900000000002,215.68038442076298,-15.680384420762977
3653,11110000,010,000,1,0,"[36.888888888888886, 48.46822130772747, 28.0]","[0.9, 1.0, 0.7290000000000001]",0.5904900000000002,215.68038442076298,-15.680384420762977
3654,00110100,110,000,1,0,"[51.51653711324493, 48.01097393689986, 28.0]","[1.0, 1.0, 0.7290000000000001]",0.6561000000000001,215.71027442485104,-15.710274424851036
3655,10100100,110,000,1,0,"[48.01097393689986, 51.51653711324493, 28.0]","[1.0, 1.0, 0.7290000000000001]",0.6561000000000001,215.71027442485104,-15.710274424851036
3656,01011011,011,000,0,0,"[32.0, 46.09053497942386, 41.7283950617284]","[0.7290000000000001, 1.0, 1.0]",0.6561000000000001,215.7825484547359,-15.782548454735888
3657,11001011,101,000,0,0,"[46.09053497942386, 32.0, 41.7283950617284]","[1.0, 0.7290000000000001, 1.0]",0.6561000000000001,215.7825484547359,-15.782548454735888
3658,00110111,100,000,0,0,"[51.51653711324493, 34.888888888888886, 33.55555555555556]","[1.0, 0.81, 0.9]",0.6561000000000001,215.99905739626482,-15.999057396264817
3659,00111101,100,000,0,0,"[51.51653711324493, 36.888888888888886, 31.555555555555557]","[1.0, 0.9, 0.81]",0.6561000000000001,215.99905739626482,-15.999057396264817
3660,10100111,010,000,0,0,"[34.888888888888886, 51.51653711324493, 33.55555555555556]","[0.81, 1.0, 0.9]",0.6561000000000001,215.99905739626482,-15.999057396264817
3661,11100101,010,000,0,0,"[36.888888888888886, 51.51653711324493, 31.555555555555557]","[0.9, 1.0, 0.81]",0.6561000000000001,215.99905739626482,-15.999057396264817
3662,00001000,101,000,1,0,"[51.821368693796664, 32.0, 43.8957475994513]","[1.0, 0.7290000000000001, 1.0]",0.6561000000000001,215.9992627545312,-15.999262754531202
3663,00001001,101,000,1,0,"[51.821368693796664, 32.0, 43.895747599451305]","[1.0, 0.7290000000000001, 1.0]",0.6561000000000001,215.9992627545312,-15.999262754531202
3664,01000000,011,000,1,0,"[32.0, 51.821368693796664, 43.8957475994513]","[0.7290000000000001, 1.0, 1.0]",0.6561000000000001,215.9992627545312,-15.999262754531202
3665,01000001,011,000,1,0,"[32.0, 51.821368693796664, 43.895747599451305]","[0.7290000000000001, 1.0, 1.0]",0.6561000000000001,215.9992627545312,-15.999262754531202
3666,01010111,010,000,1,0,"[32.0, 48.01097393689986, 33.55555555555556]","[0.7290000000000001, 1.0, 0.9]",0.5904900000000002,216.03503783714436,-16.03503783714436
3667,01110110,010,000,1,0,"[35.55555555555556, 48.01097393689986, 30.0]","[0.81, 1.0, 0.81]",0.5904900000000002,216.03503783714436,-16.03503783714436
3668,10101011,100,000,1,0,"[48.01097393689986, 32.0, 33.55555555555556]","[1.0, 0.7290000000000001, 0.9]",0.5904900000000002,216.03503783714436,-16.03503783714436
3669,10101110,100,000,1,0,"[48.01097393689986, 35.55555555555556, 30.0]","[1.0, 0.81, 0.81]",0.5904900000000002,216.03503783714436,-16.03503783714436
3670,01010011,011,001,0,0,"[32.0, 48.46822130772747, 39.55555555555556]","[0.7290000000000001, 1.0, 1.0]",0.6561000000000001,216.0947673575415,-16.094767357541514
3671,10001011,101,001,0,0,"[48.46822130772747, 32.0, 39.55555555555556]","[1.0, 0.7290000000000001, 1.0]",0.6561000000000001,216.0947673575415,-16.094767357541514
3672,01011010,011,000,0,0,"[32.0, 46.09053497942386, 41.9753086419753]","[0.7290000000000001, 1.0, 1.0]",0.6561000000000001,216.15888373936767,-16.158883739367667
3673,11001010,101,000,0,0,"[46.09053497942386, 32.0, 41.9753086419753]","[1.0, 0.7290000000000001, 1.0]",0.6561000000000001,216.15888373936767,-16.158883739367667
3674,00010100,110,000,1,0,"[51.821368693796664, 48.01097393689986, 28.0]","[1.0, 1.0, 0.7290000000000001]",0.6561000000000001,216.1748858873594,-16.17488588735941
3675,10100000,110,000,1,0,"[48.01097393689986, 51.821368693796664, 28.0]","[1.0, 1.0, 0.7290000000000001]",0.6561000000000001,216.1748858873594,-16.17488588735941
3676,10110100,001,000,1,0,"[34.888888888888886, 34.888888888888886, 43.8957475994513]","[0.81, 0.81, 1.0]",0.5904900000000002,216.21623630752262,-16.21623630752262
3677,10110101,001,000,1,0,"[34.888888888888886, 34.888888888888886, 43.895747599451305]","[0.81, 0.81, 1.0]",0.5904900000000002,216.21623630752265,-16.21623630752265
3678,01110011,100,000,1,0,"[48.83401920438958, 31.333333333333332, 33.55555555555556]","[1.0, 0.7290000000000001, 0.9]",0.5904900000000002,216.29986637077414,-16.29986637077414
3679,01110110,100,000,1,0,"[48.83401920438958, 34.888888888888886, 30.0]","[1.0, 0.81, 0.81]",0.5904900000000002,216.29986637077414,-16.29986637077414
3680,01111001,100,000,1,0,"[48.83401920438958, 33.33333333333333, 31.555555555555557]","[1.0, 0.81, 0.81]",0.5904900000000002,216.29986637077414,-16.29986637077414
3681,01111100,100,000,1,0,"[48.83401920438958, 36.888888888888886, 28.0]","[1.0, 0.9, 0.7290000000000001]",0.5904900000000002,216.29986637077414,-16.29986637077414
3682,10001111,010,000,1,0,"[31.333333333333332, 48.83401920438958, 33.55555555555556]","[0.7290000000000001, 1.0, 0.9]",0.5904900000000002,216.29986637077414,-16.29986637077414
3683,10101110,010,000,1,0,"[34.888888888888886, 48.83401920438958, 30.0]","[0.81, 1.0, 0.81]",0.5904900000000002,216.29986637077414,-16.29986637077414
3684,11001101,010,000,1,0,"[33.33333333333333, 48.83401920438958, 31.555555555555557]","[0.81, 1.0, 0.81]",0.5904900000000002,216.29986637077414,-16.29986637077414
3685,11101100,010,000,1,0,"[36.888888888888886, 48.83401920438958, 28.0]","[0.9, 1.0, 0.7290000000000001]",0.5904900000000002,216.29986637077414,-16.29986637077414
3686,11011000,110,000,0,0,"[46.09053497942386, 46.09053497942386, 28.0]","[1.0, 1.0, 0.7290000000000001]",0.6561000000000001,216.33450687219585,-16.334506872195846
3687,00110000,110,000,1,0,"[51.51653711324493, 48.46822130772747, 28.0]","[1.0, 1.0, 0.7290000000000001]",0.6561000000000001,216.4071916186136,-16.40719161861361
3688,10000100,110,000,1,0,"[48.46822130772747, 51.51653711324493, 28.0]","[1.0, 1.0, 0.7290000000000001]",0.6561000000000001,216.4071916186136,-16.40719161861361
3689,00010111,100,000,0,0,"[51.821368693796664, 34.888888888888886, 33.55555555555556]","[1.0, 0.81, 0.9]",0.6561000000000001,216.46366885877316,-16.46366885877316
3690,00011101,100,000,0,0,"[51.821368693796664, 36.888888888888886, 31.555555555555557]","[1.0, 0.9, 0.81]",0.6561000000000001,216.46366885877316,-16.46366885877316
3691,10100011,010,000,0,0,"[34.888888888888886, 51.821368693796664, 33.55555555555556]","[0.81, 1.0, 0.9]",0.6561000000000001,216.46366885877316,-16.46366885877316
3692,11100001,010,000,0,0,"[36.888888888888886, 51.821368693796664, 31.555555555555557]","[0.9, 1.0, 0.81]",0.6561000000000001,216.46366885877316,-16.46366885877316
3693,01010011,101,001,0,0,"[49.38271604938271, 31.333333333333332, 39.55555555555556]","[1.0, 0.7290000000000001, 1.0]",0.6561000000000001,216.47249647656085,-16.47249647656085
3694,01011100,110,010,0,0,"[49.38271604938271, 42.888888888888886, 28.0]","[1.0, 1.0, 0.7290000000000001]",0.6561000000000001,216.47249647656085,-16.47249647656085
3695,10001011,011,001,0,0,"[31.333333333333332, 49.38271604938271, 39.55555555555556]","[0.7290000000000001, 1.0, 1.0]",0.6561000000000001,216.47249647656085,-16.47249647656085
3696,11101000,110,100,0,0,"[42.888888888888886, 49.38271604938271, 28.0]","[1.0, 1.0, 0.7290000000000001]",0.6561000000000001,216.47249647656085,-16.47249647656085
3697,00111100,011,010,0,0,"[33.55555555555556, 42.888888888888886, 43.8957475994513]","[0.7290000000000001, 1.0, 1.0]",0.6561000000000001,216.57703405562523,-16.577034055625234
3698,00111101,011,010,0,0,"[33.55555555555556, 42.888888888888886, 43.895747599451305]","[0.7290000000000001, 1.0, 1.0]",0.6561000000000001,216.57703405562523,-16.577034055625234
3699,11100100,101,100,0,0,"[42.888888888888886, 33.55555555555556, 43.8957475994513]","[1.0, 0.7290000000000001, 1.0]",0.6561000000000001,216.57703405562523,-16.577034055625234
3700,11100101,101,100,0,0,"[42.888888888888886, 33.55555555555556, 43.895747599451305]","[1.0, 0.7290000000000001, 1.0]",0.6561000000000001,216.57703405562523,-16.577034055625234
3701,01001111,011,001,0,0,"[32.0, 48.83401920438958, 39.55555555555556]","[0.7290000000000001, 1.0, 1.0]",0.6561000000000001,216.6523011125516,-16.652301112551612
3702,01101011,101,001,0,0,"[48.83401920438958, 32.0, 39.55555555555556]","[1.0, 0.7290000000000001, 1.0]",0.6561000000000001,216.6523011125516,-16.652301112551612
3703,01010011,010,000,1,0,"[32.0, 48.46822130772747, 33.55555555555556]","[0.7290000000000001, 1.0, 0.9]",0.5904900000000002,216.8093902746583,-16.809390274658313
3704,01110010,010,000,1,0,"[35.55555555555556, 48.46822130772747, 30.0]","[0.81, 1.0, 0.81]",0.5904900000000002,216.8093902746583,-16.809390274658313
3705,10001011,100,000,1,0,"[48.46822130772747, 32.0, 33.55555555555556]","[1.0, 0.7290000000000001, 0.9]",0.5904900000000002,216.8093902746583,-16.809390274658313
3706,10001110,100,000,1,0,"[48.46822130772747, 35.55555555555556, 30.0]","[1.0, 0.81, 0.81]",0.5904900000000002,216.8093902746583,-16.809390274658313
3707,00010000,110,000,1,0,"[51.821368693796664, 48.46822130772747, 28.0]","[1.0, 1.0, 0.7290000000000001]",0.6561000000000001,216.87180308112193,-16.871803081121925
3708,10000000,110,000,1,0,"[48.46822130772747, 51.821368693796664, 28.0]","[1.0, 1.0, 0.7290000000000001]",0.6561000000000001,216.87180308112193,-16.871803081121925
3709,00101100,110,000,1,0,"[51.51653711324493, 48.83401920438958, 28.0]","[1.0, 1.0, 0.7290000000000001]",0.6561000000000001,216.96472537362365,-16.96472537362365
3710,01100100,110,000,1,0,"[48.83401920438958, 51.51653711324493, 28.0]","[1.0, 1.0, 0.7290000000000001]",0.6561000000000001,216.96472537362365,-16.96472537362365
3711,00101111,100,000,0,0,"[51.51653711324493, 35.55555555555556, 33.55555555555556]","[1.0, 0.81, 0.9]",0.6561000000000001,217.01516266477066,-17.015162664770656
3712,01100111,010,000,0,0,"[35.55555555555556, 51.51653711324493, 33.55555555555556]","[0.81, 1.0, 0.9]",0.6561000000000001,217.01516266477066,-17.015162664770656
3713,11011111,000,000,0,0,"[33.33333333333333, 36.888888888888886, 33.55555555555556]","[0.81, 0.9, 0.9]",0.5904900000000002,217.0369994035085,-17.036999403508503
3714,11111011,000,000,0,0,"[36.888888888888886, 33.33333333333333, 33.55555555555556]","[0.9, 0.81, 0.9]",0.5904900000000002,217.0369994035085,-17.036999403508503
3715,11111110,000,000,0,0,"[36.888888888888886, 36.888888888888886, 30.0]","[0.9, 0.9, 0.81]",0.5904900000000002,217.0369994035085,-17.036999403508503
3716,10011100,011,000,0,0,"[31.333333333333332, 45.432098765432094, 43.8957475994513]","[0.7290000000000001, 1.0, 1.0]",0.6561000000000001,217.06626992564654,-17.066269925646537
3717,10011101,011,000,0,0,"[31.333333333333332, 45.432098765432094, 43.895747599451305]","[0.7290000000000001, 1.0, 1.0]",0.6561000000000001,217.06626992564654,-17.066269925646537
3718,11110000,101,000,0,0,"[45.432098765432094, 31.333333333333332, 43.8957475994513]","[1.0, 0.7290000000000001, 1.0]",0.6561000000000001,217.06626992564654,-17.066269925646537
3719,11110001,101,000,0,0,"[45.432098765432094, 31.333333333333332, 43.895747599451305]","[1.0, 0.7290000000000001, 1.0]",0.6561000000000001,217.06626992564654,-17.066269925646537
3720,00111111,011,000,0,0,"[33.55555555555556, 45.432098765432094, 41.7283950617284]","[0.7290000000000001, 1.0, 1.0]",0.6561000000000001,217.14989998889806,-17.149899988898056
3721,11100111,101,000,0,0,"[45.432098765432094, 33.55555555555556, 41.7283950617284]","[1.0, 0.7290000000000001, 1.0]",0.6561000000000001,217.14989998889806,-17.149899988898056
3722,01010011,100,000,1,0,"[49.38271604938271, 31.333333333333332, 33.55555555555556]","[1.0, 0.7290000000000001, 0.9]",0.5904900000000002,217.22908929579089,-17.229089295790885
3723,01010110,100,000,1,0,"[49.38271604938271, 34.888888888888886, 30.0]","[1.0, 0.81, 0.81]",0.5904900000000002,217.22908929579089,-17.229089295790885
3724,01011001,100,000,1,0,"[49.38271604938271, 33.33333333333333, 31.555555555555557]","[1.0, 0.81, 0.81]",0.5904900000000002,217.22908929579089,-17.229089295790885
3725,01011100,100,000,1,0,"[49.38271604938271, 36.888888888888886, 28.0]","[1.0, 0.9, 0.7290000000000001]",0.5904900000000002,217.22908929579089,-17.229089295790885
3726,10001011,010,000,1,0,"[31.333333333333332, 49.38271604938271, 33.55555555555556]","[0.7290000000000001, 1.0, 0.9]",0.5904900000000002,217.22908929579089,-17.229089295790885
3727,10101010,010,000,1,0,"[34.888888888888886, 49.38271604938271, 30.0]","[0.81, 1.0, 0.81]",0.5904900000000002,217.22908929579089,-17.229089295790885
3728,11001001,010,000,1,0,"[33.33333333333333, 49.38271604938271, 31.555555555555557]","[0.81, 1.0, 0.81]",0.5904900000000002,217.22908929579089,-17.229089295790885
3729,11101000,010,000,1,0,"[36.888888888888886, 49.38271604938271, 28.0]","[0.9, 1.0, 0.7290000000000001]",0.5904900000000002,217.22908929579089,-17.229089295790885
3730,00111100,001,000,1,0,"[33.55555555555556, 36.888888888888886, 43.8957475994513]","[0.7290000000000001, 0.9, 1.0]",0.5904900000000002,217.34524216141799,-17.345242161417985
3731,00111101,001,000,1,0,"[33.55555555555556, 36.888888888888886, 43.895747599451305]","[0.7290000000000001, 0.9, 1.0]",0.5904900000000002,217.34524216141799,-17.345242161417985
3732,01110100,001,000,1,0,"[35.55555555555556, 34.888888888888886, 43.8957475994513]","[0.81, 0.81, 1.0]",0.5904900000000002,217.34524216141799,-17.345242161417985
3733,01110101,001,000,1,0,"[35.55555555555556, 34.888888888888886, 43.895747599451305]","[0.81, 0.81, 1.0]",0.5904900000000002,217.34524216141799,-17.345242161417985
3734,10101100,001,000,1,0,"[34.888888888888886, 35.55555555555556, 43.8957475994513]","[0.81, 0.81, 1.0]",0.5904900000000002,217.34524216141799,-17.345242161417985
3735,10101101,001,000,1,0,"[34.888888888888886, 35.55555555555556, 43.895747599451305]","[0.81, 0.81, 1.0]",0.5904900000000002,217.34524216141799,-17.345242161417985
3736,11100100,001,000,1,0,"[36.888888888888886, 33.55555555555556, 43.8957475994513]","[0.9, 0.7290000000000001, 1.0]",0.5904900000000002,217.34524216141799,-17.345242161417985
3737,11100101,001,000,1,0,"[36.888888888888886, 33.55555555555556, 43.895747599451305]","[0.9, 0.7290000000000001, 1.0]",0.5904900000000002,217.34524216141799,-17.345242161417985
3738,01001111,010,000,1,0,"[32.0, 48.83401920438958, 33.55555555555556]","[0.7290000000000001, 1.0, 0.9]",0.5904900000000002,217.4288722246695,-17.428872224669504
3739,01101011,100,000,1,0,"[48.83401920438958, 32.0, 33.55555555555556]","[1.0, 0.7290000000000001, 0.9]",0.5904900000000002,217.4288722246695,-17.428872224669504
3740,01101110,010,000,1,0,"[35.55555555555556, 48.83401920438958, 30.0]","[0.81, 1.0, 0.81]",0.5904900000000002,217.4288722246695,-17.428872224669504
3741,01101110,100,000,1,0,"[48.83401920438958, 35.55555555555556, 30.0]","[1.0, 0.81, 0.81]",0.5904900000000002,217.4288722246695,-17.428872224669504
3742,00001100,110,000,1,0,"[51.821368693796664, 48.83401920438958, 28.0]","[1.0, 1.0, 0.7290000000000001]",0.6561000000000001,217.429336836132,-17.429336836131995
3743,01100000,110,000,1,0,"[48.83401920438958, 51.821368693796664, 28.0]","[1.0, 1.0, 0.7290000000000001]",0.6561000000000001,217.429336836132,-17.429336836131995
3744,00001111,100,000,0,0,"[51.821368693796664, 35.55555555555556, 33.55555555555556]","[1.0, 0.81, 0.9]",0.6561000000000001,217.479774127279,-17.479774127279
3745,01100011,010,000,0,0,"[35.55555555555556, 51.821368693796664, 33.55555555555556]","[0.81, 1.0, 0.9]",0.6561000000000001,217.479774127279,-17.479774127279
3746,01001011,011,001,0,0,"[32.0, 49.38271604938271, 39.55555555555556]","[0.7290000000000001, 1.0, 1.0]",0.6561000000000001,217.4886017450667,-17.48860174506669
3747,01001011,101,001,0,0,"[49.38271604938271, 32.0, 39.55555555555556]","[1.0, 0.7290000000000001, 1.0]",0.6561000000000001,217.4886017450667,-17.48860174506669
3748,00111110,011,000,0,0,"[33.55555555555556, 45.432098765432094, 41.9753086419753]","[0.7290000000000001, 1.0, 1.0]",0.6561000000000001,217.52623527352986,-17.526235273529863
3749,11100110,101,000,0,0,"[45.432098765432094, 33.55555555555556, 41.9753086419753]","[1.0, 0.7290000000000001, 1.0]",0.6561000000000001,217.52623527352986,-17.526235273529863
3750,10110101,010,000,1,0,"[34.888888888888886, 48.01097393689986, 31.555555555555557]","[0.81, 1.0, 0.81]",0.5904900000000002,217.54037897567153,-17.54037897567153
3751,10110101,100,000,1,0,"[48.01097393689986, 34.888888888888886, 31.555555555555557]","[1.0, 0.81, 0.81]",0.5904900000000002,217.54037897567153,-17.54037897567153
3752,10010111,011,000,0,0,"[31.333333333333332, 48.01097393689986, 41.7283950617284]","[0.7290000000000001, 1.0, 1.0]",0.6561000000000001,217.69349540003284,-17.693495400032845
3753,10110011,101,000,0,0,"[48.01097393689986, 31.333333333333332, 41.7283950617284]","[1.0, 0.7290000000000001, 1.0]",0.6561000000000001,217.69349540003284,-17.693495400032845
3754,00110111,011,001,0,0,"[33.55555555555556, 48.01097393689986, 39.55555555555556]","[0.7290000000000001, 1.0, 1.0]",0.6561000000000001,217.76876245695922,-17.768762456959223
3755,10100111,101,001,0,0,"[48.01097393689986, 33.55555555555556, 39.55555555555556]","[1.0, 0.7290000000000001, 1.0]",0.6561000000000001,217.76876245695922,-17.768762456959223
3756,00101000,110,000,1,0,"[51.51653711324493, 49.38271604938271, 28.0]","[1.0, 1.0, 0.7290000000000001]",0.6561000000000001,217.80102600613873,-17.801026006138727
3757,01000100,110,000,1,0,"[49.38271604938271, 51.51653711324493, 28.0]","[1.0, 1.0, 0.7290000000000001]",0.6561000000000001,217.80102600613873,-17.801026006138727
3758,00011111,011,010,1,0,"[30.0, 42.888888888888886, 41.7283950617284]","[0.6561000000000001, 1.0, 1.0]",0.5904900000000002,217.81449973855146,-17.81449973855146
3759,11100011,101,100,1,0,"[42.888888888888886, 30.0, 41.7283950617284]","[1.0, 0.6561000000000001, 1.0]",0.5904900000000002,217.81449973855146,-17.81449973855146
3760,10011111,000,000,1,0,"[31.333333333333332, 36.888888888888886, 33.55555555555556]","[0.7290000000000001, 0.9, 0.9]",0.5314410000000002,217.8563147701772,-17.856314770177192
3761,10111011,000,000,1,0,"[34.888888888888886, 33.33333333333333, 33.55555555555556]","[0.81, 0.81, 0.9]",0.5314410000000002,217.8563147701772,-17.856314770177192
3762,11010111,000,000,1,0,"[33.33333333333333, 34.888888888888886, 33.55555555555556]","[0.81, 0.81, 0.9]",0.5314410000000002,217.8563147701772,-17.856314770177192
3763,11110011,000,000,1,0,"[36.888888888888886, 31.333333333333332, 33.55555555555556]","[0.9, 0.7290000000000001, 0.9]",0.5314410000000002,217.8563147701772,-17.856314770177192
3764,10111110,000,000,1,0,"[34.888888888888886, 36.888888888888886, 30.0]","[0.81, 0.9, 0.81]",0.531441,217.85631477017725,-17.85631477017725
3765,11011101,000,000,1,0,"[33.33333333333333, 36.888888888888886, 31.555555555555557]","[0.81, 0.9, 0.81]",0.531441,217.85631477017725,-17.85631477017725
3766,11110110,000,000,1,0,"[36.888888888888886, 34.888888888888886, 30.0]","[0.9, 0.81, 0.81]",0.531441,217.85631477017725,-17.85631477017725
3767,11111001,000,000,1,0,"[36.888888888888886, 33.33333333333333, 31.555555555555557]","[0.9, 0.81, 0.81]",0.531441,217.85631477017725,-17.85631477017725
3768,11111100,000,000,1,0,"[36.888888888888886, 36.888888888888886, 28.0]","[0.9, 0.9, 0.7290000000000001]",0.531441,217.85631477017725,-17.85631477017725
3769,00100100,011,000,1,0,"[33.55555555555556, 51.51653711324493, 43.8957475994513]","[0.7290000000000001, 1.0, 1.0]",0.6561000000000001,217.9055635852031,-17.90556358520311
3770,00100100,101,000,1,0,"[51.51653711324493, 33.55555555555556, 43.8957475994513]","[1.0, 0.7290000000000001, 1.0]",0.6561000000000001,217.9055635852031,-17.90556358520311
3771,00100101,011,000,1,0,"[33.55555555555556, 51.51653711324493, 43.895747599451305]","[0.7290000000000001, 1.0, 1.0]",0.6561000000000001,217.9055635852031,-17.90556358520311
3772,00100101,101,000,1,0,"[51.51653711324493, 33.55555555555556, 43.895747599451305]","[1.0, 0.7290000000000001, 1.0]",0.6561000000000001,217.9055635852031,-17.90556358520311
3773,10010110,011,000,0,0,"[31.333333333333332, 48.01097393689986, 41.9753086419753]","[0.7290000000000001, 1.0, 1.0]",0.6561000000000001,218.06983068466462,-18.069830684664623
3774,10011000,011,000,0,0,"[31.333333333333332, 46.09053497942386, 43.8957475994513]","[0.7290000000000001, 1.0, 1.0]",0.6561000000000001,218.06983068466462,-18.069830684664623
3775,10011001,011,000,0,0,"[31.333333333333332, 46.09053497942386, 43.895747599451305]","[0.7290000000000001, 1.0, 1.0]",0.6561000000000001,218.06983068466462,-18.069830684664623
3776,10110010,101,000,0,0,"[48.01097393689986, 31.333333333333332, 41.9753086419753]","[1.0, 0.7290000000000001, 1.0]",0.6561000000000001,218.06983068466462,-18.069830684664623
3777,11010000,101,000,0,0,"[46.09053497942386, 31.333333333333332, 43.8957475994513]","[1.0, 0.7290000000000001, 1.0]",0.6561000000000001,218.06983068466462,-18.069830684664623
3778,11010001,101,000,0,0,"[46.09053497942386, 31.333333333333332, 43.895747599451305]","[1.0, 0.7290000000000001, 1.0]",0.6561000000000001,218.06983068466462,-18.069830684664623
3779,01011100,011,000,0,0,"[32.0, 45.432098765432094, 43.8957475994513]","[0.7290000000000001, 1.0, 1.0]",0.6561000000000001,218.08237519415235,-18.08237519415235
3780,01011101,011,000,0,0,"[32.0, 45.432098765432094, 43.895747599451305]","[0.7290000000000001, 1.0, 1.0]",0.6561000000000001,218.08237519415235,-18.08237519415235
3781,11101000,101,000,0,0,"[45.432098765432094, 32.0, 43.8957475994513]","[1.0, 0.7290000000000001, 1.0]",0.6561000000000001,218.08237519415235,-18.08237519415235
3782,11101001,101,000,0,0,"[45.432098765432094, 32.0, 43.895747599451305]","[1.0, 0.7290000000000001, 1.0]",0.6561000000000001,218.08237519415235,-18.08237519415235
3783,00111011,011,000,0,0,"[33.55555555555556, 46.09053497942386, 41.7283950617284]","[0.7290000000000001, 1.0, 1.0]",0.6561000000000001,218.15346074791614,-18.153460747916142
3784,11000111,101,000,0,0,"[46.09053497942386, 33.55555555555556, 41.7283950617284]","[1.0, 0.7290000000000001, 1.0]",0.6561000000000001,218.15346074791614,-18.153460747916142
3785,00111010,100,000,1,0,"[51.51653711324493, 33.33333333333333, 30.0]","[1.0, 0.81, 0.81]",0.5904900000000002,218.20838701176686,-18.20838701176686
3786,11000110,010,000,1,0,"[33.33333333333333, 51.51653711324493, 30.0]","[0.81, 1.0, 0.81]",0.5904900000000002,218.20838701176686,-18.20838701176686
3787,00011110,011,010,1,0,"[30.0, 42.888888888888886, 41.9753086419753]","[0.6561000000000001, 1.0, 1.0]",0.5904900000000002,218.232650054809,-18.232650054809
3788,11100010,101,100,1,0,"[42.888888888888886, 30.0, 41.9753086419753]","[1.0, 0.6561000000000001, 1.0]",0.5904900000000002,218.232650054809,-18.232650054809
3789,10111100,110,000,0,0,"[48.01097393689986, 45.432098765432094, 28.0]","[1.0, 1.0, 0.7290000000000001]",0.6561000000000001,218.25799832698053,-18.257998326980527
3790,11110100,110,000,0,0,"[45.432098765432094, 48.01097393689986, 28.0]","[1.0, 1.0, 0.7290000000000001]",0.6561000000000001,218.25799832698053,-18.257998326980527
3791,00001000,110,000,1,0,"[51.821368693796664, 49.38271604938271, 28.0]","[1.0, 1.0, 0.7290000000000001]",0.6561000000000001,218.26563746864707,-18.26563746864707
3792,01000000,110,000,1,0,"[49.38271604938271, 51.821368693796664, 28.0]","[1.0, 1.0, 0.7290000000000001]",0.6561000000000001,218.26563746864707,-18.26563746864707
3793,10010101,100,000,1,0,"[48.46822130772747, 34.888888888888886, 31.555555555555557]","[1.0, 0.81, 0.81]",0.5904900000000002,218.31473141318543,-18.314731413185427
3794,10110001,010,000,1,0,"[34.888888888888886, 48.46822130772747, 31.555555555555557]","[0.81, 1.0, 0.81]",0.5904900000000002,218.31473141318543,-18.314731413185427
3795,01001011,010,000,1,0,"[32.0, 49.38271604938271, 33.55555555555556]","[0.7290000000000001, 1.0, 0.9]",0.5904900000000002,218.35809514968625,-18.35809514968625
3796,01001011,100,000,1,0,"[49.38271604938271, 32.0, 33.55555555555556]","[1.0, 0.7290000000000001, 0.9]",0.5904900000000002,218.35809514968625,-18.35809514968625
3797,01001110,100,000,1,0,"[49.38271604938271, 35.55555555555556, 30.0]","[1.0, 0.81, 0.81]",0.5904900000000002,218.35809514968625,-18.35809514968625
3798,01101010,010,000,1,0,"[35.55555555555556, 49.38271604938271, 30.0]","[0.81, 1.0, 0.81]",0.5904900000000002,218.35809514968625,-18.35809514968625
3799,00000100,101,000,1,0,"[51.821368693796664, 33.55555555555556, 43.8957475994513]","[1.0, 0.7290000000000001, 1.0]",0.6561000000000001,218.37017504771148,-18.370175047711484
3800,00000101,101,000,1,0,"[51.821368693796664, 33.55555555555556, 43.895747599451305]","[1.0, 0.7290000000000001, 1.0]",0.6561000000000001,218.37017504771148,-18.370175047711484
3801,00100000,011,000,1,0,"[33.55555555555556, 51.821368693796664, 43.8957475994513]","[0.7290000000000001, 1.0, 1.0]",0.6561000000000001,218.37017504771148,-18.370175047711484
3802,00100001,011,000,1,0,"[33.55555555555556, 51.821368693796664, 43.895747599451305]","[0.7290000000000001, 1.0, 1.0]",0.6561000000000001,218.37017504771148,-18.370175047711484
3803,10010011,011,000,0,0,"[31.333333333333332, 48.46822130772747, 41.7283950617284]","[0.7290000000000001, 1.0, 1.0]",0.6561000000000001,218.39041259379542,-18.390412593795418
3804,10010011,101,000,0,0,"[48.46822130772747, 31.333333333333332, 41.7283950617284]","[1.0, 0.7290000000000001, 1.0]",0.6561000000000001,218.39041259379542,-18.390412593795418
3805,00011111,011,001,1,0,"[30.0, 45.432098765432094, 39.55555555555556]","[0.6561000000000001, 1.0, 1.0]",0.5904900000000002,218.44172521293774,-18.44172521293774
3806,11100011,101,001,1,0,"[45.432098765432094, 30.0, 39.55555555555556]","[1.0, 0.6561000000000001, 1.0]",0.5904900000000002,218.44172521293774,-18.44172521293774
3807,00110011,011,001,0,0,"[33.55555555555556, 48.46822130772747, 39.55555555555556]","[0.7290000000000001, 1.0, 1.0]",0.6561000000000001,218.4656796507218,-18.465679650721796
3808,10000111,101,001,0,0,"[48.46822130772747, 33.55555555555556, 39.55555555555556]","[1.0, 0.7290000000000001, 1.0]",0.6561000000000001,218.4656796507218,-18.465679650721796
3809,01101100,001,000,1,0,"[35.55555555555556, 35.55555555555556, 43.8957475994513]","[0.81, 0.81, 1.0]",0.5904900000000002,218.47424801531335,-18.47424801531335
3810,01101101,001,000,1,0,"[35.55555555555556, 35.55555555555556, 43.895747599451305]","[0.81, 0.81, 1.0]",0.5904900000000002,218.47424801531335,-18.47424801531335
3811,00111010,011,000,0,0,"[33.55555555555556, 46.09053497942386, 41.9753086419753]","[0.7290000000000001, 1.0, 1.0]",0.6561000000000001,218.52979603254792,-18.52979603254792
3812,11000110,101,000,0,0,"[46.09053497942386, 33.55555555555556, 41.9753086419753]","[1.0, 0.7290000000000001, 1.0]",0.6561000000000001,218.52979603254792,-18.52979603254792
3813,00110111,010,000,1,0,"[33.55555555555556, 48.01097393689986, 33.55555555555556]","[0.7290000000000001, 1.0, 0.9]",0.5904900000000002,218.66938482956687,-18.669384829566866
3814,01110101,010,000,1,0,"[35.55555555555556, 48.01097393689986, 31.555555555555557]","[0.81, 1.0, 0.81]",0.5904900000000002,218.66938482956687,-18.669384829566866
3815,10100111,100,000,1,0,"[48.01097393689986, 33.55555555555556, 33.55555555555556]","[1.0, 0.7290000000000001, 0.9]",0.5904900000000002,218.66938482956687,-18.669384829566866
3816,10101101,100,000,1,0,"[48.01097393689986, 35.55555555555556, 31.555555555555557]","[1.0, 0.81, 0.81]",0.5904900000000002,218.66938482956687,-18.669384829566866
3817,01010111,011,000,0,0,"[32.0, 48.01097393689986, 41.7283950617284]","[0.7290000000000001, 1.0, 1.0]",0.6561000000000001,218.70960066853868,-18.709600668538684
3818,10101011,101,000,0,0,"[48.01097393689986, 32.0, 41.7283950617284]","[1.0, 0.7290000000000001, 1.0]",0.6561000000000001,218.70960066853868,-18.709600668538684
3819,00011010,100,000,1,0,"[51.821368693796664, 33.33333333333333, 30.0]","[1.0, 0.81, 0.81]",0.5904900000000002,218.72462197010947,-18.724621970109467
3820,11000010,010,000,1,0,"[33.33333333333333, 51.821368693796664, 30.0]","[0.81, 1.0, 0.81]",0.5904900000000002,218.72462197010947,-18.724621970109467
3821,10010010,011,000,0,0,"[31.333333333333332, 48.46822130772747, 41.9753086419753]","[0.7290000000000001, 1.0, 1.0]",0.6561000000000001,218.7667478784272,-18.766747878427196
3822,10010010,101,000,0,0,"[48.46822130772747, 31.333333333333332, 41.9753086419753]","[1.0, 0.7290000000000001, 1.0]",0.6561000000000001,218.7667478784272,-18.766747878427196
3823,01110101,100,000,1,0,"[48.83401920438958, 34.888888888888886, 31.555555555555557]","[1.0, 0.81, 0.81]",0.5904900000000002,218.93421336319662,-18.93421336319662
3824,10101101,010,000,1,0,"[34.888888888888886, 48.83401920438958, 31.555555555555557]","[0.81, 1.0, 0.81]",0.5904900000000002,218.93421336319662,-18.93421336319662
3825,01110011,101,000,0,0,"[48.83401920438958, 31.333333333333332, 41.7283950617284]","[1.0, 0.7290000000000001, 1.0]",0.6561000000000001,218.9479463488055,-18.947946348805488
3826,10001111,011,000,0,0,"[31.333333333333332, 48.83401920438958, 41.7283950617284]","[0.7290000000000001, 1.0, 1.0]",0.6561000000000001,218.9479463488055,-18.947946348805488
3827,10011100,110,000,0,0,"[48.46822130772747, 45.432098765432094, 28.0]","[1.0, 1.0, 0.7290000000000001]",0.6561000000000001,218.95491552074307,-18.95491552074307
3828,11110000,110,000,0,0,"[45.432098765432094, 48.46822130772747, 28.0]","[1.0, 1.0, 0.7290000000000001]",0.6561000000000001,218.95491552074307,-18.95491552074307
3829,00101111,011,001,0,0,"[33.55555555555556, 48.83401920438958, 39.55555555555556]","[0.7290000000000001, 1.0, 1.0]",0.6561000000000001,219.02321340573187,-19.023213405731866
3830,01100111,101,001,0,0,"[48.83401920438958, 33.55555555555556, 39.55555555555556]","[1.0, 0.7290000000000001, 1.0]",0.6561000000000001,219.02321340573187,-19.023213405731866
3831,01010110,011,000,0,0,"[32.0, 48.01097393689986, 41.9753086419753]","[0.7290000000000001, 1.0, 1.0]",0.6561000000000001,219.08593595317043,-19.085935953170434
3832,01011000,011,000,0,0,"[32.0, 46.09053497942386, 43.8957475994513]","[0.7290000000000001, 1.0, 1.0]",0.6561000000000001,219.08593595317043,-19.085935953170434
3833,01011001,011,000,0,0,"[32.0, 46.09053497942386, 43.895747599451305]","[0.7290000000000001, 1.0, 1.0]",0.6561000000000001,219.08593595317043,-19.085935953170434
3834,10101010,101,000,0,0,"[48.01097393689986, 32.0, 41.9753086419753]","[1.0, 0.7290000000000001, 1.0]",0.6561000000000001,219.08593595317043,-19.085935953170434
3835,11001000,101,000,0,0,"[46.09053497942386, 32.0, 43.8957475994513]","[1.0, 0.7290000000000001, 1.0]",0.6561000000000001,219.08593595317043,-19.085935953170434
3836,11001001,101,000,0,0,"[46.09053497942386, 32.0, 43.895747599451305]","[1.0, 0.7290000000000001, 1.0]",0.6561000000000001,219.08593595317043,-19.085935953170434
3837,01011111,000,000,1,0,"[32.0, 36.888888888888886, 33.55555555555556]","[0.7290000000000001, 0.9, 0.9]",0.5314410000000002,219.1107657189498,-19.110765718949807
3838,01111011,000,000,1,0,"[35.55555555555556, 33.33333333333333, 33.55555555555556]","[0.81, 0.81, 0.9]",0.5314410000000002,219.1107657189498,-19.110765718949807
3839,11001111,000,000,1,0,"[33.33333333333333, 35.55555555555556, 33.55555555555556]","[0.81, 0.81, 0.9]",0.5314410000000002,219.1107657189498,-19.110765718949807
3840,11101011,000,000,1,0,"[36.888888888888886, 32.0, 33.55555555555556]","[0.9, 0.7290000000000001, 0.9]",0.5314410000000002,219.1107657189498,-19.110765718949807
3841,01111110,000,000,1,0,"[35.55555555555556, 36.888888888888886, 30.0]","[0.81, 0.9, 0.81]",0.531441,219.11076571894986,-19.110765718949864
3842,11101110,000,000,1,0,"[36.888888888888886, 35.55555555555556, 30.0]","[0.9, 0.81, 0.81]",0.531441,219.11076571894986,-19.110765718949864
3843,10111000,110,000,0,0,"[48.01097393689986, 46.09053497942386, 28.0]","[1.0, 1.0, 0.7290000000000001]",0.6561000000000001,219.2615590859986,-19.261559085998613
3844,11010100,110,000,0,0,"[46.09053497942386, 48.01097393689986, 28.0]","[1.0, 1.0, 0.7290000000000001]",0.6561000000000001,219.2615590859986,-19.261559085998613
3845,01110010,101,000,0,0,"[48.83401920438958, 31.333333333333332, 41.9753086419753]","[1.0, 0.7290000000000001, 1.0]",0.6561000000000001,219.32428163343727,-19.324281633437266
3846,10001110,011,000,0,0,"[31.333333333333332, 48.83401920438958, 41.9753086419753]","[0.7290000000000001, 1.0, 1.0]",0.6561000000000001,219.32428163343727,-19.324281633437266
3847,01010011,011,000,0,0,"[32.0, 48.46822130772747, 41.7283950617284]","[0.7290000000000001, 1.0, 1.0]",0.6561000000000001,219.4065178623012,-19.4065178623012
3848,10001011,101,000,0,0,"[48.46822130772747, 32.0, 41.7283950617284]","[1.0, 0.7290000000000001, 1.0]",0.6561000000000001,219.4065178623012,-19.4065178623012
3849,00110011,010,000,1,0,"[33.55555555555556, 48.46822130772747, 33.55555555555556]","[0.7290000000000001, 1.0, 0.9]",0.5904900000000002,219.44373726708082,-19.44373726708082
3850,01110001,010,000,1,0,"[35.55555555555556, 48.46822130772747, 31.555555555555557]","[0.81, 1.0, 0.81]",0.5904900000000002,219.44373726708082,-19.44373726708082
3851,10000111,100,000,1,0,"[48.46822130772747, 33.55555555555556, 33.55555555555556]","[1.0, 0.7290000000000001, 0.9]",0.5904900000000002,219.44373726708082,-19.44373726708082
3852,10001101,100,000,1,0,"[48.46822130772747, 35.55555555555556, 31.555555555555557]","[1.0, 0.81, 0.81]",0.5904900000000002,219.44373726708082,-19.44373726708082
3853,01111100,110,000,0,0,"[48.83401920438958, 45.432098765432094, 28.0]","[1.0, 1.0, 0.7290000000000001]",0.6561000000000001,219.51244927575314,-19.51244927575314
3854,11101100,110,000,0,0,"[45.432098765432094, 48.83401920438958, 28.0]","[1.0, 1.0, 0.7290000000000001]",0.6561000000000001,219.51244927575314,-19.51244927575314
3855,00011011,011,001,1,0,"[30.0, 46.09053497942386, 39.55555555555556]","[0.6561000000000001, 1.0, 1.0]",0.5904900000000002,219.55679272295782,-19.556792722957823
3856,11000011,101,001,1,0,"[46.09053497942386, 30.0, 39.55555555555556]","[1.0, 0.6561000000000001, 1.0]",0.5904900000000002,219.55679272295782,-19.556792722957823
3857,10111111,000,000,0,0,"[34.888888888888886, 36.888888888888886, 33.55555555555556]","[0.81, 0.9, 0.9]",0.5904900000000002,219.67134639593098,-19.671346395930982
3858,11110111,000,000,0,0,"[36.888888888888886, 34.888888888888886, 33.55555555555556]","[0.9, 0.81, 0.9]",0.5904900000000002,219.67134639593098,-19.671346395930982
3859,11111101,000,000,0,0,"[36.888888888888886, 36.888888888888886, 31.555555555555557]","[0.9, 0.9, 0.81]",0.5904900000000002,219.67134639593098,-19.671346395930982
3860,00110011,101,001,0,0,"[51.51653711324493, 31.333333333333332, 39.55555555555556]","[1.0, 0.7290000000000001, 1.0]",0.6561000000000001,219.72477671411949,-19.724776714119486
3861,00111100,110,010,0,0,"[51.51653711324493, 42.888888888888886, 28.0]","[1.0, 1.0, 0.7290000000000001]",0.6561000000000001,219.72477671411949,-19.724776714119486
3862,10000111,011,001,0,0,"[31.333333333333332, 51.51653711324493, 39.55555555555556]","[0.7290000000000001, 1.0, 1.0]",0.6561000000000001,219.72477671411949,-19.724776714119486
3863,11100100,110,100,0,0,"[42.888888888888886, 51.51653711324493, 28.0]","[1.0, 1.0, 0.7290000000000001]",0.6561000000000001,219.72477671411949,-19.724776714119486
3864,01010010,011,000,0,0,"[32.0, 48.46822130772747, 41.9753086419753]","[0.7290000000000001, 1.0, 1.0]",0.6561000000000001,219.78285314693298,-19.78285314693298
3865,10001010,101,000,0,0,"[48.46822130772747, 32.0, 41.9753086419753]","[1.0, 0.7290000000000001, 1.0]",0.6561000000000001,219.78285314693298,-19.78285314693298
3866,01010011,101,000,0,0,"[49.38271604938271, 31.333333333333332, 41.7283950617284]","[1.0, 0.7290000000000001, 1.0]",0.6561000000000001,219.78424698132056,-19.784246981320564
3867,10001011,011,000,0,0,"[31.333333333333332, 49.38271604938271, 41.7283950617284]","[0.7290000000000001, 1.0, 1.0]",0.6561000000000001,219.78424698132056,-19.784246981320564
3868,00101011,011,001,0,0,"[33.55555555555556, 49.38271604938271, 39.55555555555556]","[0.7290000000000001, 1.0, 1.0]",0.6561000000000001,219.8595140382469,-19.859514038246914
3869,01000111,101,001,0,0,"[49.38271604938271, 33.55555555555556, 39.55555555555556]","[1.0, 0.7290000000000001, 1.0]",0.6561000000000001,219.8595140382469,-19.859514038246914
3870,01010101,100,000,1,0,"[49.38271604938271, 34.888888888888886, 31.555555555555557]","[1.0, 0.81, 0.81]",0.5904900000000002,219.86343628821334,-19.863436288213336
3871,10101001,010,000,1,0,"[34.888888888888886, 49.38271604938271, 31.555555555555557]","[0.81, 1.0, 0.81]",0.5904900000000002,219.86343628821334,-19.863436288213336
3872,10011000,110,000,0,0,"[48.46822130772747, 46.09053497942386, 28.0]","[1.0, 1.0, 0.7290000000000001]",0.6561000000000001,219.95847627976113,-19.95847627976113
3873,11010000,110,000,0,0,"[46.09053497942386, 48.46822130772747, 28.0]","[1.0, 1.0, 0.7290000000000001]",0.6561000000000001,219.95847627976113,-19.95847627976113
3874,01001111,011,000,0,0,"[32.0, 48.83401920438958, 41.7283950617284]","[0.7290000000000001, 1.0, 1.0]",0.6561000000000001,219.9640516173113,-19.9640516173113
3875,01101011,101,000,0,0,"[48.83401920438958, 32.0, 41.7283950617284]","[1.0, 0.7290000000000001, 1.0]",0.6561000000000001,219.9640516173113,-19.9640516173113
3876,00101111,010,000,1,0,"[33.55555555555556, 48.83401920438958, 33.55555555555556]","[0.7290000000000001, 1.0, 0.9]",0.5904900000000002,220.063219217092,-20.063219217092012
3877,01100111,100,000,1,0,"[48.83401920438958, 33.55555555555556, 33.55555555555556]","[1.0, 0.7290000000000001, 0.9]",0.5904900000000002,220.063219217092,-20.063219217092012
3878,01101101,010,000,1,0,"[35.55555555555556, 48.83401920438958, 31.555555555555557]","[0.81, 1.0, 0.81]",0.5904900000000002,220.063219217092,-20.063219217092012
3879,01101101,100,000,1,0,"[48.83401920438958, 35.55555555555556, 31.555555555555557]","[1.0, 0.81, 0.81]",0.5904900000000002,220.063219217092,-20.063219217092012
3880,01010010,101,000,0,0,"[49.38271604938271, 31.333333333333332, 41.9753086419753]","[1.0, 0.7290000000000001, 1.0]",0.6561000000000001,220.1605822659523,-20.160582265952314
3881,10001010,011,000,0,0,"[31.333333333333332, 49.38271604938271, 41.9753086419753]","[0.7290000000000001, 1.0, 1.0]",0.6561000000000001,220.1605822659523,-20.160582265952314
3882,00010011,101,001,0,0,"[51.821368693796664, 31.333333333333332, 39.55555555555556]","[1.0, 0.7290000000000001, 1.0]",0.6561000000000001,220.18938817662786,-20.18938817662786
3883,00011100,110,010,0,0,"[51.821368693796664, 42.888888888888886, 28.0]","[1.0, 1.0, 0.7290000000000001]",0.6561000000000001,220.18938817662786,-20.18938817662786
3884,10000011,011,001,0,0,"[31.333333333333332, 51.821368693796664, 39.55555555555556]","[0.7290000000000001, 1.0, 1.0]",0.6561000000000001,220.18938817662786,-20.18938817662786
3885,11100000,110,100,0,0,"[42.888888888888886, 51.821368693796664, 28.0]","[1.0, 1.0, 0.7290000000000001]",0.6561000000000001,220.18938817662786,-20.18938817662786
3886,01001110,011,000,0,0,"[32.0, 48.83401920438958, 41.9753086419753]","[0.7290000000000001, 1.0, 1.0]",0.6561000000000001,220.34038690194308,-20.340386901943077
3887,01101010,101,000,0,0,"[48.83401920438958, 32.0, 41.9753086419753]","[1.0, 0.7290000000000001, 1.0]",0.6561000000000001,220.34038690194308,-20.340386901943077
3888,01011100,110,000,0,0,"[49.38271604938271, 45.432098765432094, 28.0]","[1.0, 1.0, 0.7290000000000001]",0.6561000000000001,220.34874990826822,-20.348749908268218
3889,11101000,110,000,0,0,"[45.432098765432094, 49.38271604938271, 28.0]","[1.0, 1.0, 0.7290000000000001]",0.6561000000000001,220.34874990826822,-20.348749908268218
3890,00111100,011,000,0,0,"[33.55555555555556, 45.432098765432094, 43.8957475994513]","[0.7290000000000001, 1.0, 1.0]",0.6561000000000001,220.4532874873326,-20.453287487332602
3891,00111101,011,000,0,0,"[33.55555555555556, 45.432098765432094, 43.895747599451305]","[0.7290000000000001, 1.0, 1.0]",0.6561000000000001,220.4532874873326,-20.453287487332602
3892,11100100,101,000,0,0,"[45.432098765432094, 33.55555555555556, 43.8957475994513]","[1.0, 0.7290000000000001, 1.0]",0.6561000000000001,220.4532874873326,-20.453287487332602
3893,11100101,101,000,0,0,"[45.432098765432094, 33.55555555555556, 43.895747599451305]","[1.0, 0.7290000000000001, 1.0]",0.6561000000000001,220.4532874873326,-20.453287487332602
3894,01111000,110,000,0,0,"[48.83401920438958, 46.09053497942386, 28.0]","[1.0, 1.0, 0.7290000000000001]",0.6561000000000001,220.51601003477123,-20.516010034771227
3895,11001100,110,000,0,0,"[46.09053497942386, 48.83401920438958, 28.0]","[1.0, 1.0, 0.7290000000000001]",0.6561000000000001,220.51601003477123,-20.516010034771227
3896,00101011,101,001,0,0,"[51.51653711324493, 32.0, 39.55555555555556]","[1.0, 0.7290000000000001, 1.0]",0.6561000000000001,220.7408819826253,-20.740881982625297
3897,01000111,011,001,0,0,"[32.0, 51.51653711324493, 39.55555555555556]","[0.7290000000000001, 1.0, 1.0]",0.6561000000000001,220.7408819826253,-20.740881982625297
3898,10110111,000,000,1,0,"[34.888888888888886, 34.888888888888886, 33.55555555555556]","[0.81, 0.81, 0.9]",0.5314410000000002,220.78336698397996,-20.78336698397996
3899,10111101,000,000,1,0,"[34.888888888888886, 36.888888888888886, 31.555555555555557]","[0.81, 0.9, 0.81]",0.531441,220.78336698398002,-20.783366983980017
3900,11110101,000,000,1,0,"[36.888888888888886, 34.888888888888886, 31.555555555555557]","[0.9, 0.81, 0.81]",0.531441,220.78336698398002,-20.783366983980017
3901,01001011,011,000,0,0,"[32.0, 49.38271604938271, 41.7283950617284]","[0.7290000000000001, 1.0, 1.0]",0.6561000000000001,220.80035224982637,-20.800352249826375
3902,01001011,101,000,0,0,"[49.38271604938271, 32.0, 41.7283950617284]","[1.0, 0.7290000000000001, 1.0]",0.6561000000000001,220.80035224982637,-20.800352249826375
3903,01111111,000,000,0,0,"[35.55555555555556, 36.888888888888886, 33.55555555555556]","[0.81, 0.9, 0.9]",0.5904900000000002,220.80035224982637,-20.800352249826375
3904,11101111,000,000,0,0,"[36.888888888888886, 35.55555555555556, 33.55555555555556]","[0.9, 0.81, 0.9]",0.5904900000000002,220.80035224982637,-20.800352249826375
3905,00110011,100,000,1,0,"[51.51653711324493, 31.333333333333332, 33.55555555555556]","[1.0, 0.7290000000000001, 0.9]",0.5904900000000002,220.84273400418937,-20.842734004189367
3906,00110110,100,000,1,0,"[51.51653711324493, 34.888888888888886, 30.0]","[1.0, 0.81, 0.81]",0.5904900000000002,220.84273400418937,-20.842734004189367
3907,00111001,100,000,1,0,"[51.51653711324493, 33.33333333333333, 31.555555555555557]","[1.0, 0.81, 0.81]",0.5904900000000002,220.84273400418937,-20.842734004189367
3908,00111100,100,000,1,0,"[51.51653711324493, 36.888888888888886, 28.0]","[1.0, 0.9, 0.7290000000000001]",0.5904900000000002,220.84273400418937,-20.842734004189367
3909,10000111,010,000,1,0,"[31.333333333333332, 51.51653711324493, 33.55555555555556]","[0.7290000000000001, 1.0, 0.9]",0.5904900000000002,220.84273400418937,-20.842734004189367
3910,10100110,010,000,1,0,"[34.888888888888886, 51.51653711324493, 30.0]","[0.81, 1.0, 0.81]",0.5904900000000002,220.84273400418937,-20.842734004189367
3911,11000101,010,000,1,0,"[33.33333333333333, 51.51653711324493, 31.555555555555557]","[0.81, 1.0, 0.81]",0.5904900000000002,220.84273400418937,-20.842734004189367
3912,11100100,010,000,1,0,"[36.888888888888886, 51.51653711324493, 28.0]","[0.9, 1.0, 0.7290000000000001]",0.5904900000000002,220.84273400418937,-20.842734004189367
3913,00101011,010,000,1,0,"[33.55555555555556, 49.38271604938271, 33.55555555555556]","[0.7290000000000001, 1.0, 0.9]",0.5904900000000002,220.99244214210873,-20.99244214210873
3914,01000111,100,000,1,0,"[49.38271604938271, 33.55555555555556, 33.55555555555556]","[1.0, 0.7290000000000001, 0.9]",0.5904900000000002,220.99244214210873,-20.99244214210873
3915,01001101,100,000,1,0,"[49.38271604938271, 35.55555555555556, 31.555555555555557]","[1.0, 0.81, 0.81]",0.5904900000000002,220.99244214210873,-20.99244214210873
3916,01101001,010,000,1,0,"[35.55555555555556, 49.38271604938271, 31.555555555555557]","[0.81, 1.0, 0.81]",0.5904900000000002,220.99244214210873,-20.99244214210873
3917,10010100,011,000,0,0,"[31.333333333333332, 48.01097393689986, 43.8957475994513]","[0.7290000000000001, 1.0, 1.0]",0.6561000000000001,220.9968828984674,-20.99688289846739
3918,10110000,101,000,0,0,"[48.01097393689986, 31.333333333333332, 43.8957475994513]","[1.0, 0.7290000000000001, 1.0]",0.6561000000000001,220.9968828984674,-20.99688289846739
3919,10010101,011,000,0,0,"[31.333333333333332, 48.01097393689986, 43.895747599451305]","[0.7290000000000001, 1.0, 1.0]",0.6561000000000001,220.99688289846745,-20.996882898467447
3920,10110001,101,000,0,0,"[48.01097393689986, 31.333333333333332, 43.895747599451305]","[1.0, 0.7290000000000001, 1.0]",0.6561000000000001,220.99688289846745,-20.996882898467447
3921,00100100,110,000,1,0,"[51.51653711324493, 51.51653711324493, 28.0]","[1.0, 1.0, 0.7290000000000001]",0.6561000000000001,221.05330624369736,-21.053306243697364
3922,00110111,011,000,0,0,"[33.55555555555556, 48.01097393689986, 41.7283950617284]","[0.7290000000000001, 1.0, 1.0]",0.6561000000000001,221.0805129617189,-21.08051296171891
3923,10100111,101,000,0,0,"[48.01097393689986, 33.55555555555556, 41.7283950617284]","[1.0, 0.7290000000000001, 1.0]",0.6561000000000001,221.0805129617189,-21.08051296171891
3924,11011011,001,001,0,0,"[33.33333333333333, 33.33333333333333, 39.55555555555556]","[0.81, 0.81, 1.0]",0.5904900000000002,221.1766875344581,-21.176687534458097
3925,11011110,010,010,0,0,"[33.33333333333333, 42.888888888888886, 30.0]","[0.81, 1.0, 0.81]",0.5904900000000002,221.1766875344581,-21.176687534458097
3926,11111010,100,100,0,0,"[42.888888888888886, 33.33333333333333, 30.0]","[1.0, 0.81, 0.81]",0.5904900000000002,221.1766875344581,-21.176687534458097
3927,01001010,011,000,0,0,"[32.0, 49.38271604938271, 41.9753086419753]","[0.7290000000000001, 1.0, 1.0]",0.6561000000000001,221.17668753445815,-21.176687534458154
3928,01001010,101,000,0,0,"[49.38271604938271, 32.0, 41.9753086419753]","[1.0, 0.7290000000000001, 1.0]",0.6561000000000001,221.17668753445815,-21.176687534458154
3929,00001011,101,001,0,0,"[51.821368693796664, 32.0, 39.55555555555556]","[1.0, 0.7290000000000001, 1.0]",0.6561000000000001,221.20549344513364,-21.20549344513364
3930,01000011,011,001,0,0,"[32.0, 51.821368693796664, 39.55555555555556]","[0.7290000000000001, 1.0, 1.0]",0.6561000000000001,221.20549344513364,-21.20549344513364
3931,01011000,110,000,0,0,"[49.38271604938271, 46.09053497942386, 28.0]","[1.0, 1.0, 0.7290000000000001]",0.6561000000000001,221.3523106672863,-21.352310667286304
3932,11001000,110,000,0,0,"[46.09053497942386, 49.38271604938271, 28.0]","[1.0, 1.0, 0.7290000000000001]",0.6561000000000001,221.3523106672863,-21.352310667286304
3933,00010011,100,000,1,0,"[51.821368693796664, 31.333333333333332, 33.55555555555556]","[1.0, 0.7290000000000001, 0.9]",0.5904900000000002,221.358968962532,-21.358968962532003
3934,00010110,100,000,1,0,"[51.821368693796664, 34.888888888888886, 30.0]","[1.0, 0.81, 0.81]",0.5904900000000002,221.358968962532,-21.358968962532003
3935,00011001,100,000,1,0,"[51.821368693796664, 33.33333333333333, 31.555555555555557]","[1.0, 0.81, 0.81]",0.5904900000000002,221.358968962532,-21.358968962532003
3936,00011100,100,000,1,0,"[51.821368693796664, 36.888888888888886, 28.0]","[1.0, 0.9, 0.7290000000000001]",0.5904900000000002,221.358968962532,-21.358968962532003
3937,10000011,010,000,1,0,"[31.333333333333332, 51.821368693796664, 33.55555555555556]","[0.7290000000000001, 1.0, 0.9]",0.5904900000000002,221.358968962532,-21.358968962532003
3938,10100010,010,000,1,0,"[34.888888888888886, 51.821368693796664, 30.0]","[0.81, 1.0, 0.81]",0.5904900000000002,221.358968962532,-21.358968962532003
3939,11000001,010,000,1,0,"[33.33333333333333, 51.821368693796664, 31.555555555555557]","[0.81, 1.0, 0.81]",0.5904900000000002,221.358968962532,-21.358968962532003
3940,11100000,010,000,1,0,"[36.888888888888886, 51.821368693796664, 28.0]","[0.9, 1.0, 0.7290000000000001]",0.5904900000000002,221.358968962532,-21.358968962532003
3941,00110110,011,000,0,0,"[33.55555555555556, 48.01097393689986, 41.9753086419753]","[0.7290000000000001, 1.0, 1.0]",0.6561000000000001,221.4568482463507,-21.456848246350688
3942,00111000,011,000,0,0,"[33.55555555555556, 46.09053497942386, 43.8957475994513]","[0.7290000000000001, 1.0, 1.0]",0.6561000000000001,221.4568482463507,-21.456848246350688
3943,00111001,011,000,0,0,"[33.55555555555556, 46.09053497942386, 43.895747599451305]","[0.7290000000000001, 1.0, 1.0]",0.6561000000000001,221.4568482463507,-21.456848246350688
3944,10100110,101,000,0,0,"[48.01097393689986, 33.55555555555556, 41.9753086419753]","[1.0, 0.7290000000000001, 1.0]",0.6561000000000001,221.4568482463507,-21.456848246350688
3945,11000100,101,000,0,0,"[46.09053497942386, 33.55555555555556, 43.8957475994513]","[1.0, 0.7290000000000001, 1.0]",0.6561000000000001,221.4568482463507,-21.456848246350688
3946,11000101,101,000,0,0,"[46.09053497942386, 33.55555555555556, 43.895747599451305]","[1.0, 0.7290000000000001, 1.0]",0.6561000000000001,221.4568482463507,-21.456848246350688
3947,00011100,011,010,1,0,"[30.0, 42.888888888888886, 43.8957475994513]","[0.6561000000000001, 1.0, 1.0]",0.5904900000000002,221.48493029236764,-21.484930292367636
3948,00011101,011,010,1,0,"[30.0, 42.888888888888886, 43.895747599451305]","[0.6561000000000001, 1.0, 1.0]",0.5904900000000002,221.48493029236764,-21.484930292367636
3949,11100000,101,100,1,0,"[42.888888888888886, 30.0, 43.8957475994513]","[1.0, 0.6561000000000001, 1.0]",0.5904900000000002,221.48493029236764,-21.484930292367636
3950,11100001,101,100,1,0,"[42.888888888888886, 30.0, 43.895747599451305]","[1.0, 0.6561000000000001, 1.0]",0.5904900000000002,221.48493029236764,-21.484930292367636
3951,00000100,110,000,1,0,"[51.821368693796664, 51.51653711324493, 28.0]","[1.0, 1.0, 0.7290000000000001]",0.6561000000000001,221.51791770620568,-21.51791770620568
3952,00100000,110,000,1,0,"[51.51653711324493, 51.821368693796664, 28.0]","[1.0, 1.0, 0.7290000000000001]",0.6561000000000001,221.51791770620568,-21.51791770620568
3953,10010000,011,000,0,0,"[31.333333333333332, 48.46822130772747, 43.8957475994513]","[0.7290000000000001, 1.0, 1.0]",0.6561000000000001,221.69380009222996,-21.693800092229964
3954,10010000,101,000,0,0,"[48.46822130772747, 31.333333333333332, 43.8957475994513]","[1.0, 0.7290000000000001, 1.0]",0.6561000000000001,221.69380009222996,-21.693800092229964
3955,10010001,011,000,0,0,"[31.333333333333332, 48.46822130772747, 43.895747599451305]","[0.7290000000000001, 1.0, 1.0]",0.6561000000000001,221.69380009222996,-21.693800092229964
3956,10010001,101,000,0,0,"[48.46822130772747, 31.333333333333332, 43.895747599451305]","[1.0, 0.7290000000000001, 1.0]",0.6561000000000001,221.69380009222996,-21.693800092229964
3957,00110011,011,000,0,0,"[33.55555555555556, 48.46822130772747, 41.7283950617284]","[0.7290000000000001, 1.0, 1.0]",0.6561000000000001,221.77743015548148,-21.777430155481483
3958,10000111,101,000,0,0,"[48.46822130772747, 33.55555555555556, 41.7283950617284]","[1.0, 0.7290000000000001, 1.0]",0.6561000000000001,221.77743015548148,-21.777430155481483
3959,00101011,100,000,1,0,"[51.51653711324493, 32.0, 33.55555555555556]","[1.0, 0.7290000000000001, 0.9]",0.5904900000000002,221.9717398580847,-21.971739858084703
3960,00101110,100,000,1,0,"[51.51653711324493, 35.55555555555556, 30.0]","[1.0, 0.81, 0.81]",0.5904900000000002,221.9717398580847,-21.971739858084703
3961,01000111,010,000,1,0,"[32.0, 51.51653711324493, 33.55555555555556]","[0.7290000000000001, 1.0, 0.9]",0.5904900000000002,221.9717398580847,-21.971739858084703
3962,01100110,010,000,1,0,"[35.55555555555556, 51.51653711324493, 30.0]","[0.81, 1.0, 0.81]",0.5904900000000002,221.9717398580847,-21.971739858084703
3963,00000000,110,000,1,0,"[51.821368693796664, 51.821368693796664, 28.0]","[1.0, 1.0, 0.7290000000000001]",0.6561000000000001,221.98252916871408,-21.98252916871408
3964,01010100,011,000,0,0,"[32.0, 48.01097393689986, 43.8957475994513]","[0.7290000000000001, 1.0, 1.0]",0.6561000000000001,222.0129881669732,-22.0129881669732
3965,10101000,101,000,0,0,"[48.01097393689986, 32.0, 43.8957475994513]","[1.0, 0.7290000000000001, 1.0]",0.6561000000000001,222.0129881669732,-22.0129881669732
3966,01010101,011,000,0,0,"[32.0, 48.01097393689986, 43.895747599451305]","[0.7290000000000001, 1.0, 1.0]",0.6561000000000001,222.01298816697323,-22.01298816697323
3967,10101001,101,000,0,0,"[48.01097393689986, 32.0, 43.895747599451305]","[1.0, 0.7290000000000001, 1.0]",0.6561000000000001,222.01298816697323,-22.01298816697323
3968,00111111,000,000,1,0,"[33.55555555555556, 36.888888888888886, 33.55555555555556]","[0.7290000000000001, 0.9, 0.9]",0.5314410000000002,222.03781793275257,-22.037817932752574
3969,01110111,000,000,1,0,"[35.55555555555556, 34.888888888888886, 33.55555555555556]","[0.81, 0.81, 0.9]",0.5314410000000002,222.03781793275257,-22.037817932752574
3970,10101111,000,000,1,0,"[34.888888888888886, 35.55555555555556, 33.55555555555556]","[0.81, 0.81, 0.9]",0.5314410000000002,222.03781793275257,-22.037817932752574
3971,11100111,000,000,1,0,"[36.888888888888886, 33.55555555555556, 33.55555555555556]","[0.9, 0.7290000000000001, 0.9]",0.5314410000000002,222.03781793275257,-22.037817932752574
3972,01111101,000,000,1,0,"[35.55555555555556, 36.888888888888886, 31.555555555555557]","[0.81, 0.9, 0.81]",0.531441,222.03781793275263,-22.03781793275263
3973,11101101,000,000,1,0,"[36.888888888888886, 35.55555555555556, 31.555555555555557]","[0.9, 0.81, 0.81]",0.531441,222.03781793275263,-22.03781793275263
3974,00011111,011,000,1,0,"[30.0, 45.432098765432094, 41.7283950617284]","[0.6561000000000001, 1.0, 1.0]",0.5904900000000002,222.12144799600412,-22.12144799600412
3975,11100011,101,000,1,0,"[45.432098765432094, 30.0, 41.7283950617284]","[1.0, 0.6561000000000001, 1.0]",0.5904900000000002,222.12144799600412,-22.12144799600412
3976,00110010,011,000,0,0,"[33.55555555555556, 48.46822130772747, 41.9753086419753]","[0.7290000000000001, 1.0, 1.0]",0.6561000000000001,222.15376544011326,-22.15376544011326
3977,10000110,101,000,0,0,"[48.46822130772747, 33.55555555555556, 41.9753086419753]","[1.0, 0.7290000000000001, 1.0]",0.6561000000000001,222.15376544011326,-22.15376544011326
3978,10110100,110,000,0,0,"[48.01097393689986, 48.01097393689986, 28.0]","[1.0, 1.0, 0.7290000000000001]",0.6561000000000001,222.18861129980138,-22.18861129980138
3979,01110000,101,000,0,0,"[48.83401920438958, 31.333333333333332, 43.8957475994513]","[1.0, 0.7290000000000001, 1.0]",0.6561000000000001,222.25133384724003,-22.251333847240033
3980,01110001,101,000,0,0,"[48.83401920438958, 31.333333333333332, 43.895747599451305]","[1.0, 0.7290000000000001, 1.0]",0.6561000000000001,222.25133384724003,-22.251333847240033
3981,10001100,011,000,0,0,"[31.333333333333332, 48.83401920438958, 43.8957475994513]","[0.7290000000000001, 1.0, 1.0]",0.6561000000000001,222.25133384724003,-22.251333847240033
3982,10001101,011,000,0,0,"[31.333333333333332, 48.83401920438958, 43.895747599451305]","[0.7290000000000001, 1.0, 1.0]",0.6561000000000001,222.25133384724003,-22.251333847240033
3983,00101111,011,000,0,0,"[33.55555555555556, 48.83401920438958, 41.7283950617284]","[0.7290000000000001, 1.0, 1.0]",0.6561000000000001,222.33496391049155,-22.334963910491552
3984,01100111,101,000,0,0,"[48.83401920438958, 33.55555555555556, 41.7283950617284]","[1.0, 0.7290000000000001, 1.0]",0.6561000000000001,222.33496391049155,-22.334963910491552
3985,10011011,001,001,1,0,"[31.333333333333332, 33.33333333333333, 39.55555555555556]","[0.7290000000000001, 0.81, 1.0]",0.531441,222.45596824901014,-22.45596824901014
3986,10011110,010,010,1,0,"[31.333333333333332, 42.888888888888886, 30.0]","[0.7290000000000001, 1.0, 0.81]",0.531441,222.45596824901014,-22.45596824901014
3987,11010011,001,001,1,0,"[33.33333333333333, 31.333333333333332, 39.55555555555556]","[0.81, 0.7290000000000001, 1.0]",0.531441,222.45596824901014,-22.45596824901014
3988,11011100,010,010,1,0,"[33.33333333333333, 42.888888888888886, 28.0]","[0.81, 1.0, 0.7290000000000001]",0.531441,222.45596824901014,-22.45596824901014
3989,11110010,100,100,1,0,"[42.888888888888886, 31.333333333333332, 30.0]","[1.0, 0.7290000000000001, 0.81]",0.531441,222.45596824901014,-22.45596824901014
3990,11111000,100,100,1,0,"[42.888888888888886, 33.33333333333333, 28.0]","[1.0, 0.81, 0.7290000000000001]",0.531441,222.45596824901014,-22.45596824901014
3991,00001011,100,000,1,0,"[51.821368693796664, 32.0, 33.55555555555556]","[1.0, 0.7290000000000001, 0.9]",0.5904900000000002,222.48797481642734,-22.48797481642734
3992,00001110,100,000,1,0,"[51.821368693796664, 35.55555555555556, 30.0]","[1.0, 0.81, 0.81]",0.5904900000000002,222.48797481642734,-22.48797481642734
3993,01000011,010,000,1,0,"[32.0, 51.821368693796664, 33.55555555555556]","[0.7290000000000001, 1.0, 0.9]",0.5904900000000002,222.48797481642734,-22.48797481642734
3994,01100010,010,000,1,0,"[35.55555555555556, 51.821368693796664, 30.0]","[0.81, 1.0, 0.81]",0.5904900000000002,222.48797481642734,-22.48797481642734
3995,00011110,011,000,1,0,"[30.0, 45.432098765432094, 41.9753086419753]","[0.6561000000000001, 1.0, 1.0]",0.5904900000000002,222.5395983122616,-22.539598312261603
3996,11100010,101,000,1,0,"[45.432098765432094, 30.0, 41.9753086419753]","[1.0, 0.6561000000000001, 1.0]",0.5904900000000002,222.5395983122616,-22.539598312261603
3997,01010000,011,000,0,0,"[32.0, 48.46822130772747, 43.8957475994513]","[0.7290000000000001, 1.0, 1.0]",0.6561000000000001,222.70990536073575,-22.709905360735746
3998,10001000,101,000,0,0,"[48.46822130772747, 32.0, 43.8957475994513]","[1.0, 0.7290000000000001, 1.0]",0.6561000000000001,222.70990536073575,-22.709905360735746
3999,01010001,011,000,0,0,"[32.0, 48.46822130772747, 43.895747599451305]","[0.7290000000000001, 1.0, 1.0]",0.6561000000000001,222.7099053607358,-22.709905360735803
4000,10001001,101,000,0,0,"[48.46822130772747, 32.0, 43.895747599451305]","[1.0, 0.7290000000000001, 1.0]",0.6561000000000001,222.7099053607358,-22.709905360735803
4001,00101110,011,000,0,0,"[33.55555555555556, 48.83401920438958, 41.9753086419753]","[0.7290000000000001, 1.0, 1.0]",0.6561000000000001,222.71129919512333,-22.71129919512333
4002,01100110,101,000,0,0,"[48.83401920438958, 33.55555555555556, 41.9753086419753]","[1.0, 0.7290000000000001, 1.0]",0.6561000000000001,222.71129919512333,-22.71129919512333
4003,00010111,011,001,1,0,"[30.0, 48.01097393689986, 39.55555555555556]","[0.6561000000000001, 1.0, 1.0]",0.5904900000000002,222.80907296051646,-22.80907296051646
4004,10100011,101,001,1,0,"[48.01097393689986, 30.0, 39.55555555555556]","[1.0, 0.6561000000000001, 1.0]",0.5904900000000002,222.80907296051646,-22.80907296051646
4005,10010100,110,000,0,0,"[48.46822130772747, 48.01097393689986, 28.0]","[1.0, 1.0, 0.7290000000000001]",0.6561000000000001,222.88552849356395,-22.885528493563953
4006,10110000,110,000,0,0,"[48.01097393689986, 48.46822130772747, 28.0]","[1.0, 1.0, 0.7290000000000001]",0.6561000000000001,222.88552849356395,-22.885528493563953
4007,00110011,101,000,0,0,"[51.51653711324493, 31.333333333333332, 41.7283950617284]","[1.0, 0.7290000000000001, 1.0]",0.6561000000000001,223.03652721887917,-23.036527218879172
4008,10000111,011,000,0,0,"[31.333333333333332, 51.51653711324493, 41.7283950617284]","[0.7290000000000001, 1.0, 1.0]",0.6561000000000001,223.03652721887917,-23.036527218879172
4009,01010000,101,000,0,0,"[49.38271604938271, 31.333333333333332, 43.8957475994513]","[1.0, 0.7290000000000001, 1.0]",0.6561000000000001,223.08763447975508,-23.08763447975508
4010,01010001,101,000,0,0,"[49.38271604938271, 31.333333333333332, 43.895747599451305]","[1.0, 0.7290000000000001, 1.0]",0.6561000000000001,223.08763447975508,-23.08763447975508
4011,10001000,011,000,0,0,"[31.333333333333332, 49.38271604938271, 43.8957475994513]","[0.7290000000000001, 1.0, 1.0]",0.6561000000000001,223.08763447975508,-23.08763447975508
4012,10001001,011,000,0,0,"[31.333333333333332, 49.38271604938271, 43.895747599451305]","[0.7290000000000001, 1.0, 1.0]",0.6561000000000001,223.08763447975508,-23.08763447975508
4013,00100111,011,001,0,0,"[33.55555555555556, 51.51653711324493, 39.55555555555556]","[0.7290000000000001, 1.0, 1.0]",0.6561000000000001,223.11179427580555,-23.11179427580555
4014,00100111,101,001,0,0,"[51.51653711324493, 33.55555555555556, 39.55555555555556]","[1.0, 0.7290000000000001, 1.0]",0.6561000000000001,223.11179427580555,-23.11179427580555
4015,00101011,011,000,0,0,"[33.55555555555556, 49.38271604938271, 41.7283950617284]","[0.7290000000000001, 1.0, 1.0]",0.6561000000000001,223.1712645430066,-23.1712645430066
4016,01000111,101,000,0,0,"[49.38271604938271, 33.55555555555556, 41.7283950617284]","[1.0, 0.7290000000000001, 1.0]",0.6561000000000001,223.1712645430066,-23.1712645430066
4017,00011011,011,000,1,0,"[30.0, 46.09053497942386, 41.7283950617284]","[0.6561000000000001, 1.0, 1.0]",0.5904900000000002,223.2365155060242,-23.236515506024205
4018,11000011,101,000,1,0,"[46.09053497942386, 30.0, 41.7283950617284]","[1.0, 0.6561000000000001, 1.0]",0.5904900000000002,223.2365155060242,-23.236515506024205
4019,01001100,011,000,0,0,"[32.0, 48.83401920438958, 43.8957475994513]","[0.7290000000000001, 1.0, 1.0]",0.6561000000000001,223.26743911574584,-23.267439115745844
4020,01001101,011,000,0,0,"[32.0, 48.83401920438958, 43.895747599451305]","[0.7290000000000001, 1.0, 1.0]",0.6561000000000001,223.26743911574584,-23.267439115745844
4021,01101000,101,000,0,0,"[48.83401920438958, 32.0, 43.8957475994513]","[1.0, 0.7290000000000001, 1.0]",0.6561000000000001,223.26743911574584,-23.267439115745844
4022,01101001,101,000,0,0,"[48.83401920438958, 32.0, 43.895747599451305]","[1.0, 0.7290000000000001, 1.0]",0.6561000000000001,223.26743911574584,-23.267439115745844
4023,01101111,000,000,1,0,"[35.55555555555556, 35.55555555555556, 33.55555555555556]","[0.81, 0.81, 0.9]",0.5314410000000002,223.2922688815252,-23.29226888152519
4024,00110010,101,000,0,0,"[51.51653711324493, 31.333333333333332, 41.9753086419753]","[1.0, 0.7290000000000001, 1.0]",0.6561000000000001,223.41286250351095,-23.41286250351095
4025,10000110,011,000,0,0,"[31.333333333333332, 51.51653711324493, 41.9753086419753]","[0.7290000000000001, 1.0, 1.0]",0.6561000000000001,223.41286250351095,-23.41286250351095
4026,01110100,110,000,0,0,"[48.83401920438958, 48.01097393689986, 28.0]","[1.0, 1.0, 0.7290000000000001]",0.6561000000000001,223.443062248574,-23.443062248573995
4027,10101100,110,000,0,0,"[48.01097393689986, 48.83401920438958, 28.0]","[1.0, 1.0, 0.7290000000000001]",0.6561000000000001,223.443062248574,-23.443062248573995
4028,00110101,100,000,1,0,"[51.51653711324493, 34.888888888888886, 31.555555555555557]","[1.0, 0.81, 0.81]",0.5904900000000002,223.47708099661185,-23.477080996611846
4029,10100101,010,000,1,0,"[34.888888888888886, 51.51653711324493, 31.555555555555557]","[0.81, 1.0, 0.81]",0.5904900000000002,223.47708099661185,-23.477080996611846
4030,00010011,101,000,0,0,"[51.821368693796664, 31.333333333333332, 41.7283950617284]","[1.0, 0.7290000000000001, 1.0]",0.6561000000000001,223.50113868138754,-23.501138681387545
4031,10000011,011,000,0,0,"[31.333333333333332, 51.821368693796664, 41.7283950617284]","[0.7290000000000001, 1.0, 1.0]",0.6561000000000001,223.50113868138754,-23.501138681387545
4032,00101010,011,000,0,0,"[33.55555555555556, 49.38271604938271, 41.9753086419753]","[0.7290000000000001, 1.0, 1.0]",0.6561000000000001,223.54759982763838,-23.54759982763838
4033,01000110,101,000,0,0,"[49.38271604938271, 33.55555555555556, 41.9753086419753]","[1.0, 0.7290000000000001, 1.0]",0.6561000000000001,223.54759982763838,-23.54759982763838
4034,00000111,101,001,0,0,"[51.821368693796664, 33.55555555555556, 39.55555555555556]","[1.0, 0.7290000000000001, 1.0]",0.6561000000000001,223.57640573831392,-23.576405738313923
4035,00100011,011,001,0,0,"[33.55555555555556, 51.821368693796664, 39.55555555555556]","[0.7290000000000001, 1.0, 1.0]",0.6561000000000001,223.57640573831392,-23.576405738313923
4036,10010000,110,000,0,0,"[48.46822130772747, 48.46822130772747, 28.0]","[1.0, 1.0, 0.7290000000000001]",0.6561000000000001,223.5824456873265,-23.582445687326498
4037,00010011,011,001,1,0,"[30.0, 48.46822130772747, 39.55555555555556]","[0.6561000000000001, 1.0, 1.0]",0.5904900000000002,223.5834253980304,-23.583425398030414
4038,10000011,101,001,1,0,"[48.46822130772747, 30.0, 39.55555555555556]","[1.0, 0.6561000000000001, 1.0]",0.5904900000000002,223.5834253980304,-23.583425398030414
4039,00111100,110,000,0,0,"[51.51653711324493, 45.432098765432094, 28.0]","[1.0, 1.0, 0.7290000000000001]",0.6561000000000001,223.60103014582683,-23.601030145826826
4040,11100100,110,000,0,0,"[45.432098765432094, 51.51653711324493, 28.0]","[1.0, 1.0, 0.7290000000000001]",0.6561000000000001,223.60103014582683,-23.601030145826826
4041,00011010,011,000,1,0,"[30.0, 46.09053497942386, 41.9753086419753]","[0.6561000000000001, 1.0, 1.0]",0.5904900000000002,223.6546658222817,-23.654665822281686
4042,11000010,101,000,1,0,"[46.09053497942386, 30.0, 41.9753086419753]","[1.0, 0.6561000000000001, 1.0]",0.5904900000000002,223.6546658222817,-23.654665822281686
4043,01011011,001,001,1,0,"[32.0, 33.33333333333333, 39.55555555555556]","[0.7290000000000001, 0.81, 1.0]",0.531441,223.71041919778278,-23.710419197782784
4044,01011110,010,010,1,0,"[32.0, 42.888888888888886, 30.0]","[0.7290000000000001, 1.0, 0.81]",0.531441,223.71041919778278,-23.710419197782784
4045,11001011,001,001,1,0,"[33.33333333333333, 32.0, 39.55555555555556]","[0.81, 0.7290000000000001, 1.0]",0.531441,223.71041919778278,-23.710419197782784
4046,11101010,100,100,1,0,"[42.888888888888886, 32.0, 30.0]","[1.0, 0.7290000000000001, 0.81]",0.531441,223.71041919778278,-23.710419197782784
4047,10011111,001,001,0,0,"[31.333333333333332, 36.888888888888886, 39.55555555555556]","[0.7290000000000001, 0.9, 1.0]",0.5904900000000002,223.81103452688063,-23.811034526880633
4048,10011111,010,010,0,0,"[31.333333333333332, 42.888888888888886, 33.55555555555556]","[0.7290000000000001, 1.0, 0.9]",0.5904900000000002,223.81103452688063,-23.811034526880633
4049,10111011,001,001,0,0,"[34.888888888888886, 33.33333333333333, 39.55555555555556]","[0.81, 0.81, 1.0]",0.5904900000000002,223.81103452688063,-23.811034526880633
4050,10111110,010,010,0,0,"[34.888888888888886, 42.888888888888886, 30.0]","[0.81, 1.0, 0.81]",0.5904900000000002,223.81103452688063,-23.811034526880633
4051,11010111,001,001,0,0,"[33.33333333333333, 34.888888888888886, 39.55555555555556]","[0.81, 0.81, 1.0]",0.5904900000000002,223.81103452688063,-23.811034526880633
4052,11011101,010,010,0,0,"[33.33333333333333, 42.888888888888886, 31.555555555555557]","[0.81, 1.0, 0.81]",0.5904900000000002,223.81103452688063,-23.811034526880633
4053,11110011,001,001,0,0,"[36.888888888888886, 31.333333333333332, 39.55555555555556]","[0.9, 0.7290000000000001, 1.0]",0.5904900000000002,223.81103452688063,-23.811034526880633
4054,11110011,100,100,0,0,"[42.888888888888886, 31.333333333333332, 33.55555555555556]","[1.0, 0.7290000000000001, 0.9]",0.5904900000000002,223.81103452688063,-23.811034526880633
4055,11110110,100,100,0,0,"[42.888888888888886, 34.888888888888886, 30.0]","[1.0, 0.81, 0.81]",0.5904900000000002,223.81103452688063,-23.811034526880633
4056,11111001,100,100,0,0,"[42.888888888888886, 33.33333333333333, 31.555555555555557]","[1.0, 0.81, 0.81]",0.5904900000000002,223.81103452688063,-23.811034526880633
4057,11111100,010,010,0,0,"[36.888888888888886, 42.888888888888886, 28.0]","[0.9, 1.0, 0.7290000000000001]",0.5904900000000002,223.81103452688063,-23.811034526880633
4058,11111100,100,100,0,0,"[42.888888888888886, 36.888888888888886, 28.0]","[1.0, 0.9, 0.7290000000000001]",0.5904900000000002,223.81103452688063,-23.811034526880633
4059,00010010,101,000,0,0,"[51.821368693796664, 31.333333333333332, 41.9753086419753]","[1.0, 0.7290000000000001, 1.0]",0.6561000000000001,223.87747396601932,-23.877473966019323
4060,10000010,011,000,0,0,"[31.333333333333332, 51.821368693796664, 41.9753086419753]","[0.7290000000000001, 1.0, 1.0]",0.6561000000000001,223.87747396601932,-23.877473966019323
4061,00010101,100,000,1,0,"[51.821368693796664, 34.888888888888886, 31.555555555555557]","[1.0, 0.81, 0.81]",0.5904900000000002,223.99331595495445,-23.993315954954454
4062,10100001,010,000,1,0,"[34.888888888888886, 51.821368693796664, 31.555555555555557]","[0.81, 1.0, 0.81]",0.5904900000000002,223.99331595495445,-23.993315954954454
4063,00101011,101,000,0,0,"[51.51653711324493, 32.0, 41.7283950617284]","[1.0, 0.7290000000000001, 1.0]",0.6561000000000001,224.05263248738498,-24.052632487384983
4064,01000111,011,000,0,0,"[32.0, 51.51653711324493, 41.7283950617284]","[0.7290000000000001, 1.0, 1.0]",0.6561000000000001,224.05263248738498,-24.052632487384983
4065,00011100,110,000,0,0,"[51.821368693796664, 45.432098765432094, 28.0]","[1.0, 1.0, 0.7290000000000001]",0.6561000000000001,224.06564160833523,-24.065641608335227
4066,11100000,110,000,0,0,"[45.432098765432094, 51.821368693796664, 28.0]","[1.0, 1.0, 0.7290000000000001]",0.6561000000000001,224.06564160833523,-24.065641608335227
4067,01001000,011,000,0,0,"[32.0, 49.38271604938271, 43.8957475994513]","[0.7290000000000001, 1.0, 1.0]",0.6561000000000001,224.10373974826092,-24.10373974826092
4068,01001000,101,000,0,0,"[49.38271604938271, 32.0, 43.8957475994513]","[1.0, 0.7290000000000001, 1.0]",0.6561000000000001,224.10373974826092,-24.10373974826092
4069,01001001,011,000,0,0,"[32.0, 49.38271604938271, 43.895747599451305]","[0.7290000000000001, 1.0, 1.0]",0.6561000000000001,224.10373974826092,-24.10373974826092
4070,01001001,101,000,0,0,"[49.38271604938271, 32.0, 43.895747599451305]","[1.0, 0.7290000000000001, 1.0]",0.6561000000000001,224.10373974826092,-24.10373974826092
4071,01110000,110,000,0,0,"[48.83401920438958, 48.46822130772747, 28.0]","[1.0, 1.0, 0.7290000000000001]",0.6561000000000001,224.13997944233654,-24.13997944233654
4072,10001100,110,000,0,0,"[48.46822130772747, 48.83401920438958, 28.0]","[1.0, 1.0, 0.7290000000000001]",0.6561000000000001,224.13997944233654,-24.13997944233654
4073,00001111,011,001,1,0,"[30.0, 48.83401920438958, 39.55555555555556]","[0.6561000000000001, 1.0, 1.0]",0.5904900000000002,224.2029073480416,-24.202907348041606
4074,01100011,101,001,1,0,"[48.83401920438958, 30.0, 39.55555555555556]","[1.0, 0.6561000000000001, 1.0]",0.5904900000000002,224.2029073480416,-24.202907348041606
4075,01010100,110,000,0,0,"[49.38271604938271, 48.01097393689986, 28.0]","[1.0, 1.0, 0.7290000000000001]",0.6561000000000001,224.27936288108907,-24.27936288108907
4076,10101000,110,000,0,0,"[48.01097393689986, 49.38271604938271, 28.0]","[1.0, 1.0, 0.7290000000000001]",0.6561000000000001,224.27936288108907,-24.27936288108907
4077,00110100,011,000,0,0,"[33.55555555555556, 48.01097393689986, 43.8957475994513]","[0.7290000000000001, 1.0, 1.0]",0.6561000000000001,224.38390046015346,-24.383900460153455
4078,00110101,011,000,0,0,"[33.55555555555556, 48.01097393689986, 43.895747599451305]","[0.7290000000000001, 1.0, 1.0]",0.6561000000000001,224.38390046015346,-24.383900460153455
4079,10100100,101,000,0,0,"[48.01097393689986, 33.55555555555556, 43.8957475994513]","[1.0, 0.7290000000000001, 1.0]",0.6561000000000001,224.38390046015346,-24.383900460153455
4080,10100101,101,000,0,0,"[48.01097393689986, 33.55555555555556, 43.895747599451305]","[1.0, 0.7290000000000001, 1.0]",0.6561000000000001,224.38390046015346,-24.383900460153455
4081,00101010,101,000,0,0,"[51.51653711324493, 32.0, 41.9753086419753]","[1.0, 0.7290000000000001, 1.0]",0.6561000000000001,224.42896777201676,-24.42896777201676
4082,01000110,011,000,0,0,"[32.0, 51.51653711324493, 41.9753086419753]","[0.7290000000000001, 1.0, 1.0]",0.6561000000000001,224.42896777201676,-24.42896777201676
4083,00001011,101,000,0,0,"[51.821368693796664, 32.0, 41.7283950617284]","[1.0, 0.7290000000000001, 1.0]",0.6561000000000001,224.51724394989338,-24.517243949893384
4084,01000011,011,000,0,0,"[32.0, 51.821368693796664, 41.7283950617284]","[0.7290000000000001, 1.0, 1.0]",0.6561000000000001,224.51724394989338,-24.517243949893384
4085,00111000,110,000,0,0,"[51.51653711324493, 46.09053497942386, 28.0]","[1.0, 1.0, 0.7290000000000001]",0.6561000000000001,224.6045909048449,-24.604590904844912
4086,11000100,110,000,0,0,"[46.09053497942386, 51.51653711324493, 28.0]","[1.0, 1.0, 0.7290000000000001]",0.6561000000000001,224.6045909048449,-24.604590904844912
4087,00100111,010,000,1,0,"[33.55555555555556, 51.51653711324493, 33.55555555555556]","[0.7290000000000001, 1.0, 0.9]",0.5904900000000002,224.6060868505072,-24.60608685050721
4088,00100111,100,000,1,0,"[51.51653711324493, 33.55555555555556, 33.55555555555556]","[1.0, 0.7290000000000001, 0.9]",0.5904900000000002,224.6060868505072,-24.60608685050721
4089,00101101,100,000,1,0,"[51.51653711324493, 35.55555555555556, 31.555555555555557]","[1.0, 0.81, 0.81]",0.5904900000000002,224.6060868505072,-24.60608685050721
4090,01100101,010,000,1,0,"[35.55555555555556, 51.51653711324493, 31.555555555555557]","[0.81, 1.0, 0.81]",0.5904900000000002,224.6060868505072,-24.60608685050721
4091,01101100,110,000,0,0,"[48.83401920438958, 48.83401920438958, 28.0]","[1.0, 1.0, 0.7290000000000001]",0.6561000000000001,224.69751319734664,-24.697513197346638
4092,11011011,001,000,0,0,"[33.33333333333333, 33.33333333333333, 41.7283950617284]","[0.81, 0.81, 1.0]",0.5904900000000002,224.85641031752442,-24.85641031752442
4093,00001010,101,000,0,0,"[51.821368693796664, 32.0, 41.9753086419753]","[1.0, 0.7290000000000001, 1.0]",0.6561000000000001,224.89357923452513,-24.893579234525134
4094,01000010,011,000,0,0,"[32.0, 51.821368693796664, 41.9753086419753]","[0.7290000000000001, 1.0, 1.0]",0.6561000000000001,224.89357923452513,-24.893579234525134
4095,01011111,001,001,0,0,"[32.0, 36.888888888888886, 39.55555555555556]","[0.7290000000000001, 0.9, 1.0]",0.5904900000000002,224.94004038077597,-24.94004038077597
4096,01011111,010,010,0,0,"[32.0, 42.888888888888886, 33.55555555555556]","[0.7290000000000001, 1.0, 0.9]",0.5904900000000002,224.94004038077597,-24.94004038077597
4097,01111011,001,001,0,0,"[35.55555555555556, 33.33333333333333, 39.55555555555556]","[0.81, 0.81, 1.0]",0.5904900000000002,224.94004038077597,-24.94004038077597
4098,01111110,010,010,0,0,"[35.55555555555556, 42.888888888888886, 30.0]","[0.81, 1.0, 0.81]",0.5904900000000002,224.94004038077597,-24.94004038077597
4099,11001111,001,001,0,0,"[33.33333333333333, 35.55555555555556, 39.55555555555556]","[0.81, 0.81, 1.0]",0.5904900000000002,224.94004038077597,-24.94004038077597
4100,11101011,001,001,0,0,"[36.888888888888886, 32.0, 39.55555555555556]","[0.9, 0.7290000000000001, 1.0]",0.5904900000000002,224.94004038077597,-24.94004038077597
4101,11101011,100,100,0,0,"[42.888888888888886, 32.0, 33.55555555555556]","[1.0, 0.7290000000000001, 0.9]",0.5904900000000002,224.94004038077597,-24.94004038077597
4102,11101110,100,100,0,0,"[42.888888888888886, 35.55555555555556, 30.0]","[1.0, 0.81, 0.81]",0.5904900000000002,224.94004038077597,-24.94004038077597
4103,01010000,110,000,0,0,"[49.38271604938271, 48.46822130772747, 28.0]","[1.0, 1.0, 0.7290000000000001]",0.6561000000000001,224.97628007485164,-24.976280074851644
4104,10001000,110,000,0,0,"[48.46822130772747, 49.38271604938271, 28.0]","[1.0, 1.0, 0.7290000000000001]",0.6561000000000001,224.97628007485164,-24.976280074851644
4105,00011000,110,000,0,0,"[51.821368693796664, 46.09053497942386, 28.0]","[1.0, 1.0, 0.7290000000000001]",0.6561000000000001,225.0692023673533,-25.069202367353313
4106,11000000,110,000,0,0,"[46.09053497942386, 51.821368693796664, 28.0]","[1.0, 1.0, 0.7290000000000001]",0.6561000000000001,225.0692023673533,-25.069202367353313
4107,00110000,011,000,0,0,"[33.55555555555556, 48.46822130772747, 43.8957475994513]","[0.7290000000000001, 1.0, 1.0]",0.6561000000000001,225.08081765391603,-25.08081765391603
4108,00110001,011,000,0,0,"[33.55555555555556, 48.46822130772747, 43.895747599451305]","[0.7290000000000001, 1.0, 1.0]",0.6561000000000001,225.08081765391603,-25.08081765391603
4109,10000100,101,000,0,0,"[48.46822130772747, 33.55555555555556, 43.8957475994513]","[1.0, 0.7290000000000001, 1.0]",0.6561000000000001,225.08081765391603,-25.08081765391603
4110,10000101,101,000,0,0,"[48.46822130772747, 33.55555555555556, 43.895747599451305]","[1.0, 0.7290000000000001, 1.0]",0.6561000000000001,225.08081765391603,-25.08081765391603
4111,00000111,100,000,1,0,"[51.821368693796664, 33.55555555555556, 33.55555555555556]","[1.0, 0.7290000000000001, 0.9]",0.5904900000000002,225.12232180884985,-25.122321808849847
4112,00001101,100,000,1,0,"[51.821368693796664, 35.55555555555556, 31.555555555555557]","[1.0, 0.81, 0.81]",0.5904900000000002,225.12232180884985,-25.122321808849847
4113,00100011,010,000,1,0,"[33.55555555555556, 51.821368693796664, 33.55555555555556]","[0.7290000000000001, 1.0, 0.9]",0.5904900000000002,225.12232180884985,-25.122321808849847
4114,01100001,010,000,1,0,"[35.55555555555556, 51.821368693796664, 31.555555555555557]","[0.81, 1.0, 0.81]",0.5904900000000002,225.12232180884985,-25.122321808849847
4115,00001011,011,001,1,0,"[30.0, 49.38271604938271, 39.55555555555556]","[0.6561000000000001, 1.0, 1.0]",0.5904900000000002,225.13213027305838,-25.13213027305838
4116,01000011,101,001,1,0,"[49.38271604938271, 30.0, 39.55555555555556]","[1.0, 0.6561000000000001, 1.0]",0.5904900000000002,225.13213027305838,-25.13213027305838
4117,11011010,001,000,0,0,"[33.33333333333333, 33.33333333333333, 41.9753086419753]","[0.81, 0.81, 1.0]",0.5904900000000002,225.27456063378196,-25.27456063378196
4118,10010111,001,001,1,0,"[31.333333333333332, 34.888888888888886, 39.55555555555556]","[0.7290000000000001, 0.81, 1.0]",0.531441,225.3830204628129,-25.383020462812908
4119,10011101,010,010,1,0,"[31.333333333333332, 42.888888888888886, 31.555555555555557]","[0.7290000000000001, 1.0, 0.81]",0.531441,225.3830204628129,-25.383020462812908
4120,10110011,001,001,1,0,"[34.888888888888886, 31.333333333333332, 39.55555555555556]","[0.81, 0.7290000000000001, 1.0]",0.531441,225.3830204628129,-25.383020462812908
4121,10111100,010,010,1,0,"[34.888888888888886, 42.888888888888886, 28.0]","[0.81, 1.0, 0.7290000000000001]",0.531441,225.3830204628129,-25.383020462812908
4122,11110001,100,100,1,0,"[42.888888888888886, 31.333333333333332, 31.555555555555557]","[1.0, 0.7290000000000001, 0.81]",0.531441,225.3830204628129,-25.383020462812908
4123,11110100,100,100,1,0,"[42.888888888888886, 34.888888888888886, 28.0]","[1.0, 0.81, 0.7290000000000001]",0.531441,225.3830204628129,-25.383020462812908
4124,11011110,010,000,0,0,"[33.33333333333333, 45.432098765432094, 30.0]","[0.81, 1.0, 0.81]",0.5904900000000002,225.48363579191076,-25.483635791910757
4125,11111010,100,000,0,0,"[45.432098765432094, 33.33333333333333, 30.0]","[1.0, 0.81, 0.81]",0.5904900000000002,225.48363579191076,-25.483635791910757
4126,01001100,110,000,0,0,"[49.38271604938271, 48.83401920438958, 28.0]","[1.0, 1.0, 0.7290000000000001]",0.6561000000000001,225.5338138298617,-25.533813829861714
4127,01101000,110,000,0,0,"[48.83401920438958, 49.38271604938271, 28.0]","[1.0, 1.0, 0.7290000000000001]",0.6561000000000001,225.5338138298617,-25.533813829861714
4128,00101100,011,000,0,0,"[33.55555555555556, 48.83401920438958, 43.8957475994513]","[0.7290000000000001, 1.0, 1.0]",0.6561000000000001,225.6383514089261,-25.6383514089261
4129,00101101,011,000,0,0,"[33.55555555555556, 48.83401920438958, 43.895747599451305]","[0.7290000000000001, 1.0, 1.0]",0.6561000000000001,225.6383514089261,-25.6383514089261
4130,01100100,101,000,0,0,"[48.83401920438958, 33.55555555555556, 43.8957475994513]","[1.0, 0.7290000000000001, 1.0]",0.6561000000000001,225.6383514089261,-25.6383514089261
4131,01100101,101,000,0,0,"[48.83401920438958, 33.55555555555556, 43.895747599451305]","[1.0, 0.7290000000000001, 1.0]",0.6561000000000001,225.6383514089261,-25.6383514089261
4132,00011100,011,000,1,0,"[30.0, 45.432098765432094, 43.8957475994513]","[0.6561000000000001, 1.0, 1.0]",0.5904900000000002,225.7918785498202,-25.79187854982021
4133,00011101,011,000,1,0,"[30.0, 45.432098765432094, 43.895747599451305]","[0.6561000000000001, 1.0, 1.0]",0.5904900000000002,225.7918785498202,-25.79187854982021
4134,11100000,101,000,1,0,"[45.432098765432094, 30.0, 43.8957475994513]","[1.0, 0.6561000000000001, 1.0]",0.5904900000000002,225.7918785498202,-25.79187854982021
4135,11100001,101,000,1,0,"[45.432098765432094, 30.0, 43.895747599451305]","[1.0, 0.6561000000000001, 1.0]",0.5904900000000002,225.7918785498202,-25.79187854982021
4136,00110000,101,000,0,0,"[51.51653711324493, 31.333333333333332, 43.8957475994513]","[1.0, 0.7290000000000001, 1.0]",0.6561000000000001,226.33991471731372,-26.339914717313718
4137,00110001,101,000,0,0,"[51.51653711324493, 31.333333333333332, 43.895747599451305]","[1.0, 0.7290000000000001, 1.0]",0.6561000000000001,226.33991471731372,-26.339914717313718
4138,10000100,011,000,0,0,"[31.333333333333332, 51.51653711324493, 43.8957475994513]","[0.7290000000000001, 1.0, 1.0]",0.6561000000000001,226.33991471731372,-26.339914717313718
4139,10000101,011,000,0,0,"[31.333333333333332, 51.51653711324493, 43.895747599451305]","[0.7290000000000001, 1.0, 1.0]",0.6561000000000001,226.33991471731372,-26.339914717313718
4140,01001000,110,000,0,0,"[49.38271604938271, 49.38271604938271, 28.0]","[1.0, 1.0, 0.7290000000000001]",0.6561000000000001,226.37011446237676,-26.370114462376762
4141,00100111,011,000,0,0,"[33.55555555555556, 51.51653711324493, 41.7283950617284]","[0.7290000000000001, 1.0, 1.0]",0.6561000000000001,226.42354478056524,-26.423544780565237
4142,00100111,101,000,0,0,"[51.51653711324493, 33.55555555555556, 41.7283950617284]","[1.0, 0.7290000000000001, 1.0]",0.6561000000000001,226.42354478056524,-26.423544780565237
4143,10110111,001,001,0,0,"[34.888888888888886, 34.888888888888886, 39.55555555555556]","[0.81, 0.81, 1.0]",0.5904900000000002,226.44538151930308,-26.445381519303083
4144,10111101,010,010,0,0,"[34.888888888888886, 42.888888888888886, 31.555555555555557]","[0.81, 1.0, 0.81]",0.5904900000000002,226.44538151930308,-26.445381519303083
4145,11110101,100,100,0,0,"[42.888888888888886, 34.888888888888886, 31.555555555555557]","[1.0, 0.81, 0.81]",0.5904900000000002,226.44538151930308,-26.445381519303083
4146,00101000,011,000,0,0,"[33.55555555555556, 49.38271604938271, 43.8957475994513]","[0.7290000000000001, 1.0, 1.0]",0.6561000000000001,226.47465204144115,-26.474652041441146
4147,00101001,011,000,0,0,"[33.55555555555556, 49.38271604938271, 43.895747599451305]","[0.7290000000000001, 1.0, 1.0]",0.6561000000000001,226.47465204144115,-26.474652041441146
4148,01000100,101,000,0,0,"[49.38271604938271, 33.55555555555556, 43.8957475994513]","[1.0, 0.7290000000000001, 1.0]",0.6561000000000001,226.47465204144115,-26.474652041441146
4149,01000101,101,000,0,0,"[49.38271604938271, 33.55555555555556, 43.895747599451305]","[1.0, 0.7290000000000001, 1.0]",0.6561000000000001,226.47465204144115,-26.474652041441146
4150,00010111,011,000,1,0,"[30.0, 48.01097393689986, 41.7283950617284]","[0.6561000000000001, 1.0, 1.0]",0.5904900000000002,226.48879574358284,-26.48879574358284
4151,10100011,101,000,1,0,"[48.01097393689986, 30.0, 41.7283950617284]","[1.0, 0.6561000000000001, 1.0]",0.5904900000000002,226.48879574358284,-26.48879574358284
4152,10011011,001,000,1,0,"[31.333333333333332, 33.33333333333333, 41.7283950617284]","[0.7290000000000001, 0.81, 1.0]",0.531441,226.54454911908388,-26.544549119083882
4153,11010011,001,000,1,0,"[33.33333333333333, 31.333333333333332, 41.7283950617284]","[0.81, 0.7290000000000001, 1.0]",0.531441,226.54454911908388,-26.544549119083882
4154,11011010,010,000,0,0,"[33.33333333333333, 46.09053497942386, 30.0]","[0.81, 1.0, 0.81]",0.5904900000000002,226.59870330193084,-26.59870330193084
4155,11011010,100,000,0,0,"[46.09053497942386, 33.33333333333333, 30.0]","[1.0, 0.81, 0.81]",0.5904900000000002,226.59870330193084,-26.59870330193084
4156,00011111,001,001,1,0,"[30.0, 36.888888888888886, 39.55555555555556]","[0.6561000000000001, 0.9, 1.0]",0.5314410000000002,226.6374714115855,-26.637471411585494
4157,00011111,010,010,1,0,"[30.0, 42.888888888888886, 33.55555555555556]","[0.6561000000000001, 1.0, 0.9]",0.5314410000000002,226.6374714115855,-26.637471411585494
4158,11100011,001,001,1,0,"[36.888888888888886, 30.0, 39.55555555555556]","[0.9, 0.6561000000000001, 1.0]",0.5314410000000002,226.6374714115855,-26.637471411585494
4159,11100011,100,100,1,0,"[42.888888888888886, 30.0, 33.55555555555556]","[1.0, 0.6561000000000001, 0.9]",0.5314410000000002,226.6374714115855,-26.637471411585494
4160,00111011,001,001,1,0,"[33.55555555555556, 33.33333333333333, 39.55555555555556]","[0.7290000000000001, 0.81, 1.0]",0.531441,226.63747141158555,-26.63747141158555
4161,00111110,010,010,1,0,"[33.55555555555556, 42.888888888888886, 30.0]","[0.7290000000000001, 1.0, 0.81]",0.531441,226.63747141158555,-26.63747141158555
4162,01010111,001,001,1,0,"[32.0, 34.888888888888886, 39.55555555555556]","[0.7290000000000001, 0.81, 1.0]",0.531441,226.63747141158555,-26.63747141158555
4163,01011101,010,010,1,0,"[32.0, 42.888888888888886, 31.555555555555557]","[0.7290000000000001, 1.0, 0.81]",0.531441,226.63747141158555,-26.63747141158555
4164,01110011,001,001,1,0,"[35.55555555555556, 31.333333333333332, 39.55555555555556]","[0.81, 0.7290000000000001, 1.0]",0.531441,226.63747141158555,-26.63747141158555
4165,01111100,010,010,1,0,"[35.55555555555556, 42.888888888888886, 28.0]","[0.81, 1.0, 0.7290000000000001]",0.531441,226.63747141158555,-26.63747141158555
4166,10001111,001,001,1,0,"[31.333333333333332, 35.55555555555556, 39.55555555555556]","[0.7290000000000001, 0.81, 1.0]",0.531441,226.63747141158555,-26.63747141158555
4167,10101011,001,001,1,0,"[34.888888888888886, 32.0, 39.55555555555556]","[0.81, 0.7290000000000001, 1.0]",0.531441,226.63747141158555,-26.63747141158555
4168,11000111,001,001,1,0,"[33.33333333333333, 33.55555555555556, 39.55555555555556]","[0.81, 0.7290000000000001, 1.0]",0.531441,226.63747141158555,-26.63747141158555
4169,11100110,100,100,1,0,"[42.888888888888886, 33.55555555555556, 30.0]","[1.0, 0.7290000000000001, 0.81]",0.531441,226.63747141158555,-26.63747141158555
4170,11101001,100,100,1,0,"[42.888888888888886, 32.0, 31.555555555555557]","[1.0, 0.7290000000000001, 0.81]",0.531441,226.63747141158555,-26.63747141158555
4171,11101100,100,100,1,0,"[42.888888888888886, 35.55555555555556, 28.0]","[1.0, 0.81, 0.7290000000000001]",0.531441,226.63747141158555,-26.63747141158555
4172,00100110,011,000,0,0,"[33.55555555555556, 51.51653711324493, 41.9753086419753]","[0.7290000000000001, 1.0, 1.0]",0.6561000000000001,226.79988006519702,-26.799880065197016
4173,00100110,101,000,0,0,"[51.51653711324493, 33.55555555555556, 41.9753086419753]","[1.0, 0.7290000000000001, 1.0]",0.6561000000000001,226.79988006519702,-26.799880065197016
4174,00010000,101,000,0,0,"[51.821368693796664, 31.333333333333332, 43.8957475994513]","[1.0, 0.7290000000000001, 1.0]",0.6561000000000001,226.8045261798221,-26.80452617982209
4175,00010001,101,000,0,0,"[51.821368693796664, 31.333333333333332, 43.895747599451305]","[1.0, 0.7290000000000001, 1.0]",0.6561000000000001,226.8045261798221,-26.80452617982209
4176,10000000,011,000,0,0,"[31.333333333333332, 51.821368693796664, 43.8957475994513]","[0.7290000000000001, 1.0, 1.0]",0.6561000000000001,226.8045261798221,-26.80452617982209
4177,10000001,011,000,0,0,"[31.333333333333332, 51.821368693796664, 43.895747599451305]","[0.7290000000000001, 1.0, 1.0]",0.6561000000000001,226.8045261798221,-26.80452617982209
4178,00000111,101,000,0,0,"[51.821368693796664, 33.55555555555556, 41.7283950617284]","[1.0, 0.7290000000000001, 1.0]",0.6561000000000001,226.8881562430736,-26.88815624307361
4179,00100011,011,000,0,0,"[33.55555555555556, 51.821368693796664, 41.7283950617284]","[0.7290000000000001, 1.0, 1.0]",0.6561000000000001,226.8881562430736,-26.88815624307361
4180,00010110,011,000,1,0,"[30.0, 48.01097393689986, 41.9753086419753]","[0.6561000000000001, 1.0, 1.0]",0.5904900000000002,226.90694605984032,-26.906946059840323
4181,00011000,011,000,1,0,"[30.0, 46.09053497942386, 43.8957475994513]","[0.6561000000000001, 1.0, 1.0]",0.5904900000000002,226.90694605984032,-26.906946059840323
4182,00011001,011,000,1,0,"[30.0, 46.09053497942386, 43.895747599451305]","[0.6561000000000001, 1.0, 1.0]",0.5904900000000002,226.90694605984032,-26.906946059840323
4183,10100010,101,000,1,0,"[48.01097393689986, 30.0, 41.9753086419753]","[1.0, 0.6561000000000001, 1.0]",0.5904900000000002,226.90694605984032,-26.906946059840323
4184,11000000,101,000,1,0,"[46.09053497942386, 30.0, 43.8957475994513]","[1.0, 0.6561000000000001, 1.0]",0.5904900000000002,226.90694605984032,-26.906946059840323
4185,11000001,101,000,1,0,"[46.09053497942386, 30.0, 43.895747599451305]","[1.0, 0.6561000000000001, 1.0]",0.5904900000000002,226.90694605984032,-26.906946059840323
4186,10011010,001,000,1,0,"[31.333333333333332, 33.33333333333333, 41.9753086419753]","[0.7290000000000001, 0.81, 1.0]",0.531441,227.00916058159223,-27.009160581592226
4187,11010010,001,000,1,0,"[33.33333333333333, 31.333333333333332, 41.9753086419753]","[0.81, 0.7290000000000001, 1.0]",0.531441,227.00916058159223,-27.009160581592226
4188,11011100,010,000,1,0,"[33.33333333333333, 45.432098765432094, 28.0]","[0.81, 1.0, 0.7290000000000001]",0.531441,227.2414663128464,-27.2414663128464
4189,11111000,100,000,1,0,"[45.432098765432094, 33.33333333333333, 28.0]","[1.0, 0.81, 0.7290000000000001]",0.531441,227.2414663128464,-27.2414663128464
4190,10011110,010,000,1,0,"[31.333333333333332, 45.432098765432094, 30.0]","[0.7290000000000001, 1.0, 0.81]",0.531441,227.24146631284643,-27.241466312846427
4191,11110010,100,000,1,0,"[45.432098765432094, 31.333333333333332, 30.0]","[1.0, 0.7290000000000001, 0.81]",0.531441,227.24146631284643,-27.241466312846427
4192,00010011,011,000,1,0,"[30.0, 48.46822130772747, 41.7283950617284]","[0.6561000000000001, 1.0, 1.0]",0.5904900000000002,227.26314818109674,-27.26314818109674
4193,10000011,101,000,1,0,"[48.46822130772747, 30.0, 41.7283950617284]","[1.0, 0.6561000000000001, 1.0]",0.5904900000000002,227.26314818109674,-27.26314818109674
4194,00000110,101,000,0,0,"[51.821368693796664, 33.55555555555556, 41.9753086419753]","[1.0, 0.7290000000000001, 1.0]",0.6561000000000001,227.2644915277054,-27.26449152770539
4195,00100010,011,000,0,0,"[33.55555555555556, 51.821368693796664, 41.9753086419753]","[0.7290000000000001, 1.0, 1.0]",0.6561000000000001,227.2644915277054,-27.26449152770539
4196,00101000,101,000,0,0,"[51.51653711324493, 32.0, 43.8957475994513]","[1.0, 0.7290000000000001, 1.0]",0.6561000000000001,227.35601998581953,-27.35601998581953
4197,01000100,011,000,0,0,"[32.0, 51.51653711324493, 43.8957475994513]","[0.7290000000000001, 1.0, 1.0]",0.6561000000000001,227.35601998581953,-27.35601998581953
4198,00101001,101,000,0,0,"[51.51653711324493, 32.0, 43.895747599451305]","[1.0, 0.7290000000000001, 1.0]",0.6561000000000001,227.35601998581956,-27.356019985819557
4199,01000101,011,000,0,0,"[32.0, 51.51653711324493, 43.895747599451305]","[0.7290000000000001, 1.0, 1.0]",0.6561000000000001,227.35601998581956,-27.356019985819557
4200,10111011,001,000,0,0,"[34.888888888888886, 33.33333333333333, 41.7283950617284]","[0.81, 0.81, 1.0]",0.5904900000000002,227.4907573099469,-27.4907573099469
4201,11010111,001,000,0,0,"[33.33333333333333, 34.888888888888886, 41.7283950617284]","[0.81, 0.81, 1.0]",0.5904900000000002,227.4907573099469,-27.4907573099469
4202,10011111,001,000,0,0,"[31.333333333333332, 36.888888888888886, 41.7283950617284]","[0.7290000000000001, 0.9, 1.0]",0.5904900000000002,227.49075730994696,-27.490757309946957
4203,11110011,001,000,0,0,"[36.888888888888886, 31.333333333333332, 41.7283950617284]","[0.9, 0.7290000000000001, 1.0]",0.5904900000000002,227.49075730994696,-27.490757309946957
4204,00110100,110,000,0,0,"[51.51653711324493, 48.01097393689986, 28.0]","[1.0, 1.0, 0.7290000000000001]",0.6561000000000001,227.5316431186477,-27.531643118647708
4205,10100100,110,000,0,0,"[48.01097393689986, 51.51653711324493, 28.0]","[1.0, 1.0, 0.7290000000000001]",0.6561000000000001,227.5316431186477,-27.531643118647708
4206,00111111,001,001,0,0,"[33.55555555555556, 36.888888888888886, 39.55555555555556]","[0.7290000000000001, 0.9, 1.0]",0.5904900000000002,227.57438737319848,-27.574387373198476
4207,00111111,010,010,0,0,"[33.55555555555556, 42.888888888888886, 33.55555555555556]","[0.7290000000000001, 1.0, 0.9]",0.5904900000000002,227.57438737319848,-27.574387373198476
4208,01110111,001,001,0,0,"[35.55555555555556, 34.888888888888886, 39.55555555555556]","[0.81, 0.81, 1.0]",0.5904900000000002,227.57438737319848,-27.574387373198476
4209,01111101,010,010,0,0,"[35.55555555555556, 42.888888888888886, 31.555555555555557]","[0.81, 1.0, 0.81]",0.5904900000000002,227.57438737319848,-27.574387373198476
4210,10101111,001,001,0,0,"[34.888888888888886, 35.55555555555556, 39.55555555555556]","[0.81, 0.81, 1.0]",0.5904900000000002,227.57438737319848,-27.574387373198476
4211,11100111,001,001,0,0,"[36.888888888888886, 33.55555555555556, 39.55555555555556]","[0.9, 0.7290000000000001, 1.0]",0.5904900000000002,227.57438737319848,-27.574387373198476
4212,11100111,100,100,0,0,"[42.888888888888886, 33.55555555555556, 33.55555555555556]","[1.0, 0.7290000000000001, 0.9]",0.5904900000000002,227.57438737319848,-27.574387373198476
4213,11101101,100,100,0,0,"[42.888888888888886, 35.55555555555556, 31.555555555555557]","[1.0, 0.81, 0.81]",0.5904900000000002,227.57438737319848,-27.574387373198476
4214,00010010,011,000,1,0,"[30.0, 48.46822130772747, 41.9753086419753]","[0.6561000000000001, 1.0, 1.0]",0.5904900000000002,227.68129849735428,-27.681298497354277
4215,10000010,101,000,1,0,"[48.46822130772747, 30.0, 41.9753086419753]","[1.0, 0.6561000000000001, 1.0]",0.5904900000000002,227.68129849735428,-27.681298497354277
4216,01011011,001,000,1,0,"[32.0, 33.33333333333333, 41.7283950617284]","[0.7290000000000001, 0.81, 1.0]",0.531441,227.79900006785647,-27.79900006785647
4217,11001011,001,000,1,0,"[33.33333333333333, 32.0, 41.7283950617284]","[0.81, 0.7290000000000001, 1.0]",0.531441,227.79900006785647,-27.79900006785647
4218,00001000,101,000,0,0,"[51.821368693796664, 32.0, 43.8957475994513]","[1.0, 0.7290000000000001, 1.0]",0.6561000000000001,227.82063144832787,-27.820631448327873
4219,00001001,101,000,0,0,"[51.821368693796664, 32.0, 43.895747599451305]","[1.0, 0.7290000000000001, 1.0]",0.6561000000000001,227.82063144832787,-27.820631448327873
4220,01000000,011,000,0,0,"[32.0, 51.821368693796664, 43.8957475994513]","[0.7290000000000001, 1.0, 1.0]",0.6561000000000001,227.82063144832787,-27.820631448327873
4221,01000001,011,000,0,0,"[32.0, 51.821368693796664, 43.895747599451305]","[0.7290000000000001, 1.0, 1.0]",0.6561000000000001,227.82063144832787,-27.820631448327873
4222,00001111,011,000,1,0,"[30.0, 48.83401920438958, 41.7283950617284]","[0.6561000000000001, 1.0, 1.0]",0.5904900000000002,227.88263013110793,-27.88263013110793
4223,01100011,101,000,1,0,"[48.83401920438958, 30.0, 41.7283950617284]","[1.0, 0.6561000000000001, 1.0]",0.5904900000000002,227.88263013110793,-27.88263013110793
4224,01001111,001,001,1,0,"[32.0, 35.55555555555556, 39.55555555555556]","[0.7290000000000001, 0.81, 1.0]",0.531441,227.89192236035817,-27.891922360358166
4225,01101011,001,001,1,0,"[35.55555555555556, 32.0, 39.55555555555556]","[0.81, 0.7290000000000001, 1.0]",0.531441,227.89192236035817,-27.891922360358166
4226,10011110,001,000,0,0,"[31.333333333333332, 36.888888888888886, 41.9753086419753]","[0.7290000000000001, 0.9, 1.0]",0.5904900000000002,227.9089076262045,-27.908907626204496
4227,10111010,001,000,0,0,"[34.888888888888886, 33.33333333333333, 41.9753086419753]","[0.81, 0.81, 1.0]",0.5904900000000002,227.9089076262045,-27.908907626204496
4228,11010110,001,000,0,0,"[33.33333333333333, 34.888888888888886, 41.9753086419753]","[0.81, 0.81, 1.0]",0.5904900000000002,227.9089076262045,-27.908907626204496
4229,11110010,001,000,0,0,"[36.888888888888886, 31.333333333333332, 41.9753086419753]","[0.9, 0.7290000000000001, 1.0]",0.5904900000000002,227.9089076262045,-27.908907626204496
4230,00010100,110,000,0,0,"[51.821368693796664, 48.01097393689986, 28.0]","[1.0, 1.0, 0.7290000000000001]",0.6561000000000001,227.99625458115608,-27.99625458115608
4231,10100000,110,000,0,0,"[48.01097393689986, 51.821368693796664, 28.0]","[1.0, 1.0, 0.7290000000000001]",0.6561000000000001,227.99625458115608,-27.99625458115608
4232,10011111,010,000,0,0,"[31.333333333333332, 45.432098765432094, 33.55555555555556]","[0.7290000000000001, 1.0, 0.9]",0.5904900000000002,228.11798278433324,-28.117982784333236
4233,10111110,010,000,0,0,"[34.888888888888886, 45.432098765432094, 30.0]","[0.81, 1.0, 0.81]",0.5904900000000002,228.11798278433324,-28.117982784333236
4234,11011101,010,000,0,0,"[33.33333333333333, 45.432098765432094, 31.555555555555557]","[0.81, 1.0, 0.81]",0.5904900000000002,228.11798278433324,-28.117982784333236
4235,11110011,100,000,0,0,"[45.432098765432094, 31.333333333333332, 33.55555555555556]","[1.0, 0.7290000000000001, 0.9]",0.5904900000000002,228.11798278433324,-28.117982784333236
4236,11110110,100,000,0,0,"[45.432098765432094, 34.888888888888886, 30.0]","[1.0, 0.81, 0.81]",0.5904900000000002,228.11798278433324,-28.117982784333236
4237,11111001,100,000,0,0,"[45.432098765432094, 33.33333333333333, 31.555555555555557]","[1.0, 0.81, 0.81]",0.5904900000000002,228.11798278433324,-28.117982784333236
4238,11111100,010,000,0,0,"[36.888888888888886, 45.432098765432094, 28.0]","[0.9, 1.0, 0.7290000000000001]",0.5904900000000002,228.11798278433324,-28.117982784333236
4239,11111100,100,000,0,0,"[45.432098765432094, 36.888888888888886, 28.0]","[1.0, 0.9, 0.7290000000000001]",0.5904900000000002,228.11798278433324,-28.117982784333236
4240,00110000,110,000,0,0,"[51.51653711324493, 48.46822130772747, 28.0]","[1.0, 1.0, 0.7290000000000001]",0.6561000000000001,228.22856031241028,-28.22856031241028
4241,10000100,110,000,0,0,"[48.46822130772747, 51.51653711324493, 28.0]","[1.0, 1.0, 0.7290000000000001]",0.6561000000000001,228.22856031241028,-28.22856031241028
4242,01011010,001,000,1,0,"[32.0, 33.33333333333333, 41.9753086419753]","[0.7290000000000001, 0.81, 1.0]",0.531441,228.26361153036484,-28.26361153036484
4243,11001010,001,000,1,0,"[33.33333333333333, 32.0, 41.9753086419753]","[0.81, 0.7290000000000001, 1.0]",0.531441,228.26361153036484,-28.26361153036484
4244,00001110,011,000,1,0,"[30.0, 48.83401920438958, 41.9753086419753]","[0.6561000000000001, 1.0, 1.0]",0.5904900000000002,228.30078044736547,-28.30078044736547
4245,01100010,101,000,1,0,"[48.83401920438958, 30.0, 41.9753086419753]","[1.0, 0.6561000000000001, 1.0]",0.5904900000000002,228.30078044736547,-28.30078044736547
4246,11011000,010,000,1,0,"[33.33333333333333, 46.09053497942386, 28.0]","[0.81, 1.0, 0.7290000000000001]",0.531441,228.48043021286873,-28.480430212868725
4247,11011000,100,000,1,0,"[46.09053497942386, 33.33333333333333, 28.0]","[1.0, 0.81, 0.7290000000000001]",0.531441,228.48043021286873,-28.480430212868725
4248,10011010,010,000,1,0,"[31.333333333333332, 46.09053497942386, 30.0]","[0.7290000000000001, 1.0, 0.81]",0.531441,228.48043021286875,-28.480430212868754
4249,11010010,100,000,1,0,"[46.09053497942386, 31.333333333333332, 30.0]","[1.0, 0.7290000000000001, 0.81]",0.531441,228.48043021286875,-28.480430212868754
4250,01011110,010,000,1,0,"[32.0, 45.432098765432094, 30.0]","[0.7290000000000001, 1.0, 0.81]",0.531441,228.49591726161904,-28.49591726161904
4251,11101010,100,000,1,0,"[45.432098765432094, 32.0, 30.0]","[1.0, 0.7290000000000001, 0.81]",0.531441,228.49591726161904,-28.49591726161904
4252,11011000,001,000,0,0,"[33.33333333333333, 33.33333333333333, 43.8957475994513]","[0.81, 0.81, 1.0]",0.5904900000000002,228.5268408713406,-28.526840871340596
4253,11011001,001,000,0,0,"[33.33333333333333, 33.33333333333333, 43.895747599451305]","[0.81, 0.81, 1.0]",0.5904900000000002,228.52684087134065,-28.526840871340653
4254,01011111,001,000,0,0,"[32.0, 36.888888888888886, 41.7283950617284]","[0.7290000000000001, 0.9, 1.0]",0.5904900000000002,228.6197631638423,-28.619763163842293
4255,01111011,001,000,0,0,"[35.55555555555556, 33.33333333333333, 41.7283950617284]","[0.81, 0.81, 1.0]",0.5904900000000002,228.6197631638423,-28.619763163842293
4256,11001111,001,000,0,0,"[33.33333333333333, 35.55555555555556, 41.7283950617284]","[0.81, 0.81, 1.0]",0.5904900000000002,228.6197631638423,-28.619763163842293
4257,11101011,001,000,0,0,"[36.888888888888886, 32.0, 41.7283950617284]","[0.9, 0.7290000000000001, 1.0]",0.5904900000000002,228.6197631638423,-28.619763163842293
4258,00010000,110,000,0,0,"[51.821368693796664, 48.46822130772747, 28.0]","[1.0, 1.0, 0.7290000000000001]",0.6561000000000001,228.6931717749186,-28.693171774918596
4259,10000000,110,000,0,0,"[48.46822130772747, 51.821368693796664, 28.0]","[1.0, 1.0, 0.7290000000000001]",0.6561000000000001,228.6931717749186,-28.693171774918596
4260,01101111,001,001,0,0,"[35.55555555555556, 35.55555555555556, 39.55555555555556]","[0.81, 0.81, 1.0]",0.5904900000000002,228.7033932270938,-28.703393227093812
4261,00000111,011,001,1,0,"[30.0, 51.51653711324493, 39.55555555555556]","[0.6561000000000001, 1.0, 1.0]",0.5904900000000002,228.74577498145683,-28.745774981456833
4262,00100011,101,001,1,0,"[51.51653711324493, 30.0, 39.55555555555556]","[1.0, 0.6561000000000001, 1.0]",0.5904900000000002,228.74577498145683,-28.745774981456833
4263,00101100,110,000,0,0,"[51.51653711324493, 48.83401920438958, 28.0]","[1.0, 1.0, 0.7290000000000001]",0.6561000000000001,228.78609406742032,-28.786094067420322
4264,01100100,110,000,0,0,"[48.83401920438958, 51.51653711324493, 28.0]","[1.0, 1.0, 0.7290000000000001]",0.6561000000000001,228.78609406742032,-28.786094067420322
4265,00001011,011,000,1,0,"[30.0, 49.38271604938271, 41.7283950617284]","[0.6561000000000001, 1.0, 1.0]",0.5904900000000002,228.8118530561247,-28.811853056124704
4266,01000011,101,000,1,0,"[49.38271604938271, 30.0, 41.7283950617284]","[1.0, 0.6561000000000001, 1.0]",0.5904900000000002,228.8118530561247,-28.811853056124704
4267,01011110,001,000,0,0,"[32.0, 36.888888888888886, 41.9753086419753]","[0.7290000000000001, 0.9, 1.0]",0.5904900000000002,229.03791348009983,-29.03791348009983
4268,01111010,001,000,0,0,"[35.55555555555556, 33.33333333333333, 41.9753086419753]","[0.81, 0.81, 1.0]",0.5904900000000002,229.03791348009983,-29.03791348009983
4269,11001110,001,000,0,0,"[33.33333333333333, 35.55555555555556, 41.9753086419753]","[0.81, 0.81, 1.0]",0.5904900000000002,229.03791348009983,-29.03791348009983
4270,11101010,001,000,0,0,"[36.888888888888886, 32.0, 41.9753086419753]","[0.9, 0.7290000000000001, 1.0]",0.5904900000000002,229.03791348009983,-29.03791348009983
4271,00001010,011,000,1,0,"[30.0, 49.38271604938271, 41.9753086419753]","[0.6561000000000001, 1.0, 1.0]",0.5904900000000002,229.23000337238224,-29.230003372382242
4272,01000010,101,000,1,0,"[49.38271604938271, 30.0, 41.9753086419753]","[1.0, 0.6561000000000001, 1.0]",0.5904900000000002,229.23000337238224,-29.230003372382242
4273,10011011,010,000,0,0,"[31.333333333333332, 46.09053497942386, 33.55555555555556]","[0.7290000000000001, 1.0, 0.9]",0.5904900000000002,229.23305029435332,-29.23305029435332
4274,10111010,010,000,0,0,"[34.888888888888886, 46.09053497942386, 30.0]","[0.81, 1.0, 0.81]",0.5904900000000002,229.23305029435332,-29.23305029435332
4275,11010011,100,000,0,0,"[46.09053497942386, 31.333333333333332, 33.55555555555556]","[1.0, 0.7290000000000001, 0.9]",0.5904900000000002,229.23305029435332,-29.23305029435332
4276,11010110,100,000,0,0,"[46.09053497942386, 34.888888888888886, 30.0]","[1.0, 0.81, 0.81]",0.5904900000000002,229.23305029435332,-29.23305029435332
4277,11011001,010,000,0,0,"[33.33333333333333, 46.09053497942386, 31.555555555555557]","[0.81, 1.0, 0.81]",0.5904900000000002,229.23305029435332,-29.23305029435332
4278,11011001,100,000,0,0,"[46.09053497942386, 33.33333333333333, 31.555555555555557]","[1.0, 0.81, 0.81]",0.5904900000000002,229.23305029435332,-29.23305029435332
4279,11011100,100,000,0,0,"[46.09053497942386, 36.888888888888886, 28.0]","[1.0, 0.9, 0.7290000000000001]",0.5904900000000002,229.23305029435332,-29.23305029435332
4280,11111000,010,000,0,0,"[36.888888888888886, 46.09053497942386, 28.0]","[0.9, 1.0, 0.7290000000000001]",0.5904900000000002,229.23305029435332,-29.23305029435332
4281,01011111,010,000,0,0,"[32.0, 45.432098765432094, 33.55555555555556]","[0.7290000000000001, 1.0, 0.9]",0.5904900000000002,229.2469886382286,-29.2469886382286
4282,01111110,010,000,0,0,"[35.55555555555556, 45.432098765432094, 30.0]","[0.81, 1.0, 0.81]",0.5904900000000002,229.2469886382286,-29.2469886382286
4283,11101011,100,000,0,0,"[45.432098765432094, 32.0, 33.55555555555556]","[1.0, 0.7290000000000001, 0.9]",0.5904900000000002,229.2469886382286,-29.2469886382286
4284,11101110,100,000,0,0,"[45.432098765432094, 35.55555555555556, 30.0]","[1.0, 0.81, 0.81]",0.5904900000000002,229.2469886382286,-29.2469886382286
4285,00001100,110,000,0,0,"[51.821368693796664, 48.83401920438958, 28.0]","[1.0, 1.0, 0.7290000000000001]",0.6561000000000001,229.25070552992867,-29.250705529928666
4286,01100000,110,000,0,0,"[48.83401920438958, 51.821368693796664, 28.0]","[1.0, 1.0, 0.7290000000000001]",0.6561000000000001,229.25070552992867,-29.250705529928666
4287,00000011,011,001,1,0,"[30.0, 51.821368693796664, 39.55555555555556]","[0.6561000000000001, 1.0, 1.0]",0.5904900000000002,229.26200993979944,-29.26200993979944
4288,00000011,101,001,1,0,"[51.821368693796664, 30.0, 39.55555555555556]","[1.0, 0.6561000000000001, 1.0]",0.5904900000000002,229.26200993979944,-29.26200993979944
4289,10010111,001,000,1,0,"[31.333333333333332, 34.888888888888886, 41.7283950617284]","[0.7290000000000001, 0.81, 1.0]",0.531441,229.47160133288665,-29.47160133288665
4290,10110011,001,000,1,0,"[34.888888888888886, 31.333333333333332, 41.7283950617284]","[0.81, 0.7290000000000001, 1.0]",0.531441,229.47160133288665,-29.47160133288665
4291,00110111,001,001,1,0,"[33.55555555555556, 34.888888888888886, 39.55555555555556]","[0.7290000000000001, 0.81, 1.0]",0.531441,229.56452362538832,-29.56452362538832
4292,00111101,010,010,1,0,"[33.55555555555556, 42.888888888888886, 31.555555555555557]","[0.7290000000000001, 1.0, 0.81]",0.531441,229.56452362538832,-29.56452362538832
4293,10100111,001,001,1,0,"[34.888888888888886, 33.55555555555556, 39.55555555555556]","[0.81, 0.7290000000000001, 1.0]",0.531441,229.56452362538832,-29.56452362538832
4294,11100101,100,100,1,0,"[42.888888888888886, 33.55555555555556, 31.555555555555557]","[1.0, 0.7290000000000001, 0.81]",0.531441,229.56452362538832,-29.56452362538832
4295,00101000,110,000,0,0,"[51.51653711324493, 49.38271604938271, 28.0]","[1.0, 1.0, 0.7290000000000001]",0.6561000000000001,229.6223946999354,-29.6223946999354
4296,01000100,110,000,0,0,"[49.38271604938271, 51.51653711324493, 28.0]","[1.0, 1.0, 0.7290000000000001]",0.6561000000000001,229.6223946999354,-29.6223946999354
4297,00100100,011,000,0,0,"[33.55555555555556, 51.51653711324493, 43.8957475994513]","[0.7290000000000001, 1.0, 1.0]",0.6561000000000001,229.72693227899978,-29.726932278999783
4298,00100100,101,000,0,0,"[51.51653711324493, 33.55555555555556, 43.8957475994513]","[1.0, 0.7290000000000001, 1.0]",0.6561000000000001,229.72693227899978,-29.726932278999783
4299,00100101,011,000,0,0,"[33.55555555555556, 51.51653711324493, 43.895747599451305]","[0.7290000000000001, 1.0, 1.0]",0.6561000000000001,229.72693227899978,-29.726932278999783
4300,00100101,101,000,0,0,"[51.51653711324493, 33.55555555555556, 43.895747599451305]","[1.0, 0.7290000000000001, 1.0]",0.6561000000000001,229.72693227899978,-29.726932278999783
4301,01011010,010,000,1,0,"[32.0, 46.09053497942386, 30.0]","[0.7290000000000001, 1.0, 0.81]",0.531441,229.73488116164137,-29.73488116164137
4302,11001010,100,000,1,0,"[46.09053497942386, 32.0, 30.0]","[1.0, 0.7290000000000001, 0.81]",0.531441,229.73488116164137,-29.73488116164137
4303,10111010,100,000,0,0,"[48.01097393689986, 33.33333333333333, 30.0]","[1.0, 0.81, 0.81]",0.5904900000000002,229.85098353948948,-29.850983539489476
4304,11010110,010,000,0,0,"[33.33333333333333, 48.01097393689986, 30.0]","[0.81, 1.0, 0.81]",0.5904900000000002,229.85098353948948,-29.850983539489476
4305,10010110,001,000,1,0,"[31.333333333333332, 34.888888888888886, 41.9753086419753]","[0.7290000000000001, 0.81, 1.0]",0.531441,229.936212795395,-29.936212795394994
4306,10110010,001,000,1,0,"[34.888888888888886, 31.333333333333332, 41.9753086419753]","[0.81, 0.7290000000000001, 1.0]",0.531441,229.936212795395,-29.936212795394994
4307,00001000,110,000,0,0,"[51.821368693796664, 49.38271604938271, 28.0]","[1.0, 1.0, 0.7290000000000001]",0.6561000000000001,230.08700616244377,-30.08700616244377
4308,01000000,110,000,0,0,"[49.38271604938271, 51.821368693796664, 28.0]","[1.0, 1.0, 0.7290000000000001]",0.6561000000000001,230.08700616244377,-30.08700616244377
4309,10110111,001,000,0,0,"[34.888888888888886, 34.888888888888886, 41.7283950617284]","[0.81, 0.81, 1.0]",0.5904900000000002,230.12510430236946,-30.125104302369465
4310,00010100,011,000,1,0,"[30.0, 48.01097393689986, 43.8957475994513]","[0.6561000000000001, 1.0, 1.0]",0.5904900000000002,230.15922629739893,-30.15922629739893
4311,10100000,101,000,1,0,"[48.01097393689986, 30.0, 43.8957475994513]","[1.0, 0.6561000000000001, 1.0]",0.5904900000000002,230.15922629739893,-30.15922629739893
4312,00010101,011,000,1,0,"[30.0, 48.01097393689986, 43.895747599451305]","[0.6561000000000001, 1.0, 1.0]",0.5904900000000002,230.159226297399,-30.159226297398988
4313,10100001,101,000,1,0,"[48.01097393689986, 30.0, 43.895747599451305]","[1.0, 0.6561000000000001, 1.0]",0.5904900000000002,230.159226297399,-30.159226297398988
4314,10011101,010,000,1,0,"[31.333333333333332, 45.432098765432094, 31.555555555555557]","[0.7290000000000001, 1.0, 0.81]",0.531441,230.1685185266492,-30.168518526649194
4315,10111100,010,000,1,0,"[34.888888888888886, 45.432098765432094, 28.0]","[0.81, 1.0, 0.7290000000000001]",0.531441,230.1685185266492,-30.168518526649194
4316,11110001,100,000,1,0,"[45.432098765432094, 31.333333333333332, 31.555555555555557]","[1.0, 0.7290000000000001, 0.81]",0.531441,230.1685185266492,-30.168518526649194
4317,11110100,100,000,1,0,"[45.432098765432094, 34.888888888888886, 28.0]","[1.0, 0.81, 0.7290000000000001]",0.531441,230.1685185266492,-30.168518526649194
4318,00000100,101,000,0,0,"[51.821368693796664, 33.55555555555556, 43.8957475994513]","[1.0, 0.7290000000000001, 1.0]",0.6561000000000001,230.19154374150816,-30.191543741508156
4319,00000101,101,000,0,0,"[51.821368693796664, 33.55555555555556, 43.895747599451305]","[1.0, 0.7290000000000001, 1.0]",0.6561000000000001,230.19154374150816,-30.191543741508156
4320,00100000,011,000,0,0,"[33.55555555555556, 51.821368693796664, 43.8957475994513]","[0.7290000000000001, 1.0, 1.0]",0.6561000000000001,230.19154374150816,-30.191543741508156
4321,00100001,011,000,0,0,"[33.55555555555556, 51.821368693796664, 43.895747599451305]","[0.7290000000000001, 1.0, 1.0]",0.6561000000000001,230.19154374150816,-30.191543741508156
4322,01011011,010,000,0,0,"[32.0, 46.09053497942386, 33.55555555555556]","[0.7290000000000001, 1.0, 0.9]",0.5904900000000002,230.3620561482487,-30.362056148248712
4323,01111010,010,000,0,0,"[35.55555555555556, 46.09053497942386, 30.0]","[0.81, 1.0, 0.81]",0.5904900000000002,230.3620561482487,-30.362056148248712
4324,11001011,100,000,0,0,"[46.09053497942386, 32.0, 33.55555555555556]","[1.0, 0.7290000000000001, 0.9]",0.5904900000000002,230.3620561482487,-30.362056148248712
4325,11001110,100,000,0,0,"[46.09053497942386, 35.55555555555556, 30.0]","[1.0, 0.81, 0.81]",0.5904900000000002,230.3620561482487,-30.362056148248712
4326,10110110,001,000,0,0,"[34.888888888888886, 34.888888888888886, 41.9753086419753]","[0.81, 0.81, 1.0]",0.5904900000000002,230.54325461862695,-30.543254618626946
4327,10011000,001,000,1,0,"[31.333333333333332, 33.33333333333333, 43.8957475994513]","[0.7290000000000001, 0.81, 1.0]",0.531441,230.62280528999068,-30.62280528999068
4328,11010000,001,000,1,0,"[33.33333333333333, 31.333333333333332, 43.8957475994513]","[0.81, 0.7290000000000001, 1.0]",0.531441,230.62280528999068,-30.62280528999068
4329,10011001,001,000,1,0,"[31.333333333333332, 33.33333333333333, 43.895747599451305]","[0.7290000000000001, 0.81, 1.0]",0.531441,230.6228052899907,-30.62280528999071
4330,11010001,001,000,1,0,"[33.33333333333333, 31.333333333333332, 43.895747599451305]","[0.81, 0.7290000000000001, 1.0]",0.531441,230.6228052899907,-30.62280528999071
4331,10011010,100,000,0,0,"[48.46822130772747, 33.33333333333333, 30.0]","[1.0, 0.81, 0.81]",0.5904900000000002,230.62533597700337,-30.625335977003374
4332,11010010,010,000,0,0,"[33.33333333333333, 48.46822130772747, 30.0]","[0.81, 1.0, 0.81]",0.5904900000000002,230.62533597700337,-30.625335977003374
4333,00011111,001,000,1,0,"[30.0, 36.888888888888886, 41.7283950617284]","[0.6561000000000001, 0.9, 1.0]",0.5314410000000002,230.7260522816592,-30.726052281659207
4334,11100011,001,000,1,0,"[36.888888888888886, 30.0, 41.7283950617284]","[0.9, 0.6561000000000001, 1.0]",0.5314410000000002,230.7260522816592,-30.726052281659207
4335,00111011,001,000,1,0,"[33.55555555555556, 33.33333333333333, 41.7283950617284]","[0.7290000000000001, 0.81, 1.0]",0.531441,230.72605228165926,-30.726052281659264
4336,01010111,001,000,1,0,"[32.0, 34.888888888888886, 41.7283950617284]","[0.7290000000000001, 0.81, 1.0]",0.531441,230.72605228165926,-30.726052281659264
4337,01110011,001,000,1,0,"[35.55555555555556, 31.333333333333332, 41.7283950617284]","[0.81, 0.7290000000000001, 1.0]",0.531441,230.72605228165926,-30.726052281659264
4338,10001111,001,000,1,0,"[31.333333333333332, 35.55555555555556, 41.7283950617284]","[0.7290000000000001, 0.81, 1.0]",0.531441,230.72605228165926,-30.726052281659264
4339,10101011,001,000,1,0,"[34.888888888888886, 32.0, 41.7283950617284]","[0.81, 0.7290000000000001, 1.0]",0.531441,230.72605228165926,-30.726052281659264
4340,11000111,001,000,1,0,"[33.33333333333333, 33.55555555555556, 41.7283950617284]","[0.81, 0.7290000000000001, 1.0]",0.531441,230.72605228165926,-30.726052281659264
4341,10111101,010,000,0,0,"[34.888888888888886, 45.432098765432094, 31.555555555555557]","[0.81, 1.0, 0.81]",0.5904900000000002,230.7523297767557,-30.752329776755687
4342,11110101,100,000,0,0,"[45.432098765432094, 34.888888888888886, 31.555555555555557]","[1.0, 0.81, 0.81]",0.5904900000000002,230.7523297767557,-30.752329776755687
4343,00101111,001,001,1,0,"[33.55555555555556, 35.55555555555556, 39.55555555555556]","[0.7290000000000001, 0.81, 1.0]",0.531441,230.81897457416093,-30.818974574160933
4344,01100111,001,001,1,0,"[35.55555555555556, 33.55555555555556, 39.55555555555556]","[0.81, 0.7290000000000001, 1.0]",0.531441,230.81897457416093,-30.818974574160933
4345,00010000,011,000,1,0,"[30.0, 48.46822130772747, 43.8957475994513]","[0.6561000000000001, 1.0, 1.0]",0.5904900000000002,230.93357873491289,-30.933578734912885
4346,10000000,101,000,1,0,"[48.46822130772747, 30.0, 43.8957475994513]","[1.0, 0.6561000000000001, 1.0]",0.5904900000000002,230.93357873491289,-30.933578734912885
4347,00010001,011,000,1,0,"[30.0, 48.46822130772747, 43.895747599451305]","[0.6561000000000001, 1.0, 1.0]",0.5904900000000002,230.93357873491294,-30.933578734912942
4348,10000001,101,000,1,0,"[48.46822130772747, 30.0, 43.895747599451305]","[1.0, 0.6561000000000001, 1.0]",0.5904900000000002,230.93357873491294,-30.933578734912942
4349,10011100,001,000,0,0,"[31.333333333333332, 36.888888888888886, 43.8957475994513]","[0.7290000000000001, 0.9, 1.0]",0.5904900000000002,231.1611878637631,-31.161187863763104
4350,10011101,001,000,0,0,"[31.333333333333332, 36.888888888888886, 43.895747599451305]","[0.7290000000000001, 0.9, 1.0]",0.5904900000000002,231.1611878637631,-31.161187863763104
4351,10111000,001,000,0,0,"[34.888888888888886, 33.33333333333333, 43.8957475994513]","[0.81, 0.81, 1.0]",0.5904900000000002,231.1611878637631,-31.161187863763104
4352,10111001,001,000,0,0,"[34.888888888888886, 33.33333333333333, 43.895747599451305]","[0.81, 0.81, 1.0]",0.5904900000000002,231.1611878637631,-31.161187863763104
4353,11010100,001,000,0,0,"[33.33333333333333, 34.888888888888886, 43.8957475994513]","[0.81, 0.81, 1.0]",0.5904900000000002,231.1611878637631,-31.161187863763104
4354,11010101,001,000,0,0,"[33.33333333333333, 34.888888888888886, 43.895747599451305]","[0.81, 0.81, 1.0]",0.5904900000000002,231.1611878637631,-31.161187863763104
4355,11110000,001,000,0,0,"[36.888888888888886, 31.333333333333332, 43.8957475994513]","[0.9, 0.7290000000000001, 1.0]",0.5904900000000002,231.1611878637631,-31.161187863763104
4356,11110001,001,000,0,0,"[36.888888888888886, 31.333333333333332, 43.895747599451305]","[0.9, 0.7290000000000001, 1.0]",0.5904900000000002,231.1611878637631,-31.161187863763104
4357,00011110,001,000,1,0,"[30.0, 36.888888888888886, 41.9753086419753]","[0.6561000000000001, 0.9, 1.0]",0.5314410000000002,231.19066374416755,-31.19066374416755
4358,11100010,001,000,1,0,"[36.888888888888886, 30.0, 41.9753086419753]","[0.9, 0.6561000000000001, 1.0]",0.5314410000000002,231.19066374416755,-31.19066374416755
4359,00111010,001,000,1,0,"[33.55555555555556, 33.33333333333333, 41.9753086419753]","[0.7290000000000001, 0.81, 1.0]",0.531441,231.1906637441676,-31.19066374416761
4360,01010110,001,000,1,0,"[32.0, 34.888888888888886, 41.9753086419753]","[0.7290000000000001, 0.81, 1.0]",0.531441,231.1906637441676,-31.19066374416761
4361,01110010,001,000,1,0,"[35.55555555555556, 31.333333333333332, 41.9753086419753]","[0.81, 0.7290000000000001, 1.0]",0.531441,231.1906637441676,-31.19066374416761
4362,10001110,001,000,1,0,"[31.333333333333332, 35.55555555555556, 41.9753086419753]","[0.7290000000000001, 0.81, 1.0]",0.531441,231.1906637441676,-31.19066374416761
4363,10101010,001,000,1,0,"[34.888888888888886, 32.0, 41.9753086419753]","[0.81, 0.7290000000000001, 1.0]",0.531441,231.1906637441676,-31.19066374416761
4364,11000110,001,000,1,0,"[33.33333333333333, 33.55555555555556, 41.9753086419753]","[0.81, 0.7290000000000001, 1.0]",0.531441,231.1906637441676,-31.19066374416761
4365,01111010,100,000,0,0,"[48.83401920438958, 33.33333333333333, 30.0]","[1.0, 0.81, 0.81]",0.5904900000000002,231.2448179270146,-31.244817927014594
4366,11001110,010,000,0,0,"[33.33333333333333, 48.83401920438958, 30.0]","[0.81, 1.0, 0.81]",0.5904900000000002,231.2448179270146,-31.244817927014594
4367,00111111,001,000,0,0,"[33.55555555555556, 36.888888888888886, 41.7283950617284]","[0.7290000000000001, 0.9, 1.0]",0.5904900000000002,231.25411015626474,-31.254110156264744
4368,01110111,001,000,0,0,"[35.55555555555556, 34.888888888888886, 41.7283950617284]","[0.81, 0.81, 1.0]",0.5904900000000002,231.25411015626474,-31.254110156264744
4369,10101111,001,000,0,0,"[34.888888888888886, 35.55555555555556, 41.7283950617284]","[0.81, 0.81, 1.0]",0.5904900000000002,231.25411015626474,-31.254110156264744
4370,11100111,001,000,0,0,"[36.888888888888886, 33.55555555555556, 41.7283950617284]","[0.9, 0.7290000000000001, 1.0]",0.5904900000000002,231.25411015626474,-31.254110156264744
4371,11011010,000,000,1,0,"[33.33333333333333, 33.33333333333333, 30.0]","[0.81, 0.81, 0.81]",0.47829690000000014,231.37650832917092,-31.376508329170917
4372,10011001,010,000,1,0,"[31.333333333333332, 46.09053497942386, 31.555555555555557]","[0.7290000000000001, 1.0, 0.81]",0.531441,231.40748242667152,-31.40748242667152
4373,10111000,010,000,1,0,"[34.888888888888886, 46.09053497942386, 28.0]","[0.81, 1.0, 0.7290000000000001]",0.531441,231.40748242667152,-31.40748242667152
4374,11010001,100,000,1,0,"[46.09053497942386, 31.333333333333332, 31.555555555555557]","[1.0, 0.7290000000000001, 0.81]",0.531441,231.40748242667152,-31.40748242667152
4375,11010100,100,000,1,0,"[46.09053497942386, 34.888888888888886, 28.0]","[1.0, 0.81, 0.7290000000000001]",0.531441,231.40748242667152,-31.40748242667152
4376,00011111,010,000,1,0,"[30.0, 45.432098765432094, 33.55555555555556]","[0.6561000000000001, 1.0, 0.9]",0.5314410000000002,231.42296947542175,-31.422969475421752
4377,11100011,100,000,1,0,"[45.432098765432094, 30.0, 33.55555555555556]","[1.0, 0.6561000000000001, 0.9]",0.5314410000000002,231.42296947542175,-31.422969475421752
4378,00111110,010,000,1,0,"[33.55555555555556, 45.432098765432094, 30.0]","[0.7290000000000001, 1.0, 0.81]",0.531441,231.42296947542178,-31.42296947542178
4379,01011101,010,000,1,0,"[32.0, 45.432098765432094, 31.555555555555557]","[0.7290000000000001, 1.0, 0.81]",0.531441,231.42296947542178,-31.42296947542178
4380,01111100,010,000,1,0,"[35.55555555555556, 45.432098765432094, 28.0]","[0.81, 1.0, 0.7290000000000001]",0.531441,231.42296947542178,-31.42296947542178
4381,11100110,100,000,1,0,"[45.432098765432094, 33.55555555555556, 30.0]","[1.0, 0.7290000000000001, 0.81]",0.531441,231.42296947542178,-31.42296947542178
4382,11101001,100,000,1,0,"[45.432098765432094, 32.0, 31.555555555555557]","[1.0, 0.7290000000000001, 0.81]",0.531441,231.42296947542178,-31.42296947542178
4383,11101100,100,000,1,0,"[45.432098765432094, 35.55555555555556, 28.0]","[1.0, 0.81, 0.7290000000000001]",0.531441,231.42296947542178,-31.42296947542178
4384,00001100,011,000,1,0,"[30.0, 48.83401920438958, 43.8957475994513]","[0.6561000000000001, 1.0, 1.0]",0.5904900000000002,231.5530606849241,-31.553060684924105
4385,00001101,011,000,1,0,"[30.0, 48.83401920438958, 43.895747599451305]","[0.6561000000000001, 1.0, 1.0]",0.5904900000000002,231.5530606849241,-31.553060684924105
4386,01100000,101,000,1,0,"[48.83401920438958, 30.0, 43.8957475994513]","[1.0, 0.6561000000000001, 1.0]",0.5904900000000002,231.5530606849241,-31.553060684924105
4387,01100001,101,000,1,0,"[48.83401920438958, 30.0, 43.895747599451305]","[1.0, 0.6561000000000001, 1.0]",0.5904900000000002,231.5530606849241,-31.553060684924105
4388,00111110,001,000,0,0,"[33.55555555555556, 36.888888888888886, 41.9753086419753]","[0.7290000000000001, 0.9, 1.0]",0.5904900000000002,231.67226047252234,-31.67226047252234
4389,01110110,001,000,0,0,"[35.55555555555556, 34.888888888888886, 41.9753086419753]","[0.81, 0.81, 1.0]",0.5904900000000002,231.67226047252234,-31.67226047252234
4390,10101110,001,000,0,0,"[34.888888888888886, 35.55555555555556, 41.9753086419753]","[0.81, 0.81, 1.0]",0.5904900000000002,231.67226047252234,-31.67226047252234
4391,11100110,001,000,0,0,"[36.888888888888886, 33.55555555555556, 41.9753086419753]","[0.9, 0.7290000000000001, 1.0]",0.5904900000000002,231.67226047252234,-31.67226047252234
4392,00011111,011,011,0,0,"[30.0, 42.888888888888886, 39.55555555555556]","[0.6561000000000001, 1.0, 1.0]",0.5904900000000002,231.71407550414807,-31.71407550414807
4393,11100011,101,101,0,0,"[42.888888888888886, 30.0, 39.55555555555556]","[1.0, 0.6561000000000001, 1.0]",0.5904900000000002,231.71407550414807,-31.71407550414807
4394,10111001,010,000,0,0,"[34.888888888888886, 46.09053497942386, 31.555555555555557]","[0.81, 1.0, 0.81]",0.5904900000000002,231.86739728677577,-31.86739728677577
4395,11010101,100,000,0,0,"[46.09053497942386, 34.888888888888886, 31.555555555555557]","[1.0, 0.81, 0.81]",0.5904900000000002,231.86739728677577,-31.86739728677577
4396,01011000,001,000,1,0,"[32.0, 33.33333333333333, 43.8957475994513]","[0.7290000000000001, 0.81, 1.0]",0.531441,231.87725623876332,-31.877256238763323
4397,01011001,001,000,1,0,"[32.0, 33.33333333333333, 43.895747599451305]","[0.7290000000000001, 0.81, 1.0]",0.531441,231.87725623876332,-31.877256238763323
4398,11001000,001,000,1,0,"[33.33333333333333, 32.0, 43.8957475994513]","[0.81, 0.7290000000000001, 1.0]",0.531441,231.87725623876332,-31.877256238763323
4399,11001001,001,000,1,0,"[33.33333333333333, 32.0, 43.895747599451305]","[0.81, 0.7290000000000001, 1.0]",0.531441,231.87725623876332,-31.877256238763323
4400,00111111,010,000,0,0,"[33.55555555555556, 45.432098765432094, 33.55555555555556]","[0.7290000000000001, 1.0, 0.9]",0.5904900000000002,231.88133563065108,-31.88133563065108
4401,01111101,010,000,0,0,"[35.55555555555556, 45.432098765432094, 31.555555555555557]","[0.81, 1.0, 0.81]",0.5904900000000002,231.88133563065108,-31.88133563065108
4402,11100111,100,000,0,0,"[45.432098765432094, 33.55555555555556, 33.55555555555556]","[1.0, 0.7290000000000001, 0.9]",0.5904900000000002,231.88133563065108,-31.88133563065108
4403,11101101,100,000,0,0,"[45.432098765432094, 35.55555555555556, 31.555555555555557]","[1.0, 0.81, 0.81]",0.5904900000000002,231.88133563065108,-31.88133563065108
4404,01001111,001,000,1,0,"[32.0, 35.55555555555556, 41.7283950617284]","[0.7290000000000001, 0.81, 1.0]",0.531441,231.98050323043185,-31.98050323043185
4405,01101011,001,000,1,0,"[35.55555555555556, 32.0, 41.7283950617284]","[0.81, 0.7290000000000001, 1.0]",0.531441,231.98050323043185,-31.98050323043185
4406,10010110,010,000,1,0,"[31.333333333333332, 48.01097393689986, 30.0]","[0.7290000000000001, 1.0, 0.81]",0.531441,232.09407492126724,-32.094074921267236
4407,10110010,100,000,1,0,"[48.01097393689986, 31.333333333333332, 30.0]","[1.0, 0.7290000000000001, 0.81]",0.531441,232.09407492126724,-32.094074921267236
4408,10111000,100,000,1,0,"[48.01097393689986, 33.33333333333333, 28.0]","[1.0, 0.81, 0.7290000000000001]",0.531441,232.09407492126724,-32.094074921267236
4409,11010100,010,000,1,0,"[33.33333333333333, 48.01097393689986, 28.0]","[0.81, 1.0, 0.7290000000000001]",0.531441,232.09407492126724,-32.094074921267236
4410,01011010,100,000,0,0,"[49.38271604938271, 33.33333333333333, 30.0]","[1.0, 0.81, 0.81]",0.5904900000000002,232.17404085203134,-32.17404085203134
4411,11001010,010,000,0,0,"[33.33333333333333, 49.38271604938271, 30.0]","[0.81, 1.0, 0.81]",0.5904900000000002,232.17404085203134,-32.17404085203134
4412,01011100,001,000,0,0,"[32.0, 36.888888888888886, 43.8957475994513]","[0.7290000000000001, 0.9, 1.0]",0.5904900000000002,232.29019371765844,-32.29019371765844
4413,01111000,001,000,0,0,"[35.55555555555556, 33.33333333333333, 43.8957475994513]","[0.81, 0.81, 1.0]",0.5904900000000002,232.29019371765844,-32.29019371765844
4414,11001100,001,000,0,0,"[33.33333333333333, 35.55555555555556, 43.8957475994513]","[0.81, 0.81, 1.0]",0.5904900000000002,232.29019371765844,-32.29019371765844
4415,11101000,001,000,0,0,"[36.888888888888886, 32.0, 43.8957475994513]","[0.9, 0.7290000000000001, 1.0]",0.5904900000000002,232.29019371765844,-32.29019371765844
4416,01011101,001,000,0,0,"[32.0, 36.888888888888886, 43.895747599451305]","[0.7290000000000001, 0.9, 1.0]",0.5904900000000002,232.2901937176585,-32.2901937176585
4417,01111001,001,000,0,0,"[35.55555555555556, 33.33333333333333, 43.895747599451305]","[0.81, 0.81, 1.0]",0.5904900000000002,232.2901937176585,-32.2901937176585
4418,11001101,001,000,0,0,"[33.33333333333333, 35.55555555555556, 43.895747599451305]","[0.81, 0.81, 1.0]",0.5904900000000002,232.2901937176585,-32.2901937176585
4419,11101001,001,000,0,0,"[36.888888888888886, 32.0, 43.895747599451305]","[0.9, 0.7290000000000001, 1.0]",0.5904900000000002,232.2901937176585,-32.2901937176585
4420,01101111,001,000,0,0,"[35.55555555555556, 35.55555555555556, 41.7283950617284]","[0.81, 0.81, 1.0]",0.5904900000000002,232.38311601016014,-32.38311601016014
4421,00000111,011,000,1,0,"[30.0, 51.51653711324493, 41.7283950617284]","[0.6561000000000001, 1.0, 1.0]",0.5904900000000002,232.42549776452316,-32.42549776452316
4422,00100011,101,000,1,0,"[51.51653711324493, 30.0, 41.7283950617284]","[1.0, 0.6561000000000001, 1.0]",0.5904900000000002,232.42549776452316,-32.42549776452316
4423,01001110,001,000,1,0,"[32.0, 35.55555555555556, 41.9753086419753]","[0.7290000000000001, 0.81, 1.0]",0.531441,232.44511469294022,-32.44511469294022
4424,01101010,001,000,1,0,"[35.55555555555556, 32.0, 41.9753086419753]","[0.81, 0.7290000000000001, 1.0]",0.531441,232.44511469294022,-32.44511469294022
4425,00001000,011,000,1,0,"[30.0, 49.38271604938271, 43.8957475994513]","[0.6561000000000001, 1.0, 1.0]",0.5904900000000002,232.48228360994085,-32.48228360994085
4426,00001001,011,000,1,0,"[30.0, 49.38271604938271, 43.895747599451305]","[0.6561000000000001, 1.0, 1.0]",0.5904900000000002,232.48228360994085,-32.48228360994085
4427,01000000,101,000,1,0,"[49.38271604938271, 30.0, 43.8957475994513]","[1.0, 0.6561000000000001, 1.0]",0.5904900000000002,232.48228360994085,-32.48228360994085
4428,01000001,101,000,1,0,"[49.38271604938271, 30.0, 43.895747599451305]","[1.0, 0.6561000000000001, 1.0]",0.5904900000000002,232.48228360994085,-32.48228360994085
4429,10010111,010,000,0,0,"[31.333333333333332, 48.01097393689986, 33.55555555555556]","[0.7290000000000001, 1.0, 0.9]",0.5904900000000002,232.48533053191196,-32.485330531911956
4430,10110011,100,000,0,0,"[48.01097393689986, 31.333333333333332, 33.55555555555556]","[1.0, 0.7290000000000001, 0.9]",0.5904900000000002,232.48533053191196,-32.485330531911956
4431,10110110,010,000,0,0,"[34.888888888888886, 48.01097393689986, 30.0]","[0.81, 1.0, 0.81]",0.5904900000000002,232.48533053191196,-32.485330531911956
4432,10110110,100,000,0,0,"[48.01097393689986, 34.888888888888886, 30.0]","[1.0, 0.81, 0.81]",0.5904900000000002,232.48533053191196,-32.485330531911956
4433,10111001,100,000,0,0,"[48.01097393689986, 33.33333333333333, 31.555555555555557]","[1.0, 0.81, 0.81]",0.5904900000000002,232.48533053191196,-32.485330531911956
4434,10111100,100,000,0,0,"[48.01097393689986, 36.888888888888886, 28.0]","[1.0, 0.9, 0.7290000000000001]",0.5904900000000002,232.48533053191196,-32.485330531911956
4435,11010101,010,000,0,0,"[33.33333333333333, 48.01097393689986, 31.555555555555557]","[0.81, 1.0, 0.81]",0.5904900000000002,232.48533053191196,-32.485330531911956
4436,11110100,010,000,0,0,"[36.888888888888886, 48.01097393689986, 28.0]","[0.9, 1.0, 0.7290000000000001]",0.5904900000000002,232.48533053191196,-32.485330531911956
4437,00011011,010,000,1,0,"[30.0, 46.09053497942386, 33.55555555555556]","[0.6561000000000001, 1.0, 0.9]",0.5314410000000002,232.66193337544408,-32.66193337544408
4438,11000011,100,000,1,0,"[46.09053497942386, 30.0, 33.55555555555556]","[1.0, 0.6561000000000001, 0.9]",0.5314410000000002,232.66193337544408,-32.66193337544408
4439,00111010,010,000,1,0,"[33.55555555555556, 46.09053497942386, 30.0]","[0.7290000000000001, 1.0, 0.81]",0.531441,232.6619333754441,-32.66193337544411
4440,01011001,010,000,1,0,"[32.0, 46.09053497942386, 31.555555555555557]","[0.7290000000000001, 1.0, 0.81]",0.531441,232.6619333754441,-32.66193337544411
4441,01111000,010,000,1,0,"[35.55555555555556, 46.09053497942386, 28.0]","[0.81, 1.0, 0.7290000000000001]",0.531441,232.6619333754441,-32.66193337544411
4442,11000110,100,000,1,0,"[46.09053497942386, 33.55555555555556, 30.0]","[1.0, 0.7290000000000001, 0.81]",0.531441,232.6619333754441,-32.66193337544411
4443,11001001,100,000,1,0,"[46.09053497942386, 32.0, 31.555555555555557]","[1.0, 0.7290000000000001, 0.81]",0.531441,232.6619333754441,-32.66193337544411
4444,11001100,100,000,1,0,"[46.09053497942386, 35.55555555555556, 28.0]","[1.0, 0.81, 0.7290000000000001]",0.531441,232.6619333754441,-32.66193337544411
4445,01101110,001,000,0,0,"[35.55555555555556, 35.55555555555556, 41.9753086419753]","[0.81, 0.81, 1.0]",0.5904900000000002,232.80126632641768,-32.801266326417675
4446,00000110,011,000,1,0,"[30.0, 51.51653711324493, 41.9753086419753]","[0.6561000000000001, 1.0, 1.0]",0.5904900000000002,232.84364808078067,-32.84364808078067
4447,00100010,101,000,1,0,"[51.51653711324493, 30.0, 41.9753086419753]","[1.0, 0.6561000000000001, 1.0]",0.5904900000000002,232.84364808078067,-32.84364808078067
4448,00100100,110,000,0,0,"[51.51653711324493, 51.51653711324493, 28.0]","[1.0, 1.0, 0.7290000000000001]",0.6561000000000001,232.87467493749404,-32.874674937494035
4449,00000011,011,000,1,0,"[30.0, 51.821368693796664, 41.7283950617284]","[0.6561000000000001, 1.0, 1.0]",0.5904900000000002,232.94173272286582,-32.94173272286582
4450,00000011,101,000,1,0,"[51.821368693796664, 30.0, 41.7283950617284]","[1.0, 0.6561000000000001, 1.0]",0.5904900000000002,232.94173272286582,-32.94173272286582
4451,10011000,100,000,1,0,"[48.46822130772747, 33.33333333333333, 28.0]","[1.0, 0.81, 0.7290000000000001]",0.531441,232.95446651850492,-32.954466518504915
4452,11010000,010,000,1,0,"[33.33333333333333, 48.46822130772747, 28.0]","[0.81, 1.0, 0.7290000000000001]",0.531441,232.95446651850492,-32.954466518504915
4453,10010010,010,000,1,0,"[31.333333333333332, 48.46822130772747, 30.0]","[0.7290000000000001, 1.0, 0.81]",0.531441,232.95446651850494,-32.954466518504944
4454,10010010,100,000,1,0,"[48.46822130772747, 31.333333333333332, 30.0]","[1.0, 0.7290000000000001, 0.81]",0.531441,232.95446651850494,-32.954466518504944
4455,00111011,010,000,0,0,"[33.55555555555556, 46.09053497942386, 33.55555555555556]","[0.7290000000000001, 1.0, 0.9]",0.5904900000000002,232.99640314067116,-32.99640314067116
4456,01111001,010,000,0,0,"[35.55555555555556, 46.09053497942386, 31.555555555555557]","[0.81, 1.0, 0.81]",0.5904900000000002,232.99640314067116,-32.99640314067116
4457,11000111,100,000,0,0,"[46.09053497942386, 33.55555555555556, 33.55555555555556]","[1.0, 0.7290000000000001, 0.9]",0.5904900000000002,232.99640314067116,-32.99640314067116
4458,11001101,100,000,0,0,"[46.09053497942386, 35.55555555555556, 31.555555555555557]","[1.0, 0.81, 0.81]",0.5904900000000002,232.99640314067116,-32.99640314067116
4459,10010011,010,000,0,0,"[31.333333333333332, 48.46822130772747, 33.55555555555556]","[0.7290000000000001, 1.0, 0.9]",0.5904900000000002,233.25968296942594,-33.25968296942594
4460,10010011,100,000,0,0,"[48.46822130772747, 31.333333333333332, 33.55555555555556]","[1.0, 0.7290000000000001, 0.9]",0.5904900000000002,233.25968296942594,-33.25968296942594
4461,10010110,100,000,0,0,"[48.46822130772747, 34.888888888888886, 30.0]","[1.0, 0.81, 0.81]",0.5904900000000002,233.25968296942594,-33.25968296942594
4462,10011001,100,000,0,0,"[48.46822130772747, 33.33333333333333, 31.555555555555557]","[1.0, 0.81, 0.81]",0.5904900000000002,233.25968296942594,-33.25968296942594
4463,10011100,100,000,0,0,"[48.46822130772747, 36.888888888888886, 28.0]","[1.0, 0.9, 0.7290000000000001]",0.5904900000000002,233.25968296942594,-33.25968296942594
4464,10110010,010,000,0,0,"[34.888888888888886, 48.46822130772747, 30.0]","[0.81, 1.0, 0.81]",0.5904900000000002,233.25968296942594,-33.25968296942594
4465,11010001,010,000,0,0,"[33.33333333333333, 48.46822130772747, 31.555555555555557]","[0.81, 1.0, 0.81]",0.5904900000000002,233.25968296942594,-33.25968296942594
4466,11110000,010,000,0,0,"[36.888888888888886, 48.46822130772747, 28.0]","[0.9, 1.0, 0.7290000000000001]",0.5904900000000002,233.25968296942594,-33.25968296942594
4467,00000100,110,000,0,0,"[51.821368693796664, 51.51653711324493, 28.0]","[1.0, 1.0, 0.7290000000000001]",0.6561000000000001,233.33928640000235,-33.33928640000235
4468,00100000,110,000,0,0,"[51.51653711324493, 51.821368693796664, 28.0]","[1.0, 1.0, 0.7290000000000001]",0.6561000000000001,233.33928640000235,-33.33928640000235
4469,01010110,010,000,1,0,"[32.0, 48.01097393689986, 30.0]","[0.7290000000000001, 1.0, 0.81]",0.531441,233.34852587003985,-33.34852587003985
4470,10101010,100,000,1,0,"[48.01097393689986, 32.0, 30.0]","[1.0, 0.7290000000000001, 0.81]",0.531441,233.34852587003985,-33.34852587003985
4471,00000010,011,000,1,0,"[30.0, 51.821368693796664, 41.9753086419753]","[0.6561000000000001, 1.0, 1.0]",0.5904900000000002,233.3598830391233,-33.359883039123304
4472,00000010,101,000,1,0,"[51.821368693796664, 30.0, 41.9753086419753]","[1.0, 0.6561000000000001, 1.0]",0.5904900000000002,233.3598830391233,-33.359883039123304
4473,10010100,001,000,1,0,"[31.333333333333332, 34.888888888888886, 43.8957475994513]","[0.7290000000000001, 0.81, 1.0]",0.531441,233.54985750379345,-33.54985750379345
4474,10110000,001,000,1,0,"[34.888888888888886, 31.333333333333332, 43.8957475994513]","[0.81, 0.7290000000000001, 1.0]",0.531441,233.54985750379345,-33.54985750379345
4475,10010101,001,000,1,0,"[31.333333333333332, 34.888888888888886, 43.895747599451305]","[0.7290000000000001, 0.81, 1.0]",0.531441,233.54985750379348,-33.549857503793476
4476,10110001,001,000,1,0,"[34.888888888888886, 31.333333333333332, 43.895747599451305]","[0.81, 0.7290000000000001, 1.0]",0.531441,233.54985750379348,-33.549857503793476
4477,01010111,010,000,0,0,"[32.0, 48.01097393689986, 33.55555555555556]","[0.7290000000000001, 1.0, 0.9]",0.5904900000000002,233.61433638580732,-33.61433638580732
4478,01110110,010,000,0,0,"[35.55555555555556, 48.01097393689986, 30.0]","[0.81, 1.0, 0.81]",0.5904900000000002,233.61433638580732,-33.61433638580732
4479,10101011,100,000,0,0,"[48.01097393689986, 32.0, 33.55555555555556]","[1.0, 0.7290000000000001, 0.9]",0.5904900000000002,233.61433638580732,-33.61433638580732
4480,10101110,100,000,0,0,"[48.01097393689986, 35.55555555555556, 30.0]","[1.0, 0.81, 0.81]",0.5904900000000002,233.61433638580732,-33.61433638580732
4481,01110010,100,000,1,0,"[48.83401920438958, 31.333333333333332, 30.0]","[1.0, 0.7290000000000001, 0.81]",0.531441,233.64277979629514,-33.642779796295144
4482,01111000,100,000,1,0,"[48.83401920438958, 33.33333333333333, 28.0]","[1.0, 0.81, 0.7290000000000001]",0.531441,233.64277979629514,-33.642779796295144
4483,10001110,010,000,1,0,"[31.333333333333332, 48.83401920438958, 30.0]","[0.7290000000000001, 1.0, 0.81]",0.531441,233.64277979629514,-33.642779796295144
4484,11001100,010,000,1,0,"[33.33333333333333, 48.83401920438958, 28.0]","[0.81, 1.0, 0.7290000000000001]",0.531441,233.64277979629514,-33.642779796295144
4485,00110111,001,000,1,0,"[33.55555555555556, 34.888888888888886, 41.7283950617284]","[0.7290000000000001, 0.81, 1.0]",0.531441,233.653104495462,-33.653104495462
4486,10100111,001,000,1,0,"[34.888888888888886, 33.55555555555556, 41.7283950617284]","[0.81, 0.7290000000000001, 1.0]",0.531441,233.653104495462,-33.653104495462
4487,10110100,001,000,0,0,"[34.888888888888886, 34.888888888888886, 43.8957475994513]","[0.81, 0.81, 1.0]",0.5904900000000002,233.79553485618558,-33.79553485618558
4488,10110101,001,000,0,0,"[34.888888888888886, 34.888888888888886, 43.895747599451305]","[0.81, 0.81, 1.0]",0.5904900000000002,233.79553485618558,-33.79553485618558
4489,00000000,110,000,0,0,"[51.821368693796664, 51.821368693796664, 28.0]","[1.0, 1.0, 0.7290000000000001]",0.6561000000000001,233.80389786251075,-33.80389786251075
4490,01110011,100,000,0,0,"[48.83401920438958, 31.333333333333332, 33.55555555555556]","[1.0, 0.7290000000000001, 0.9]",0.5904900000000002,233.8791649194371,-33.8791649194371
4491,01110110,100,000,0,0,"[48.83401920438958, 34.888888888888886, 30.0]","[1.0, 0.81, 0.81]",0.5904900000000002,233.8791649194371,-33.8791649194371
4492,01111001,100,000,0,0,"[48.83401920438958, 33.33333333333333, 31.555555555555557]","[1.0, 0.81, 0.81]",0.5904900000000002,233.8791649194371,-33.8791649194371
4493,01111100,100,000,0,0,"[48.83401920438958, 36.888888888888886, 28.0]","[1.0, 0.9, 0.7290000000000001]",0.5904900000000002,233.8791649194371,-33.8791649194371
4494,10001111,010,000,0,0,"[31.333333333333332, 48.83401920438958, 33.55555555555556]","[0.7290000000000001, 1.0, 0.9]",0.5904900000000002,233.8791649194371,-33.8791649194371
4495,10101110,010,000,0,0,"[34.888888888888886, 48.83401920438958, 30.0]","[0.81, 1.0, 0.81]",0.5904900000000002,233.8791649194371,-33.8791649194371
4496,11001101,010,000,0,0,"[33.33333333333333, 48.83401920438958, 31.555555555555557]","[0.81, 1.0, 0.81]",0.5904900000000002,233.8791649194371,-33.8791649194371
4497,11101100,010,000,0,0,"[36.888888888888886, 48.83401920438958, 28.0]","[0.9, 1.0, 0.7290000000000001]",0.5904900000000002,233.8791649194371,-33.8791649194371
4498,00110110,001,000,1,0,"[33.55555555555556, 34.888888888888886, 41.9753086419753]","[0.7290000000000001, 0.81, 1.0]",0.531441,234.11771595797038,-34.117715957970375
4499,10100110,001,000,1,0,"[34.888888888888886, 33.55555555555556, 41.9753086419753]","[0.81, 0.7290000000000001, 1.0]",0.531441,234.11771595797038,-34.117715957970375
4500,01010010,010,000,1,0,"[32.0, 48.46822130772747, 30.0]","[0.7290000000000001, 1.0, 0.81]",0.531441,234.2089174672776,-34.20891746727759
4501,10001010,100,000,1,0,"[48.46822130772747, 32.0, 30.0]","[1.0, 0.7290000000000001, 0.81]",0.531441,234.2089174672776,-34.20891746727759
4502,00111101,010,000,1,0,"[33.55555555555556, 45.432098765432094, 31.555555555555557]","[0.7290000000000001, 1.0, 0.81]",0.531441,234.35002168922458,-34.350021689224576
4503,11100101,100,000,1,0,"[45.432098765432094, 33.55555555555556, 31.555555555555557]","[1.0, 0.7290000000000001, 0.81]",0.531441,234.35002168922458,-34.350021689224576
4504,01010011,010,000,0,0,"[32.0, 48.46822130772747, 33.55555555555556]","[0.7290000000000001, 1.0, 0.9]",0.5904900000000002,234.38868882332125,-34.388688823321246
4505,01110010,010,000,0,0,"[35.55555555555556, 48.46822130772747, 30.0]","[0.81, 1.0, 0.81]",0.5904900000000002,234.38868882332125,-34.388688823321246
4506,10001011,100,000,0,0,"[48.46822130772747, 32.0, 33.55555555555556]","[1.0, 0.7290000000000001, 0.9]",0.5904900000000002,234.38868882332125,-34.388688823321246
4507,10001110,100,000,0,0,"[48.46822130772747, 35.55555555555556, 30.0]","[1.0, 0.81, 0.81]",0.5904900000000002,234.38868882332125,-34.388688823321246
4508,10011011,000,000,1,0,"[31.333333333333332, 33.33333333333333, 33.55555555555556]","[0.7290000000000001, 0.81, 0.9]",0.4782969000000001,234.62878856672955,-34.628788566729554
4509,10011110,000,000,1,0,"[31.333333333333332, 36.888888888888886, 30.0]","[0.7290000000000001, 0.9, 0.81]",0.47829690000000014,234.62878856672955,-34.628788566729554
4510,10111010,000,000,1,0,"[34.888888888888886, 33.33333333333333, 30.0]","[0.81, 0.81, 0.81]",0.47829690000000014,234.62878856672955,-34.628788566729554
4511,11010011,000,000,1,0,"[33.33333333333333, 31.333333333333332, 33.55555555555556]","[0.81, 0.7290000000000001, 0.9]",0.4782969000000001,234.62878856672955,-34.628788566729554
4512,11010110,000,000,1,0,"[33.33333333333333, 34.888888888888886, 30.0]","[0.81, 0.81, 0.81]",0.47829690000000014,234.62878856672955,-34.628788566729554
4513,11011001,000,000,1,0,"[33.33333333333333, 33.33333333333333, 31.555555555555557]","[0.81, 0.81, 0.81]",0.47829690000000014,234.62878856672955,-34.628788566729554
4514,11011100,000,000,1,0,"[33.33333333333333, 36.888888888888886, 28.0]","[0.81, 0.9, 0.7290000000000001]",0.47829690000000014,234.62878856672955,-34.628788566729554
4515,11110010,000,000,1,0,"[36.888888888888886, 31.333333333333332, 30.0]","[0.9, 0.7290000000000001, 0.81]",0.47829690000000014,234.62878856672955,-34.628788566729554
4516,11111000,000,000,1,0,"[36.888888888888886, 33.33333333333333, 28.0]","[0.9, 0.81, 0.7290000000000001]",0.47829690000000014,234.62878856672955,-34.628788566729554
4517,01010010,100,000,1,0,"[49.38271604938271, 31.333333333333332, 30.0]","[1.0, 0.7290000000000001, 0.81]",0.531441,234.67524971298042,-34.67524971298042
4518,01011000,100,000,1,0,"[49.38271604938271, 33.33333333333333, 28.0]","[1.0, 0.81, 0.7290000000000001]",0.531441,234.67524971298042,-34.67524971298042
4519,10001010,010,000,1,0,"[31.333333333333332, 49.38271604938271, 30.0]","[0.7290000000000001, 1.0, 0.81]",0.531441,234.67524971298042,-34.67524971298042
4520,11001000,010,000,1,0,"[33.33333333333333, 49.38271604938271, 28.0]","[0.81, 1.0, 0.7290000000000001]",0.531441,234.67524971298042,-34.67524971298042
4521,00011100,001,000,1,0,"[30.0, 36.888888888888886, 43.8957475994513]","[0.6561000000000001, 0.9, 1.0]",0.5314410000000002,234.80430845256603,-34.80430845256603
4522,11100000,001,000,1,0,"[36.888888888888886, 30.0, 43.8957475994513]","[0.9, 0.6561000000000001, 1.0]",0.5314410000000002,234.80430845256603,-34.80430845256603
4523,00011101,001,000,1,0,"[30.0, 36.888888888888886, 43.895747599451305]","[0.6561000000000001, 0.9, 1.0]",0.5314410000000002,234.80430845256606,-34.80430845256606
4524,11100001,001,000,1,0,"[36.888888888888886, 30.0, 43.895747599451305]","[0.9, 0.6561000000000001, 1.0]",0.5314410000000002,234.80430845256606,-34.80430845256606
4525,00111000,001,000,1,0,"[33.55555555555556, 33.33333333333333, 43.8957475994513]","[0.7290000000000001, 0.81, 1.0]",0.531441,234.8043084525661,-34.80430845256609
4526,01010100,001,000,1,0,"[32.0, 34.888888888888886, 43.8957475994513]","[0.7290000000000001, 0.81, 1.0]",0.531441,234.8043084525661,-34.80430845256609
4527,01110000,001,000,1,0,"[35.55555555555556, 31.333333333333332, 43.8957475994513]","[0.81, 0.7290000000000001, 1.0]",0.531441,234.8043084525661,-34.80430845256609
4528,10001100,001,000,1,0,"[31.333333333333332, 35.55555555555556, 43.8957475994513]","[0.7290000000000001, 0.81, 1.0]",0.531441,234.8043084525661,-34.80430845256609
4529,10101000,001,000,1,0,"[34.888888888888886, 32.0, 43.8957475994513]","[0.81, 0.7290000000000001, 1.0]",0.531441,234.8043084525661,-34.80430845256609
4530,11000100,001,000,1,0,"[33.33333333333333, 33.55555555555556, 43.8957475994513]","[0.81, 0.7290000000000001, 1.0]",0.531441,234.8043084525661,-34.80430845256609
4531,00111001,001,000,1,0,"[33.55555555555556, 33.33333333333333, 43.895747599451305]","[0.7290000000000001, 0.81, 1.0]",0.531441,234.80430845256612,-34.80430845256612
4532,01010101,001,000,1,0,"[32.0, 34.888888888888886, 43.895747599451305]","[0.7290000000000001, 0.81, 1.0]",0.531441,234.80430845256612,-34.80430845256612
4533,01110001,001,000,1,0,"[35.55555555555556, 31.333333333333332, 43.895747599451305]","[0.81, 0.7290000000000001, 1.0]",0.531441,234.80430845256612,-34.80430845256612
4534,10001101,001,000,1,0,"[31.333333333333332, 35.55555555555556, 43.895747599451305]","[0.7290000000000001, 0.81, 1.0]",0.531441,234.80430845256612,-34.80430845256612
4535,10101001,001,000,1,0,"[34.888888888888886, 32.0, 43.895747599451305]","[0.81, 0.7290000000000001, 1.0]",0.531441,234.80430845256612,-34.80430845256612
4536,11000101,001,000,1,0,"[33.33333333333333, 33.55555555555556, 43.895747599451305]","[0.81, 0.7290000000000001, 1.0]",0.531441,234.80430845256612,-34.80430845256612
4537,01010011,100,000,0,0,"[49.38271604938271, 31.333333333333332, 33.55555555555556]","[1.0, 0.7290000000000001, 0.9]",0.5904900000000002,234.80838784445385,-34.80838784445385
4538,01010110,100,000,0,0,"[49.38271604938271, 34.888888888888886, 30.0]","[1.0, 0.81, 0.81]",0.5904900000000002,234.80838784445385,-34.80838784445385
4539,01011001,100,000,0,0,"[49.38271604938271, 33.33333333333333, 31.555555555555557]","[1.0, 0.81, 0.81]",0.5904900000000002,234.80838784445385,-34.80838784445385
4540,01011100,100,000,0,0,"[49.38271604938271, 36.888888888888886, 28.0]","[1.0, 0.9, 0.7290000000000001]",0.5904900000000002,234.80838784445385,-34.80838784445385
4541,10001011,010,000,0,0,"[31.333333333333332, 49.38271604938271, 33.55555555555556]","[0.7290000000000001, 1.0, 0.9]",0.5904900000000002,234.80838784445385,-34.80838784445385
4542,10101010,010,000,0,0,"[34.888888888888886, 49.38271604938271, 30.0]","[0.81, 1.0, 0.81]",0.5904900000000002,234.80838784445385,-34.80838784445385
4543,11001001,010,000,0,0,"[33.33333333333333, 49.38271604938271, 31.555555555555557]","[0.81, 1.0, 0.81]",0.5904900000000002,234.80838784445385,-34.80838784445385
4544,11101000,010,000,0,0,"[36.888888888888886, 49.38271604938271, 28.0]","[0.9, 1.0, 0.7290000000000001]",0.5904900000000002,234.80838784445385,-34.80838784445385
4545,01001110,010,000,1,0,"[32.0, 48.83401920438958, 30.0]","[0.7290000000000001, 1.0, 0.81]",0.531441,234.8972307450678,-34.89723074506779
4546,01101010,100,000,1,0,"[48.83401920438958, 32.0, 30.0]","[1.0, 0.7290000000000001, 0.81]",0.531441,234.8972307450678,-34.89723074506779
4547,00101111,001,000,1,0,"[33.55555555555556, 35.55555555555556, 41.7283950617284]","[0.7290000000000001, 0.81, 1.0]",0.531441,234.90755544423465,-34.907555444234646
4548,01100111,001,000,1,0,"[35.55555555555556, 33.55555555555556, 41.7283950617284]","[0.81, 0.7290000000000001, 1.0]",0.531441,234.90755544423465,-34.907555444234646
4549,00111100,001,000,0,0,"[33.55555555555556, 36.888888888888886, 43.8957475994513]","[0.7290000000000001, 0.9, 1.0]",0.5904900000000002,234.92454071008095,-34.92454071008095
4550,00111101,001,000,0,0,"[33.55555555555556, 36.888888888888886, 43.895747599451305]","[0.7290000000000001, 0.9, 1.0]",0.5904900000000002,234.92454071008095,-34.92454071008095
4551,01110100,001,000,0,0,"[35.55555555555556, 34.888888888888886, 43.8957475994513]","[0.81, 0.81, 1.0]",0.5904900000000002,234.92454071008095,-34.92454071008095
4552,01110101,001,000,0,0,"[35.55555555555556, 34.888888888888886, 43.895747599451305]","[0.81, 0.81, 1.0]",0.5904900000000002,234.92454071008095,-34.92454071008095
4553,10101100,001,000,0,0,"[34.888888888888886, 35.55555555555556, 43.8957475994513]","[0.81, 0.81, 1.0]",0.5904900000000002,234.92454071008095,-34.92454071008095
4554,10101101,001,000,0,0,"[34.888888888888886, 35.55555555555556, 43.895747599451305]","[0.81, 0.81, 1.0]",0.5904900000000002,234.92454071008095,-34.92454071008095
4555,11100100,001,000,0,0,"[36.888888888888886, 33.55555555555556, 43.8957475994513]","[0.9, 0.7290000000000001, 1.0]",0.5904900000000002,234.92454071008095,-34.92454071008095
4556,11100101,001,000,0,0,"[36.888888888888886, 33.55555555555556, 43.895747599451305]","[0.9, 0.7290000000000001, 1.0]",0.5904900000000002,234.92454071008095,-34.92454071008095
4557,01001111,010,000,0,0,"[32.0, 48.83401920438958, 33.55555555555556]","[0.7290000000000001, 1.0, 0.9]",0.5904900000000002,235.00817077333244,-35.00817077333244
4558,01101011,100,000,0,0,"[48.83401920438958, 32.0, 33.55555555555556]","[1.0, 0.7290000000000001, 0.9]",0.5904900000000002,235.00817077333244,-35.00817077333244
4559,01101110,010,000,0,0,"[35.55555555555556, 48.83401920438958, 30.0]","[0.81, 1.0, 0.81]",0.5904900000000002,235.00817077333244,-35.00817077333244
4560,01101110,100,000,0,0,"[48.83401920438958, 35.55555555555556, 30.0]","[1.0, 0.81, 0.81]",0.5904900000000002,235.00817077333244,-35.00817077333244
4561,10010101,010,000,1,0,"[31.333333333333332, 48.01097393689986, 31.555555555555557]","[0.7290000000000001, 1.0, 0.81]",0.531441,235.02112713507,-35.02112713507
4562,10110001,100,000,1,0,"[48.01097393689986, 31.333333333333332, 31.555555555555557]","[1.0, 0.7290000000000001, 0.81]",0.531441,235.02112713507,-35.02112713507
4563,10110100,010,000,1,0,"[34.888888888888886, 48.01097393689986, 28.0]","[0.81, 1.0, 0.7290000000000001]",0.531441,235.02112713507,-35.02112713507
4564,10110100,100,000,1,0,"[48.01097393689986, 34.888888888888886, 28.0]","[1.0, 0.81, 0.7290000000000001]",0.531441,235.02112713507,-35.02112713507
4565,10110101,010,000,0,0,"[34.888888888888886, 48.01097393689986, 31.555555555555557]","[0.81, 1.0, 0.81]",0.5904900000000002,235.11967752433446,-35.11967752433446
4566,10110101,100,000,0,0,"[48.01097393689986, 34.888888888888886, 31.555555555555557]","[1.0, 0.81, 0.81]",0.5904900000000002,235.11967752433446,-35.11967752433446
4567,00101110,001,000,1,0,"[33.55555555555556, 35.55555555555556, 41.9753086419753]","[0.7290000000000001, 0.81, 1.0]",0.531441,235.372166906743,-35.37216690674299
4568,01100110,001,000,1,0,"[35.55555555555556, 33.55555555555556, 41.9753086419753]","[0.81, 0.7290000000000001, 1.0]",0.531441,235.372166906743,-35.37216690674299
4569,00011111,011,010,0,0,"[30.0, 42.888888888888886, 41.7283950617284]","[0.6561000000000001, 1.0, 1.0]",0.5904900000000002,235.3937982872144,-35.393798287214395
4570,11100011,101,100,0,0,"[42.888888888888886, 30.0, 41.7283950617284]","[1.0, 0.6561000000000001, 1.0]",0.5904900000000002,235.3937982872144,-35.393798287214395
4571,00111001,010,000,1,0,"[33.55555555555556, 46.09053497942386, 31.555555555555557]","[0.7290000000000001, 1.0, 0.81]",0.531441,235.5889855892469,-35.5889855892469
4572,11000101,100,000,1,0,"[46.09053497942386, 33.55555555555556, 31.555555555555557]","[1.0, 0.7290000000000001, 0.81]",0.531441,235.5889855892469,-35.5889855892469
4573,00111010,100,000,0,0,"[51.51653711324493, 33.33333333333333, 30.0]","[1.0, 0.81, 0.81]",0.5904900000000002,235.7876855604298,-35.78768556042979
4574,11000110,010,000,0,0,"[33.33333333333333, 51.51653711324493, 30.0]","[0.81, 1.0, 0.81]",0.5904900000000002,235.7876855604298,-35.78768556042979
4575,00011110,011,010,0,0,"[30.0, 42.888888888888886, 41.9753086419753]","[0.6561000000000001, 1.0, 1.0]",0.5904900000000002,235.81194860347193,-35.81194860347193
4576,11100010,101,100,0,0,"[42.888888888888886, 30.0, 41.9753086419753]","[1.0, 0.6561000000000001, 1.0]",0.5904900000000002,235.81194860347193,-35.81194860347193
4577,10010001,010,000,1,0,"[31.333333333333332, 48.46822130772747, 31.555555555555557]","[0.7290000000000001, 1.0, 0.81]",0.531441,235.8815187323077,-35.88151873230771
4578,10010001,100,000,1,0,"[48.46822130772747, 31.333333333333332, 31.555555555555557]","[1.0, 0.7290000000000001, 0.81]",0.531441,235.8815187323077,-35.88151873230771
4579,10010100,100,000,1,0,"[48.46822130772747, 34.888888888888886, 28.0]","[1.0, 0.81, 0.7290000000000001]",0.531441,235.8815187323077,-35.88151873230771
4580,10110000,010,000,1,0,"[34.888888888888886, 48.46822130772747, 28.0]","[0.81, 1.0, 0.7290000000000001]",0.531441,235.8815187323077,-35.88151873230771
4581,10010101,100,000,0,0,"[48.46822130772747, 34.888888888888886, 31.555555555555557]","[1.0, 0.81, 0.81]",0.5904900000000002,235.89402996184842,-35.89402996184842
4582,10110001,010,000,0,0,"[34.888888888888886, 48.46822130772747, 31.555555555555557]","[0.81, 1.0, 0.81]",0.5904900000000002,235.89402996184842,-35.89402996184842
4583,01001010,010,000,1,0,"[32.0, 49.38271604938271, 30.0]","[0.7290000000000001, 1.0, 0.81]",0.531441,235.92970066175303,-35.92970066175303
4584,01001010,100,000,1,0,"[49.38271604938271, 32.0, 30.0]","[1.0, 0.7290000000000001, 0.81]",0.531441,235.92970066175303,-35.92970066175303
4585,01001011,010,000,0,0,"[32.0, 49.38271604938271, 33.55555555555556]","[0.7290000000000001, 1.0, 0.9]",0.5904900000000002,235.93739369834918,-35.93739369834918
4586,01001011,100,000,0,0,"[49.38271604938271, 32.0, 33.55555555555556]","[1.0, 0.7290000000000001, 0.9]",0.5904900000000002,235.93739369834918,-35.93739369834918
4587,01001110,100,000,0,0,"[49.38271604938271, 35.55555555555556, 30.0]","[1.0, 0.81, 0.81]",0.5904900000000002,235.93739369834918,-35.93739369834918
4588,01101010,010,000,0,0,"[35.55555555555556, 49.38271604938271, 30.0]","[0.81, 1.0, 0.81]",0.5904900000000002,235.93739369834918,-35.93739369834918
4589,00011111,011,001,0,0,"[30.0, 45.432098765432094, 39.55555555555556]","[0.6561000000000001, 1.0, 1.0]",0.5904900000000002,236.02102376160073,-36.02102376160073
4590,11100011,101,001,0,0,"[45.432098765432094, 30.0, 39.55555555555556]","[1.0, 0.6561000000000001, 1.0]",0.5904900000000002,236.02102376160073,-36.02102376160073
4591,01011110,000,000,1,0,"[32.0, 36.888888888888886, 30.0]","[0.7290000000000001, 0.9, 0.81]",0.47829690000000014,236.02262295425467,-36.02262295425467
4592,01111010,000,000,1,0,"[35.55555555555556, 33.33333333333333, 30.0]","[0.81, 0.81, 0.81]",0.47829690000000014,236.02262295425467,-36.02262295425467
4593,11001110,000,000,1,0,"[33.33333333333333, 35.55555555555556, 30.0]","[0.81, 0.81, 0.81]",0.47829690000000014,236.02262295425467,-36.02262295425467
4594,11101010,000,000,1,0,"[36.888888888888886, 32.0, 30.0]","[0.9, 0.7290000000000001, 0.81]",0.47829690000000014,236.02262295425467,-36.02262295425467
4595,01011011,000,000,1,0,"[32.0, 33.33333333333333, 33.55555555555556]","[0.7290000000000001, 0.81, 0.9]",0.4782969000000001,236.0226229542547,-36.0226229542547
4596,11001011,000,000,1,0,"[33.33333333333333, 32.0, 33.55555555555556]","[0.81, 0.7290000000000001, 0.9]",0.4782969000000001,236.0226229542547,-36.0226229542547
4597,01101100,001,000,0,0,"[35.55555555555556, 35.55555555555556, 43.8957475994513]","[0.81, 0.81, 1.0]",0.5904900000000002,236.05354656397628,-36.05354656397628
4598,01101101,001,000,0,0,"[35.55555555555556, 35.55555555555556, 43.895747599451305]","[0.81, 0.81, 1.0]",0.5904900000000002,236.05354656397634,-36.05354656397634
4599,01001100,001,000,1,0,"[32.0, 35.55555555555556, 43.8957475994513]","[0.7290000000000001, 0.81, 1.0]",0.531441,236.0587594013387,-36.058759401338705
4600,01001101,001,000,1,0,"[32.0, 35.55555555555556, 43.895747599451305]","[0.7290000000000001, 0.81, 1.0]",0.531441,236.0587594013387,-36.058759401338705
4601,01101000,001,000,1,0,"[35.55555555555556, 32.0, 43.8957475994513]","[0.81, 0.7290000000000001, 1.0]",0.531441,236.0587594013387,-36.058759401338705
4602,01101001,001,000,1,0,"[35.55555555555556, 32.0, 43.895747599451305]","[0.81, 0.7290000000000001, 1.0]",0.531441,236.0587594013387,-36.058759401338705
4603,00000100,011,000,1,0,"[30.0, 51.51653711324493, 43.8957475994513]","[0.6561000000000001, 1.0, 1.0]",0.5904900000000002,236.0959283183393,-36.095928318339304
4604,00100000,101,000,1,0,"[51.51653711324493, 30.0, 43.8957475994513]","[1.0, 0.6561000000000001, 1.0]",0.5904900000000002,236.0959283183393,-36.095928318339304
4605,00000101,011,000,1,0,"[30.0, 51.51653711324493, 43.895747599451305]","[0.6561000000000001, 1.0, 1.0]",0.5904900000000002,236.09592831833936,-36.09592831833936
4606,00100001,101,000,1,0,"[51.51653711324493, 30.0, 43.895747599451305]","[1.0, 0.6561000000000001, 1.0]",0.5904900000000002,236.09592831833936,-36.09592831833936
4607,00110111,010,000,0,0,"[33.55555555555556, 48.01097393689986, 33.55555555555556]","[0.7290000000000001, 1.0, 0.9]",0.5904900000000002,236.2486833782298,-36.2486833782298
4608,01110101,010,000,0,0,"[35.55555555555556, 48.01097393689986, 31.555555555555557]","[0.81, 1.0, 0.81]",0.5904900000000002,236.2486833782298,-36.2486833782298
4609,10100111,100,000,0,0,"[48.01097393689986, 33.55555555555556, 33.55555555555556]","[1.0, 0.7290000000000001, 0.9]",0.5904900000000002,236.2486833782298,-36.2486833782298
4610,10101101,100,000,0,0,"[48.01097393689986, 35.55555555555556, 31.555555555555557]","[1.0, 0.81, 0.81]",0.5904900000000002,236.2486833782298,-36.2486833782298
4611,00010111,010,000,1,0,"[30.0, 48.01097393689986, 33.55555555555556]","[0.6561000000000001, 1.0, 0.9]",0.5314410000000002,236.27557808384256,-36.27557808384256
4612,10100011,100,000,1,0,"[48.01097393689986, 30.0, 33.55555555555556]","[1.0, 0.6561000000000001, 0.9]",0.5314410000000002,236.27557808384256,-36.27557808384256
4613,00110110,010,000,1,0,"[33.55555555555556, 48.01097393689986, 30.0]","[0.7290000000000001, 1.0, 0.81]",0.531441,236.27557808384262,-36.27557808384262
4614,01010101,010,000,1,0,"[32.0, 48.01097393689986, 31.555555555555557]","[0.7290000000000001, 1.0, 0.81]",0.531441,236.27557808384262,-36.27557808384262
4615,01110100,010,000,1,0,"[35.55555555555556, 48.01097393689986, 28.0]","[0.81, 1.0, 0.7290000000000001]",0.531441,236.27557808384262,-36.27557808384262
4616,10100110,100,000,1,0,"[48.01097393689986, 33.55555555555556, 30.0]","[1.0, 0.7290000000000001, 0.81]",0.531441,236.27557808384262,-36.27557808384262
4617,10101001,100,000,1,0,"[48.01097393689986, 32.0, 31.555555555555557]","[1.0, 0.7290000000000001, 0.81]",0.531441,236.27557808384262,-36.27557808384262
4618,10101100,100,000,1,0,"[48.01097393689986, 35.55555555555556, 28.0]","[1.0, 0.81, 0.7290000000000001]",0.531441,236.27557808384262,-36.27557808384262
4619,00011010,100,000,0,0,"[51.821368693796664, 33.33333333333333, 30.0]","[1.0, 0.81, 0.81]",0.5904900000000002,236.30392051877246,-36.30392051877246
4620,11000010,010,000,0,0,"[33.33333333333333, 51.821368693796664, 30.0]","[0.81, 1.0, 0.81]",0.5904900000000002,236.30392051877246,-36.30392051877246
4621,01110101,100,000,0,0,"[48.83401920438958, 34.888888888888886, 31.555555555555557]","[1.0, 0.81, 0.81]",0.5904900000000002,236.5135119118596,-36.51351191185961
4622,10101101,010,000,0,0,"[34.888888888888886, 48.83401920438958, 31.555555555555557]","[0.81, 1.0, 0.81]",0.5904900000000002,236.5135119118596,-36.51351191185961
4623,01110001,100,000,1,0,"[48.83401920438958, 31.333333333333332, 31.555555555555557]","[1.0, 0.7290000000000001, 0.81]",0.531441,236.5698320100979,-36.56983201009791
4624,01110100,100,000,1,0,"[48.83401920438958, 34.888888888888886, 28.0]","[1.0, 0.81, 0.7290000000000001]",0.531441,236.5698320100979,-36.56983201009791
4625,10001101,010,000,1,0,"[31.333333333333332, 48.83401920438958, 31.555555555555557]","[0.7290000000000001, 1.0, 0.81]",0.531441,236.5698320100979,-36.56983201009791
4626,10101100,010,000,1,0,"[34.888888888888886, 48.83401920438958, 28.0]","[0.81, 1.0, 0.7290000000000001]",0.531441,236.5698320100979,-36.56983201009791
4627,00000000,011,000,1,0,"[30.0, 51.821368693796664, 43.8957475994513]","[0.6561000000000001, 1.0, 1.0]",0.5904900000000002,236.61216327668194,-36.61216327668194
4628,00000000,101,000,1,0,"[51.821368693796664, 30.0, 43.8957475994513]","[1.0, 0.6561000000000001, 1.0]",0.5904900000000002,236.61216327668194,-36.61216327668194
4629,00000001,011,000,1,0,"[30.0, 51.821368693796664, 43.895747599451305]","[0.6561000000000001, 1.0, 1.0]",0.5904900000000002,236.61216327668194,-36.61216327668194
4630,00000001,101,000,1,0,"[51.821368693796664, 30.0, 43.895747599451305]","[1.0, 0.6561000000000001, 1.0]",0.5904900000000002,236.61216327668194,-36.61216327668194
4631,00110011,010,000,0,0,"[33.55555555555556, 48.46822130772747, 33.55555555555556]","[0.7290000000000001, 1.0, 0.9]",0.5904900000000002,237.0230358157438,-37.02303581574381
4632,01110001,010,000,0,0,"[35.55555555555556, 48.46822130772747, 31.555555555555557]","[0.81, 1.0, 0.81]",0.5904900000000002,237.0230358157438,-37.02303581574381
4633,10000111,100,000,0,0,"[48.46822130772747, 33.55555555555556, 33.55555555555556]","[1.0, 0.7290000000000001, 0.9]",0.5904900000000002,237.0230358157438,-37.02303581574381
4634,10001101,100,000,0,0,"[48.46822130772747, 35.55555555555556, 31.555555555555557]","[1.0, 0.81, 0.81]",0.5904900000000002,237.0230358157438,-37.02303581574381
4635,00010011,010,000,1,0,"[30.0, 48.46822130772747, 33.55555555555556]","[0.6561000000000001, 1.0, 0.9]",0.5314410000000002,237.13596968108027,-37.13596968108027
4636,10000011,100,000,1,0,"[48.46822130772747, 30.0, 33.55555555555556]","[1.0, 0.6561000000000001, 0.9]",0.5314410000000002,237.13596968108027,-37.13596968108027
4637,00110010,010,000,1,0,"[33.55555555555556, 48.46822130772747, 30.0]","[0.7290000000000001, 1.0, 0.81]",0.531441,237.13596968108033,-37.135969681080326
4638,01010001,010,000,1,0,"[32.0, 48.46822130772747, 31.555555555555557]","[0.7290000000000001, 1.0, 0.81]",0.531441,237.13596968108033,-37.135969681080326
4639,01110000,010,000,1,0,"[35.55555555555556, 48.46822130772747, 28.0]","[0.81, 1.0, 0.7290000000000001]",0.531441,237.13596968108033,-37.135969681080326
4640,10000110,100,000,1,0,"[48.46822130772747, 33.55555555555556, 30.0]","[1.0, 0.7290000000000001, 0.81]",0.531441,237.13596968108033,-37.135969681080326
4641,10001001,100,000,1,0,"[48.46822130772747, 32.0, 31.555555555555557]","[1.0, 0.7290000000000001, 0.81]",0.531441,237.13596968108033,-37.135969681080326
4642,10001100,100,000,1,0,"[48.46822130772747, 35.55555555555556, 28.0]","[1.0, 0.81, 0.7290000000000001]",0.531441,237.13596968108033,-37.135969681080326
4643,00011011,011,001,0,0,"[30.0, 46.09053497942386, 39.55555555555556]","[0.6561000000000001, 1.0, 1.0]",0.5904900000000002,237.1360912716208,-37.13609127162081
4644,11000011,101,001,0,0,"[46.09053497942386, 30.0, 39.55555555555556]","[1.0, 0.6561000000000001, 1.0]",0.5904900000000002,237.1360912716208,-37.13609127162081
4645,01010101,100,000,0,0,"[49.38271604938271, 34.888888888888886, 31.555555555555557]","[1.0, 0.81, 0.81]",0.5904900000000002,237.44273483687633,-37.442734836876326
4646,10101001,010,000,0,0,"[34.888888888888886, 49.38271604938271, 31.555555555555557]","[0.81, 1.0, 0.81]",0.5904900000000002,237.44273483687633,-37.442734836876326
4647,01010001,100,000,1,0,"[49.38271604938271, 31.333333333333332, 31.555555555555557]","[1.0, 0.7290000000000001, 0.81]",0.531441,237.60230192678318,-37.602301926783184
4648,01010100,100,000,1,0,"[49.38271604938271, 34.888888888888886, 28.0]","[1.0, 0.81, 0.7290000000000001]",0.531441,237.60230192678318,-37.602301926783184
4649,10001001,010,000,1,0,"[31.333333333333332, 49.38271604938271, 31.555555555555557]","[0.7290000000000001, 1.0, 0.81]",0.531441,237.60230192678318,-37.602301926783184
4650,10101000,010,000,1,0,"[34.888888888888886, 49.38271604938271, 28.0]","[0.81, 1.0, 0.7290000000000001]",0.531441,237.60230192678318,-37.602301926783184
4651,00101111,010,000,0,0,"[33.55555555555556, 48.83401920438958, 33.55555555555556]","[0.7290000000000001, 1.0, 0.9]",0.5904900000000002,237.64251776575495,-37.642517765754945
4652,01100111,100,000,0,0,"[48.83401920438958, 33.55555555555556, 33.55555555555556]","[1.0, 0.7290000000000001, 0.9]",0.5904900000000002,237.64251776575495,-37.642517765754945
4653,01101101,010,000,0,0,"[35.55555555555556, 48.83401920438958, 31.555555555555557]","[0.81, 1.0, 0.81]",0.5904900000000002,237.64251776575495,-37.642517765754945
4654,01101101,100,000,0,0,"[48.83401920438958, 35.55555555555556, 31.555555555555557]","[1.0, 0.81, 0.81]",0.5904900000000002,237.64251776575495,-37.642517765754945
4655,00110100,001,000,1,0,"[33.55555555555556, 34.888888888888886, 43.8957475994513]","[0.7290000000000001, 0.81, 1.0]",0.531441,237.73136066636886,-37.73136066636886
4656,00110101,001,000,1,0,"[33.55555555555556, 34.888888888888886, 43.895747599451305]","[0.7290000000000001, 0.81, 1.0]",0.531441,237.73136066636886,-37.73136066636886
4657,10100100,001,000,1,0,"[34.888888888888886, 33.55555555555556, 43.8957475994513]","[0.81, 0.7290000000000001, 1.0]",0.531441,237.73136066636886,-37.73136066636886
4658,10100101,001,000,1,0,"[34.888888888888886, 33.55555555555556, 43.895747599451305]","[0.81, 0.7290000000000001, 1.0]",0.531441,237.73136066636886,-37.73136066636886
4659,00001111,010,000,1,0,"[30.0, 48.83401920438958, 33.55555555555556]","[0.6561000000000001, 1.0, 0.9]",0.5314410000000002,237.8242829588705,-37.8242829588705
4660,01100011,100,000,1,0,"[48.83401920438958, 30.0, 33.55555555555556]","[1.0, 0.6561000000000001, 0.9]",0.5314410000000002,237.8242829588705,-37.8242829588705
4661,00101110,010,000,1,0,"[33.55555555555556, 48.83401920438958, 30.0]","[0.7290000000000001, 1.0, 0.81]",0.531441,237.82428295887055,-37.824282958870555
4662,01001101,010,000,1,0,"[32.0, 48.83401920438958, 31.555555555555557]","[0.7290000000000001, 1.0, 0.81]",0.531441,237.82428295887055,-37.824282958870555
4663,01100110,100,000,1,0,"[48.83401920438958, 33.55555555555556, 30.0]","[1.0, 0.7290000000000001, 0.81]",0.531441,237.82428295887055,-37.824282958870555
4664,01101001,100,000,1,0,"[48.83401920438958, 32.0, 31.555555555555557]","[1.0, 0.7290000000000001, 0.81]",0.531441,237.82428295887055,-37.824282958870555
4665,01101100,010,000,1,0,"[35.55555555555556, 48.83401920438958, 28.0]","[0.81, 1.0, 0.7290000000000001]",0.531441,237.82428295887055,-37.824282958870555
4666,01101100,100,000,1,0,"[48.83401920438958, 35.55555555555556, 28.0]","[1.0, 0.81, 0.7290000000000001]",0.531441,237.82428295887055,-37.824282958870555
4667,10011101,000,000,1,0,"[31.333333333333332, 36.888888888888886, 31.555555555555557]","[0.7290000000000001, 0.9, 0.81]",0.47829690000000014,237.88106880428816,-37.88106880428816
4668,10110110,000,000,1,0,"[34.888888888888886, 34.888888888888886, 30.0]","[0.81, 0.81, 0.81]",0.47829690000000014,237.88106880428816,-37.88106880428816
4669,10111001,000,000,1,0,"[34.888888888888886, 33.33333333333333, 31.555555555555557]","[0.81, 0.81, 0.81]",0.47829690000000014,237.88106880428816,-37.88106880428816
4670,10111100,000,000,1,0,"[34.888888888888886, 36.888888888888886, 28.0]","[0.81, 0.9, 0.7290000000000001]",0.47829690000000014,237.88106880428816,-37.88106880428816
4671,11010101,000,000,1,0,"[33.33333333333333, 34.888888888888886, 31.555555555555557]","[0.81, 0.81, 0.81]",0.47829690000000014,237.88106880428816,-37.88106880428816
4672,11110001,000,000,1,0,"[36.888888888888886, 31.333333333333332, 31.555555555555557]","[0.9, 0.7290000000000001, 0.81]",0.47829690000000014,237.88106880428816,-37.88106880428816
4673,11110100,000,000,1,0,"[36.888888888888886, 34.888888888888886, 28.0]","[0.9, 0.81, 0.7290000000000001]",0.47829690000000014,237.88106880428816,-37.88106880428816
4674,10010111,000,000,1,0,"[31.333333333333332, 34.888888888888886, 33.55555555555556]","[0.7290000000000001, 0.81, 0.9]",0.4782969000000001,237.8810688042882,-37.88106880428819
4675,10110011,000,000,1,0,"[34.888888888888886, 31.333333333333332, 33.55555555555556]","[0.81, 0.7290000000000001, 0.9]",0.4782969000000001,237.8810688042882,-37.88106880428819
4676,00110011,100,000,0,0,"[51.51653711324493, 31.333333333333332, 33.55555555555556]","[1.0, 0.7290000000000001, 0.9]",0.5904900000000002,238.42203255285236,-38.42203255285236
4677,00110110,100,000,0,0,"[51.51653711324493, 34.888888888888886, 30.0]","[1.0, 0.81, 0.81]",0.5904900000000002,238.42203255285236,-38.42203255285236
4678,00111001,100,000,0,0,"[51.51653711324493, 33.33333333333333, 31.555555555555557]","[1.0, 0.81, 0.81]",0.5904900000000002,238.42203255285236,-38.42203255285236
4679,00111100,100,000,0,0,"[51.51653711324493, 36.888888888888886, 28.0]","[1.0, 0.9, 0.7290000000000001]",0.5904900000000002,238.42203255285236,-38.42203255285236
4680,10000111,010,000,0,0,"[31.333333333333332, 51.51653711324493, 33.55555555555556]","[0.7290000000000001, 1.0, 0.9]",0.5904900000000002,238.42203255285236,-38.42203255285236
4681,10100110,010,000,0,0,"[34.888888888888886, 51.51653711324493, 30.0]","[0.81, 1.0, 0.81]",0.5904900000000002,238.42203255285236,-38.42203255285236
4682,11000101,010,000,0,0,"[33.33333333333333, 51.51653711324493, 31.555555555555557]","[0.81, 1.0, 0.81]",0.5904900000000002,238.42203255285236,-38.42203255285236
4683,11100100,010,000,0,0,"[36.888888888888886, 51.51653711324493, 28.0]","[0.9, 1.0, 0.7290000000000001]",0.5904900000000002,238.42203255285236,-38.42203255285236
4684,00101011,010,000,0,0,"[33.55555555555556, 49.38271604938271, 33.55555555555556]","[0.7290000000000001, 1.0, 0.9]",0.5904900000000002,238.57174069077172,-38.57174069077172
4685,01000111,100,000,0,0,"[49.38271604938271, 33.55555555555556, 33.55555555555556]","[1.0, 0.7290000000000001, 0.9]",0.5904900000000002,238.57174069077172,-38.57174069077172
4686,01001101,100,000,0,0,"[49.38271604938271, 35.55555555555556, 31.555555555555557]","[1.0, 0.81, 0.81]",0.5904900000000002,238.57174069077172,-38.57174069077172
4687,01101001,010,000,0,0,"[35.55555555555556, 49.38271604938271, 31.555555555555557]","[0.81, 1.0, 0.81]",0.5904900000000002,238.57174069077172,-38.57174069077172
4688,00111000,100,000,1,0,"[51.51653711324493, 33.33333333333333, 28.0]","[1.0, 0.81, 0.7290000000000001]",0.531441,238.69041050008983,-38.690410500089826
4689,11000100,010,000,1,0,"[33.33333333333333, 51.51653711324493, 28.0]","[0.81, 1.0, 0.7290000000000001]",0.531441,238.69041050008983,-38.690410500089826
4690,00110010,100,000,1,0,"[51.51653711324493, 31.333333333333332, 30.0]","[1.0, 0.7290000000000001, 0.81]",0.531441,238.69041050008985,-38.690410500089854
4691,10000110,010,000,1,0,"[31.333333333333332, 51.51653711324493, 30.0]","[0.7290000000000001, 1.0, 0.81]",0.531441,238.69041050008985,-38.690410500089854
4692,00001011,010,000,1,0,"[30.0, 49.38271604938271, 33.55555555555556]","[0.6561000000000001, 1.0, 0.9]",0.5314410000000002,238.85675287555574,-38.85675287555574
4693,01000011,100,000,1,0,"[49.38271604938271, 30.0, 33.55555555555556]","[1.0, 0.6561000000000001, 0.9]",0.5314410000000002,238.85675287555574,-38.85675287555574
4694,00101010,010,000,1,0,"[33.55555555555556, 49.38271604938271, 30.0]","[0.7290000000000001, 1.0, 0.81]",0.531441,238.8567528755558,-38.8567528755558
4695,01000110,100,000,1,0,"[49.38271604938271, 33.55555555555556, 30.0]","[1.0, 0.7290000000000001, 0.81]",0.531441,238.8567528755558,-38.8567528755558
4696,01001001,010,000,1,0,"[32.0, 49.38271604938271, 31.555555555555557]","[0.7290000000000001, 1.0, 0.81]",0.531441,238.8567528755558,-38.8567528755558
4697,01001001,100,000,1,0,"[49.38271604938271, 32.0, 31.555555555555557]","[1.0, 0.7290000000000001, 0.81]",0.531441,238.8567528755558,-38.8567528755558
4698,01001100,100,000,1,0,"[49.38271604938271, 35.55555555555556, 28.0]","[1.0, 0.81, 0.7290000000000001]",0.531441,238.8567528755558,-38.8567528755558
4699,01101000,010,000,1,0,"[35.55555555555556, 49.38271604938271, 28.0]","[0.81, 1.0, 0.7290000000000001]",0.531441,238.8567528755558,-38.8567528755558
4700,11011011,000,000,0,0,"[33.33333333333333, 33.33333333333333, 33.55555555555556]","[0.81, 0.81, 0.9]",0.5314410000000002,238.9062609437777,-38.90626094377771
4701,11011110,000,000,0,0,"[33.33333333333333, 36.888888888888886, 30.0]","[0.81, 0.9, 0.81]",0.531441,238.90626094377777,-38.90626094377777
4702,11111010,000,000,0,0,"[36.888888888888886, 33.33333333333333, 30.0]","[0.9, 0.81, 0.81]",0.531441,238.90626094377777,-38.90626094377777
4703,00010011,100,000,0,0,"[51.821368693796664, 31.333333333333332, 33.55555555555556]","[1.0, 0.7290000000000001, 0.9]",0.5904900000000002,238.93826751119494,-38.93826751119494
4704,00010110,100,000,0,0,"[51.821368693796664, 34.888888888888886, 30.0]","[1.0, 0.81, 0.81]",0.5904900000000002,238.93826751119494,-38.93826751119494
4705,00011001,100,000,0,0,"[51.821368693796664, 33.33333333333333, 31.555555555555557]","[1.0, 0.81, 0.81]",0.5904900000000002,238.93826751119494,-38.93826751119494
4706,00011100,100,000,0,0,"[51.821368693796664, 36.888888888888886, 28.0]","[1.0, 0.9, 0.7290000000000001]",0.5904900000000002,238.93826751119494,-38.93826751119494
4707,10000011,010,000,0,0,"[31.333333333333332, 51.821368693796664, 33.55555555555556]","[0.7290000000000001, 1.0, 0.9]",0.5904900000000002,238.93826751119494,-38.93826751119494
4708,10100010,010,000,0,0,"[34.888888888888886, 51.821368693796664, 30.0]","[0.81, 1.0, 0.81]",0.5904900000000002,238.93826751119494,-38.93826751119494
4709,11000001,010,000,0,0,"[33.33333333333333, 51.821368693796664, 31.555555555555557]","[0.81, 1.0, 0.81]",0.5904900000000002,238.93826751119494,-38.93826751119494
4710,11100000,010,000,0,0,"[36.888888888888886, 51.821368693796664, 28.0]","[0.9, 1.0, 0.7290000000000001]",0.5904900000000002,238.93826751119494,-38.93826751119494
4711,00101100,001,000,1,0,"[33.55555555555556, 35.55555555555556, 43.8957475994513]","[0.7290000000000001, 0.81, 1.0]",0.531441,238.98581161514147,-38.98581161514147
4712,01100100,001,000,1,0,"[35.55555555555556, 33.55555555555556, 43.8957475994513]","[0.81, 0.7290000000000001, 1.0]",0.531441,238.98581161514147,-38.98581161514147
4713,00101101,001,000,1,0,"[33.55555555555556, 35.55555555555556, 43.895747599451305]","[0.7290000000000001, 0.81, 1.0]",0.531441,238.9858116151415,-38.9858116151415
4714,01100101,001,000,1,0,"[35.55555555555556, 33.55555555555556, 43.895747599451305]","[0.81, 0.7290000000000001, 1.0]",0.531441,238.9858116151415,-38.9858116151415
4715,00011100,011,010,0,0,"[30.0, 42.888888888888886, 43.8957475994513]","[0.6561000000000001, 1.0, 1.0]",0.5904900000000002,239.06422884103057,-39.06422884103057
4716,11100000,101,100,0,0,"[42.888888888888886, 30.0, 43.8957475994513]","[1.0, 0.6561000000000001, 1.0]",0.5904900000000002,239.06422884103057,-39.06422884103057
4717,00011101,011,010,0,0,"[30.0, 42.888888888888886, 43.895747599451305]","[0.6561000000000001, 1.0, 1.0]",0.5904900000000002,239.0642288410306,-39.0642288410306
4718,11100001,101,100,0,0,"[42.888888888888886, 30.0, 43.895747599451305]","[1.0, 0.6561000000000001, 1.0]",0.5904900000000002,239.0642288410306,-39.0642288410306
4719,00110101,010,000,1,0,"[33.55555555555556, 48.01097393689986, 31.555555555555557]","[0.7290000000000001, 1.0, 0.81]",0.531441,239.20263029764538,-39.202630297645385
4720,10100101,100,000,1,0,"[48.01097393689986, 33.55555555555556, 31.555555555555557]","[1.0, 0.7290000000000001, 0.81]",0.531441,239.20263029764538,-39.202630297645385
4721,00011000,100,000,1,0,"[51.821368693796664, 33.33333333333333, 28.0]","[1.0, 0.81, 0.7290000000000001]",0.531441,239.2640048982483,-39.26400489824829
4722,11000000,010,000,1,0,"[33.33333333333333, 51.821368693796664, 28.0]","[0.81, 1.0, 0.7290000000000001]",0.531441,239.2640048982483,-39.26400489824829
4723,00010010,100,000,1,0,"[51.821368693796664, 31.333333333333332, 30.0]","[1.0, 0.7290000000000001, 0.81]",0.531441,239.26400489824832,-39.26400489824832
4724,10000010,010,000,1,0,"[31.333333333333332, 51.821368693796664, 30.0]","[0.7290000000000001, 1.0, 0.81]",0.531441,239.26400489824832,-39.26400489824832
4725,00011111,000,000,1,0,"[30.0, 36.888888888888886, 33.55555555555556]","[0.6561000000000001, 0.9, 0.9]",0.47829690000000014,239.2749031918133,-39.27490319181331
4726,00111110,000,000,1,0,"[33.55555555555556, 36.888888888888886, 30.0]","[0.7290000000000001, 0.9, 0.81]",0.47829690000000014,239.2749031918133,-39.27490319181331
4727,01011101,000,000,1,0,"[32.0, 36.888888888888886, 31.555555555555557]","[0.7290000000000001, 0.9, 0.81]",0.47829690000000014,239.2749031918133,-39.27490319181331
4728,01110110,000,000,1,0,"[35.55555555555556, 34.888888888888886, 30.0]","[0.81, 0.81, 0.81]",0.47829690000000014,239.2749031918133,-39.27490319181331
4729,01111001,000,000,1,0,"[35.55555555555556, 33.33333333333333, 31.555555555555557]","[0.81, 0.81, 0.81]",0.47829690000000014,239.2749031918133,-39.27490319181331
4730,01111100,000,000,1,0,"[35.55555555555556, 36.888888888888886, 28.0]","[0.81, 0.9, 0.7290000000000001]",0.47829690000000014,239.2749031918133,-39.27490319181331
4731,10101110,000,000,1,0,"[34.888888888888886, 35.55555555555556, 30.0]","[0.81, 0.81, 0.81]",0.47829690000000014,239.2749031918133,-39.27490319181331
4732,11001101,000,000,1,0,"[33.33333333333333, 35.55555555555556, 31.555555555555557]","[0.81, 0.81, 0.81]",0.47829690000000014,239.2749031918133,-39.27490319181331
4733,11100011,000,000,1,0,"[36.888888888888886, 30.0, 33.55555555555556]","[0.9, 0.6561000000000001, 0.9]",0.47829690000000014,239.2749031918133,-39.27490319181331
4734,11100110,000,000,1,0,"[36.888888888888886, 33.55555555555556, 30.0]","[0.9, 0.7290000000000001, 0.81]",0.47829690000000014,239.2749031918133,-39.27490319181331
4735,11101001,000,000,1,0,"[36.888888888888886, 32.0, 31.555555555555557]","[0.9, 0.7290000000000001, 0.81]",0.47829690000000014,239.2749031918133,-39.27490319181331
4736,11101100,000,000,1,0,"[36.888888888888886, 35.55555555555556, 28.0]","[0.9, 0.81, 0.7290000000000001]",0.47829690000000014,239.2749031918133,-39.27490319181331
4737,00111011,000,000,1,0,"[33.55555555555556, 33.33333333333333, 33.55555555555556]","[0.7290000000000001, 0.81, 0.9]",0.4782969000000001,239.27490319181334,-39.27490319181334
4738,01010111,000,000,1,0,"[32.0, 34.888888888888886, 33.55555555555556]","[0.7290000000000001, 0.81, 0.9]",0.4782969000000001,239.27490319181334,-39.27490319181334
4739,01110011,000,000,1,0,"[35.55555555555556, 31.333333333333332, 33.55555555555556]","[0.81, 0.7290000000000001, 0.9]",0.4782969000000001,239.27490319181334,-39.27490319181334
4740,10001111,000,000,1,0,"[31.333333333333332, 35.55555555555556, 33.55555555555556]","[0.7290000000000001, 0.81, 0.9]",0.4782969000000001,239.27490319181334,-39.27490319181334
4741,10101011,000,000,1,0,"[34.888888888888886, 32.0, 33.55555555555556]","[0.81, 0.7290000000000001, 0.9]",0.4782969000000001,239.27490319181334,-39.27490319181334
4742,11000111,000,000,1,0,"[33.33333333333333, 33.55555555555556, 33.55555555555556]","[0.81, 0.7290000000000001, 0.9]",0.4782969000000001,239.27490319181334,-39.27490319181334
4743,00101011,100,000,0,0,"[51.51653711324493, 32.0, 33.55555555555556]","[1.0, 0.7290000000000001, 0.9]",0.5904900000000002,239.55103840674764,-39.55103840674764
4744,00101110,100,000,0,0,"[51.51653711324493, 35.55555555555556, 30.0]","[1.0, 0.81, 0.81]",0.5904900000000002,239.55103840674764,-39.55103840674764
4745,01000111,010,000,0,0,"[32.0, 51.51653711324493, 33.55555555555556]","[0.7290000000000001, 1.0, 0.9]",0.5904900000000002,239.55103840674764,-39.55103840674764
4746,01100110,010,000,0,0,"[35.55555555555556, 51.51653711324493, 30.0]","[0.81, 1.0, 0.81]",0.5904900000000002,239.55103840674764,-39.55103840674764
4747,00011111,011,000,0,0,"[30.0, 45.432098765432094, 41.7283950617284]","[0.6561000000000001, 1.0, 1.0]",0.5904900000000002,239.70074654466706,-39.700746544667055
4748,11100011,101,000,0,0,"[45.432098765432094, 30.0, 41.7283950617284]","[1.0, 0.6561000000000001, 1.0]",0.5904900000000002,239.70074654466706,-39.700746544667055
4749,00101010,100,000,1,0,"[51.51653711324493, 32.0, 30.0]","[1.0, 0.7290000000000001, 0.81]",0.531441,239.94486144886247,-39.94486144886247
4750,01000110,010,000,1,0,"[32.0, 51.51653711324493, 30.0]","[0.7290000000000001, 1.0, 0.81]",0.531441,239.94486144886247,-39.94486144886247
4751,00110001,010,000,1,0,"[33.55555555555556, 48.46822130772747, 31.555555555555557]","[0.7290000000000001, 1.0, 0.81]",0.531441,240.06302189488312,-40.06302189488312
4752,10000101,100,000,1,0,"[48.46822130772747, 33.55555555555556, 31.555555555555557]","[1.0, 0.7290000000000001, 0.81]",0.531441,240.06302189488312,-40.06302189488312
4753,00001011,100,000,0,0,"[51.821368693796664, 32.0, 33.55555555555556]","[1.0, 0.7290000000000001, 0.9]",0.5904900000000002,240.0672733650903,-40.0672733650903
4754,00001110,100,000,0,0,"[51.821368693796664, 35.55555555555556, 30.0]","[1.0, 0.81, 0.81]",0.5904900000000002,240.0672733650903,-40.0672733650903
4755,01000011,010,000,0,0,"[32.0, 51.821368693796664, 33.55555555555556]","[0.7290000000000001, 1.0, 0.9]",0.5904900000000002,240.0672733650903,-40.0672733650903
4756,01100010,010,000,0,0,"[35.55555555555556, 51.821368693796664, 30.0]","[0.81, 1.0, 0.81]",0.5904900000000002,240.0672733650903,-40.0672733650903
4757,00011110,011,000,0,0,"[30.0, 45.432098765432094, 41.9753086419753]","[0.6561000000000001, 1.0, 1.0]",0.5904900000000002,240.1188968609246,-40.11889686092459
4758,11100010,101,000,0,0,"[45.432098765432094, 30.0, 41.9753086419753]","[1.0, 0.6561000000000001, 1.0]",0.5904900000000002,240.1188968609246,-40.11889686092459
4759,00010111,011,001,0,0,"[30.0, 48.01097393689986, 39.55555555555556]","[0.6561000000000001, 1.0, 1.0]",0.5904900000000002,240.38837150917945,-40.38837150917945
4760,10100011,101,001,0,0,"[48.01097393689986, 30.0, 39.55555555555556]","[1.0, 0.6561000000000001, 1.0]",0.5904900000000002,240.38837150917945,-40.38837150917945
4761,00001010,100,000,1,0,"[51.821368693796664, 32.0, 30.0]","[1.0, 0.7290000000000001, 0.81]",0.531441,240.51845584702096,-40.51845584702096
4762,01000010,010,000,1,0,"[32.0, 51.821368693796664, 30.0]","[0.7290000000000001, 1.0, 0.81]",0.531441,240.51845584702096,-40.51845584702096
4763,01101110,000,000,1,0,"[35.55555555555556, 35.55555555555556, 30.0]","[0.81, 0.81, 0.81]",0.47829690000000014,240.66873757933845,-40.668737579338455
4764,01001111,000,000,1,0,"[32.0, 35.55555555555556, 33.55555555555556]","[0.7290000000000001, 0.81, 0.9]",0.4782969000000001,240.66873757933848,-40.66873757933848
4765,01101011,000,000,1,0,"[35.55555555555556, 32.0, 33.55555555555556]","[0.81, 0.7290000000000001, 0.9]",0.4782969000000001,240.66873757933848,-40.66873757933848
4766,00101101,010,000,1,0,"[33.55555555555556, 48.83401920438958, 31.555555555555557]","[0.7290000000000001, 1.0, 0.81]",0.531441,240.75133517267332,-40.75133517267332
4767,01100101,100,000,1,0,"[48.83401920438958, 33.55555555555556, 31.555555555555557]","[1.0, 0.7290000000000001, 0.81]",0.531441,240.75133517267332,-40.75133517267332
4768,00011011,011,000,0,0,"[30.0, 46.09053497942386, 41.7283950617284]","[0.6561000000000001, 1.0, 1.0]",0.5904900000000002,240.81581405468714,-40.81581405468714
4769,11000011,101,000,0,0,"[46.09053497942386, 30.0, 41.7283950617284]","[1.0, 0.6561000000000001, 1.0]",0.5904900000000002,240.81581405468714,-40.81581405468714
4770,00110101,100,000,0,0,"[51.51653711324493, 34.888888888888886, 31.555555555555557]","[1.0, 0.81, 0.81]",0.5904900000000002,241.05637954527484,-41.05637954527484
4771,10100101,010,000,0,0,"[34.888888888888886, 51.51653711324493, 31.555555555555557]","[0.81, 1.0, 0.81]",0.5904900000000002,241.05637954527484,-41.05637954527484
4772,10110101,000,000,1,0,"[34.888888888888886, 34.888888888888886, 31.555555555555557]","[0.81, 0.81, 0.81]",0.47829690000000014,241.1333490418468,-41.1333490418468
4773,00010011,011,001,0,0,"[30.0, 48.46822130772747, 39.55555555555556]","[0.6561000000000001, 1.0, 1.0]",0.5904900000000002,241.16272394669335,-41.16272394669335
4774,10000011,101,001,0,0,"[48.46822130772747, 30.0, 39.55555555555556]","[1.0, 0.6561000000000001, 1.0]",0.5904900000000002,241.16272394669335,-41.16272394669335
4775,00011010,011,000,0,0,"[30.0, 46.09053497942386, 41.9753086419753]","[0.6561000000000001, 1.0, 1.0]",0.5904900000000002,241.23396437094468,-41.233964370944676
4776,11000010,101,000,0,0,"[46.09053497942386, 30.0, 41.9753086419753]","[1.0, 0.6561000000000001, 1.0]",0.5904900000000002,241.23396437094468,-41.233964370944676
4777,00010101,100,000,0,0,"[51.821368693796664, 34.888888888888886, 31.555555555555557]","[1.0, 0.81, 0.81]",0.5904900000000002,241.5726145036174,-41.57261450361739
4778,10100001,010,000,0,0,"[34.888888888888886, 51.821368693796664, 31.555555555555557]","[0.81, 1.0, 0.81]",0.5904900000000002,241.5726145036174,-41.57261450361739
4779,00110001,100,000,1,0,"[51.51653711324493, 31.333333333333332, 31.555555555555557]","[1.0, 0.7290000000000001, 0.81]",0.531441,241.61746271389262,-41.61746271389262
4780,00110100,100,000,1,0,"[51.51653711324493, 34.888888888888886, 28.0]","[1.0, 0.81, 0.7290000000000001]",0.531441,241.61746271389262,-41.61746271389262
4781,10000101,010,000,1,0,"[31.333333333333332, 51.51653711324493, 31.555555555555557]","[0.7290000000000001, 1.0, 0.81]",0.531441,241.61746271389262,-41.61746271389262
4782,10100100,010,000,1,0,"[34.888888888888886, 51.51653711324493, 28.0]","[0.81, 1.0, 0.7290000000000001]",0.531441,241.61746271389262,-41.61746271389262
4783,00001111,011,001,0,0,"[30.0, 48.83401920438958, 39.55555555555556]","[0.6561000000000001, 1.0, 1.0]",0.5904900000000002,241.78220589670454,-41.78220589670454
4784,01100011,101,001,0,0,"[48.83401920438958, 30.0, 39.55555555555556]","[1.0, 0.6561000000000001, 1.0]",0.5904900000000002,241.78220589670454,-41.78220589670454
4785,00101001,010,000,1,0,"[33.55555555555556, 49.38271604938271, 31.555555555555557]","[0.7290000000000001, 1.0, 0.81]",0.531441,241.78380508935857,-41.783805089358566
4786,01000101,100,000,1,0,"[49.38271604938271, 33.55555555555556, 31.555555555555557]","[1.0, 0.7290000000000001, 0.81]",0.531441,241.78380508935857,-41.783805089358566
4787,10011111,000,000,0,0,"[31.333333333333332, 36.888888888888886, 33.55555555555556]","[0.7290000000000001, 0.9, 0.9]",0.5314410000000002,241.83331315758048,-41.83331315758048
4788,10111011,000,000,0,0,"[34.888888888888886, 33.33333333333333, 33.55555555555556]","[0.81, 0.81, 0.9]",0.5314410000000002,241.83331315758048,-41.83331315758048
4789,11010111,000,000,0,0,"[33.33333333333333, 34.888888888888886, 33.55555555555556]","[0.81, 0.81, 0.9]",0.5314410000000002,241.83331315758048,-41.83331315758048
4790,11110011,000,000,0,0,"[36.888888888888886, 31.333333333333332, 33.55555555555556]","[0.9, 0.7290000000000001, 0.9]",0.5314410000000002,241.83331315758048,-41.83331315758048
4791,10111110,000,000,0,0,"[34.888888888888886, 36.888888888888886, 30.0]","[0.81, 0.9, 0.81]",0.531441,241.83331315758053,-41.833313157580534
4792,11011101,000,000,0,0,"[33.33333333333333, 36.888888888888886, 31.555555555555557]","[0.81, 0.9, 0.81]",0.531441,241.83331315758053,-41.833313157580534
4793,11110110,000,000,0,0,"[36.888888888888886, 34.888888888888886, 30.0]","[0.9, 0.81, 0.81]",0.531441,241.83331315758053,-41.833313157580534
4794,11111001,000,000,0,0,"[36.888888888888886, 33.33333333333333, 31.555555555555557]","[0.9, 0.81, 0.81]",0.531441,241.83331315758053,-41.833313157580534
4795,11111100,000,000,0,0,"[36.888888888888886, 36.888888888888886, 28.0]","[0.9, 0.9, 0.7290000000000001]",0.531441,241.83331315758053,-41.833313157580534
4796,00100111,010,000,0,0,"[33.55555555555556, 51.51653711324493, 33.55555555555556]","[0.7290000000000001, 1.0, 0.9]",0.5904900000000002,242.1853853991702,-42.1853853991702
4797,00100111,100,000,0,0,"[51.51653711324493, 33.55555555555556, 33.55555555555556]","[1.0, 0.7290000000000001, 0.9]",0.5904900000000002,242.1853853991702,-42.1853853991702
4798,00101101,100,000,0,0,"[51.51653711324493, 35.55555555555556, 31.555555555555557]","[1.0, 0.81, 0.81]",0.5904900000000002,242.1853853991702,-42.1853853991702
4799,01100101,010,000,0,0,"[35.55555555555556, 51.51653711324493, 31.555555555555557]","[0.81, 1.0, 0.81]",0.5904900000000002,242.1853853991702,-42.1853853991702
4800,00010001,100,000,1,0,"[51.821368693796664, 31.333333333333332, 31.555555555555557]","[1.0, 0.7290000000000001, 0.81]",0.531441,242.19105711205108,-42.191057112051084
4801,00010100,100,000,1,0,"[51.821368693796664, 34.888888888888886, 28.0]","[1.0, 0.81, 0.7290000000000001]",0.531441,242.19105711205108,-42.191057112051084
4802,10000001,010,000,1,0,"[31.333333333333332, 51.821368693796664, 31.555555555555557]","[0.7290000000000001, 1.0, 0.81]",0.531441,242.19105711205108,-42.191057112051084
4803,10100000,010,000,1,0,"[34.888888888888886, 51.821368693796664, 28.0]","[0.81, 1.0, 0.7290000000000001]",0.531441,242.19105711205108,-42.191057112051084
4804,00111101,000,000,1,0,"[33.55555555555556, 36.888888888888886, 31.555555555555557]","[0.7290000000000001, 0.9, 0.81]",0.47829690000000014,242.52718342937195,-42.527183429371945
4805,01110101,000,000,1,0,"[35.55555555555556, 34.888888888888886, 31.555555555555557]","[0.81, 0.81, 0.81]",0.47829690000000014,242.52718342937195,-42.527183429371945
4806,10101101,000,000,1,0,"[34.888888888888886, 35.55555555555556, 31.555555555555557]","[0.81, 0.81, 0.81]",0.47829690000000014,242.52718342937195,-42.527183429371945
4807,11100101,000,000,1,0,"[36.888888888888886, 33.55555555555556, 31.555555555555557]","[0.9, 0.7290000000000001, 0.81]",0.47829690000000014,242.52718342937195,-42.527183429371945
4808,00110111,000,000,1,0,"[33.55555555555556, 34.888888888888886, 33.55555555555556]","[0.7290000000000001, 0.81, 0.9]",0.4782969000000001,242.52718342937197,-42.52718342937197
4809,10100111,000,000,1,0,"[34.888888888888886, 33.55555555555556, 33.55555555555556]","[0.81, 0.7290000000000001, 0.9]",0.4782969000000001,242.52718342937197,-42.52718342937197
4810,00000111,100,000,0,0,"[51.821368693796664, 33.55555555555556, 33.55555555555556]","[1.0, 0.7290000000000001, 0.9]",0.5904900000000002,242.70162035751278,-42.70162035751278
4811,00001101,100,000,0,0,"[51.821368693796664, 35.55555555555556, 31.555555555555557]","[1.0, 0.81, 0.81]",0.5904900000000002,242.70162035751278,-42.70162035751278
4812,00100011,010,000,0,0,"[33.55555555555556, 51.821368693796664, 33.55555555555556]","[0.7290000000000001, 1.0, 0.9]",0.5904900000000002,242.70162035751278,-42.70162035751278
4813,01100001,010,000,0,0,"[35.55555555555556, 51.821368693796664, 31.555555555555557]","[0.81, 1.0, 0.81]",0.5904900000000002,242.70162035751278,-42.70162035751278
4814,00001011,011,001,0,0,"[30.0, 49.38271604938271, 39.55555555555556]","[0.6561000000000001, 1.0, 1.0]",0.5904900000000002,242.7114288217213,-42.71142882172131
4815,01000011,101,001,0,0,"[49.38271604938271, 30.0, 39.55555555555556]","[1.0, 0.6561000000000001, 1.0]",0.5904900000000002,242.7114288217213,-42.71142882172131
4816,00000111,010,000,1,0,"[30.0, 51.51653711324493, 33.55555555555556]","[0.6561000000000001, 1.0, 0.9]",0.5314410000000002,242.87191366266518,-42.87191366266518
4817,00100011,100,000,1,0,"[51.51653711324493, 30.0, 33.55555555555556]","[1.0, 0.6561000000000001, 0.9]",0.5314410000000002,242.87191366266518,-42.87191366266518
4818,00100110,010,000,1,0,"[33.55555555555556, 51.51653711324493, 30.0]","[0.7290000000000001, 1.0, 0.81]",0.531441,242.8719136626652,-42.87191366266521
4819,00100110,100,000,1,0,"[51.51653711324493, 33.55555555555556, 30.0]","[1.0, 0.7290000000000001, 0.81]",0.531441,242.8719136626652,-42.87191366266521
4820,00101001,100,000,1,0,"[51.51653711324493, 32.0, 31.555555555555557]","[1.0, 0.7290000000000001, 0.81]",0.531441,242.8719136626652,-42.87191366266521
4821,00101100,100,000,1,0,"[51.51653711324493, 35.55555555555556, 28.0]","[1.0, 0.81, 0.7290000000000001]",0.531441,242.8719136626652,-42.87191366266521
4822,01000101,010,000,1,0,"[32.0, 51.51653711324493, 31.555555555555557]","[0.7290000000000001, 1.0, 0.81]",0.531441,242.8719136626652,-42.87191366266521
4823,01100100,010,000,1,0,"[35.55555555555556, 51.51653711324493, 28.0]","[0.81, 1.0, 0.7290000000000001]",0.531441,242.8719136626652,-42.87191366266521
4824,10011100,010,010,1,0,"[31.333333333333332, 42.888888888888886, 28.0]","[0.7290000000000001, 1.0, 0.7290000000000001]",0.47829690000000014,242.9917948918803,-42.99179489188029
4825,11110000,100,100,1,0,"[42.888888888888886, 31.333333333333332, 28.0]","[1.0, 0.7290000000000001, 0.7290000000000001]",0.47829690000000014,242.9917948918803,-42.99179489188029
4826,10010011,001,001,1,0,"[31.333333333333332, 31.333333333333332, 39.55555555555556]","[0.7290000000000001, 0.7290000000000001, 1.0]",0.47829690000000014,242.99179489188032,-42.99179489188032
4827,01011111,000,000,0,0,"[32.0, 36.888888888888886, 33.55555555555556]","[0.7290000000000001, 0.9, 0.9]",0.5314410000000002,243.08776410635312,-43.08776410635312
4828,01111011,000,000,0,0,"[35.55555555555556, 33.33333333333333, 33.55555555555556]","[0.81, 0.81, 0.9]",0.5314410000000002,243.08776410635312,-43.08776410635312
4829,11001111,000,000,0,0,"[33.33333333333333, 35.55555555555556, 33.55555555555556]","[0.81, 0.81, 0.9]",0.5314410000000002,243.08776410635312,-43.08776410635312
4830,11101011,000,000,0,0,"[36.888888888888886, 32.0, 33.55555555555556]","[0.9, 0.7290000000000001, 0.9]",0.5314410000000002,243.08776410635312,-43.08776410635312
4831,01111110,000,000,0,0,"[35.55555555555556, 36.888888888888886, 30.0]","[0.81, 0.9, 0.81]",0.531441,243.08776410635318,-43.08776410635318
4832,11101110,000,000,0,0,"[36.888888888888886, 35.55555555555556, 30.0]","[0.9, 0.81, 0.81]",0.531441,243.08776410635318,-43.08776410635318
4833,00011100,011,000,0,0,"[30.0, 45.432098765432094, 43.8957475994513]","[0.6561000000000001, 1.0, 1.0]",0.5904900000000002,243.3711770984832,-43.3711770984832
4834,00011101,011,000,0,0,"[30.0, 45.432098765432094, 43.895747599451305]","[0.6561000000000001, 1.0, 1.0]",0.5904900000000002,243.3711770984832,-43.3711770984832
4835,11100000,101,000,0,0,"[45.432098765432094, 30.0, 43.8957475994513]","[1.0, 0.6561000000000001, 1.0]",0.5904900000000002,243.3711770984832,-43.3711770984832
4836,11100001,101,000,0,0,"[45.432098765432094, 30.0, 43.895747599451305]","[1.0, 0.6561000000000001, 1.0]",0.5904900000000002,243.3711770984832,-43.3711770984832
4837,00000011,010,000,1,0,"[30.0, 51.821368693796664, 33.55555555555556]","[0.6561000000000001, 1.0, 0.9]",0.5314410000000002,243.44550806082364,-43.44550806082364
4838,00000011,100,000,1,0,"[51.821368693796664, 30.0, 33.55555555555556]","[1.0, 0.6561000000000001, 0.9]",0.5314410000000002,243.44550806082364,-43.44550806082364
4839,00000110,100,000,1,0,"[51.821368693796664, 33.55555555555556, 30.0]","[1.0, 0.7290000000000001, 0.81]",0.531441,243.4455080608237,-43.4455080608237
4840,00001001,100,000,1,0,"[51.821368693796664, 32.0, 31.555555555555557]","[1.0, 0.7290000000000001, 0.81]",0.531441,243.4455080608237,-43.4455080608237
4841,00001100,100,000,1,0,"[51.821368693796664, 35.55555555555556, 28.0]","[1.0, 0.81, 0.7290000000000001]",0.531441,243.4455080608237,-43.4455080608237
4842,00100010,010,000,1,0,"[33.55555555555556, 51.821368693796664, 30.0]","[0.7290000000000001, 1.0, 0.81]",0.531441,243.4455080608237,-43.4455080608237
4843,01000001,010,000,1,0,"[32.0, 51.821368693796664, 31.555555555555557]","[0.7290000000000001, 1.0, 0.81]",0.531441,243.4455080608237,-43.4455080608237
4844,01100000,010,000,1,0,"[35.55555555555556, 51.821368693796664, 28.0]","[0.81, 1.0, 0.7290000000000001]",0.531441,243.4455080608237,-43.4455080608237
4845,01101101,000,000,1,0,"[35.55555555555556, 35.55555555555556, 31.555555555555557]","[0.81, 0.81, 0.81]",0.47829690000000014,243.92101781689706,-43.92101781689706
4846,00101111,000,000,1,0,"[33.55555555555556, 35.55555555555556, 33.55555555555556]","[0.7290000000000001, 0.81, 0.9]",0.4782969000000001,243.9210178168971,-43.92101781689709
4847,01100111,000,000,1,0,"[35.55555555555556, 33.55555555555556, 33.55555555555556]","[0.81, 0.7290000000000001, 0.9]",0.4782969000000001,243.9210178168971,-43.92101781689709
4848,00010111,011,000,0,0,"[30.0, 48.01097393689986, 41.7283950617284]","[0.6561000000000001, 1.0, 1.0]",0.5904900000000002,244.0680942922458,-44.0680942922458
4849,10100011,101,000,0,0,"[48.01097393689986, 30.0, 41.7283950617284]","[1.0, 0.6561000000000001, 1.0]",0.5904900000000002,244.0680942922458,-44.0680942922458
4850,00011011,001,001,1,0,"[30.0, 33.33333333333333, 39.55555555555556]","[0.6561000000000001, 0.81, 1.0]",0.47829690000000014,244.38562927940544,-44.385629279405435
4851,00011110,010,010,1,0,"[30.0, 42.888888888888886, 30.0]","[0.6561000000000001, 1.0, 0.81]",0.47829690000000014,244.38562927940544,-44.385629279405435
4852,01010011,001,001,1,0,"[32.0, 31.333333333333332, 39.55555555555556]","[0.7290000000000001, 0.7290000000000001, 1.0]",0.47829690000000014,244.38562927940544,-44.385629279405435
4853,01011100,010,010,1,0,"[32.0, 42.888888888888886, 28.0]","[0.7290000000000001, 1.0, 0.7290000000000001]",0.47829690000000014,244.38562927940544,-44.385629279405435
4854,10001011,001,001,1,0,"[31.333333333333332, 32.0, 39.55555555555556]","[0.7290000000000001, 0.7290000000000001, 1.0]",0.47829690000000014,244.38562927940544,-44.385629279405435
4855,11000011,001,001,1,0,"[33.33333333333333, 30.0, 39.55555555555556]","[0.81, 0.6561000000000001, 1.0]",0.47829690000000014,244.38562927940544,-44.385629279405435
4856,11100010,100,100,1,0,"[42.888888888888886, 30.0, 30.0]","[1.0, 0.6561000000000001, 0.81]",0.47829690000000014,244.38562927940544,-44.385629279405435
4857,11101000,100,100,1,0,"[42.888888888888886, 32.0, 28.0]","[1.0, 0.7290000000000001, 0.7290000000000001]",0.47829690000000014,244.38562927940544,-44.385629279405435
4858,00010110,011,000,0,0,"[30.0, 48.01097393689986, 41.9753086419753]","[0.6561000000000001, 1.0, 1.0]",0.5904900000000002,244.48624460850328,-44.486244608503284
4859,00011000,011,000,0,0,"[30.0, 46.09053497942386, 43.8957475994513]","[0.6561000000000001, 1.0, 1.0]",0.5904900000000002,244.48624460850328,-44.486244608503284
4860,00011001,011,000,0,0,"[30.0, 46.09053497942386, 43.895747599451305]","[0.6561000000000001, 1.0, 1.0]",0.5904900000000002,244.48624460850328,-44.486244608503284
4861,10100010,101,000,0,0,"[48.01097393689986, 30.0, 41.9753086419753]","[1.0, 0.6561000000000001, 1.0]",0.5904900000000002,244.48624460850328,-44.486244608503284
4862,11000000,101,000,0,0,"[46.09053497942386, 30.0, 43.8957475994513]","[1.0, 0.6561000000000001, 1.0]",0.5904900000000002,244.48624460850328,-44.486244608503284
4863,11000001,101,000,0,0,"[46.09053497942386, 30.0, 43.895747599451305]","[1.0, 0.6561000000000001, 1.0]",0.5904900000000002,244.48624460850328,-44.486244608503284
4864,10110111,000,000,0,0,"[34.888888888888886, 34.888888888888886, 33.55555555555556]","[0.81, 0.81, 0.9]",0.5314410000000002,244.76036537138327,-44.76036537138327
4865,10111101,000,000,0,0,"[34.888888888888886, 36.888888888888886, 31.555555555555557]","[0.81, 0.9, 0.81]",0.531441,244.76036537138333,-44.76036537138333
4866,11110101,000,000,0,0,"[36.888888888888886, 34.888888888888886, 31.555555555555557]","[0.9, 0.81, 0.81]",0.531441,244.76036537138333,-44.76036537138333
4867,00010011,011,000,0,0,"[30.0, 48.46822130772747, 41.7283950617284]","[0.6561000000000001, 1.0, 1.0]",0.5904900000000002,244.84244672975973,-44.84244672975973
4868,10000011,101,000,0,0,"[48.46822130772747, 30.0, 41.7283950617284]","[1.0, 0.6561000000000001, 1.0]",0.5904900000000002,244.84244672975973,-44.84244672975973
4869,00010010,011,000,0,0,"[30.0, 48.46822130772747, 41.9753086419753]","[0.6561000000000001, 1.0, 1.0]",0.5904900000000002,245.2605970460172,-45.26059704601721
4870,10000010,101,000,0,0,"[48.46822130772747, 30.0, 41.9753086419753]","[1.0, 0.6561000000000001, 1.0]",0.5904900000000002,245.2605970460172,-45.26059704601721
4871,00001111,011,000,0,0,"[30.0, 48.83401920438958, 41.7283950617284]","[0.6561000000000001, 1.0, 1.0]",0.5904900000000002,245.46192867977092,-45.46192867977092
4872,01100011,101,000,0,0,"[48.83401920438958, 30.0, 41.7283950617284]","[1.0, 0.6561000000000001, 1.0]",0.5904900000000002,245.46192867977092,-45.46192867977092
4873,01001011,001,001,1,0,"[32.0, 32.0, 39.55555555555556]","[0.7290000000000001, 0.7290000000000001, 1.0]",0.47829690000000014,245.77946366693058,-45.77946366693058
4874,00100101,010,000,1,0,"[33.55555555555556, 51.51653711324493, 31.555555555555557]","[0.7290000000000001, 1.0, 0.81]",0.531441,245.798965876468,-45.798965876468
4875,00100101,100,000,1,0,"[51.51653711324493, 33.55555555555556, 31.555555555555557]","[1.0, 0.7290000000000001, 0.81]",0.531441,245.798965876468,-45.798965876468
4876,00001110,011,000,0,0,"[30.0, 48.83401920438958, 41.9753086419753]","[0.6561000000000001, 1.0, 1.0]",0.5904900000000002,245.8800789960284,-45.8800789960284
4877,01100010,101,000,0,0,"[48.83401920438958, 30.0, 41.9753086419753]","[1.0, 0.6561000000000001, 1.0]",0.5904900000000002,245.8800789960284,-45.8800789960284
4878,00111111,000,000,0,0,"[33.55555555555556, 36.888888888888886, 33.55555555555556]","[0.7290000000000001, 0.9, 0.9]",0.5314410000000002,246.01481632015586,-46.01481632015586
4879,01110111,000,000,0,0,"[35.55555555555556, 34.888888888888886, 33.55555555555556]","[0.81, 0.81, 0.9]",0.5314410000000002,246.01481632015586,-46.01481632015586
4880,10101111,000,000,0,0,"[34.888888888888886, 35.55555555555556, 33.55555555555556]","[0.81, 0.81, 0.9]",0.5314410000000002,246.01481632015586,-46.01481632015586
4881,11100111,000,000,0,0,"[36.888888888888886, 33.55555555555556, 33.55555555555556]","[0.9, 0.7290000000000001, 0.9]",0.5314410000000002,246.01481632015586,-46.01481632015586
4882,01111101,000,000,0,0,"[35.55555555555556, 36.888888888888886, 31.555555555555557]","[0.81, 0.9, 0.81]",0.531441,246.01481632015592,-46.014816320155916
4883,11101101,000,000,0,0,"[36.888888888888886, 35.55555555555556, 31.555555555555557]","[0.9, 0.81, 0.81]",0.531441,246.01481632015592,-46.014816320155916
4884,00000111,011,001,0,0,"[30.0, 51.51653711324493, 39.55555555555556]","[0.6561000000000001, 1.0, 1.0]",0.5904900000000002,246.32507353011977,-46.32507353011977
4885,00100011,101,001,0,0,"[51.51653711324493, 30.0, 39.55555555555556]","[1.0, 0.6561000000000001, 1.0]",0.5904900000000002,246.32507353011977,-46.32507353011977
4886,00000101,100,000,1,0,"[51.821368693796664, 33.55555555555556, 31.555555555555557]","[1.0, 0.7290000000000001, 0.81]",0.531441,246.3725602746265,-46.372560274626494
4887,00100001,010,000,1,0,"[33.55555555555556, 51.821368693796664, 31.555555555555557]","[0.7290000000000001, 1.0, 0.81]",0.531441,246.3725602746265,-46.372560274626494
4888,00001011,011,000,0,0,"[30.0, 49.38271604938271, 41.7283950617284]","[0.6561000000000001, 1.0, 1.0]",0.5904900000000002,246.39115160478764,-46.39115160478764
4889,01000011,101,000,0,0,"[49.38271604938271, 30.0, 41.7283950617284]","[1.0, 0.6561000000000001, 1.0]",0.5904900000000002,246.39115160478764,-46.39115160478764
4890,10011011,001,001,0,0,"[31.333333333333332, 33.33333333333333, 39.55555555555556]","[0.7290000000000001, 0.81, 1.0]",0.531441,246.43296663641345,-46.432966636413454
4891,10011110,010,010,0,0,"[31.333333333333332, 42.888888888888886, 30.0]","[0.7290000000000001, 1.0, 0.81]",0.531441,246.43296663641345,-46.432966636413454
4892,11010011,001,001,0,0,"[33.33333333333333, 31.333333333333332, 39.55555555555556]","[0.81, 0.7290000000000001, 1.0]",0.531441,246.43296663641345,-46.432966636413454
4893,11011100,010,010,0,0,"[33.33333333333333, 42.888888888888886, 28.0]","[0.81, 1.0, 0.7290000000000001]",0.531441,246.43296663641345,-46.432966636413454
4894,11110010,100,100,0,0,"[42.888888888888886, 31.333333333333332, 30.0]","[1.0, 0.7290000000000001, 0.81]",0.531441,246.43296663641345,-46.432966636413454
4895,11111000,100,100,0,0,"[42.888888888888886, 33.33333333333333, 28.0]","[1.0, 0.81, 0.7290000000000001]",0.531441,246.43296663641345,-46.432966636413454
4896,00001010,011,000,0,0,"[30.0, 49.38271604938271, 41.9753086419753]","[0.6561000000000001, 1.0, 1.0]",0.5904900000000002,246.8093019210452,-46.809301921045204
4897,01000010,101,000,0,0,"[49.38271604938271, 30.0, 41.9753086419753]","[1.0, 0.6561000000000001, 1.0]",0.5904900000000002,246.8093019210452,-46.809301921045204
4898,00000011,011,001,0,0,"[30.0, 51.821368693796664, 39.55555555555556]","[0.6561000000000001, 1.0, 1.0]",0.5904900000000002,246.84130848846243,-46.84130848846243
4899,00000011,101,001,0,0,"[51.821368693796664, 30.0, 39.55555555555556]","[1.0, 0.6561000000000001, 1.0]",0.5904900000000002,246.84130848846243,-46.84130848846243
4900,01101111,000,000,0,0,"[35.55555555555556, 35.55555555555556, 33.55555555555556]","[0.81, 0.81, 0.9]",0.5314410000000002,247.2692672689285,-47.2692672689285
4901,10010011,001,000,1,0,"[31.333333333333332, 31.333333333333332, 41.7283950617284]","[0.7290000000000001, 0.7290000000000001, 1.0]",0.47829690000000014,247.53466252529554,-47.534662525295545
4902,00010111,001,001,1,0,"[30.0, 34.888888888888886, 39.55555555555556]","[0.6561000000000001, 0.81, 1.0]",0.47829690000000014,247.63790951696407,-47.63790951696407
4903,00011101,010,010,1,0,"[30.0, 42.888888888888886, 31.555555555555557]","[0.6561000000000001, 1.0, 0.81]",0.47829690000000014,247.63790951696407,-47.63790951696407
4904,00110011,001,001,1,0,"[33.55555555555556, 31.333333333333332, 39.55555555555556]","[0.7290000000000001, 0.7290000000000001, 1.0]",0.47829690000000014,247.63790951696407,-47.63790951696407
4905,00111100,010,010,1,0,"[33.55555555555556, 42.888888888888886, 28.0]","[0.7290000000000001, 1.0, 0.7290000000000001]",0.47829690000000014,247.63790951696407,-47.63790951696407
4906,10000111,001,001,1,0,"[31.333333333333332, 33.55555555555556, 39.55555555555556]","[0.7290000000000001, 0.7290000000000001, 1.0]",0.47829690000000014,247.63790951696407,-47.63790951696407
4907,10100011,001,001,1,0,"[34.888888888888886, 30.0, 39.55555555555556]","[0.81, 0.6561000000000001, 1.0]",0.47829690000000014,247.63790951696407,-47.63790951696407
4908,11100001,100,100,1,0,"[42.888888888888886, 30.0, 31.555555555555557]","[1.0, 0.6561000000000001, 0.81]",0.47829690000000014,247.63790951696407,-47.63790951696407
4909,11100100,100,100,1,0,"[42.888888888888886, 33.55555555555556, 28.0]","[1.0, 0.7290000000000001, 0.7290000000000001]",0.47829690000000014,247.63790951696407,-47.63790951696407
4910,01011011,001,001,0,0,"[32.0, 33.33333333333333, 39.55555555555556]","[0.7290000000000001, 0.81, 1.0]",0.531441,247.68741758518607,-47.68741758518607
4911,01011110,010,010,0,0,"[32.0, 42.888888888888886, 30.0]","[0.7290000000000001, 1.0, 0.81]",0.531441,247.68741758518607,-47.68741758518607
4912,11001011,001,001,0,0,"[33.33333333333333, 32.0, 39.55555555555556]","[0.81, 0.7290000000000001, 1.0]",0.531441,247.68741758518607,-47.68741758518607
4913,11101010,100,100,0,0,"[42.888888888888886, 32.0, 30.0]","[1.0, 0.7290000000000001, 0.81]",0.531441,247.68741758518607,-47.68741758518607
4914,00010100,011,000,0,0,"[30.0, 48.01097393689986, 43.8957475994513]","[0.6561000000000001, 1.0, 1.0]",0.5904900000000002,247.73852484606192,-47.73852484606192
4915,00010101,011,000,0,0,"[30.0, 48.01097393689986, 43.895747599451305]","[0.6561000000000001, 1.0, 1.0]",0.5904900000000002,247.73852484606192,-47.73852484606192
4916,10100000,101,000,0,0,"[48.01097393689986, 30.0, 43.8957475994513]","[1.0, 0.6561000000000001, 1.0]",0.5904900000000002,247.73852484606192,-47.73852484606192
4917,10100001,101,000,0,0,"[48.01097393689986, 30.0, 43.895747599451305]","[1.0, 0.6561000000000001, 1.0]",0.5904900000000002,247.73852484606192,-47.73852484606192
4918,10010010,001,000,1,0,"[31.333333333333332, 31.333333333333332, 41.9753086419753]","[0.7290000000000001, 0.7290000000000001, 1.0]",0.47829690000000014,248.05089748363818,-48.05089748363818
4919,10011100,010,000,1,0,"[31.333333333333332, 45.432098765432094, 28.0]","[0.7290000000000001, 1.0, 0.7290000000000001]",0.47829690000000014,248.3090149628095,-48.3090149628095
4920,11110000,100,000,1,0,"[45.432098765432094, 31.333333333333332, 28.0]","[1.0, 0.7290000000000001, 0.7290000000000001]",0.47829690000000014,248.3090149628095,-48.3090149628095
4921,00010000,011,000,0,0,"[30.0, 48.46822130772747, 43.8957475994513]","[0.6561000000000001, 1.0, 1.0]",0.5904900000000002,248.51287728357585,-48.51287728357585
4922,10000000,101,000,0,0,"[48.46822130772747, 30.0, 43.8957475994513]","[1.0, 0.6561000000000001, 1.0]",0.5904900000000002,248.51287728357585,-48.51287728357585
4923,00010001,011,000,0,0,"[30.0, 48.46822130772747, 43.895747599451305]","[0.6561000000000001, 1.0, 1.0]",0.5904900000000002,248.51287728357593,-48.51287728357593
4924,10000001,101,000,0,0,"[48.46822130772747, 30.0, 43.895747599451305]","[1.0, 0.6561000000000001, 1.0]",0.5904900000000002,248.51287728357593,-48.51287728357593
4925,00011011,001,000,1,0,"[30.0, 33.33333333333333, 41.7283950617284]","[0.6561000000000001, 0.81, 1.0]",0.47829690000000014,248.92849691282066,-48.92849691282066
4926,11000011,001,000,1,0,"[33.33333333333333, 30.0, 41.7283950617284]","[0.81, 0.6561000000000001, 1.0]",0.47829690000000014,248.92849691282066,-48.92849691282066
4927,01010011,001,000,1,0,"[32.0, 31.333333333333332, 41.7283950617284]","[0.7290000000000001, 0.7290000000000001, 1.0]",0.47829690000000014,248.9284969128207,-48.92849691282069
4928,10001011,001,000,1,0,"[31.333333333333332, 32.0, 41.7283950617284]","[0.7290000000000001, 0.7290000000000001, 1.0]",0.47829690000000014,248.9284969128207,-48.92849691282069
4929,00001111,001,001,1,0,"[30.0, 35.55555555555556, 39.55555555555556]","[0.6561000000000001, 0.81, 1.0]",0.47829690000000014,249.0317439044892,-49.03174390448919
4930,00101011,001,001,1,0,"[33.55555555555556, 32.0, 39.55555555555556]","[0.7290000000000001, 0.7290000000000001, 1.0]",0.47829690000000014,249.0317439044892,-49.03174390448919
4931,01000111,001,001,1,0,"[32.0, 33.55555555555556, 39.55555555555556]","[0.7290000000000001, 0.7290000000000001, 1.0]",0.47829690000000014,249.0317439044892,-49.03174390448919
4932,01100011,001,001,1,0,"[35.55555555555556, 30.0, 39.55555555555556]","[0.81, 0.6561000000000001, 1.0]",0.47829690000000014,249.0317439044892,-49.03174390448919
4933,00001100,011,000,0,0,"[30.0, 48.83401920438958, 43.8957475994513]","[0.6561000000000001, 1.0, 1.0]",0.5904900000000002,249.13235923358704,-49.13235923358704
4934,00001101,011,000,0,0,"[30.0, 48.83401920438958, 43.895747599451305]","[0.6561000000000001, 1.0, 1.0]",0.5904900000000002,249.13235923358704,-49.13235923358704
4935,01100000,101,000,0,0,"[48.83401920438958, 30.0, 43.8957475994513]","[1.0, 0.6561000000000001, 1.0]",0.5904900000000002,249.13235923358704,-49.13235923358704
4936,01100001,101,000,0,0,"[48.83401920438958, 30.0, 43.895747599451305]","[1.0, 0.6561000000000001, 1.0]",0.5904900000000002,249.13235923358704,-49.13235923358704
4937,10010111,001,001,0,0,"[31.333333333333332, 34.888888888888886, 39.55555555555556]","[0.7290000000000001, 0.81, 1.0]",0.531441,249.3600188502162,-49.36001885021619
4938,10011101,010,010,0,0,"[31.333333333333332, 42.888888888888886, 31.555555555555557]","[0.7290000000000001, 1.0, 0.81]",0.531441,249.3600188502162,-49.36001885021619
4939,10110011,001,001,0,0,"[34.888888888888886, 31.333333333333332, 39.55555555555556]","[0.81, 0.7290000000000001, 1.0]",0.531441,249.3600188502162,-49.36001885021619
4940,10111100,010,010,0,0,"[34.888888888888886, 42.888888888888886, 28.0]","[0.81, 1.0, 0.7290000000000001]",0.531441,249.3600188502162,-49.36001885021619
4941,11110001,100,100,0,0,"[42.888888888888886, 31.333333333333332, 31.555555555555557]","[1.0, 0.7290000000000001, 0.81]",0.531441,249.3600188502162,-49.36001885021619
4942,11110100,100,100,0,0,"[42.888888888888886, 34.888888888888886, 28.0]","[1.0, 0.81, 0.7290000000000001]",0.531441,249.3600188502162,-49.36001885021619
4943,00011010,001,000,1,0,"[30.0, 33.33333333333333, 41.9753086419753]","[0.6561000000000001, 0.81, 1.0]",0.47829690000000014,249.44473187116327,-49.44473187116327
4944,01010010,001,000,1,0,"[32.0, 31.333333333333332, 41.9753086419753]","[0.7290000000000001, 0.7290000000000001, 1.0]",0.47829690000000014,249.44473187116327,-49.44473187116327
4945,10001010,001,000,1,0,"[31.333333333333332, 32.0, 41.9753086419753]","[0.7290000000000001, 0.7290000000000001, 1.0]",0.47829690000000014,249.44473187116327,-49.44473187116327
4946,11000010,001,000,1,0,"[33.33333333333333, 30.0, 41.9753086419753]","[0.81, 0.6561000000000001, 1.0]",0.47829690000000014,249.44473187116327,-49.44473187116327
4947,10011000,010,000,1,0,"[31.333333333333332, 46.09053497942386, 28.0]","[0.7290000000000001, 1.0, 0.7290000000000001]",0.47829690000000014,249.68564151838984,-49.68564151838984
4948,11010000,100,000,1,0,"[46.09053497942386, 31.333333333333332, 28.0]","[1.0, 0.7290000000000001, 0.7290000000000001]",0.47829690000000014,249.68564151838984,-49.68564151838984
4949,00011110,010,000,1,0,"[30.0, 45.432098765432094, 30.0]","[0.6561000000000001, 1.0, 0.81]",0.47829690000000014,249.70284935033462,-49.70284935033462
4950,01011100,010,000,1,0,"[32.0, 45.432098765432094, 28.0]","[0.7290000000000001, 1.0, 0.7290000000000001]",0.47829690000000014,249.70284935033462,-49.70284935033462
4951,11100010,100,000,1,0,"[45.432098765432094, 30.0, 30.0]","[1.0, 0.6561000000000001, 0.81]",0.47829690000000014,249.70284935033462,-49.70284935033462
4952,11101000,100,000,1,0,"[45.432098765432094, 32.0, 28.0]","[1.0, 0.7290000000000001, 0.7290000000000001]",0.47829690000000014,249.70284935033462,-49.70284935033462
4953,00000111,011,000,0,0,"[30.0, 51.51653711324493, 41.7283950617284]","[0.6561000000000001, 1.0, 1.0]",0.5904900000000002,250.00479631318612,-50.00479631318612
4954,00100011,101,000,0,0,"[51.51653711324493, 30.0, 41.7283950617284]","[1.0, 0.6561000000000001, 1.0]",0.5904900000000002,250.00479631318612,-50.00479631318612
4955,00001000,011,000,0,0,"[30.0, 49.38271604938271, 43.8957475994513]","[0.6561000000000001, 1.0, 1.0]",0.5904900000000002,250.06158215860384,-50.06158215860384
4956,00001001,011,000,0,0,"[30.0, 49.38271604938271, 43.895747599451305]","[0.6561000000000001, 1.0, 1.0]",0.5904900000000002,250.06158215860384,-50.06158215860384
4957,01000000,101,000,0,0,"[49.38271604938271, 30.0, 43.8957475994513]","[1.0, 0.6561000000000001, 1.0]",0.5904900000000002,250.06158215860384,-50.06158215860384
4958,01000001,101,000,0,0,"[49.38271604938271, 30.0, 43.895747599451305]","[1.0, 0.6561000000000001, 1.0]",0.5904900000000002,250.06158215860384,-50.06158215860384
4959,01001011,001,000,1,0,"[32.0, 32.0, 41.7283950617284]","[0.7290000000000001, 0.7290000000000001, 1.0]",0.47829690000000014,250.3223313003458,-50.32233130034581
4960,00000110,011,000,0,0,"[30.0, 51.51653711324493, 41.9753086419753]","[0.6561000000000001, 1.0, 1.0]",0.5904900000000002,250.42294662944363,-50.42294662944363
4961,00100010,101,000,0,0,"[51.51653711324493, 30.0, 41.9753086419753]","[1.0, 0.6561000000000001, 1.0]",0.5904900000000002,250.42294662944363,-50.42294662944363
4962,00000011,011,000,0,0,"[30.0, 51.821368693796664, 41.7283950617284]","[0.6561000000000001, 1.0, 1.0]",0.5904900000000002,250.5210312715288,-50.52103127152881
4963,00000011,101,000,0,0,"[51.821368693796664, 30.0, 41.7283950617284]","[1.0, 0.6561000000000001, 1.0]",0.5904900000000002,250.5210312715288,-50.52103127152881
4964,10011011,001,000,0,0,"[31.333333333333332, 33.33333333333333, 41.7283950617284]","[0.7290000000000001, 0.81, 1.0]",0.531441,250.52154750648717,-50.52154750648717
4965,11010011,001,000,0,0,"[33.33333333333333, 31.333333333333332, 41.7283950617284]","[0.81, 0.7290000000000001, 1.0]",0.531441,250.52154750648717,-50.52154750648717
4966,00011111,001,001,0,0,"[30.0, 36.888888888888886, 39.55555555555556]","[0.6561000000000001, 0.9, 1.0]",0.5314410000000002,250.6144697989888,-50.61446979898881
4967,00011111,010,010,0,0,"[30.0, 42.888888888888886, 33.55555555555556]","[0.6561000000000001, 1.0, 0.9]",0.5314410000000002,250.6144697989888,-50.61446979898881
4968,11100011,001,001,0,0,"[36.888888888888886, 30.0, 39.55555555555556]","[0.9, 0.6561000000000001, 1.0]",0.5314410000000002,250.6144697989888,-50.61446979898881
4969,11100011,100,100,0,0,"[42.888888888888886, 30.0, 33.55555555555556]","[1.0, 0.6561000000000001, 0.9]",0.5314410000000002,250.6144697989888,-50.61446979898881
4970,00111011,001,001,0,0,"[33.55555555555556, 33.33333333333333, 39.55555555555556]","[0.7290000000000001, 0.81, 1.0]",0.531441,250.61446979898886,-50.614469798988864
4971,00111110,010,010,0,0,"[33.55555555555556, 42.888888888888886, 30.0]","[0.7290000000000001, 1.0, 0.81]",0.531441,250.61446979898886,-50.614469798988864
4972,01010111,001,001,0,0,"[32.0, 34.888888888888886, 39.55555555555556]","[0.7290000000000001, 0.81, 1.0]",0.531441,250.61446979898886,-50.614469798988864
4973,01011101,010,010,0,0,"[32.0, 42.888888888888886, 31.555555555555557]","[0.7290000000000001, 1.0, 0.81]",0.531441,250.61446979898886,-50.614469798988864
4974,01110011,001,001,0,0,"[35.55555555555556, 31.333333333333332, 39.55555555555556]","[0.81, 0.7290000000000001, 1.0]",0.531441,250.61446979898886,-50.614469798988864
4975,01111100,010,010,0,0,"[35.55555555555556, 42.888888888888886, 28.0]","[0.81, 1.0, 0.7290000000000001]",0.531441,250.61446979898886,-50.614469798988864
4976,10001111,001,001,0,0,"[31.333333333333332, 35.55555555555556, 39.55555555555556]","[0.7290000000000001, 0.81, 1.0]",0.531441,250.61446979898886,-50.614469798988864
4977,10101011,001,001,0,0,"[34.888888888888886, 32.0, 39.55555555555556]","[0.81, 0.7290000000000001, 1.0]",0.531441,250.61446979898886,-50.614469798988864
4978,11000111,001,001,0,0,"[33.33333333333333, 33.55555555555556, 39.55555555555556]","[0.81, 0.7290000000000001, 1.0]",0.531441,250.61446979898886,-50.614469798988864
4979,11100110,100,100,0,0,"[42.888888888888886, 33.55555555555556, 30.0]","[1.0, 0.7290000000000001, 0.81]",0.531441,250.61446979898886,-50.614469798988864
4980,11101001,100,100,0,0,"[42.888888888888886, 32.0, 31.555555555555557]","[1.0, 0.7290000000000001, 0.81]",0.531441,250.61446979898886,-50.614469798988864
4981,11101100,100,100,0,0,"[42.888888888888886, 35.55555555555556, 28.0]","[1.0, 0.81, 0.7290000000000001]",0.531441,250.61446979898886,-50.614469798988864
4982,01001010,001,000,1,0,"[32.0, 32.0, 41.9753086419753]","[0.7290000000000001, 0.7290000000000001, 1.0]",0.47829690000000014,250.83856625868842,-50.83856625868842
4983,00000010,011,000,0,0,"[30.0, 51.821368693796664, 41.9753086419753]","[0.6561000000000001, 1.0, 1.0]",0.5904900000000002,250.9391815877863,-50.939181587786294
4984,00000010,101,000,0,0,"[51.821368693796664, 30.0, 41.9753086419753]","[1.0, 0.6561000000000001, 1.0]",0.5904900000000002,250.9391815877863,-50.939181587786294
4985,10011010,001,000,0,0,"[31.333333333333332, 33.33333333333333, 41.9753086419753]","[0.7290000000000001, 0.81, 1.0]",0.531441,250.98615896899554,-50.98615896899554
4986,11010010,001,000,0,0,"[33.33333333333333, 31.333333333333332, 41.9753086419753]","[0.81, 0.7290000000000001, 1.0]",0.531441,250.98615896899554,-50.98615896899554
4987,00011010,010,000,1,0,"[30.0, 46.09053497942386, 30.0]","[0.6561000000000001, 1.0, 0.81]",0.47829690000000014,251.079475905915,-51.07947590591499
4988,01011000,010,000,1,0,"[32.0, 46.09053497942386, 28.0]","[0.7290000000000001, 1.0, 0.7290000000000001]",0.47829690000000014,251.079475905915,-51.07947590591499
4989,11000010,100,000,1,0,"[46.09053497942386, 30.0, 30.0]","[1.0, 0.6561000000000001, 0.81]",0.47829690000000014,251.079475905915,-51.07947590591499
4990,11001000,100,000,1,0,"[46.09053497942386, 32.0, 28.0]","[1.0, 0.7290000000000001, 0.7290000000000001]",0.47829690000000014,251.079475905915,-51.07947590591499
4991,11011100,010,000,0,0,"[33.33333333333333, 45.432098765432094, 28.0]","[0.81, 1.0, 0.7290000000000001]",0.531441,251.21846470024968,-51.21846470024968
4992,11111000,100,000,0,0,"[45.432098765432094, 33.33333333333333, 28.0]","[1.0, 0.81, 0.7290000000000001]",0.531441,251.21846470024968,-51.21846470024968
4993,10011110,010,000,0,0,"[31.333333333333332, 45.432098765432094, 30.0]","[0.7290000000000001, 1.0, 0.81]",0.531441,251.21846470024974,-51.21846470024974
4994,11110010,100,000,0,0,"[45.432098765432094, 31.333333333333332, 30.0]","[1.0, 0.7290000000000001, 0.81]",0.531441,251.21846470024974,-51.21846470024974
4995,01011011,001,000,0,0,"[32.0, 33.33333333333333, 41.7283950617284]","[0.7290000000000001, 0.81, 1.0]",0.531441,251.77599845525975,-51.77599845525975
4996,11001011,001,000,0,0,"[33.33333333333333, 32.0, 41.7283950617284]","[0.81, 0.7290000000000001, 1.0]",0.531441,251.77599845525975,-51.77599845525975
4997,01001111,001,001,0,0,"[32.0, 35.55555555555556, 39.55555555555556]","[0.7290000000000001, 0.81, 1.0]",0.531441,251.86892074776145,-51.86892074776145
4998,01101011,001,001,0,0,"[35.55555555555556, 32.0, 39.55555555555556]","[0.81, 0.7290000000000001, 1.0]",0.531441,251.86892074776145,-51.86892074776145
4999,10010000,001,000,1,0,"[31.333333333333332, 31.333333333333332, 43.8957475994513]","[0.7290000000000001, 0.7290000000000001, 1.0]",0.47829690000000014,252.0660582707476,-52.06605827074759
5000,10010001,001,000,1,0,"[31.333333333333332, 31.333333333333332, 43.895747599451305]","[0.7290000000000001, 0.7290000000000001, 1.0]",0.47829690000000014,252.0660582707476,-52.06605827074759
5001,00010111,001,000,1,0,"[30.0, 34.888888888888886, 41.7283950617284]","[0.6561000000000001, 0.81, 1.0]",0.47829690000000014,252.1807771503793,-52.1807771503793
5002,00110011,001,000,1,0,"[33.55555555555556, 31.333333333333332, 41.7283950617284]","[0.7290000000000001, 0.7290000000000001, 1.0]",0.47829690000000014,252.1807771503793,-52.1807771503793
5003,10000111,001,000,1,0,"[31.333333333333332, 33.55555555555556, 41.7283950617284]","[0.7290000000000001, 0.7290000000000001, 1.0]",0.47829690000000014,252.1807771503793,-52.1807771503793
5004,10100011,001,000,1,0,"[34.888888888888886, 30.0, 41.7283950617284]","[0.81, 0.6561000000000001, 1.0]",0.47829690000000014,252.1807771503793,-52.1807771503793
5005,01011010,001,000,0,0,"[32.0, 33.33333333333333, 41.9753086419753]","[0.7290000000000001, 0.81, 1.0]",0.531441,252.24060991776813,-52.240609917768126
5006,11001010,001,000,0,0,"[33.33333333333333, 32.0, 41.9753086419753]","[0.81, 0.7290000000000001, 1.0]",0.531441,252.24060991776813,-52.240609917768126
5007,00100111,001,001,1,0,"[33.55555555555556, 33.55555555555556, 39.55555555555556]","[0.7290000000000001, 0.7290000000000001, 1.0]",0.47829690000000014,252.28402414204783,-52.284024142047826
5008,11011000,000,000,1,0,"[33.33333333333333, 33.33333333333333, 28.0]","[0.81, 0.81, 0.7290000000000001]",0.43046721000000016,252.43889462955056,-52.43889462955056
5009,10011010,000,000,1,0,"[31.333333333333332, 33.33333333333333, 30.0]","[0.7290000000000001, 0.81, 0.81]",0.4304672100000001,252.43889462955062,-52.43889462955062
5010,11010010,000,000,1,0,"[33.33333333333333, 31.333333333333332, 30.0]","[0.81, 0.7290000000000001, 0.81]",0.4304672100000001,252.43889462955062,-52.43889462955062
5011,11011000,010,000,0,0,"[33.33333333333333, 46.09053497942386, 28.0]","[0.81, 1.0, 0.7290000000000001]",0.531441,252.457428600272,-52.45742860027201
5012,11011000,100,000,0,0,"[46.09053497942386, 33.33333333333333, 28.0]","[1.0, 0.81, 0.7290000000000001]",0.531441,252.457428600272,-52.45742860027201
5013,10011010,010,000,0,0,"[31.333333333333332, 46.09053497942386, 30.0]","[0.7290000000000001, 1.0, 0.81]",0.531441,252.45742860027207,-52.45742860027207
5014,11010010,100,000,0,0,"[46.09053497942386, 31.333333333333332, 30.0]","[1.0, 0.7290000000000001, 0.81]",0.531441,252.45742860027207,-52.45742860027207
5015,01011110,010,000,0,0,"[32.0, 45.432098765432094, 30.0]","[0.7290000000000001, 1.0, 0.81]",0.531441,252.47291564902233,-52.472915649022326
5016,11101010,100,000,0,0,"[45.432098765432094, 32.0, 30.0]","[1.0, 0.7290000000000001, 0.81]",0.531441,252.47291564902233,-52.472915649022326
5017,00010110,001,000,1,0,"[30.0, 34.888888888888886, 41.9753086419753]","[0.6561000000000001, 0.81, 1.0]",0.47829690000000014,252.6970121087219,-52.69701210872191
5018,00110010,001,000,1,0,"[33.55555555555556, 31.333333333333332, 41.9753086419753]","[0.7290000000000001, 0.7290000000000001, 1.0]",0.47829690000000014,252.6970121087219,-52.69701210872191
5019,10000110,001,000,1,0,"[31.333333333333332, 33.55555555555556, 41.9753086419753]","[0.7290000000000001, 0.7290000000000001, 1.0]",0.47829690000000014,252.6970121087219,-52.69701210872191
5020,10100010,001,000,1,0,"[34.888888888888886, 30.0, 41.9753086419753]","[0.81, 0.6561000000000001, 1.0]",0.47829690000000014,252.6970121087219,-52.69701210872191
5021,00011101,010,000,1,0,"[30.0, 45.432098765432094, 31.555555555555557]","[0.6561000000000001, 1.0, 0.81]",0.47829690000000014,252.95512958789323,-52.955129587893225
5022,00111100,010,000,1,0,"[33.55555555555556, 45.432098765432094, 28.0]","[0.7290000000000001, 1.0, 0.7290000000000001]",0.47829690000000014,252.95512958789323,-52.955129587893225
5023,11100001,100,000,1,0,"[45.432098765432094, 30.0, 31.555555555555557]","[1.0, 0.6561000000000001, 0.81]",0.47829690000000014,252.95512958789323,-52.955129587893225
5024,11100100,100,000,1,0,"[45.432098765432094, 33.55555555555556, 28.0]","[1.0, 0.7290000000000001, 0.7290000000000001]",0.47829690000000014,252.95512958789323,-52.955129587893225
5025,10010111,001,000,0,0,"[31.333333333333332, 34.888888888888886, 41.7283950617284]","[0.7290000000000001, 0.81, 1.0]",0.531441,253.44859972028996,-53.44859972028996
5026,10110011,001,000,0,0,"[34.888888888888886, 31.333333333333332, 41.7283950617284]","[0.81, 0.7290000000000001, 1.0]",0.531441,253.44859972028996,-53.44859972028996
5027,00011000,001,000,1,0,"[30.0, 33.33333333333333, 43.8957475994513]","[0.6561000000000001, 0.81, 1.0]",0.47829690000000014,253.4598926582727,-53.45989265827271
5028,00011001,001,000,1,0,"[30.0, 33.33333333333333, 43.895747599451305]","[0.6561000000000001, 0.81, 1.0]",0.47829690000000014,253.4598926582727,-53.45989265827271
5029,01010000,001,000,1,0,"[32.0, 31.333333333333332, 43.8957475994513]","[0.7290000000000001, 0.7290000000000001, 1.0]",0.47829690000000014,253.4598926582727,-53.45989265827271
5030,10001000,001,000,1,0,"[31.333333333333332, 32.0, 43.8957475994513]","[0.7290000000000001, 0.7290000000000001, 1.0]",0.47829690000000014,253.4598926582727,-53.45989265827271
5031,11000000,001,000,1,0,"[33.33333333333333, 30.0, 43.8957475994513]","[0.81, 0.6561000000000001, 1.0]",0.47829690000000014,253.4598926582727,-53.45989265827271
5032,11000001,001,000,1,0,"[33.33333333333333, 30.0, 43.895747599451305]","[0.81, 0.6561000000000001, 1.0]",0.47829690000000014,253.4598926582727,-53.45989265827271
5033,01010001,001,000,1,0,"[32.0, 31.333333333333332, 43.895747599451305]","[0.7290000000000001, 0.7290000000000001, 1.0]",0.47829690000000014,253.45989265827274,-53.459892658272736
5034,10001001,001,000,1,0,"[31.333333333333332, 32.0, 43.895747599451305]","[0.7290000000000001, 0.7290000000000001, 1.0]",0.47829690000000014,253.45989265827274,-53.459892658272736
5035,00110111,001,001,0,0,"[33.55555555555556, 34.888888888888886, 39.55555555555556]","[0.7290000000000001, 0.81, 1.0]",0.531441,253.5415220127916,-53.5415220127916
5036,00111101,010,010,0,0,"[33.55555555555556, 42.888888888888886, 31.555555555555557]","[0.7290000000000001, 1.0, 0.81]",0.531441,253.5415220127916,-53.5415220127916
5037,10100111,001,001,0,0,"[34.888888888888886, 33.55555555555556, 39.55555555555556]","[0.81, 0.7290000000000001, 1.0]",0.531441,253.5415220127916,-53.5415220127916
5038,11100101,100,100,0,0,"[42.888888888888886, 33.55555555555556, 31.555555555555557]","[1.0, 0.7290000000000001, 0.81]",0.531441,253.5415220127916,-53.5415220127916
5039,00001111,001,000,1,0,"[30.0, 35.55555555555556, 41.7283950617284]","[0.6561000000000001, 0.81, 1.0]",0.47829690000000014,253.57461153790442,-53.57461153790442
5040,00101011,001,000,1,0,"[33.55555555555556, 32.0, 41.7283950617284]","[0.7290000000000001, 0.7290000000000001, 1.0]",0.47829690000000014,253.57461153790442,-53.57461153790442
5041,01000111,001,000,1,0,"[32.0, 33.55555555555556, 41.7283950617284]","[0.7290000000000001, 0.7290000000000001, 1.0]",0.47829690000000014,253.57461153790442,-53.57461153790442
5042,01100011,001,000,1,0,"[35.55555555555556, 30.0, 41.7283950617284]","[0.81, 0.6561000000000001, 1.0]",0.47829690000000014,253.57461153790442,-53.57461153790442
5043,00000100,011,000,0,0,"[30.0, 51.51653711324493, 43.8957475994513]","[0.6561000000000001, 1.0, 1.0]",0.5904900000000002,253.67522686700224,-53.67522686700224
5044,00100000,101,000,0,0,"[51.51653711324493, 30.0, 43.8957475994513]","[1.0, 0.6561000000000001, 1.0]",0.5904900000000002,253.67522686700224,-53.67522686700224
5045,00000101,011,000,0,0,"[30.0, 51.51653711324493, 43.895747599451305]","[0.6561000000000001, 1.0, 1.0]",0.5904900000000002,253.67522686700235,-53.67522686700235
5046,00100001,101,000,0,0,"[51.51653711324493, 30.0, 43.895747599451305]","[1.0, 0.6561000000000001, 1.0]",0.5904900000000002,253.67522686700235,-53.67522686700235
5047,10010100,010,000,1,0,"[31.333333333333332, 48.01097393689986, 28.0]","[0.7290000000000001, 1.0, 0.7290000000000001]",0.47829690000000014,253.70080230549928,-53.70080230549928
5048,10110000,100,000,1,0,"[48.01097393689986, 31.333333333333332, 28.0]","[1.0, 0.7290000000000001, 0.7290000000000001]",0.47829690000000014,253.70080230549928,-53.70080230549928
5049,01011010,010,000,0,0,"[32.0, 46.09053497942386, 30.0]","[0.7290000000000001, 1.0, 0.81]",0.531441,253.71187954904465,-53.71187954904465
5050,11001010,100,000,0,0,"[46.09053497942386, 32.0, 30.0]","[1.0, 0.7290000000000001, 0.81]",0.531441,253.71187954904465,-53.71187954904465
5051,10010110,001,000,0,0,"[31.333333333333332, 34.888888888888886, 41.9753086419753]","[0.7290000000000001, 0.81, 1.0]",0.531441,253.91321118279828,-53.91321118279828
5052,10110010,001,000,0,0,"[34.888888888888886, 31.333333333333332, 41.9753086419753]","[0.81, 0.7290000000000001, 1.0]",0.531441,253.91321118279828,-53.91321118279828
5053,01011010,000,000,1,0,"[32.0, 33.33333333333333, 30.0]","[0.7290000000000001, 0.81, 0.81]",0.4304672100000001,253.98759950457853,-53.987599504578526
5054,11001010,000,000,1,0,"[33.33333333333333, 32.0, 30.0]","[0.81, 0.7290000000000001, 0.81]",0.4304672100000001,253.98759950457853,-53.987599504578526
5055,00001110,001,000,1,0,"[30.0, 35.55555555555556, 41.9753086419753]","[0.6561000000000001, 0.81, 1.0]",0.47829690000000014,254.09084649624705,-54.09084649624705
5056,00101010,001,000,1,0,"[33.55555555555556, 32.0, 41.9753086419753]","[0.7290000000000001, 0.7290000000000001, 1.0]",0.47829690000000014,254.09084649624705,-54.09084649624705
5057,01000110,001,000,1,0,"[32.0, 33.55555555555556, 41.9753086419753]","[0.7290000000000001, 0.7290000000000001, 1.0]",0.47829690000000014,254.09084649624705,-54.09084649624705
5058,01100010,001,000,1,0,"[35.55555555555556, 30.0, 41.9753086419753]","[0.81, 0.6561000000000001, 1.0]",0.47829690000000014,254.09084649624705,-54.09084649624705
5059,10011101,010,000,0,0,"[31.333333333333332, 45.432098765432094, 31.555555555555557]","[0.7290000000000001, 1.0, 0.81]",0.531441,254.14551691405248,-54.14551691405248
5060,10111100,010,000,0,0,"[34.888888888888886, 45.432098765432094, 28.0]","[0.81, 1.0, 0.7290000000000001]",0.531441,254.14551691405248,-54.14551691405248
5061,11110001,100,000,0,0,"[45.432098765432094, 31.333333333333332, 31.555555555555557]","[1.0, 0.7290000000000001, 0.81]",0.531441,254.14551691405248,-54.14551691405248
5062,11110100,100,000,0,0,"[45.432098765432094, 34.888888888888886, 28.0]","[1.0, 0.81, 0.7290000000000001]",0.531441,254.14551691405248,-54.14551691405248
5063,00000000,011,000,0,0,"[30.0, 51.821368693796664, 43.8957475994513]","[0.6561000000000001, 1.0, 1.0]",0.5904900000000002,254.1914618253449,-54.1914618253449
5064,00000000,101,000,0,0,"[51.821368693796664, 30.0, 43.8957475994513]","[1.0, 0.6561000000000001, 1.0]",0.5904900000000002,254.1914618253449,-54.1914618253449
5065,00000001,011,000,0,0,"[30.0, 51.821368693796664, 43.895747599451305]","[0.6561000000000001, 1.0, 1.0]",0.5904900000000002,254.1914618253449,-54.1914618253449
5066,00000001,101,000,0,0,"[51.821368693796664, 30.0, 43.895747599451305]","[1.0, 0.6561000000000001, 1.0]",0.5904900000000002,254.1914618253449,-54.1914618253449
5067,00011001,010,000,1,0,"[30.0, 46.09053497942386, 31.555555555555557]","[0.6561000000000001, 1.0, 0.81]",0.47829690000000014,254.3317561434736,-54.3317561434736
5068,00111000,010,000,1,0,"[33.55555555555556, 46.09053497942386, 28.0]","[0.7290000000000001, 1.0, 0.7290000000000001]",0.47829690000000014,254.3317561434736,-54.3317561434736
5069,11000001,100,000,1,0,"[46.09053497942386, 30.0, 31.555555555555557]","[1.0, 0.6561000000000001, 0.81]",0.47829690000000014,254.3317561434736,-54.3317561434736
5070,11000100,100,000,1,0,"[46.09053497942386, 33.55555555555556, 28.0]","[1.0, 0.7290000000000001, 0.7290000000000001]",0.47829690000000014,254.3317561434736,-54.3317561434736
5071,10011000,001,000,0,0,"[31.333333333333332, 33.33333333333333, 43.8957475994513]","[0.7290000000000001, 0.81, 1.0]",0.531441,254.599803677394,-54.59980367739399
5072,10011001,001,000,0,0,"[31.333333333333332, 33.33333333333333, 43.895747599451305]","[0.7290000000000001, 0.81, 1.0]",0.531441,254.599803677394,-54.59980367739399
5073,11010000,001,000,0,0,"[33.33333333333333, 31.333333333333332, 43.8957475994513]","[0.81, 0.7290000000000001, 1.0]",0.531441,254.599803677394,-54.59980367739399
5074,11010001,001,000,0,0,"[33.33333333333333, 31.333333333333332, 43.895747599451305]","[0.81, 0.7290000000000001, 1.0]",0.531441,254.599803677394,-54.59980367739399
5075,10010000,010,000,1,0,"[31.333333333333332, 48.46822130772747, 28.0]","[0.7290000000000001, 1.0, 0.7290000000000001]",0.47829690000000014,254.65679296909676,-54.656792969096756
5076,10010000,100,000,1,0,"[48.46822130772747, 31.333333333333332, 28.0]","[1.0, 0.7290000000000001, 0.7290000000000001]",0.47829690000000014,254.65679296909676,-54.656792969096756
5077,00011111,001,000,0,0,"[30.0, 36.888888888888886, 41.7283950617284]","[0.6561000000000001, 0.9, 1.0]",0.5314410000000002,254.7030506690625,-54.70305066906249
5078,11100011,001,000,0,0,"[36.888888888888886, 30.0, 41.7283950617284]","[0.9, 0.6561000000000001, 1.0]",0.5314410000000002,254.7030506690625,-54.70305066906249
5079,00111011,001,000,0,0,"[33.55555555555556, 33.33333333333333, 41.7283950617284]","[0.7290000000000001, 0.81, 1.0]",0.531441,254.70305066906255,-54.70305066906255
5080,01010111,001,000,0,0,"[32.0, 34.888888888888886, 41.7283950617284]","[0.7290000000000001, 0.81, 1.0]",0.531441,254.70305066906255,-54.70305066906255
5081,01110011,001,000,0,0,"[35.55555555555556, 31.333333333333332, 41.7283950617284]","[0.81, 0.7290000000000001, 1.0]",0.531441,254.70305066906255,-54.70305066906255
5082,10001111,001,000,0,0,"[31.333333333333332, 35.55555555555556, 41.7283950617284]","[0.7290000000000001, 0.81, 1.0]",0.531441,254.70305066906255,-54.70305066906255
5083,10101011,001,000,0,0,"[34.888888888888886, 32.0, 41.7283950617284]","[0.81, 0.7290000000000001, 1.0]",0.531441,254.70305066906255,-54.70305066906255
5084,11000111,001,000,0,0,"[33.33333333333333, 33.55555555555556, 41.7283950617284]","[0.81, 0.7290000000000001, 1.0]",0.531441,254.70305066906255,-54.70305066906255
5085,00101111,001,001,0,0,"[33.55555555555556, 35.55555555555556, 39.55555555555556]","[0.7290000000000001, 0.81, 1.0]",0.531441,254.79597296156425,-54.795972961564246
5086,01100111,001,001,0,0,"[35.55555555555556, 33.55555555555556, 39.55555555555556]","[0.81, 0.7290000000000001, 1.0]",0.531441,254.79597296156425,-54.795972961564246
5087,01001000,001,000,1,0,"[32.0, 32.0, 43.8957475994513]","[0.7290000000000001, 0.7290000000000001, 1.0]",0.47829690000000014,254.85372704579783,-54.853727045797825
5088,01001001,001,000,1,0,"[32.0, 32.0, 43.895747599451305]","[0.7290000000000001, 0.7290000000000001, 1.0]",0.47829690000000014,254.85372704579785,-54.853727045797854
5089,00010110,010,000,1,0,"[30.0, 48.01097393689986, 30.0]","[0.6561000000000001, 1.0, 0.81]",0.47829690000000014,255.0946366930244,-55.0946366930244
5090,01010100,010,000,1,0,"[32.0, 48.01097393689986, 28.0]","[0.7290000000000001, 1.0, 0.7290000000000001]",0.47829690000000014,255.0946366930244,-55.0946366930244
5091,10100010,100,000,1,0,"[48.01097393689986, 30.0, 30.0]","[1.0, 0.6561000000000001, 0.81]",0.47829690000000014,255.0946366930244,-55.0946366930244
5092,10101000,100,000,1,0,"[48.01097393689986, 32.0, 28.0]","[1.0, 0.7290000000000001, 0.7290000000000001]",0.47829690000000014,255.0946366930244,-55.0946366930244
5093,00011110,001,000,0,0,"[30.0, 36.888888888888886, 41.9753086419753]","[0.6561000000000001, 0.9, 1.0]",0.5314410000000002,255.16766213157086,-55.167662131570864
5094,11100010,001,000,0,0,"[36.888888888888886, 30.0, 41.9753086419753]","[0.9, 0.6561000000000001, 1.0]",0.5314410000000002,255.16766213157086,-55.167662131570864
5095,00111010,001,000,0,0,"[33.55555555555556, 33.33333333333333, 41.9753086419753]","[0.7290000000000001, 0.81, 1.0]",0.531441,255.16766213157092,-55.16766213157092
5096,01010110,001,000,0,0,"[32.0, 34.888888888888886, 41.9753086419753]","[0.7290000000000001, 0.81, 1.0]",0.531441,255.16766213157092,-55.16766213157092
5097,01110010,001,000,0,0,"[35.55555555555556, 31.333333333333332, 41.9753086419753]","[0.81, 0.7290000000000001, 1.0]",0.531441,255.16766213157092,-55.16766213157092
5098,10001110,001,000,0,0,"[31.333333333333332, 35.55555555555556, 41.9753086419753]","[0.7290000000000001, 0.81, 1.0]",0.531441,255.16766213157092,-55.16766213157092
5099,10101010,001,000,0,0,"[34.888888888888886, 32.0, 41.9753086419753]","[0.81, 0.7290000000000001, 1.0]",0.531441,255.16766213157092,-55.16766213157092
5100,11000110,001,000,0,0,"[33.33333333333333, 33.55555555555556, 41.9753086419753]","[0.81, 0.7290000000000001, 1.0]",0.531441,255.16766213157092,-55.16766213157092
5101,10011001,010,000,0,0,"[31.333333333333332, 46.09053497942386, 31.555555555555557]","[0.7290000000000001, 1.0, 0.81]",0.531441,255.3844808140748,-55.384480814074806
5102,10111000,010,000,0,0,"[34.888888888888886, 46.09053497942386, 28.0]","[0.81, 1.0, 0.7290000000000001]",0.531441,255.3844808140748,-55.384480814074806
5103,11010001,100,000,0,0,"[46.09053497942386, 31.333333333333332, 31.555555555555557]","[1.0, 0.7290000000000001, 0.81]",0.531441,255.3844808140748,-55.384480814074806
5104,11010100,100,000,0,0,"[46.09053497942386, 34.888888888888886, 28.0]","[1.0, 0.81, 0.7290000000000001]",0.531441,255.3844808140748,-55.384480814074806
5105,00011111,010,000,0,0,"[30.0, 45.432098765432094, 33.55555555555556]","[0.6561000000000001, 1.0, 0.9]",0.5314410000000002,255.39996786282504,-55.39996786282504
5106,11100011,100,000,0,0,"[45.432098765432094, 30.0, 33.55555555555556]","[1.0, 0.6561000000000001, 0.9]",0.5314410000000002,255.39996786282504,-55.39996786282504
5107,00111110,010,000,0,0,"[33.55555555555556, 45.432098765432094, 30.0]","[0.7290000000000001, 1.0, 0.81]",0.531441,255.39996786282506,-55.399967862825065
5108,01011101,010,000,0,0,"[32.0, 45.432098765432094, 31.555555555555557]","[0.7290000000000001, 1.0, 0.81]",0.531441,255.39996786282506,-55.399967862825065
5109,01111100,010,000,0,0,"[35.55555555555556, 45.432098765432094, 28.0]","[0.81, 1.0, 0.7290000000000001]",0.531441,255.39996786282506,-55.399967862825065
5110,11100110,100,000,0,0,"[45.432098765432094, 33.55555555555556, 30.0]","[1.0, 0.7290000000000001, 0.81]",0.531441,255.39996786282506,-55.399967862825065
5111,11101001,100,000,0,0,"[45.432098765432094, 32.0, 31.555555555555557]","[1.0, 0.7290000000000001, 0.81]",0.531441,255.39996786282506,-55.399967862825065
5112,11101100,100,000,0,0,"[45.432098765432094, 35.55555555555556, 28.0]","[1.0, 0.81, 0.7290000000000001]",0.531441,255.39996786282506,-55.399967862825065
5113,01110000,100,000,1,0,"[48.83401920438958, 31.333333333333332, 28.0]","[1.0, 0.7290000000000001, 0.7290000000000001]",0.47829690000000014,255.42158549997475,-55.42158549997475
5114,10001100,010,000,1,0,"[31.333333333333332, 48.83401920438958, 28.0]","[0.7290000000000001, 1.0, 0.7290000000000001]",0.47829690000000014,255.42158549997475,-55.42158549997475
5115,01011000,001,000,0,0,"[32.0, 33.33333333333333, 43.8957475994513]","[0.7290000000000001, 0.81, 1.0]",0.531441,255.8542546261666,-55.85425462616661
5116,01011001,001,000,0,0,"[32.0, 33.33333333333333, 43.895747599451305]","[0.7290000000000001, 0.81, 1.0]",0.531441,255.8542546261666,-55.85425462616661
5117,11001000,001,000,0,0,"[33.33333333333333, 32.0, 43.8957475994513]","[0.81, 0.7290000000000001, 1.0]",0.531441,255.8542546261666,-55.85425462616661
5118,11001001,001,000,0,0,"[33.33333333333333, 32.0, 43.895747599451305]","[0.81, 0.7290000000000001, 1.0]",0.531441,255.8542546261666,-55.85425462616661
5119,01001111,001,000,0,0,"[32.0, 35.55555555555556, 41.7283950617284]","[0.7290000000000001, 0.81, 1.0]",0.531441,255.95750161783513,-55.957501617835135
5120,01101011,001,000,0,0,"[35.55555555555556, 32.0, 41.7283950617284]","[0.81, 0.7290000000000001, 1.0]",0.531441,255.95750161783513,-55.957501617835135
5121,00010010,010,000,1,0,"[30.0, 48.46822130772747, 30.0]","[0.6561000000000001, 1.0, 0.81]",0.47829690000000014,256.0506273566219,-56.050627356621874
5122,01010000,010,000,1,0,"[32.0, 48.46822130772747, 28.0]","[0.7290000000000001, 1.0, 0.7290000000000001]",0.47829690000000014,256.0506273566219,-56.050627356621874
5123,10000010,100,000,1,0,"[48.46822130772747, 30.0, 30.0]","[1.0, 0.6561000000000001, 0.81]",0.47829690000000014,256.0506273566219,-56.050627356621874
5124,10001000,100,000,1,0,"[48.46822130772747, 32.0, 28.0]","[1.0, 0.7290000000000001, 0.7290000000000001]",0.47829690000000014,256.0506273566219,-56.050627356621874
5125,10011100,000,000,1,0,"[31.333333333333332, 36.888888888888886, 28.0]","[0.7290000000000001, 0.9, 0.7290000000000001]",0.43046721000000016,256.05253933794904,-56.05253933794904
5126,10111000,000,000,1,0,"[34.888888888888886, 33.33333333333333, 28.0]","[0.81, 0.81, 0.7290000000000001]",0.43046721000000016,256.05253933794904,-56.05253933794904
5127,11010100,000,000,1,0,"[33.33333333333333, 34.888888888888886, 28.0]","[0.81, 0.81, 0.7290000000000001]",0.43046721000000016,256.05253933794904,-56.05253933794904
5128,11110000,000,000,1,0,"[36.888888888888886, 31.333333333333332, 28.0]","[0.9, 0.7290000000000001, 0.7290000000000001]",0.43046721000000016,256.05253933794904,-56.05253933794904
5129,10010011,000,000,1,0,"[31.333333333333332, 31.333333333333332, 33.55555555555556]","[0.7290000000000001, 0.7290000000000001, 0.9]",0.43046721000000016,256.0525393379491,-56.0525393379491
5130,10010110,000,000,1,0,"[31.333333333333332, 34.888888888888886, 30.0]","[0.7290000000000001, 0.81, 0.81]",0.4304672100000001,256.0525393379491,-56.0525393379491
5131,10011001,000,000,1,0,"[31.333333333333332, 33.33333333333333, 31.555555555555557]","[0.7290000000000001, 0.81, 0.81]",0.4304672100000001,256.0525393379491,-56.0525393379491
5132,10110010,000,000,1,0,"[34.888888888888886, 31.333333333333332, 30.0]","[0.81, 0.7290000000000001, 0.81]",0.4304672100000001,256.0525393379491,-56.0525393379491
5133,11010001,000,000,1,0,"[33.33333333333333, 31.333333333333332, 31.555555555555557]","[0.81, 0.7290000000000001, 0.81]",0.4304672100000001,256.0525393379491,-56.0525393379491
5134,10010110,010,000,0,0,"[31.333333333333332, 48.01097393689986, 30.0]","[0.7290000000000001, 1.0, 0.81]",0.531441,256.0710733086705,-56.07107330867052
5135,10110010,100,000,0,0,"[48.01097393689986, 31.333333333333332, 30.0]","[1.0, 0.7290000000000001, 0.81]",0.531441,256.0710733086705,-56.07107330867052
5136,10111000,100,000,0,0,"[48.01097393689986, 33.33333333333333, 28.0]","[1.0, 0.81, 0.7290000000000001]",0.531441,256.0710733086705,-56.07107330867052
5137,11010100,010,000,0,0,"[33.33333333333333, 48.01097393689986, 28.0]","[0.81, 1.0, 0.7290000000000001]",0.531441,256.0710733086705,-56.07107330867052
5138,01001110,001,000,0,0,"[32.0, 35.55555555555556, 41.9753086419753]","[0.7290000000000001, 0.81, 1.0]",0.531441,256.42211308034354,-56.422113080343536
5139,01101010,001,000,0,0,"[35.55555555555556, 32.0, 41.9753086419753]","[0.81, 0.7290000000000001, 1.0]",0.531441,256.42211308034354,-56.422113080343536
5140,01010000,100,000,1,0,"[49.38271604938271, 31.333333333333332, 28.0]","[1.0, 0.7290000000000001, 0.7290000000000001]",0.47829690000000014,256.5687742962917,-56.56877429629168
5141,10001000,010,000,1,0,"[31.333333333333332, 49.38271604938271, 28.0]","[0.7290000000000001, 1.0, 0.7290000000000001]",0.47829690000000014,256.5687742962917,-56.56877429629168
5142,00011011,010,000,0,0,"[30.0, 46.09053497942386, 33.55555555555556]","[0.6561000000000001, 1.0, 0.9]",0.5314410000000002,256.63893176284733,-56.638931762847335
5143,11000011,100,000,0,0,"[46.09053497942386, 30.0, 33.55555555555556]","[1.0, 0.6561000000000001, 0.9]",0.5314410000000002,256.63893176284733,-56.638931762847335
5144,00111010,010,000,0,0,"[33.55555555555556, 46.09053497942386, 30.0]","[0.7290000000000001, 1.0, 0.81]",0.531441,256.6389317628474,-56.63893176284739
5145,01011001,010,000,0,0,"[32.0, 46.09053497942386, 31.555555555555557]","[0.7290000000000001, 1.0, 0.81]",0.531441,256.6389317628474,-56.63893176284739
5146,01111000,010,000,0,0,"[35.55555555555556, 46.09053497942386, 28.0]","[0.81, 1.0, 0.7290000000000001]",0.531441,256.6389317628474,-56.63893176284739
5147,11000110,100,000,0,0,"[46.09053497942386, 33.55555555555556, 30.0]","[1.0, 0.7290000000000001, 0.81]",0.531441,256.6389317628474,-56.63893176284739
5148,11001001,100,000,0,0,"[46.09053497942386, 32.0, 31.555555555555557]","[1.0, 0.7290000000000001, 0.81]",0.531441,256.6389317628474,-56.63893176284739
5149,11001100,100,000,0,0,"[46.09053497942386, 35.55555555555556, 28.0]","[1.0, 0.81, 0.7290000000000001]",0.531441,256.6389317628474,-56.63893176284739
5150,00010100,001,000,1,0,"[30.0, 34.888888888888886, 43.8957475994513]","[0.6561000000000001, 0.81, 1.0]",0.47829690000000014,256.7121728958313,-56.712172895831316
5151,00110000,001,000,1,0,"[33.55555555555556, 31.333333333333332, 43.8957475994513]","[0.7290000000000001, 0.7290000000000001, 1.0]",0.47829690000000014,256.7121728958313,-56.712172895831316
5152,10000100,001,000,1,0,"[31.333333333333332, 33.55555555555556, 43.8957475994513]","[0.7290000000000001, 0.7290000000000001, 1.0]",0.47829690000000014,256.7121728958313,-56.712172895831316
5153,10100000,001,000,1,0,"[34.888888888888886, 30.0, 43.8957475994513]","[0.81, 0.6561000000000001, 1.0]",0.47829690000000014,256.7121728958313,-56.712172895831316
5154,00010101,001,000,1,0,"[30.0, 34.888888888888886, 43.895747599451305]","[0.6561000000000001, 0.81, 1.0]",0.47829690000000014,256.7121728958314,-56.71217289583137
5155,00110001,001,000,1,0,"[33.55555555555556, 31.333333333333332, 43.895747599451305]","[0.7290000000000001, 0.7290000000000001, 1.0]",0.47829690000000014,256.7121728958314,-56.71217289583137
5156,10000101,001,000,1,0,"[31.333333333333332, 33.55555555555556, 43.895747599451305]","[0.7290000000000001, 0.7290000000000001, 1.0]",0.47829690000000014,256.7121728958314,-56.71217289583137
5157,10100001,001,000,1,0,"[34.888888888888886, 30.0, 43.895747599451305]","[0.81, 0.6561000000000001, 1.0]",0.47829690000000014,256.7121728958314,-56.71217289583137
5158,00001110,010,000,1,0,"[30.0, 48.83401920438958, 30.0]","[0.6561000000000001, 1.0, 0.81]",0.47829690000000014,256.8154198874999,-56.8154198874999
5159,01001100,010,000,1,0,"[32.0, 48.83401920438958, 28.0]","[0.7290000000000001, 1.0, 0.7290000000000001]",0.47829690000000014,256.8154198874999,-56.8154198874999
5160,01100010,100,000,1,0,"[48.83401920438958, 30.0, 30.0]","[1.0, 0.6561000000000001, 0.81]",0.47829690000000014,256.8154198874999,-56.8154198874999
5161,01101000,100,000,1,0,"[48.83401920438958, 32.0, 28.0]","[1.0, 0.7290000000000001, 0.7290000000000001]",0.47829690000000014,256.8154198874999,-56.8154198874999
5162,00100111,001,000,1,0,"[33.55555555555556, 33.55555555555556, 41.7283950617284]","[0.7290000000000001, 0.7290000000000001, 1.0]",0.47829690000000014,256.8268917754631,-56.82689177546308
5163,10011000,100,000,0,0,"[48.46822130772747, 33.33333333333333, 28.0]","[1.0, 0.81, 0.7290000000000001]",0.531441,256.93146490590823,-56.93146490590823
5164,11010000,010,000,0,0,"[33.33333333333333, 48.46822130772747, 28.0]","[0.81, 1.0, 0.7290000000000001]",0.531441,256.93146490590823,-56.93146490590823
5165,10010010,010,000,0,0,"[31.333333333333332, 48.46822130772747, 30.0]","[0.7290000000000001, 1.0, 0.81]",0.531441,256.9314649059083,-56.931464905908285
5166,10010010,100,000,0,0,"[48.46822130772747, 31.333333333333332, 30.0]","[1.0, 0.7290000000000001, 0.81]",0.531441,256.9314649059083,-56.931464905908285
5167,01010110,010,000,0,0,"[32.0, 48.01097393689986, 30.0]","[0.7290000000000001, 1.0, 0.81]",0.531441,257.32552425744313,-57.325524257443135
5168,10101010,100,000,0,0,"[48.01097393689986, 32.0, 30.0]","[1.0, 0.7290000000000001, 0.81]",0.531441,257.32552425744313,-57.325524257443135
5169,00100110,001,000,1,0,"[33.55555555555556, 33.55555555555556, 41.9753086419753]","[0.7290000000000001, 0.7290000000000001, 1.0]",0.47829690000000014,257.34312673380566,-57.34312673380566
5170,10010100,001,000,0,0,"[31.333333333333332, 34.888888888888886, 43.8957475994513]","[0.7290000000000001, 0.81, 1.0]",0.531441,257.52685589119676,-57.52685589119676
5171,10110000,001,000,0,0,"[34.888888888888886, 31.333333333333332, 43.8957475994513]","[0.81, 0.7290000000000001, 1.0]",0.531441,257.52685589119676,-57.52685589119676
5172,10010101,001,000,0,0,"[31.333333333333332, 34.888888888888886, 43.895747599451305]","[0.7290000000000001, 0.81, 1.0]",0.531441,257.5268558911968,-57.52685589119682
5173,10110001,001,000,0,0,"[34.888888888888886, 31.333333333333332, 43.895747599451305]","[0.81, 0.7290000000000001, 1.0]",0.531441,257.5268558911968,-57.52685589119682
5174,00011011,000,000,1,0,"[30.0, 33.33333333333333, 33.55555555555556]","[0.6561000000000001, 0.81, 0.9]",0.43046721000000016,257.60124421297695,-57.60124421297695
5175,00011110,000,000,1,0,"[30.0, 36.888888888888886, 30.0]","[0.6561000000000001, 0.9, 0.81]",0.43046721000000016,257.60124421297695,-57.60124421297695
5176,01010011,000,000,1,0,"[32.0, 31.333333333333332, 33.55555555555556]","[0.7290000000000001, 0.7290000000000001, 0.9]",0.43046721000000016,257.60124421297695,-57.60124421297695
5177,01011100,000,000,1,0,"[32.0, 36.888888888888886, 28.0]","[0.7290000000000001, 0.9, 0.7290000000000001]",0.43046721000000016,257.60124421297695,-57.60124421297695
5178,01111000,000,000,1,0,"[35.55555555555556, 33.33333333333333, 28.0]","[0.81, 0.81, 0.7290000000000001]",0.43046721000000016,257.60124421297695,-57.60124421297695
5179,10001011,000,000,1,0,"[31.333333333333332, 32.0, 33.55555555555556]","[0.7290000000000001, 0.7290000000000001, 0.9]",0.43046721000000016,257.60124421297695,-57.60124421297695
5180,11000011,000,000,1,0,"[33.33333333333333, 30.0, 33.55555555555556]","[0.81, 0.6561000000000001, 0.9]",0.43046721000000016,257.60124421297695,-57.60124421297695
5181,11001100,000,000,1,0,"[33.33333333333333, 35.55555555555556, 28.0]","[0.81, 0.81, 0.7290000000000001]",0.43046721000000016,257.60124421297695,-57.60124421297695
5182,11100010,000,000,1,0,"[36.888888888888886, 30.0, 30.0]","[0.9, 0.6561000000000001, 0.81]",0.43046721000000016,257.60124421297695,-57.60124421297695
5183,11101000,000,000,1,0,"[36.888888888888886, 32.0, 28.0]","[0.9, 0.7290000000000001, 0.7290000000000001]",0.43046721000000016,257.60124421297695,-57.60124421297695
5184,00111010,000,000,1,0,"[33.55555555555556, 33.33333333333333, 30.0]","[0.7290000000000001, 0.81, 0.81]",0.4304672100000001,257.601244212977,-57.60124421297701
5185,01010110,000,000,1,0,"[32.0, 34.888888888888886, 30.0]","[0.7290000000000001, 0.81, 0.81]",0.4304672100000001,257.601244212977,-57.60124421297701
5186,01011001,000,000,1,0,"[32.0, 33.33333333333333, 31.555555555555557]","[0.7290000000000001, 0.81, 0.81]",0.4304672100000001,257.601244212977,-57.60124421297701
5187,01110010,000,000,1,0,"[35.55555555555556, 31.333333333333332, 30.0]","[0.81, 0.7290000000000001, 0.81]",0.4304672100000001,257.601244212977,-57.60124421297701
5188,10001110,000,000,1,0,"[31.333333333333332, 35.55555555555556, 30.0]","[0.7290000000000001, 0.81, 0.81]",0.4304672100000001,257.601244212977,-57.60124421297701
5189,10101010,000,000,1,0,"[34.888888888888886, 32.0, 30.0]","[0.81, 0.7290000000000001, 0.81]",0.4304672100000001,257.601244212977,-57.60124421297701
5190,11000110,000,000,1,0,"[33.33333333333333, 33.55555555555556, 30.0]","[0.81, 0.7290000000000001, 0.81]",0.4304672100000001,257.601244212977,-57.60124421297701
5191,11001001,000,000,1,0,"[33.33333333333333, 32.0, 31.555555555555557]","[0.81, 0.7290000000000001, 0.81]",0.4304672100000001,257.601244212977,-57.60124421297701
5192,01110010,100,000,0,0,"[48.83401920438958, 31.333333333333332, 30.0]","[1.0, 0.7290000000000001, 0.81]",0.531441,257.61977818369843,-57.61977818369843
5193,01111000,100,000,0,0,"[48.83401920438958, 33.33333333333333, 28.0]","[1.0, 0.81, 0.7290000000000001]",0.531441,257.61977818369843,-57.61977818369843
5194,10001110,010,000,0,0,"[31.333333333333332, 48.83401920438958, 30.0]","[0.7290000000000001, 1.0, 0.81]",0.531441,257.61977818369843,-57.61977818369843
5195,11001100,010,000,0,0,"[33.33333333333333, 48.83401920438958, 28.0]","[0.81, 1.0, 0.7290000000000001]",0.531441,257.61977818369843,-57.61977818369843
5196,00110111,001,000,0,0,"[33.55555555555556, 34.888888888888886, 41.7283950617284]","[0.7290000000000001, 0.81, 1.0]",0.531441,257.6301028828653,-57.63010288286529
5197,10100111,001,000,0,0,"[34.888888888888886, 33.55555555555556, 41.7283950617284]","[0.81, 0.7290000000000001, 1.0]",0.531441,257.6301028828653,-57.63010288286529
5198,00001010,010,000,1,0,"[30.0, 49.38271604938271, 30.0]","[0.6561000000000001, 1.0, 0.81]",0.47829690000000014,257.9626086838168,-57.962608683816825
5199,01000010,100,000,1,0,"[49.38271604938271, 30.0, 30.0]","[1.0, 0.6561000000000001, 0.81]",0.47829690000000014,257.9626086838168,-57.962608683816825
5200,01001000,010,000,1,0,"[32.0, 49.38271604938271, 28.0]","[0.7290000000000001, 1.0, 0.7290000000000001]",0.47829690000000014,257.9626086838168,-57.962608683816825
5201,01001000,100,000,1,0,"[49.38271604938271, 32.0, 28.0]","[1.0, 0.7290000000000001, 0.7290000000000001]",0.47829690000000014,257.9626086838168,-57.962608683816825
5202,00110110,001,000,0,0,"[33.55555555555556, 34.888888888888886, 41.9753086419753]","[0.7290000000000001, 0.81, 1.0]",0.531441,258.0947143453737,-58.09471434537369
5203,10100110,001,000,0,0,"[34.888888888888886, 33.55555555555556, 41.9753086419753]","[0.81, 0.7290000000000001, 1.0]",0.531441,258.0947143453737,-58.09471434537369
5204,00001100,001,000,1,0,"[30.0, 35.55555555555556, 43.8957475994513]","[0.6561000000000001, 0.81, 1.0]",0.47829690000000014,258.10600728335646,-58.10600728335646
5205,00001101,001,000,1,0,"[30.0, 35.55555555555556, 43.895747599451305]","[0.6561000000000001, 0.81, 1.0]",0.47829690000000014,258.10600728335646,-58.10600728335646
5206,00101000,001,000,1,0,"[33.55555555555556, 32.0, 43.8957475994513]","[0.7290000000000001, 0.7290000000000001, 1.0]",0.47829690000000014,258.10600728335646,-58.10600728335646
5207,00101001,001,000,1,0,"[33.55555555555556, 32.0, 43.895747599451305]","[0.7290000000000001, 0.7290000000000001, 1.0]",0.47829690000000014,258.10600728335646,-58.10600728335646
5208,01000100,001,000,1,0,"[32.0, 33.55555555555556, 43.8957475994513]","[0.7290000000000001, 0.7290000000000001, 1.0]",0.47829690000000014,258.10600728335646,-58.10600728335646
5209,01000101,001,000,1,0,"[32.0, 33.55555555555556, 43.895747599451305]","[0.7290000000000001, 0.7290000000000001, 1.0]",0.47829690000000014,258.10600728335646,-58.10600728335646
5210,01100000,001,000,1,0,"[35.55555555555556, 30.0, 43.8957475994513]","[0.81, 0.6561000000000001, 1.0]",0.47829690000000014,258.10600728335646,-58.10600728335646
5211,01100001,001,000,1,0,"[35.55555555555556, 30.0, 43.895747599451305]","[0.81, 0.6561000000000001, 1.0]",0.47829690000000014,258.10600728335646,-58.10600728335646
5212,01010010,010,000,0,0,"[32.0, 48.46822130772747, 30.0]","[0.7290000000000001, 1.0, 0.81]",0.531441,258.18591585468084,-58.18591585468084
5213,10001010,100,000,0,0,"[48.46822130772747, 32.0, 30.0]","[1.0, 0.7290000000000001, 0.81]",0.531441,258.18591585468084,-58.18591585468084
5214,00111101,010,000,0,0,"[33.55555555555556, 45.432098765432094, 31.555555555555557]","[0.7290000000000001, 1.0, 0.81]",0.531441,258.3270200766279,-58.32702007662789
5215,11100101,100,000,0,0,"[45.432098765432094, 33.55555555555556, 31.555555555555557]","[1.0, 0.7290000000000001, 0.81]",0.531441,258.3270200766279,-58.32702007662789
5216,00010101,010,000,1,0,"[30.0, 48.01097393689986, 31.555555555555557]","[0.6561000000000001, 1.0, 0.81]",0.47829690000000014,258.34691693058306,-58.34691693058306
5217,00110100,010,000,1,0,"[33.55555555555556, 48.01097393689986, 28.0]","[0.7290000000000001, 1.0, 0.7290000000000001]",0.47829690000000014,258.34691693058306,-58.34691693058306
5218,10100001,100,000,1,0,"[48.01097393689986, 30.0, 31.555555555555557]","[1.0, 0.6561000000000001, 0.81]",0.47829690000000014,258.34691693058306,-58.34691693058306
5219,10100100,100,000,1,0,"[48.01097393689986, 33.55555555555556, 28.0]","[1.0, 0.7290000000000001, 0.7290000000000001]",0.47829690000000014,258.34691693058306,-58.34691693058306
5220,01010010,100,000,0,0,"[49.38271604938271, 31.333333333333332, 30.0]","[1.0, 0.7290000000000001, 0.81]",0.531441,258.6522481003837,-58.6522481003837
5221,01011000,100,000,0,0,"[49.38271604938271, 33.33333333333333, 28.0]","[1.0, 0.81, 0.7290000000000001]",0.531441,258.6522481003837,-58.6522481003837
5222,10001010,010,000,0,0,"[31.333333333333332, 49.38271604938271, 30.0]","[0.7290000000000001, 1.0, 0.81]",0.531441,258.6522481003837,-58.6522481003837
5223,11001000,010,000,0,0,"[33.33333333333333, 49.38271604938271, 28.0]","[0.81, 1.0, 0.7290000000000001]",0.531441,258.6522481003837,-58.6522481003837
5224,00011100,001,000,0,0,"[30.0, 36.888888888888886, 43.8957475994513]","[0.6561000000000001, 0.9, 1.0]",0.5314410000000002,258.7813068399693,-58.78130683996932
5225,00011101,001,000,0,0,"[30.0, 36.888888888888886, 43.895747599451305]","[0.6561000000000001, 0.9, 1.0]",0.5314410000000002,258.7813068399693,-58.78130683996932
5226,11100000,001,000,0,0,"[36.888888888888886, 30.0, 43.8957475994513]","[0.9, 0.6561000000000001, 1.0]",0.5314410000000002,258.7813068399693,-58.78130683996932
5227,11100001,001,000,0,0,"[36.888888888888886, 30.0, 43.895747599451305]","[0.9, 0.6561000000000001, 1.0]",0.5314410000000002,258.7813068399693,-58.78130683996932
5228,00111000,001,000,0,0,"[33.55555555555556, 33.33333333333333, 43.8957475994513]","[0.7290000000000001, 0.81, 1.0]",0.531441,258.7813068399694,-58.781306839969375
5229,00111001,001,000,0,0,"[33.55555555555556, 33.33333333333333, 43.895747599451305]","[0.7290000000000001, 0.81, 1.0]",0.531441,258.7813068399694,-58.781306839969375
5230,01010100,001,000,0,0,"[32.0, 34.888888888888886, 43.8957475994513]","[0.7290000000000001, 0.81, 1.0]",0.531441,258.7813068399694,-58.781306839969375
5231,01010101,001,000,0,0,"[32.0, 34.888888888888886, 43.895747599451305]","[0.7290000000000001, 0.81, 1.0]",0.531441,258.7813068399694,-58.781306839969375
5232,01110000,001,000,0,0,"[35.55555555555556, 31.333333333333332, 43.8957475994513]","[0.81, 0.7290000000000001, 1.0]",0.531441,258.7813068399694,-58.781306839969375
5233,01110001,001,000,0,0,"[35.55555555555556, 31.333333333333332, 43.895747599451305]","[0.81, 0.7290000000000001, 1.0]",0.531441,258.7813068399694,-58.781306839969375
5234,10001100,001,000,0,0,"[31.333333333333332, 35.55555555555556, 43.8957475994513]","[0.7290000000000001, 0.81, 1.0]",0.531441,258.7813068399694,-58.781306839969375
5235,10001101,001,000,0,0,"[31.333333333333332, 35.55555555555556, 43.895747599451305]","[0.7290000000000001, 0.81, 1.0]",0.531441,258.7813068399694,-58.781306839969375
5236,10101000,001,000,0,0,"[34.888888888888886, 32.0, 43.8957475994513]","[0.81, 0.7290000000000001, 1.0]",0.531441,258.7813068399694,-58.781306839969375
5237,10101001,001,000,0,0,"[34.888888888888886, 32.0, 43.895747599451305]","[0.81, 0.7290000000000001, 1.0]",0.531441,258.7813068399694,-58.781306839969375
5238,11000100,001,000,0,0,"[33.33333333333333, 33.55555555555556, 43.8957475994513]","[0.81, 0.7290000000000001, 1.0]",0.531441,258.7813068399694,-58.781306839969375
5239,11000101,001,000,0,0,"[33.33333333333333, 33.55555555555556, 43.895747599451305]","[0.81, 0.7290000000000001, 1.0]",0.531441,258.7813068399694,-58.781306839969375
5240,01001110,010,000,0,0,"[32.0, 48.83401920438958, 30.0]","[0.7290000000000001, 1.0, 0.81]",0.531441,258.8742291324711,-58.8742291324711
5241,01101010,100,000,0,0,"[48.83401920438958, 32.0, 30.0]","[1.0, 0.7290000000000001, 0.81]",0.531441,258.8742291324711,-58.8742291324711
5242,00101111,001,000,0,0,"[33.55555555555556, 35.55555555555556, 41.7283950617284]","[0.7290000000000001, 0.81, 1.0]",0.531441,258.88455383163796,-58.88455383163796
5243,01100111,001,000,0,0,"[35.55555555555556, 33.55555555555556, 41.7283950617284]","[0.81, 0.7290000000000001, 1.0]",0.531441,258.88455383163796,-58.88455383163796
5244,10010101,010,000,0,0,"[31.333333333333332, 48.01097393689986, 31.555555555555557]","[0.7290000000000001, 1.0, 0.81]",0.531441,258.9981255224733,-58.99812552247329
5245,10110001,100,000,0,0,"[48.01097393689986, 31.333333333333332, 31.555555555555557]","[1.0, 0.7290000000000001, 0.81]",0.531441,258.9981255224733,-58.99812552247329
5246,10110100,010,000,0,0,"[34.888888888888886, 48.01097393689986, 28.0]","[0.81, 1.0, 0.7290000000000001]",0.531441,258.9981255224733,-58.99812552247329
5247,10110100,100,000,0,0,"[48.01097393689986, 34.888888888888886, 28.0]","[1.0, 0.81, 0.7290000000000001]",0.531441,258.9981255224733,-58.99812552247329
5248,01001011,000,000,1,0,"[32.0, 32.0, 33.55555555555556]","[0.7290000000000001, 0.7290000000000001, 0.9]",0.43046721000000016,259.1499490880049,-59.14994908800492
5249,01001110,000,000,1,0,"[32.0, 35.55555555555556, 30.0]","[0.7290000000000001, 0.81, 0.81]",0.4304672100000001,259.1499490880049,-59.14994908800492
5250,01101010,000,000,1,0,"[35.55555555555556, 32.0, 30.0]","[0.81, 0.7290000000000001, 0.81]",0.4304672100000001,259.1499490880049,-59.14994908800492
5251,00010001,010,000,1,0,"[30.0, 48.46822130772747, 31.555555555555557]","[0.6561000000000001, 1.0, 0.81]",0.47829690000000014,259.3029075941805,-59.30290759418051
5252,00110000,010,000,1,0,"[33.55555555555556, 48.46822130772747, 28.0]","[0.7290000000000001, 1.0, 0.7290000000000001]",0.47829690000000014,259.3029075941805,-59.30290759418051
5253,10000001,100,000,1,0,"[48.46822130772747, 30.0, 31.555555555555557]","[1.0, 0.6561000000000001, 0.81]",0.47829690000000014,259.3029075941805,-59.30290759418051
5254,10000100,100,000,1,0,"[48.46822130772747, 33.55555555555556, 28.0]","[1.0, 0.7290000000000001, 0.7290000000000001]",0.47829690000000014,259.3029075941805,-59.30290759418051
5255,00101110,001,000,0,0,"[33.55555555555556, 35.55555555555556, 41.9753086419753]","[0.7290000000000001, 0.81, 1.0]",0.531441,259.3491652941463,-59.3491652941463
5256,01100110,001,000,0,0,"[35.55555555555556, 33.55555555555556, 41.9753086419753]","[0.81, 0.7290000000000001, 1.0]",0.531441,259.3491652941463,-59.3491652941463
5257,00111001,010,000,0,0,"[33.55555555555556, 46.09053497942386, 31.555555555555557]","[0.7290000000000001, 1.0, 0.81]",0.531441,259.5659839766502,-59.565983976650216
5258,11000101,100,000,0,0,"[46.09053497942386, 33.55555555555556, 31.555555555555557]","[1.0, 0.7290000000000001, 0.81]",0.531441,259.5659839766502,-59.565983976650216
5259,10010101,000,000,1,0,"[31.333333333333332, 34.888888888888886, 31.555555555555557]","[0.7290000000000001, 0.81, 0.81]",0.4304672100000001,259.66618404634755,-59.66618404634755
5260,10110001,000,000,1,0,"[34.888888888888886, 31.333333333333332, 31.555555555555557]","[0.81, 0.7290000000000001, 0.81]",0.4304672100000001,259.66618404634755,-59.66618404634755
5261,10110100,000,000,1,0,"[34.888888888888886, 34.888888888888886, 28.0]","[0.81, 0.81, 0.7290000000000001]",0.43046721000000016,259.66618404634755,-59.66618404634755
5262,10010001,010,000,0,0,"[31.333333333333332, 48.46822130772747, 31.555555555555557]","[0.7290000000000001, 1.0, 0.81]",0.531441,259.858517119711,-59.858517119710996
5263,10010001,100,000,0,0,"[48.46822130772747, 31.333333333333332, 31.555555555555557]","[1.0, 0.7290000000000001, 0.81]",0.531441,259.858517119711,-59.858517119710996
5264,10010100,100,000,0,0,"[48.46822130772747, 34.888888888888886, 28.0]","[1.0, 0.81, 0.7290000000000001]",0.531441,259.858517119711,-59.858517119710996
5265,10110000,010,000,0,0,"[34.888888888888886, 48.46822130772747, 28.0]","[0.81, 1.0, 0.7290000000000001]",0.531441,259.858517119711,-59.858517119710996
5266,01001010,010,000,0,0,"[32.0, 49.38271604938271, 30.0]","[0.7290000000000001, 1.0, 0.81]",0.531441,259.9066990491563,-59.906699049156316
5267,01001010,100,000,0,0,"[49.38271604938271, 32.0, 30.0]","[1.0, 0.7290000000000001, 0.81]",0.531441,259.9066990491563,-59.906699049156316
5268,01001100,001,000,0,0,"[32.0, 35.55555555555556, 43.8957475994513]","[0.7290000000000001, 0.81, 1.0]",0.531441,260.035757788742,-60.03575778874199
5269,01001101,001,000,0,0,"[32.0, 35.55555555555556, 43.895747599451305]","[0.7290000000000001, 0.81, 1.0]",0.531441,260.035757788742,-60.03575778874199
5270,01101000,001,000,0,0,"[35.55555555555556, 32.0, 43.8957475994513]","[0.81, 0.7290000000000001, 1.0]",0.531441,260.035757788742,-60.03575778874199
5271,01101001,001,000,0,0,"[35.55555555555556, 32.0, 43.895747599451305]","[0.81, 0.7290000000000001, 1.0]",0.531441,260.035757788742,-60.03575778874199
5272,00001101,010,000,1,0,"[30.0, 48.83401920438958, 31.555555555555557]","[0.6561000000000001, 1.0, 0.81]",0.47829690000000014,260.06770012505854,-60.067700125058536
5273,00101100,010,000,1,0,"[33.55555555555556, 48.83401920438958, 28.0]","[0.7290000000000001, 1.0, 0.7290000000000001]",0.47829690000000014,260.06770012505854,-60.067700125058536
5274,01100001,100,000,1,0,"[48.83401920438958, 30.0, 31.555555555555557]","[1.0, 0.6561000000000001, 0.81]",0.47829690000000014,260.06770012505854,-60.067700125058536
5275,01100100,100,000,1,0,"[48.83401920438958, 33.55555555555556, 28.0]","[1.0, 0.7290000000000001, 0.7290000000000001]",0.47829690000000014,260.06770012505854,-60.067700125058536
5276,00010111,010,000,0,0,"[30.0, 48.01097393689986, 33.55555555555556]","[0.6561000000000001, 1.0, 0.9]",0.5314410000000002,260.2525764712459,-60.2525764712459
5277,00110110,010,000,0,0,"[33.55555555555556, 48.01097393689986, 30.0]","[0.7290000000000001, 1.0, 0.81]",0.531441,260.2525764712459,-60.2525764712459
5278,01010101,010,000,0,0,"[32.0, 48.01097393689986, 31.555555555555557]","[0.7290000000000001, 1.0, 0.81]",0.531441,260.2525764712459,-60.2525764712459
5279,01110100,010,000,0,0,"[35.55555555555556, 48.01097393689986, 28.0]","[0.81, 1.0, 0.7290000000000001]",0.531441,260.2525764712459,-60.2525764712459
5280,10100011,100,000,0,0,"[48.01097393689986, 30.0, 33.55555555555556]","[1.0, 0.6561000000000001, 0.9]",0.5314410000000002,260.2525764712459,-60.2525764712459
5281,10100110,100,000,0,0,"[48.01097393689986, 33.55555555555556, 30.0]","[1.0, 0.7290000000000001, 0.81]",0.531441,260.2525764712459,-60.2525764712459
5282,10101001,100,000,0,0,"[48.01097393689986, 32.0, 31.555555555555557]","[1.0, 0.7290000000000001, 0.81]",0.531441,260.2525764712459,-60.2525764712459
5283,10101100,100,000,0,0,"[48.01097393689986, 35.55555555555556, 28.0]","[1.0, 0.81, 0.7290000000000001]",0.531441,260.2525764712459,-60.2525764712459
5284,01110001,100,000,0,0,"[48.83401920438958, 31.333333333333332, 31.555555555555557]","[1.0, 0.7290000000000001, 0.81]",0.531441,260.54683039750125,-60.54683039750125
5285,01110100,100,000,0,0,"[48.83401920438958, 34.888888888888886, 28.0]","[1.0, 0.81, 0.7290000000000001]",0.531441,260.54683039750125,-60.54683039750125
5286,10001101,010,000,0,0,"[31.333333333333332, 48.83401920438958, 31.555555555555557]","[0.7290000000000001, 1.0, 0.81]",0.531441,260.54683039750125,-60.54683039750125
5287,10101100,010,000,0,0,"[34.888888888888886, 48.83401920438958, 28.0]","[0.81, 1.0, 0.7290000000000001]",0.531441,260.54683039750125,-60.54683039750125
5288,00110000,100,000,1,0,"[51.51653711324493, 31.333333333333332, 28.0]","[1.0, 0.7290000000000001, 0.7290000000000001]",0.47829690000000014,261.0300640597466,-61.03006405974662
5289,10000100,010,000,1,0,"[31.333333333333332, 51.51653711324493, 28.0]","[0.7290000000000001, 1.0, 0.7290000000000001]",0.47829690000000014,261.0300640597466,-61.03006405974662
5290,00010011,010,000,0,0,"[30.0, 48.46822130772747, 33.55555555555556]","[0.6561000000000001, 1.0, 0.9]",0.5314410000000002,261.11296806848355,-61.11296806848355
5291,10000011,100,000,0,0,"[48.46822130772747, 30.0, 33.55555555555556]","[1.0, 0.6561000000000001, 0.9]",0.5314410000000002,261.11296806848355,-61.11296806848355
5292,00110010,010,000,0,0,"[33.55555555555556, 48.46822130772747, 30.0]","[0.7290000000000001, 1.0, 0.81]",0.531441,261.1129680684836,-61.11296806848361
5293,01010001,010,000,0,0,"[32.0, 48.46822130772747, 31.555555555555557]","[0.7290000000000001, 1.0, 0.81]",0.531441,261.1129680684836,-61.11296806848361
5294,01110000,010,000,0,0,"[35.55555555555556, 48.46822130772747, 28.0]","[0.81, 1.0, 0.7290000000000001]",0.531441,261.1129680684836,-61.11296806848361
5295,10000110,100,000,0,0,"[48.46822130772747, 33.55555555555556, 30.0]","[1.0, 0.7290000000000001, 0.81]",0.531441,261.1129680684836,-61.11296806848361
5296,10001001,100,000,0,0,"[48.46822130772747, 32.0, 31.555555555555557]","[1.0, 0.7290000000000001, 0.81]",0.531441,261.1129680684836,-61.11296806848361
5297,10001100,100,000,0,0,"[48.46822130772747, 35.55555555555556, 28.0]","[1.0, 0.81, 0.7290000000000001]",0.531441,261.1129680684836,-61.11296806848361
5298,00001001,010,000,1,0,"[30.0, 49.38271604938271, 31.555555555555557]","[0.6561000000000001, 1.0, 0.81]",0.47829690000000014,261.21488892137546,-61.21488892137546
5299,00010111,000,000,1,0,"[30.0, 34.888888888888886, 33.55555555555556]","[0.6561000000000001, 0.81, 0.9]",0.43046721000000016,261.21488892137546,-61.21488892137546
5300,00011101,000,000,1,0,"[30.0, 36.888888888888886, 31.555555555555557]","[0.6561000000000001, 0.9, 0.81]",0.43046721000000016,261.21488892137546,-61.21488892137546
5301,00101000,010,000,1,0,"[33.55555555555556, 49.38271604938271, 28.0]","[0.7290000000000001, 1.0, 0.7290000000000001]",0.47829690000000014,261.21488892137546,-61.21488892137546
5302,00110011,000,000,1,0,"[33.55555555555556, 31.333333333333332, 33.55555555555556]","[0.7290000000000001, 0.7290000000000001, 0.9]",0.43046721000000016,261.21488892137546,-61.21488892137546
5303,00111100,000,000,1,0,"[33.55555555555556, 36.888888888888886, 28.0]","[0.7290000000000001, 0.9, 0.7290000000000001]",0.43046721000000016,261.21488892137546,-61.21488892137546
5304,01000001,100,000,1,0,"[49.38271604938271, 30.0, 31.555555555555557]","[1.0, 0.6561000000000001, 0.81]",0.47829690000000014,261.21488892137546,-61.21488892137546
5305,01000100,100,000,1,0,"[49.38271604938271, 33.55555555555556, 28.0]","[1.0, 0.7290000000000001, 0.7290000000000001]",0.47829690000000014,261.21488892137546,-61.21488892137546
5306,01110100,000,000,1,0,"[35.55555555555556, 34.888888888888886, 28.0]","[0.81, 0.81, 0.7290000000000001]",0.43046721000000016,261.21488892137546,-61.21488892137546
5307,10000111,000,000,1,0,"[31.333333333333332, 33.55555555555556, 33.55555555555556]","[0.7290000000000001, 0.7290000000000001, 0.9]",0.43046721000000016,261.21488892137546,-61.21488892137546
5308,10100011,000,000,1,0,"[34.888888888888886, 30.0, 33.55555555555556]","[0.81, 0.6561000000000001, 0.9]",0.43046721000000016,261.21488892137546,-61.21488892137546
5309,10101100,000,000,1,0,"[34.888888888888886, 35.55555555555556, 28.0]","[0.81, 0.81, 0.7290000000000001]",0.43046721000000016,261.21488892137546,-61.21488892137546
5310,11100001,000,000,1,0,"[36.888888888888886, 30.0, 31.555555555555557]","[0.9, 0.6561000000000001, 0.81]",0.43046721000000016,261.21488892137546,-61.21488892137546
5311,11100100,000,000,1,0,"[36.888888888888886, 33.55555555555556, 28.0]","[0.9, 0.7290000000000001, 0.7290000000000001]",0.43046721000000016,261.21488892137546,-61.21488892137546
5312,00110110,000,000,1,0,"[33.55555555555556, 34.888888888888886, 30.0]","[0.7290000000000001, 0.81, 0.81]",0.4304672100000001,261.2148889213755,-61.21488892137552
5313,00111001,000,000,1,0,"[33.55555555555556, 33.33333333333333, 31.555555555555557]","[0.7290000000000001, 0.81, 0.81]",0.4304672100000001,261.2148889213755,-61.21488892137552
5314,01010101,000,000,1,0,"[32.0, 34.888888888888886, 31.555555555555557]","[0.7290000000000001, 0.81, 0.81]",0.4304672100000001,261.2148889213755,-61.21488892137552
5315,01110001,000,000,1,0,"[35.55555555555556, 31.333333333333332, 31.555555555555557]","[0.81, 0.7290000000000001, 0.81]",0.4304672100000001,261.2148889213755,-61.21488892137552
5316,10001101,000,000,1,0,"[31.333333333333332, 35.55555555555556, 31.555555555555557]","[0.7290000000000001, 0.81, 0.81]",0.4304672100000001,261.2148889213755,-61.21488892137552
5317,10100110,000,000,1,0,"[34.888888888888886, 33.55555555555556, 30.0]","[0.81, 0.7290000000000001, 0.81]",0.4304672100000001,261.2148889213755,-61.21488892137552
5318,10101001,000,000,1,0,"[34.888888888888886, 32.0, 31.555555555555557]","[0.81, 0.7290000000000001, 0.81]",0.4304672100000001,261.2148889213755,-61.21488892137552
5319,11000101,000,000,1,0,"[33.33333333333333, 33.55555555555556, 31.555555555555557]","[0.81, 0.7290000000000001, 0.81]",0.4304672100000001,261.2148889213755,-61.21488892137552
5320,00100100,001,000,1,0,"[33.55555555555556, 33.55555555555556, 43.8957475994513]","[0.7290000000000001, 0.7290000000000001, 1.0]",0.47829690000000014,261.3582875209151,-61.3582875209151
5321,00100101,001,000,1,0,"[33.55555555555556, 33.55555555555556, 43.895747599451305]","[0.7290000000000001, 0.7290000000000001, 1.0]",0.47829690000000014,261.35828752091516,-61.358287520915155
5322,01010001,100,000,0,0,"[49.38271604938271, 31.333333333333332, 31.555555555555557]","[1.0, 0.7290000000000001, 0.81]",0.531441,261.57930031418647,-61.57930031418647
5323,01010100,100,000,0,0,"[49.38271604938271, 34.888888888888886, 28.0]","[1.0, 0.81, 0.7290000000000001]",0.531441,261.57930031418647,-61.57930031418647
5324,10001001,010,000,0,0,"[31.333333333333332, 49.38271604938271, 31.555555555555557]","[0.7290000000000001, 1.0, 0.81]",0.531441,261.57930031418647,-61.57930031418647
5325,10101000,010,000,0,0,"[34.888888888888886, 49.38271604938271, 28.0]","[0.81, 1.0, 0.7290000000000001]",0.531441,261.57930031418647,-61.57930031418647
5326,00010000,100,000,1,0,"[51.821368693796664, 31.333333333333332, 28.0]","[1.0, 0.7290000000000001, 0.7290000000000001]",0.47829690000000014,261.6673911688116,-61.667391168811605
5327,10000000,010,000,1,0,"[31.333333333333332, 51.821368693796664, 28.0]","[0.7290000000000001, 1.0, 0.7290000000000001]",0.47829690000000014,261.6673911688116,-61.667391168811605
5328,00110100,001,000,0,0,"[33.55555555555556, 34.888888888888886, 43.8957475994513]","[0.7290000000000001, 0.81, 1.0]",0.531441,261.70835905377214,-61.70835905377214
5329,00110101,001,000,0,0,"[33.55555555555556, 34.888888888888886, 43.895747599451305]","[0.7290000000000001, 0.81, 1.0]",0.531441,261.70835905377214,-61.70835905377214
5330,10100100,001,000,0,0,"[34.888888888888886, 33.55555555555556, 43.8957475994513]","[0.81, 0.7290000000000001, 1.0]",0.531441,261.70835905377214,-61.70835905377214
5331,10100101,001,000,0,0,"[34.888888888888886, 33.55555555555556, 43.895747599451305]","[0.81, 0.7290000000000001, 1.0]",0.531441,261.70835905377214,-61.70835905377214
5332,00001111,010,000,0,0,"[30.0, 48.83401920438958, 33.55555555555556]","[0.6561000000000001, 1.0, 0.9]",0.5314410000000002,261.80128134627375,-61.801281346273754
5333,01100011,100,000,0,0,"[48.83401920438958, 30.0, 33.55555555555556]","[1.0, 0.6561000000000001, 0.9]",0.5314410000000002,261.80128134627375,-61.801281346273754
5334,00101110,010,000,0,0,"[33.55555555555556, 48.83401920438958, 30.0]","[0.7290000000000001, 1.0, 0.81]",0.531441,261.8012813462738,-61.80128134627381
5335,01001101,010,000,0,0,"[32.0, 48.83401920438958, 31.555555555555557]","[0.7290000000000001, 1.0, 0.81]",0.531441,261.8012813462738,-61.80128134627381
5336,01100110,100,000,0,0,"[48.83401920438958, 33.55555555555556, 30.0]","[1.0, 0.7290000000000001, 0.81]",0.531441,261.8012813462738,-61.80128134627381
5337,01101001,100,000,0,0,"[48.83401920438958, 32.0, 31.555555555555557]","[1.0, 0.7290000000000001, 0.81]",0.531441,261.8012813462738,-61.80128134627381
5338,01101100,010,000,0,0,"[35.55555555555556, 48.83401920438958, 28.0]","[0.81, 1.0, 0.7290000000000001]",0.531441,261.8012813462738,-61.80128134627381
5339,01101100,100,000,0,0,"[48.83401920438958, 35.55555555555556, 28.0]","[1.0, 0.81, 0.7290000000000001]",0.531441,261.8012813462738,-61.80128134627381
5340,00000110,010,000,1,0,"[30.0, 51.51653711324493, 30.0]","[0.6561000000000001, 1.0, 0.81]",0.47829690000000014,262.42389844727177,-62.42389844727177
5341,00100010,100,000,1,0,"[51.51653711324493, 30.0, 30.0]","[1.0, 0.6561000000000001, 0.81]",0.47829690000000014,262.42389844727177,-62.42389844727177
5342,00101000,100,000,1,0,"[51.51653711324493, 32.0, 28.0]","[1.0, 0.7290000000000001, 0.7290000000000001]",0.47829690000000014,262.42389844727177,-62.42389844727177
5343,01000100,010,000,1,0,"[32.0, 51.51653711324493, 28.0]","[0.7290000000000001, 1.0, 0.7290000000000001]",0.47829690000000014,262.42389844727177,-62.42389844727177
5344,11011010,000,000,0,0,"[33.33333333333333, 33.33333333333333, 30.0]","[0.81, 0.81, 0.81]",0.47829690000000014,262.46206209295235,-62.46206209295235
5345,00111000,100,000,0,0,"[51.51653711324493, 33.33333333333333, 28.0]","[1.0, 0.81, 0.7290000000000001]",0.531441,262.66740888749314,-62.66740888749314
5346,11000100,010,000,0,0,"[33.33333333333333, 51.51653711324493, 28.0]","[0.81, 1.0, 0.7290000000000001]",0.531441,262.66740888749314,-62.66740888749314
5347,00110010,100,000,0,0,"[51.51653711324493, 31.333333333333332, 30.0]","[1.0, 0.7290000000000001, 0.81]",0.531441,262.6674088874932,-62.667408887493195
5348,10000110,010,000,0,0,"[31.333333333333332, 51.51653711324493, 30.0]","[0.7290000000000001, 1.0, 0.81]",0.531441,262.6674088874932,-62.667408887493195
5349,00001111,000,000,1,0,"[30.0, 35.55555555555556, 33.55555555555556]","[0.6561000000000001, 0.81, 0.9]",0.43046721000000016,262.76359379640337,-62.76359379640337
5350,00101011,000,000,1,0,"[33.55555555555556, 32.0, 33.55555555555556]","[0.7290000000000001, 0.7290000000000001, 0.9]",0.43046721000000016,262.76359379640337,-62.76359379640337
5351,01000111,000,000,1,0,"[32.0, 33.55555555555556, 33.55555555555556]","[0.7290000000000001, 0.7290000000000001, 0.9]",0.43046721000000016,262.76359379640337,-62.76359379640337
5352,01100011,000,000,1,0,"[35.55555555555556, 30.0, 33.55555555555556]","[0.81, 0.6561000000000001, 0.9]",0.43046721000000016,262.76359379640337,-62.76359379640337
5353,01101100,000,000,1,0,"[35.55555555555556, 35.55555555555556, 28.0]","[0.81, 0.81, 0.7290000000000001]",0.43046721000000016,262.76359379640337,-62.76359379640337
5354,00101110,000,000,1,0,"[33.55555555555556, 35.55555555555556, 30.0]","[0.7290000000000001, 0.81, 0.81]",0.4304672100000001,262.7635937964034,-62.76359379640343
5355,01001101,000,000,1,0,"[32.0, 35.55555555555556, 31.555555555555557]","[0.7290000000000001, 0.81, 0.81]",0.4304672100000001,262.7635937964034,-62.76359379640343
5356,01100110,000,000,1,0,"[35.55555555555556, 33.55555555555556, 30.0]","[0.81, 0.7290000000000001, 0.81]",0.4304672100000001,262.7635937964034,-62.76359379640343
5357,01101001,000,000,1,0,"[35.55555555555556, 32.0, 31.555555555555557]","[0.81, 0.7290000000000001, 0.81]",0.4304672100000001,262.7635937964034,-62.76359379640343
5358,00001011,010,000,0,0,"[30.0, 49.38271604938271, 33.55555555555556]","[0.6561000000000001, 1.0, 0.9]",0.5314410000000002,262.8337512629591,-62.83375126295908
5359,01000011,100,000,0,0,"[49.38271604938271, 30.0, 33.55555555555556]","[1.0, 0.6561000000000001, 0.9]",0.5314410000000002,262.8337512629591,-62.83375126295908
5360,00101010,010,000,0,0,"[33.55555555555556, 49.38271604938271, 30.0]","[0.7290000000000001, 1.0, 0.81]",0.531441,262.83375126295914,-62.83375126295914
5361,01000110,100,000,0,0,"[49.38271604938271, 33.55555555555556, 30.0]","[1.0, 0.7290000000000001, 0.81]",0.531441,262.83375126295914,-62.83375126295914
5362,01001001,010,000,0,0,"[32.0, 49.38271604938271, 31.555555555555557]","[0.7290000000000001, 1.0, 0.81]",0.531441,262.83375126295914,-62.83375126295914
5363,01001001,100,000,0,0,"[49.38271604938271, 32.0, 31.555555555555557]","[1.0, 0.7290000000000001, 0.81]",0.531441,262.83375126295914,-62.83375126295914
5364,01001100,100,000,0,0,"[49.38271604938271, 35.55555555555556, 28.0]","[1.0, 0.81, 0.7290000000000001]",0.531441,262.83375126295914,-62.83375126295914
5365,01101000,010,000,0,0,"[35.55555555555556, 49.38271604938271, 28.0]","[0.81, 1.0, 0.7290000000000001]",0.531441,262.83375126295914,-62.83375126295914
5366,00101100,001,000,0,0,"[33.55555555555556, 35.55555555555556, 43.8957475994513]","[0.7290000000000001, 0.81, 1.0]",0.531441,262.9628100025448,-62.96281000254481
5367,00101101,001,000,0,0,"[33.55555555555556, 35.55555555555556, 43.895747599451305]","[0.7290000000000001, 0.81, 1.0]",0.531441,262.9628100025448,-62.96281000254481
5368,01100100,001,000,0,0,"[35.55555555555556, 33.55555555555556, 43.8957475994513]","[0.81, 0.7290000000000001, 1.0]",0.531441,262.9628100025448,-62.96281000254481
5369,01100101,001,000,0,0,"[35.55555555555556, 33.55555555555556, 43.895747599451305]","[0.81, 0.7290000000000001, 1.0]",0.531441,262.9628100025448,-62.96281000254481
5370,00000010,010,000,1,0,"[30.0, 51.821368693796664, 30.0]","[0.6561000000000001, 1.0, 0.81]",0.47829690000000014,263.06122555633675,-63.06122555633675
5371,00000010,100,000,1,0,"[51.821368693796664, 30.0, 30.0]","[1.0, 0.6561000000000001, 0.81]",0.47829690000000014,263.06122555633675,-63.06122555633675
5372,00001000,100,000,1,0,"[51.821368693796664, 32.0, 28.0]","[1.0, 0.7290000000000001, 0.7290000000000001]",0.47829690000000014,263.06122555633675,-63.06122555633675
5373,01000000,010,000,1,0,"[32.0, 51.821368693796664, 28.0]","[0.7290000000000001, 1.0, 0.7290000000000001]",0.47829690000000014,263.06122555633675,-63.06122555633675
5374,00110101,010,000,0,0,"[33.55555555555556, 48.01097393689986, 31.555555555555557]","[0.7290000000000001, 1.0, 0.81]",0.531441,263.17962868504867,-63.17962868504867
5375,10100101,100,000,0,0,"[48.01097393689986, 33.55555555555556, 31.555555555555557]","[1.0, 0.7290000000000001, 0.81]",0.531441,263.17962868504867,-63.17962868504867
5376,00011000,100,000,0,0,"[51.821368693796664, 33.33333333333333, 28.0]","[1.0, 0.81, 0.7290000000000001]",0.531441,263.2410032856516,-63.24100328565157
5377,11000000,010,000,0,0,"[33.33333333333333, 51.821368693796664, 28.0]","[0.81, 1.0, 0.7290000000000001]",0.531441,263.2410032856516,-63.24100328565157
5378,00010010,100,000,0,0,"[51.821368693796664, 31.333333333333332, 30.0]","[1.0, 0.7290000000000001, 0.81]",0.531441,263.24100328565163,-63.24100328565163
5379,10000010,010,000,0,0,"[31.333333333333332, 51.821368693796664, 30.0]","[0.7290000000000001, 1.0, 0.81]",0.531441,263.24100328565163,-63.24100328565163
5380,00101010,100,000,0,0,"[51.51653711324493, 32.0, 30.0]","[1.0, 0.7290000000000001, 0.81]",0.531441,263.92185983626575,-63.92185983626575
5381,01000110,010,000,0,0,"[32.0, 51.51653711324493, 30.0]","[0.7290000000000001, 1.0, 0.81]",0.531441,263.92185983626575,-63.92185983626575
5382,00110001,010,000,0,0,"[33.55555555555556, 48.46822130772747, 31.555555555555557]","[0.7290000000000001, 1.0, 0.81]",0.531441,264.0400202822864,-64.04002028228638
5383,10000101,100,000,0,0,"[48.46822130772747, 33.55555555555556, 31.555555555555557]","[1.0, 0.7290000000000001, 0.81]",0.531441,264.0400202822864,-64.04002028228638
5384,00001010,100,000,0,0,"[51.821368693796664, 32.0, 30.0]","[1.0, 0.7290000000000001, 0.81]",0.531441,264.49545423442424,-64.49545423442424
5385,01000010,010,000,0,0,"[32.0, 51.821368693796664, 30.0]","[0.7290000000000001, 1.0, 0.81]",0.531441,264.49545423442424,-64.49545423442424
5386,00101101,010,000,0,0,"[33.55555555555556, 48.83401920438958, 31.555555555555557]","[0.7290000000000001, 1.0, 0.81]",0.531441,264.72833356007663,-64.72833356007663
5387,01100101,100,000,0,0,"[48.83401920438958, 33.55555555555556, 31.555555555555557]","[1.0, 0.7290000000000001, 0.81]",0.531441,264.72833356007663,-64.72833356007663
5388,00110101,000,000,1,0,"[33.55555555555556, 34.888888888888886, 31.555555555555557]","[0.7290000000000001, 0.81, 0.81]",0.4304672100000001,264.828533629774,-64.82853362977397
5389,10100101,000,000,1,0,"[34.888888888888886, 33.55555555555556, 31.555555555555557]","[0.81, 0.7290000000000001, 0.81]",0.4304672100000001,264.828533629774,-64.82853362977397
5390,00110001,100,000,0,0,"[51.51653711324493, 31.333333333333332, 31.555555555555557]","[1.0, 0.7290000000000001, 0.81]",0.531441,265.5944611012959,-65.5944611012959
5391,00110100,100,000,0,0,"[51.51653711324493, 34.888888888888886, 28.0]","[1.0, 0.81, 0.7290000000000001]",0.531441,265.5944611012959,-65.5944611012959
5392,10000101,010,000,0,0,"[31.333333333333332, 51.51653711324493, 31.555555555555557]","[0.7290000000000001, 1.0, 0.81]",0.531441,265.5944611012959,-65.5944611012959
5393,10100100,010,000,0,0,"[34.888888888888886, 51.51653711324493, 28.0]","[0.81, 1.0, 0.7290000000000001]",0.531441,265.5944611012959,-65.5944611012959
5394,00000101,010,000,1,0,"[30.0, 51.51653711324493, 31.555555555555557]","[0.6561000000000001, 1.0, 0.81]",0.47829690000000014,265.67617868483035,-65.67617868483035
5395,00100001,100,000,1,0,"[51.51653711324493, 30.0, 31.555555555555557]","[1.0, 0.6561000000000001, 0.81]",0.47829690000000014,265.67617868483035,-65.67617868483035
5396,00100100,010,000,1,0,"[33.55555555555556, 51.51653711324493, 28.0]","[0.7290000000000001, 1.0, 0.7290000000000001]",0.47829690000000014,265.67617868483035,-65.67617868483035
5397,00100100,100,000,1,0,"[51.51653711324493, 33.55555555555556, 28.0]","[1.0, 0.7290000000000001, 0.7290000000000001]",0.47829690000000014,265.67617868483035,-65.67617868483035
5398,10011011,000,000,0,0,"[31.333333333333332, 33.33333333333333, 33.55555555555556]","[0.7290000000000001, 0.81, 0.9]",0.4782969000000001,265.714342330511,-65.71434233051099
5399,10011110,000,000,0,0,"[31.333333333333332, 36.888888888888886, 30.0]","[0.7290000000000001, 0.9, 0.81]",0.47829690000000014,265.714342330511,-65.71434233051099
5400,10111010,000,000,0,0,"[34.888888888888886, 33.33333333333333, 30.0]","[0.81, 0.81, 0.81]",0.47829690000000014,265.714342330511,-65.71434233051099
5401,11010011,000,000,0,0,"[33.33333333333333, 31.333333333333332, 33.55555555555556]","[0.81, 0.7290000000000001, 0.9]",0.4782969000000001,265.714342330511,-65.71434233051099
5402,11010110,000,000,0,0,"[33.33333333333333, 34.888888888888886, 30.0]","[0.81, 0.81, 0.81]",0.47829690000000014,265.714342330511,-65.71434233051099
5403,11011001,000,000,0,0,"[33.33333333333333, 33.33333333333333, 31.555555555555557]","[0.81, 0.81, 0.81]",0.47829690000000014,265.714342330511,-65.71434233051099
5404,11011100,000,000,0,0,"[33.33333333333333, 36.888888888888886, 28.0]","[0.81, 0.9, 0.7290000000000001]",0.47829690000000014,265.714342330511,-65.71434233051099
5405,11110010,000,000,0,0,"[36.888888888888886, 31.333333333333332, 30.0]","[0.9, 0.7290000000000001, 0.81]",0.47829690000000014,265.714342330511,-65.71434233051099
5406,11111000,000,000,0,0,"[36.888888888888886, 33.33333333333333, 28.0]","[0.9, 0.81, 0.7290000000000001]",0.47829690000000014,265.714342330511,-65.71434233051099
5407,00101001,010,000,0,0,"[33.55555555555556, 49.38271604938271, 31.555555555555557]","[0.7290000000000001, 1.0, 0.81]",0.531441,265.76080347676185,-65.76080347676185
5408,01000101,100,000,0,0,"[49.38271604938271, 33.55555555555556, 31.555555555555557]","[1.0, 0.7290000000000001, 0.81]",0.531441,265.76080347676185,-65.76080347676185
5409,00010001,100,000,0,0,"[51.821368693796664, 31.333333333333332, 31.555555555555557]","[1.0, 0.7290000000000001, 0.81]",0.531441,266.1680554994544,-66.1680554994544
5410,00010100,100,000,0,0,"[51.821368693796664, 34.888888888888886, 28.0]","[1.0, 0.81, 0.7290000000000001]",0.531441,266.1680554994544,-66.1680554994544
5411,10000001,010,000,0,0,"[31.333333333333332, 51.821368693796664, 31.555555555555557]","[0.7290000000000001, 1.0, 0.81]",0.531441,266.1680554994544,-66.1680554994544
5412,10100000,010,000,0,0,"[34.888888888888886, 51.821368693796664, 28.0]","[0.81, 1.0, 0.7290000000000001]",0.531441,266.1680554994544,-66.1680554994544
5413,00000001,010,000,1,0,"[30.0, 51.821368693796664, 31.555555555555557]","[0.6561000000000001, 1.0, 0.81]",0.47829690000000014,266.31350579389533,-66.31350579389533
5414,00000001,100,000,1,0,"[51.821368693796664, 30.0, 31.555555555555557]","[1.0, 0.6561000000000001, 0.81]",0.47829690000000014,266.31350579389533,-66.31350579389533
5415,00000100,100,000,1,0,"[51.821368693796664, 33.55555555555556, 28.0]","[1.0, 0.7290000000000001, 0.7290000000000001]",0.47829690000000014,266.31350579389533,-66.31350579389533
5416,00100000,010,000,1,0,"[33.55555555555556, 51.821368693796664, 28.0]","[0.7290000000000001, 1.0, 0.7290000000000001]",0.47829690000000014,266.31350579389533,-66.31350579389533
5417,00100111,000,000,1,0,"[33.55555555555556, 33.55555555555556, 33.55555555555556]","[0.7290000000000001, 0.7290000000000001, 0.9]",0.43046721000000016,266.3772385048019,-66.37723850480188
5418,00101101,000,000,1,0,"[33.55555555555556, 35.55555555555556, 31.555555555555557]","[0.7290000000000001, 0.81, 0.81]",0.4304672100000001,266.3772385048019,-66.37723850480188
5419,01100101,000,000,1,0,"[35.55555555555556, 33.55555555555556, 31.555555555555557]","[0.81, 0.7290000000000001, 0.81]",0.4304672100000001,266.3772385048019,-66.37723850480188
5420,00000111,010,000,0,0,"[30.0, 51.51653711324493, 33.55555555555556]","[0.6561000000000001, 1.0, 0.9]",0.5314410000000002,266.84891205006846,-66.84891205006846
5421,00100011,100,000,0,0,"[51.51653711324493, 30.0, 33.55555555555556]","[1.0, 0.6561000000000001, 0.9]",0.5314410000000002,266.84891205006846,-66.84891205006846
5422,00100110,010,000,0,0,"[33.55555555555556, 51.51653711324493, 30.0]","[0.7290000000000001, 1.0, 0.81]",0.531441,266.8489120500685,-66.84891205006852
5423,00100110,100,000,0,0,"[51.51653711324493, 33.55555555555556, 30.0]","[1.0, 0.7290000000000001, 0.81]",0.531441,266.8489120500685,-66.84891205006852
5424,00101001,100,000,0,0,"[51.51653711324493, 32.0, 31.555555555555557]","[1.0, 0.7290000000000001, 0.81]",0.531441,266.8489120500685,-66.84891205006852
5425,00101100,100,000,0,0,"[51.51653711324493, 35.55555555555556, 28.0]","[1.0, 0.81, 0.7290000000000001]",0.531441,266.8489120500685,-66.84891205006852
5426,01000101,010,000,0,0,"[32.0, 51.51653711324493, 31.555555555555557]","[0.7290000000000001, 1.0, 0.81]",0.531441,266.8489120500685,-66.84891205006852
5427,01100100,010,000,0,0,"[35.55555555555556, 51.51653711324493, 28.0]","[0.81, 1.0, 0.7290000000000001]",0.531441,266.8489120500685,-66.84891205006852
5428,00010011,001,001,1,0,"[30.0, 31.333333333333332, 39.55555555555556]","[0.6561000000000001, 0.7290000000000001, 1.0]",0.43046721000000016,266.89347346314446,-66.89347346314446
5429,00011100,010,010,1,0,"[30.0, 42.888888888888886, 28.0]","[0.6561000000000001, 1.0, 0.7290000000000001]",0.43046721000000016,266.89347346314446,-66.89347346314446
5430,10000011,001,001,1,0,"[31.333333333333332, 30.0, 39.55555555555556]","[0.7290000000000001, 0.6561000000000001, 1.0]",0.43046721000000016,266.89347346314446,-66.89347346314446
5431,11100000,100,100,1,0,"[42.888888888888886, 30.0, 28.0]","[1.0, 0.6561000000000001, 0.7290000000000001]",0.43046721000000016,266.89347346314446,-66.89347346314446
5432,01011011,000,000,0,0,"[32.0, 33.33333333333333, 33.55555555555556]","[0.7290000000000001, 0.81, 0.9]",0.4782969000000001,267.10817671803613,-67.10817671803613
5433,01011110,000,000,0,0,"[32.0, 36.888888888888886, 30.0]","[0.7290000000000001, 0.9, 0.81]",0.47829690000000014,267.10817671803613,-67.10817671803613
5434,01111010,000,000,0,0,"[35.55555555555556, 33.33333333333333, 30.0]","[0.81, 0.81, 0.81]",0.47829690000000014,267.10817671803613,-67.10817671803613
5435,11001011,000,000,0,0,"[33.33333333333333, 32.0, 33.55555555555556]","[0.81, 0.7290000000000001, 0.9]",0.4782969000000001,267.10817671803613,-67.10817671803613
5436,11001110,000,000,0,0,"[33.33333333333333, 35.55555555555556, 30.0]","[0.81, 0.81, 0.81]",0.47829690000000014,267.10817671803613,-67.10817671803613
5437,11101010,000,000,0,0,"[36.888888888888886, 32.0, 30.0]","[0.9, 0.7290000000000001, 0.81]",0.47829690000000014,267.10817671803613,-67.10817671803613
5438,00000011,010,000,0,0,"[30.0, 51.821368693796664, 33.55555555555556]","[0.6561000000000001, 1.0, 0.9]",0.5314410000000002,267.4225064482269,-67.4225064482269
5439,00000011,100,000,0,0,"[51.821368693796664, 30.0, 33.55555555555556]","[1.0, 0.6561000000000001, 0.9]",0.5314410000000002,267.4225064482269,-67.4225064482269
5440,00000110,100,000,0,0,"[51.821368693796664, 33.55555555555556, 30.0]","[1.0, 0.7290000000000001, 0.81]",0.531441,267.42250644822695,-67.42250644822695
5441,00001001,100,000,0,0,"[51.821368693796664, 32.0, 31.555555555555557]","[1.0, 0.7290000000000001, 0.81]",0.531441,267.42250644822695,-67.42250644822695
5442,00001100,100,000,0,0,"[51.821368693796664, 35.55555555555556, 28.0]","[1.0, 0.81, 0.7290000000000001]",0.531441,267.42250644822695,-67.42250644822695
5443,00100010,010,000,0,0,"[33.55555555555556, 51.821368693796664, 30.0]","[0.7290000000000001, 1.0, 0.81]",0.531441,267.42250644822695,-67.42250644822695
5444,01000001,010,000,0,0,"[32.0, 51.821368693796664, 31.555555555555557]","[0.7290000000000001, 1.0, 0.81]",0.531441,267.42250644822695,-67.42250644822695
5445,01100000,010,000,0,0,"[35.55555555555556, 51.821368693796664, 28.0]","[0.81, 1.0, 0.7290000000000001]",0.531441,267.42250644822695,-67.42250644822695
5446,00001011,001,001,1,0,"[30.0, 32.0, 39.55555555555556]","[0.6561000000000001, 0.7290000000000001, 1.0]",0.43046721000000016,268.4421783381724,-68.44217833817243
5447,01000011,001,001,1,0,"[32.0, 30.0, 39.55555555555556]","[0.7290000000000001, 0.6561000000000001, 1.0]",0.43046721000000016,268.4421783381724,-68.44217833817243
5448,10010111,000,000,0,0,"[31.333333333333332, 34.888888888888886, 33.55555555555556]","[0.7290000000000001, 0.81, 0.9]",0.4782969000000001,268.9666225680696,-68.96662256806962
5449,10011101,000,000,0,0,"[31.333333333333332, 36.888888888888886, 31.555555555555557]","[0.7290000000000001, 0.9, 0.81]",0.47829690000000014,268.9666225680696,-68.96662256806962
5450,10110011,000,000,0,0,"[34.888888888888886, 31.333333333333332, 33.55555555555556]","[0.81, 0.7290000000000001, 0.9]",0.4782969000000001,268.9666225680696,-68.96662256806962
5451,10110110,000,000,0,0,"[34.888888888888886, 34.888888888888886, 30.0]","[0.81, 0.81, 0.81]",0.47829690000000014,268.9666225680696,-68.96662256806962
5452,10111001,000,000,0,0,"[34.888888888888886, 33.33333333333333, 31.555555555555557]","[0.81, 0.81, 0.81]",0.47829690000000014,268.9666225680696,-68.96662256806962
5453,10111100,000,000,0,0,"[34.888888888888886, 36.888888888888886, 28.0]","[0.81, 0.9, 0.7290000000000001]",0.47829690000000014,268.9666225680696,-68.96662256806962
5454,11010101,000,000,0,0,"[33.33333333333333, 34.888888888888886, 31.555555555555557]","[0.81, 0.81, 0.81]",0.47829690000000014,268.9666225680696,-68.96662256806962
5455,11110001,000,000,0,0,"[36.888888888888886, 31.333333333333332, 31.555555555555557]","[0.9, 0.7290000000000001, 0.81]",0.47829690000000014,268.9666225680696,-68.96662256806962
5456,11110100,000,000,0,0,"[36.888888888888886, 34.888888888888886, 28.0]","[0.9, 0.81, 0.7290000000000001]",0.47829690000000014,268.9666225680696,-68.96662256806962
5457,00100101,010,000,0,0,"[33.55555555555556, 51.51653711324493, 31.555555555555557]","[0.7290000000000001, 1.0, 0.81]",0.531441,269.7759642638713,-69.77596426387129
5458,00100101,100,000,0,0,"[51.51653711324493, 33.55555555555556, 31.555555555555557]","[1.0, 0.7290000000000001, 0.81]",0.531441,269.7759642638713,-69.77596426387129
5459,00000101,100,000,0,0,"[51.821368693796664, 33.55555555555556, 31.555555555555557]","[1.0, 0.7290000000000001, 0.81]",0.531441,270.3495586620298,-70.34955866202978
5460,00100001,010,000,0,0,"[33.55555555555556, 51.821368693796664, 31.555555555555557]","[0.7290000000000001, 1.0, 0.81]",0.531441,270.3495586620298,-70.34955866202978
5461,00011111,000,000,0,0,"[30.0, 36.888888888888886, 33.55555555555556]","[0.6561000000000001, 0.9, 0.9]",0.47829690000000014,270.3604569555947,-70.36045695559471
5462,00111011,000,000,0,0,"[33.55555555555556, 33.33333333333333, 33.55555555555556]","[0.7290000000000001, 0.81, 0.9]",0.4782969000000001,270.3604569555947,-70.36045695559471
5463,00111110,000,000,0,0,"[33.55555555555556, 36.888888888888886, 30.0]","[0.7290000000000001, 0.9, 0.81]",0.47829690000000014,270.3604569555947,-70.36045695559471
5464,01010111,000,000,0,0,"[32.0, 34.888888888888886, 33.55555555555556]","[0.7290000000000001, 0.81, 0.9]",0.4782969000000001,270.3604569555947,-70.36045695559471
5465,01011101,000,000,0,0,"[32.0, 36.888888888888886, 31.555555555555557]","[0.7290000000000001, 0.9, 0.81]",0.47829690000000014,270.3604569555947,-70.36045695559471
5466,01110011,000,000,0,0,"[35.55555555555556, 31.333333333333332, 33.55555555555556]","[0.81, 0.7290000000000001, 0.9]",0.4782969000000001,270.3604569555947,-70.36045695559471
5467,01110110,000,000,0,0,"[35.55555555555556, 34.888888888888886, 30.0]","[0.81, 0.81, 0.81]",0.47829690000000014,270.3604569555947,-70.36045695559471
5468,01111001,000,000,0,0,"[35.55555555555556, 33.33333333333333, 31.555555555555557]","[0.81, 0.81, 0.81]",0.47829690000000014,270.3604569555947,-70.36045695559471
5469,01111100,000,000,0,0,"[35.55555555555556, 36.888888888888886, 28.0]","[0.81, 0.9, 0.7290000000000001]",0.47829690000000014,270.3604569555947,-70.36045695559471
5470,10001111,000,000,0,0,"[31.333333333333332, 35.55555555555556, 33.55555555555556]","[0.7290000000000001, 0.81, 0.9]",0.4782969000000001,270.3604569555947,-70.36045695559471
5471,10101011,000,000,0,0,"[34.888888888888886, 32.0, 33.55555555555556]","[0.81, 0.7290000000000001, 0.9]",0.4782969000000001,270.3604569555947,-70.36045695559471
5472,10101110,000,000,0,0,"[34.888888888888886, 35.55555555555556, 30.0]","[0.81, 0.81, 0.81]",0.47829690000000014,270.3604569555947,-70.36045695559471
5473,11000111,000,000,0,0,"[33.33333333333333, 33.55555555555556, 33.55555555555556]","[0.81, 0.7290000000000001, 0.9]",0.4782969000000001,270.3604569555947,-70.36045695559471
5474,11001101,000,000,0,0,"[33.33333333333333, 35.55555555555556, 31.555555555555557]","[0.81, 0.81, 0.81]",0.47829690000000014,270.3604569555947,-70.36045695559471
5475,11100011,000,000,0,0,"[36.888888888888886, 30.0, 33.55555555555556]","[0.9, 0.6561000000000001, 0.9]",0.47829690000000014,270.3604569555947,-70.36045695559471
5476,11100110,000,000,0,0,"[36.888888888888886, 33.55555555555556, 30.0]","[0.9, 0.7290000000000001, 0.81]",0.47829690000000014,270.3604569555947,-70.36045695559471
5477,11101001,000,000,0,0,"[36.888888888888886, 32.0, 31.555555555555557]","[0.9, 0.7290000000000001, 0.81]",0.47829690000000014,270.3604569555947,-70.36045695559471
5478,11101100,000,000,0,0,"[36.888888888888886, 35.55555555555556, 28.0]","[0.9, 0.81, 0.7290000000000001]",0.47829690000000014,270.3604569555947,-70.36045695559471
5479,01101110,000,000,0,0,"[35.55555555555556, 35.55555555555556, 30.0]","[0.81, 0.81, 0.81]",0.47829690000000014,271.75429134311986,-71.75429134311986
5480,01001111,000,000,0,0,"[32.0, 35.55555555555556, 33.55555555555556]","[0.7290000000000001, 0.81, 0.9]",0.4782969000000001,271.7542913431199,-71.75429134311992
5481,01101011,000,000,0,0,"[35.55555555555556, 32.0, 33.55555555555556]","[0.81, 0.7290000000000001, 0.9]",0.4782969000000001,271.7542913431199,-71.75429134311992
5482,00010011,001,000,1,0,"[30.0, 31.333333333333332, 41.7283950617284]","[0.6561000000000001, 0.7290000000000001, 1.0]",0.43046721000000016,271.9411041669392,-71.94110416693923
5483,10000011,001,000,1,0,"[31.333333333333332, 30.0, 41.7283950617284]","[0.7290000000000001, 0.6561000000000001, 1.0]",0.43046721000000016,271.9411041669392,-71.94110416693923
5484,00000111,001,001,1,0,"[30.0, 33.55555555555556, 39.55555555555556]","[0.6561000000000001, 0.7290000000000001, 1.0]",0.43046721000000016,272.0558230465709,-72.05582304657088
5485,00100011,001,001,1,0,"[33.55555555555556, 30.0, 39.55555555555556]","[0.7290000000000001, 0.6561000000000001, 1.0]",0.43046721000000016,272.0558230465709,-72.05582304657088
5486,10110101,000,000,0,0,"[34.888888888888886, 34.888888888888886, 31.555555555555557]","[0.81, 0.81, 0.81]",0.47829690000000014,272.21890280562826,-72.21890280562826
5487,00010010,001,000,1,0,"[30.0, 31.333333333333332, 41.9753086419753]","[0.6561000000000001, 0.7290000000000001, 1.0]",0.43046721000000016,272.51469856509766,-72.51469856509766
5488,10000010,001,000,1,0,"[31.333333333333332, 30.0, 41.9753086419753]","[0.7290000000000001, 0.6561000000000001, 1.0]",0.43046721000000016,272.51469856509766,-72.51469856509766
5489,00011100,010,000,1,0,"[30.0, 45.432098765432094, 28.0]","[0.6561000000000001, 1.0, 0.7290000000000001]",0.43046721000000016,272.80149576417693,-72.80149576417693
5490,11100000,100,000,1,0,"[45.432098765432094, 30.0, 28.0]","[1.0, 0.6561000000000001, 0.7290000000000001]",0.43046721000000016,272.80149576417693,-72.80149576417693
5491,00001011,001,000,1,0,"[30.0, 32.0, 41.7283950617284]","[0.6561000000000001, 0.7290000000000001, 1.0]",0.43046721000000016,273.48980904196713,-73.48980904196713
5492,01000011,001,000,1,0,"[32.0, 30.0, 41.7283950617284]","[0.7290000000000001, 0.6561000000000001, 1.0]",0.43046721000000016,273.48980904196713,-73.48980904196713
5493,00111101,000,000,0,0,"[33.55555555555556, 36.888888888888886, 31.555555555555557]","[0.7290000000000001, 0.9, 0.81]",0.47829690000000014,273.61273719315335,-73.61273719315335
5494,01110101,000,000,0,0,"[35.55555555555556, 34.888888888888886, 31.555555555555557]","[0.81, 0.81, 0.81]",0.47829690000000014,273.61273719315335,-73.61273719315335
5495,10101101,000,000,0,0,"[34.888888888888886, 35.55555555555556, 31.555555555555557]","[0.81, 0.81, 0.81]",0.47829690000000014,273.61273719315335,-73.61273719315335
5496,11100101,000,000,0,0,"[36.888888888888886, 33.55555555555556, 31.555555555555557]","[0.9, 0.7290000000000001, 0.81]",0.47829690000000014,273.61273719315335,-73.61273719315335
5497,00110111,000,000,0,0,"[33.55555555555556, 34.888888888888886, 33.55555555555556]","[0.7290000000000001, 0.81, 0.9]",0.4782969000000001,273.6127371931534,-73.61273719315341
5498,10100111,000,000,0,0,"[34.888888888888886, 33.55555555555556, 33.55555555555556]","[0.81, 0.7290000000000001, 0.9]",0.4782969000000001,273.6127371931534,-73.61273719315341
5499,00001010,001,000,1,0,"[30.0, 32.0, 41.9753086419753]","[0.6561000000000001, 0.7290000000000001, 1.0]",0.43046721000000016,274.06340344012557,-74.06340344012557
5500,01000010,001,000,1,0,"[32.0, 30.0, 41.9753086419753]","[0.7290000000000001, 0.6561000000000001, 1.0]",0.43046721000000016,274.06340344012557,-74.06340344012557
5501,10011100,010,010,0,0,"[31.333333333333332, 42.888888888888886, 28.0]","[0.7290000000000001, 1.0, 0.7290000000000001]",0.47829690000000014,274.0773486556617,-74.0773486556617
5502,11110000,100,100,0,0,"[42.888888888888886, 31.333333333333332, 28.0]","[1.0, 0.7290000000000001, 0.7290000000000001]",0.47829690000000014,274.0773486556617,-74.0773486556617
5503,10010011,001,001,0,0,"[31.333333333333332, 31.333333333333332, 39.55555555555556]","[0.7290000000000001, 0.7290000000000001, 1.0]",0.47829690000000014,274.07734865566175,-74.07734865566175
5504,00011000,010,000,1,0,"[30.0, 46.09053497942386, 28.0]","[0.6561000000000001, 1.0, 0.7290000000000001]",0.43046721000000016,274.3310808259329,-74.33108082593287
5505,11000000,100,000,1,0,"[46.09053497942386, 30.0, 28.0]","[1.0, 0.6561000000000001, 0.7290000000000001]",0.43046721000000016,274.3310808259329,-74.33108082593287
5506,00101111,000,000,0,0,"[33.55555555555556, 35.55555555555556, 33.55555555555556]","[0.7290000000000001, 0.81, 0.9]",0.4782969000000001,275.0065715806785,-75.0065715806785
5507,01100111,000,000,0,0,"[35.55555555555556, 33.55555555555556, 33.55555555555556]","[0.81, 0.7290000000000001, 0.9]",0.4782969000000001,275.0065715806785,-75.0065715806785
5508,01101101,000,000,0,0,"[35.55555555555556, 35.55555555555556, 31.555555555555557]","[0.81, 0.81, 0.81]",0.47829690000000014,275.0065715806785,-75.0065715806785
5509,10010010,000,000,1,0,"[31.333333333333332, 31.333333333333332, 30.0]","[0.7290000000000001, 0.7290000000000001, 0.81]",0.38742048900000015,275.32531111607426,-75.32531111607426
5510,10011000,000,000,1,0,"[31.333333333333332, 33.33333333333333, 28.0]","[0.7290000000000001, 0.81, 0.7290000000000001]",0.3874204890000001,275.32531111607426,-75.32531111607426
5511,11010000,000,000,1,0,"[33.33333333333333, 31.333333333333332, 28.0]","[0.81, 0.7290000000000001, 0.7290000000000001]",0.3874204890000001,275.32531111607426,-75.32531111607426
5512,00011011,001,001,0,0,"[30.0, 33.33333333333333, 39.55555555555556]","[0.6561000000000001, 0.81, 1.0]",0.47829690000000014,275.47118304318684,-75.47118304318684
5513,00011110,010,010,0,0,"[30.0, 42.888888888888886, 30.0]","[0.6561000000000001, 1.0, 0.81]",0.47829690000000014,275.47118304318684,-75.47118304318684
5514,01010011,001,001,0,0,"[32.0, 31.333333333333332, 39.55555555555556]","[0.7290000000000001, 0.7290000000000001, 1.0]",0.47829690000000014,275.47118304318684,-75.47118304318684
5515,01011100,010,010,0,0,"[32.0, 42.888888888888886, 28.0]","[0.7290000000000001, 1.0, 0.7290000000000001]",0.47829690000000014,275.47118304318684,-75.47118304318684
5516,10001011,001,001,0,0,"[31.333333333333332, 32.0, 39.55555555555556]","[0.7290000000000001, 0.7290000000000001, 1.0]",0.47829690000000014,275.47118304318684,-75.47118304318684
5517,11000011,001,001,0,0,"[33.33333333333333, 30.0, 39.55555555555556]","[0.81, 0.6561000000000001, 1.0]",0.47829690000000014,275.47118304318684,-75.47118304318684
5518,11100010,100,100,0,0,"[42.888888888888886, 30.0, 30.0]","[1.0, 0.6561000000000001, 0.81]",0.47829690000000014,275.47118304318684,-75.47118304318684
5519,11101000,100,100,0,0,"[42.888888888888886, 32.0, 28.0]","[1.0, 0.7290000000000001, 0.7290000000000001]",0.47829690000000014,275.47118304318684,-75.47118304318684
5520,01001011,001,001,0,0,"[32.0, 32.0, 39.55555555555556]","[0.7290000000000001, 0.7290000000000001, 1.0]",0.47829690000000014,276.86501743071204,-76.86501743071204
5521,00010000,001,000,1,0,"[30.0, 31.333333333333332, 43.8957475994513]","[0.6561000000000001, 0.7290000000000001, 1.0]",0.43046721000000016,276.97598832855255,-76.97598832855255
5522,10000000,001,000,1,0,"[31.333333333333332, 30.0, 43.8957475994513]","[0.7290000000000001, 0.6561000000000001, 1.0]",0.43046721000000016,276.97598832855255,-76.97598832855255
5523,00010001,001,000,1,0,"[30.0, 31.333333333333332, 43.895747599451305]","[0.6561000000000001, 0.7290000000000001, 1.0]",0.43046721000000016,276.9759883285526,-76.9759883285526
5524,10000001,001,000,1,0,"[31.333333333333332, 30.0, 43.895747599451305]","[0.7290000000000001, 0.6561000000000001, 1.0]",0.43046721000000016,276.9759883285526,-76.9759883285526
5525,00011010,000,000,1,0,"[30.0, 33.33333333333333, 30.0]","[0.6561000000000001, 0.81, 0.81]",0.38742048900000015,277.04609431054973,-77.04609431054973
5526,01010010,000,000,1,0,"[32.0, 31.333333333333332, 30.0]","[0.7290000000000001, 0.7290000000000001, 0.81]",0.38742048900000015,277.04609431054973,-77.04609431054973
5527,01011000,000,000,1,0,"[32.0, 33.33333333333333, 28.0]","[0.7290000000000001, 0.81, 0.7290000000000001]",0.3874204890000001,277.04609431054973,-77.04609431054973
5528,10001010,000,000,1,0,"[31.333333333333332, 32.0, 30.0]","[0.7290000000000001, 0.7290000000000001, 0.81]",0.38742048900000015,277.04609431054973,-77.04609431054973
5529,11000010,000,000,1,0,"[33.33333333333333, 30.0, 30.0]","[0.81, 0.6561000000000001, 0.81]",0.38742048900000015,277.04609431054973,-77.04609431054973
5530,11001000,000,000,1,0,"[33.33333333333333, 32.0, 28.0]","[0.81, 0.7290000000000001, 0.7290000000000001]",0.3874204890000001,277.04609431054973,-77.04609431054973
5531,00000111,001,000,1,0,"[30.0, 33.55555555555556, 41.7283950617284]","[0.6561000000000001, 0.7290000000000001, 1.0]",0.43046721000000016,277.1034537503656,-77.10345375036559
5532,00100011,001,000,1,0,"[33.55555555555556, 30.0, 41.7283950617284]","[0.7290000000000001, 0.6561000000000001, 1.0]",0.43046721000000016,277.1034537503656,-77.10345375036559
5533,00000110,001,000,1,0,"[30.0, 33.55555555555556, 41.9753086419753]","[0.6561000000000001, 0.7290000000000001, 1.0]",0.43046721000000016,277.6770481485241,-77.67704814852408
5534,00100010,001,000,1,0,"[33.55555555555556, 30.0, 41.9753086419753]","[0.7290000000000001, 0.6561000000000001, 1.0]",0.43046721000000016,277.6770481485241,-77.67704814852408
5535,00001000,001,000,1,0,"[30.0, 32.0, 43.8957475994513]","[0.6561000000000001, 0.7290000000000001, 1.0]",0.43046721000000016,278.5246932035805,-78.52469320358051
5536,00001001,001,000,1,0,"[30.0, 32.0, 43.895747599451305]","[0.6561000000000001, 0.7290000000000001, 1.0]",0.43046721000000016,278.5246932035805,-78.52469320358051
5537,01000000,001,000,1,0,"[32.0, 30.0, 43.8957475994513]","[0.7290000000000001, 0.6561000000000001, 1.0]",0.43046721000000016,278.5246932035805,-78.52469320358051
5538,01000001,001,000,1,0,"[32.0, 30.0, 43.895747599451305]","[0.7290000000000001, 0.6561000000000001, 1.0]",0.43046721000000016,278.5246932035805,-78.52469320358051
5539,10010011,001,000,0,0,"[31.333333333333332, 31.333333333333332, 41.7283950617284]","[0.7290000000000001, 0.7290000000000001, 1.0]",0.47829690000000014,278.62021628907695,-78.62021628907695
5540,00010111,001,001,0,0,"[30.0, 34.888888888888886, 39.55555555555556]","[0.6561000000000001, 0.81, 1.0]",0.47829690000000014,278.7234632807455,-78.72346328074548
5541,00011101,010,010,0,0,"[30.0, 42.888888888888886, 31.555555555555557]","[0.6561000000000001, 1.0, 0.81]",0.47829690000000014,278.7234632807455,-78.72346328074548
5542,00110011,001,001,0,0,"[33.55555555555556, 31.333333333333332, 39.55555555555556]","[0.7290000000000001, 0.7290000000000001, 1.0]",0.47829690000000014,278.7234632807455,-78.72346328074548
5543,00111100,010,010,0,0,"[33.55555555555556, 42.888888888888886, 28.0]","[0.7290000000000001, 1.0, 0.7290000000000001]",0.47829690000000014,278.7234632807455,-78.72346328074548
5544,10000111,001,001,0,0,"[31.333333333333332, 33.55555555555556, 39.55555555555556]","[0.7290000000000001, 0.7290000000000001, 1.0]",0.47829690000000014,278.7234632807455,-78.72346328074548
5545,10100011,001,001,0,0,"[34.888888888888886, 30.0, 39.55555555555556]","[0.81, 0.6561000000000001, 1.0]",0.47829690000000014,278.7234632807455,-78.72346328074548
5546,11100001,100,100,0,0,"[42.888888888888886, 30.0, 31.555555555555557]","[1.0, 0.6561000000000001, 0.81]",0.47829690000000014,278.7234632807455,-78.72346328074548
5547,11100100,100,100,0,0,"[42.888888888888886, 33.55555555555556, 28.0]","[1.0, 0.7290000000000001, 0.7290000000000001]",0.47829690000000014,278.7234632807455,-78.72346328074548
5548,01001010,000,000,1,0,"[32.0, 32.0, 30.0]","[0.7290000000000001, 0.7290000000000001, 0.81]",0.38742048900000015,278.7668775050252,-78.7668775050252
5549,00010100,010,000,1,0,"[30.0, 48.01097393689986, 28.0]","[0.6561000000000001, 1.0, 0.7290000000000001]",0.43046721000000016,278.79237058938776,-78.79237058938776
5550,10100000,100,000,1,0,"[48.01097393689986, 30.0, 28.0]","[1.0, 0.6561000000000001, 0.7290000000000001]",0.43046721000000016,278.79237058938776,-78.79237058938776
5551,10010010,001,000,0,0,"[31.333333333333332, 31.333333333333332, 41.9753086419753]","[0.7290000000000001, 0.7290000000000001, 1.0]",0.47829690000000014,279.1364512474196,-79.13645124741959
5552,10010001,000,000,1,0,"[31.333333333333332, 31.333333333333332, 31.555555555555557]","[0.7290000000000001, 0.7290000000000001, 0.81]",0.38742048900000015,279.3404719031837,-79.3404719031837
5553,10010100,000,000,1,0,"[31.333333333333332, 34.888888888888886, 28.0]","[0.7290000000000001, 0.81, 0.7290000000000001]",0.3874204890000001,279.3404719031837,-79.3404719031837
5554,10110000,000,000,1,0,"[34.888888888888886, 31.333333333333332, 28.0]","[0.81, 0.7290000000000001, 0.7290000000000001]",0.3874204890000001,279.3404719031837,-79.3404719031837
5555,10011100,010,000,0,0,"[31.333333333333332, 45.432098765432094, 28.0]","[0.7290000000000001, 1.0, 0.7290000000000001]",0.47829690000000014,279.39456872659093,-79.39456872659093
5556,11110000,100,000,0,0,"[45.432098765432094, 31.333333333333332, 28.0]","[1.0, 0.7290000000000001, 0.7290000000000001]",0.47829690000000014,279.39456872659093,-79.39456872659093
5557,00010000,010,000,1,0,"[30.0, 48.46822130772747, 28.0]","[0.6561000000000001, 1.0, 0.7290000000000001]",0.43046721000000016,279.85458243782944,-79.85458243782944
5558,10000000,100,000,1,0,"[48.46822130772747, 30.0, 28.0]","[1.0, 0.6561000000000001, 0.7290000000000001]",0.43046721000000016,279.85458243782944,-79.85458243782944
5559,00011011,001,000,0,0,"[30.0, 33.33333333333333, 41.7283950617284]","[0.6561000000000001, 0.81, 1.0]",0.47829690000000014,280.0140506766021,-80.0140506766021
5560,11000011,001,000,0,0,"[33.33333333333333, 30.0, 41.7283950617284]","[0.81, 0.6561000000000001, 1.0]",0.47829690000000014,280.0140506766021,-80.0140506766021
5561,01010011,001,000,0,0,"[32.0, 31.333333333333332, 41.7283950617284]","[0.7290000000000001, 0.7290000000000001, 1.0]",0.47829690000000014,280.01405067660215,-80.01405067660215
5562,10001011,001,000,0,0,"[31.333333333333332, 32.0, 41.7283950617284]","[0.7290000000000001, 0.7290000000000001, 1.0]",0.47829690000000014,280.01405067660215,-80.01405067660215
5563,00001111,001,001,0,0,"[30.0, 35.55555555555556, 39.55555555555556]","[0.6561000000000001, 0.81, 1.0]",0.47829690000000014,280.1172976682706,-80.11729766827062
5564,00101011,001,001,0,0,"[33.55555555555556, 32.0, 39.55555555555556]","[0.7290000000000001, 0.7290000000000001, 1.0]",0.47829690000000014,280.1172976682706,-80.11729766827062
5565,01000111,001,001,0,0,"[32.0, 33.55555555555556, 39.55555555555556]","[0.7290000000000001, 0.7290000000000001, 1.0]",0.47829690000000014,280.1172976682706,-80.11729766827062
5566,01100011,001,001,0,0,"[35.55555555555556, 30.0, 39.55555555555556]","[0.81, 0.6561000000000001, 1.0]",0.47829690000000014,280.1172976682706,-80.11729766827062
5567,00011010,001,000,0,0,"[30.0, 33.33333333333333, 41.9753086419753]","[0.6561000000000001, 0.81, 1.0]",0.47829690000000014,280.53028563494473,-80.53028563494473
5568,01010010,001,000,0,0,"[32.0, 31.333333333333332, 41.9753086419753]","[0.7290000000000001, 0.7290000000000001, 1.0]",0.47829690000000014,280.53028563494473,-80.53028563494473
5569,10001010,001,000,0,0,"[31.333333333333332, 32.0, 41.9753086419753]","[0.7290000000000001, 0.7290000000000001, 1.0]",0.47829690000000014,280.53028563494473,-80.53028563494473
5570,11000010,001,000,0,0,"[33.33333333333333, 30.0, 41.9753086419753]","[0.81, 0.6561000000000001, 1.0]",0.47829690000000014,280.53028563494473,-80.53028563494473
5571,00001100,010,000,1,0,"[30.0, 48.83401920438958, 28.0]","[0.6561000000000001, 1.0, 0.7290000000000001]",0.43046721000000016,280.70435191658277,-80.70435191658277
5572,01100000,100,000,1,0,"[48.83401920438958, 30.0, 28.0]","[1.0, 0.6561000000000001, 0.7290000000000001]",0.43046721000000016,280.70435191658277,-80.70435191658277
5573,10011000,010,000,0,0,"[31.333333333333332, 46.09053497942386, 28.0]","[0.7290000000000001, 1.0, 0.7290000000000001]",0.47829690000000014,280.77119528217133,-80.77119528217133
5574,11010000,100,000,0,0,"[46.09053497942386, 31.333333333333332, 28.0]","[1.0, 0.7290000000000001, 0.7290000000000001]",0.47829690000000014,280.77119528217133,-80.77119528217133
5575,00011110,010,000,0,0,"[30.0, 45.432098765432094, 30.0]","[0.6561000000000001, 1.0, 0.81]",0.47829690000000014,280.7884031141161,-80.78840311411608
5576,01011100,010,000,0,0,"[32.0, 45.432098765432094, 28.0]","[0.7290000000000001, 1.0, 0.7290000000000001]",0.47829690000000014,280.7884031141161,-80.78840311411608
5577,11100010,100,000,0,0,"[45.432098765432094, 30.0, 30.0]","[1.0, 0.6561000000000001, 0.81]",0.47829690000000014,280.7884031141161,-80.78840311411608
5578,11101000,100,000,0,0,"[45.432098765432094, 32.0, 28.0]","[1.0, 0.7290000000000001, 0.7290000000000001]",0.47829690000000014,280.7884031141161,-80.78840311411608
5579,00010011,000,000,1,0,"[30.0, 31.333333333333332, 33.55555555555556]","[0.6561000000000001, 0.7290000000000001, 0.9]",0.38742048900000015,281.0612550976591,-81.06125509765911
5580,00010110,000,000,1,0,"[30.0, 34.888888888888886, 30.0]","[0.6561000000000001, 0.81, 0.81]",0.38742048900000015,281.0612550976591,-81.06125509765911
5581,00011001,000,000,1,0,"[30.0, 33.33333333333333, 31.555555555555557]","[0.6561000000000001, 0.81, 0.81]",0.38742048900000015,281.0612550976591,-81.06125509765911
5582,00011100,000,000,1,0,"[30.0, 36.888888888888886, 28.0]","[0.6561000000000001, 0.9, 0.7290000000000001]",0.3874204890000002,281.0612550976591,-81.06125509765911
5583,00110010,000,000,1,0,"[33.55555555555556, 31.333333333333332, 30.0]","[0.7290000000000001, 0.7290000000000001, 0.81]",0.38742048900000015,281.0612550976591,-81.06125509765911
5584,01010001,000,000,1,0,"[32.0, 31.333333333333332, 31.555555555555557]","[0.7290000000000001, 0.7290000000000001, 0.81]",0.38742048900000015,281.0612550976591,-81.06125509765911
5585,10000011,000,000,1,0,"[31.333333333333332, 30.0, 33.55555555555556]","[0.7290000000000001, 0.6561000000000001, 0.9]",0.38742048900000015,281.0612550976591,-81.06125509765911
5586,10000110,000,000,1,0,"[31.333333333333332, 33.55555555555556, 30.0]","[0.7290000000000001, 0.7290000000000001, 0.81]",0.38742048900000015,281.0612550976591,-81.06125509765911
5587,10001001,000,000,1,0,"[31.333333333333332, 32.0, 31.555555555555557]","[0.7290000000000001, 0.7290000000000001, 0.81]",0.38742048900000015,281.0612550976591,-81.06125509765911
5588,10100010,000,000,1,0,"[34.888888888888886, 30.0, 30.0]","[0.81, 0.6561000000000001, 0.81]",0.38742048900000015,281.0612550976591,-81.06125509765911
5589,11000001,000,000,1,0,"[33.33333333333333, 30.0, 31.555555555555557]","[0.81, 0.6561000000000001, 0.81]",0.38742048900000015,281.0612550976591,-81.06125509765911
5590,11100000,000,000,1,0,"[36.888888888888886, 30.0, 28.0]","[0.9, 0.6561000000000001, 0.7290000000000001]",0.3874204890000002,281.0612550976591,-81.06125509765911
5591,00111000,000,000,1,0,"[33.55555555555556, 33.33333333333333, 28.0]","[0.7290000000000001, 0.81, 0.7290000000000001]",0.3874204890000001,281.06125509765917,-81.06125509765917
5592,01010100,000,000,1,0,"[32.0, 34.888888888888886, 28.0]","[0.7290000000000001, 0.81, 0.7290000000000001]",0.3874204890000001,281.06125509765917,-81.06125509765917
5593,01110000,000,000,1,0,"[35.55555555555556, 31.333333333333332, 28.0]","[0.81, 0.7290000000000001, 0.7290000000000001]",0.3874204890000001,281.06125509765917,-81.06125509765917
5594,10001100,000,000,1,0,"[31.333333333333332, 35.55555555555556, 28.0]","[0.7290000000000001, 0.81, 0.7290000000000001]",0.3874204890000001,281.06125509765917,-81.06125509765917
5595,10101000,000,000,1,0,"[34.888888888888886, 32.0, 28.0]","[0.81, 0.7290000000000001, 0.7290000000000001]",0.3874204890000001,281.06125509765917,-81.06125509765917
5596,11000100,000,000,1,0,"[33.33333333333333, 33.55555555555556, 28.0]","[0.81, 0.7290000000000001, 0.7290000000000001]",0.3874204890000001,281.06125509765917,-81.06125509765917
5597,01001011,001,000,0,0,"[32.0, 32.0, 41.7283950617284]","[0.7290000000000001, 0.7290000000000001, 1.0]",0.47829690000000014,281.40788506412724,-81.40788506412724
5598,01001010,001,000,0,0,"[32.0, 32.0, 41.9753086419753]","[0.7290000000000001, 0.7290000000000001, 1.0]",0.47829690000000014,281.9241200224699,-81.92412002246988
5599,00001000,010,000,1,0,"[30.0, 49.38271604938271, 28.0]","[0.6561000000000001, 1.0, 0.7290000000000001]",0.43046721000000016,281.97900613471273,-81.97900613471273
5600,01000000,100,000,1,0,"[49.38271604938271, 30.0, 28.0]","[1.0, 0.6561000000000001, 0.7290000000000001]",0.43046721000000016,281.97900613471273,-81.97900613471273
5601,00000100,001,000,1,0,"[30.0, 33.55555555555556, 43.8957475994513]","[0.6561000000000001, 0.7290000000000001, 1.0]",0.43046721000000016,282.13833791197897,-82.13833791197897
5602,00000101,001,000,1,0,"[30.0, 33.55555555555556, 43.895747599451305]","[0.6561000000000001, 0.7290000000000001, 1.0]",0.43046721000000016,282.13833791197897,-82.13833791197897
5603,00100000,001,000,1,0,"[33.55555555555556, 30.0, 43.8957475994513]","[0.7290000000000001, 0.6561000000000001, 1.0]",0.43046721000000016,282.13833791197897,-82.13833791197897
5604,00100001,001,000,1,0,"[33.55555555555556, 30.0, 43.895747599451305]","[0.7290000000000001, 0.6561000000000001, 1.0]",0.43046721000000016,282.13833791197897,-82.13833791197897
5605,00011010,010,000,0,0,"[30.0, 46.09053497942386, 30.0]","[0.6561000000000001, 1.0, 0.81]",0.47829690000000014,282.1650296696964,-82.16502966969642
5606,01011000,010,000,0,0,"[32.0, 46.09053497942386, 28.0]","[0.7290000000000001, 1.0, 0.7290000000000001]",0.47829690000000014,282.1650296696964,-82.16502966969642
5607,11000010,100,000,0,0,"[46.09053497942386, 30.0, 30.0]","[1.0, 0.6561000000000001, 0.81]",0.47829690000000014,282.1650296696964,-82.16502966969642
5608,11001000,100,000,0,0,"[46.09053497942386, 32.0, 28.0]","[1.0, 0.7290000000000001, 0.7290000000000001]",0.47829690000000014,282.1650296696964,-82.16502966969642
5609,00001011,000,000,1,0,"[30.0, 32.0, 33.55555555555556]","[0.6561000000000001, 0.7290000000000001, 0.9]",0.38742048900000015,282.7820382921346,-82.78203829213459
5610,00001110,000,000,1,0,"[30.0, 35.55555555555556, 30.0]","[0.6561000000000001, 0.81, 0.81]",0.38742048900000015,282.7820382921346,-82.78203829213459
5611,00101010,000,000,1,0,"[33.55555555555556, 32.0, 30.0]","[0.7290000000000001, 0.7290000000000001, 0.81]",0.38742048900000015,282.7820382921346,-82.78203829213459
5612,01000011,000,000,1,0,"[32.0, 30.0, 33.55555555555556]","[0.7290000000000001, 0.6561000000000001, 0.9]",0.38742048900000015,282.7820382921346,-82.78203829213459
5613,01000110,000,000,1,0,"[32.0, 33.55555555555556, 30.0]","[0.7290000000000001, 0.7290000000000001, 0.81]",0.38742048900000015,282.7820382921346,-82.78203829213459
5614,01001001,000,000,1,0,"[32.0, 32.0, 31.555555555555557]","[0.7290000000000001, 0.7290000000000001, 0.81]",0.38742048900000015,282.7820382921346,-82.78203829213459
5615,01100010,000,000,1,0,"[35.55555555555556, 30.0, 30.0]","[0.81, 0.6561000000000001, 0.81]",0.38742048900000015,282.7820382921346,-82.78203829213459
5616,01001100,000,000,1,0,"[32.0, 35.55555555555556, 28.0]","[0.7290000000000001, 0.81, 0.7290000000000001]",0.3874204890000001,282.78203829213464,-82.78203829213464
5617,01101000,000,000,1,0,"[35.55555555555556, 32.0, 28.0]","[0.81, 0.7290000000000001, 0.7290000000000001]",0.3874204890000001,282.78203829213464,-82.78203829213464
5618,10010000,001,000,0,0,"[31.333333333333332, 31.333333333333332, 43.8957475994513]","[0.7290000000000001, 0.7290000000000001, 1.0]",0.47829690000000014,283.151612034529,-83.15161203452902
5619,10010001,001,000,0,0,"[31.333333333333332, 31.333333333333332, 43.895747599451305]","[0.7290000000000001, 0.7290000000000001, 1.0]",0.47829690000000014,283.151612034529,-83.15161203452902
5620,00010111,001,000,0,0,"[30.0, 34.888888888888886, 41.7283950617284]","[0.6561000000000001, 0.81, 1.0]",0.47829690000000014,283.26633091416073,-83.26633091416073
5621,00110011,001,000,0,0,"[33.55555555555556, 31.333333333333332, 41.7283950617284]","[0.7290000000000001, 0.7290000000000001, 1.0]",0.47829690000000014,283.26633091416073,-83.26633091416073
5622,10000111,001,000,0,0,"[31.333333333333332, 33.55555555555556, 41.7283950617284]","[0.7290000000000001, 0.7290000000000001, 1.0]",0.47829690000000014,283.26633091416073,-83.26633091416073
5623,10100011,001,000,0,0,"[34.888888888888886, 30.0, 41.7283950617284]","[0.81, 0.6561000000000001, 1.0]",0.47829690000000014,283.26633091416073,-83.26633091416073
5624,00100111,001,001,0,0,"[33.55555555555556, 33.55555555555556, 39.55555555555556]","[0.7290000000000001, 0.7290000000000001, 1.0]",0.47829690000000014,283.3695779058292,-83.3695779058292
5625,00010110,001,000,0,0,"[30.0, 34.888888888888886, 41.9753086419753]","[0.6561000000000001, 0.81, 1.0]",0.47829690000000014,283.7825658725033,-83.78256587250331
5626,00110010,001,000,0,0,"[33.55555555555556, 31.333333333333332, 41.9753086419753]","[0.7290000000000001, 0.7290000000000001, 1.0]",0.47829690000000014,283.7825658725033,-83.78256587250331
5627,10000110,001,000,0,0,"[31.333333333333332, 33.55555555555556, 41.9753086419753]","[0.7290000000000001, 0.7290000000000001, 1.0]",0.47829690000000014,283.7825658725033,-83.78256587250331
5628,10100010,001,000,0,0,"[34.888888888888886, 30.0, 41.9753086419753]","[0.81, 0.6561000000000001, 1.0]",0.47829690000000014,283.7825658725033,-83.78256587250331
5629,00011101,010,000,0,0,"[30.0, 45.432098765432094, 31.555555555555557]","[0.6561000000000001, 1.0, 0.81]",0.47829690000000014,284.04068335167466,-84.04068335167466
5630,00111100,010,000,0,0,"[33.55555555555556, 45.432098765432094, 28.0]","[0.7290000000000001, 1.0, 0.7290000000000001]",0.47829690000000014,284.04068335167466,-84.04068335167466
5631,11100001,100,000,0,0,"[45.432098765432094, 30.0, 31.555555555555557]","[1.0, 0.6561000000000001, 0.81]",0.47829690000000014,284.04068335167466,-84.04068335167466
5632,11100100,100,000,0,0,"[45.432098765432094, 33.55555555555556, 28.0]","[1.0, 0.7290000000000001, 0.7290000000000001]",0.47829690000000014,284.04068335167466,-84.04068335167466
5633,00011000,001,000,0,0,"[30.0, 33.33333333333333, 43.8957475994513]","[0.6561000000000001, 0.81, 1.0]",0.47829690000000014,284.5454464220541,-84.54544642205411
5634,00011001,001,000,0,0,"[30.0, 33.33333333333333, 43.895747599451305]","[0.6561000000000001, 0.81, 1.0]",0.47829690000000014,284.5454464220541,-84.54544642205411
5635,01010000,001,000,0,0,"[32.0, 31.333333333333332, 43.8957475994513]","[0.7290000000000001, 0.7290000000000001, 1.0]",0.47829690000000014,284.5454464220541,-84.54544642205411
5636,01010001,001,000,0,0,"[32.0, 31.333333333333332, 43.895747599451305]","[0.7290000000000001, 0.7290000000000001, 1.0]",0.47829690000000014,284.5454464220541,-84.54544642205411
5637,10001000,001,000,0,0,"[31.333333333333332, 32.0, 43.8957475994513]","[0.7290000000000001, 0.7290000000000001, 1.0]",0.47829690000000014,284.5454464220541,-84.54544642205411
5638,10001001,001,000,0,0,"[31.333333333333332, 32.0, 43.895747599451305]","[0.7290000000000001, 0.7290000000000001, 1.0]",0.47829690000000014,284.5454464220541,-84.54544642205411
5639,11000000,001,000,0,0,"[33.33333333333333, 30.0, 43.8957475994513]","[0.81, 0.6561000000000001, 1.0]",0.47829690000000014,284.5454464220541,-84.54544642205411
5640,11000001,001,000,0,0,"[33.33333333333333, 30.0, 43.895747599451305]","[0.81, 0.6561000000000001, 1.0]",0.47829690000000014,284.5454464220541,-84.54544642205411
5641,00001111,001,000,0,0,"[30.0, 35.55555555555556, 41.7283950617284]","[0.6561000000000001, 0.81, 1.0]",0.47829690000000014,284.6601653016858,-84.66016530168582
5642,00101011,001,000,0,0,"[33.55555555555556, 32.0, 41.7283950617284]","[0.7290000000000001, 0.7290000000000001, 1.0]",0.47829690000000014,284.6601653016858,-84.66016530168582
5643,01000111,001,000,0,0,"[32.0, 33.55555555555556, 41.7283950617284]","[0.7290000000000001, 0.7290000000000001, 1.0]",0.47829690000000014,284.6601653016858,-84.66016530168582
5644,01100011,001,000,0,0,"[35.55555555555556, 30.0, 41.7283950617284]","[0.81, 0.6561000000000001, 1.0]",0.47829690000000014,284.6601653016858,-84.66016530168582
5645,10010100,010,000,0,0,"[31.333333333333332, 48.01097393689986, 28.0]","[0.7290000000000001, 1.0, 0.7290000000000001]",0.47829690000000014,284.7863560692807,-84.78635606928071
5646,10110000,100,000,0,0,"[48.01097393689986, 31.333333333333332, 28.0]","[1.0, 0.7290000000000001, 0.7290000000000001]",0.47829690000000014,284.7863560692807,-84.78635606928071
5647,00010101,000,000,1,0,"[30.0, 34.888888888888886, 31.555555555555557]","[0.6561000000000001, 0.81, 0.81]",0.38742048900000015,285.07641588476855,-85.07641588476855
5648,00110001,000,000,1,0,"[33.55555555555556, 31.333333333333332, 31.555555555555557]","[0.7290000000000001, 0.7290000000000001, 0.81]",0.38742048900000015,285.07641588476855,-85.07641588476855
5649,10000101,000,000,1,0,"[31.333333333333332, 33.55555555555556, 31.555555555555557]","[0.7290000000000001, 0.7290000000000001, 0.81]",0.38742048900000015,285.07641588476855,-85.07641588476855
5650,10100001,000,000,1,0,"[34.888888888888886, 30.0, 31.555555555555557]","[0.81, 0.6561000000000001, 0.81]",0.38742048900000015,285.07641588476855,-85.07641588476855
5651,00110100,000,000,1,0,"[33.55555555555556, 34.888888888888886, 28.0]","[0.7290000000000001, 0.81, 0.7290000000000001]",0.3874204890000001,285.0764158847686,-85.07641588476861
5652,10100100,000,000,1,0,"[34.888888888888886, 33.55555555555556, 28.0]","[0.81, 0.7290000000000001, 0.7290000000000001]",0.3874204890000001,285.0764158847686,-85.07641588476861
5653,00001110,001,000,0,0,"[30.0, 35.55555555555556, 41.9753086419753]","[0.6561000000000001, 0.81, 1.0]",0.47829690000000014,285.17640026002846,-85.17640026002846
5654,00101010,001,000,0,0,"[33.55555555555556, 32.0, 41.9753086419753]","[0.7290000000000001, 0.7290000000000001, 1.0]",0.47829690000000014,285.17640026002846,-85.17640026002846
5655,01000110,001,000,0,0,"[32.0, 33.55555555555556, 41.9753086419753]","[0.7290000000000001, 0.7290000000000001, 1.0]",0.47829690000000014,285.17640026002846,-85.17640026002846
5656,01100010,001,000,0,0,"[35.55555555555556, 30.0, 41.9753086419753]","[0.81, 0.6561000000000001, 1.0]",0.47829690000000014,285.17640026002846,-85.17640026002846
5657,00011001,010,000,0,0,"[30.0, 46.09053497942386, 31.555555555555557]","[0.6561000000000001, 1.0, 0.81]",0.47829690000000014,285.417309907255,-85.417309907255
5658,00111000,010,000,0,0,"[33.55555555555556, 46.09053497942386, 28.0]","[0.7290000000000001, 1.0, 0.7290000000000001]",0.47829690000000014,285.417309907255,-85.417309907255
5659,11000001,100,000,0,0,"[46.09053497942386, 30.0, 31.555555555555557]","[1.0, 0.6561000000000001, 0.81]",0.47829690000000014,285.417309907255,-85.417309907255
5660,11000100,100,000,0,0,"[46.09053497942386, 33.55555555555556, 28.0]","[1.0, 0.7290000000000001, 0.7290000000000001]",0.47829690000000014,285.417309907255,-85.417309907255
5661,10010000,010,000,0,0,"[31.333333333333332, 48.46822130772747, 28.0]","[0.7290000000000001, 1.0, 0.7290000000000001]",0.47829690000000014,285.74234673287816,-85.74234673287816
5662,10010000,100,000,0,0,"[48.46822130772747, 31.333333333333332, 28.0]","[1.0, 0.7290000000000001, 0.7290000000000001]",0.47829690000000014,285.74234673287816,-85.74234673287816
5663,01001000,001,000,0,0,"[32.0, 32.0, 43.8957475994513]","[0.7290000000000001, 0.7290000000000001, 1.0]",0.47829690000000014,285.9392808095793,-85.93928080957932
5664,01001001,001,000,0,0,"[32.0, 32.0, 43.895747599451305]","[0.7290000000000001, 0.7290000000000001, 1.0]",0.47829690000000014,285.9392808095793,-85.93928080957932
5665,00010110,010,000,0,0,"[30.0, 48.01097393689986, 30.0]","[0.6561000000000001, 1.0, 0.81]",0.47829690000000014,286.18019045680586,-86.18019045680586
5666,01010100,010,000,0,0,"[32.0, 48.01097393689986, 28.0]","[0.7290000000000001, 1.0, 0.7290000000000001]",0.47829690000000014,286.18019045680586,-86.18019045680586
5667,10100010,100,000,0,0,"[48.01097393689986, 30.0, 30.0]","[1.0, 0.6561000000000001, 0.81]",0.47829690000000014,286.18019045680586,-86.18019045680586
5668,10101000,100,000,0,0,"[48.01097393689986, 32.0, 28.0]","[1.0, 0.7290000000000001, 0.7290000000000001]",0.47829690000000014,286.18019045680586,-86.18019045680586
5669,01110000,100,000,0,0,"[48.83401920438958, 31.333333333333332, 28.0]","[1.0, 0.7290000000000001, 0.7290000000000001]",0.47829690000000014,286.5071392637562,-86.50713926375619
5670,10001100,010,000,0,0,"[31.333333333333332, 48.83401920438958, 28.0]","[0.7290000000000001, 1.0, 0.7290000000000001]",0.47829690000000014,286.5071392637562,-86.50713926375619
5671,00000111,000,000,1,0,"[30.0, 33.55555555555556, 33.55555555555556]","[0.6561000000000001, 0.7290000000000001, 0.9]",0.38742048900000015,286.797199079244,-86.79719907924402
5672,00001101,000,000,1,0,"[30.0, 35.55555555555556, 31.555555555555557]","[0.6561000000000001, 0.81, 0.81]",0.38742048900000015,286.797199079244,-86.79719907924402
5673,00100011,000,000,1,0,"[33.55555555555556, 30.0, 33.55555555555556]","[0.7290000000000001, 0.6561000000000001, 0.9]",0.38742048900000015,286.797199079244,-86.79719907924402
5674,00100110,000,000,1,0,"[33.55555555555556, 33.55555555555556, 30.0]","[0.7290000000000001, 0.7290000000000001, 0.81]",0.38742048900000015,286.797199079244,-86.79719907924402
5675,00101001,000,000,1,0,"[33.55555555555556, 32.0, 31.555555555555557]","[0.7290000000000001, 0.7290000000000001, 0.81]",0.38742048900000015,286.797199079244,-86.79719907924402
5676,01000101,000,000,1,0,"[32.0, 33.55555555555556, 31.555555555555557]","[0.7290000000000001, 0.7290000000000001, 0.81]",0.38742048900000015,286.797199079244,-86.79719907924402
5677,01100001,000,000,1,0,"[35.55555555555556, 30.0, 31.555555555555557]","[0.81, 0.6561000000000001, 0.81]",0.38742048900000015,286.797199079244,-86.79719907924402
5678,00101100,000,000,1,0,"[33.55555555555556, 35.55555555555556, 28.0]","[0.7290000000000001, 0.81, 0.7290000000000001]",0.3874204890000001,286.7971990792441,-86.79719907924408
5679,01100100,000,000,1,0,"[35.55555555555556, 33.55555555555556, 28.0]","[0.81, 0.7290000000000001, 0.7290000000000001]",0.3874204890000001,286.7971990792441,-86.79719907924408
5680,00000100,010,000,1,0,"[30.0, 51.51653711324493, 28.0]","[0.6561000000000001, 1.0, 0.7290000000000001]",0.43046721000000016,286.9359947607737,-86.93599476077372
5681,00100000,100,000,1,0,"[51.51653711324493, 30.0, 28.0]","[1.0, 0.6561000000000001, 0.7290000000000001]",0.43046721000000016,286.9359947607737,-86.93599476077372
5682,00010010,010,000,0,0,"[30.0, 48.46822130772747, 30.0]","[0.6561000000000001, 1.0, 0.81]",0.47829690000000014,287.1361811204033,-87.13618112040331
5683,01010000,010,000,0,0,"[32.0, 48.46822130772747, 28.0]","[0.7290000000000001, 1.0, 0.7290000000000001]",0.47829690000000014,287.1361811204033,-87.13618112040331
5684,10000010,100,000,0,0,"[48.46822130772747, 30.0, 30.0]","[1.0, 0.6561000000000001, 0.81]",0.47829690000000014,287.1361811204033,-87.13618112040331
5685,10001000,100,000,0,0,"[48.46822130772747, 32.0, 28.0]","[1.0, 0.7290000000000001, 0.7290000000000001]",0.47829690000000014,287.1361811204033,-87.13618112040331
5686,00000000,010,000,1,0,"[30.0, 51.821368693796664, 28.0]","[0.6561000000000001, 1.0, 0.7290000000000001]",0.43046721000000016,287.6441359930682,-87.64413599306818
5687,00000000,100,000,1,0,"[51.821368693796664, 30.0, 28.0]","[1.0, 0.6561000000000001, 0.7290000000000001]",0.43046721000000016,287.6441359930682,-87.64413599306818
5688,01010000,100,000,0,0,"[49.38271604938271, 31.333333333333332, 28.0]","[1.0, 0.7290000000000001, 0.7290000000000001]",0.47829690000000014,287.6543280600731,-87.65432806007311
5689,10001000,010,000,0,0,"[31.333333333333332, 49.38271604938271, 28.0]","[0.7290000000000001, 1.0, 0.7290000000000001]",0.47829690000000014,287.6543280600731,-87.65432806007311
5690,00010100,001,000,0,0,"[30.0, 34.888888888888886, 43.8957475994513]","[0.6561000000000001, 0.81, 1.0]",0.47829690000000014,287.79772665961275,-87.79772665961275
5691,00110000,001,000,0,0,"[33.55555555555556, 31.333333333333332, 43.8957475994513]","[0.7290000000000001, 0.7290000000000001, 1.0]",0.47829690000000014,287.79772665961275,-87.79772665961275
5692,10000100,001,000,0,0,"[31.333333333333332, 33.55555555555556, 43.8957475994513]","[0.7290000000000001, 0.7290000000000001, 1.0]",0.47829690000000014,287.79772665961275,-87.79772665961275
5693,10100000,001,000,0,0,"[34.888888888888886, 30.0, 43.8957475994513]","[0.81, 0.6561000000000001, 1.0]",0.47829690000000014,287.79772665961275,-87.79772665961275
5694,00010101,001,000,0,0,"[30.0, 34.888888888888886, 43.895747599451305]","[0.6561000000000001, 0.81, 1.0]",0.47829690000000014,287.7977266596128,-87.7977266596128
5695,00110001,001,000,0,0,"[33.55555555555556, 31.333333333333332, 43.895747599451305]","[0.7290000000000001, 0.7290000000000001, 1.0]",0.47829690000000014,287.7977266596128,-87.7977266596128
5696,10000101,001,000,0,0,"[31.333333333333332, 33.55555555555556, 43.895747599451305]","[0.7290000000000001, 0.7290000000000001, 1.0]",0.47829690000000014,287.7977266596128,-87.7977266596128
5697,10100001,001,000,0,0,"[34.888888888888886, 30.0, 43.895747599451305]","[0.81, 0.6561000000000001, 1.0]",0.47829690000000014,287.7977266596128,-87.7977266596128
5698,00001110,010,000,0,0,"[30.0, 48.83401920438958, 30.0]","[0.6561000000000001, 1.0, 0.81]",0.47829690000000014,287.90097365128133,-87.90097365128133
5699,01001100,010,000,0,0,"[32.0, 48.83401920438958, 28.0]","[0.7290000000000001, 1.0, 0.7290000000000001]",0.47829690000000014,287.90097365128133,-87.90097365128133
5700,01100010,100,000,0,0,"[48.83401920438958, 30.0, 30.0]","[1.0, 0.6561000000000001, 0.81]",0.47829690000000014,287.90097365128133,-87.90097365128133
5701,01101000,100,000,0,0,"[48.83401920438958, 32.0, 28.0]","[1.0, 0.7290000000000001, 0.7290000000000001]",0.47829690000000014,287.90097365128133,-87.90097365128133
5702,00100111,001,000,0,0,"[33.55555555555556, 33.55555555555556, 41.7283950617284]","[0.7290000000000001, 0.7290000000000001, 1.0]",0.47829690000000014,287.9124455392445,-87.91244553924452
5703,00100110,001,000,0,0,"[33.55555555555556, 33.55555555555556, 41.9753086419753]","[0.7290000000000001, 0.7290000000000001, 1.0]",0.47829690000000014,288.4286804975871,-88.4286804975871
5704,00001010,010,000,0,0,"[30.0, 49.38271604938271, 30.0]","[0.6561000000000001, 1.0, 0.81]",0.47829690000000014,289.04816244759826,-89.04816244759826
5705,01000010,100,000,0,0,"[49.38271604938271, 30.0, 30.0]","[1.0, 0.6561000000000001, 0.81]",0.47829690000000014,289.04816244759826,-89.04816244759826
5706,01001000,010,000,0,0,"[32.0, 49.38271604938271, 28.0]","[0.7290000000000001, 1.0, 0.7290000000000001]",0.47829690000000014,289.04816244759826,-89.04816244759826
5707,01001000,100,000,0,0,"[49.38271604938271, 32.0, 28.0]","[1.0, 0.7290000000000001, 0.7290000000000001]",0.47829690000000014,289.04816244759826,-89.04816244759826
5708,00001100,001,000,0,0,"[30.0, 35.55555555555556, 43.8957475994513]","[0.6561000000000001, 0.81, 1.0]",0.47829690000000014,289.1915610471379,-89.1915610471379
5709,00001101,001,000,0,0,"[30.0, 35.55555555555556, 43.895747599451305]","[0.6561000000000001, 0.81, 1.0]",0.47829690000000014,289.1915610471379,-89.1915610471379
5710,00101000,001,000,0,0,"[33.55555555555556, 32.0, 43.8957475994513]","[0.7290000000000001, 0.7290000000000001, 1.0]",0.47829690000000014,289.1915610471379,-89.1915610471379
5711,00101001,001,000,0,0,"[33.55555555555556, 32.0, 43.895747599451305]","[0.7290000000000001, 0.7290000000000001, 1.0]",0.47829690000000014,289.1915610471379,-89.1915610471379
5712,01000100,001,000,0,0,"[32.0, 33.55555555555556, 43.8957475994513]","[0.7290000000000001, 0.7290000000000001, 1.0]",0.47829690000000014,289.1915610471379,-89.1915610471379
5713,01000101,001,000,0,0,"[32.0, 33.55555555555556, 43.895747599451305]","[0.7290000000000001, 0.7290000000000001, 1.0]",0.47829690000000014,289.1915610471379,-89.1915610471379
5714,01100000,001,000,0,0,"[35.55555555555556, 30.0, 43.8957475994513]","[0.81, 0.6561000000000001, 1.0]",0.47829690000000014,289.1915610471379,-89.1915610471379
5715,01100001,001,000,0,0,"[35.55555555555556, 30.0, 43.895747599451305]","[0.81, 0.6561000000000001, 1.0]",0.47829690000000014,289.1915610471379,-89.1915610471379
5716,00010101,010,000,0,0,"[30.0, 48.01097393689986, 31.555555555555557]","[0.6561000000000001, 1.0, 0.81]",0.47829690000000014,289.4324706943645,-89.4324706943645
5717,00110100,010,000,0,0,"[33.55555555555556, 48.01097393689986, 28.0]","[0.7290000000000001, 1.0, 0.7290000000000001]",0.47829690000000014,289.4324706943645,-89.4324706943645
5718,10100001,100,000,0,0,"[48.01097393689986, 30.0, 31.555555555555557]","[1.0, 0.6561000000000001, 0.81]",0.47829690000000014,289.4324706943645,-89.4324706943645
5719,10100100,100,000,0,0,"[48.01097393689986, 33.55555555555556, 28.0]","[1.0, 0.7290000000000001, 0.7290000000000001]",0.47829690000000014,289.4324706943645,-89.4324706943645
5720,00010001,010,000,0,0,"[30.0, 48.46822130772747, 31.555555555555557]","[0.6561000000000001, 1.0, 0.81]",0.47829690000000014,290.3884613579619,-90.38846135796189
5721,00110000,010,000,0,0,"[33.55555555555556, 48.46822130772747, 28.0]","[0.7290000000000001, 1.0, 0.7290000000000001]",0.47829690000000014,290.3884613579619,-90.38846135796189
5722,10000001,100,000,0,0,"[48.46822130772747, 30.0, 31.555555555555557]","[1.0, 0.6561000000000001, 0.81]",0.47829690000000014,290.3884613579619,-90.38846135796189
5723,10000100,100,000,0,0,"[48.46822130772747, 33.55555555555556, 28.0]","[1.0, 0.7290000000000001, 0.7290000000000001]",0.47829690000000014,290.3884613579619,-90.38846135796189
5724,00100101,000,000,1,0,"[33.55555555555556, 33.55555555555556, 31.555555555555557]","[0.7290000000000001, 0.7290000000000001, 0.81]",0.38742048900000015,290.81235986635346,-90.81235986635346
5725,00001101,010,000,0,0,"[30.0, 48.83401920438958, 31.555555555555557]","[0.6561000000000001, 1.0, 0.81]",0.47829690000000014,291.15325388883997,-91.15325388883997
5726,00101100,010,000,0,0,"[33.55555555555556, 48.83401920438958, 28.0]","[0.7290000000000001, 1.0, 0.7290000000000001]",0.47829690000000014,291.15325388883997,-91.15325388883997
5727,01100001,100,000,0,0,"[48.83401920438958, 30.0, 31.555555555555557]","[1.0, 0.6561000000000001, 0.81]",0.47829690000000014,291.15325388883997,-91.15325388883997
5728,01100100,100,000,0,0,"[48.83401920438958, 33.55555555555556, 28.0]","[1.0, 0.7290000000000001, 0.7290000000000001]",0.47829690000000014,291.15325388883997,-91.15325388883997
5729,11011000,000,000,0,0,"[33.33333333333333, 33.33333333333333, 28.0]","[0.81, 0.81, 0.7290000000000001]",0.43046721000000016,291.4228432559744,-91.42284325597439
5730,10011010,000,000,0,0,"[31.333333333333332, 33.33333333333333, 30.0]","[0.7290000000000001, 0.81, 0.81]",0.4304672100000001,291.42284325597444,-91.42284325597444
5731,11010010,000,000,0,0,"[33.33333333333333, 31.333333333333332, 30.0]","[0.81, 0.7290000000000001, 0.81]",0.4304672100000001,291.42284325597444,-91.42284325597444
5732,00110000,100,000,0,0,"[51.51653711324493, 31.333333333333332, 28.0]","[1.0, 0.7290000000000001, 0.7290000000000001]",0.47829690000000014,292.11561782352805,-92.11561782352805
5733,10000100,010,000,0,0,"[31.333333333333332, 51.51653711324493, 28.0]","[0.7290000000000001, 1.0, 0.7290000000000001]",0.47829690000000014,292.11561782352805,-92.11561782352805
5734,00001001,010,000,0,0,"[30.0, 49.38271604938271, 31.555555555555557]","[0.6561000000000001, 1.0, 0.81]",0.47829690000000014,292.3004426851569,-92.3004426851569
5735,00101000,010,000,0,0,"[33.55555555555556, 49.38271604938271, 28.0]","[0.7290000000000001, 1.0, 0.7290000000000001]",0.47829690000000014,292.3004426851569,-92.3004426851569
5736,01000001,100,000,0,0,"[49.38271604938271, 30.0, 31.555555555555557]","[1.0, 0.6561000000000001, 0.81]",0.47829690000000014,292.3004426851569,-92.3004426851569
5737,01000100,100,000,0,0,"[49.38271604938271, 33.55555555555556, 28.0]","[1.0, 0.7290000000000001, 0.7290000000000001]",0.47829690000000014,292.3004426851569,-92.3004426851569
5738,00100100,001,000,0,0,"[33.55555555555556, 33.55555555555556, 43.8957475994513]","[0.7290000000000001, 0.7290000000000001, 1.0]",0.47829690000000014,292.4438412846965,-92.44384128469648
5739,00100101,001,000,0,0,"[33.55555555555556, 33.55555555555556, 43.895747599451305]","[0.7290000000000001, 0.7290000000000001, 1.0]",0.47829690000000014,292.44384128469653,-92.44384128469653
5740,00010000,100,000,0,0,"[51.821368693796664, 31.333333333333332, 28.0]","[1.0, 0.7290000000000001, 0.7290000000000001]",0.47829690000000014,292.75294493259304,-92.75294493259304
5741,10000000,010,000,0,0,"[31.333333333333332, 51.821368693796664, 28.0]","[0.7290000000000001, 1.0, 0.7290000000000001]",0.47829690000000014,292.75294493259304,-92.75294493259304
5742,01011010,000,000,0,0,"[32.0, 33.33333333333333, 30.0]","[0.7290000000000001, 0.81, 0.81]",0.4304672100000001,292.97154813100235,-92.97154813100235
5743,11001010,000,000,0,0,"[33.33333333333333, 32.0, 30.0]","[0.81, 0.7290000000000001, 0.81]",0.4304672100000001,292.97154813100235,-92.97154813100235
5744,00000011,001,001,1,0,"[30.0, 30.0, 39.55555555555556]","[0.6561000000000001, 0.6561000000000001, 1.0]",0.38742048900000015,293.10673745898737,-93.10673745898737
5745,00000110,010,000,0,0,"[30.0, 51.51653711324493, 30.0]","[0.6561000000000001, 1.0, 0.81]",0.47829690000000014,293.5094522110532,-93.5094522110532
5746,00100010,100,000,0,0,"[51.51653711324493, 30.0, 30.0]","[1.0, 0.6561000000000001, 0.81]",0.47829690000000014,293.5094522110532,-93.5094522110532
5747,00101000,100,000,0,0,"[51.51653711324493, 32.0, 28.0]","[1.0, 0.7290000000000001, 0.7290000000000001]",0.47829690000000014,293.5094522110532,-93.5094522110532
5748,01000100,010,000,0,0,"[32.0, 51.51653711324493, 28.0]","[0.7290000000000001, 1.0, 0.7290000000000001]",0.47829690000000014,293.5094522110532,-93.5094522110532
5749,00000010,010,000,0,0,"[30.0, 51.821368693796664, 30.0]","[0.6561000000000001, 1.0, 0.81]",0.47829690000000014,294.1467793201182,-94.14677932011818
5750,00000010,100,000,0,0,"[51.821368693796664, 30.0, 30.0]","[1.0, 0.6561000000000001, 0.81]",0.47829690000000014,294.1467793201182,-94.14677932011818
5751,00001000,100,000,0,0,"[51.821368693796664, 32.0, 28.0]","[1.0, 0.7290000000000001, 0.7290000000000001]",0.47829690000000014,294.1467793201182,-94.14677932011818
5752,01000000,010,000,0,0,"[32.0, 51.821368693796664, 28.0]","[0.7290000000000001, 1.0, 0.7290000000000001]",0.47829690000000014,294.1467793201182,-94.14677932011818
5753,10011100,000,000,0,0,"[31.333333333333332, 36.888888888888886, 28.0]","[0.7290000000000001, 0.9, 0.7290000000000001]",0.43046721000000016,295.03648796437284,-95.03648796437284
5754,10111000,000,000,0,0,"[34.888888888888886, 33.33333333333333, 28.0]","[0.81, 0.81, 0.7290000000000001]",0.43046721000000016,295.03648796437284,-95.03648796437284
5755,11010100,000,000,0,0,"[33.33333333333333, 34.888888888888886, 28.0]","[0.81, 0.81, 0.7290000000000001]",0.43046721000000016,295.03648796437284,-95.03648796437284
5756,11110000,000,000,0,0,"[36.888888888888886, 31.333333333333332, 28.0]","[0.9, 0.7290000000000001, 0.7290000000000001]",0.43046721000000016,295.03648796437284,-95.03648796437284
5757,10010011,000,000,0,0,"[31.333333333333332, 31.333333333333332, 33.55555555555556]","[0.7290000000000001, 0.7290000000000001, 0.9]",0.43046721000000016,295.0364879643729,-95.0364879643729
5758,10010110,000,000,0,0,"[31.333333333333332, 34.888888888888886, 30.0]","[0.7290000000000001, 0.81, 0.81]",0.4304672100000001,295.0364879643729,-95.0364879643729
5759,10011001,000,000,0,0,"[31.333333333333332, 33.33333333333333, 31.555555555555557]","[0.7290000000000001, 0.81, 0.81]",0.4304672100000001,295.0364879643729,-95.0364879643729
5760,10110010,000,000,0,0,"[34.888888888888886, 31.333333333333332, 30.0]","[0.81, 0.7290000000000001, 0.81]",0.4304672100000001,295.0364879643729,-95.0364879643729
5761,11010001,000,000,0,0,"[33.33333333333333, 31.333333333333332, 31.555555555555557]","[0.81, 0.7290000000000001, 0.81]",0.4304672100000001,295.0364879643729,-95.0364879643729
5762,00011011,000,000,0,0,"[30.0, 33.33333333333333, 33.55555555555556]","[0.6561000000000001, 0.81, 0.9]",0.43046721000000016,296.5851928394008,-96.5851928394008
5763,00011110,000,000,0,0,"[30.0, 36.888888888888886, 30.0]","[0.6561000000000001, 0.9, 0.81]",0.43046721000000016,296.5851928394008,-96.5851928394008
5764,00111010,000,000,0,0,"[33.55555555555556, 33.33333333333333, 30.0]","[0.7290000000000001, 0.81, 0.81]",0.4304672100000001,296.5851928394008,-96.5851928394008
5765,01010011,000,000,0,0,"[32.0, 31.333333333333332, 33.55555555555556]","[0.7290000000000001, 0.7290000000000001, 0.9]",0.43046721000000016,296.5851928394008,-96.5851928394008
5766,01010110,000,000,0,0,"[32.0, 34.888888888888886, 30.0]","[0.7290000000000001, 0.81, 0.81]",0.4304672100000001,296.5851928394008,-96.5851928394008
5767,01011001,000,000,0,0,"[32.0, 33.33333333333333, 31.555555555555557]","[0.7290000000000001, 0.81, 0.81]",0.4304672100000001,296.5851928394008,-96.5851928394008
5768,01011100,000,000,0,0,"[32.0, 36.888888888888886, 28.0]","[0.7290000000000001, 0.9, 0.7290000000000001]",0.43046721000000016,296.5851928394008,-96.5851928394008
5769,01110010,000,000,0,0,"[35.55555555555556, 31.333333333333332, 30.0]","[0.81, 0.7290000000000001, 0.81]",0.4304672100000001,296.5851928394008,-96.5851928394008
5770,01111000,000,000,0,0,"[35.55555555555556, 33.33333333333333, 28.0]","[0.81, 0.81, 0.7290000000000001]",0.43046721000000016,296.5851928394008,-96.5851928394008
5771,10001011,000,000,0,0,"[31.333333333333332, 32.0, 33.55555555555556]","[0.7290000000000001, 0.7290000000000001, 0.9]",0.43046721000000016,296.5851928394008,-96.5851928394008
5772,10001110,000,000,0,0,"[31.333333333333332, 35.55555555555556, 30.0]","[0.7290000000000001, 0.81, 0.81]",0.4304672100000001,296.5851928394008,-96.5851928394008
5773,10101010,000,000,0,0,"[34.888888888888886, 32.0, 30.0]","[0.81, 0.7290000000000001, 0.81]",0.4304672100000001,296.5851928394008,-96.5851928394008
5774,11000011,000,000,0,0,"[33.33333333333333, 30.0, 33.55555555555556]","[0.81, 0.6561000000000001, 0.9]",0.43046721000000016,296.5851928394008,-96.5851928394008
5775,11000110,000,000,0,0,"[33.33333333333333, 33.55555555555556, 30.0]","[0.81, 0.7290000000000001, 0.81]",0.4304672100000001,296.5851928394008,-96.5851928394008
5776,11001001,000,000,0,0,"[33.33333333333333, 32.0, 31.555555555555557]","[0.81, 0.7290000000000001, 0.81]",0.4304672100000001,296.5851928394008,-96.5851928394008
5777,11001100,000,000,0,0,"[33.33333333333333, 35.55555555555556, 28.0]","[0.81, 0.81, 0.7290000000000001]",0.43046721000000016,296.5851928394008,-96.5851928394008
5778,11100010,000,000,0,0,"[36.888888888888886, 30.0, 30.0]","[0.9, 0.6561000000000001, 0.81]",0.43046721000000016,296.5851928394008,-96.5851928394008
5779,11101000,000,000,0,0,"[36.888888888888886, 32.0, 28.0]","[0.9, 0.7290000000000001, 0.7290000000000001]",0.43046721000000016,296.5851928394008,-96.5851928394008
5780,00000101,010,000,0,0,"[30.0, 51.51653711324493, 31.555555555555557]","[0.6561000000000001, 1.0, 0.81]",0.47829690000000014,296.7617324486118,-96.76173244861178
5781,00100001,100,000,0,0,"[51.51653711324493, 30.0, 31.555555555555557]","[1.0, 0.6561000000000001, 0.81]",0.47829690000000014,296.7617324486118,-96.76173244861178
5782,00100100,010,000,0,0,"[33.55555555555556, 51.51653711324493, 28.0]","[0.7290000000000001, 1.0, 0.7290000000000001]",0.47829690000000014,296.7617324486118,-96.76173244861178
5783,00100100,100,000,0,0,"[51.51653711324493, 33.55555555555556, 28.0]","[1.0, 0.7290000000000001, 0.7290000000000001]",0.47829690000000014,296.7617324486118,-96.76173244861178
5784,00000001,010,000,0,0,"[30.0, 51.821368693796664, 31.555555555555557]","[0.6561000000000001, 1.0, 0.81]",0.47829690000000014,297.39905955767676,-97.39905955767676
5785,00000001,100,000,0,0,"[51.821368693796664, 30.0, 31.555555555555557]","[1.0, 0.6561000000000001, 0.81]",0.47829690000000014,297.39905955767676,-97.39905955767676
5786,00000100,100,000,0,0,"[51.821368693796664, 33.55555555555556, 28.0]","[1.0, 0.7290000000000001, 0.7290000000000001]",0.47829690000000014,297.39905955767676,-97.39905955767676
5787,00100000,010,000,0,0,"[33.55555555555556, 51.821368693796664, 28.0]","[0.7290000000000001, 1.0, 0.7290000000000001]",0.47829690000000014,297.39905955767676,-97.39905955767676
5788,01001011,000,000,0,0,"[32.0, 32.0, 33.55555555555556]","[0.7290000000000001, 0.7290000000000001, 0.9]",0.43046721000000016,298.1338977144287,-98.13389771442871
5789,01001110,000,000,0,0,"[32.0, 35.55555555555556, 30.0]","[0.7290000000000001, 0.81, 0.81]",0.4304672100000001,298.13389771442877,-98.13389771442877
5790,01101010,000,000,0,0,"[35.55555555555556, 32.0, 30.0]","[0.81, 0.7290000000000001, 0.81]",0.4304672100000001,298.13389771442877,-98.13389771442877
5791,10110100,000,000,0,0,"[34.888888888888886, 34.888888888888886, 28.0]","[0.81, 0.81, 0.7290000000000001]",0.43046721000000016,298.6501326727713,-98.65013267277129
5792,10010101,000,000,0,0,"[31.333333333333332, 34.888888888888886, 31.555555555555557]","[0.7290000000000001, 0.81, 0.81]",0.4304672100000001,298.65013267277135,-98.65013267277135
5793,10110001,000,000,0,0,"[34.888888888888886, 31.333333333333332, 31.555555555555557]","[0.81, 0.7290000000000001, 0.81]",0.4304672100000001,298.65013267277135,-98.65013267277135
5794,00000011,001,000,1,0,"[30.0, 30.0, 41.7283950617284]","[0.6561000000000001, 0.6561000000000001, 1.0]",0.38742048900000015,298.7152160187593,-98.71521601875929
5795,00000010,001,000,1,0,"[30.0, 30.0, 41.9753086419753]","[0.6561000000000001, 0.6561000000000001, 1.0]",0.38742048900000015,299.3525431278243,-99.35254312782428
5796,10010000,000,000,1,0,"[31.333333333333332, 31.333333333333332, 28.0]","[0.7290000000000001, 0.7290000000000001, 0.7290000000000001]",0.34867844010000015,300.1810683696087,-100.18106836960868
5797,00010111,000,000,0,0,"[30.0, 34.888888888888886, 33.55555555555556]","[0.6561000000000001, 0.81, 0.9]",0.43046721000000016,300.19883754779926,-100.19883754779926
5798,00011101,000,000,0,0,"[30.0, 36.888888888888886, 31.555555555555557]","[0.6561000000000001, 0.9, 0.81]",0.43046721000000016,300.19883754779926,-100.19883754779926
5799,00110011,000,000,0,0,"[33.55555555555556, 31.333333333333332, 33.55555555555556]","[0.7290000000000001, 0.7290000000000001, 0.9]",0.43046721000000016,300.19883754779926,-100.19883754779926
5800,00111100,000,000,0,0,"[33.55555555555556, 36.888888888888886, 28.0]","[0.7290000000000001, 0.9, 0.7290000000000001]",0.43046721000000016,300.19883754779926,-100.19883754779926
5801,01110100,000,000,0,0,"[35.55555555555556, 34.888888888888886, 28.0]","[0.81, 0.81, 0.7290000000000001]",0.43046721000000016,300.19883754779926,-100.19883754779926
5802,10000111,000,000,0,0,"[31.333333333333332, 33.55555555555556, 33.55555555555556]","[0.7290000000000001, 0.7290000000000001, 0.9]",0.43046721000000016,300.19883754779926,-100.19883754779926
5803,10100011,000,000,0,0,"[34.888888888888886, 30.0, 33.55555555555556]","[0.81, 0.6561000000000001, 0.9]",0.43046721000000016,300.19883754779926,-100.19883754779926
5804,10101100,000,000,0,0,"[34.888888888888886, 35.55555555555556, 28.0]","[0.81, 0.81, 0.7290000000000001]",0.43046721000000016,300.19883754779926,-100.19883754779926
5805,11100001,000,000,0,0,"[36.888888888888886, 30.0, 31.555555555555557]","[0.9, 0.6561000000000001, 0.81]",0.43046721000000016,300.19883754779926,-100.19883754779926
5806,11100100,000,000,0,0,"[36.888888888888886, 33.55555555555556, 28.0]","[0.9, 0.7290000000000001, 0.7290000000000001]",0.43046721000000016,300.19883754779926,-100.19883754779926
5807,00110110,000,000,0,0,"[33.55555555555556, 34.888888888888886, 30.0]","[0.7290000000000001, 0.81, 0.81]",0.4304672100000001,300.1988375477993,-100.19883754779931
5808,00111001,000,000,0,0,"[33.55555555555556, 33.33333333333333, 31.555555555555557]","[0.7290000000000001, 0.81, 0.81]",0.4304672100000001,300.1988375477993,-100.19883754779931
5809,01010101,000,000,0,0,"[32.0, 34.888888888888886, 31.555555555555557]","[0.7290000000000001, 0.81, 0.81]",0.4304672100000001,300.1988375477993,-100.19883754779931
5810,01110001,000,000,0,0,"[35.55555555555556, 31.333333333333332, 31.555555555555557]","[0.81, 0.7290000000000001, 0.81]",0.4304672100000001,300.1988375477993,-100.19883754779931
5811,10001101,000,000,0,0,"[31.333333333333332, 35.55555555555556, 31.555555555555557]","[0.7290000000000001, 0.81, 0.81]",0.4304672100000001,300.1988375477993,-100.19883754779931
5812,10100110,000,000,0,0,"[34.888888888888886, 33.55555555555556, 30.0]","[0.81, 0.7290000000000001, 0.81]",0.4304672100000001,300.1988375477993,-100.19883754779931
5813,10101001,000,000,0,0,"[34.888888888888886, 32.0, 31.555555555555557]","[0.81, 0.7290000000000001, 0.81]",0.4304672100000001,300.1988375477993,-100.19883754779931
5814,11000101,000,000,0,0,"[33.33333333333333, 33.55555555555556, 31.555555555555557]","[0.81, 0.7290000000000001, 0.81]",0.4304672100000001,300.1988375477993,-100.19883754779931
5815,00001111,000,000,0,0,"[30.0, 35.55555555555556, 33.55555555555556]","[0.6561000000000001, 0.81, 0.9]",0.43046721000000016,301.74754242282717,-101.74754242282717
5816,00101011,000,000,0,0,"[33.55555555555556, 32.0, 33.55555555555556]","[0.7290000000000001, 0.7290000000000001, 0.9]",0.43046721000000016,301.74754242282717,-101.74754242282717
5817,01000111,000,000,0,0,"[32.0, 33.55555555555556, 33.55555555555556]","[0.7290000000000001, 0.7290000000000001, 0.9]",0.43046721000000016,301.74754242282717,-101.74754242282717
5818,01100011,000,000,0,0,"[35.55555555555556, 30.0, 33.55555555555556]","[0.81, 0.6561000000000001, 0.9]",0.43046721000000016,301.74754242282717,-101.74754242282717
5819,01101100,000,000,0,0,"[35.55555555555556, 35.55555555555556, 28.0]","[0.81, 0.81, 0.7290000000000001]",0.43046721000000016,301.74754242282717,-101.74754242282717
5820,00101110,000,000,0,0,"[33.55555555555556, 35.55555555555556, 30.0]","[0.7290000000000001, 0.81, 0.81]",0.4304672100000001,301.7475424228273,-101.74754242282728
5821,01001101,000,000,0,0,"[32.0, 35.55555555555556, 31.555555555555557]","[0.7290000000000001, 0.81, 0.81]",0.4304672100000001,301.7475424228273,-101.74754242282728
5822,01100110,000,000,0,0,"[35.55555555555556, 33.55555555555556, 30.0]","[0.81, 0.7290000000000001, 0.81]",0.4304672100000001,301.7475424228273,-101.74754242282728
5823,01101001,000,000,0,0,"[35.55555555555556, 32.0, 31.555555555555557]","[0.81, 0.7290000000000001, 0.81]",0.4304672100000001,301.7475424228273,-101.74754242282728
5824,00010010,000,000,1,0,"[30.0, 31.333333333333332, 30.0]","[0.6561000000000001, 0.7290000000000001, 0.81]",0.34867844010000015,302.0930496968037,-102.09304969680369
5825,00011000,000,000,1,0,"[30.0, 33.33333333333333, 28.0]","[0.6561000000000001, 0.81, 0.7290000000000001]",0.34867844010000015,302.0930496968037,-102.09304969680369
5826,01010000,000,000,1,0,"[32.0, 31.333333333333332, 28.0]","[0.7290000000000001, 0.7290000000000001, 0.7290000000000001]",0.34867844010000015,302.0930496968037,-102.09304969680369
5827,10000010,000,000,1,0,"[31.333333333333332, 30.0, 30.0]","[0.7290000000000001, 0.6561000000000001, 0.81]",0.34867844010000015,302.0930496968037,-102.09304969680369
5828,10001000,000,000,1,0,"[31.333333333333332, 32.0, 28.0]","[0.7290000000000001, 0.7290000000000001, 0.7290000000000001]",0.34867844010000015,302.0930496968037,-102.09304969680369
5829,11000000,000,000,1,0,"[33.33333333333333, 30.0, 28.0]","[0.81, 0.6561000000000001, 0.7290000000000001]",0.34867844010000015,302.0930496968037,-102.09304969680369
5830,00110101,000,000,0,0,"[33.55555555555556, 34.888888888888886, 31.555555555555557]","[0.7290000000000001, 0.81, 0.81]",0.4304672100000001,303.81248225619777,-103.81248225619777
5831,10100101,000,000,0,0,"[34.888888888888886, 33.55555555555556, 31.555555555555557]","[0.81, 0.7290000000000001, 0.81]",0.4304672100000001,303.81248225619777,-103.81248225619777
5832,00001010,000,000,1,0,"[30.0, 32.0, 30.0]","[0.6561000000000001, 0.7290000000000001, 0.81]",0.34867844010000015,304.00503102399864,-104.00503102399864
5833,01000010,000,000,1,0,"[32.0, 30.0, 30.0]","[0.7290000000000001, 0.6561000000000001, 0.81]",0.34867844010000015,304.00503102399864,-104.00503102399864
5834,01001000,000,000,1,0,"[32.0, 32.0, 28.0]","[0.7290000000000001, 0.7290000000000001, 0.7290000000000001]",0.34867844010000015,304.00503102399864,-104.00503102399864
5835,00000000,001,000,1,0,"[30.0, 30.0, 43.8957475994513]","[0.6561000000000001, 0.6561000000000001, 1.0]",0.38742048900000015,304.30953175388527,-104.30953175388527
5836,00000001,001,000,1,0,"[30.0, 30.0, 43.895747599451305]","[0.6561000000000001, 0.6561000000000001, 1.0]",0.38742048900000015,304.30953175388527,-104.30953175388527
5837,00100111,000,000,0,0,"[33.55555555555556, 33.55555555555556, 33.55555555555556]","[0.7290000000000001, 0.7290000000000001, 0.9]",0.43046721000000016,305.3611871312257,-105.36118713122568
5838,00101101,000,000,0,0,"[33.55555555555556, 35.55555555555556, 31.555555555555557]","[0.7290000000000001, 0.81, 0.81]",0.4304672100000001,305.36118713122573,-105.36118713122573
5839,01100101,000,000,0,0,"[35.55555555555556, 33.55555555555556, 31.555555555555557]","[0.81, 0.7290000000000001, 0.81]",0.4304672100000001,305.36118713122573,-105.36118713122573
5840,00010011,001,001,0,0,"[30.0, 31.333333333333332, 39.55555555555556]","[0.6561000000000001, 0.7290000000000001, 1.0]",0.43046721000000016,305.87742208956826,-105.87742208956826
5841,00011100,010,010,0,0,"[30.0, 42.888888888888886, 28.0]","[0.6561000000000001, 1.0, 0.7290000000000001]",0.43046721000000016,305.87742208956826,-105.87742208956826
5842,10000011,001,001,0,0,"[31.333333333333332, 30.0, 39.55555555555556]","[0.7290000000000001, 0.6561000000000001, 1.0]",0.43046721000000016,305.87742208956826,-105.87742208956826
5843,11100000,100,100,0,0,"[42.888888888888886, 30.0, 28.0]","[1.0, 0.6561000000000001, 0.7290000000000001]",0.43046721000000016,305.87742208956826,-105.87742208956826
5844,00010001,000,000,1,0,"[30.0, 31.333333333333332, 31.555555555555557]","[0.6561000000000001, 0.7290000000000001, 0.81]",0.34867844010000015,306.5543394602586,-106.55433946025857
5845,00010100,000,000,1,0,"[30.0, 34.888888888888886, 28.0]","[0.6561000000000001, 0.81, 0.7290000000000001]",0.34867844010000015,306.5543394602586,-106.55433946025857
5846,00110000,000,000,1,0,"[33.55555555555556, 31.333333333333332, 28.0]","[0.7290000000000001, 0.7290000000000001, 0.7290000000000001]",0.34867844010000015,306.5543394602586,-106.55433946025857
5847,10000001,000,000,1,0,"[31.333333333333332, 30.0, 31.555555555555557]","[0.7290000000000001, 0.6561000000000001, 0.81]",0.34867844010000015,306.5543394602586,-106.55433946025857
5848,10000100,000,000,1,0,"[31.333333333333332, 33.55555555555556, 28.0]","[0.7290000000000001, 0.7290000000000001, 0.7290000000000001]",0.34867844010000015,306.5543394602586,-106.55433946025857
5849,10100000,000,000,1,0,"[34.888888888888886, 30.0, 28.0]","[0.81, 0.6561000000000001, 0.7290000000000001]",0.34867844010000015,306.5543394602586,-106.55433946025857
5850,00001011,001,001,0,0,"[30.0, 32.0, 39.55555555555556]","[0.6561000000000001, 0.7290000000000001, 1.0]",0.43046721000000016,307.4261269645962,-107.42612696459622
5851,01000011,001,001,0,0,"[32.0, 30.0, 39.55555555555556]","[0.7290000000000001, 0.6561000000000001, 1.0]",0.43046721000000016,307.4261269645962,-107.42612696459622
5852,00000011,000,000,1,0,"[30.0, 30.0, 33.55555555555556]","[0.6561000000000001, 0.6561000000000001, 0.9]",0.34867844010000015,308.4663207874536,-108.46632078745358
5853,00000110,000,000,1,0,"[30.0, 33.55555555555556, 30.0]","[0.6561000000000001, 0.7290000000000001, 0.81]",0.34867844010000015,308.4663207874536,-108.46632078745358
5854,00001001,000,000,1,0,"[30.0, 32.0, 31.555555555555557]","[0.6561000000000001, 0.7290000000000001, 0.81]",0.34867844010000015,308.4663207874536,-108.46632078745358
5855,00001100,000,000,1,0,"[30.0, 35.55555555555556, 28.0]","[0.6561000000000001, 0.81, 0.7290000000000001]",0.34867844010000015,308.4663207874536,-108.46632078745358
5856,00100010,000,000,1,0,"[33.55555555555556, 30.0, 30.0]","[0.7290000000000001, 0.6561000000000001, 0.81]",0.34867844010000015,308.4663207874536,-108.46632078745358
5857,00101000,000,000,1,0,"[33.55555555555556, 32.0, 28.0]","[0.7290000000000001, 0.7290000000000001, 0.7290000000000001]",0.34867844010000015,308.4663207874536,-108.46632078745358
5858,01000001,000,000,1,0,"[32.0, 30.0, 31.555555555555557]","[0.7290000000000001, 0.6561000000000001, 0.81]",0.34867844010000015,308.4663207874536,-108.46632078745358
5859,01000100,000,000,1,0,"[32.0, 33.55555555555556, 28.0]","[0.7290000000000001, 0.7290000000000001, 0.7290000000000001]",0.34867844010000015,308.4663207874536,-108.46632078745358
5860,01100000,000,000,1,0,"[35.55555555555556, 30.0, 28.0]","[0.81, 0.6561000000000001, 0.7290000000000001]",0.34867844010000015,308.4663207874536,-108.46632078745358
5861,00010011,001,000,0,0,"[30.0, 31.333333333333332, 41.7283950617284]","[0.6561000000000001, 0.7290000000000001, 1.0]",0.43046721000000016,310.925052793363,-110.92505279336302
5862,10000011,001,000,0,0,"[31.333333333333332, 30.0, 41.7283950617284]","[0.7290000000000001, 0.6561000000000001, 1.0]",0.43046721000000016,310.925052793363,-110.92505279336302
5863,00000111,001,001,0,0,"[30.0, 33.55555555555556, 39.55555555555556]","[0.6561000000000001, 0.7290000000000001, 1.0]",0.43046721000000016,311.0397716729947,-111.03977167299468
5864,00100011,001,001,0,0,"[33.55555555555556, 30.0, 39.55555555555556]","[0.7290000000000001, 0.6561000000000001, 1.0]",0.43046721000000016,311.0397716729947,-111.03977167299468
5865,00010010,001,000,0,0,"[30.0, 31.333333333333332, 41.9753086419753]","[0.6561000000000001, 0.7290000000000001, 1.0]",0.43046721000000016,311.4986471915214,-111.4986471915214
5866,10000010,001,000,0,0,"[31.333333333333332, 30.0, 41.9753086419753]","[0.7290000000000001, 0.6561000000000001, 1.0]",0.43046721000000016,311.4986471915214,-111.4986471915214
5867,00011100,010,000,0,0,"[30.0, 45.432098765432094, 28.0]","[0.6561000000000001, 1.0, 0.7290000000000001]",0.43046721000000016,311.7854443906007,-111.78544439060067
5868,11100000,100,000,0,0,"[45.432098765432094, 30.0, 28.0]","[1.0, 0.6561000000000001, 0.7290000000000001]",0.43046721000000016,311.7854443906007,-111.78544439060067
5869,00001011,001,000,0,0,"[30.0, 32.0, 41.7283950617284]","[0.6561000000000001, 0.7290000000000001, 1.0]",0.43046721000000016,312.47375766839093,-112.47375766839093
5870,01000011,001,000,0,0,"[32.0, 30.0, 41.7283950617284]","[0.7290000000000001, 0.6561000000000001, 1.0]",0.43046721000000016,312.47375766839093,-112.47375766839093
5871,00000101,000,000,1,0,"[30.0, 33.55555555555556, 31.555555555555557]","[0.6561000000000001, 0.7290000000000001, 0.81]",0.34867844010000015,312.92761055090847,-112.92761055090847
5872,00100001,000,000,1,0,"[33.55555555555556, 30.0, 31.555555555555557]","[0.7290000000000001, 0.6561000000000001, 0.81]",0.34867844010000015,312.92761055090847,-112.92761055090847
5873,00100100,000,000,1,0,"[33.55555555555556, 33.55555555555556, 28.0]","[0.7290000000000001, 0.7290000000000001, 0.7290000000000001]",0.34867844010000015,312.92761055090847,-112.92761055090847
5874,00001010,001,000,0,0,"[30.0, 32.0, 41.9753086419753]","[0.6561000000000001, 0.7290000000000001, 1.0]",0.43046721000000016,313.04735206654937,-113.04735206654937
5875,01000010,001,000,0,0,"[32.0, 30.0, 41.9753086419753]","[0.7290000000000001, 0.6561000000000001, 1.0]",0.43046721000000016,313.04735206654937,-113.04735206654937
5876,00011000,010,000,0,0,"[30.0, 46.09053497942386, 28.0]","[0.6561000000000001, 1.0, 0.7290000000000001]",0.43046721000000016,313.31502945235667,-113.31502945235667
5877,11000000,100,000,0,0,"[46.09053497942386, 30.0, 28.0]","[1.0, 0.6561000000000001, 0.7290000000000001]",0.43046721000000016,313.31502945235667,-113.31502945235667
5878,00010000,001,000,0,0,"[30.0, 31.333333333333332, 43.8957475994513]","[0.6561000000000001, 0.7290000000000001, 1.0]",0.43046721000000016,315.95993695497634,-115.95993695497634
5879,10000000,001,000,0,0,"[31.333333333333332, 30.0, 43.8957475994513]","[0.7290000000000001, 0.6561000000000001, 1.0]",0.43046721000000016,315.95993695497634,-115.95993695497634
5880,00010001,001,000,0,0,"[30.0, 31.333333333333332, 43.895747599451305]","[0.6561000000000001, 0.7290000000000001, 1.0]",0.43046721000000016,315.9599369549764,-115.9599369549764
5881,10000001,001,000,0,0,"[31.333333333333332, 30.0, 43.895747599451305]","[0.7290000000000001, 0.6561000000000001, 1.0]",0.43046721000000016,315.9599369549764,-115.9599369549764
5882,00000111,001,000,0,0,"[30.0, 33.55555555555556, 41.7283950617284]","[0.6561000000000001, 0.7290000000000001, 1.0]",0.43046721000000016,316.0874023767893,-116.08740237678933
5883,00100011,001,000,0,0,"[33.55555555555556, 30.0, 41.7283950617284]","[0.7290000000000001, 0.6561000000000001, 1.0]",0.43046721000000016,316.0874023767893,-116.08740237678933
5884,00000110,001,000,0,0,"[30.0, 33.55555555555556, 41.9753086419753]","[0.6561000000000001, 0.7290000000000001, 1.0]",0.43046721000000016,316.6609967749478,-116.66099677494782
5885,00100010,001,000,0,0,"[33.55555555555556, 30.0, 41.9753086419753]","[0.7290000000000001, 0.6561000000000001, 1.0]",0.43046721000000016,316.6609967749478,-116.66099677494782
5886,00001000,001,000,0,0,"[30.0, 32.0, 43.8957475994513]","[0.6561000000000001, 0.7290000000000001, 1.0]",0.43046721000000016,317.5086418300043,-117.50864183000431
5887,00001001,001,000,0,0,"[30.0, 32.0, 43.895747599451305]","[0.6561000000000001, 0.7290000000000001, 1.0]",0.43046721000000016,317.5086418300043,-117.50864183000431
5888,01000000,001,000,0,0,"[32.0, 30.0, 43.8957475994513]","[0.7290000000000001, 0.6561000000000001, 1.0]",0.43046721000000016,317.5086418300043,-117.50864183000431
5889,01000001,001,000,0,0,"[32.0, 30.0, 43.895747599451305]","[0.7290000000000001, 0.6561000000000001, 1.0]",0.43046721000000016,317.5086418300043,-117.50864183000431
5890,00010100,010,000,0,0,"[30.0, 48.01097393689986, 28.0]","[0.6561000000000001, 1.0, 0.7290000000000001]",0.43046721000000016,317.77631921581155,-117.77631921581155
5891,10100000,100,000,0,0,"[48.01097393689986, 30.0, 28.0]","[1.0, 0.6561000000000001, 0.7290000000000001]",0.43046721000000016,317.77631921581155,-117.77631921581155
5892,00010000,010,000,0,0,"[30.0, 48.46822130772747, 28.0]","[0.6561000000000001, 1.0, 0.7290000000000001]",0.43046721000000016,318.8385310642532,-118.83853106425317
5893,10000000,100,000,0,0,"[48.46822130772747, 30.0, 28.0]","[1.0, 0.6561000000000001, 0.7290000000000001]",0.43046721000000016,318.8385310642532,-118.83853106425317
5894,00001100,010,000,0,0,"[30.0, 48.83401920438958, 28.0]","[0.6561000000000001, 1.0, 0.7290000000000001]",0.43046721000000016,319.68830054300656,-119.68830054300656
5895,01100000,100,000,0,0,"[48.83401920438958, 30.0, 28.0]","[1.0, 0.6561000000000001, 0.7290000000000001]",0.43046721000000016,319.68830054300656,-119.68830054300656
5896,00001000,010,000,0,0,"[30.0, 49.38271604938271, 28.0]","[0.6561000000000001, 1.0, 0.7290000000000001]",0.43046721000000016,320.9629547611365,-120.96295476113647
5897,01000000,100,000,0,0,"[49.38271604938271, 30.0, 28.0]","[1.0, 0.6561000000000001, 0.7290000000000001]",0.43046721000000016,320.9629547611365,-120.96295476113647
5898,00000100,001,000,0,0,"[30.0, 33.55555555555556, 43.8957475994513]","[0.6561000000000001, 0.7290000000000001, 1.0]",0.43046721000000016,321.12228653840276,-121.12228653840276
5899,00000101,001,000,0,0,"[30.0, 33.55555555555556, 43.895747599451305]","[0.6561000000000001, 0.7290000000000001, 1.0]",0.43046721000000016,321.12228653840276,-121.12228653840276
5900,00100000,001,000,0,0,"[33.55555555555556, 30.0, 43.8957475994513]","[0.7290000000000001, 0.6561000000000001, 1.0]",0.43046721000000016,321.12228653840276,-121.12228653840276
5901,00100001,001,000,0,0,"[33.55555555555556, 30.0, 43.895747599451305]","[0.7290000000000001, 0.6561000000000001, 1.0]",0.43046721000000016,321.12228653840276,-121.12228653840276
5902,10010010,000,000,0,0,"[31.333333333333332, 31.333333333333332, 30.0]","[0.7290000000000001, 0.7290000000000001, 0.81]",0.38742048900000015,323.08525403432293,-123.08525403432293
5903,10011000,000,000,0,0,"[31.333333333333332, 33.33333333333333, 28.0]","[0.7290000000000001, 0.81, 0.7290000000000001]",0.3874204890000001,323.08525403432293,-123.08525403432293
5904,11010000,000,000,0,0,"[33.33333333333333, 31.333333333333332, 28.0]","[0.81, 0.7290000000000001, 0.7290000000000001]",0.3874204890000001,323.08525403432293,-123.08525403432293
5905,00011010,000,000,0,0,"[30.0, 33.33333333333333, 30.0]","[0.6561000000000001, 0.81, 0.81]",0.38742048900000015,324.8060372287984,-124.8060372287984
5906,01010010,000,000,0,0,"[32.0, 31.333333333333332, 30.0]","[0.7290000000000001, 0.7290000000000001, 0.81]",0.38742048900000015,324.8060372287984,-124.8060372287984
5907,10001010,000,000,0,0,"[31.333333333333332, 32.0, 30.0]","[0.7290000000000001, 0.7290000000000001, 0.81]",0.38742048900000015,324.8060372287984,-124.8060372287984
5908,11000010,000,000,0,0,"[33.33333333333333, 30.0, 30.0]","[0.81, 0.6561000000000001, 0.81]",0.38742048900000015,324.8060372287984,-124.8060372287984
5909,01011000,000,000,0,0,"[32.0, 33.33333333333333, 28.0]","[0.7290000000000001, 0.81, 0.7290000000000001]",0.3874204890000001,324.80603722879846,-124.80603722879846
5910,11001000,000,000,0,0,"[33.33333333333333, 32.0, 28.0]","[0.81, 0.7290000000000001, 0.7290000000000001]",0.3874204890000001,324.80603722879846,-124.80603722879846
5911,00000100,010,000,0,0,"[30.0, 51.51653711324493, 28.0]","[0.6561000000000001, 1.0, 0.7290000000000001]",0.43046721000000016,325.9199433871975,-125.91994338719752
5912,00100000,100,000,0,0,"[51.51653711324493, 30.0, 28.0]","[1.0, 0.6561000000000001, 0.7290000000000001]",0.43046721000000016,325.9199433871975,-125.91994338719752
5913,01001010,000,000,0,0,"[32.0, 32.0, 30.0]","[0.7290000000000001, 0.7290000000000001, 0.81]",0.38742048900000015,326.5268204232739,-126.52682042327388
5914,00000000,010,000,0,0,"[30.0, 51.821368693796664, 28.0]","[0.6561000000000001, 1.0, 0.7290000000000001]",0.43046721000000016,326.6280846194919,-126.62808461949191
5915,00000000,100,000,0,0,"[51.821368693796664, 30.0, 28.0]","[1.0, 0.6561000000000001, 0.7290000000000001]",0.43046721000000016,326.6280846194919,-126.62808461949191
5916,10010001,000,000,0,0,"[31.333333333333332, 31.333333333333332, 31.555555555555557]","[0.7290000000000001, 0.7290000000000001, 0.81]",0.38742048900000015,327.10041482143237,-127.10041482143237
5917,10010100,000,000,0,0,"[31.333333333333332, 34.888888888888886, 28.0]","[0.7290000000000001, 0.81, 0.7290000000000001]",0.3874204890000001,327.10041482143237,-127.10041482143237
5918,10110000,000,000,0,0,"[34.888888888888886, 31.333333333333332, 28.0]","[0.81, 0.7290000000000001, 0.7290000000000001]",0.3874204890000001,327.10041482143237,-127.10041482143237
5919,00010011,000,000,0,0,"[30.0, 31.333333333333332, 33.55555555555556]","[0.6561000000000001, 0.7290000000000001, 0.9]",0.38742048900000015,328.8211980159078,-128.82119801590778
5920,00010110,000,000,0,0,"[30.0, 34.888888888888886, 30.0]","[0.6561000000000001, 0.81, 0.81]",0.38742048900000015,328.8211980159078,-128.82119801590778
5921,00011001,000,000,0,0,"[30.0, 33.33333333333333, 31.555555555555557]","[0.6561000000000001, 0.81, 0.81]",0.38742048900000015,328.8211980159078,-128.82119801590778
5922,00011100,000,000,0,0,"[30.0, 36.888888888888886, 28.0]","[0.6561000000000001, 0.9, 0.7290000000000001]",0.3874204890000002,328.8211980159078,-128.82119801590778
5923,00110010,000,000,0,0,"[33.55555555555556, 31.333333333333332, 30.0]","[0.7290000000000001, 0.7290000000000001, 0.81]",0.38742048900000015,328.8211980159078,-128.82119801590778
5924,01010001,000,000,0,0,"[32.0, 31.333333333333332, 31.555555555555557]","[0.7290000000000001, 0.7290000000000001, 0.81]",0.38742048900000015,328.8211980159078,-128.82119801590778
5925,10000011,000,000,0,0,"[31.333333333333332, 30.0, 33.55555555555556]","[0.7290000000000001, 0.6561000000000001, 0.9]",0.38742048900000015,328.8211980159078,-128.82119801590778
5926,10000110,000,000,0,0,"[31.333333333333332, 33.55555555555556, 30.0]","[0.7290000000000001, 0.7290000000000001, 0.81]",0.38742048900000015,328.8211980159078,-128.82119801590778
5927,10001001,000,000,0,0,"[31.333333333333332, 32.0, 31.555555555555557]","[0.7290000000000001, 0.7290000000000001, 0.81]",0.38742048900000015,328.8211980159078,-128.82119801590778
5928,10100010,000,000,0,0,"[34.888888888888886, 30.0, 30.0]","[0.81, 0.6561000000000001, 0.81]",0.38742048900000015,328.8211980159078,-128.82119801590778
5929,11000001,000,000,0,0,"[33.33333333333333, 30.0, 31.555555555555557]","[0.81, 0.6561000000000001, 0.81]",0.38742048900000015,328.8211980159078,-128.82119801590778
5930,11100000,000,000,0,0,"[36.888888888888886, 30.0, 28.0]","[0.9, 0.6561000000000001, 0.7290000000000001]",0.3874204890000002,328.8211980159078,-128.82119801590778
5931,00111000,000,000,0,0,"[33.55555555555556, 33.33333333333333, 28.0]","[0.7290000000000001, 0.81, 0.7290000000000001]",0.3874204890000001,328.82119801590784,-128.82119801590784
5932,01010100,000,000,0,0,"[32.0, 34.888888888888886, 28.0]","[0.7290000000000001, 0.81, 0.7290000000000001]",0.3874204890000001,328.82119801590784,-128.82119801590784
5933,01110000,000,000,0,0,"[35.55555555555556, 31.333333333333332, 28.0]","[0.81, 0.7290000000000001, 0.7290000000000001]",0.3874204890000001,328.82119801590784,-128.82119801590784
5934,10001100,000,000,0,0,"[31.333333333333332, 35.55555555555556, 28.0]","[0.7290000000000001, 0.81, 0.7290000000000001]",0.3874204890000001,328.82119801590784,-128.82119801590784
5935,10101000,000,000,0,0,"[34.888888888888886, 32.0, 28.0]","[0.81, 0.7290000000000001, 0.7290000000000001]",0.3874204890000001,328.82119801590784,-128.82119801590784
5936,11000100,000,000,0,0,"[33.33333333333333, 33.55555555555556, 28.0]","[0.81, 0.7290000000000001, 0.7290000000000001]",0.3874204890000001,328.82119801590784,-128.82119801590784
5937,00010000,000,000,1,0,"[30.0, 31.333333333333332, 28.0]","[0.6561000000000001, 0.7290000000000001, 0.7290000000000001]",0.31381059609000017,329.28567301690975,-129.28567301690975
5938,10000000,000,000,1,0,"[31.333333333333332, 30.0, 28.0]","[0.7290000000000001, 0.6561000000000001, 0.7290000000000001]",0.31381059609000017,329.28567301690975,-129.28567301690975
5939,00001011,000,000,0,0,"[30.0, 32.0, 33.55555555555556]","[0.6561000000000001, 0.7290000000000001, 0.9]",0.38742048900000015,330.54198121038326,-130.54198121038326
5940,00001110,000,000,0,0,"[30.0, 35.55555555555556, 30.0]","[0.6561000000000001, 0.81, 0.81]",0.38742048900000015,330.54198121038326,-130.54198121038326
5941,00101010,000,000,0,0,"[33.55555555555556, 32.0, 30.0]","[0.7290000000000001, 0.7290000000000001, 0.81]",0.38742048900000015,330.54198121038326,-130.54198121038326
5942,01000011,000,000,0,0,"[32.0, 30.0, 33.55555555555556]","[0.7290000000000001, 0.6561000000000001, 0.9]",0.38742048900000015,330.54198121038326,-130.54198121038326
5943,01000110,000,000,0,0,"[32.0, 33.55555555555556, 30.0]","[0.7290000000000001, 0.7290000000000001, 0.81]",0.38742048900000015,330.54198121038326,-130.54198121038326
5944,01001001,000,000,0,0,"[32.0, 32.0, 31.555555555555557]","[0.7290000000000001, 0.7290000000000001, 0.81]",0.38742048900000015,330.54198121038326,-130.54198121038326
5945,01100010,000,000,0,0,"[35.55555555555556, 30.0, 30.0]","[0.81, 0.6561000000000001, 0.81]",0.38742048900000015,330.54198121038326,-130.54198121038326
5946,01001100,000,000,0,0,"[32.0, 35.55555555555556, 28.0]","[0.7290000000000001, 0.81, 0.7290000000000001]",0.3874204890000001,330.5419812103833,-130.5419812103833
5947,01101000,000,000,0,0,"[35.55555555555556, 32.0, 28.0]","[0.81, 0.7290000000000001, 0.7290000000000001]",0.3874204890000001,330.5419812103833,-130.5419812103833
5948,00000010,000,000,1,0,"[30.0, 30.0, 30.0]","[0.6561000000000001, 0.6561000000000001, 0.81]",0.31381059609000017,331.41009671379305,-131.41009671379305
5949,00001000,000,000,1,0,"[30.0, 32.0, 28.0]","[0.6561000000000001, 0.7290000000000001, 0.7290000000000001]",0.31381059609000017,331.41009671379305,-131.41009671379305
5950,01000000,000,000,1,0,"[32.0, 30.0, 28.0]","[0.7290000000000001, 0.6561000000000001, 0.7290000000000001]",0.31381059609000017,331.41009671379305,-131.41009671379305
5951,00010101,000,000,0,0,"[30.0, 34.888888888888886, 31.555555555555557]","[0.6561000000000001, 0.81, 0.81]",0.38742048900000015,332.8363588030173,-132.83635880301728
5952,00110001,000,000,0,0,"[33.55555555555556, 31.333333333333332, 31.555555555555557]","[0.7290000000000001, 0.7290000000000001, 0.81]",0.38742048900000015,332.8363588030173,-132.83635880301728
5953,10000101,000,000,0,0,"[31.333333333333332, 33.55555555555556, 31.555555555555557]","[0.7290000000000001, 0.7290000000000001, 0.81]",0.38742048900000015,332.8363588030173,-132.83635880301728
5954,10100001,000,000,0,0,"[34.888888888888886, 30.0, 31.555555555555557]","[0.81, 0.6561000000000001, 0.81]",0.38742048900000015,332.8363588030173,-132.83635880301728
5955,00110100,000,000,0,0,"[33.55555555555556, 34.888888888888886, 28.0]","[0.7290000000000001, 0.81, 0.7290000000000001]",0.3874204890000001,332.83635880301733,-132.83635880301733
5956,10100100,000,000,0,0,"[34.888888888888886, 33.55555555555556, 28.0]","[0.81, 0.7290000000000001, 0.7290000000000001]",0.3874204890000001,332.83635880301733,-132.83635880301733
5957,00000111,000,000,0,0,"[30.0, 33.55555555555556, 33.55555555555556]","[0.6561000000000001, 0.7290000000000001, 0.9]",0.38742048900000015,334.5571419974927,-134.5571419974927
5958,00001101,000,000,0,0,"[30.0, 35.55555555555556, 31.555555555555557]","[0.6561000000000001, 0.81, 0.81]",0.38742048900000015,334.5571419974927,-134.5571419974927
5959,00100011,000,000,0,0,"[33.55555555555556, 30.0, 33.55555555555556]","[0.7290000000000001, 0.6561000000000001, 0.9]",0.38742048900000015,334.5571419974927,-134.5571419974927
5960,00100110,000,000,0,0,"[33.55555555555556, 33.55555555555556, 30.0]","[0.7290000000000001, 0.7290000000000001, 0.81]",0.38742048900000015,334.5571419974927,-134.5571419974927
5961,00101001,000,000,0,0,"[33.55555555555556, 32.0, 31.555555555555557]","[0.7290000000000001, 0.7290000000000001, 0.81]",0.38742048900000015,334.5571419974927,-134.5571419974927
5962,01000101,000,000,0,0,"[32.0, 33.55555555555556, 31.555555555555557]","[0.7290000000000001, 0.7290000000000001, 0.81]",0.38742048900000015,334.5571419974927,-134.5571419974927
5963,01100001,000,000,0,0,"[35.55555555555556, 30.0, 31.555555555555557]","[0.81, 0.6561000000000001, 0.81]",0.38742048900000015,334.5571419974927,-134.5571419974927
5964,00101100,000,000,0,0,"[33.55555555555556, 35.55555555555556, 28.0]","[0.7290000000000001, 0.81, 0.7290000000000001]",0.3874204890000001,334.55714199749275,-134.55714199749275
5965,01100100,000,000,0,0,"[35.55555555555556, 33.55555555555556, 28.0]","[0.81, 0.7290000000000001, 0.7290000000000001]",0.3874204890000001,334.55714199749275,-134.55714199749275
5966,00000001,000,000,1,0,"[30.0, 30.0, 31.555555555555557]","[0.6561000000000001, 0.6561000000000001, 0.81]",0.31381059609000017,336.36708533985404,-136.36708533985404
5967,00000100,000,000,1,0,"[30.0, 33.55555555555556, 28.0]","[0.6561000000000001, 0.7290000000000001, 0.7290000000000001]",0.31381059609000017,336.36708533985404,-136.36708533985404
5968,00100000,000,000,1,0,"[33.55555555555556, 30.0, 28.0]","[0.7290000000000001, 0.6561000000000001, 0.7290000000000001]",0.31381059609000017,336.36708533985404,-136.36708533985404
5969,00100101,000,000,0,0,"[33.55555555555556, 33.55555555555556, 31.555555555555557]","[0.7290000000000001, 0.7290000000000001, 0.81]",0.38742048900000015,338.5723027846022,-138.5723027846022
5970,00000011,001,001,0,0,"[30.0, 30.0, 39.55555555555556]","[0.6561000000000001, 0.6561000000000001, 1.0]",0.38742048900000015,340.86668037723604,-140.86668037723604
5971,00000011,001,000,0,0,"[30.0, 30.0, 41.7283950617284]","[0.6561000000000001, 0.6561000000000001, 1.0]",0.38742048900000015,346.47515893700796,-146.47515893700796
5972,00000010,001,000,0,0,"[30.0, 30.0, 41.9753086419753]","[0.6561000000000001, 0.6561000000000001, 1.0]",0.38742048900000015,347.1124860460729,-147.1124860460729
5973,00000000,001,000,0,0,"[30.0, 30.0, 43.8957475994513]","[0.6561000000000001, 0.6561000000000001, 1.0]",0.38742048900000015,352.0694746721339,-152.06947467213388
5974,00000001,001,000,0,0,"[30.0, 30.0, 43.895747599451305]","[0.6561000000000001, 0.6561000000000001, 1.0]",0.38742048900000015,352.06947467213394,-152.06947467213394
5975,10010000,000,000,0,0,"[31.333333333333332, 31.333333333333332, 28.0]","[0.7290000000000001, 0.7290000000000001, 0.7290000000000001]",0.34867844010000015,357.69211605655164,-157.69211605655164
5976,00010010,000,000,0,0,"[30.0, 31.333333333333332, 30.0]","[0.6561000000000001, 0.7290000000000001, 0.81]",0.34867844010000015,359.60409738374665,-159.60409738374665
5977,00011000,000,000,0,0,"[30.0, 33.33333333333333, 28.0]","[0.6561000000000001, 0.81, 0.7290000000000001]",0.34867844010000015,359.60409738374665,-159.60409738374665
5978,01010000,000,000,0,0,"[32.0, 31.333333333333332, 28.0]","[0.7290000000000001, 0.7290000000000001, 0.7290000000000001]",0.34867844010000015,359.60409738374665,-159.60409738374665
5979,10000010,000,000,0,0,"[31.333333333333332, 30.0, 30.0]","[0.7290000000000001, 0.6561000000000001, 0.81]",0.34867844010000015,359.60409738374665,-159.60409738374665
5980,10001000,000,000,0,0,"[31.333333333333332, 32.0, 28.0]","[0.7290000000000001, 0.7290000000000001, 0.7290000000000001]",0.34867844010000015,359.60409738374665,-159.60409738374665
5981,11000000,000,000,0,0,"[33.33333333333333, 30.0, 28.0]","[0.81, 0.6561000000000001, 0.7290000000000001]",0.34867844010000015,359.60409738374665,-159.60409738374665
5982,00000000,000,000,1,0,"[30.0, 30.0, 28.0]","[0.6561000000000001, 0.6561000000000001, 0.7290000000000001]",0.28242953648100017,361.15202847015905,-161.15202847015905
5983,00001010,000,000,0,0,"[30.0, 32.0, 30.0]","[0.6561000000000001, 0.7290000000000001, 0.81]",0.34867844010000015,361.5160787109416,-161.5160787109416
5984,01000010,000,000,0,0,"[32.0, 30.0, 30.0]","[0.7290000000000001, 0.6561000000000001, 0.81]",0.34867844010000015,361.5160787109416,-161.5160787109416
5985,01001000,000,000,0,0,"[32.0, 32.0, 28.0]","[0.7290000000000001, 0.7290000000000001, 0.7290000000000001]",0.34867844010000015,361.5160787109416,-161.5160787109416
5986,00010001,000,000,0,0,"[30.0, 31.333333333333332, 31.555555555555557]","[0.6561000000000001, 0.7290000000000001, 0.81]",0.34867844010000015,364.06538714720153,-164.06538714720153
5987,00010100,000,000,0,0,"[30.0, 34.888888888888886, 28.0]","[0.6561000000000001, 0.81, 0.7290000000000001]",0.34867844010000015,364.06538714720153,-164.06538714720153
5988,00110000,000,000,0,0,"[33.55555555555556, 31.333333333333332, 28.0]","[0.7290000000000001, 0.7290000000000001, 0.7290000000000001]",0.34867844010000015,364.06538714720153,-164.06538714720153
5989,10000001,000,000,0,0,"[31.333333333333332, 30.0, 31.555555555555557]","[0.7290000000000001, 0.6561000000000001, 0.81]",0.34867844010000015,364.06538714720153,-164.06538714720153
5990,10000100,000,000,0,0,"[31.333333333333332, 33.55555555555556, 28.0]","[0.7290000000000001, 0.7290000000000001, 0.7290000000000001]",0.34867844010000015,364.06538714720153,-164.06538714720153
5991,10100000,000,000,0,0,"[34.888888888888886, 30.0, 28.0]","[0.81, 0.6561000000000001, 0.7290000000000001]",0.34867844010000015,364.06538714720153,-164.06538714720153
5992,00000011,000,000,0,0,"[30.0, 30.0, 33.55555555555556]","[0.6561000000000001, 0.6561000000000001, 0.9]",0.34867844010000015,365.97736847439654,-165.97736847439654
5993,00000110,000,000,0,0,"[30.0, 33.55555555555556, 30.0]","[0.6561000000000001, 0.7290000000000001, 0.81]",0.34867844010000015,365.97736847439654,-165.97736847439654
5994,00001001,000,000,0,0,"[30.0, 32.0, 31.555555555555557]","[0.6561000000000001, 0.7290000000000001, 0.81]",0.34867844010000015,365.97736847439654,-165.97736847439654
5995,00001100,000,000,0,0,"[30.0, 35.55555555555556, 28.0]","[0.6561000000000001, 0.81, 0.7290000000000001]",0.34867844010000015,365.97736847439654,-165.97736847439654
5996,00100010,000,000,0,0,"[33.55555555555556, 30.0, 30.0]","[0.7290000000000001, 0.6561000000000001, 0.81]",0.34867844010000015,365.97736847439654,-165.97736847439654
5997,00101000,000,000,0,0,"[33.55555555555556, 32.0, 28.0]","[0.7290000000000001, 0.7290000000000001, 0.7290000000000001]",0.34867844010000015,365.97736847439654,-165.97736847439654
5998,01000001,000,000,0,0,"[32.0, 30.0, 31.555555555555557]","[0.7290000000000001, 0.6561000000000001, 0.81]",0.34867844010000015,365.97736847439654,-165.97736847439654
5999,01000100,000,000,0,0,"[32.0, 33.55555555555556, 28.0]","[0.7290000000000001, 0.7290000000000001, 0.7290000000000001]",0.34867844010000015,365.97736847439654,-165.97736847439654
6000,01100000,000,000,0,0,"[35.55555555555556, 30.0, 28.0]","[0.81, 0.6561000000000001, 0.7290000000000001]",0.34867844010000015,365.97736847439654,-165.97736847439654
6001,00000101,000,000,0,0,"[30.0, 33.55555555555556, 31.555555555555557]","[0.6561000000000001, 0.7290000000000001, 0.81]",0.34867844010000015,370.4386582378514,-170.43865823785143
6002,00100001,000,000,0,0,"[33.55555555555556, 30.0, 31.555555555555557]","[0.7290000000000001, 0.6561000000000001, 0.81]",0.34867844010000015,370.4386582378514,-170.43865823785143
6003,00100100,000,000,0,0,"[33.55555555555556, 33.55555555555556, 28.0]","[0.7290000000000001, 0.7290000000000001, 0.7290000000000001]",0.34867844010000015,370.4386582378514,-170.43865823785143
6004,00010000,000,000,0,0,"[30.0, 31.333333333333332, 28.0]","[0.6561000000000001, 0.7290000000000001, 0.7290000000000001]",0.31381059609000017,397.63128155795744,-197.63128155795744
6005,10000000,000,000,0,0,"[31.333333333333332, 30.0, 28.0]","[0.7290000000000001, 0.6561000000000001, 0.7290000000000001]",0.31381059609000017,397.63128155795744,-197.63128155795744
6006,00000010,000,000,0,0,"[30.0, 30.0, 30.0]","[0.6561000000000001, 0.6561000000000001, 0.81]",0.31381059609000017,399.75570525484073,-199.75570525484073
6007,00001000,000,000,0,0,"[30.0, 32.0, 28.0]","[0.6561000000000001, 0.7290000000000001, 0.7290000000000001]",0.31381059609000017,399.75570525484073,-199.75570525484073
6008,01000000,000,000,0,0,"[32.0, 30.0, 28.0]","[0.7290000000000001, 0.6561000000000001, 0.7290000000000001]",0.31381059609000017,399.75570525484073,-199.75570525484073
6009,00000001,000,000,0,0,"[30.0, 30.0, 31.555555555555557]","[0.6561000000000001, 0.6561000000000001, 0.81]",0.31381059609000017,404.7126938809018,-204.71269388090178
6010,00000100,000,000,0,0,"[30.0, 33.55555555555556, 28.0]","[0.6561000000000001, 0.7290000000000001, 0.7290000000000001]",0.31381059609000017,404.7126938809018,-204.71269388090178
6011,00100000,000,000,0,0,"[33.55555555555556, 30.0, 28.0]","[0.7290000000000001, 0.6561000000000001, 0.7290000000000001]",0.31381059609000017,404.7126938809018,-204.71269388090178
6012,00000000,000,000,0,0,"[30.0, 30.0, 28.0]","[0.6561000000000001, 0.6561000000000001, 0.7290000000000001]",0.28242953648100017,441.53603796021207,-241.53603796021207
