export_index,mirror_id,position_key,x,y
1,177487332782245,"[""hex-band"",9,0,0]",93.9204550404,54.225000000000001
2,160631743572961,"[""hex-band"",9,0,1]",83.484848924800005,60.25
3,84677333822882,"[""hex-band"",9,0,8]",10.435606115600001,102.425
4,156911796746208,"[""hex-band"",9,1,0]",0,108.45
5,111922761296289,"[""hex-band"",9,1,1]",-10.435606115600001,102.425
6,18936301935277,"[""hex-band"",9,1,8]",-83.484848924800005,60.25
7,92738156363829,"[""hex-band"",9,2,0]",-93.9204550404,54.225000000000001
8,194688034929040,"[""hex-band"",9,2,1]",-93.9204550404,42.174999999999997
9,54310679910802,"[""hex-band"",9,2,8]",-93.9204550404,-42.174999999999997
10,148283304611617,"[""hex-band"",9,3,0]",-93.9204550404,-54.225000000000001
11,52667805505130,"[""hex-band"",9,3,1]",-83.484848924800005,-60.25
12,86329947285545,"[""hex-band"",9,3,8]",-10.435606115600001,-102.425
13,268463475939608,"[""hex-band"",9,4,0]",-0,-108.45
14,254933039571691,"[""hex-band"",9,4,1]",10.435606115600001,-102.425
15,70625719498573,"[""hex-band"",9,4,8]",83.484848924800005,-60.25
16,21258706387315,"[""hex-band"",9,5,0]",93.9204550404,-54.225000000000001
17,153421783379670,"[""hex-band"",9,5,1]",93.9204550404,-42.174999999999997
18,105380748889316,"[""hex-band"",9,5,8]",93.9204550404,42.174999999999997
19,89904618064464,"[""hex-band"",10,0,0]",104.356061156,60.25
20,278346033341436,"[""hex-band"",10,0,1]",93.9204550404,66.275000000000006
21,177323706621083,"[""hex-band"",10,0,2]",83.484848924800005,72.299999999999997
22,265447557460768,"[""hex-band"",10,0,3]",73.049242809199995,78.325000000000003
23,269648492074404,"[""hex-band"",10,0,4]",62.6136366936,84.349999999999994
24,180293435491565,"[""hex-band"",10,0,5]",52.178030577999998,90.375
25,71919375184712,"[""hex-band"",10,0,6]",41.742424462400002,96.400000000000006
26,72866860789760,"[""hex-band"",10,0,7]",31.3068183468,102.425
27,275563573785371,"[""hex-band"",10,0,8]",20.871212231200001,108.45
28,224071872910899,"[""hex-band"",10,0,9]",10.435606115600001,114.47499999999999
29,255117604682208,"[""hex-band"",10,1,0]",0,120.5
30,105245893851088,"[""hex-band"",10,1,1]",-10.435606115600001,114.47499999999999
31,195452634905345,"[""hex-band"",10,1,2]",-20.871212231200001,108.45
32,104452391996274,"[""hex-band"",10,1,3]",-31.3068183468,102.425
33,4933255546843,"[""hex-band"",10,1,4]",-41.742424462400002,96.400000000000006
34,212254849194912,"[""hex-band"",10,1,5]",-52.178030577999998,90.375
35,73256366757274,"[""hex-band"",10,1,6]",-62.6136366936,84.349999999999994
36,42315522704913,"[""hex-band"",10,1,7]",-73.049242809199995,78.325000000000003
37,215692473942463,"[""hex-band"",10,1,8]",-83.484848924800005,72.299999999999997
38,206020418947876,"[""hex-band"",10,1,9]",-93.9204550404,66.275000000000006
39,67600813541500,"[""hex-band"",10,2,0]",-104.356061156,60.25
40,59869326812629,"[""hex-band"",10,2,1]",-104.356061156,48.200000000000003
41,244994884214128,"[""hex-band"",10,2,2]",-104.356061156,36.149999999999999
42,267899771688371,"[""hex-band"",10,2,3]",-104.356061156,24.100000000000001
43,144093528335235,"[""hex-band"",10,2,4]",-104.356061156,12.050000000000001
44,110919439977929,"[""hex-band"",10,2,5]",-104.356061156,0
45,210391834291652,"[""hex-band"",10,2,6]",-104.356061156,-12.050000000000001
46,130660616386954,"[""hex-band"",10,2,7]",-104.356061156,-24.100000000000001
47,144507812617364,"[""hex-band"",10,2,8]",-104.356061156,-36.149999999999999
48,138433268632805,"[""hex-band"",10,2,9]",-104.356061156,-48.200000000000003
49,1533875686683,"[""hex-band"",10,3,0]",-104.356061156,-60.25
50,75464367817410,"[""hex-band"",10,3,1]",-93.9204550404,-66.275000000000006
51,6220332736254,"[""hex-band"",10,3,2]",-83.484848924800005,-72.299999999999997
52,213467573854036,"[""hex-band"",10,3,3]",-73.049242809199995,-78.325000000000003
53,84242426703464,"[""hex-band"",10,3,4]",-62.6136366936,-84.349999999999994
54,25982096135461,"[""hex-band"",10,3,5]",-52.178030577999998,-90.375
55,259286731513019,"[""hex-band"",10,3,6]",-41.742424462400002,-96.400000000000006
56,106367803969446,"[""hex-band"",10,3,7]",-31.3068183468,-102.425
57,280107329565572,"[""hex-band"",10,3,8]",-20.871212231200001,-108.45
58,144012505710847,"[""hex-band"",10,3,9]",-10.435606115600001,-114.47499999999999
59,37155753701037,"[""hex-band"",10,4,0]",-0,-120.5
60,280756153409610,"[""hex-band"",10,4,1]",10.435606115600001,-114.47499999999999
61,11156119872906,"[""hex-band"",10,4,2]",20.871212231200001,-108.45
62,77412422096930,"[""hex-band"",10,4,3]",31.3068183468,-102.425
63,87706853661959,"[""hex-band"",10,4,4]",41.742424462400002,-96.400000000000006
64,88209315042705,"[""hex-band"",10,4,5]",52.178030577999998,-90.375
65,80416753477289,"[""hex-band"",10,4,6]",62.6136366936,-84.349999999999994
66,99320392112619,"[""hex-band"",10,4,7]",73.049242809199995,-78.325000000000003
67,36105700325758,"[""hex-band"",10,4,8]",83.484848924800005,-72.299999999999997
68,82671876788899,"[""hex-band"",10,4,9]",93.9204550404,-66.275000000000006
69,74564245450559,"[""hex-band"",10,5,0]",104.356061156,-60.25
70,181331855708057,"[""hex-band"",10,5,1]",104.356061156,-48.200000000000003
71,183677429999757,"[""hex-band"",10,5,2]",104.356061156,-36.149999999999999
72,139158443885599,"[""hex-band"",10,5,3]",104.356061156,-24.100000000000001
73,232781205939194,"[""hex-band"",10,5,4]",104.356061156,-12.050000000000001
74,192243222157898,"[""hex-band"",10,5,5]",104.356061156,-0
75,4640770611875,"[""hex-band"",10,5,6]",104.356061156,12.050000000000001
76,90546824311062,"[""hex-band"",10,5,7]",104.356061156,24.100000000000001
77,167128585885071,"[""hex-band"",10,5,8]",104.356061156,36.149999999999999
78,62319368229771,"[""hex-band"",10,5,9]",104.356061156,48.200000000000003
79,153189874031512,"[""hex-band"",11,0,0]",114.79166727160001,66.275000000000006
80,240412278914398,"[""hex-band"",11,0,1]",104.356061156,72.299999999999997
81,275528122189541,"[""hex-band"",11,0,2]",93.9204550404,78.325000000000003
82,17028557315594,"[""hex-band"",11,0,3]",83.484848924800005,84.349999999999994
83,144878093907021,"[""hex-band"",11,0,4]",73.049242809199995,90.375
84,206179143997496,"[""hex-band"",11,0,5]",62.6136366936,96.400000000000006
85,208955478078024,"[""hex-band"",11,0,6]",52.178030577999998,102.425
86,157713449424452,"[""hex-band"",11,0,7]",41.742424462400002,108.45
87,79663288311742,"[""hex-band"",11,0,8]",31.3068183468,114.47499999999999
88,260363571250693,"[""hex-band"",11,0,9]",20.871212231200001,120.5
89,7231455433911,"[""hex-band"",11,0,10]",10.435606115600001,126.52500000000001
90,176473955952466,"[""hex-band"",11,1,0]",0,132.55000000000001
91,229269183430037,"[""hex-band"",11,1,1]",-10.435606115600001,126.52500000000001
92,152232605824603,"[""hex-band"",11,1,2]",-20.871212231200001,120.5
93,71319363180275,"[""hex-band"",11,1,3]",-31.3068183468,114.47499999999999
94,10914015125390,"[""hex-band"",11,1,4]",-41.742424462400002,108.45
95,209650717723858,"[""hex-band"",11,1,5]",-52.178030577999998,102.425
96,16698139039894,"[""hex-band"",11,1,6]",-62.6136366936,96.400000000000006
97,69696978933011,"[""hex-band"",11,1,7]",-73.049242809199995,90.375
98,90770907946586,"[""hex-band"",11,1,8]",-83.484848924800005,84.349999999999994
99,157657742313900,"[""hex-band"",11,1,9]",-93.9204550404,78.325000000000003
100,260039499101912,"[""hex-band"",11,1,10]",-104.356061156,72.299999999999997
101,120463441666170,"[""hex-band"",11,2,0]",-114.79166727160001,66.275000000000006
102,236027974321111,"[""hex-band"",11,2,1]",-114.79166727160001,54.225000000000001
103,258517554260625,"[""hex-band"",11,2,2]",-114.79166727160001,42.174999999999997
104,196162943096446,"[""hex-band"",11,2,3]",-114.79166727160001,30.125
105,43055927466783,"[""hex-band"",11,2,4]",-114.79166727160001,18.074999999999999
106,36401444875153,"[""hex-band"",11,2,5]",-114.79166727160001,6.0250000000000004
107,46340083281544,"[""hex-band"",11,2,6]",-114.79166727160001,-6.0250000000000004
108,108286705995337,"[""hex-band"",11,2,7]",-114.79166727160001,-18.074999999999999
109,56694295567632,"[""hex-band"",11,2,8]",-114.79166727160001,-30.125
110,228916784188497,"[""hex-band"",11,2,9]",-114.79166727160001,-42.174999999999997
111,264079712264287,"[""hex-band"",11,2,10]",-114.79166727160001,-54.225000000000001
112,243238263156700,"[""hex-band"",11,3,0]",-114.79166727160001,-66.275000000000006
113,20869853658198,"[""hex-band"",11,3,1]",-104.356061156,-72.299999999999997
114,187588110057734,"[""hex-band"",11,3,2]",-93.9204550404,-78.325000000000003
115,259031836353772,"[""hex-band"",11,3,3]",-83.484848924800005,-84.349999999999994
116,92177258930757,"[""hex-band"",11,3,4]",-73.049242809199995,-90.375
117,261554616392934,"[""hex-band"",11,3,5]",-62.6136366936,-96.400000000000006
118,190223169976436,"[""hex-band"",11,3,6]",-52.178030577999998,-102.425
119,138387082483771,"[""hex-band"",11,3,7]",-41.742424462400002,-108.45
120,5936470234243,"[""hex-band"",11,3,8]",-31.3068183468,-114.47499999999999
121,200303165851684,"[""hex-band"",11,3,9]",-20.871212231200001,-120.5
122,179050913619602,"[""hex-band"",11,3,10]",-10.435606115600001,-126.52500000000001
123,70734596816709,"[""hex-band"",11,4,0]",-0,-132.55000000000001
124,132396308358834,"[""hex-band"",11,4,1]",10.435606115600001,-126.52500000000001
125,256853190115680,"[""hex-band"",11,4,2]",20.871212231200001,-120.5
126,43830207481730,"[""hex-band"",11,4,3]",31.3068183468,-114.47499999999999
127,273283303755760,"[""hex-band"",11,4,4]",41.742424462400002,-108.45
128,275344161273608,"[""hex-band"",11,4,5]",52.178030577999998,-102.425
129,221706970523184,"[""hex-band"",11,4,6]",62.6136366936,-96.400000000000006
130,678515161710,"[""hex-band"",11,4,7]",73.049242809199995,-90.375
131,237070424355595,"[""hex-band"",11,4,8]",83.484848924800005,-84.349999999999994
132,152115906367490,"[""hex-band"",11,4,9]",93.9204550404,-78.325000000000003
133,101297234378893,"[""hex-band"",11,4,10]",104.356061156,-72.299999999999997
134,220946225149750,"[""hex-band"",11,5,0]",114.79166727160001,-66.275000000000006
135,215976871463620,"[""hex-band"",11,5,1]",114.79166727160001,-54.225000000000001
136,109799970619614,"[""hex-band"",11,5,2]",114.79166727160001,-42.174999999999997
137,31537197169660,"[""hex-band"",11,5,3]",114.79166727160001,-30.125
138,141688957179651,"[""hex-band"",11,5,4]",114.79166727160001,-18.074999999999999
139,179993127561501,"[""hex-band"",11,5,5]",114.79166727160001,-6.0250000000000004
140,212049274706934,"[""hex-band"",11,5,6]",114.79166727160001,6.0250000000000004
141,177863450437620,"[""hex-band"",11,5,7]",114.79166727160001,18.074999999999999
142,165123955546890,"[""hex-band"",11,5,8]",114.79166727160001,30.125
143,253177551580986,"[""hex-band"",11,5,9]",114.79166727160001,42.174999999999997
144,229503601224378,"[""hex-band"",11,5,10]",114.79166727160001,54.225000000000001
145,146790922420656,"[""hex-band"",12,0,0]",125.2272733872,72.299999999999997
146,50499689404535,"[""hex-band"",12,0,1]",114.79166727160001,78.325000000000003
147,122342691442469,"[""hex-band"",12,0,2]",104.356061156,84.349999999999994
148,38741126285183,"[""hex-band"",12,0,3]",93.9204550404,90.375
149,231284995081504,"[""hex-band"",12,0,4]",83.484848924800005,96.400000000000006
150,225490188677966,"[""hex-band"",12,0,5]",73.049242809199995,102.425
151,267794638135180,"[""hex-band"",12,0,6]",62.6136366936,108.45
152,88520675205682,"[""hex-band"",12,0,7]",52.178030577999998,114.47499999999999
153,238825606687135,"[""hex-band"",12,0,8]",41.742424462400002,120.5
154,48873765080342,"[""hex-band"",12,0,9]",31.3068183468,126.52500000000001
155,182206212093754,"[""hex-band"",12,0,10]",20.871212231200001,132.55000000000001
156,178306814925449,"[""hex-band"",12,0,11]",10.435606115600001,138.57499999999999
157,174303916202366,"[""hex-band"",12,1,0]",0,144.59999999999999
158,242822572962631,"[""hex-band"",12,1,1]",-10.435606115600001,138.57499999999999
159,281435064245271,"[""hex-band"",12,1,2]",-20.871212231200001,132.55000000000001
160,155069851139912,"[""hex-band"",12,1,3]",-31.3068183468,126.52500000000001
161,61339523627770,"[""hex-band"",12,1,4]",-41.742424462400002,120.5
162,253240753052662,"[""hex-band"",12,1,5]",-52.178030577999998,114.47499999999999
163,229009583568750,"[""hex-band"",12,1,6]",-62.6136366936,108.45
164,110903855869588,"[""hex-band"",12,1,7]",-73.049242809199995,102.425
165,259658379633096,"[""hex-band"",12,1,8]",-83.484848924800005,96.400000000000006
166,74266446450040,"[""hex-band"",12,1,9]",-93.9204550404,90.375
167,226286276109516,"[""hex-band"",12,1,10]",-104.356061156,84.349999999999994
168,169235791257023,"[""hex-band"",12,1,11]",-114.79166727160001,78.325000000000003
169,117937354484107,"[""hex-band"",12,2,0]",-125.2272733872,72.299999999999997
170,219757636121032,"[""hex-band"",12,2,1]",-125.2272733872,60.25
171,35612362782156,"[""hex-band"",12,2,2]",-125.2272733872,48.200000000000003
172,46639056168315,"[""hex-band"",12,2,3]",-125.2272733872,36.149999999999999
173,123589898328340,"[""hex-band"",12,2,4]",-125.2272733872,24.100000000000001
174,146260826751562,"[""hex-band"",12,2,5]",-125.2272733872,12.050000000000001
175,120548681186564,"[""hex-band"",12,2,6]",-125.2272733872,0
176,150534760744571,"[""hex-band"",12,2,7]",-125.2272733872,-12.050000000000001
177,247201299275302,"[""hex-band"",12,2,8]",-125.2272733872,-24.100000000000001
178,271946601262280,"[""hex-band"",12,2,9]",-125.2272733872,-36.149999999999999
179,21708508138883,"[""hex-band"",12,2,10]",-125.2272733872,-48.200000000000003
180,265754388044411,"[""hex-band"",12,2,11]",-125.2272733872,-60.25
181,30411183859251,"[""hex-band"",12,3,0]",-125.2272733872,-72.299999999999997
182,166302607510144,"[""hex-band"",12,3,1]",-114.79166727160001,-78.325000000000003
183,17869129087078,"[""hex-band"",12,3,2]",-104.356061156,-84.349999999999994
184,187541238596124,"[""hex-band"",12,3,3]",-93.9204550404,-90.375
185,204288487503921,"[""hex-band"",12,3,4]",-83.484848924800005,-96.400000000000006
186,116316732120640,"[""hex-band"",12,3,5]",-73.049242809199995,-102.425
187,137707475973211,"[""hex-band"",12,3,6]",-62.6136366936,-108.45
188,272414163012702,"[""hex-band"",12,3,7]",-52.178030577999998,-114.47499999999999
189,194945863272242,"[""hex-band"",12,3,8]",-41.742424462400002,-120.5
190,67106962953241,"[""hex-band"",12,3,9]",-31.3068183468,-126.52500000000001
191,34604938764943,"[""hex-band"",12,3,10]",-20.871212231200001,-132.55000000000001
192,19423641866985,"[""hex-band"",12,3,11]",-10.435606115600001,-138.57499999999999
193,279966804695459,"[""hex-band"",12,4,0]",-0,-144.59999999999999
194,147161093678494,"[""hex-band"",12,4,1]",10.435606115600001,-138.57499999999999
195,41310639069051,"[""hex-band"",12,4,2]",20.871212231200001,-132.55000000000001
196,43981739894554,"[""hex-band"",12,4,3]",31.3068183468,-126.52500000000001
197,124121343271844,"[""hex-band"",12,4,4]",41.742424462400002,-120.5
198,141464618033261,"[""hex-band"",12,4,5]",52.178030577999998,-114.47499999999999
199,197897013595157,"[""hex-band"",12,4,6]",62.6136366936,-108.45
200,40539965940612,"[""hex-band"",12,4,7]",73.049242809199995,-102.425
201,88914227476885,"[""hex-band"",12,4,8]",83.484848924800005,-96.400000000000006
202,55123481297883,"[""hex-band"",12,4,9]",93.9204550404,-90.375
203,186790265827907,"[""hex-band"",12,4,10]",104.356061156,-84.349999999999994
204,35637851789039,"[""hex-band"",12,4,11]",114.79166727160001,-78.325000000000003
205,11164151434121,"[""hex-band"",12,5,0]",125.2272733872,-72.299999999999997
206,116164255541382,"[""hex-band"",12,5,1]",125.2272733872,-60.25
207,75227080610486,"[""hex-band"",12,5,2]",125.2272733872,-48.200000000000003
208,134715498883849,"[""hex-band"",12,5,3]",125.2272733872,-36.149999999999999
209,153813569158249,"[""hex-band"",12,5,4]",125.2272733872,-24.100000000000001
210,11820283705204,"[""hex-band"",12,5,5]",125.2272733872,-12.050000000000001
211,184012306912625,"[""hex-band"",12,5,6]",125.2272733872,-0
212,119611443665031,"[""hex-band"",12,5,7]",125.2272733872,12.050000000000001
213,160700819315072,"[""hex-band"",12,5,8]",125.2272733872,24.100000000000001
214,250744431195498,"[""hex-band"",12,5,9]",125.2272733872,36.149999999999999
215,124714590254959,"[""hex-band"",12,5,10]",125.2272733872,48.200000000000003
216,91670882417122,"[""hex-band"",12,5,11]",125.2272733872,60.25
217,69555350630589,"[""hex-band"",13,0,0]",135.6628795028,78.325000000000003
218,40662886654065,"[""hex-band"",13,0,1]",125.2272733872,84.349999999999994
219,83934908876773,"[""hex-band"",13,0,2]",114.79166727160001,90.375
220,41638843280213,"[""hex-band"",13,0,3]",104.356061156,96.400000000000006
221,275908030693144,"[""hex-band"",13,0,4]",93.9204550404,102.425
222,28244214077752,"[""hex-band"",13,0,5]",83.484848924800005,108.45
223,254413689136265,"[""hex-band"",13,0,6]",73.049242809199995,114.47499999999999
224,244012985895872,"[""hex-band"",13,0,7]",62.6136366936,120.5
225,223515432283264,"[""hex-band"",13,0,8]",52.178030577999998,126.52500000000001
226,194621901044911,"[""hex-band"",13,0,9]",41.742424462400002,132.55000000000001
227,143927768118125,"[""hex-band"",13,0,10]",31.3068183468,138.57499999999999
228,278336733461073,"[""hex-band"",13,0,11]",20.871212231200001,144.59999999999999
229,194998621578182,"[""hex-band"",13,0,12]",10.435606115600001,150.625
230,262997427547024,"[""hex-band"",13,1,0]",0,156.65000000000001
231,105807764202739,"[""hex-band"",13,1,1]",-10.435606115600001,150.625
232,240076024820603,"[""hex-band"",13,1,2]",-20.871212231200001,144.59999999999999
233,270395461996760,"[""hex-band"",13,1,3]",-31.3068183468,138.57499999999999
234,260763522094417,"[""hex-band"",13,1,4]",-41.742424462400002,132.55000000000001
235,139185481376976,"[""hex-band"",13,1,5]",-52.178030577999998,126.52500000000001
236,241806086325726,"[""hex-band"",13,1,6]",-62.6136366936,120.5
237,106685888860178,"[""hex-band"",13,1,7]",-73.049242809199995,114.47499999999999
238,265533450351955,"[""hex-band"",13,1,8]",-83.484848924800005,108.45
239,48412176434409,"[""hex-band"",13,1,9]",-93.9204550404,102.425
240,254230798140059,"[""hex-band"",13,1,10]",-104.356061156,96.400000000000006
241,16604965764617,"[""hex-band"",13,1,11]",-114.79166727160001,90.375
242,29301980458594,"[""hex-band"",13,1,12]",-125.2272733872,84.349999999999994
243,6342167325607,"[""hex-band"",13,2,0]",-135.6628795028,78.325000000000003
244,205387399329187,"[""hex-band"",13,2,1]",-135.6628795028,66.275000000000006
245,31576099617909,"[""hex-band"",13,2,2]",-135.6628795028,54.225000000000001
246,155348272212373,"[""hex-band"",13,2,3]",-135.6628795028,42.174999999999997
247,72986731195544,"[""hex-band"",13,2,4]",-135.6628795028,30.125
248,55061459849205,"[""hex-band"",13,2,5]",-135.6628795028,18.074999999999999
249,186136989051325,"[""hex-band"",13,2,6]",-135.6628795028,6.0250000000000004
250,2166446701338,"[""hex-band"",13,2,7]",-135.6628795028,-6.0250000000000004
251,204611909141200,"[""hex-band"",13,2,8]",-135.6628795028,-18.074999999999999
252,247442533882217,"[""hex-band"",13,2,9]",-135.6628795028,-30.125
253,129861518656581,"[""hex-band"",13,2,10]",-135.6628795028,-42.174999999999997
254,266569196569164,"[""hex-band"",13,2,11]",-135.6628795028,-54.225000000000001
255,125018598961772,"[""hex-band"",13,2,12]",-135.6628795028,-66.275000000000006
256,20901246463210,"[""hex-band"",13,3,0]",-135.6628795028,-78.325000000000003
257,55801601763428,"[""hex-band"",13,3,1]",-125.2272733872,-84.349999999999994
258,78742762328867,"[""hex-band"",13,3,2]",-114.79166727160001,-90.375
259,75286828196666,"[""hex-band"",13,3,3]",-104.356061156,-96.400000000000006
260,122972312859154,"[""hex-band"",13,3,4]",-93.9204550404,-102.425
261,192621965202897,"[""hex-band"",13,3,5]",-83.484848924800005,-108.45
262,227950892214684,"[""hex-band"",13,3,6]",-73.049242809199995,-114.47499999999999
263,155066289025551,"[""hex-band"",13,3,7]",-62.6136366936,-120.5
264,41919185317433,"[""hex-band"",13,3,8]",-52.178030577999998,-126.52500000000001
265,122704835461708,"[""hex-band"",13,3,9]",-41.742424462400002,-132.55000000000001
266,93677020544830,"[""hex-band"",13,3,10]",-31.3068183468,-138.57499999999999
267,155731814629612,"[""hex-band"",13,3,11]",-20.871212231200001,-144.59999999999999
268,271870630794992,"[""hex-band"",13,3,12]",-10.435606115600001,-150.625
269,2202198738950,"[""hex-band"",13,4,0]",-0,-156.65000000000001
270,218499158361670,"[""hex-band"",13,4,1]",10.435606115600001,-150.625
271,131219256012028,"[""hex-band"",13,4,2]",20.871212231200001,-144.59999999999999
272,49164607448423,"[""hex-band"",13,4,3]",31.3068183468,-138.57499999999999
273,216061378100022,"[""hex-band"",13,4,4]",41.742424462400002,-132.55000000000001
274,190343948247824,"[""hex-band"",13,4,5]",52.178030577999998,-126.52500000000001
275,132026628202612,"[""hex-band"",13,4,6]",62.6136366936,-120.5
276,48044195436110,"[""hex-band"",13,4,7]",73.049242809199995,-114.47499999999999
277,67069787442612,"[""hex-band"",13,4,8]",83.484848924800005,-108.45
278,115562487175916,"[""hex-band"",13,4,9]",93.9204550404,-102.425
279,134491681259123,"[""hex-band"",13,4,10]",104.356061156,-96.400000000000006
280,137381878144778,"[""hex-band"",13,4,11]",114.79166727160001,-90.375
281,86795514705281,"[""hex-band"",13,4,12]",125.2272733872,-84.349999999999994
282,80229852405869,"[""hex-band"",13,5,0]",135.6628795028,-78.325000000000003
283,155858580934219,"[""hex-band"",13,5,1]",135.6628795028,-66.275000000000006
284,138812124217486,"[""hex-band"",13,5,2]",135.6628795028,-54.225000000000001
285,123819954583165,"[""hex-band"",13,5,3]",135.6628795028,-42.174999999999997
286,80910363570965,"[""hex-band"",13,5,4]",135.6628795028,-30.125
287,192276226297692,"[""hex-band"",13,5,5]",135.6628795028,-18.074999999999999
288,180530819743717,"[""hex-band"",13,5,6]",135.6628795028,-6.0250000000000004
289,68141946955765,"[""hex-band"",13,5,7]",135.6628795028,6.0250000000000004
290,188308247892896,"[""hex-band"",13,5,8]",135.6628795028,18.074999999999999
291,74674877293930,"[""hex-band"",13,5,9]",135.6628795028,30.125
292,96630520302892,"[""hex-band"",13,5,10]",135.6628795028,42.174999999999997
293,34598735229668,"[""hex-band"",13,5,11]",135.6628795028,54.225000000000001
294,76325793499876,"[""hex-band"",13,5,12]",135.6628795028,66.275000000000006
295,104552433444533,"[""hex-band"",14,0,0]",146.09848561839999,84.349999999999994
296,168880754338744,"[""hex-band"",14,0,1]",135.6628795028,90.375
297,50458691862069,"[""hex-band"",14,0,2]",125.2272733872,96.400000000000006
298,27887023483763,"[""hex-band"",14,0,3]",114.79166727160001,102.425
299,246063195867582,"[""hex-band"",14,0,4]",104.356061156,108.45
300,263624242021151,"[""hex-band"",14,0,5]",93.9204550404,114.47499999999999
301,147837621493787,"[""hex-band"",14,0,6]",83.484848924800005,120.5
302,169046582480812,"[""hex-band"",14,0,7]",73.049242809199995,126.52500000000001
303,218778994981048,"[""hex-band"",14,0,8]",62.6136366936,132.55000000000001
304,47201761296504,"[""hex-band"",14,0,9]",52.178030577999998,138.57499999999999
305,42554378542029,"[""hex-band"",14,0,10]",41.742424462400002,144.59999999999999
306,5093330953218,"[""hex-band"",14,0,11]",31.3068183468,150.625
307,10157399936884,"[""hex-band"",14,0,12]",20.871212231200001,156.65000000000001
308,196638726081398,"[""hex-band"",14,0,13]",10.435606115600001,162.67500000000001
309,104483310974754,"[""hex-band"",14,1,0]",0,168.69999999999999
310,268809013135831,"[""hex-band"",14,1,1]",-10.435606115600001,162.67500000000001
311,82372187750958,"[""hex-band"",14,1,2]",-20.871212231200001,156.65000000000001
312,43387795452148,"[""hex-band"",14,1,3]",-31.3068183468,150.625
313,263379652708624,"[""hex-band"",14,1,4]",-41.742424462400002,144.59999999999999
314,141688170627236,"[""hex-band"",14,1,5]",-52.178030577999998,138.57499999999999
315,230247869296974,"[""hex-band"",14,1,6]",-62.6136366936,132.55000000000001
316,15600588583948,"[""hex-band"",14,1,7]",-73.049242809199995,126.52500000000001
317,242669736797898,"[""hex-band"",14,1,8]",-83.484848924800005,120.5
318,264581680765917,"[""hex-band"",14,1,9]",-93.9204550404,114.47499999999999
319,208697108726381,"[""hex-band"",14,1,10]",-104.356061156,108.45
320,172350385716933,"[""hex-band"",14,1,11]",-114.79166727160001,102.425
321,175581494704135,"[""hex-band"",14,1,12]",-125.2272733872,96.400000000000006
322,171039940519581,"[""hex-band"",14,1,13]",-135.6628795028,90.375
323,100213520434424,"[""hex-band"",14,2,0]",-146.09848561839999,84.349999999999994
324,97362952347105,"[""hex-band"",14,2,1]",-146.09848561839999,72.299999999999997
325,272336415320228,"[""hex-band"",14,2,2]",-146.09848561839999,60.25
326,65826349253664,"[""hex-band"",14,2,3]",-146.09848561839999,48.200000000000003
327,132185601536353,"[""hex-band"",14,2,4]",-146.09848561839999,36.149999999999999
328,219706864609084,"[""hex-band"",14,2,5]",-146.09848561839999,24.100000000000001
329,63718526562655,"[""hex-band"",14,2,6]",-146.09848561839999,12.050000000000001
330,113160619070789,"[""hex-band"",14,2,7]",-146.09848561839999,0
331,42810699729242,"[""hex-band"",14,2,8]",-146.09848561839999,-12.050000000000001
332,208063182875100,"[""hex-band"",14,2,9]",-146.09848561839999,-24.100000000000001
333,158125880803573,"[""hex-band"",14,2,10]",-146.09848561839999,-36.149999999999999
334,184375732270631,"[""hex-band"",14,2,11]",-146.09848561839999,-48.200000000000003
335,97859214930507,"[""hex-band"",14,2,12]",-146.09848561839999,-60.25
336,6668035432681,"[""hex-band"",14,2,13]",-146.09848561839999,-72.299999999999997
337,54868047310679,"[""hex-band"",14,3,0]",-146.09848561839999,-84.349999999999994
338,219387671005483,"[""hex-band"",14,3,1]",-135.6628795028,-90.375
339,174059073166420,"[""hex-band"",14,3,2]",-125.2272733872,-96.400000000000006
340,26883909849444,"[""hex-band"",14,3,3]",-114.79166727160001,-102.425
341,272521787513325,"[""hex-band"",14,3,4]",-104.356061156,-108.45
342,118423826764794,"[""hex-band"",14,3,5]",-93.9204550404,-114.47499999999999
343,218310116844472,"[""hex-band"",14,3,6]",-83.484848924800005,-120.5
344,71803465337110,"[""hex-band"",14,3,7]",-73.049242809199995,-126.52500000000001
345,123932482719172,"[""hex-band"",14,3,8]",-62.6136366936,-132.55000000000001
346,110178412477435,"[""hex-band"",14,3,9]",-52.178030577999998,-138.57499999999999
347,172597950512938,"[""hex-band"",14,3,10]",-41.742424462400002,-144.59999999999999
348,266587565598981,"[""hex-band"",14,3,11]",-31.3068183468,-150.625
349,113700989403028,"[""hex-band"",14,3,12]",-20.871212231200001,-156.65000000000001
350,135923717680055,"[""hex-band"",14,3,13]",-10.435606115600001,-162.67500000000001
351,108904767949121,"[""hex-band"",14,4,0]",-0,-168.69999999999999
352,265800708613213,"[""hex-band"",14,4,1]",10.435606115600001,-162.67500000000001
353,53762842604883,"[""hex-band"",14,4,2]",20.871212231200001,-156.65000000000001
354,226584797150810,"[""hex-band"",14,4,3]",31.3068183468,-150.625
355,97260863328553,"[""hex-band"",14,4,4]",41.742424462400002,-144.59999999999999
356,185371135600664,"[""hex-band"",14,4,5]",52.178030577999998,-138.57499999999999
357,28513564837206,"[""hex-band"",14,4,6]",62.6136366936,-132.55000000000001
358,100770446782432,"[""hex-band"",14,4,7]",73.049242809199995,-126.52500000000001
359,131475072638537,"[""hex-band"",14,4,8]",83.484848924800005,-120.5
360,215308475687211,"[""hex-band"",14,4,9]",93.9204550404,-114.47499999999999
361,160503736472871,"[""hex-band"",14,4,10]",104.356061156,-108.45
362,149489916915100,"[""hex-band"",14,4,11]",114.79166727160001,-102.425
363,214375457858177,"[""hex-band"",14,4,12]",125.2272733872,-96.400000000000006
364,92633479744761,"[""hex-band"",14,4,13]",135.6628795028,-90.375
365,29722893422921,"[""hex-band"",14,5,0]",146.09848561839999,-84.349999999999994
366,246962660307875,"[""hex-band"",14,5,1]",146.09848561839999,-72.299999999999997
367,147601001709013,"[""hex-band"",14,5,2]",146.09848561839999,-60.25
368,127081564632702,"[""hex-band"",14,5,3]",146.09848561839999,-48.200000000000003
369,172442440912050,"[""hex-band"",14,5,4]",146.09848561839999,-36.149999999999999
370,258743254887973,"[""hex-band"",14,5,5]",146.09848561839999,-24.100000000000001
371,50827598908627,"[""hex-band"",14,5,6]",146.09848561839999,-12.050000000000001
372,159274125505890,"[""hex-band"",14,5,7]",146.09848561839999,-0
373,164490931979721,"[""hex-band"",14,5,8]",146.09848561839999,12.050000000000001
374,179158797743457,"[""hex-band"",14,5,9]",146.09848561839999,24.100000000000001
375,25262615112265,"[""hex-band"",14,5,10]",146.09848561839999,36.149999999999999
376,86847052901809,"[""hex-band"",14,5,11]",146.09848561839999,48.200000000000003
377,17440257715294,"[""hex-band"",14,5,12]",146.09848561839999,60.25
378,189104528793940,"[""hex-band"",14,5,13]",146.09848561839999,72.299999999999997
379,196619825607547,"[""hex-band"",15,0,0]",156.53409173399999,90.375
380,33697263946241,"[""hex-band"",15,0,1]",146.09848561839999,96.400000000000006
381,107423309467707,"[""hex-band"",15,0,2]",135.6628795028,102.425
382,51881286704261,"[""hex-band"",15,0,3]",125.2272733872,108.45
383,205561360813020,"[""hex-band"",15,0,4]",114.79166727160001,114.47499999999999
384,228176672104704,"[""hex-band"",15,0,5]",104.356061156,120.5
385,13233365106211,"[""hex-band"",15,0,6]",93.9204550404,126.52500000000001
386,66876686064358,"[""hex-band"",15,0,7]",83.484848924800005,132.55000000000001
387,218137076110381,"[""hex-band"",15,0,8]",73.049242809199995,138.57499999999999
388,62238979866297,"[""hex-band"",15,0,9]",62.6136366936,144.59999999999999
389,4810008922874,"[""hex-band"",15,0,10]",52.178030577999998,150.625
390,24260306819572,"[""hex-band"",15,0,11]",41.742424462400002,156.65000000000001
391,210881236732980,"[""hex-band"",15,0,12]",31.3068183468,162.67500000000001
392,102423660332038,"[""hex-band"",15,0,13]",20.871212231200001,168.69999999999999
393,215947162731488,"[""hex-band"",15,0,14]",10.435606115600001,174.72499999999999
394,12276327053164,"[""hex-band"",15,1,0]",0,180.75
395,122905558323580,"[""hex-band"",15,1,1]",-10.435606115600001,174.72499999999999
396,113995572083046,"[""hex-band"",15,1,2]",-20.871212231200001,168.69999999999999
397,117013199321609,"[""hex-band"",15,1,3]",-31.3068183468,162.67500000000001
398,267503822611931,"[""hex-band"",15,1,4]",-41.742424462400002,156.65000000000001
399,62351987336369,"[""hex-band"",15,1,5]",-52.178030577999998,150.625
400,70555504379136,"[""hex-band"",15,1,6]",-62.6136366936,144.59999999999999
401,229972447926457,"[""hex-band"",15,1,7]",-73.049242809199995,138.57499999999999
402,90252933770733,"[""hex-band"",15,1,8]",-83.484848924800005,132.55000000000001
403,202620179915807,"[""hex-band"",15,1,9]",-93.9204550404,126.52500000000001
404,187541825651025,"[""hex-band"",15,1,10]",-104.356061156,120.5
405,19865673819655,"[""hex-band"",15,1,11]",-114.79166727160001,114.47499999999999
406,187239775318511,"[""hex-band"",15,1,12]",-125.2272733872,108.45
407,65500079450697,"[""hex-band"",15,1,13]",-135.6628795028,102.425
408,228017136125409,"[""hex-band"",15,1,14]",-146.09848561839999,96.400000000000006
409,86616126675294,"[""hex-band"",15,2,0]",-156.53409173399999,90.375
410,209613355820382,"[""hex-band"",15,2,1]",-156.53409173399999,78.325000000000003
411,94975450510801,"[""hex-band"",15,2,2]",-156.53409173399999,66.275000000000006
412,60871548655416,"[""hex-band"",15,2,3]",-156.53409173399999,54.225000000000001
413,137375414799243,"[""hex-band"",15,2,4]",-156.53409173399999,42.174999999999997
414,143415582332189,"[""hex-band"",15,2,5]",-156.53409173399999,30.125
415,155474663107217,"[""hex-band"",15,2,6]",-156.53409173399999,18.074999999999999
416,265152169263038,"[""hex-band"",15,2,7]",-156.53409173399999,6.0250000000000004
417,109252323464286,"[""hex-band"",15,2,8]",-156.53409173399999,-6.0250000000000004
418,23437322522716,"[""hex-band"",15,2,9]",-156.53409173399999,-18.074999999999999
419,87450442670400,"[""hex-band"",15,2,10]",-156.53409173399999,-30.125
420,74465098747094,"[""hex-band"",15,2,11]",-156.53409173399999,-42.174999999999997
421,118587432428585,"[""hex-band"",15,2,12]",-156.53409173399999,-54.225000000000001
422,65136835039223,"[""hex-band"",15,2,13]",-156.53409173399999,-66.275000000000006
423,80386903127495,"[""hex-band"",15,2,14]",-156.53409173399999,-78.325000000000003
424,255883810498209,"[""hex-band"",15,3,0]",-156.53409173399999,-90.375
425,5626650562202,"[""hex-band"",15,3,1]",-146.09848561839999,-96.400000000000006
426,74226967622530,"[""hex-band"",15,3,2]",-135.6628795028,-102.425
427,239478523103858,"[""hex-band"",15,3,3]",-125.2272733872,-108.45
428,180137690668936,"[""hex-band"",15,3,4]",-114.79166727160001,-114.47499999999999
429,44495403056815,"[""hex-band"",15,3,5]",-104.356061156,-120.5
430,160470871266125,"[""hex-band"",15,3,6]",-93.9204550404,-126.52500000000001
431,233679848107463,"[""hex-band"",15,3,7]",-83.484848924800005,-132.55000000000001
432,224137846386976,"[""hex-band"",15,3,8]",-73.049242809199995,-138.57499999999999
433,76227098546631,"[""hex-band"",15,3,9]",-62.6136366936,-144.59999999999999
434,252923762043920,"[""hex-band"",15,3,10]",-52.178030577999998,-150.625
435,25103219904921,"[""hex-band"",15,3,11]",-41.742424462400002,-156.65000000000001
436,264951269302744,"[""hex-band"",15,3,12]",-31.3068183468,-162.67500000000001
437,30052718084906,"[""hex-band"",15,3,13]",-20.871212231200001,-168.69999999999999
438,28843072950694,"[""hex-band"",15,3,14]",-10.435606115600001,-174.72499999999999
439,75306798120416,"[""hex-band"",15,4,0]",-0,-180.75
440,230841024294450,"[""hex-band"",15,4,1]",10.435606115600001,-174.72499999999999
441,31068722144618,"[""hex-band"",15,4,2]",20.871212231200001,-168.69999999999999
442,188329501570247,"[""hex-band"",15,4,3]",31.3068183468,-162.67500000000001
443,183986763339325,"[""hex-band"",15,4,4]",41.742424462400002,-156.65000000000001
444,109422864212874,"[""hex-band"",15,4,5]",52.178030577999998,-150.625
445,159484190765314,"[""hex-band"",15,4,6]",62.6136366936,-144.59999999999999
446,84233534506114,"[""hex-band"",15,4,7]",73.049242809199995,-138.57499999999999
447,266230238312097,"[""hex-band"",15,4,8]",83.484848924800005,-132.55000000000001
448,206631868494174,"[""hex-band"",15,4,9]",93.9204550404,-126.52500000000001
449,194581356673578,"[""hex-band"",15,4,10]",104.356061156,-120.5
450,31044315118009,"[""hex-band"",15,4,11]",114.79166727160001,-114.47499999999999
451,278158889432340,"[""hex-band"",15,4,12]",125.2272733872,-108.45
452,126661819150243,"[""hex-band"",15,4,13]",135.6628795028,-102.425
453,216100398250876,"[""hex-band"",15,4,14]",146.09848561839999,-96.400000000000006
454,191786642166579,"[""hex-band"",15,5,0]",156.53409173399999,-90.375
455,232306023573346,"[""hex-band"",15,5,1]",156.53409173399999,-78.325000000000003
456,178958571218533,"[""hex-band"",15,5,2]",156.53409173399999,-66.275000000000006
457,191621287471667,"[""hex-band"",15,5,3]",156.53409173399999,-54.225000000000001
458,88742775574072,"[""hex-band"",15,5,4]",156.53409173399999,-42.174999999999997
459,264533518667547,"[""hex-band"",15,5,5]",156.53409173399999,-30.125
460,148870309729782,"[""hex-band"",15,5,6]",156.53409173399999,-18.074999999999999
461,121449705891715,"[""hex-band"",15,5,7]",156.53409173399999,-6.0250000000000004
462,77123985990687,"[""hex-band"",15,5,8]",156.53409173399999,6.0250000000000004
463,102545738663580,"[""hex-band"",15,5,9]",156.53409173399999,18.074999999999999
464,54538541228761,"[""hex-band"",15,5,10]",156.53409173399999,30.125
465,172303308546975,"[""hex-band"",15,5,11]",156.53409173399999,42.174999999999997
466,216320975841403,"[""hex-band"",15,5,12]",156.53409173399999,54.225000000000001
467,18172971306556,"[""hex-band"",15,5,13]",156.53409173399999,66.275000000000006
468,134037645383345,"[""hex-band"",15,5,14]",156.53409173399999,78.325000000000003
469,176674419315293,"[""hex-band"",16,0,0]",166.96969784960001,96.400000000000006
470,130245900632856,"[""hex-band"",16,0,1]",156.53409173399999,102.425
471,202050019095728,"[""hex-band"",16,0,2]",146.09848561839999,108.45
472,124102053975832,"[""hex-band"",16,0,3]",135.6628795028,114.47499999999999
473,148336799995762,"[""hex-band"",16,0,4]",125.2272733872,120.5
474,173817599226152,"[""hex-band"",16,0,5]",114.79166727160001,126.52500000000001
475,84665520540795,"[""hex-band"",16,0,6]",104.356061156,132.55000000000001
476,248759436175039,"[""hex-band"",16,0,7]",93.9204550404,138.57499999999999
477,76411558392428,"[""hex-band"",16,0,8]",83.484848924800005,144.59999999999999
478,194503568859531,"[""hex-band"",16,0,9]",73.049242809199995,150.625
479,193317972794150,"[""hex-band"",16,0,10]",62.6136366936,156.65000000000001
480,70651112464740,"[""hex-band"",16,0,11]",52.178030577999998,162.67500000000001
481,101340381644719,"[""hex-band"",16,0,12]",41.742424462400002,168.69999999999999
482,245869762726138,"[""hex-band"",16,0,13]",31.3068183468,174.72499999999999
483,211860547267595,"[""hex-band"",16,0,14]",20.871212231200001,180.75
484,242493878374741,"[""hex-band"",16,0,15]",10.435606115600001,186.77500000000001
485,201442747742383,"[""hex-band"",16,1,0]",0,192.80000000000001
486,244437090583721,"[""hex-band"",16,1,1]",-10.435606115600001,186.77500000000001
487,196199736217379,"[""hex-band"",16,1,2]",-20.871212231200001,180.75
488,31130122837057,"[""hex-band"",16,1,3]",-31.3068183468,174.72499999999999
489,265068004259620,"[""hex-band"",16,1,4]",-41.742424462400002,168.69999999999999
490,128906271592889,"[""hex-band"",16,1,5]",-52.178030577999998,162.67500000000001
491,107812796477325,"[""hex-band"",16,1,6]",-62.6136366936,156.65000000000001
492,124969548767796,"[""hex-band"",16,1,7]",-73.049242809199995,150.625
493,154240445314192,"[""hex-band"",16,1,8]",-83.484848924800005,144.59999999999999
494,218651568219118,"[""hex-band"",16,1,9]",-93.9204550404,138.57499999999999
495,279131948416719,"[""hex-band"",16,1,10]",-104.356061156,132.55000000000001
496,137808875922779,"[""hex-band"",16,1,11]",-114.79166727160001,126.52500000000001
497,89666306556422,"[""hex-band"",16,1,12]",-125.2272733872,120.5
498,217438439390577,"[""hex-band"",16,1,13]",-135.6628795028,114.47499999999999
499,45938974177118,"[""hex-band"",16,1,14]",-146.09848561839999,108.45
500,119190617857173,"[""hex-band"",16,1,15]",-156.53409173399999,102.425
501,75225767523020,"[""hex-band"",16,2,0]",-166.96969784960001,96.400000000000006
502,209131995757796,"[""hex-band"",16,2,1]",-166.96969784960001,84.349999999999994
503,45655918418856,"[""hex-band"",16,2,2]",-166.96969784960001,72.299999999999997
504,207871524907124,"[""hex-band"",16,2,3]",-166.96969784960001,60.25
505,181410829418903,"[""hex-band"",16,2,4]",-166.96969784960001,48.200000000000003
506,264349817364920,"[""hex-band"",16,2,5]",-166.96969784960001,36.149999999999999
507,65740453250339,"[""hex-band"",16,2,6]",-166.96969784960001,24.100000000000001
508,193084755518191,"[""hex-band"",16,2,7]",-166.96969784960001,12.050000000000001
509,132061731272157,"[""hex-band"",16,2,8]",-166.96969784960001,0
510,83653647656077,"[""hex-band"",16,2,9]",-166.96969784960001,-12.050000000000001
511,239407682453916,"[""hex-band"",16,2,10]",-166.96969784960001,-24.100000000000001
512,78142298466762,"[""hex-band"",16,2,11]",-166.96969784960001,-36.149999999999999
513,265132588046173,"[""hex-band"",16,2,12]",-166.96969784960001,-48.200000000000003
514,21403148386937,"[""hex-band"",16,2,13]",-166.96969784960001,-60.25
515,6692402776593,"[""hex-band"",16,2,14]",-166.96969784960001,-72.299999999999997
516,73823331467378,"[""hex-band"",16,2,15]",-166.96969784960001,-84.349999999999994
517,89747642133670,"[""hex-band"",16,3,0]",-166.96969784960001,-96.400000000000006
518,276957211457939,"[""hex-band"",16,3,1]",-156.53409173399999,-102.425
519,101844792777189,"[""hex-band"",16,3,2]",-146.09848561839999,-108.45
520,6992046717304,"[""hex-band"",16,3,3]",-135.6628795028,-114.47499999999999
521,100575687574342,"[""hex-band"",16,3,4]",-125.2272733872,-120.5
522,105005895866947,"[""hex-band"",16,3,5]",-114.79166727160001,-126.52500000000001
523,213763481101996,"[""hex-band"",16,3,6]",-104.356061156,-132.55000000000001
524,166844334056455,"[""hex-band"",16,3,7]",-93.9204550404,-138.57499999999999
525,180762944110749,"[""hex-band"",16,3,8]",-83.484848924800005,-144.59999999999999
526,280016878668999,"[""hex-band"",16,3,9]",-73.049242809199995,-150.625
527,102664326394882,"[""hex-band"",16,3,10]",-62.6136366936,-156.65000000000001
528,118540289629139,"[""hex-band"",16,3,11]",-52.178030577999998,-162.67500000000001
529,111480320447239,"[""hex-band"",16,3,12]",-41.742424462400002,-168.69999999999999
530,268521732948253,"[""hex-band"",16,3,13]",-31.3068183468,-174.72499999999999
531,91190407948140,"[""hex-band"",16,3,14]",-20.871212231200001,-180.75
532,251460184468841,"[""hex-band"",16,3,15]",-10.435606115600001,-186.77500000000001
533,252818804185686,"[""hex-band"",16,4,0]",-0,-192.80000000000001
534,221387278460735,"[""hex-band"",16,4,1]",10.435606115600001,-186.77500000000001
535,276958108552697,"[""hex-band"",16,4,2]",20.871212231200001,-180.75
536,81555806352334,"[""hex-band"",16,4,3]",31.3068183468,-174.72499999999999
537,263175017865020,"[""hex-band"",16,4,4]",41.742424462400002,-168.69999999999999
538,17811640342189,"[""hex-band"",16,4,5]",52.178030577999998,-162.67500000000001
539,20593879214871,"[""hex-band"",16,4,6]",62.6136366936,-156.65000000000001
540,241554874899338,"[""hex-band"",16,4,7]",73.049242809199995,-150.625
541,250996981870020,"[""hex-band"",16,4,8]",83.484848924800005,-144.59999999999999
542,100386836510248,"[""hex-band"",16,4,9]",93.9204550404,-138.57499999999999
543,214152294768487,"[""hex-band"",16,4,10]",104.356061156,-132.55000000000001
544,35490932818306,"[""hex-band"",16,4,11]",114.79166727160001,-126.52500000000001
545,238498194585917,"[""hex-band"",16,4,12]",125.2272733872,-120.5
546,262454164463466,"[""hex-band"",16,4,13]",135.6628795028,-114.47499999999999
547,166784174638808,"[""hex-band"",16,4,14]",146.09848561839999,-108.45
548,131802681050202,"[""hex-band"",16,4,15]",156.53409173399999,-102.425
549,46207358142723,"[""hex-band"",16,5,0]",166.96969784960001,-96.400000000000006
550,171020852104287,"[""hex-band"",16,5,1]",166.96969784960001,-84.349999999999994
551,237936556382022,"[""hex-band"",16,5,2]",166.96969784960001,-72.299999999999997
552,84190395407927,"[""hex-band"",16,5,3]",166.96969784960001,-60.25
553,10536388307570,"[""hex-band"",16,5,4]",166.96969784960001,-48.200000000000003
554,159379695616172,"[""hex-band"",16,5,5]",166.96969784960001,-36.149999999999999
555,207348796936549,"[""hex-band"",16,5,6]",166.96969784960001,-24.100000000000001
556,193146033921158,"[""hex-band"",16,5,7]",166.96969784960001,-12.050000000000001
557,40866549821665,"[""hex-band"",16,5,8]",166.96969784960001,-0
558,231783139164303,"[""hex-band"",16,5,9]",166.96969784960001,12.050000000000001
559,100755619904339,"[""hex-band"",16,5,10]",166.96969784960001,24.100000000000001
560,53301450423573,"[""hex-band"",16,5,11]",166.96969784960001,36.149999999999999
561,205492565132287,"[""hex-band"",16,5,12]",166.96969784960001,48.200000000000003
562,94763419531571,"[""hex-band"",16,5,13]",166.96969784960001,60.25
563,237472206687221,"[""hex-band"",16,5,14]",166.96969784960001,72.299999999999997
564,9197696269884,"[""hex-band"",16,5,15]",166.96969784960001,84.349999999999994
565,89896719513096,"[""hex-band"",17,0,0]",177.40530396520001,102.425
566,139982841407341,"[""hex-band"",17,0,1]",166.96969784960001,108.45
567,85762195517730,"[""hex-band"",17,0,2]",156.53409173399999,114.47499999999999
568,229845908543163,"[""hex-band"",17,0,3]",146.09848561839999,120.5
569,149678600793968,"[""hex-band"",17,0,4]",135.6628795028,126.52500000000001
570,65043310117666,"[""hex-band"",17,0,5]",125.2272733872,132.55000000000001
571,39396016322814,"[""hex-band"",17,0,6]",114.79166727160001,138.57499999999999
572,95484174886072,"[""hex-band"",17,0,7]",104.356061156,144.59999999999999
573,24499894956776,"[""hex-band"",17,0,8]",93.9204550404,150.625
574,212043793116585,"[""hex-band"",17,0,9]",83.484848924800005,156.65000000000001
575,245322299633311,"[""hex-band"",17,0,10]",73.049242809199995,162.67500000000001
576,27909237148275,"[""hex-band"",17,0,11]",62.6136366936,168.69999999999999
577,179489700501997,"[""hex-band"",17,0,12]",52.178030577999998,174.72499999999999
578,138485993733172,"[""hex-band"",17,0,13]",41.742424462400002,180.75
579,216819941745920,"[""hex-band"",17,0,14]",31.3068183468,186.77500000000001
580,175015488616493,"[""hex-band"",17,0,15]",20.871212231200001,192.80000000000001
581,212994220057733,"[""hex-band"",17,0,16]",10.435606115600001,198.82499999999999
582,33189835655605,"[""hex-band"",17,1,0]",0,204.84999999999999
583,205552607929170,"[""hex-band"",17,1,1]",-10.435606115600001,198.82499999999999
584,212292815927167,"[""hex-band"",17,1,2]",-20.871212231200001,192.80000000000001
585,74008103163377,"[""hex-band"",17,1,3]",-31.3068183468,186.77500000000001
586,125775148784575,"[""hex-band"",17,1,4]",-41.742424462400002,180.75
587,214174681769455,"[""hex-band"",17,1,5]",-52.178030577999998,174.72499999999999
588,107566521651660,"[""hex-band"",17,1,6]",-62.6136366936,168.69999999999999
589,43885950647091,"[""hex-band"",17,1,7]",-73.049242809199995,162.67500000000001
590,63359211167876,"[""hex-band"",17,1,8]",-83.484848924800005,156.65000000000001
591,205900167985537,"[""hex-band"",17,1,9]",-93.9204550404,150.625
592,180527921229208,"[""hex-band"",17,1,10]",-104.356061156,144.59999999999999
593,117770467290046,"[""hex-band"",17,1,11]",-114.79166727160001,138.57499999999999
594,191344842672393,"[""hex-band"",17,1,12]",-125.2272733872,132.55000000000001
595,95696750299700,"[""hex-band"",17,1,13]",-135.6628795028,126.52500000000001
596,166490465060517,"[""hex-band"",17,1,14]",-146.09848561839999,120.5
597,11508479873259,"[""hex-band"",17,1,15]",-156.53409173399999,114.47499999999999
598,280081577820771,"[""hex-band"",17,1,16]",-166.96969784960001,108.45
599,278305766328219,"[""hex-band"",17,2,0]",-177.40530396520001,102.425
600,80268429027580,"[""hex-band"",17,2,1]",-177.40530396520001,90.375
601,135000125566632,"[""hex-band"",17,2,2]",-177.40530396520001,78.325000000000003
602,278621340141386,"[""hex-band"",17,2,3]",-177.40530396520001,66.275000000000006
603,275716104201950,"[""hex-band"",17,2,4]",-177.40530396520001,54.225000000000001
604,25192711258595,"[""hex-band"",17,2,5]",-177.40530396520001,42.174999999999997
605,188238659819933,"[""hex-band"",17,2,6]",-177.40530396520001,30.125
606,128016374250425,"[""hex-band"",17,2,7]",-177.40530396520001,18.074999999999999
607,45474569192386,"[""hex-band"",17,2,8]",-177.40530396520001,6.0250000000000004
608,162041155614113,"[""hex-band"",17,2,9]",-177.40530396520001,-6.0250000000000004
609,231828660416530,"[""hex-band"",17,2,10]",-177.40530396520001,-18.074999999999999
610,207789016362644,"[""hex-band"",17,2,11]",-177.40530396520001,-30.125
611,246149682745460,"[""hex-band"",17,2,12]",-177.40530396520001,-42.174999999999997
612,126809035287481,"[""hex-band"",17,2,13]",-177.40530396520001,-54.225000000000001
613,135200843073500,"[""hex-band"",17,2,14]",-177.40530396520001,-66.275000000000006
614,261680741157283,"[""hex-band"",17,2,15]",-177.40530396520001,-78.325000000000003
615,242389097159394,"[""hex-band"",17,2,16]",-177.40530396520001,-90.375
616,188325288241418,"[""hex-band"",17,3,0]",-177.40530396520001,-102.425
617,101175207192891,"[""hex-band"",17,3,1]",-166.96969784960001,-108.45
618,257332179245297,"[""hex-band"",17,3,2]",-156.53409173399999,-114.47499999999999
619,117387057346951,"[""hex-band"",17,3,3]",-146.09848561839999,-120.5
620,110680079547612,"[""hex-band"",17,3,4]",-135.6628795028,-126.52500000000001
621,120714868318626,"[""hex-band"",17,3,5]",-125.2272733872,-132.55000000000001
622,55184399861300,"[""hex-band"",17,3,6]",-114.79166727160001,-138.57499999999999
623,249641623160588,"[""hex-band"",17,3,7]",-104.356061156,-144.59999999999999
624,41983818588904,"[""hex-band"",17,3,8]",-93.9204550404,-150.625
625,30262127979227,"[""hex-band"",17,3,9]",-83.484848924800005,-156.65000000000001
626,37548063384441,"[""hex-band"",17,3,10]",-73.049242809199995,-162.67500000000001
627,103816007345851,"[""hex-band"",17,3,11]",-62.6136366936,-168.69999999999999
628,56702269119463,"[""hex-band"",17,3,12]",-52.178030577999998,-174.72499999999999
629,76953648052841,"[""hex-band"",17,3,13]",-41.742424462400002,-180.75
630,217292881549279,"[""hex-band"",17,3,14]",-31.3068183468,-186.77500000000001
631,46255889877541,"[""hex-band"",17,3,15]",-20.871212231200001,-192.80000000000001
632,57692993761320,"[""hex-band"",17,3,16]",-10.435606115600001,-198.82499999999999
633,120486877939845,"[""hex-band"",17,4,0]",-0,-204.84999999999999
634,161658462989748,"[""hex-band"",17,4,1]",10.435606115600001,-198.82499999999999
635,166658637471930,"[""hex-band"",17,4,2]",20.871212231200001,-192.80000000000001
636,21598380912474,"[""hex-band"",17,4,3]",31.3068183468,-186.77500000000001
637,178680783205310,"[""hex-band"",17,4,4]",41.742424462400002,-180.75
638,95891874269643,"[""hex-band"",17,4,5]",52.178030577999998,-174.72499999999999
639,158386037566785,"[""hex-band"",17,4,6]",62.6136366936,-168.69999999999999
640,233828812500774,"[""hex-band"",17,4,7]",73.049242809199995,-162.67500000000001
641,143299099689477,"[""hex-band"",17,4,8]",83.484848924800005,-156.65000000000001
642,251423679919614,"[""hex-band"",17,4,9]",93.9204550404,-150.625
643,70868056276724,"[""hex-band"",17,4,10]",104.356061156,-144.59999999999999
644,43094325679245,"[""hex-band"",17,4,11]",114.79166727160001,-138.57499999999999
645,32365724644094,"[""hex-band"",17,4,12]",125.2272733872,-132.55000000000001
646,271651532353349,"[""hex-band"",17,4,13]",135.6628795028,-126.52500000000001
647,276096442252657,"[""hex-band"",17,4,14]",146.09848561839999,-120.5
648,158836689574002,"[""hex-band"",17,4,15]",156.53409173399999,-114.47499999999999
649,106716313849236,"[""hex-band"",17,4,16]",166.96969784960001,-108.45
650,18017833700163,"[""hex-band"",17,5,0]",177.40530396520001,-102.425
651,53196455246475,"[""hex-band"",17,5,1]",177.40530396520001,-90.375
652,5340840393576,"[""hex-band"",17,5,2]",177.40530396520001,-78.325000000000003
653,240054662362479,"[""hex-band"",17,5,3]",177.40530396520001,-66.275000000000006
654,157323622745301,"[""hex-band"",17,5,4]",177.40530396520001,-54.225000000000001
655,239608333150793,"[""hex-band"",17,5,5]",177.40530396520001,-42.174999999999997
656,270090239520523,"[""hex-band"",17,5,6]",177.40530396520001,-30.125
657,16161001361628,"[""hex-band"",17,5,7]",177.40530396520001,-18.074999999999999
658,73126713844768,"[""hex-band"",17,5,8]",177.40530396520001,-6.0250000000000004
659,249036240597617,"[""hex-band"",17,5,9]",177.40530396520001,6.0250000000000004
660,64410502597840,"[""hex-band"",17,5,10]",177.40530396520001,18.074999999999999
661,229991884852525,"[""hex-band"",17,5,11]",177.40530396520001,30.125
662,215874413521968,"[""hex-band"",17,5,12]",177.40530396520001,42.174999999999997
663,229258220396942,"[""hex-band"",17,5,13]",177.40530396520001,54.225000000000001
664,79061055582688,"[""hex-band"",17,5,14]",177.40530396520001,66.275000000000006
665,267104298489898,"[""hex-band"",17,5,15]",177.40530396520001,78.325000000000003
666,119379844793890,"[""hex-band"",17,5,16]",177.40530396520001,90.375
667,275147997867634,"[""hex-band"",18,0,0]",187.8409100808,108.45
668,99177317287684,"[""hex-band"",18,0,1]",177.40530396520001,114.47499999999999
669,80134760066959,"[""hex-band"",18,0,2]",166.96969784960001,120.5
670,38988626279768,"[""hex-band"",18,0,3]",156.53409173399999,126.52500000000001
671,103611118323350,"[""hex-band"",18,0,4]",146.09848561839999,132.55000000000001
672,95007004372153,"[""hex-band"",18,0,5]",135.6628795028,138.57499999999999
673,113448537150815,"[""hex-band"",18,0,6]",125.2272733872,144.59999999999999
674,197515525072134,"[""hex-band"",18,0,7]",114.79166727160001,150.625
675,25135297792429,"[""hex-band"",18,0,8]",104.356061156,156.65000000000001
676,95408266252534,"[""hex-band"",18,0,9]",93.9204550404,162.67500000000001
677,31843900582425,"[""hex-band"",18,0,10]",83.484848924800005,168.69999999999999
678,8651775894254,"[""hex-band"",18,0,11]",73.049242809199995,174.72499999999999
679,50151671173131,"[""hex-band"",18,0,12]",62.6136366936,180.75
680,183069813529661,"[""hex-band"",18,0,13]",52.178030577999998,186.77500000000001
681,153669343074460,"[""hex-band"",18,0,14]",41.742424462400002,192.80000000000001
682,133880654489538,"[""hex-band"",18,0,15]",31.3068183468,198.82499999999999
683,162304852808156,"[""hex-band"",18,0,16]",20.871212231200001,204.84999999999999
684,121824622041535,"[""hex-band"",18,0,17]",10.435606115600001,210.875
685,127571588179135,"[""hex-band"",18,1,0]",0,216.90000000000001
686,89302131150426,"[""hex-band"",18,1,1]",-10.435606115600001,210.875
687,27237910254636,"[""hex-band"",18,1,2]",-20.871212231200001,204.84999999999999
688,94607966809378,"[""hex-band"",18,1,3]",-31.3068183468,198.82499999999999
689,215749721954612,"[""hex-band"",18,1,4]",-41.742424462400002,192.80000000000001
690,179281389492565,"[""hex-band"",18,1,5]",-52.178030577999998,186.77500000000001
691,168791176317975,"[""hex-band"",18,1,6]",-62.6136366936,180.75
692,77494575892655,"[""hex-band"",18,1,7]",-73.049242809199995,174.72499999999999
693,203152920376232,"[""hex-band"",18,1,8]",-83.484848924800005,168.69999999999999
694,253589912832056,"[""hex-band"",18,1,9]",-93.9204550404,162.67500000000001
695,255500006939326,"[""hex-band"",18,1,10]",-104.356061156,156.65000000000001
696,86581379724605,"[""hex-band"",18,1,11]",-114.79166727160001,150.625
697,11019744564826,"[""hex-band"",18,1,12]",-125.2272733872,144.59999999999999
698,89177892635297,"[""hex-band"",18,1,13]",-135.6628795028,138.57499999999999
699,73185581318608,"[""hex-band"",18,1,14]",-146.09848561839999,132.55000000000001
700,156545143914947,"[""hex-band"",18,1,15]",-156.53409173399999,126.52500000000001
701,180246283551448,"[""hex-band"",18,1,16]",-166.96969784960001,120.5
702,216043471296242,"[""hex-band"",18,1,17]",-177.40530396520001,114.47499999999999
703,242262086411757,"[""hex-band"",18,2,0]",-187.8409100808,108.45
704,244947988695159,"[""hex-band"",18,2,1]",-187.8409100808,96.400000000000006
705,184900748062289,"[""hex-band"",18,2,2]",-187.8409100808,84.349999999999994
706,174946977095995,"[""hex-band"",18,2,3]",-187.8409100808,72.299999999999997
707,14131049672470,"[""hex-band"",18,2,4]",-187.8409100808,60.25
708,177991587101825,"[""hex-band"",18,2,5]",-187.8409100808,48.200000000000003
709,69396380063332,"[""hex-band"",18,2,6]",-187.8409100808,36.149999999999999
710,204200010827805,"[""hex-band"",18,2,7]",-187.8409100808,24.100000000000001
711,16213822226696,"[""hex-band"",18,2,8]",-187.8409100808,12.050000000000001
712,110735423652707,"[""hex-band"",18,2,9]",-187.8409100808,0
713,121578092168941,"[""hex-band"",18,2,10]",-187.8409100808,-12.050000000000001
714,185230426745604,"[""hex-band"",18,2,11]",-187.8409100808,-24.100000000000001
715,147290309362660,"[""hex-band"",18,2,12]",-187.8409100808,-36.149999999999999
716,57185206377720,"[""hex-band"",18,2,13]",-187.8409100808,-48.200000000000003
717,88621398532483,"[""hex-band"",18,2,14]",-187.8409100808,-60.25
718,171204322359396,"[""hex-band"",18,2,15]",-187.8409100808,-72.299999999999997
719,3788731050373,"[""hex-band"",18,2,16]",-187.8409100808,-84.349999999999994
720,191851554007606,"[""hex-band"",18,2,17]",-187.8409100808,-96.400000000000006
721,143207823582372,"[""hex-band"",18,3,0]",-187.8409100808,-108.45
722,140464443402463,"[""hex-band"",18,3,1]",-177.40530396520001,-114.47499999999999
723,248924612033527,"[""hex-band"",18,3,2]",-166.96969784960001,-120.5
724,196890560442770,"[""hex-band"",18,3,3]",-156.53409173399999,-126.52500000000001
725,115225297722117,"[""hex-band"",18,3,4]",-146.09848561839999,-132.55000000000001
726,132168259861165,"[""hex-band"",18,3,5]",-135.6628795028,-138.57499999999999
727,152649439917976,"[""hex-band"",18,3,6]",-125.2272733872,-144.59999999999999
728,260854023410429,"[""hex-band"",18,3,7]",-114.79166727160001,-150.625
729,166543503634595,"[""hex-band"",18,3,8]",-104.356061156,-156.65000000000001
730,231930315401864,"[""hex-band"",18,3,9]",-93.9204550404,-162.67500000000001
731,56403965443860,"[""hex-band"",18,3,10]",-83.484848924800005,-168.69999999999999
732,25179710910971,"[""hex-band"",18,3,11]",-73.049242809199995,-174.72499999999999
733,10835348106896,"[""hex-band"",18,3,12]",-62.6136366936,-180.75
734,21114999055725,"[""hex-band"",18,3,13]",-52.178030577999998,-186.77500000000001
735,6783836854604,"[""hex-band"",18,3,14]",-41.742424462400002,-192.80000000000001
736,233423904936369,"[""hex-band"",18,3,15]",-31.3068183468,-198.82499999999999
737,239821332945321,"[""hex-band"",18,3,16]",-20.871212231200001,-204.84999999999999
738,116683575566118,"[""hex-band"",18,3,17]",-10.435606115600001,-210.875
739,251950903315523,"[""hex-band"",18,4,0]",-0,-216.90000000000001
740,54156637107170,"[""hex-band"",18,4,1]",10.435606115600001,-210.875
741,124882695309433,"[""hex-band"",18,4,2]",20.871212231200001,-204.84999999999999
742,116731055076097,"[""hex-band"",18,4,3]",31.3068183468,-198.82499999999999
743,201280594165005,"[""hex-band"",18,4,4]",41.742424462400002,-192.80000000000001
744,200049342657987,"[""hex-band"",18,4,5]",52.178030577999998,-186.77500000000001
745,23136598804165,"[""hex-band"",18,4,6]",62.6136366936,-180.75
746,193906634830859,"[""hex-band"",18,4,7]",73.049242809199995,-174.72499999999999
747,141569038695271,"[""hex-band"",18,4,8]",83.484848924800005,-168.69999999999999
748,15944852206879,"[""hex-band"",18,4,9]",93.9204550404,-162.67500000000001
749,254631637098441,"[""hex-band"",18,4,10]",104.356061156,-156.65000000000001
750,131468587179691,"[""hex-band"",18,4,11]",114.79166727160001,-150.625
751,132549855310223,"[""hex-band"",18,4,12]",125.2272733872,-144.59999999999999
752,208294721340405,"[""hex-band"",18,4,13]",135.6628795028,-138.57499999999999
753,167929063736886,"[""hex-band"",18,4,14]",146.09848561839999,-132.55000000000001
754,187426831599825,"[""hex-band"",18,4,15]",156.53409173399999,-126.52500000000001
755,121991474565823,"[""hex-band"",18,4,16]",166.96969784960001,-120.5
756,124000091754877,"[""hex-band"",18,4,17]",177.40530396520001,-114.47499999999999
757,106165676769907,"[""hex-band"",18,5,0]",187.8409100808,-108.45
758,273205819500478,"[""hex-band"",18,5,1]",187.8409100808,-96.400000000000006
759,12417313847848,"[""hex-band"",18,5,2]",187.8409100808,-84.349999999999994
760,49773684235592,"[""hex-band"",18,5,3]",187.8409100808,-72.299999999999997
761,161068836841248,"[""hex-band"",18,5,4]",187.8409100808,-60.25
762,195177043622701,"[""hex-band"",18,5,5]",187.8409100808,-48.200000000000003
763,264992217270671,"[""hex-band"",18,5,6]",187.8409100808,-36.149999999999999
764,82286261235365,"[""hex-band"",18,5,7]",187.8409100808,-24.100000000000001
765,83734664566568,"[""hex-band"",18,5,8]",187.8409100808,-12.050000000000001
766,223302281081458,"[""hex-band"",18,5,9]",187.8409100808,-0
767,84858700397858,"[""hex-band"",18,5,10]",187.8409100808,12.050000000000001
768,107610970112877,"[""hex-band"",18,5,11]",187.8409100808,24.100000000000001
769,33080915159496,"[""hex-band"",18,5,12]",187.8409100808,36.149999999999999
770,133763734396423,"[""hex-band"",18,5,13]",187.8409100808,48.200000000000003
771,218944031065291,"[""hex-band"",18,5,14]",187.8409100808,60.25
772,29232112009744,"[""hex-band"",18,5,15]",187.8409100808,72.299999999999997
773,248123878768278,"[""hex-band"",18,5,16]",187.8409100808,84.349999999999994
774,84136907198199,"[""hex-band"",18,5,17]",187.8409100808,96.400000000000006
775,263790551244077,"[""hex-band"",19,0,0]",198.2765161964,114.47499999999999
776,199058141160905,"[""hex-band"",19,0,1]",187.8409100808,120.5
777,79931911905206,"[""hex-band"",19,0,2]",177.40530396520001,126.52500000000001
778,217876154239469,"[""hex-band"",19,0,3]",166.96969784960001,132.55000000000001
779,269528630112481,"[""hex-band"",19,0,4]",156.53409173399999,138.57499999999999
780,238780621932662,"[""hex-band"",19,0,5]",146.09848561839999,144.59999999999999
781,259819815994449,"[""hex-band"",19,0,6]",135.6628795028,150.625
782,122031122441231,"[""hex-band"",19,0,7]",125.2272733872,156.65000000000001
783,227825004102474,"[""hex-band"",19,0,8]",114.79166727160001,162.67500000000001
784,202555628818533,"[""hex-band"",19,0,9]",104.356061156,168.69999999999999
785,175436191057645,"[""hex-band"",19,0,10]",93.9204550404,174.72499999999999
786,88087048830427,"[""hex-band"",19,0,11]",83.484848924800005,180.75
787,10305670298295,"[""hex-band"",19,0,12]",73.049242809199995,186.77500000000001
788,181909397787590,"[""hex-band"",19,0,13]",62.6136366936,192.80000000000001
789,232136471488808,"[""hex-band"",19,0,14]",52.178030577999998,198.82499999999999
790,3866969505294,"[""hex-band"",19,0,15]",41.742424462400002,204.84999999999999
791,146976953943779,"[""hex-band"",19,0,16]",31.3068183468,210.875
792,149700114216263,"[""hex-band"",19,0,17]",20.871212231200001,216.90000000000001
793,20960176619126,"[""hex-band"",19,0,18]",10.435606115600001,222.92500000000001
794,113194571958480,"[""hex-band"",19,1,0]",0,228.94999999999999
795,172388075471967,"[""hex-band"",19,1,1]",-10.435606115600001,222.92500000000001
796,272068060727590,"[""hex-band"",19,1,2]",-20.871212231200001,216.90000000000001
797,137680561038175,"[""hex-band"",19,1,3]",-31.3068183468,210.875
798,23583510876386,"[""hex-band"",19,1,4]",-41.742424462400002,204.84999999999999
799,134731824099247,"[""hex-band"",19,1,5]",-52.178030577999998,198.82499999999999
800,205015715033781,"[""hex-band"",19,1,6]",-62.6136366936,192.80000000000001
801,258917117022987,"[""hex-band"",19,1,7]",-73.049242809199995,186.77500000000001
802,19714269552980,"[""hex-band"",19,1,8]",-83.484848924800005,180.75
803,98456764686721,"[""hex-band"",19,1,9]",-93.9204550404,174.72499999999999
804,26231425687860,"[""hex-band"",19,1,10]",-104.356061156,168.69999999999999
805,124596872093148,"[""hex-band"",19,1,11]",-114.79166727160001,162.67500000000001
806,178470263841652,"[""hex-band"",19,1,12]",-125.2272733872,156.65000000000001
807,83882679573437,"[""hex-band"",19,1,13]",-135.6628795028,150.625
808,115975320017581,"[""hex-band"",19,1,14]",-146.09848561839999,144.59999999999999
809,99078758707247,"[""hex-band"",19,1,15]",-156.53409173399999,138.57499999999999
810,210324240065987,"[""hex-band"",19,1,16]",-166.96969784960001,132.55000000000001
811,67279384935732,"[""hex-band"",19,1,17]",-177.40530396520001,126.52500000000001
812,174124759317216,"[""hex-band"",19,1,18]",-187.8409100808,120.5
813,170732161088740,"[""hex-band"",19,2,0]",-198.2765161964,114.47499999999999
814,101773489034827,"[""hex-band"",19,2,1]",-198.2765161964,102.425
815,6303551434328,"[""hex-band"",19,2,2]",-198.2765161964,90.375
816,160603933858934,"[""hex-band"",19,2,3]",-198.2765161964,78.325000000000003
817,36866375505872,"[""hex-band"",19,2,4]",-198.2765161964,66.275000000000006
818,99267205637123,"[""hex-band"",19,2,5]",-198.2765161964,54.225000000000001
819,202875439924180,"[""hex-band"",19,2,6]",-198.2765161964,42.174999999999997
820,203256773232183,"[""hex-band"",19,2,7]",-198.2765161964,30.125
821,226305547413209,"[""hex-band"",19,2,8]",-198.2765161964,18.074999999999999
822,80178581372813,"[""hex-band"",19,2,9]",-198.2765161964,6.0250000000000004
823,73296340969442,"[""hex-band"",19,2,10]",-198.2765161964,-6.0250000000000004
824,8949008389888,"[""hex-band"",19,2,11]",-198.2765161964,-18.074999999999999
825,124754533996325,"[""hex-band"",19,2,12]",-198.2765161964,-30.125
826,3572328726401,"[""hex-band"",19,2,13]",-198.2765161964,-42.174999999999997
827,120098788537275,"[""hex-band"",19,2,14]",-198.2765161964,-54.225000000000001
828,244963133114370,"[""hex-band"",19,2,15]",-198.2765161964,-66.275000000000006
829,117825569590153,"[""hex-band"",19,2,16]",-198.2765161964,-78.325000000000003
830,265248850318953,"[""hex-band"",19,2,17]",-198.2765161964,-90.375
831,175591248910396,"[""hex-band"",19,2,18]",-198.2765161964,-102.425
832,226937122588977,"[""hex-band"",19,3,0]",-198.2765161964,-114.47499999999999
833,42192931695846,"[""hex-band"",19,3,1]",-187.8409100808,-120.5
834,32775660491141,"[""hex-band"",19,3,2]",-177.40530396520001,-126.52500000000001
835,127110089342278,"[""hex-band"",19,3,3]",-166.96969784960001,-132.55000000000001
836,198718583165423,"[""hex-band"",19,3,4]",-156.53409173399999,-138.57499999999999
837,35986789080242,"[""hex-band"",19,3,5]",-146.09848561839999,-144.59999999999999
838,181637571894787,"[""hex-band"",19,3,6]",-135.6628795028,-150.625
839,275635345071777,"[""hex-band"",19,3,7]",-125.2272733872,-156.65000000000001
840,159530777404426,"[""hex-band"",19,3,8]",-114.79166727160001,-162.67500000000001
841,155657543033117,"[""hex-band"",19,3,9]",-104.356061156,-168.69999999999999
842,179855927536561,"[""hex-band"",19,3,10]",-93.9204550404,-174.72499999999999
843,261129796135354,"[""hex-band"",19,3,11]",-83.484848924800005,-180.75
844,204716298513842,"[""hex-band"",19,3,12]",-73.049242809199995,-186.77500000000001
845,154350247619860,"[""hex-band"",19,3,13]",-62.6136366936,-192.80000000000001
846,201666320606585,"[""hex-band"",19,3,14]",-52.178030577999998,-198.82499999999999
847,112566425244093,"[""hex-band"",19,3,15]",-41.742424462400002,-204.84999999999999
848,33060047075800,"[""hex-band"",19,3,16]",-31.3068183468,-210.875
849,134078159340239,"[""hex-band"",19,3,17]",-20.871212231200001,-216.90000000000001
850,155219063456130,"[""hex-band"",19,3,18]",-10.435606115600001,-222.92500000000001
851,114688979413884,"[""hex-band"",19,4,0]",-0,-228.94999999999999
852,38790465356178,"[""hex-band"",19,4,1]",10.435606115600001,-222.92500000000001
853,238779983830284,"[""hex-band"",19,4,2]",20.871212231200001,-216.90000000000001
854,279484183545629,"[""hex-band"",19,4,3]",31.3068183468,-210.875
855,147331950236671,"[""hex-band"",19,4,4]",41.742424462400002,-204.84999999999999
856,208895152278658,"[""hex-band"",19,4,5]",52.178030577999998,-198.82499999999999
857,98204660851684,"[""hex-band"",19,4,6]",62.6136366936,-192.80000000000001
858,241058302133157,"[""hex-band"",19,4,7]",73.049242809199995,-186.77500000000001
859,52873196738872,"[""hex-band"",19,4,8]",83.484848924800005,-180.75
860,220211231134150,"[""hex-band"",19,4,9]",93.9204550404,-174.72499999999999
861,179653795423529,"[""hex-band"",19,4,10]",104.356061156,-168.69999999999999
862,67012550990980,"[""hex-band"",19,4,11]",114.79166727160001,-162.67500000000001
863,153172327807741,"[""hex-band"",19,4,12]",125.2272733872,-156.65000000000001
864,201080898837756,"[""hex-band"",19,4,13]",135.6628795028,-150.625
865,259378735349359,"[""hex-band"",19,4,14]",146.09848561839999,-144.59999999999999
866,25376223930464,"[""hex-band"",19,4,15]",156.53409173399999,-138.57499999999999
867,7521190267934,"[""hex-band"",19,4,16]",166.96969784960001,-132.55000000000001
868,107063890206797,"[""hex-band"",19,4,17]",177.40530396520001,-126.52500000000001
869,132349412846845,"[""hex-band"",19,4,18]",187.8409100808,-120.5
870,204723632506894,"[""hex-band"",19,5,0]",198.2765161964,-114.47499999999999
871,132650836264506,"[""hex-band"",19,5,1]",198.2765161964,-102.425
872,251185263271179,"[""hex-band"",19,5,2]",198.2765161964,-90.375
873,144965648828604,"[""hex-band"",19,5,3]",198.2765161964,-78.325000000000003
874,169403184123707,"[""hex-band"",19,5,4]",198.2765161964,-66.275000000000006
875,233423843945981,"[""hex-band"",19,5,5]",198.2765161964,-54.225000000000001
876,42773139240179,"[""hex-band"",19,5,6]",198.2765161964,-42.174999999999997
877,6628254188528,"[""hex-band"",19,5,7]",198.2765161964,-30.125
878,22175223443480,"[""hex-band"",19,5,8]",198.2765161964,-18.074999999999999
879,163944941228908,"[""hex-band"",19,5,9]",198.2765161964,-6.0250000000000004
880,110307096390873,"[""hex-band"",19,5,10]",198.2765161964,6.0250000000000004
881,96380280480500,"[""hex-band"",19,5,11]",198.2765161964,18.074999999999999
882,14055541241234,"[""hex-band"",19,5,12]",198.2765161964,30.125
883,80112333021167,"[""hex-band"",19,5,13]",198.2765161964,42.174999999999997
884,118044384971813,"[""hex-band"",19,5,14]",198.2765161964,54.225000000000001
885,273067617613983,"[""hex-band"",19,5,15]",198.2765161964,66.275000000000006
886,224880435566056,"[""hex-band"",19,5,16]",198.2765161964,78.325000000000003
887,279408712510251,"[""hex-band"",19,5,17]",198.2765161964,90.375
888,232575211743493,"[""hex-band"",19,5,18]",198.2765161964,102.425
889,76691010042098,"[""hex-band"",20,0,0]",208.71212231199999,120.5
890,185260668022991,"[""hex-band"",20,0,1]",198.2765161964,126.52500000000001
891,88155112598818,"[""hex-band"",20,0,2]",187.8409100808,132.55000000000001
892,157917950600605,"[""hex-band"",20,0,3]",177.40530396520001,138.57499999999999
893,36041327823188,"[""hex-band"",20,0,4]",166.96969784960001,144.59999999999999
894,207801145164,"[""hex-band"",20,0,5]",156.53409173399999,150.625
895,247634171833769,"[""hex-band"",20,0,6]",146.09848561839999,156.65000000000001
896,196491582754715,"[""hex-band"",20,0,7]",135.6628795028,162.67500000000001
897,172852143170941,"[""hex-band"",20,0,8]",125.2272733872,168.69999999999999
898,202308700772999,"[""hex-band"",20,0,9]",114.79166727160001,174.72499999999999
899,17078461340537,"[""hex-band"",20,0,10]",104.356061156,180.75
900,249217517211115,"[""hex-band"",20,0,11]",93.9204550404,186.77500000000001
901,108304591624043,"[""hex-band"",20,0,12]",83.484848924800005,192.80000000000001
902,34888769702734,"[""hex-band"",20,0,13]",73.049242809199995,198.82499999999999
903,92900853426488,"[""hex-band"",20,0,14]",62.6136366936,204.84999999999999
904,214625162511063,"[""hex-band"",20,0,15]",52.178030577999998,210.875
905,18003924885376,"[""hex-band"",20,0,16]",41.742424462400002,216.90000000000001
906,124498807154694,"[""hex-band"",20,0,17]",31.3068183468,222.92500000000001
907,165200003510746,"[""hex-band"",20,0,18]",20.871212231200001,228.94999999999999
908,134778155411117,"[""hex-band"",20,0,19]",10.435606115600001,234.97499999999999
909,183511091236900,"[""hex-band"",20,1,0]",0,241
910,182969536101410,"[""hex-band"",20,1,1]",-10.435606115600001,234.97499999999999
911,135207210702881,"[""hex-band"",20,1,2]",-20.871212231200001,228.94999999999999
912,17248539010439,"[""hex-band"",20,1,3]",-31.3068183468,222.92500000000001
913,247487177261427,"[""hex-band"",20,1,4]",-41.742424462400002,216.90000000000001
914,242161852914333,"[""hex-band"",20,1,5]",-52.178030577999998,210.875
915,141540426133935,"[""hex-band"",20,1,6]",-62.6136366936,204.84999999999999
916,15539910590182,"[""hex-band"",20,1,7]",-73.049242809199995,198.82499999999999
917,91975628599030,"[""hex-band"",20,1,8]",-83.484848924800005,192.80000000000001
918,206284960028719,"[""hex-band"",20,1,9]",-93.9204550404,186.77500000000001
919,38594704330969,"[""hex-band"",20,1,10]",-104.356061156,180.75
920,138736060398613,"[""hex-band"",20,1,11]",-114.79166727160001,174.72499999999999
921,238521628496254,"[""hex-band"",20,1,12]",-125.2272733872,168.69999999999999
922,32797692385451,"[""hex-band"",20,1,13]",-135.6628795028,162.67500000000001
923,127642450899081,"[""hex-band"",20,1,14]",-146.09848561839999,156.65000000000001
924,166109877019545,"[""hex-band"",20,1,15]",-156.53409173399999,150.625
925,196809287291313,"[""hex-band"",20,1,16]",-166.96969784960001,144.59999999999999
926,91136179945142,"[""hex-band"",20,1,17]",-177.40530396520001,138.57499999999999
927,209484340318058,"[""hex-band"",20,1,18]",-187.8409100808,132.55000000000001
928,198074046534707,"[""hex-band"",20,1,19]",-198.2765161964,126.52500000000001
929,108861095334091,"[""hex-band"",20,2,0]",-208.71212231199999,120.5
930,64842504621441,"[""hex-band"",20,2,1]",-208.71212231199999,108.45
931,270463792947196,"[""hex-band"",20,2,2]",-208.71212231199999,96.400000000000006
932,144931711217426,"[""hex-band"",20,2,3]",-208.71212231199999,84.349999999999994
933,59951971486069,"[""hex-band"",20,2,4]",-208.71212231199999,72.299999999999997
934,62238401660579,"[""hex-band"",20,2,5]",-208.71212231199999,60.25
935,137354355570470,"[""hex-band"",20,2,6]",-208.71212231199999,48.200000000000003
936,258080345142873,"[""hex-band"",20,2,7]",-208.71212231199999,36.149999999999999
937,280996709557243,"[""hex-band"",20,2,8]",-208.71212231199999,24.100000000000001
938,155326184263793,"[""hex-band"",20,2,9]",-208.71212231199999,12.050000000000001
939,205441132478372,"[""hex-band"",20,2,10]",-208.71212231199999,0
940,137261995831320,"[""hex-band"",20,2,11]",-208.71212231199999,-12.050000000000001
941,120737889994402,"[""hex-band"",20,2,12]",-208.71212231199999,-24.100000000000001
942,245255481928935,"[""hex-band"",20,2,13]",-208.71212231199999,-36.149999999999999
943,158325462151219,"[""hex-band"",20,2,14]",-208.71212231199999,-48.200000000000003
944,94073131946719,"[""hex-band"",20,2,15]",-208.71212231199999,-60.25
945,180961668085356,"[""hex-band"",20,2,16]",-208.71212231199999,-72.299999999999997
946,68824890214784,"[""hex-band"",20,2,17]",-208.71212231199999,-84.349999999999994
947,220458699795959,"[""hex-band"",20,2,18]",-208.71212231199999,-96.400000000000006
948,111093555848288,"[""hex-band"",20,2,19]",-208.71212231199999,-108.45
949,206468015216722,"[""hex-band"",20,3,0]",-208.71212231199999,-120.5
950,162873804594374,"[""hex-band"",20,3,1]",-198.2765161964,-126.52500000000001
951,35082516047053,"[""hex-band"",20,3,2]",-187.8409100808,-132.55000000000001
952,171615578649896,"[""hex-band"",20,3,3]",-177.40530396520001,-138.57499999999999
953,64309214485470,"[""hex-band"",20,3,4]",-166.96969784960001,-144.59999999999999
954,253897258127825,"[""hex-band"",20,3,5]",-156.53409173399999,-150.625
955,31171345190094,"[""hex-band"",20,3,6]",-146.09848561839999,-156.65000000000001
956,95461296811641,"[""hex-band"",20,3,7]",-135.6628795028,-162.67500000000001
957,109982746697169,"[""hex-band"",20,3,8]",-125.2272733872,-168.69999999999999
958,224202931025020,"[""hex-band"",20,3,9]",-114.79166727160001,-174.72499999999999
959,259255712566805,"[""hex-band"",20,3,10]",-104.356061156,-180.75
960,60782394074624,"[""hex-band"",20,3,11]",-93.9204550404,-186.77500000000001
961,244421259873662,"[""hex-band"",20,3,12]",-83.484848924800005,-192.80000000000001
962,47245786412427,"[""hex-band"",20,3,13]",-73.049242809199995,-198.82499999999999
963,139578936430878,"[""hex-band"",20,3,14]",-62.6136366936,-204.84999999999999
964,138806388010371,"[""hex-band"",20,3,15]",-52.178030577999998,-210.875
965,100364776124025,"[""hex-band"",20,3,16]",-41.742424462400002,-216.90000000000001
966,98041948105246,"[""hex-band"",20,3,17]",-31.3068183468,-222.92500000000001
967,180954067004717,"[""hex-band"",20,3,18]",-20.871212231200001,-228.94999999999999
968,146783849210752,"[""hex-band"",20,3,19]",-10.435606115600001,-234.97499999999999
969,266636968823920,"[""hex-band"",20,4,0]",-0,-241
970,216523807404458,"[""hex-band"",20,4,1]",10.435606115600001,-234.97499999999999
971,82965823938516,"[""hex-band"",20,4,2]",20.871212231200001,-228.94999999999999
972,222502014376233,"[""hex-band"",20,4,3]",31.3068183468,-222.92500000000001
973,163320202797556,"[""hex-band"",20,4,4]",41.742424462400002,-216.90000000000001
974,100484688345905,"[""hex-band"",20,4,5]",52.178030577999998,-210.875
975,129902903138784,"[""hex-band"",20,4,6]",62.6136366936,-204.84999999999999
976,274113243426616,"[""hex-band"",20,4,7]",73.049242809199995,-198.82499999999999
977,103645213210371,"[""hex-band"",20,4,8]",83.484848924800005,-192.80000000000001
978,267248415728007,"[""hex-band"",20,4,9]",93.9204550404,-186.77500000000001
979,236803027739952,"[""hex-band"",20,4,10]",104.356061156,-180.75
980,201065809946193,"[""hex-band"",20,4,11]",114.79166727160001,-174.72499999999999
981,60634957005444,"[""hex-band"",20,4,12]",125.2272733872,-168.69999999999999
982,184177763225361,"[""hex-band"",20,4,13]",135.6628795028,-162.67500000000001
983,90541462158811,"[""hex-band"",20,4,14]",146.09848561839999,-156.65000000000001
984,246782371221094,"[""hex-band"",20,4,15]",156.53409173399999,-150.625
985,87287899014764,"[""hex-band"",20,4,16]",166.96969784960001,-144.59999999999999
986,228498540696886,"[""hex-band"",20,4,17]",177.40530396520001,-138.57499999999999
987,78087319340677,"[""hex-band"",20,4,18]",187.8409100808,-132.55000000000001
988,88170938893600,"[""hex-band"",20,4,19]",198.2765161964,-126.52500000000001
989,278410094008584,"[""hex-band"",20,5,0]",208.71212231199999,-120.5
990,94619287208399,"[""hex-band"",20,5,1]",208.71212231199999,-108.45
991,234613053213651,"[""hex-band"",20,5,2]",208.71212231199999,-96.400000000000006
992,247931158397978,"[""hex-band"",20,5,3]",208.71212231199999,-84.349999999999994
993,165344392994961,"[""hex-band"",20,5,4]",208.71212231199999,-72.299999999999997
994,185764993509957,"[""hex-band"",20,5,5]",208.71212231199999,-60.25
995,233996228460382,"[""hex-band"",20,5,6]",208.71212231199999,-48.200000000000003
996,128746035072428,"[""hex-band"",20,5,7]",208.71212231199999,-36.149999999999999
997,179322777703759,"[""hex-band"",20,5,8]",208.71212231199999,-24.100000000000001
998,252892821646728,"[""hex-band"",20,5,9]",208.71212231199999,-12.050000000000001
999,7539965213599,"[""hex-band"",20,5,10]",208.71212231199999,-0
1000,267526342616421,"[""hex-band"",20,5,11]",208.71212231199999,12.050000000000001
1001,218888471985381,"[""hex-band"",20,5,12]",208.71212231199999,24.100000000000001
1002,25960903107727,"[""hex-band"",20,5,13]",208.71212231199999,36.149999999999999
1003,244978692398262,"[""hex-band"",20,5,14]",208.71212231199999,48.200000000000003
1004,233209790624051,"[""hex-band"",20,5,15]",208.71212231199999,60.25
1005,13009778062566,"[""hex-band"",20,5,16]",208.71212231199999,72.299999999999997
1006,165621528030170,"[""hex-band"",20,5,17]",208.71212231199999,84.349999999999994
1007,14053171881029,"[""hex-band"",20,5,18]",208.71212231199999,96.400000000000006
1008,254780917261232,"[""hex-band"",20,5,19]",208.71212231199999,108.45
1009,105643758878958,"[""hex-band"",21,0,0]",219.1477284277,126.52500000000001
1010,212716329672631,"[""hex-band"",21,0,1]",208.71212231199999,132.55000000000001
1011,171264852760934,"[""hex-band"",21,0,2]",198.2765161964,138.57499999999999
1012,237121733937949,"[""hex-band"",21,0,3]",187.8409100808,144.59999999999999
1013,182028481565491,"[""hex-band"",21,0,4]",177.40530396520001,150.625
1014,75617359390061,"[""hex-band"",21,0,5]",166.96969784960001,156.65000000000001
1015,7989606217860,"[""hex-band"",21,0,6]",156.53409173399999,162.67500000000001
1016,223262520386703,"[""hex-band"",21,0,7]",146.09848561839999,168.69999999999999
1017,270933673075237,"[""hex-band"",21,0,8]",135.6628795028,174.72499999999999
1018,94517737693432,"[""hex-band"",21,0,9]",125.2272733872,180.75
1019,59613728263041,"[""hex-band"",21,0,10]",114.79166727160001,186.77500000000001
1020,250301945263408,"[""hex-band"",21,0,11]",104.356061156,192.80000000000001
1021,2760911191837,"[""hex-band"",21,0,12]",93.9204550404,198.82499999999999
1022,233279035851103,"[""hex-band"",21,0,13]",83.484848924800005,204.84999999999999
1023,269349549320385,"[""hex-band"",21,0,14]",73.049242809199995,210.875
1024,219222269516147,"[""hex-band"",21,0,15]",62.6136366936,216.90000000000001
1025,77967859884130,"[""hex-band"",21,0,16]",52.178030577999998,222.92500000000001
1026,222295528424872,"[""hex-band"",21,0,17]",41.742424462400002,228.94999999999999
1027,16718074673160,"[""hex-band"",21,0,18]",31.3068183468,234.97499999999999
1028,43214027070549,"[""hex-band"",21,0,19]",20.871212231200001,241
1029,106972374228859,"[""hex-band"",21,0,20]",10.435606115600001,247.02500000000001
1030,240183583350354,"[""hex-band"",21,1,0]",0,253.05000000000001
1031,11577087536865,"[""hex-band"",21,1,1]",-10.435606115600001,247.02500000000001
1032,11663067426674,"[""hex-band"",21,1,2]",-20.871212231200001,241
1033,6726831214695,"[""hex-band"",21,1,3]",-31.3068183468,234.97499999999999
1034,281300900341306,"[""hex-band"",21,1,4]",-41.742424462400002,228.94999999999999
1035,46456229095399,"[""hex-band"",21,1,5]",-52.178030577999998,222.92500000000001
1036,243042786613657,"[""hex-band"",21,1,6]",-62.6136366936,216.90000000000001
1037,4760693406489,"[""hex-band"",21,1,7]",-73.049242809199995,210.875
1038,42881970719435,"[""hex-band"",21,1,8]",-83.484848924800005,204.84999999999999
1039,245713570993531,"[""hex-band"",21,1,9]",-93.9204550404,198.82499999999999
1040,27241067989236,"[""hex-band"",21,1,10]",-104.356061156,192.80000000000001
1041,221603411080905,"[""hex-band"",21,1,11]",-114.79166727160001,186.77500000000001
1042,139448662041155,"[""hex-band"",21,1,12]",-125.2272733872,180.75
1043,123038187067318,"[""hex-band"",21,1,13]",-135.6628795028,174.72499999999999
1044,51671842675726,"[""hex-band"",21,1,14]",-146.09848561839999,168.69999999999999
1045,250916459060668,"[""hex-band"",21,1,15]",-156.53409173399999,162.67500000000001
1046,75622904410613,"[""hex-band"",21,1,16]",-166.96969784960001,156.65000000000001
1047,86844867059459,"[""hex-band"",21,1,17]",-177.40530396520001,150.625
1048,6548954796629,"[""hex-band"",21,1,18]",-187.8409100808,144.59999999999999
1049,61095635164882,"[""hex-band"",21,1,19]",-198.2765161964,138.57499999999999
1050,104574480998749,"[""hex-band"",21,1,20]",-208.71212231199999,132.55000000000001
1051,273954640292721,"[""hex-band"",21,2,0]",-219.1477284277,126.52500000000001
1052,224836791861298,"[""hex-band"",21,2,1]",-219.1477284277,114.47499999999999
1053,78398118508199,"[""hex-band"",21,2,2]",-219.1477284277,102.425
1054,102288170850487,"[""hex-band"",21,2,3]",-219.1477284277,90.375
1055,243687362670159,"[""hex-band"",21,2,4]",-219.1477284277,78.325000000000003
1056,168041574076937,"[""hex-band"",21,2,5]",-219.1477284277,66.275000000000006
1057,245042229162781,"[""hex-band"",21,2,6]",-219.1477284277,54.225000000000001
1058,24158052495237,"[""hex-band"",21,2,7]",-219.1477284277,42.174999999999997
1059,90508799595817,"[""hex-band"",21,2,8]",-219.1477284277,30.125
1060,173725521258656,"[""hex-band"",21,2,9]",-219.1477284277,18.074999999999999
1061,143718597086561,"[""hex-band"",21,2,10]",-219.1477284277,6.0250000000000004
1062,217166878014401,"[""hex-band"",21,2,11]",-219.1477284277,-6.0250000000000004
1063,278206821124101,"[""hex-band"",21,2,12]",-219.1477284277,-18.074999999999999
1064,222883286203872,"[""hex-band"",21,2,13]",-219.1477284277,-30.125
1065,120421120337179,"[""hex-band"",21,2,14]",-219.1477284277,-42.174999999999997
1066,203646292122952,"[""hex-band"",21,2,15]",-219.1477284277,-54.225000000000001
1067,238575999355041,"[""hex-band"",21,2,16]",-219.1477284277,-66.275000000000006
1068,149833437418530,"[""hex-band"",21,2,17]",-219.1477284277,-78.325000000000003
1069,270544167218991,"[""hex-band"",21,2,18]",-219.1477284277,-90.375
1070,162347655202909,"[""hex-band"",21,2,19]",-219.1477284277,-102.425
1071,50478428029470,"[""hex-band"",21,2,20]",-219.1477284277,-114.47499999999999
1072,5516986325876,"[""hex-band"",21,3,0]",-219.1477284277,-126.52500000000001
1073,166440283313624,"[""hex-band"",21,3,1]",-208.71212231199999,-132.55000000000001
1074,224188893731913,"[""hex-band"",21,3,2]",-198.2765161964,-138.57499999999999
1075,232165891354971,"[""hex-band"",21,3,3]",-187.8409100808,-144.59999999999999
1076,150241107032086,"[""hex-band"",21,3,4]",-177.40530396520001,-150.625
1077,76217910118881,"[""hex-band"",21,3,5]",-166.96969784960001,-156.65000000000001
1078,54745554149436,"[""hex-band"",21,3,6]",-156.53409173399999,-162.67500000000001
1079,76721836039582,"[""hex-band"",21,3,7]",-146.09848561839999,-168.69999999999999
1080,8501836491072,"[""hex-band"",21,3,8]",-135.6628795028,-174.72499999999999
1081,170038187024975,"[""hex-band"",21,3,9]",-125.2272733872,-180.75
1082,64819658207831,"[""hex-band"",21,3,10]",-114.79166727160001,-186.77500000000001
1083,269886327639639,"[""hex-band"",21,3,11]",-104.356061156,-192.80000000000001
1084,89780158475035,"[""hex-band"",21,3,12]",-93.9204550404,-198.82499999999999
1085,171682995559755,"[""hex-band"",21,3,13]",-83.484848924800005,-204.84999999999999
1086,244427763916421,"[""hex-band"",21,3,14]",-73.049242809199995,-210.875
1087,71816820809815,"[""hex-band"",21,3,15]",-62.6136366936,-216.90000000000001
1088,213295443474083,"[""hex-band"",21,3,16]",-52.178030577999998,-222.92500000000001
1089,56980726388782,"[""hex-band"",21,3,17]",-41.742424462400002,-228.94999999999999
1090,188931606694124,"[""hex-band"",21,3,18]",-31.3068183468,-234.97499999999999
1091,243365930169195,"[""hex-band"",21,3,19]",-20.871212231200001,-241
1092,13902916222524,"[""hex-band"",21,3,20]",-10.435606115600001,-247.02500000000001
1093,151415356849378,"[""hex-band"",21,4,0]",-0,-253.05000000000001
1094,202895452876794,"[""hex-band"",21,4,1]",10.435606115600001,-247.02500000000001
1095,89603096861415,"[""hex-band"",21,4,2]",20.871212231200001,-241
1096,280348031882715,"[""hex-band"",21,4,3]",31.3068183468,-234.97499999999999
1097,251207196972414,"[""hex-band"",21,4,4]",41.742424462400002,-228.94999999999999
1098,277269446793208,"[""hex-band"",21,4,5]",52.178030577999998,-222.92500000000001
1099,208347194102835,"[""hex-band"",21,4,6]",62.6136366936,-216.90000000000001
1100,170478842404935,"[""hex-band"",21,4,7]",73.049242809199995,-210.875
1101,277654033181189,"[""hex-band"",21,4,8]",83.484848924800005,-204.84999999999999
1102,151105788889205,"[""hex-band"",21,4,9]",93.9204550404,-198.82499999999999
1103,113700626299600,"[""hex-band"",21,4,10]",104.356061156,-192.80000000000001
1104,266164204216602,"[""hex-band"",21,4,11]",114.79166727160001,-186.77500000000001
1105,4149877291014,"[""hex-band"",21,4,12]",125.2272733872,-180.75
1106,121067924849837,"[""hex-band"",21,4,13]",135.6628795028,-174.72499999999999
1107,106157915962941,"[""hex-band"",21,4,14]",146.09848561839999,-168.69999999999999
1108,273868852092119,"[""hex-band"",21,4,15]",156.53409173399999,-162.67500000000001
1109,68620991423110,"[""hex-band"",21,4,16]",166.96969784960001,-156.65000000000001
1110,155477095646389,"[""hex-band"",21,4,17]",177.40530396520001,-150.625
1111,46143604032063,"[""hex-band"",21,4,18]",187.8409100808,-144.59999999999999
1112,95934671105308,"[""hex-band"",21,4,19]",198.2765161964,-138.57499999999999
1113,235976069357623,"[""hex-band"",21,4,20]",208.71212231199999,-132.55000000000001
1114,30254958803598,"[""hex-band"",21,5,0]",219.1477284277,-126.52500000000001
1115,176803769576075,"[""hex-band"",21,5,1]",219.1477284277,-114.47499999999999
1116,136946145397055,"[""hex-band"",21,5,2]",219.1477284277,-102.425
1117,190227748326632,"[""hex-band"",21,5,3]",219.1477284277,-90.375
1118,11540620783220,"[""hex-band"",21,5,4]",219.1477284277,-78.325000000000003
1119,43832022389604,"[""hex-band"",21,5,5]",219.1477284277,-66.275000000000006
1120,40124985027946,"[""hex-band"",21,5,6]",219.1477284277,-54.225000000000001
1121,270670368653582,"[""hex-band"",21,5,7]",219.1477284277,-42.174999999999997
1122,86451798629808,"[""hex-band"",21,5,8]",219.1477284277,-30.125
1123,142236850832927,"[""hex-band"",21,5,9]",219.1477284277,-18.074999999999999
1124,268290553525843,"[""hex-band"",21,5,10]",219.1477284277,-6.0250000000000004
1125,201996725548975,"[""hex-band"",21,5,11]",219.1477284277,6.0250000000000004
1126,34653238745817,"[""hex-band"",21,5,12]",219.1477284277,18.074999999999999
1127,105079558834865,"[""hex-band"",21,5,13]",219.1477284277,30.125
1128,153698244821938,"[""hex-band"",21,5,14]",219.1477284277,42.174999999999997
1129,30322905919994,"[""hex-band"",21,5,15]",219.1477284277,54.225000000000001
1130,101823108497127,"[""hex-band"",21,5,16]",219.1477284277,66.275000000000006
1131,147652304860173,"[""hex-band"",21,5,17]",219.1477284277,78.325000000000003
1132,237728728146025,"[""hex-band"",21,5,18]",219.1477284277,90.375
1133,117104392096005,"[""hex-band"",21,5,19]",219.1477284277,102.425
1134,161791183304527,"[""hex-band"",21,5,20]",219.1477284277,114.47499999999999
1135,28246470719870,"[""hex-band"",22,0,0]",229.5833345433,132.55000000000001
1136,150185488004108,"[""hex-band"",22,0,1]",219.1477284277,138.57499999999999
1137,134265115931390,"[""hex-band"",22,0,2]",208.71212231199999,144.59999999999999
1138,197480526380000,"[""hex-band"",22,0,3]",198.2765161964,150.625
1139,136279550767831,"[""hex-band"",22,0,4]",187.8409100808,156.65000000000001
1140,187591907365686,"[""hex-band"",22,0,5]",177.40530396520001,162.67500000000001
1141,52027745357535,"[""hex-band"",22,0,6]",166.96969784960001,168.69999999999999
1142,261827934107923,"[""hex-band"",22,0,7]",156.53409173399999,174.72499999999999
1143,50946922371652,"[""hex-band"",22,0,8]",146.09848561839999,180.75
1144,145330773283410,"[""hex-band"",22,0,9]",135.6628795028,186.77500000000001
1145,176467833574609,"[""hex-band"",22,0,10]",125.2272733872,192.80000000000001
1146,175156867383575,"[""hex-band"",22,0,11]",114.79166727160001,198.82499999999999
1147,22252952520195,"[""hex-band"",22,0,12]",104.356061156,204.84999999999999
1148,254311302957203,"[""hex-band"",22,0,13]",93.9204550404,210.875
1149,229527220918889,"[""hex-band"",22,0,14]",83.484848924800005,216.90000000000001
1150,269414184012029,"[""hex-band"",22,0,15]",73.049242809199995,222.92500000000001
1151,169970187945525,"[""hex-band"",22,0,16]",62.6136366936,228.94999999999999
1152,243913741729813,"[""hex-band"",22,0,17]",52.178030577999998,234.97499999999999
1153,74214150859082,"[""hex-band"",22,0,18]",41.742424462400002,241
1154,94784367847316,"[""hex-band"",22,0,19]",31.3068183468,247.02500000000001
1155,92180747796954,"[""hex-band"",22,0,20]",20.871212231200001,253.05000000000001
1156,71499239221639,"[""hex-band"",22,0,21]",10.435606115600001,259.07499999999999
1157,227579879474835,"[""hex-band"",22,1,0]",0,265.10000000000002
1158,238271803744332,"[""hex-band"",22,1,1]",-10.435606115600001,259.07499999999999
1159,155684768108162,"[""hex-band"",22,1,2]",-20.871212231200001,253.05000000000001
1160,112174585764919,"[""hex-band"",22,1,3]",-31.3068183468,247.02500000000001
1161,235279059758821,"[""hex-band"",22,1,4]",-41.742424462400002,241
1162,118361598853093,"[""hex-band"",22,1,5]",-52.178030577999998,234.97499999999999
1163,133086181980558,"[""hex-band"",22,1,6]",-62.6136366936,228.94999999999999
1164,265621506495343,"[""hex-band"",22,1,7]",-73.049242809199995,222.92500000000001
1165,159881622206317,"[""hex-band"",22,1,8]",-83.484848924800005,216.90000000000001
1166,24200683303454,"[""hex-band"",22,1,9]",-93.9204550404,210.875
1167,128246175335430,"[""hex-band"",22,1,10]",-104.356061156,204.84999999999999
1168,213461743731537,"[""hex-band"",22,1,11]",-114.79166727160001,198.82499999999999
1169,251222801056836,"[""hex-band"",22,1,12]",-125.2272733872,192.80000000000001
1170,280496309013242,"[""hex-band"",22,1,13]",-135.6628795028,186.77500000000001
1171,223616098473617,"[""hex-band"",22,1,14]",-146.09848561839999,180.75
1172,13476336002808,"[""hex-band"",22,1,15]",-156.53409173399999,174.72499999999999
1173,87486277096704,"[""hex-band"",22,1,16]",-166.96969784960001,168.69999999999999
1174,256715972834720,"[""hex-band"",22,1,17]",-177.40530396520001,162.67500000000001
1175,157265095594675,"[""hex-band"",22,1,18]",-187.8409100808,156.65000000000001
1176,259521304854535,"[""hex-band"",22,1,19]",-198.2765161964,150.625
1177,118221052444267,"[""hex-band"",22,1,20]",-208.71212231199999,144.59999999999999
1178,216870219361967,"[""hex-band"",22,1,21]",-219.1477284277,138.57499999999999
1179,272501427690920,"[""hex-band"",22,2,0]",-229.5833345433,132.55000000000001
1180,189204465909013,"[""hex-band"",22,2,1]",-229.5833345433,120.5
1181,138123732283324,"[""hex-band"",22,2,2]",-229.5833345433,108.45
1182,231529892336700,"[""hex-band"",22,2,3]",-229.5833345433,96.400000000000006
1183,191265870946383,"[""hex-band"",22,2,4]",-229.5833345433,84.349999999999994
1184,34226768907453,"[""hex-band"",22,2,5]",-229.5833345433,72.299999999999997
1185,14716214331565,"[""hex-band"",22,2,6]",-229.5833345433,60.25
1186,199905555029206,"[""hex-band"",22,2,7]",-229.5833345433,48.200000000000003
1187,267833273852900,"[""hex-band"",22,2,8]",-229.5833345433,36.149999999999999
1188,12953821727561,"[""hex-band"",22,2,9]",-229.5833345433,24.100000000000001
1189,214464926443909,"[""hex-band"",22,2,10]",-229.5833345433,12.050000000000001
1190,26804226569212,"[""hex-band"",22,2,11]",-229.5833345433,0
1191,11583135016214,"[""hex-band"",22,2,12]",-229.5833345433,-12.050000000000001
1192,52263518784689,"[""hex-band"",22,2,13]",-229.5833345433,-24.100000000000001
1193,138583819473548,"[""hex-band"",22,2,14]",-229.5833345433,-36.149999999999999
1194,168482534522082,"[""hex-band"",22,2,15]",-229.5833345433,-48.200000000000003
1195,261059928134129,"[""hex-band"",22,2,16]",-229.5833345433,-60.25
1196,145336782228889,"[""hex-band"",22,2,17]",-229.5833345433,-72.299999999999997
1197,263748360679435,"[""hex-band"",22,2,18]",-229.5833345433,-84.349999999999994
1198,136419160251,"[""hex-band"",22,2,19]",-229.5833345433,-96.400000000000006
1199,95439309929415,"[""hex-band"",22,2,20]",-229.5833345433,-108.45
1200,59779532382070,"[""hex-band"",22,2,21]",-229.5833345433,-120.5
1201,10722893687689,"[""hex-band"",22,3,0]",-229.5833345433,-132.55000000000001
1202,146932399206598,"[""hex-band"",22,3,1]",-219.1477284277,-138.57499999999999
1203,33949280691139,"[""hex-band"",22,3,2]",-208.71212231199999,-144.59999999999999
1204,24499006386064,"[""hex-band"",22,3,3]",-198.2765161964,-150.625
1205,74440152445630,"[""hex-band"",22,3,4]",-187.8409100808,-156.65000000000001
1206,66103631956823,"[""hex-band"",22,3,5]",-177.40530396520001,-162.67500000000001
1207,126938746119286,"[""hex-band"",22,3,6]",-166.96969784960001,-168.69999999999999
1208,169867994425399,"[""hex-band"",22,3,7]",-156.53409173399999,-174.72499999999999
1209,34579459580395,"[""hex-band"",22,3,8]",-146.09848561839999,-180.75
1210,26171669870259,"[""hex-band"",22,3,9]",-135.6628795028,-186.77500000000001
1211,112122157976771,"[""hex-band"",22,3,10]",-125.2272733872,-192.80000000000001
1212,97720532484477,"[""hex-band"",22,3,11]",-114.79166727160001,-198.82499999999999
1213,41152915043064,"[""hex-band"",22,3,12]",-104.356061156,-204.84999999999999
1214,119786141546402,"[""hex-band"",22,3,13]",-93.9204550404,-210.875
1215,80645975313432,"[""hex-band"",22,3,14]",-83.484848924800005,-216.90000000000001
1216,207811187125789,"[""hex-band"",22,3,15]",-73.049242809199995,-222.92500000000001
1217,253260963483804,"[""hex-band"",22,3,16]",-62.6136366936,-228.94999999999999
1218,30776468851692,"[""hex-band"",22,3,17]",-52.178030577999998,-234.97499999999999
1219,27798162696184,"[""hex-band"",22,3,18]",-41.742424462400002,-241
1220,236807230110247,"[""hex-band"",22,3,19]",-31.3068183468,-247.02500000000001
1221,10003346314693,"[""hex-band"",22,3,20]",-20.871212231200001,-253.05000000000001
1222,101820820224885,"[""hex-band"",22,3,21]",-10.435606115600001,-259.07499999999999
1223,152184802772585,"[""hex-band"",22,4,0]",-0,-265.10000000000002
1224,25081652887395,"[""hex-band"",22,4,1]",10.435606115600001,-259.07499999999999
1225,73459430894111,"[""hex-band"",22,4,2]",20.871212231200001,-253.05000000000001
1226,172163015902702,"[""hex-band"",22,4,3]",31.3068183468,-247.02500000000001
1227,97084509119070,"[""hex-band"",22,4,4]",41.742424462400002,-241
1228,127023136664249,"[""hex-band"",22,4,5]",52.178030577999998,-234.97499999999999
1229,116699584741331,"[""hex-band"",22,4,6]",62.6136366936,-228.94999999999999
1230,175656079852089,"[""hex-band"",22,4,7]",73.049242809199995,-222.92500000000001
1231,217876055075115,"[""hex-band"",22,4,8]",83.484848924800005,-216.90000000000001
1232,50038071989792,"[""hex-band"",22,4,9]",93.9204550404,-210.875
1233,5780580862997,"[""hex-band"",22,4,10]",104.356061156,-204.84999999999999
1234,274128396043439,"[""hex-band"",22,4,11]",114.79166727160001,-198.82499999999999
1235,55013109994436,"[""hex-band"",22,4,12]",125.2272733872,-192.80000000000001
1236,109166654912224,"[""hex-band"",22,4,13]",135.6628795028,-186.77500000000001
1237,16610130143722,"[""hex-band"",22,4,14]",146.09848561839999,-180.75
1238,53031884293756,"[""hex-band"",22,4,15]",156.53409173399999,-174.72499999999999
1239,199068279870452,"[""hex-band"",22,4,16]",166.96969784960001,-168.69999999999999
1240,195939993604643,"[""hex-band"",22,4,17]",177.40530396520001,-162.67500000000001
1241,234376681007876,"[""hex-band"",22,4,18]",187.8409100808,-156.65000000000001
1242,70450046170057,"[""hex-band"",22,4,19]",198.2765161964,-150.625
1243,228044349795114,"[""hex-band"",22,4,20]",208.71212231199999,-144.59999999999999
1244,15708273481529,"[""hex-band"",22,4,21]",219.1477284277,-138.57499999999999
1245,125051696612637,"[""hex-band"",22,5,0]",229.5833345433,-132.55000000000001
1246,68687695537473,"[""hex-band"",22,5,1]",229.5833345433,-120.5
1247,235706523588336,"[""hex-band"",22,5,2]",229.5833345433,-108.45
1248,277099631355104,"[""hex-band"",22,5,3]",229.5833345433,-96.400000000000006
1249,193179417199651,"[""hex-band"",22,5,4]",229.5833345433,-84.349999999999994
1250,53738520098516,"[""hex-band"",22,5,5]",229.5833345433,-72.299999999999997
1251,114258653831695,"[""hex-band"",22,5,6]",229.5833345433,-60.25
1252,121358499121250,"[""hex-band"",22,5,7]",229.5833345433,-48.200000000000003
1253,177468441997985,"[""hex-band"",22,5,8]",229.5833345433,-36.149999999999999
1254,4766614859226,"[""hex-band"",22,5,9]",229.5833345433,-24.100000000000001
1255,268808352709690,"[""hex-band"",22,5,10]",229.5833345433,-12.050000000000001
1256,149915994569958,"[""hex-band"",22,5,11]",229.5833345433,-0
1257,71954801884407,"[""hex-band"",22,5,12]",229.5833345433,12.050000000000001
1258,99308429788021,"[""hex-band"",22,5,13]",229.5833345433,24.100000000000001
1259,11346667071366,"[""hex-band"",22,5,14]",229.5833345433,36.149999999999999
1260,97017370076780,"[""hex-band"",22,5,15]",229.5833345433,48.200000000000003
1261,59924412817791,"[""hex-band"",22,5,16]",229.5833345433,60.25
1262,27711304612364,"[""hex-band"",22,5,17]",229.5833345433,72.299999999999997
1263,271706532651185,"[""hex-band"",22,5,18]",229.5833345433,84.349999999999994
1264,124407256526061,"[""hex-band"",22,5,19]",229.5833345433,96.400000000000006
1265,153424986566818,"[""hex-band"",22,5,20]",229.5833345433,108.45
1266,89989110350937,"[""hex-band"",22,5,21]",229.5833345433,120.5
1267,118599271939391,"[""hex-band"",23,0,0]",240.01894065889999,138.57499999999999
1268,268783165320978,"[""hex-band"",23,0,1]",229.5833345433,144.59999999999999
1269,168980307653382,"[""hex-band"",23,0,2]",219.1477284277,150.625
1270,266511480466319,"[""hex-band"",23,0,3]",208.71212231199999,156.65000000000001
1271,232563835672268,"[""hex-band"",23,0,4]",198.2765161964,162.67500000000001
1272,177301619834975,"[""hex-band"",23,0,5]",187.8409100808,168.69999999999999
1273,37486006735003,"[""hex-band"",23,0,6]",177.40530396520001,174.72499999999999
1274,42183769528154,"[""hex-band"",23,0,7]",166.96969784960001,180.75
1275,231031716435705,"[""hex-band"",23,0,8]",156.53409173399999,186.77500000000001
1276,224095180057315,"[""hex-band"",23,0,9]",146.09848561839999,192.80000000000001
1277,264109035979176,"[""hex-band"",23,0,10]",135.6628795028,198.82499999999999
1278,188434055233588,"[""hex-band"",23,0,11]",125.2272733872,204.84999999999999
1279,25579623933349,"[""hex-band"",23,0,12]",114.79166727160001,210.875
1280,248937193806662,"[""hex-band"",23,0,13]",104.356061156,216.90000000000001
1281,7383208935728,"[""hex-band"",23,0,14]",93.9204550404,222.92500000000001
1282,194961005069540,"[""hex-band"",23,0,15]",83.484848924800005,228.94999999999999
1283,215509588834103,"[""hex-band"",23,0,16]",73.049242809199995,234.97499999999999
1284,230132140370208,"[""hex-band"",23,0,17]",62.6136366936,241
1285,158587006313389,"[""hex-band"",23,0,18]",52.178030577999998,247.02500000000001
1286,259191295357841,"[""hex-band"",23,0,19]",41.742424462400002,253.05000000000001
1287,82267255908054,"[""hex-band"",23,0,20]",31.3068183468,259.07499999999999
1288,111072382721645,"[""hex-band"",23,0,21]",20.871212231200001,265.10000000000002
1289,45752886239859,"[""hex-band"",23,0,22]",10.435606115600001,271.125
1290,112899684642102,"[""hex-band"",23,1,0]",0,277.14999999999998
1291,128382900382124,"[""hex-band"",23,1,1]",-10.435606115600001,271.125
1292,276462685632805,"[""hex-band"",23,1,2]",-20.871212231200001,265.10000000000002
1293,131155583804355,"[""hex-band"",23,1,3]",-31.3068183468,259.07499999999999
1294,273558575082632,"[""hex-band"",23,1,4]",-41.742424462400002,253.05000000000001
1295,256204477107235,"[""hex-band"",23,1,5]",-52.178030577999998,247.02500000000001
1296,249985470292157,"[""hex-band"",23,1,6]",-62.6136366936,241
1297,253315014366642,"[""hex-band"",23,1,7]",-73.049242809199995,234.97499999999999
1298,76111651460615,"[""hex-band"",23,1,8]",-83.484848924800005,228.94999999999999
1299,4140977534363,"[""hex-band"",23,1,9]",-93.9204550404,222.92500000000001
1300,46361336225396,"[""hex-band"",23,1,10]",-104.356061156,216.90000000000001
1301,87764435467615,"[""hex-band"",23,1,11]",-114.79166727160001,210.875
1302,193360714842029,"[""hex-band"",23,1,12]",-125.2272733872,204.84999999999999
1303,230996329469860,"[""hex-band"",23,1,13]",-135.6628795028,198.82499999999999
1304,133212276763754,"[""hex-band"",23,1,14]",-146.09848561839999,192.80000000000001
1305,109305558196861,"[""hex-band"",23,1,15]",-156.53409173399999,186.77500000000001
1306,22332585992267,"[""hex-band"",23,1,16]",-166.96969784960001,180.75
1307,183311362760187,"[""hex-band"",23,1,17]",-177.40530396520001,174.72499999999999
1308,250625020263203,"[""hex-band"",23,1,18]",-187.8409100808,168.69999999999999
1309,146583895115032,"[""hex-band"",23,1,19]",-198.2765161964,162.67500000000001
1310,121339301604239,"[""hex-band"",23,1,20]",-208.71212231199999,156.65000000000001
1311,237983013821506,"[""hex-band"",23,1,21]",-219.1477284277,150.625
1312,265064132501183,"[""hex-band"",23,1,22]",-229.5833345433,144.59999999999999
1313,274138754531581,"[""hex-band"",23,2,0]",-240.01894065889999,138.57499999999999
1314,9065645696076,"[""hex-band"",23,2,1]",-240.01894065889999,126.52500000000001
1315,29711552772731,"[""hex-band"",23,2,2]",-240.01894065889999,114.47499999999999
1316,249426431618655,"[""hex-band"",23,2,3]",-240.01894065889999,102.425
1317,224766159371264,"[""hex-band"",23,2,4]",-240.01894065889999,90.375
1318,138995338028327,"[""hex-band"",23,2,5]",-240.01894065889999,78.325000000000003
1319,233026253464303,"[""hex-band"",23,2,6]",-240.01894065889999,66.275000000000006
1320,85408458503465,"[""hex-band"",23,2,7]",-240.01894065889999,54.225000000000001
1321,206747722068618,"[""hex-band"",23,2,8]",-240.01894065889999,42.174999999999997
1322,83637385416613,"[""hex-band"",23,2,9]",-240.01894065889999,30.125
1323,177013154327932,"[""hex-band"",23,2,10]",-240.01894065889999,18.074999999999999
1324,51326349559309,"[""hex-band"",23,2,11]",-240.01894065889999,6.0250000000000004
1325,279230323684236,"[""hex-band"",23,2,12]",-240.01894065889999,-6.0250000000000004
1326,67304931716002,"[""hex-band"",23,2,13]",-240.01894065889999,-18.074999999999999
1327,280627299319361,"[""hex-band"",23,2,14]",-240.01894065889999,-30.125
1328,34160759737058,"[""hex-band"",23,2,15]",-240.01894065889999,-42.174999999999997
1329,39051330189460,"[""hex-band"",23,2,16]",-240.01894065889999,-54.225000000000001
1330,116239172996958,"[""hex-band"",23,2,17]",-240.01894065889999,-66.275000000000006
1331,39138170815050,"[""hex-band"",23,2,18]",-240.01894065889999,-78.325000000000003
1332,84236937925912,"[""hex-band"",23,2,19]",-240.01894065889999,-90.375
1333,127404767244149,"[""hex-band"",23,2,20]",-240.01894065889999,-102.425
1334,19509038711309,"[""hex-band"",23,2,21]",-240.01894065889999,-114.47499999999999
1335,265862922982375,"[""hex-band"",23,2,22]",-240.01894065889999,-126.52500000000001
1336,46554181100056,"[""hex-band"",23,3,0]",-240.01894065889999,-138.57499999999999
1337,277391005185233,"[""hex-band"",23,3,1]",-229.5833345433,-144.59999999999999
1338,179819427875446,"[""hex-band"",23,3,2]",-219.1477284277,-150.625
1339,265180679318874,"[""hex-band"",23,3,3]",-208.71212231199999,-156.65000000000001
1340,153986183259225,"[""hex-band"",23,3,4]",-198.2765161964,-162.67500000000001
1341,139881258932438,"[""hex-band"",23,3,5]",-187.8409100808,-168.69999999999999
1342,226554668498708,"[""hex-band"",23,3,6]",-177.40530396520001,-174.72499999999999
1343,226890440276579,"[""hex-band"",23,3,7]",-166.96969784960001,-180.75
1344,207332462988835,"[""hex-band"",23,3,8]",-156.53409173399999,-186.77500000000001
1345,16966067668075,"[""hex-band"",23,3,9]",-146.09848561839999,-192.80000000000001
1346,133421324540405,"[""hex-band"",23,3,10]",-135.6628795028,-198.82499999999999
1347,269405050170743,"[""hex-band"",23,3,11]",-125.2272733872,-204.84999999999999
1348,135501601636402,"[""hex-band"",23,3,12]",-114.79166727160001,-210.875
1349,143708717683216,"[""hex-band"",23,3,13]",-104.356061156,-216.90000000000001
1350,276301318258017,"[""hex-band"",23,3,14]",-93.9204550404,-222.92500000000001
1351,278159489885406,"[""hex-band"",23,3,15]",-83.484848924800005,-228.94999999999999
1352,53989474606148,"[""hex-band"",23,3,16]",-73.049242809199995,-234.97499999999999
1353,114636136160469,"[""hex-band"",23,3,17]",-62.6136366936,-241
1354,86690777084137,"[""hex-band"",23,3,18]",-52.178030577999998,-247.02500000000001
1355,51985728655046,"[""hex-band"",23,3,19]",-41.742424462400002,-253.05000000000001
1356,19394748746439,"[""hex-band"",23,3,20]",-31.3068183468,-259.07499999999999
1357,187726430626004,"[""hex-band"",23,3,21]",-20.871212231200001,-265.10000000000002
1358,63526714446228,"[""hex-band"",23,3,22]",-10.435606115600001,-271.125
1359,88524936367575,"[""hex-band"",23,4,0]",-0,-277.14999999999998
1360,153000904615869,"[""hex-band"",23,4,1]",10.435606115600001,-271.125
1361,167012899084377,"[""hex-band"",23,4,2]",20.871212231200001,-265.10000000000002
1362,10533213677304,"[""hex-band"",23,4,3]",31.3068183468,-259.07499999999999
1363,12423493068545,"[""hex-band"",23,4,4]",41.742424462400002,-253.05000000000001
1364,216227434811902,"[""hex-band"",23,4,5]",52.178030577999998,-247.02500000000001
1365,251299560995248,"[""hex-band"",23,4,6]",62.6136366936,-241
1366,21538150496865,"[""hex-band"",23,4,7]",73.049242809199995,-234.97499999999999
1367,54381112661367,"[""hex-band"",23,4,8]",83.484848924800005,-228.94999999999999
1368,229064544636260,"[""hex-band"",23,4,9]",93.9204550404,-222.92500000000001
1369,41489878386552,"[""hex-band"",23,4,10]",104.356061156,-216.90000000000001
1370,234664808125132,"[""hex-band"",23,4,11]",114.79166727160001,-210.875
1371,126689212286031,"[""hex-band"",23,4,12]",125.2272733872,-204.84999999999999
1372,257105928114446,"[""hex-band"",23,4,13]",135.6628795028,-198.82499999999999
1373,58256624184449,"[""hex-band"",23,4,14]",146.09848561839999,-192.80000000000001
1374,52929755726327,"[""hex-band"",23,4,15]",156.53409173399999,-186.77500000000001
1375,9188096506570,"[""hex-band"",23,4,16]",166.96969784960001,-180.75
1376,101924975843300,"[""hex-band"",23,4,17]",177.40530396520001,-174.72499999999999
1377,129907854953130,"[""hex-band"",23,4,18]",187.8409100808,-168.69999999999999
1378,22285268802582,"[""hex-band"",23,4,19]",198.2765161964,-162.67500000000001
1379,107818371970000,"[""hex-band"",23,4,20]",208.71212231199999,-156.65000000000001
1380,248426487472204,"[""hex-band"",23,4,21]",219.1477284277,-150.625
1381,30987767263584,"[""hex-band"",23,4,22]",229.5833345433,-144.59999999999999
1382,147500769273532,"[""hex-band"",23,5,0]",240.01894065889999,-138.57499999999999
1383,280592301369717,"[""hex-band"",23,5,1]",240.01894065889999,-126.52500000000001
1384,80466547462850,"[""hex-band"",23,5,2]",240.01894065889999,-114.47499999999999
1385,97344841831933,"[""hex-band"",23,5,3]",240.01894065889999,-102.425
1386,217584817343177,"[""hex-band"",23,5,4]",240.01894065889999,-90.375
1387,161830928690327,"[""hex-band"",23,5,5]",240.01894065889999,-78.325000000000003
1388,202441289795564,"[""hex-band"",23,5,6]",240.01894065889999,-66.275000000000006
1389,73513850389600,"[""hex-band"",23,5,7]",240.01894065889999,-54.225000000000001
1390,86438018383018,"[""hex-band"",23,5,8]",240.01894065889999,-42.174999999999997
1391,192236925546750,"[""hex-band"",23,5,9]",240.01894065889999,-30.125
1392,184107500815205,"[""hex-band"",23,5,10]",240.01894065889999,-18.074999999999999
1393,152963314934028,"[""hex-band"",23,5,11]",240.01894065889999,-6.0250000000000004
1394,271401254999718,"[""hex-band"",23,5,12]",240.01894065889999,6.0250000000000004
1395,170322366263436,"[""hex-band"",23,5,13]",240.01894065889999,18.074999999999999
1396,250871765613623,"[""hex-band"",23,5,14]",240.01894065889999,30.125
1397,43376064129518,"[""hex-band"",23,5,15]",240.01894065889999,42.174999999999997
1398,116691444590029,"[""hex-band"",23,5,16]",240.01894065889999,54.225000000000001
1399,73794612603753,"[""hex-band"",23,5,17]",240.01894065889999,66.275000000000006
1400,34377423615616,"[""hex-band"",23,5,18]",240.01894065889999,78.325000000000003
1401,4278412918137,"[""hex-band"",23,5,19]",240.01894065889999,90.375
1402,100810415228201,"[""hex-band"",23,5,20]",240.01894065889999,102.425
1403,247926037506377,"[""hex-band"",23,5,21]",240.01894065889999,114.47499999999999
1404,71225400240847,"[""hex-band"",23,5,22]",240.01894065889999,126.52500000000001
1405,97090280383764,"[""hex-band"",24,0,0]",250.45454677449999,144.59999999999999
1406,200438117846825,"[""hex-band"",24,0,1]",240.01894065889999,150.625
1407,123037105778435,"[""hex-band"",24,0,2]",229.5833345433,156.65000000000001
1408,142390357419209,"[""hex-band"",24,0,3]",219.1477284277,162.67500000000001
1409,198552060791325,"[""hex-band"",24,0,4]",208.71212231199999,168.69999999999999
1410,23475638210232,"[""hex-band"",24,0,5]",198.2765161964,174.72499999999999
1411,269395381620292,"[""hex-band"",24,0,6]",187.8409100808,180.75
1412,210730564605181,"[""hex-band"",24,0,7]",177.40530396520001,186.77500000000001
1413,56853635209108,"[""hex-band"",24,0,8]",166.96969784960001,192.80000000000001
1414,20368984768061,"[""hex-band"",24,0,9]",156.53409173399999,198.82499999999999
1415,126510792487271,"[""hex-band"",24,0,10]",146.09848561839999,204.84999999999999
1416,120337858941185,"[""hex-band"",24,0,11]",135.6628795028,210.875
1417,112554372074396,"[""hex-band"",24,0,12]",125.2272733872,216.90000000000001
1418,65260675545939,"[""hex-band"",24,0,13]",114.79166727160001,222.92500000000001
1419,1573834027771,"[""hex-band"",24,0,14]",104.356061156,228.94999999999999
1420,192746703039360,"[""hex-band"",24,0,15]",93.9204550404,234.97499999999999
1421,186256929797364,"[""hex-band"",24,0,16]",83.484848924800005,241
1422,207997393523613,"[""hex-band"",24,0,17]",73.049242809199995,247.02500000000001
1423,189919191152605,"[""hex-band"",24,0,18]",62.6136366936,253.05000000000001
1424,152154921633622,"[""hex-band"",24,0,19]",52.178030577999998,259.07499999999999
1425,161092183288952,"[""hex-band"",24,0,20]",41.742424462400002,265.10000000000002
1426,220726193492568,"[""hex-band"",24,0,21]",31.3068183468,271.125
1427,102895006164590,"[""hex-band"",24,0,22]",20.871212231200001,277.14999999999998
1428,125480157784277,"[""hex-band"",24,0,23]",10.435606115600001,283.17500000000001
1429,105558677352863,"[""hex-band"",24,1,0]",0,289.19999999999999
1430,13655631617678,"[""hex-band"",24,1,1]",-10.435606115600001,283.17500000000001
1431,70002181689833,"[""hex-band"",24,1,2]",-20.871212231200001,277.14999999999998
1432,98956813059260,"[""hex-band"",24,1,3]",-31.3068183468,271.125
1433,48421796925293,"[""hex-band"",24,1,4]",-41.742424462400002,265.10000000000002
1434,249800087733256,"[""hex-band"",24,1,5]",-52.178030577999998,259.07499999999999
1435,10029436317785,"[""hex-band"",24,1,6]",-62.6136366936,253.05000000000001
1436,174367321112521,"[""hex-band"",24,1,7]",-73.049242809199995,247.02500000000001
1437,242739265537622,"[""hex-band"",24,1,8]",-83.484848924800005,241
1438,64637257548233,"[""hex-band"",24,1,9]",-93.9204550404,234.97499999999999
1439,251621247511788,"[""hex-band"",24,1,10]",-104.356061156,228.94999999999999
1440,259901070235962,"[""hex-band"",24,1,11]",-114.79166727160001,222.92500000000001
1441,232063434000926,"[""hex-band"",24,1,12]",-125.2272733872,216.90000000000001
1442,66498581826239,"[""hex-band"",24,1,13]",-135.6628795028,210.875
1443,12243329799866,"[""hex-band"",24,1,14]",-146.09848561839999,204.84999999999999
1444,146297134490478,"[""hex-band"",24,1,15]",-156.53409173399999,198.82499999999999
1445,212372959593179,"[""hex-band"",24,1,16]",-166.96969784960001,192.80000000000001
1446,83178544987009,"[""hex-band"",24,1,17]",-177.40530396520001,186.77500000000001
1447,125165929430889,"[""hex-band"",24,1,18]",-187.8409100808,180.75
1448,45315672000506,"[""hex-band"",24,1,19]",-198.2765161964,174.72499999999999
1449,114350719226802,"[""hex-band"",24,1,20]",-208.71212231199999,168.69999999999999
1450,190610968700884,"[""hex-band"",24,1,21]",-219.1477284277,162.67500000000001
1451,90340475738029,"[""hex-band"",24,1,22]",-229.5833345433,156.65000000000001
1452,106452925942634,"[""hex-band"",24,1,23]",-240.01894065889999,150.625
1453,92546690286265,"[""hex-band"",24,2,0]",-250.45454677449999,144.59999999999999
1454,163380725776199,"[""hex-band"",24,2,1]",-250.45454677449999,132.55000000000001
1455,223595699098302,"[""hex-band"",24,2,2]",-250.45454677449999,120.5
1456,101200600477146,"[""hex-band"",24,2,3]",-250.45454677449999,108.45
1457,72975044859958,"[""hex-band"",24,2,4]",-250.45454677449999,96.400000000000006
1458,208215753450175,"[""hex-band"",24,2,5]",-250.45454677449999,84.349999999999994
1459,49226777822768,"[""hex-band"",24,2,6]",-250.45454677449999,72.299999999999997
1460,238836533607642,"[""hex-band"",24,2,7]",-250.45454677449999,60.25
1461,252539119647889,"[""hex-band"",24,2,8]",-250.45454677449999,48.200000000000003
1462,219391786068594,"[""hex-band"",24,2,9]",-250.45454677449999,36.149999999999999
1463,275628158807447,"[""hex-band"",24,2,10]",-250.45454677449999,24.100000000000001
1464,17718602320111,"[""hex-band"",24,2,11]",-250.45454677449999,12.050000000000001
1465,95920037026437,"[""hex-band"",24,2,12]",-250.45454677449999,0
1466,28519716225786,"[""hex-band"",24,2,13]",-250.45454677449999,-12.050000000000001
1467,161363416450650,"[""hex-band"",24,2,14]",-250.45454677449999,-24.100000000000001
1468,261743977465356,"[""hex-band"",24,2,15]",-250.45454677449999,-36.149999999999999
1469,159013982469882,"[""hex-band"",24,2,16]",-250.45454677449999,-48.200000000000003
1470,155167541757734,"[""hex-band"",24,2,17]",-250.45454677449999,-60.25
1471,237365846467170,"[""hex-band"",24,2,18]",-250.45454677449999,-72.299999999999997
1472,271574780561386,"[""hex-band"",24,2,19]",-250.45454677449999,-84.349999999999994
1473,75416033342255,"[""hex-band"",24,2,20]",-250.45454677449999,-96.400000000000006
1474,271781361911755,"[""hex-band"",24,2,21]",-250.45454677449999,-108.45
1475,223147235706990,"[""hex-band"",24,2,22]",-250.45454677449999,-120.5
1476,127249624738645,"[""hex-band"",24,2,23]",-250.45454677449999,-132.55000000000001
1477,194692991550470,"[""hex-band"",24,3,0]",-250.45454677449999,-144.59999999999999
1478,72027208790167,"[""hex-band"",24,3,1]",-240.01894065889999,-150.625
1479,56300573088644,"[""hex-band"",24,3,2]",-229.5833345433,-156.65000000000001
1480,81386290237949,"[""hex-band"",24,3,3]",-219.1477284277,-162.67500000000001
1481,141827699576195,"[""hex-band"",24,3,4]",-208.71212231199999,-168.69999999999999
1482,244915621068159,"[""hex-band"",24,3,5]",-198.2765161964,-174.72499999999999
1483,59828257760768,"[""hex-band"",24,3,6]",-187.8409100808,-180.75
1484,202305882826554,"[""hex-band"",24,3,7]",-177.40530396520001,-186.77500000000001
1485,14948925957626,"[""hex-band"",24,3,8]",-166.96969784960001,-192.80000000000001
1486,86953393370391,"[""hex-band"",24,3,9]",-156.53409173399999,-198.82499999999999
1487,200409141060028,"[""hex-band"",24,3,10]",-146.09848561839999,-204.84999999999999
1488,133498694006121,"[""hex-band"",24,3,11]",-135.6628795028,-210.875
1489,90091199443384,"[""hex-band"",24,3,12]",-125.2272733872,-216.90000000000001
1490,269530556940333,"[""hex-band"",24,3,13]",-114.79166727160001,-222.92500000000001
1491,6138630284650,"[""hex-band"",24,3,14]",-104.356061156,-228.94999999999999
1492,172587573972156,"[""hex-band"",24,3,15]",-93.9204550404,-234.97499999999999
1493,222311473898665,"[""hex-band"",24,3,16]",-83.484848924800005,-241
1494,160720116887051,"[""hex-band"",24,3,17]",-73.049242809199995,-247.02500000000001
1495,35962962270686,"[""hex-band"",24,3,18]",-62.6136366936,-253.05000000000001
1496,20631829799493,"[""hex-band"",24,3,19]",-52.178030577999998,-259.07499999999999
1497,170483892164126,"[""hex-band"",24,3,20]",-41.742424462400002,-265.10000000000002
1498,125470544092325,"[""hex-band"",24,3,21]",-31.3068183468,-271.125
1499,231674932006943,"[""hex-band"",24,3,22]",-20.871212231200001,-277.14999999999998
1500,181988078167103,"[""hex-band"",24,3,23]",-10.435606115600001,-283.17500000000001
1501,53324010093489,"[""hex-band"",24,4,0]",-0,-289.19999999999999
1502,135844409320002,"[""hex-band"",24,4,1]",10.435606115600001,-283.17500000000001
1503,97424308305814,"[""hex-band"",24,4,2]",20.871212231200001,-277.14999999999998
1504,225815594018163,"[""hex-band"",24,4,3]",31.3068183468,-271.125
1505,247215295005923,"[""hex-band"",24,4,4]",41.742424462400002,-265.10000000000002
1506,43191319040342,"[""hex-band"",24,4,5]",52.178030577999998,-259.07499999999999
1507,224638452556093,"[""hex-band"",24,4,6]",62.6136366936,-253.05000000000001
1508,206219896721031,"[""hex-band"",24,4,7]",73.049242809199995,-247.02500000000001
1509,113977292991352,"[""hex-band"",24,4,8]",83.484848924800005,-241
1510,15307743301410,"[""hex-band"",24,4,9]",93.9204550404,-234.97499999999999
1511,238856307279215,"[""hex-band"",24,4,10]",104.356061156,-228.94999999999999
1512,224552457157827,"[""hex-band"",24,4,11]",114.79166727160001,-222.92500000000001
1513,208150509645738,"[""hex-band"",24,4,12]",125.2272733872,-216.90000000000001
1514,233021552402697,"[""hex-band"",24,4,13]",135.6628795028,-210.875
1515,43327434888943,"[""hex-band"",24,4,14]",146.09848561839999,-204.84999999999999
1516,59915456332425,"[""hex-band"",24,4,15]",156.53409173399999,-198.82499999999999
1517,165975849282057,"[""hex-band"",24,4,16]",166.96969784960001,-192.80000000000001
1518,89979378979070,"[""hex-band"",24,4,17]",177.40530396520001,-186.77500000000001
1519,209759308314073,"[""hex-band"",24,4,18]",187.8409100808,-180.75
1520,120717964991398,"[""hex-band"",24,4,19]",198.2765161964,-174.72499999999999
1521,185222384298912,"[""hex-band"",24,4,20]",208.71212231199999,-168.69999999999999
1522,163640290260457,"[""hex-band"",24,4,21]",219.1477284277,-162.67500000000001
1523,141930279214213,"[""hex-band"",24,4,22]",229.5833345433,-156.65000000000001
1524,95583315750838,"[""hex-band"",24,4,23]",240.01894065889999,-150.625
1525,27470497177783,"[""hex-band"",24,5,0]",250.45454677449999,-144.59999999999999
1526,63534525413447,"[""hex-band"",24,5,1]",250.45454677449999,-132.55000000000001
1527,145047197785205,"[""hex-band"",24,5,2]",250.45454677449999,-120.5
1528,44576673923680,"[""hex-band"",24,5,3]",250.45454677449999,-108.45
1529,78258052202827,"[""hex-band"",24,5,4]",250.45454677449999,-96.400000000000006
1530,266118324125583,"[""hex-band"",24,5,5]",250.45454677449999,-84.349999999999994
1531,221857530734223,"[""hex-band"",24,5,6]",250.45454677449999,-72.299999999999997
1532,240265108908019,"[""hex-band"",24,5,7]",250.45454677449999,-60.25
1533,27118273139711,"[""hex-band"",24,5,8]",250.45454677449999,-48.200000000000003
1534,96775361641291,"[""hex-band"",24,5,9]",250.45454677449999,-36.149999999999999
1535,218675801947885,"[""hex-band"",24,5,10]",250.45454677449999,-24.100000000000001
1536,171289819547550,"[""hex-band"",24,5,11]",250.45454677449999,-12.050000000000001
1537,250310996392181,"[""hex-band"",24,5,12]",250.45454677449999,-0
1538,134427986415621,"[""hex-band"",24,5,13]",250.45454677449999,12.050000000000001
1539,79010216337554,"[""hex-band"",24,5,14]",250.45454677449999,24.100000000000001
1540,182027169235011,"[""hex-band"",24,5,15]",250.45454677449999,36.149999999999999
1541,77559840111831,"[""hex-band"",24,5,16]",250.45454677449999,48.200000000000003
1542,189144616472591,"[""hex-band"",24,5,17]",250.45454677449999,60.25
1543,195292819269623,"[""hex-band"",24,5,18]",250.45454677449999,72.299999999999997
1544,200231264833194,"[""hex-band"",24,5,19]",250.45454677449999,84.349999999999994
1545,112301328457565,"[""hex-band"",24,5,20]",250.45454677449999,96.400000000000006
1546,120361932561566,"[""hex-band"",24,5,21]",250.45454677449999,108.45
1547,141941026065987,"[""hex-band"",24,5,22]",250.45454677449999,120.5
1548,188469067555357,"[""hex-band"",24,5,23]",250.45454677449999,132.55000000000001
1549,265350312447465,"[""hex-band"",25,0,0]",260.89015289010001,150.625
1550,236314552606490,"[""hex-band"",25,0,1]",250.45454677449999,156.65000000000001
1551,229355149045002,"[""hex-band"",25,0,2]",240.01894065889999,162.67500000000001
1552,68127357133369,"[""hex-band"",25,0,3]",229.5833345433,168.69999999999999
1553,43374987373111,"[""hex-band"",25,0,4]",219.1477284277,174.72499999999999
1554,82955995728197,"[""hex-band"",25,0,5]",208.71212231199999,180.75
1555,188781992156566,"[""hex-band"",25,0,6]",198.2765161964,186.77500000000001
1556,7856425765976,"[""hex-band"",25,0,7]",187.8409100808,192.80000000000001
1557,125393412620044,"[""hex-band"",25,0,8]",177.40530396520001,198.82499999999999
1558,62555287211715,"[""hex-band"",25,0,9]",166.96969784960001,204.84999999999999
1559,83342837108471,"[""hex-band"",25,0,10]",156.53409173399999,210.875
1560,154490478800798,"[""hex-band"",25,0,11]",146.09848561839999,216.90000000000001
1561,174567285536798,"[""hex-band"",25,0,12]",135.6628795028,222.92500000000001
1562,122875080629137,"[""hex-band"",25,0,13]",125.2272733872,228.94999999999999
1563,11624415148264,"[""hex-band"",25,0,14]",114.79166727160001,234.97499999999999
1564,202709942476518,"[""hex-band"",25,0,15]",104.356061156,241
1565,257138780596248,"[""hex-band"",25,0,16]",93.9204550404,247.02500000000001
1566,76034695465907,"[""hex-band"",25,0,17]",83.484848924800005,253.05000000000001
1567,250275508756278,"[""hex-band"",25,0,18]",73.049242809199995,259.07499999999999
1568,102179641636374,"[""hex-band"",25,0,19]",62.6136366936,265.10000000000002
1569,198475614439618,"[""hex-band"",25,0,20]",52.178030577999998,271.125
1570,10229838212552,"[""hex-band"",25,0,21]",41.742424462400002,277.14999999999998
1571,89024198100373,"[""hex-band"",25,0,22]",31.3068183468,283.17500000000001
1572,45878380820286,"[""hex-band"",25,0,23]",20.871212231200001,289.19999999999999
1573,83251797502063,"[""hex-band"",25,0,24]",10.435606115600001,295.22500000000002
1574,112310148787021,"[""hex-band"",25,1,0]",0,301.25
1575,89146777350423,"[""hex-band"",25,1,1]",-10.435606115600001,295.22500000000002
1576,274048475263916,"[""hex-band"",25,1,2]",-20.871212231200001,289.19999999999999
1577,227852860053478,"[""hex-band"",25,1,3]",-31.3068183468,283.17500000000001
1578,147760594039404,"[""hex-band"",25,1,4]",-41.742424462400002,277.14999999999998
1579,120876258134047,"[""hex-band"",25,1,5]",-52.178030577999998,271.125
1580,192615171548876,"[""hex-band"",25,1,6]",-62.6136366936,265.10000000000002
1581,57924545985765,"[""hex-band"",25,1,7]",-73.049242809199995,259.07499999999999
1582,166360673041764,"[""hex-band"",25,1,8]",-83.484848924800005,253.05000000000001
1583,253620628463717,"[""hex-band"",25,1,9]",-93.9204550404,247.02500000000001
1584,139342339988474,"[""hex-band"",25,1,10]",-104.356061156,241
1585,86643304147101,"[""hex-band"",25,1,11]",-114.79166727160001,234.97499999999999
1586,77667908549784,"[""hex-band"",25,1,12]",-125.2272733872,228.94999999999999
1587,3294113662111,"[""hex-band"",25,1,13]",-135.6628795028,222.92500000000001
1588,21483816956941,"[""hex-band"",25,1,14]",-146.09848561839999,216.90000000000001
1589,124093249570699,"[""hex-band"",25,1,15]",-156.53409173399999,210.875
1590,245974850002732,"[""hex-band"",25,1,16]",-166.96969784960001,204.84999999999999
1591,73819127864362,"[""hex-band"",25,1,17]",-177.40530396520001,198.82499999999999
1592,32011782053260,"[""hex-band"",25,1,18]",-187.8409100808,192.80000000000001
1593,268727885068588,"[""hex-band"",25,1,19]",-198.2765161964,186.77500000000001
1594,169772417772480,"[""hex-band"",25,1,20]",-208.71212231199999,180.75
1595,119066861415204,"[""hex-band"",25,1,21]",-219.1477284277,174.72499999999999
1596,200644892253010,"[""hex-band"",25,1,22]",-229.5833345433,168.69999999999999
1597,192478587752777,"[""hex-band"",25,1,23]",-240.01894065889999,162.67500000000001
1598,73765945969677,"[""hex-band"",25,1,24]",-250.45454677449999,156.65000000000001
1599,145547607898210,"[""hex-band"",25,2,0]",-260.89015289010001,150.625
1600,222751877726648,"[""hex-band"",25,2,1]",-260.89015289010001,138.57499999999999
1601,40591730877760,"[""hex-band"",25,2,2]",-260.89015289010001,126.52500000000001
1602,53198516294695,"[""hex-band"",25,2,3]",-260.89015289010001,114.47499999999999
1603,151940228765196,"[""hex-band"",25,2,4]",-260.89015289010001,102.425
1604,108377054935727,"[""hex-band"",25,2,5]",-260.89015289010001,90.375
1605,202106114666163,"[""hex-band"",25,2,6]",-260.89015289010001,78.325000000000003
1606,191124601432387,"[""hex-band"",25,2,7]",-260.89015289010001,66.275000000000006
1607,93452722466732,"[""hex-band"",25,2,8]",-260.89015289010001,54.225000000000001
1608,166461462010690,"[""hex-band"",25,2,9]",-260.89015289010001,42.174999999999997
1609,269200962066230,"[""hex-band"",25,2,10]",-260.89015289010001,30.125
1610,265159746094054,"[""hex-band"",25,2,11]",-260.89015289010001,18.074999999999999
1611,55032297342989,"[""hex-band"",25,2,12]",-260.89015289010001,6.0250000000000004
1612,220797193093647,"[""hex-band"",25,2,13]",-260.89015289010001,-6.0250000000000004
1613,83124206203585,"[""hex-band"",25,2,14]",-260.89015289010001,-18.074999999999999
1614,274944259394161,"[""hex-band"",25,2,15]",-260.89015289010001,-30.125
1615,52736104517027,"[""hex-band"",25,2,16]",-260.89015289010001,-42.174999999999997
1616,57083064952705,"[""hex-band"",25,2,17]",-260.89015289010001,-54.225000000000001
1617,90516333661247,"[""hex-band"",25,2,18]",-260.89015289010001,-66.275000000000006
1618,60304865644622,"[""hex-band"",25,2,19]",-260.89015289010001,-78.325000000000003
1619,116107762474750,"[""hex-band"",25,2,20]",-260.89015289010001,-90.375
1620,12033030484263,"[""hex-band"",25,2,21]",-260.89015289010001,-102.425
1621,112268298487712,"[""hex-band"",25,2,22]",-260.89015289010001,-114.47499999999999
1622,3706530700216,"[""hex-band"",25,2,23]",-260.89015289010001,-126.52500000000001
1623,159970817350520,"[""hex-band"",25,2,24]",-260.89015289010001,-138.57499999999999
1624,249843654131678,"[""hex-band"",25,3,0]",-260.89015289010001,-150.625
1625,135217216649062,"[""hex-band"",25,3,1]",-250.45454677449999,-156.65000000000001
1626,223619346316585,"[""hex-band"",25,3,2]",-240.01894065889999,-162.67500000000001
1627,82208137994064,"[""hex-band"",25,3,3]",-229.5833345433,-168.69999999999999
1628,21724856705078,"[""hex-band"",25,3,4]",-219.1477284277,-174.72499999999999
1629,53362838971988,"[""hex-band"",25,3,5]",-208.71212231199999,-180.75
1630,76915408344054,"[""hex-band"",25,3,6]",-198.2765161964,-186.77500000000001
1631,266274375547809,"[""hex-band"",25,3,7]",-187.8409100808,-192.80000000000001
1632,142677309571541,"[""hex-band"",25,3,8]",-177.40530396520001,-198.82499999999999
1633,226881399980685,"[""hex-band"",25,3,9]",-166.96969784960001,-204.84999999999999
1634,68647664900918,"[""hex-band"",25,3,10]",-156.53409173399999,-210.875
1635,10966644342566,"[""hex-band"",25,3,11]",-146.09848561839999,-216.90000000000001
1636,162099205700673,"[""hex-band"",25,3,12]",-135.6628795028,-222.92500000000001
1637,186246373742623,"[""hex-band"",25,3,13]",-125.2272733872,-228.94999999999999
1638,128065501470667,"[""hex-band"",25,3,14]",-114.79166727160001,-234.97499999999999
1639,241041660102477,"[""hex-band"",25,3,15]",-104.356061156,-241
1640,74543491678322,"[""hex-band"",25,3,16]",-93.9204550404,-247.02500000000001
1641,255557765460423,"[""hex-band"",25,3,17]",-83.484848924800005,-253.05000000000001
1642,265924525949247,"[""hex-band"",25,3,18]",-73.049242809199995,-259.07499999999999
1643,113725916132447,"[""hex-band"",25,3,19]",-62.6136366936,-265.10000000000002
1644,246226686948855,"[""hex-band"",25,3,20]",-52.178030577999998,-271.125
1645,148750877836776,"[""hex-band"",25,3,21]",-41.742424462400002,-277.14999999999998
1646,187545383002851,"[""hex-band"",25,3,22]",-31.3068183468,-283.17500000000001
1647,195589594956408,"[""hex-band"",25,3,23]",-20.871212231200001,-289.19999999999999
1648,925542601973,"[""hex-band"",25,3,24]",-10.435606115600001,-295.22500000000002
1649,187027846113432,"[""hex-band"",25,4,0]",-0,-301.25
1650,212095859948858,"[""hex-band"",25,4,1]",10.435606115600001,-295.22500000000002
1651,58105232687254,"[""hex-band"",25,4,2]",20.871212231200001,-289.19999999999999
1652,23240051740359,"[""hex-band"",25,4,3]",31.3068183468,-283.17500000000001
1653,129212705050137,"[""hex-band"",25,4,4]",41.742424462400002,-277.14999999999998
1654,166375425257403,"[""hex-band"",25,4,5]",52.178030577999998,-271.125
1655,224174271221720,"[""hex-band"",25,4,6]",62.6136366936,-265.10000000000002
1656,189434866659715,"[""hex-band"",25,4,7]",73.049242809199995,-259.07499999999999
1657,181754241830437,"[""hex-band"",25,4,8]",83.484848924800005,-253.05000000000001
1658,255057069210012,"[""hex-band"",25,4,9]",93.9204550404,-247.02500000000001
1659,5162932515086,"[""hex-band"",25,4,10]",104.356061156,-241
1660,29601134700682,"[""hex-band"",25,4,11]",114.79166727160001,-234.97499999999999
1661,202096196403192,"[""hex-band"",25,4,12]",125.2272733872,-228.94999999999999
1662,147931235782738,"[""hex-band"",25,4,13]",135.6628795028,-222.92500000000001
1663,210133429004438,"[""hex-band"",25,4,14]",146.09848561839999,-216.90000000000001
1664,10366313658884,"[""hex-band"",25,4,15]",156.53409173399999,-210.875
1665,243499259585707,"[""hex-band"",25,4,16]",166.96969784960001,-204.84999999999999
1666,159287326425373,"[""hex-band"",25,4,17]",177.40530396520001,-198.82499999999999
1667,159392778931570,"[""hex-band"",25,4,18]",187.8409100808,-192.80000000000001
1668,68503198233091,"[""hex-band"",25,4,19]",198.2765161964,-186.77500000000001
1669,93028944142399,"[""hex-band"",25,4,20]",208.71212231199999,-180.75
1670,175309435030512,"[""hex-band"",25,4,21]",219.1477284277,-174.72499999999999
1671,246866763303716,"[""hex-band"",25,4,22]",229.5833345433,-168.69999999999999
1672,111747995596724,"[""hex-band"",25,4,23]",240.01894065889999,-162.67500000000001
1673,142395397444727,"[""hex-band"",25,4,24]",250.45454677449999,-156.65000000000001
1674,139885478143578,"[""hex-band"",25,5,0]",260.89015289010001,-150.625
1675,273614877498855,"[""hex-band"",25,5,1]",260.89015289010001,-138.57499999999999
1676,123413093432353,"[""hex-band"",25,5,2]",260.89015289010001,-126.52500000000001
1677,44074579671627,"[""hex-band"",25,5,3]",260.89015289010001,-114.47499999999999
1678,131142209267464,"[""hex-band"",25,5,4]",260.89015289010001,-102.425
1679,79234216303162,"[""hex-band"",25,5,5]",260.89015289010001,-90.375
1680,151243713755743,"[""hex-band"",25,5,6]",260.89015289010001,-78.325000000000003
1681,195717970487846,"[""hex-band"",25,5,7]",260.89015289010001,-66.275000000000006
1682,37220689307127,"[""hex-band"",25,5,8]",260.89015289010001,-54.225000000000001
1683,40796707813041,"[""hex-band"",25,5,9]",260.89015289010001,-42.174999999999997
1684,153338808794591,"[""hex-band"",25,5,10]",260.89015289010001,-30.125
1685,227827010187262,"[""hex-band"",25,5,11]",260.89015289010001,-18.074999999999999
1686,136690269579314,"[""hex-band"",25,5,12]",260.89015289010001,-6.0250000000000004
1687,190375276150571,"[""hex-band"",25,5,13]",260.89015289010001,6.0250000000000004
1688,141103568156314,"[""hex-band"",25,5,14]",260.89015289010001,18.074999999999999
1689,256269079708071,"[""hex-band"",25,5,15]",260.89015289010001,30.125
1690,198774638261062,"[""hex-band"",25,5,16]",260.89015289010001,42.174999999999997
1691,186186020030265,"[""hex-band"",25,5,17]",260.89015289010001,54.225000000000001
1692,177482755311453,"[""hex-band"",25,5,18]",260.89015289010001,66.275000000000006
1693,1223502749451,"[""hex-band"",25,5,19]",260.89015289010001,78.325000000000003
1694,76232755797615,"[""hex-band"",25,5,20]",260.89015289010001,90.375
1695,38665373827509,"[""hex-band"",25,5,21]",260.89015289010001,102.425
1696,53899667432020,"[""hex-band"",25,5,22]",260.89015289010001,114.47499999999999
1697,73915109661128,"[""hex-band"",25,5,23]",260.89015289010001,126.52500000000001
1698,137665981173745,"[""hex-band"",25,5,24]",260.89015289010001,138.57499999999999
1699,152051574420899,"[""hex-band"",26,0,0]",271.32575900569998,156.65000000000001
1700,51865206062296,"[""hex-band"",26,0,1]",260.89015289010001,162.67500000000001
1701,160085021682821,"[""hex-band"",26,0,2]",250.45454677449999,168.69999999999999
1702,153060808078214,"[""hex-band"",26,0,3]",240.01894065889999,174.72499999999999
1703,40151378940769,"[""hex-band"",26,0,4]",229.5833345433,180.75
1704,176470050402701,"[""hex-band"",26,0,5]",219.1477284277,186.77500000000001
1705,278006982648481,"[""hex-band"",26,0,6]",208.71212231199999,192.80000000000001
1706,75989382027062,"[""hex-band"",26,0,7]",198.2765161964,198.82499999999999
1707,45289761453467,"[""hex-band"",26,0,8]",187.8409100808,204.84999999999999
1708,37015292494938,"[""hex-band"",26,0,9]",177.40530396520001,210.875
1709,173618701980111,"[""hex-band"",26,0,10]",166.96969784960001,216.90000000000001
1710,58835570429075,"[""hex-band"",26,0,11]",156.53409173399999,222.92500000000001
1711,235402872295811,"[""hex-band"",26,0,12]",146.09848561839999,228.94999999999999
1712,273070829473329,"[""hex-band"",26,0,13]",135.6628795028,234.97499999999999
1713,216815965639004,"[""hex-band"",26,0,14]",125.2272733872,241
1714,8601830814698,"[""hex-band"",26,0,15]",114.79166727160001,247.02500000000001
1715,155916704886020,"[""hex-band"",26,0,16]",104.356061156,253.05000000000001
1716,33052469850587,"[""hex-band"",26,0,17]",93.9204550404,259.07499999999999
1717,24189377237167,"[""hex-band"",26,0,18]",83.484848924800005,265.10000000000002
1718,55110312960382,"[""hex-band"",26,0,19]",73.049242809199995,271.125
1719,23768620455991,"[""hex-band"",26,0,20]",62.6136366936,277.14999999999998
1720,108302542529501,"[""hex-band"",26,0,21]",52.178030577999998,283.17500000000001
1721,106322006762113,"[""hex-band"",26,0,22]",41.742424462400002,289.19999999999999
1722,266800422202893,"[""hex-band"",26,0,23]",31.3068183468,295.22500000000002
1723,128135226568606,"[""hex-band"",26,0,24]",20.871212231200001,301.25
1724,105776716183786,"[""hex-band"",26,0,25]",10.435606115600001,307.27499999999998
1725,59606249507082,"[""hex-band"",26,1,0]",0,313.30000000000001
1726,126090607060637,"[""hex-band"",26,1,1]",-10.435606115600001,307.27499999999998
1727,175981511860601,"[""hex-band"",26,1,2]",-20.871212231200001,301.25
1728,135406292564914,"[""hex-band"",26,1,3]",-31.3068183468,295.22500000000002
1729,32175787342391,"[""hex-band"",26,1,4]",-41.742424462400002,289.19999999999999
1730,150525091986754,"[""hex-band"",26,1,5]",-52.178030577999998,283.17500000000001
1731,39845287016865,"[""hex-band"",26,1,6]",-62.6136366936,277.14999999999998
1732,151158266407435,"[""hex-band"",26,1,7]",-73.049242809199995,271.125
1733,62794741272618,"[""hex-band"",26,1,8]",-83.484848924800005,265.10000000000002
1734,13470354069314,"[""hex-band"",26,1,9]",-93.9204550404,259.07499999999999
1735,194008110801994,"[""hex-band"",26,1,10]",-104.356061156,253.05000000000001
1736,192436185215976,"[""hex-band"",26,1,11]",-114.79166727160001,247.02500000000001
1737,207820090795540,"[""hex-band"",26,1,12]",-125.2272733872,241
1738,220754637072361,"[""hex-band"",26,1,13]",-135.6628795028,234.97499999999999
1739,249662204280713,"[""hex-band"",26,1,14]",-146.09848561839999,228.94999999999999
1740,275784949661797,"[""hex-band"",26,1,15]",-156.53409173399999,222.92500000000001
1741,198027685669264,"[""hex-band"",26,1,16]",-166.96969784960001,216.90000000000001
1742,269657857930179,"[""hex-band"",26,1,17]",-177.40530396520001,210.875
1743,180599754730702,"[""hex-band"",26,1,18]",-187.8409100808,204.84999999999999
1744,278622880201570,"[""hex-band"",26,1,19]",-198.2765161964,198.82499999999999
1745,102667307885597,"[""hex-band"",26,1,20]",-208.71212231199999,192.80000000000001
1746,207826069023972,"[""hex-band"",26,1,21]",-219.1477284277,186.77500000000001
1747,142281807444487,"[""hex-band"",26,1,22]",-229.5833345433,180.75
1748,30884554275414,"[""hex-band"",26,1,23]",-240.01894065889999,174.72499999999999
1749,132812823782933,"[""hex-band"",26,1,24]",-250.45454677449999,168.69999999999999
1750,215646144377841,"[""hex-band"",26,1,25]",-260.89015289010001,162.67500000000001
1751,232760403416770,"[""hex-band"",26,2,0]",-271.32575900569998,156.65000000000001
1752,72741209987324,"[""hex-band"",26,2,1]",-271.32575900569998,144.59999999999999
1753,3571281614340,"[""hex-band"",26,2,2]",-271.32575900569998,132.55000000000001
1754,11752712561286,"[""hex-band"",26,2,3]",-271.32575900569998,120.5
1755,279500639477354,"[""hex-band"",26,2,4]",-271.32575900569998,108.45
1756,88913656494160,"[""hex-band"",26,2,5]",-271.32575900569998,96.400000000000006
1757,87628117043449,"[""hex-band"",26,2,6]",-271.32575900569998,84.349999999999994
1758,202828620189806,"[""hex-band"",26,2,7]",-271.32575900569998,72.299999999999997
1759,234244701236052,"[""hex-band"",26,2,8]",-271.32575900569998,60.25
1760,176540686274561,"[""hex-band"",26,2,9]",-271.32575900569998,48.200000000000003
1761,62220547825348,"[""hex-band"",26,2,10]",-271.32575900569998,36.149999999999999
1762,22948335389524,"[""hex-band"",26,2,11]",-271.32575900569998,24.100000000000001
1763,267322684789344,"[""hex-band"",26,2,12]",-271.32575900569998,12.050000000000001
1764,260146150524438,"[""hex-band"",26,2,13]",-271.32575900569998,0
1765,241181674171408,"[""hex-band"",26,2,14]",-271.32575900569998,-12.050000000000001
1766,203190548177263,"[""hex-band"",26,2,15]",-271.32575900569998,-24.100000000000001
1767,238875168659286,"[""hex-band"",26,2,16]",-271.32575900569998,-36.149999999999999
1768,153514361886361,"[""hex-band"",26,2,17]",-271.32575900569998,-48.200000000000003
1769,261367166101719,"[""hex-band"",26,2,18]",-271.32575900569998,-60.25
1770,196454183873217,"[""hex-band"",26,2,19]",-271.32575900569998,-72.299999999999997
1771,85124081106954,"[""hex-band"",26,2,20]",-271.32575900569998,-84.349999999999994
1772,221713175354270,"[""hex-band"",26,2,21]",-271.32575900569998,-96.400000000000006
1773,211786403551550,"[""hex-band"",26,2,22]",-271.32575900569998,-108.45
1774,277584744382349,"[""hex-band"",26,2,23]",-271.32575900569998,-120.5
1775,175289474833681,"[""hex-band"",26,2,24]",-271.32575900569998,-132.55000000000001
1776,47415492986369,"[""hex-band"",26,2,25]",-271.32575900569998,-144.59999999999999
1777,58274339705314,"[""hex-band"",26,3,0]",-271.32575900569998,-156.65000000000001
1778,279125141069524,"[""hex-band"",26,3,1]",-260.89015289010001,-162.67500000000001
1779,107438523518586,"[""hex-band"",26,3,2]",-250.45454677449999,-168.69999999999999
1780,14351986646272,"[""hex-band"",26,3,3]",-240.01894065889999,-174.72499999999999
1781,115715122963067,"[""hex-band"",26,3,4]",-229.5833345433,-180.75
1782,205338194008465,"[""hex-band"",26,3,5]",-219.1477284277,-186.77500000000001
1783,201623511982976,"[""hex-band"",26,3,6]",-208.71212231199999,-192.80000000000001
1784,11651841299603,"[""hex-band"",26,3,7]",-198.2765161964,-198.82499999999999
1785,239938865553383,"[""hex-band"",26,3,8]",-187.8409100808,-204.84999999999999
1786,140885899397871,"[""hex-band"",26,3,9]",-177.40530396520001,-210.875
1787,13322800928421,"[""hex-band"",26,3,10]",-166.96969784960001,-216.90000000000001
1788,170364082468239,"[""hex-band"",26,3,11]",-156.53409173399999,-222.92500000000001
1789,99958785052062,"[""hex-band"",26,3,12]",-146.09848561839999,-228.94999999999999
1790,229900105502398,"[""hex-band"",26,3,13]",-135.6628795028,-234.97499999999999
1791,9079167277196,"[""hex-band"",26,3,14]",-125.2272733872,-241
1792,167509789608261,"[""hex-band"",26,3,15]",-114.79166727160001,-247.02500000000001
1793,214798659968316,"[""hex-band"",26,3,16]",-104.356061156,-253.05000000000001
1794,174203001497005,"[""hex-band"",26,3,17]",-93.9204550404,-259.07499999999999
1795,85202215436381,"[""hex-band"",26,3,18]",-83.484848924800005,-265.10000000000002
1796,28506186567326,"[""hex-band"",26,3,19]",-73.049242809199995,-271.125
1797,22948452532708,"[""hex-band"",26,3,20]",-62.6136366936,-277.14999999999998
1798,142166884244123,"[""hex-band"",26,3,21]",-52.178030577999998,-283.17500000000001
1799,16690446521213,"[""hex-band"",26,3,22]",-41.742424462400002,-289.19999999999999
1800,195117236815218,"[""hex-band"",26,3,23]",-31.3068183468,-295.22500000000002
1801,65831771500915,"[""hex-band"",26,3,24]",-20.871212231200001,-301.25
1802,207573282742593,"[""hex-band"",26,3,25]",-10.435606115600001,-307.27499999999998
1803,113794410630338,"[""hex-band"",26,4,0]",-0,-313.30000000000001
1804,203351959729076,"[""hex-band"",26,4,1]",10.435606115600001,-307.27499999999998
1805,168919702709171,"[""hex-band"",26,4,2]",20.871212231200001,-301.25
1806,56764533477407,"[""hex-band"",26,4,3]",31.3068183468,-295.22500000000002
1807,31659726974175,"[""hex-band"",26,4,4]",41.742424462400002,-289.19999999999999
1808,212149750182175,"[""hex-band"",26,4,5]",52.178030577999998,-283.17500000000001
1809,53467016510020,"[""hex-band"",26,4,6]",62.6136366936,-277.14999999999998
1810,244925513570681,"[""hex-band"",26,4,7]",73.049242809199995,-271.125
1811,51167846256617,"[""hex-band"",26,4,8]",83.484848924800005,-265.10000000000002
1812,145176942001985,"[""hex-band"",26,4,9]",93.9204550404,-259.07499999999999
1813,91716761610018,"[""hex-band"",26,4,10]",104.356061156,-253.05000000000001
1814,158919210274792,"[""hex-band"",26,4,11]",114.79166727160001,-247.02500000000001
1815,210766739953842,"[""hex-band"",26,4,12]",125.2272733872,-241
1816,233582428176176,"[""hex-band"",26,4,13]",135.6628795028,-234.97499999999999
1817,184629586684730,"[""hex-band"",26,4,14]",146.09848561839999,-228.94999999999999
1818,29104933260005,"[""hex-band"",26,4,15]",156.53409173399999,-222.92500000000001
1819,113101630966724,"[""hex-band"",26,4,16]",166.96969784960001,-216.90000000000001
1820,33651365304873,"[""hex-band"",26,4,17]",177.40530396520001,-210.875
1821,46611686934274,"[""hex-band"",26,4,18]",187.8409100808,-204.84999999999999
1822,175725981405340,"[""hex-band"",26,4,19]",198.2765161964,-198.82499999999999
1823,278069541013773,"[""hex-band"",26,4,20]",208.71212231199999,-192.80000000000001
1824,47104825466035,"[""hex-band"",26,4,21]",219.1477284277,-186.77500000000001
1825,355660895134,"[""hex-band"",26,4,22]",229.5833345433,-180.75
1826,55539906418400,"[""hex-band"",26,4,23]",240.01894065889999,-174.72499999999999
1827,262327455871484,"[""hex-band"",26,4,24]",250.45454677449999,-168.69999999999999
1828,202325692375915,"[""hex-band"",26,4,25]",260.89015289010001,-162.67500000000001
1829,258214317453396,"[""hex-band"",26,5,0]",271.32575900569998,-156.65000000000001
1830,251675934650875,"[""hex-band"",26,5,1]",271.32575900569998,-144.59999999999999
1831,154566388785107,"[""hex-band"",26,5,2]",271.32575900569998,-132.55000000000001
1832,55441109532572,"[""hex-band"",26,5,3]",271.32575900569998,-120.5
1833,25333845308663,"[""hex-band"",26,5,4]",271.32575900569998,-108.45
1834,81589562952181,"[""hex-band"",26,5,5]",271.32575900569998,-96.400000000000006
1835,80470508889102,"[""hex-band"",26,5,6]",271.32575900569998,-84.349999999999994
1836,111212050536923,"[""hex-band"",26,5,7]",271.32575900569998,-72.299999999999997
1837,96948091491241,"[""hex-band"",26,5,8]",271.32575900569998,-60.25
1838,40765193863074,"[""hex-band"",26,5,9]",271.32575900569998,-48.200000000000003
1839,271142626441641,"[""hex-band"",26,5,10]",271.32575900569998,-36.149999999999999
1840,173514204840173,"[""hex-band"",26,5,11]",271.32575900569998,-24.100000000000001
1841,31859152009208,"[""hex-band"",26,5,12]",271.32575900569998,-12.050000000000001
1842,40165410284138,"[""hex-band"",26,5,13]",271.32575900569998,-0
1843,20614437678183,"[""hex-band"",26,5,14]",271.32575900569998,12.050000000000001
1844,140429010714839,"[""hex-band"",26,5,15]",271.32575900569998,24.100000000000001
1845,116702515912985,"[""hex-band"",26,5,16]",271.32575900569998,36.149999999999999
1846,123295036102888,"[""hex-band"",26,5,17]",271.32575900569998,48.200000000000003
1847,280969643305223,"[""hex-band"",26,5,18]",271.32575900569998,60.25
1848,147516515699618,"[""hex-band"",26,5,19]",271.32575900569998,72.299999999999997
1849,196135880508765,"[""hex-band"",26,5,20]",271.32575900569998,84.349999999999994
1850,108580813032673,"[""hex-band"",26,5,21]",271.32575900569998,96.400000000000006
1851,14604653556279,"[""hex-band"",26,5,22]",271.32575900569998,108.45
1852,34929716340152,"[""hex-band"",26,5,23]",271.32575900569998,120.5
1853,42849732622629,"[""hex-band"",26,5,24]",271.32575900569998,132.55000000000001
1854,69717153694203,"[""hex-band"",26,5,25]",271.32575900569998,144.59999999999999
1855,135250098656809,"[""hex-band"",27,0,0]",281.7613651213,162.67500000000001
1856,252127737154968,"[""hex-band"",27,0,1]",271.32575900569998,168.69999999999999
1857,165532965634199,"[""hex-band"",27,0,2]",260.89015289010001,174.72499999999999
1858,179742370144875,"[""hex-band"",27,0,3]",250.45454677449999,180.75
1859,275793529192403,"[""hex-band"",27,0,4]",240.01894065889999,186.77500000000001
1860,175764504751812,"[""hex-band"",27,0,5]",229.5833345433,192.80000000000001
1861,126349282525022,"[""hex-band"",27,0,6]",219.1477284277,198.82499999999999
1862,29160077948412,"[""hex-band"",27,0,7]",208.71212231199999,204.84999999999999
1863,4636443331077,"[""hex-band"",27,0,8]",198.2765161964,210.875
1864,77852843518939,"[""hex-band"",27,0,9]",187.8409100808,216.90000000000001
1865,280014612600126,"[""hex-band"",27,0,10]",177.40530396520001,222.92500000000001
1866,198227700366175,"[""hex-band"",27,0,11]",166.96969784960001,228.94999999999999
1867,272341908253472,"[""hex-band"",27,0,12]",156.53409173399999,234.97499999999999
1868,121626544125555,"[""hex-band"",27,0,13]",146.09848561839999,241
1869,275455839711524,"[""hex-band"",27,0,14]",135.6628795028,247.02500000000001
1870,110365869440769,"[""hex-band"",27,0,15]",125.2272733872,253.05000000000001
1871,79488813052868,"[""hex-band"",27,0,16]",114.79166727160001,259.07499999999999
1872,175004138866999,"[""hex-band"",27,0,17]",104.356061156,265.10000000000002
1873,26429123532797,"[""hex-band"",27,0,18]",93.9204550404,271.125
1874,193960304164039,"[""hex-band"",27,0,19]",83.484848924800005,277.14999999999998
1875,42427626477195,"[""hex-band"",27,0,20]",73.049242809199995,283.17500000000001
1876,218604097517195,"[""hex-band"",27,0,21]",62.6136366936,289.19999999999999
1877,75819280134117,"[""hex-band"",27,0,22]",52.178030577999998,295.22500000000002
1878,167794101988757,"[""hex-band"",27,0,23]",41.742424462400002,301.25
1879,86904186805216,"[""hex-band"",27,0,24]",31.3068183468,307.27499999999998
1880,99065007561720,"[""hex-band"",27,0,25]",20.871212231200001,313.30000000000001
1881,13508589745191,"[""hex-band"",27,0,26]",10.435606115600001,319.32499999999999
1882,258755757859973,"[""hex-band"",27,1,0]",0,325.35000000000002
1883,18058191138410,"[""hex-band"",27,1,1]",-10.435606115600001,319.32499999999999
1884,257780999892175,"[""hex-band"",27,1,2]",-20.871212231200001,313.30000000000001
1885,86134966262939,"[""hex-band"",27,1,3]",-31.3068183468,307.27499999999998
1886,143772088542411,"[""hex-band"",27,1,4]",-41.742424462400002,301.25
1887,52185589085971,"[""hex-band"",27,1,5]",-52.178030577999998,295.22500000000002
1888,173205940605070,"[""hex-band"",27,1,6]",-62.6136366936,289.19999999999999
1889,193873194093487,"[""hex-band"",27,1,7]",-73.049242809199995,283.17500000000001
1890,217653031411026,"[""hex-band"",27,1,8]",-83.484848924800005,277.14999999999998
1891,120894776330380,"[""hex-band"",27,1,9]",-93.9204550404,271.125
1892,56518778232062,"[""hex-band"",27,1,10]",-104.356061156,265.10000000000002
1893,187631132844625,"[""hex-band"",27,1,11]",-114.79166727160001,259.07499999999999
1894,18370988535184,"[""hex-band"",27,1,12]",-125.2272733872,253.05000000000001
1895,38973118595625,"[""hex-band"",27,1,13]",-135.6628795028,247.02500000000001
1896,146916449762024,"[""hex-band"",27,1,14]",-146.09848561839999,241
1897,273035151471262,"[""hex-band"",27,1,15]",-156.53409173399999,234.97499999999999
1898,126936941860651,"[""hex-band"",27,1,16]",-166.96969784960001,228.94999999999999
1899,86629469259654,"[""hex-band"",27,1,17]",-177.40530396520001,222.92500000000001
1900,144655169042527,"[""hex-band"",27,1,18]",-187.8409100808,216.90000000000001
1901,271968221661832,"[""hex-band"",27,1,19]",-198.2765161964,210.875
1902,4787810012109,"[""hex-band"",27,1,20]",-208.71212231199999,204.84999999999999
1903,79518002202911,"[""hex-band"",27,1,21]",-219.1477284277,198.82499999999999
1904,186814229660751,"[""hex-band"",27,1,22]",-229.5833345433,192.80000000000001
1905,120308474968878,"[""hex-band"",27,1,23]",-240.01894065889999,186.77500000000001
1906,70171234793999,"[""hex-band"",27,1,24]",-250.45454677449999,180.75
1907,83509722095678,"[""hex-band"",27,1,25]",-260.89015289010001,174.72499999999999
1908,253941599165531,"[""hex-band"",27,1,26]",-271.32575900569998,168.69999999999999
1909,87998140449711,"[""hex-band"",27,2,0]",-281.7613651213,162.67500000000001
1910,166372342910036,"[""hex-band"",27,2,1]",-281.7613651213,150.625
1911,251467805130431,"[""hex-band"",27,2,2]",-281.7613651213,138.57499999999999
1912,275614885742915,"[""hex-band"",27,2,3]",-281.7613651213,126.52500000000001
1913,236909808079343,"[""hex-band"",27,2,4]",-281.7613651213,114.47499999999999
1914,54276557201495,"[""hex-band"",27,2,5]",-281.7613651213,102.425
1915,149441054294728,"[""hex-band"",27,2,6]",-281.7613651213,90.375
1916,88878413364973,"[""hex-band"",27,2,7]",-281.7613651213,78.325000000000003
1917,150000658949318,"[""hex-band"",27,2,8]",-281.7613651213,66.275000000000006
1918,169344303030496,"[""hex-band"",27,2,9]",-281.7613651213,54.225000000000001
1919,274597666803423,"[""hex-band"",27,2,10]",-281.7613651213,42.174999999999997
1920,75423768695512,"[""hex-band"",27,2,11]",-281.7613651213,30.125
1921,175398543666284,"[""hex-band"",27,2,12]",-281.7613651213,18.074999999999999
1922,159321245234602,"[""hex-band"",27,2,13]",-281.7613651213,6.0250000000000004
1923,175486497441549,"[""hex-band"",27,2,14]",-281.7613651213,-6.0250000000000004
1924,109371374320675,"[""hex-band"",27,2,15]",-281.7613651213,-18.074999999999999
1925,207983718009876,"[""hex-band"",27,2,16]",-281.7613651213,-30.125
1926,4489315262131,"[""hex-band"",27,2,17]",-281.7613651213,-42.174999999999997
1927,266180963907741,"[""hex-band"",27,2,18]",-281.7613651213,-54.225000000000001
1928,94203554702721,"[""hex-band"",27,2,19]",-281.7613651213,-66.275000000000006
1929,122017920035076,"[""hex-band"",27,2,20]",-281.7613651213,-78.325000000000003
1930,52017609856679,"[""hex-band"",27,2,21]",-281.7613651213,-90.375
1931,155568851964375,"[""hex-band"",27,2,22]",-281.7613651213,-102.425
1932,271329537281505,"[""hex-band"",27,2,23]",-281.7613651213,-114.47499999999999
1933,260631826522349,"[""hex-band"",27,2,24]",-281.7613651213,-126.52500000000001
1934,271417454888089,"[""hex-band"",27,2,25]",-281.7613651213,-138.57499999999999
1935,229584523421293,"[""hex-band"",27,2,26]",-281.7613651213,-150.625
1936,92491197050742,"[""hex-band"",27,3,0]",-281.7613651213,-162.67500000000001
1937,234640029505012,"[""hex-band"",27,3,1]",-271.32575900569998,-168.69999999999999
1938,92408143145606,"[""hex-band"",27,3,2]",-260.89015289010001,-174.72499999999999
1939,228936755397812,"[""hex-band"",27,3,3]",-250.45454677449999,-180.75
1940,35431793528800,"[""hex-band"",27,3,4]",-240.01894065889999,-186.77500000000001
1941,80255352734366,"[""hex-band"",27,3,5]",-229.5833345433,-192.80000000000001
1942,156979878475416,"[""hex-band"",27,3,6]",-219.1477284277,-198.82499999999999
1943,187185884954028,"[""hex-band"",27,3,7]",-208.71212231199999,-204.84999999999999
1944,87519793842640,"[""hex-band"",27,3,8]",-198.2765161964,-210.875
1945,87984564436431,"[""hex-band"",27,3,9]",-187.8409100808,-216.90000000000001
1946,1383941574327,"[""hex-band"",27,3,10]",-177.40530396520001,-222.92500000000001
1947,126513521355237,"[""hex-band"",27,3,11]",-166.96969784960001,-228.94999999999999
1948,251436708764852,"[""hex-band"",27,3,12]",-156.53409173399999,-234.97499999999999
1949,51338276177890,"[""hex-band"",27,3,13]",-146.09848561839999,-241
1950,280561403952041,"[""hex-band"",27,3,14]",-135.6628795028,-247.02500000000001
1951,14961135809748,"[""hex-band"",27,3,15]",-125.2272733872,-253.05000000000001
1952,262794873829197,"[""hex-band"",27,3,16]",-114.79166727160001,-259.07499999999999
1953,231057891474865,"[""hex-band"",27,3,17]",-104.356061156,-265.10000000000002
1954,146326645250470,"[""hex-band"",27,3,18]",-93.9204550404,-271.125
1955,192416819949452,"[""hex-band"",27,3,19]",-83.484848924800005,-277.14999999999998
1956,35801534940921,"[""hex-band"",27,3,20]",-73.049242809199995,-283.17500000000001
1957,128326516311002,"[""hex-band"",27,3,21]",-62.6136366936,-289.19999999999999
1958,84253546407357,"[""hex-band"",27,3,22]",-52.178030577999998,-295.22500000000002
1959,127471194221822,"[""hex-band"",27,3,23]",-41.742424462400002,-301.25
1960,119943051258127,"[""hex-band"",27,3,24]",-31.3068183468,-307.27499999999998
1961,245230354629233,"[""hex-band"",27,3,25]",-20.871212231200001,-313.30000000000001
1962,249865249840498,"[""hex-band"",27,3,26]",-10.435606115600001,-319.32499999999999
1963,161353166721396,"[""hex-band"",27,4,0]",-0,-325.35000000000002
1964,216962950207020,"[""hex-band"",27,4,1]",10.435606115600001,-319.32499999999999
1965,134100418490622,"[""hex-band"",27,4,2]",20.871212231200001,-313.30000000000001
1966,234744724947835,"[""hex-band"",27,4,3]",31.3068183468,-307.27499999999998
1967,2260319896511,"[""hex-band"",27,4,4]",41.742424462400002,-301.25
1968,73109699243099,"[""hex-band"",27,4,5]",52.178030577999998,-295.22500000000002
1969,32247009579788,"[""hex-band"",27,4,6]",62.6136366936,-289.19999999999999
1970,155369407765607,"[""hex-band"",27,4,7]",73.049242809199995,-283.17500000000001
1971,277238574169012,"[""hex-band"",27,4,8]",83.484848924800005,-277.14999999999998
1972,275364210747982,"[""hex-band"",27,4,9]",93.9204550404,-271.125
1973,275732929446582,"[""hex-band"",27,4,10]",104.356061156,-265.10000000000002
1974,204975080674306,"[""hex-band"",27,4,11]",114.79166727160001,-259.07499999999999
1975,197900268374923,"[""hex-band"",27,4,12]",125.2272733872,-253.05000000000001
1976,5051527163561,"[""hex-band"",27,4,13]",135.6628795028,-247.02500000000001
1977,177930708959219,"[""hex-band"",27,4,14]",146.09848561839999,-241
1978,91014208599520,"[""hex-band"",27,4,15]",156.53409173399999,-234.97499999999999
1979,102289959735570,"[""hex-band"",27,4,16]",166.96969784960001,-228.94999999999999
1980,76096230711831,"[""hex-band"",27,4,17]",177.40530396520001,-222.92500000000001
1981,92478125988554,"[""hex-band"",27,4,18]",187.8409100808,-216.90000000000001
1982,204505950090393,"[""hex-band"",27,4,19]",198.2765161964,-210.875
1983,42247656907973,"[""hex-band"",27,4,20]",208.71212231199999,-204.84999999999999
1984,217578285058989,"[""hex-band"",27,4,21]",219.1477284277,-198.82499999999999
1985,101458144624982,"[""hex-band"",27,4,22]",229.5833345433,-192.80000000000001
1986,121403081831305,"[""hex-band"",27,4,23]",240.01894065889999,-186.77500000000001
1987,115131255258931,"[""hex-band"",27,4,24]",250.45454677449999,-180.75
1988,144918243811061,"[""hex-band"",27,4,25]",260.89015289010001,-174.72499999999999
1989,21491426531958,"[""hex-band"",27,4,26]",271.32575900569998,-168.69999999999999
1990,9232505671676,"[""hex-band"",27,5,0]",281.7613651213,-162.67500000000001
1991,123073596664081,"[""hex-band"",27,5,1]",281.7613651213,-150.625
1992,227463009672711,"[""hex-band"",27,5,2]",281.7613651213,-138.57499999999999
1993,103077742991269,"[""hex-band"",27,5,3]",281.7613651213,-126.52500000000001
1994,75165223463531,"[""hex-band"",27,5,4]",281.7613651213,-114.47499999999999
1995,234230822158058,"[""hex-band"",27,5,5]",281.7613651213,-102.425
1996,237467965956447,"[""hex-band"",27,5,6]",281.7613651213,-90.375
1997,176414883387072,"[""hex-band"",27,5,7]",281.7613651213,-78.325000000000003
1998,46005584401253,"[""hex-band"",27,5,8]",281.7613651213,-66.275000000000006
1999,189781600002300,"[""hex-band"",27,5,9]",281.7613651213,-54.225000000000001
2000,277384739935071,"[""hex-band"",27,5,10]",281.7613651213,-42.174999999999997
2001,205873383532737,"[""hex-band"",27,5,11]",281.7613651213,-30.125
2002,94248723705310,"[""hex-band"",27,5,12]",281.7613651213,-18.074999999999999
2003,187441387796744,"[""hex-band"",27,5,13]",281.7613651213,-6.0250000000000004
2004,150317538204200,"[""hex-band"",27,5,14]",281.7613651213,6.0250000000000004
2005,46052725292566,"[""hex-band"",27,5,15]",281.7613651213,18.074999999999999
2006,152128702884554,"[""hex-band"",27,5,16]",281.7613651213,30.125
2007,136008638560494,"[""hex-band"",27,5,17]",281.7613651213,42.174999999999997
2008,96189080368084,"[""hex-band"",27,5,18]",281.7613651213,54.225000000000001
2009,84021724647207,"[""hex-band"",27,5,19]",281.7613651213,66.275000000000006
2010,235850649427546,"[""hex-band"",27,5,20]",281.7613651213,78.325000000000003
2011,148156570041673,"[""hex-band"",27,5,21]",281.7613651213,90.375
2012,172704382192007,"[""hex-band"",27,5,22]",281.7613651213,102.425
2013,138595415777225,"[""hex-band"",27,5,23]",281.7613651213,114.47499999999999
2014,254766425745641,"[""hex-band"",27,5,24]",281.7613651213,126.52500000000001
2015,157540002193722,"[""hex-band"",27,5,25]",281.7613651213,138.57499999999999
2016,151619490970797,"[""hex-band"",27,5,26]",281.7613651213,150.625
2017,241913665311925,"[""hex-band"",28,0,0]",292.19697123690003,168.69999999999999
2018,185909873100317,"[""hex-band"",28,0,1]",281.7613651213,174.72499999999999
2019,59453460452746,"[""hex-band"",28,0,2]",271.32575900569998,180.75
2020,204569705773226,"[""hex-band"",28,0,3]",260.89015289010001,186.77500000000001
2021,273430644744039,"[""hex-band"",28,0,4]",250.45454677449999,192.80000000000001
2022,18984208957895,"[""hex-band"",28,0,5]",240.01894065889999,198.82499999999999
2023,50981596173022,"[""hex-band"",28,0,6]",229.5833345433,204.84999999999999
2024,266341942459007,"[""hex-band"",28,0,7]",219.1477284277,210.875
2025,2464944234445,"[""hex-band"",28,0,8]",208.71212231199999,216.90000000000001
2026,228824576178654,"[""hex-band"",28,0,9]",198.2765161964,222.92500000000001
2027,242656415715248,"[""hex-band"",28,0,10]",187.8409100808,228.94999999999999
2028,151567822616954,"[""hex-band"",28,0,11]",177.40530396520001,234.97499999999999
2029,101941597075790,"[""hex-band"",28,0,12]",166.96969784960001,241
2030,133333229881392,"[""hex-band"",28,0,13]",156.53409173399999,247.02500000000001
2031,212298836805356,"[""hex-band"",28,0,14]",146.09848561839999,253.05000000000001
2032,218703669163095,"[""hex-band"",28,0,15]",135.6628795028,259.07499999999999
2033,56271568470806,"[""hex-band"",28,0,16]",125.2272733872,265.10000000000002
2034,122565239371444,"[""hex-band"",28,0,17]",114.79166727160001,271.125
2035,154174639856705,"[""hex-band"",28,0,18]",104.356061156,277.14999999999998
2036,242398158667920,"[""hex-band"",28,0,19]",93.9204550404,283.17500000000001
2037,120948473316039,"[""hex-band"",28,0,20]",83.484848924800005,289.19999999999999
2038,68500651119497,"[""hex-band"",28,0,21]",73.049242809199995,295.22500000000002
2039,264758263416389,"[""hex-band"",28,0,22]",62.6136366936,301.25
2040,126746374474664,"[""hex-band"",28,0,23]",52.178030577999998,307.27499999999998
2041,143901839514678,"[""hex-band"",28,0,24]",41.742424462400002,313.30000000000001
2042,21666934478187,"[""hex-band"",28,0,25]",31.3068183468,319.32499999999999
2043,245614861792915,"[""hex-band"",28,0,26]",20.871212231200001,325.35000000000002
2044,191371151878383,"[""hex-band"",28,0,27]",10.435606115600001,331.375
2045,280508497539593,"[""hex-band"",28,1,0]",0,337.39999999999998
2046,192598447864365,"[""hex-band"",28,1,1]",-10.435606115600001,331.375
2047,260764267025529,"[""hex-band"",28,1,2]",-20.871212231200001,325.35000000000002
2048,206954684476222,"[""hex-band"",28,1,3]",-31.3068183468,319.32499999999999
2049,176172916450262,"[""hex-band"",28,1,4]",-41.742424462400002,313.30000000000001
2050,103248749780575,"[""hex-band"",28,1,5]",-52.178030577999998,307.27499999999998
2051,124721333610413,"[""hex-band"",28,1,6]",-62.6136366936,301.25
2052,112502028525993,"[""hex-band"",28,1,7]",-73.049242809199995,295.22500000000002
2053,31816476719484,"[""hex-band"",28,1,8]",-83.484848924800005,289.19999999999999
2054,23663355638113,"[""hex-band"",28,1,9]",-93.9204550404,283.17500000000001
2055,103545868495130,"[""hex-band"",28,1,10]",-104.356061156,277.14999999999998
2056,151494606142524,"[""hex-band"",28,1,11]",-114.79166727160001,271.125
2057,259125466527559,"[""hex-band"",28,1,12]",-125.2272733872,265.10000000000002
2058,136880418379360,"[""hex-band"",28,1,13]",-135.6628795028,259.07499999999999
2059,45282407474374,"[""hex-band"",28,1,14]",-146.09848561839999,253.05000000000001
2060,119036923277690,"[""hex-band"",28,1,15]",-156.53409173399999,247.02500000000001
2061,249084576648409,"[""hex-band"",28,1,16]",-166.96969784960001,241
2062,94945130163229,"[""hex-band"",28,1,17]",-177.40530396520001,234.97499999999999
2063,128555651373370,"[""hex-band"",28,1,18]",-187.8409100808,228.94999999999999
2064,161366421139985,"[""hex-band"",28,1,19]",-198.2765161964,222.92500000000001
2065,41840299500969,"[""hex-band"",28,1,20]",-208.71212231199999,216.90000000000001
2066,8525857149479,"[""hex-band"",28,1,21]",-219.1477284277,210.875
2067,262835773702884,"[""hex-band"",28,1,22]",-229.5833345433,204.84999999999999
2068,248748224440027,"[""hex-band"",28,1,23]",-240.01894065889999,198.82499999999999
2069,43002317208238,"[""hex-band"",28,1,24]",-250.45454677449999,192.80000000000001
2070,124707600679393,"[""hex-band"",28,1,25]",-260.89015289010001,186.77500000000001
2071,222912728198904,"[""hex-band"",28,1,26]",-271.32575900569998,180.75
2072,250514361931999,"[""hex-band"",28,1,27]",-281.7613651213,174.72499999999999
2073,49638779486646,"[""hex-band"",28,2,0]",-292.19697123690003,168.69999999999999
2074,220024262279807,"[""hex-band"",28,2,1]",-292.19697123690003,156.65000000000001
2075,115395470688406,"[""hex-band"",28,2,2]",-292.19697123690003,144.59999999999999
2076,161641980035027,"[""hex-band"",28,2,3]",-292.19697123690003,132.55000000000001
2077,138985008371343,"[""hex-band"",28,2,4]",-292.19697123690003,120.5
2078,70160795495425,"[""hex-band"",28,2,5]",-292.19697123690003,108.45
2079,154799398965366,"[""hex-band"",28,2,6]",-292.19697123690003,96.400000000000006
2080,252075690979798,"[""hex-band"",28,2,7]",-292.19697123690003,84.349999999999994
2081,219431462310961,"[""hex-band"",28,2,8]",-292.19697123690003,72.299999999999997
2082,15839542065225,"[""hex-band"",28,2,9]",-292.19697123690003,60.25
2083,124966939427650,"[""hex-band"",28,2,10]",-292.19697123690003,48.200000000000003
2084,192759618424518,"[""hex-band"",28,2,11]",-292.19697123690003,36.149999999999999
2085,78042744265546,"[""hex-band"",28,2,12]",-292.19697123690003,24.100000000000001
2086,180682301457562,"[""hex-band"",28,2,13]",-292.19697123690003,12.050000000000001
2087,115386012574354,"[""hex-band"",28,2,14]",-292.19697123690003,0
2088,130184833091773,"[""hex-band"",28,2,15]",-292.19697123690003,-12.050000000000001
2089,276768553866554,"[""hex-band"",28,2,16]",-292.19697123690003,-24.100000000000001
2090,163510705945755,"[""hex-band"",28,2,17]",-292.19697123690003,-36.149999999999999
2091,9199525360408,"[""hex-band"",28,2,18]",-292.19697123690003,-48.200000000000003
2092,245411838788051,"[""hex-band"",28,2,19]",-292.19697123690003,-60.25
2093,172447897213366,"[""hex-band"",28,2,20]",-292.19697123690003,-72.299999999999997
2094,41214214432695,"[""hex-band"",28,2,21]",-292.19697123690003,-84.349999999999994
2095,266835418398527,"[""hex-band"",28,2,22]",-292.19697123690003,-96.400000000000006
2096,73292285048838,"[""hex-band"",28,2,23]",-292.19697123690003,-108.45
2097,59659844853088,"[""hex-band"",28,2,24]",-292.19697123690003,-120.5
2098,228591039279414,"[""hex-band"",28,2,25]",-292.19697123690003,-132.55000000000001
2099,248258815693418,"[""hex-band"",28,2,26]",-292.19697123690003,-144.59999999999999
2100,178141287122889,"[""hex-band"",28,2,27]",-292.19697123690003,-156.65000000000001
2101,192792335147964,"[""hex-band"",28,3,0]",-292.19697123690003,-168.69999999999999
2102,210300816451486,"[""hex-band"",28,3,1]",-281.7613651213,-174.72499999999999
2103,255588357949194,"[""hex-band"",28,3,2]",-271.32575900569998,-180.75
2104,121299917274050,"[""hex-band"",28,3,3]",-260.89015289010001,-186.77500000000001
2105,218741097118796,"[""hex-band"",28,3,4]",-250.45454677449999,-192.80000000000001
2106,154335337299576,"[""hex-band"",28,3,5]",-240.01894065889999,-198.82499999999999
2107,155682896834123,"[""hex-band"",28,3,6]",-229.5833345433,-204.84999999999999
2108,87403100262956,"[""hex-band"",28,3,7]",-219.1477284277,-210.875
2109,94335384014438,"[""hex-band"",28,3,8]",-208.71212231199999,-216.90000000000001
2110,258942243635822,"[""hex-band"",28,3,9]",-198.2765161964,-222.92500000000001
2111,92942888656572,"[""hex-band"",28,3,10]",-187.8409100808,-228.94999999999999
2112,142755183921340,"[""hex-band"",28,3,11]",-177.40530396520001,-234.97499999999999
2113,199462796069741,"[""hex-band"",28,3,12]",-166.96969784960001,-241
2114,96503312419976,"[""hex-band"",28,3,13]",-156.53409173399999,-247.02500000000001
2115,122733446571275,"[""hex-band"",28,3,14]",-146.09848561839999,-253.05000000000001
2116,200758836181352,"[""hex-band"",28,3,15]",-135.6628795028,-259.07499999999999
2117,46417751732646,"[""hex-band"",28,3,16]",-125.2272733872,-265.10000000000002
2118,149026465765043,"[""hex-band"",28,3,17]",-114.79166727160001,-271.125
2119,90528618090375,"[""hex-band"",28,3,18]",-104.356061156,-277.14999999999998
2120,190208720569580,"[""hex-band"",28,3,19]",-93.9204550404,-283.17500000000001
2121,178074738081321,"[""hex-band"",28,3,20]",-83.484848924800005,-289.19999999999999
2122,227842321708078,"[""hex-band"",28,3,21]",-73.049242809199995,-295.22500000000002
2123,217601013228138,"[""hex-band"",28,3,22]",-62.6136366936,-301.25
2124,214866142280947,"[""hex-band"",28,3,23]",-52.178030577999998,-307.27499999999998
2125,228900744690214,"[""hex-band"",28,3,24]",-41.742424462400002,-313.30000000000001
2126,29555076058313,"[""hex-band"",28,3,25]",-31.3068183468,-319.32499999999999
2127,93226499055220,"[""hex-band"",28,3,26]",-20.871212231200001,-325.35000000000002
2128,182669001938241,"[""hex-band"",28,3,27]",-10.435606115600001,-331.375
2129,6179929428990,"[""hex-band"",28,4,0]",-0,-337.39999999999998
2130,70372644752885,"[""hex-band"",28,4,1]",10.435606115600001,-331.375
2131,105107718654692,"[""hex-band"",28,4,2]",20.871212231200001,-325.35000000000002
2132,178151198266650,"[""hex-band"",28,4,3]",31.3068183468,-319.32499999999999
2133,80687602001095,"[""hex-band"",28,4,4]",41.742424462400002,-313.30000000000001
2134,41951293684706,"[""hex-band"",28,4,5]",52.178030577999998,-307.27499999999998
2135,17988671867340,"[""hex-band"",28,4,6]",62.6136366936,-301.25
2136,39417918313918,"[""hex-band"",28,4,7]",73.049242809199995,-295.22500000000002
2137,82778046917424,"[""hex-band"",28,4,8]",83.484848924800005,-289.19999999999999
2138,264759406928336,"[""hex-band"",28,4,9]",93.9204550404,-283.17500000000001
2139,1849109548116,"[""hex-band"",28,4,10]",104.356061156,-277.14999999999998
2140,193074025542420,"[""hex-band"",28,4,11]",114.79166727160001,-271.125
2141,213130103296715,"[""hex-band"",28,4,12]",125.2272733872,-265.10000000000002
2142,41268274907450,"[""hex-band"",28,4,13]",135.6628795028,-259.07499999999999
2143,125130245848090,"[""hex-band"",28,4,14]",146.09848561839999,-253.05000000000001
2144,179365783182927,"[""hex-band"",28,4,15]",156.53409173399999,-247.02500000000001
2145,242789430213156,"[""hex-band"",28,4,16]",166.96969784960001,-241
2146,12229414264051,"[""hex-band"",28,4,17]",177.40530396520001,-234.97499999999999
2147,162266528205731,"[""hex-band"",28,4,18]",187.8409100808,-228.94999999999999
2148,242261131566971,"[""hex-band"",28,4,19]",198.2765161964,-222.92500000000001
2149,26820368808101,"[""hex-band"",28,4,20]",208.71212231199999,-216.90000000000001
2150,138604068812412,"[""hex-band"",28,4,21]",219.1477284277,-210.875
2151,93092012739751,"[""hex-band"",28,4,22]",229.5833345433,-204.84999999999999
2152,5660223513564,"[""hex-band"",28,4,23]",240.01894065889999,-198.82499999999999
2153,200252914965611,"[""hex-band"",28,4,24]",250.45454677449999,-192.80000000000001
2154,46989282163459,"[""hex-band"",28,4,25]",260.89015289010001,-186.77500000000001
2155,109096818840038,"[""hex-band"",28,4,26]",271.32575900569998,-180.75
2156,98185238910458,"[""hex-band"",28,4,27]",281.7613651213,-174.72499999999999
2157,268663802076825,"[""hex-band"",28,5,0]",292.19697123690003,-168.69999999999999
2158,225243648600092,"[""hex-band"",28,5,1]",292.19697123690003,-156.65000000000001
2159,158179882193155,"[""hex-band"",28,5,2]",292.19697123690003,-144.59999999999999
2160,20369078891216,"[""hex-band"",28,5,3]",292.19697123690003,-132.55000000000001
2161,220446319031261,"[""hex-band"",28,5,4]",292.19697123690003,-120.5
2162,126752527373384,"[""hex-band"",28,5,5]",292.19697123690003,-108.45
2163,238294572256163,"[""hex-band"",28,5,6]",292.19697123690003,-96.400000000000006
2164,235279550573888,"[""hex-band"",28,5,7]",292.19697123690003,-84.349999999999994
2165,270127448693083,"[""hex-band"",28,5,8]",292.19697123690003,-72.299999999999997
2166,12139811813872,"[""hex-band"",28,5,9]",292.19697123690003,-60.25
2167,63000112469192,"[""hex-band"",28,5,10]",292.19697123690003,-48.200000000000003
2168,61561866297627,"[""hex-band"",28,5,11]",292.19697123690003,-36.149999999999999
2169,147486236069403,"[""hex-band"",28,5,12]",292.19697123690003,-24.100000000000001
2170,184161088803392,"[""hex-band"",28,5,13]",292.19697123690003,-12.050000000000001
2171,194434511781177,"[""hex-band"",28,5,14]",292.19697123690003,-0
2172,227998635762061,"[""hex-band"",28,5,15]",292.19697123690003,12.050000000000001
2173,96580811522699,"[""hex-band"",28,5,16]",292.19697123690003,24.100000000000001
2174,80882907793975,"[""hex-band"",28,5,17]",292.19697123690003,36.149999999999999
2175,272406112468482,"[""hex-band"",28,5,18]",292.19697123690003,48.200000000000003
2176,173460908635461,"[""hex-band"",28,5,19]",292.19697123690003,60.25
2177,155246903478326,"[""hex-band"",28,5,20]",292.19697123690003,72.299999999999997
2178,228946722365483,"[""hex-band"",28,5,21]",292.19697123690003,84.349999999999994
2179,59779447784151,"[""hex-band"",28,5,22]",292.19697123690003,96.400000000000006
2180,103114953491727,"[""hex-band"",28,5,23]",292.19697123690003,108.45
2181,247446883355943,"[""hex-band"",28,5,24]",292.19697123690003,120.5
2182,238383690733646,"[""hex-band"",28,5,25]",292.19697123690003,132.55000000000001
2183,230732335018974,"[""hex-band"",28,5,26]",292.19697123690003,144.59999999999999
2184,172562899626254,"[""hex-band"",28,5,27]",292.19697123690003,156.65000000000001
2185,72788082479197,"[""hex-band"",29,0,0]",302.63257735249999,174.72499999999999
2186,252804408881463,"[""hex-band"",29,0,1]",292.19697123690003,180.75
2187,65948027456798,"[""hex-band"",29,0,2]",281.7613651213,186.77500000000001
2188,221096260429032,"[""hex-band"",29,0,3]",271.32575900569998,192.80000000000001
2189,90197423977338,"[""hex-band"",29,0,4]",260.89015289010001,198.82499999999999
2190,135845149111847,"[""hex-band"",29,0,5]",250.45454677449999,204.84999999999999
2191,88966101573607,"[""hex-band"",29,0,6]",240.01894065889999,210.875
2192,138804691675088,"[""hex-band"",29,0,7]",229.5833345433,216.90000000000001
2193,119998192522338,"[""hex-band"",29,0,8]",219.1477284277,222.92500000000001
2194,128699900982036,"[""hex-band"",29,0,9]",208.71212231199999,228.94999999999999
2195,53080984349441,"[""hex-band"",29,0,10]",198.2765161964,234.97499999999999
2196,197095123886024,"[""hex-band"",29,0,11]",187.8409100808,241
2197,245244480398332,"[""hex-band"",29,0,12]",177.40530396520001,247.02500000000001
2198,227629379336115,"[""hex-band"",29,0,13]",166.96969784960001,253.05000000000001
2199,218838086551649,"[""hex-band"",29,0,14]",156.53409173399999,259.07499999999999
2200,49408672671129,"[""hex-band"",29,0,15]",146.09848561839999,265.10000000000002
2201,15733868510544,"[""hex-band"",29,0,16]",135.6628795028,271.125
2202,22930464900357,"[""hex-band"",29,0,17]",125.2272733872,277.14999999999998
2203,152251904954678,"[""hex-band"",29,0,18]",114.79166727160001,283.17500000000001
2204,241266099116186,"[""hex-band"",29,0,19]",104.356061156,289.19999999999999
2205,48753686706693,"[""hex-band"",29,0,20]",93.9204550404,295.22500000000002
2206,149349189445645,"[""hex-band"",29,0,21]",83.484848924800005,301.25
2207,169958447004498,"[""hex-band"",29,0,22]",73.049242809199995,307.27499999999998
2208,35215831437265,"[""hex-band"",29,0,23]",62.6136366936,313.30000000000001
2209,228124885981485,"[""hex-band"",29,0,24]",52.178030577999998,319.32499999999999
2210,180480084196641,"[""hex-band"",29,0,25]",41.742424462400002,325.35000000000002
2211,3252422526644,"[""hex-band"",29,0,26]",31.3068183468,331.375
2212,219878645059339,"[""hex-band"",29,0,27]",20.871212231200001,337.39999999999998
2213,271831011917515,"[""hex-band"",29,0,28]",10.435606115600001,343.42500000000001
2214,207862153853753,"[""hex-band"",29,1,0]",0,349.44999999999999
2215,150028308697362,"[""hex-band"",29,1,1]",-10.435606115600001,343.42500000000001
2216,191122820189258,"[""hex-band"",29,1,2]",-20.871212231200001,337.39999999999998
2217,44879263445132,"[""hex-band"",29,1,3]",-31.3068183468,331.375
2218,229914264285779,"[""hex-band"",29,1,4]",-41.742424462400002,325.35000000000002
2219,92737048993905,"[""hex-band"",29,1,5]",-52.178030577999998,319.32499999999999
2220,210100694917053,"[""hex-band"",29,1,6]",-62.6136366936,313.30000000000001
2221,217338250448955,"[""hex-band"",29,1,7]",-73.049242809199995,307.27499999999998
2222,26843438858963,"[""hex-band"",29,1,8]",-83.484848924800005,301.25
2223,249175780648275,"[""hex-band"",29,1,9]",-93.9204550404,295.22500000000002
2224,144422075445245,"[""hex-band"",29,1,10]",-104.356061156,289.19999999999999
2225,21710872180111,"[""hex-band"",29,1,11]",-114.79166727160001,283.17500000000001
2226,49281263876610,"[""hex-band"",29,1,12]",-125.2272733872,277.14999999999998
2227,214569128470893,"[""hex-band"",29,1,13]",-135.6628795028,271.125
2228,160552651402593,"[""hex-band"",29,1,14]",-146.09848561839999,265.10000000000002
2229,199733568895265,"[""hex-band"",29,1,15]",-156.53409173399999,259.07499999999999
2230,168086015965516,"[""hex-band"",29,1,16]",-166.96969784960001,253.05000000000001
2231,239375313878313,"[""hex-band"",29,1,17]",-177.40530396520001,247.02500000000001
2232,229010240302516,"[""hex-band"",29,1,18]",-187.8409100808,241
2233,66331910243533,"[""hex-band"",29,1,19]",-198.2765161964,234.97499999999999
2234,178262514833034,"[""hex-band"",29,1,20]",-208.71212231199999,228.94999999999999
2235,204135867305921,"[""hex-band"",29,1,21]",-219.1477284277,222.92500000000001
2236,60291319982685,"[""hex-band"",29,1,22]",-229.5833345433,216.90000000000001
2237,46713947896291,"[""hex-band"",29,1,23]",-240.01894065889999,210.875
2238,148997801013291,"[""hex-band"",29,1,24]",-250.45454677449999,204.84999999999999
2239,187652090234695,"[""hex-band"",29,1,25]",-260.89015289010001,198.82499999999999
2240,268983044474297,"[""hex-band"",29,1,26]",-271.32575900569998,192.80000000000001
2241,116110246175205,"[""hex-band"",29,1,27]",-281.7613651213,186.77500000000001
2242,159859693831354,"[""hex-band"",29,1,28]",-292.19697123690003,180.75
2243,161265824518828,"[""hex-band"",29,2,0]",-302.63257735249999,174.72499999999999
2244,220792814479121,"[""hex-band"",29,2,1]",-302.63257735249999,162.67500000000001
2245,195869328389637,"[""hex-band"",29,2,2]",-302.63257735249999,150.625
2246,251755989231564,"[""hex-band"",29,2,3]",-302.63257735249999,138.57499999999999
2247,221149979039621,"[""hex-band"",29,2,4]",-302.63257735249999,126.52500000000001
2248,78084833327586,"[""hex-band"",29,2,5]",-302.63257735249999,114.47499999999999
2249,94981375827544,"[""hex-band"",29,2,6]",-302.63257735249999,102.425
2250,87061351023414,"[""hex-band"",29,2,7]",-302.63257735249999,90.375
2251,162862500127479,"[""hex-band"",29,2,8]",-302.63257735249999,78.325000000000003
2252,32299726838926,"[""hex-band"",29,2,9]",-302.63257735249999,66.275000000000006
2253,64843338085593,"[""hex-band"",29,2,10]",-302.63257735249999,54.225000000000001
2254,52102871474320,"[""hex-band"",29,2,11]",-302.63257735249999,42.174999999999997
2255,146146848703088,"[""hex-band"",29,2,12]",-302.63257735249999,30.125
2256,251857364238034,"[""hex-band"",29,2,13]",-302.63257735249999,18.074999999999999
2257,159948159886061,"[""hex-band"",29,2,14]",-302.63257735249999,6.0250000000000004
2258,139885635903852,"[""hex-band"",29,2,15]",-302.63257735249999,-6.0250000000000004
2259,206462480114905,"[""hex-band"",29,2,16]",-302.63257735249999,-18.074999999999999
2260,199792101794139,"[""hex-band"",29,2,17]",-302.63257735249999,-30.125
2261,56308739929623,"[""hex-band"",29,2,18]",-302.63257735249999,-42.174999999999997
2262,24711197109991,"[""hex-band"",29,2,19]",-302.63257735249999,-54.225000000000001
2263,134421424287503,"[""hex-band"",29,2,20]",-302.63257735249999,-66.275000000000006
2264,72416738633356,"[""hex-band"",29,2,21]",-302.63257735249999,-78.325000000000003
2265,47992917956693,"[""hex-band"",29,2,22]",-302.63257735249999,-90.375
2266,29938404841091,"[""hex-band"",29,2,23]",-302.63257735249999,-102.425
2267,181634305974108,"[""hex-band"",29,2,24]",-302.63257735249999,-114.47499999999999
2268,47796772495437,"[""hex-band"",29,2,25]",-302.63257735249999,-126.52500000000001
2269,51445197964881,"[""hex-band"",29,2,26]",-302.63257735249999,-138.57499999999999
2270,200869292499785,"[""hex-band"",29,2,27]",-302.63257735249999,-150.625
2271,162491803362991,"[""hex-band"",29,2,28]",-302.63257735249999,-162.67500000000001
2272,49675904587153,"[""hex-band"",29,3,0]",-302.63257735249999,-174.72499999999999
2273,197303363224374,"[""hex-band"",29,3,1]",-292.19697123690003,-180.75
2274,159448362166918,"[""hex-band"",29,3,2]",-281.7613651213,-186.77500000000001
2275,28077759667759,"[""hex-band"",29,3,3]",-271.32575900569998,-192.80000000000001
2276,130372040805809,"[""hex-band"",29,3,4]",-260.89015289010001,-198.82499999999999
2277,210005884966088,"[""hex-band"",29,3,5]",-250.45454677449999,-204.84999999999999
2278,143060750545317,"[""hex-band"",29,3,6]",-240.01894065889999,-210.875
2279,108405010028110,"[""hex-band"",29,3,7]",-229.5833345433,-216.90000000000001
2280,167056425578842,"[""hex-band"",29,3,8]",-219.1477284277,-222.92500000000001
2281,219883801609675,"[""hex-band"",29,3,9]",-208.71212231199999,-228.94999999999999
2282,86169724794655,"[""hex-band"",29,3,10]",-198.2765161964,-234.97499999999999
2283,196757653566962,"[""hex-band"",29,3,11]",-187.8409100808,-241
2284,260200571681801,"[""hex-band"",29,3,12]",-177.40530396520001,-247.02500000000001
2285,26817817992689,"[""hex-band"",29,3,13]",-166.96969784960001,-253.05000000000001
2286,273610004314173,"[""hex-band"",29,3,14]",-156.53409173399999,-259.07499999999999
2287,8533964073478,"[""hex-band"",29,3,15]",-146.09848561839999,-265.10000000000002
2288,59032891479816,"[""hex-band"",29,3,16]",-135.6628795028,-271.125
2289,50438755270204,"[""hex-band"",29,3,17]",-125.2272733872,-277.14999999999998
2290,67768071948947,"[""hex-band"",29,3,18]",-114.79166727160001,-283.17500000000001
2291,112541591509196,"[""hex-band"",29,3,19]",-104.356061156,-289.19999999999999
2292,40899163666660,"[""hex-band"",29,3,20]",-93.9204550404,-295.22500000000002
2293,226011087935776,"[""hex-band"",29,3,21]",-83.484848924800005,-301.25
2294,177285822548989,"[""hex-band"",29,3,22]",-73.049242809199995,-307.27499999999998
2295,97048300062751,"[""hex-band"",29,3,23]",-62.6136366936,-313.30000000000001
2296,4931705474886,"[""hex-band"",29,3,24]",-52.178030577999998,-319.32499999999999
2297,60715351819988,"[""hex-band"",29,3,25]",-41.742424462400002,-325.35000000000002
2298,57244900056821,"[""hex-band"",29,3,26]",-31.3068183468,-331.375
2299,278183663862795,"[""hex-band"",29,3,27]",-20.871212231200001,-337.39999999999998
2300,84529520216430,"[""hex-band"",29,3,28]",-10.435606115600001,-343.42500000000001
2301,112070763266835,"[""hex-band"",29,4,0]",-0,-349.44999999999999
2302,205459103567712,"[""hex-band"",29,4,1]",10.435606115600001,-343.42500000000001
2303,124034381923606,"[""hex-band"",29,4,2]",20.871212231200001,-337.39999999999998
2304,161038054572836,"[""hex-band"",29,4,3]",31.3068183468,-331.375
2305,137635503340240,"[""hex-band"",29,4,4]",41.742424462400002,-325.35000000000002
2306,78422519517189,"[""hex-band"",29,4,5]",52.178030577999998,-319.32499999999999
2307,263534507103387,"[""hex-band"",29,4,6]",62.6136366936,-313.30000000000001
2308,178708383501248,"[""hex-band"",29,4,7]",73.049242809199995,-307.27499999999998
2309,53773313304635,"[""hex-band"",29,4,8]",83.484848924800005,-301.25
2310,93424755750626,"[""hex-band"",29,4,9]",93.9204550404,-295.22500000000002
2311,114705452726420,"[""hex-band"",29,4,10]",104.356061156,-289.19999999999999
2312,648065077914,"[""hex-band"",29,4,11]",114.79166727160001,-283.17500000000001
2313,20095321300559,"[""hex-band"",29,4,12]",125.2272733872,-277.14999999999998
2314,74542349225618,"[""hex-band"",29,4,13]",135.6628795028,-271.125
2315,276658582414333,"[""hex-band"",29,4,14]",146.09848561839999,-265.10000000000002
2316,123936279296045,"[""hex-band"",29,4,15]",156.53409173399999,-259.07499999999999
2317,137597705016378,"[""hex-band"",29,4,16]",166.96969784960001,-253.05000000000001
2318,109842077585045,"[""hex-band"",29,4,17]",177.40530396520001,-247.02500000000001
2319,280516673938391,"[""hex-band"",29,4,18]",187.8409100808,-241
2320,166930830703663,"[""hex-band"",29,4,19]",198.2765161964,-234.97499999999999
2321,7737922341390,"[""hex-band"",29,4,20]",208.71212231199999,-228.94999999999999
2322,85362876012514,"[""hex-band"",29,4,21]",219.1477284277,-222.92500000000001
2323,268384901466978,"[""hex-band"",29,4,22]",229.5833345433,-216.90000000000001
2324,183419031469730,"[""hex-band"",29,4,23]",240.01894065889999,-210.875
2325,23212422405947,"[""hex-band"",29,4,24]",250.45454677449999,-204.84999999999999
2326,277877733431681,"[""hex-band"",29,4,25]",260.89015289010001,-198.82499999999999
2327,151957890168937,"[""hex-band"",29,4,26]",271.32575900569998,-192.80000000000001
2328,105295254629349,"[""hex-band"",29,4,27]",281.7613651213,-186.77500000000001
2329,1981513235553,"[""hex-band"",29,4,28]",292.19697123690003,-180.75
2330,18744462743497,"[""hex-band"",29,5,0]",302.63257735249999,-174.72499999999999
2331,249076566302286,"[""hex-band"",29,5,1]",302.63257735249999,-162.67500000000001
2332,73090746610669,"[""hex-band"",29,5,2]",302.63257735249999,-150.625
2333,198906432104049,"[""hex-band"",29,5,3]",302.63257735249999,-138.57499999999999
2334,55677322550688,"[""hex-band"",29,5,4]",302.63257735249999,-126.52500000000001
2335,31867277399540,"[""hex-band"",29,5,5]",302.63257735249999,-114.47499999999999
2336,109604044449636,"[""hex-band"",29,5,6]",302.63257735249999,-102.425
2337,17941824855393,"[""hex-band"",29,5,7]",302.63257735249999,-90.375
2338,254346002690014,"[""hex-band"",29,5,8]",302.63257735249999,-78.325000000000003
2339,141430160906503,"[""hex-band"",29,5,9]",302.63257735249999,-66.275000000000006
2340,98303005814752,"[""hex-band"",29,5,10]",302.63257735249999,-54.225000000000001
2341,89885894852902,"[""hex-band"",29,5,11]",302.63257735249999,-42.174999999999997
2342,230450445716394,"[""hex-band"",29,5,12]",302.63257735249999,-30.125
2343,211620525180899,"[""hex-band"",29,5,13]",302.63257735249999,-18.074999999999999
2344,2553211437725,"[""hex-band"",29,5,14]",302.63257735249999,-6.0250000000000004
2345,96289912451133,"[""hex-band"",29,5,15]",302.63257735249999,6.0250000000000004
2346,38344052819020,"[""hex-band"",29,5,16]",302.63257735249999,18.074999999999999
2347,137183393534156,"[""hex-band"",29,5,17]",302.63257735249999,30.125
2348,272332826983588,"[""hex-band"",29,5,18]",302.63257735249999,42.174999999999997
2349,83422290468108,"[""hex-band"",29,5,19]",302.63257735249999,54.225000000000001
2350,126835833598502,"[""hex-band"",29,5,20]",302.63257735249999,66.275000000000006
2351,61868356854509,"[""hex-band"",29,5,21]",302.63257735249999,78.325000000000003
2352,229502597995060,"[""hex-band"",29,5,22]",302.63257735249999,90.375
2353,42225686492585,"[""hex-band"",29,5,23]",302.63257735249999,102.425
2354,32823849669021,"[""hex-band"",29,5,24]",302.63257735249999,114.47499999999999
2355,213975785389310,"[""hex-band"",29,5,25]",302.63257735249999,126.52500000000001
2356,175005409242039,"[""hex-band"",29,5,26]",302.63257735249999,138.57499999999999
2357,231756520343084,"[""hex-band"",29,5,27]",302.63257735249999,150.625
2358,102543113031912,"[""hex-band"",29,5,28]",302.63257735249999,162.67500000000001
2359,65041924352571,"[""hex-band"",30,0,3]",281.7613651213,198.82499999999999
2360,210704262205094,"[""hex-band"",30,0,4]",271.32575900569998,204.84999999999999
2361,143885419271902,"[""hex-band"",30,0,5]",260.89015289010001,210.875
2362,233384184084709,"[""hex-band"",30,0,6]",250.45454677449999,216.90000000000001
2363,44511718365905,"[""hex-band"",30,0,7]",240.01894065889999,222.92500000000001
2364,66936187003040,"[""hex-band"",30,0,8]",229.5833345433,228.94999999999999
2365,198428107478305,"[""hex-band"",30,0,9]",219.1477284277,234.97499999999999
2366,56841342308646,"[""hex-band"",30,0,10]",208.71212231199999,241
2367,281068538449441,"[""hex-band"",30,0,11]",198.2765161964,247.02500000000001
2368,56470600828162,"[""hex-band"",30,0,12]",187.8409100808,253.05000000000001
2369,236180496867158,"[""hex-band"",30,0,13]",177.40530396520001,259.07499999999999
2370,280685506835027,"[""hex-band"",30,0,14]",166.96969784960001,265.10000000000002
2371,244012997195849,"[""hex-band"",30,0,15]",156.53409173399999,271.125
2372,89796191618323,"[""hex-band"",30,0,16]",146.09848561839999,277.14999999999998
2373,279780066635296,"[""hex-band"",30,0,17]",135.6628795028,283.17500000000001
2374,133498462495909,"[""hex-band"",30,0,18]",125.2272733872,289.19999999999999
2375,7288964996767,"[""hex-band"",30,0,19]",114.79166727160001,295.22500000000002
2376,132962290980610,"[""hex-band"",30,0,20]",104.356061156,301.25
2377,117299662610227,"[""hex-band"",30,0,21]",93.9204550404,307.27499999999998
2378,134041779858761,"[""hex-band"",30,0,22]",83.484848924800005,313.30000000000001
2379,6411548072285,"[""hex-band"",30,0,23]",73.049242809199995,319.32499999999999
2380,105206609904012,"[""hex-band"",30,0,24]",62.6136366936,325.35000000000002
2381,10485417162456,"[""hex-band"",30,0,25]",52.178030577999998,331.375
2382,41152143285903,"[""hex-band"",30,0,26]",41.742424462400002,337.39999999999998
2383,278094233392947,"[""hex-band"",30,0,27]",31.3068183468,343.42500000000001
2384,225480780660060,"[""hex-band"",30,1,3]",-31.3068183468,343.42500000000001
2385,214789293318716,"[""hex-band"",30,1,4]",-41.742424462400002,337.39999999999998
2386,137483746903648,"[""hex-band"",30,1,5]",-52.178030577999998,331.375
2387,107468491210019,"[""hex-band"",30,1,6]",-62.6136366936,325.35000000000002
2388,175032254367011,"[""hex-band"",30,1,7]",-73.049242809199995,319.32499999999999
2389,74254175066738,"[""hex-band"",30,1,8]",-83.484848924800005,313.30000000000001
2390,219109841425680,"[""hex-band"",30,1,9]",-93.9204550404,307.27499999999998
2391,181116639330586,"[""hex-band"",30,1,10]",-104.356061156,301.25
2392,42783344777345,"[""hex-band"",30,1,11]",-114.79166727160001,295.22500000000002
2393,230796814141745,"[""hex-band"",30,1,12]",-125.2272733872,289.19999999999999
2394,36352472256084,"[""hex-band"",30,1,13]",-135.6628795028,283.17500000000001
2395,43981794564633,"[""hex-band"",30,1,14]",-146.09848561839999,277.14999999999998
2396,271918488156855,"[""hex-band"",30,1,15]",-156.53409173399999,271.125
2397,24051048878794,"[""hex-band"",30,1,16]",-166.96969784960001,265.10000000000002
2398,95802212633954,"[""hex-band"",30,1,17]",-177.40530396520001,259.07499999999999
2399,169666025435208,"[""hex-band"",30,1,18]",-187.8409100808,253.05000000000001
2400,154412273708247,"[""hex-band"",30,1,19]",-198.2765161964,247.02500000000001
2401,267429500541141,"[""hex-band"",30,1,20]",-208.71212231199999,241
2402,195750069282714,"[""hex-band"",30,1,21]",-219.1477284277,234.97499999999999
2403,68504293784917,"[""hex-band"",30,1,22]",-229.5833345433,228.94999999999999
2404,255471181338629,"[""hex-band"",30,1,23]",-240.01894065889999,222.92500000000001
2405,23345038022736,"[""hex-band"",30,1,24]",-250.45454677449999,216.90000000000001
2406,277791333906903,"[""hex-band"",30,1,25]",-260.89015289010001,210.875
2407,203512066417829,"[""hex-band"",30,1,26]",-271.32575900569998,204.84999999999999
2408,154967648009281,"[""hex-band"",30,1,27]",-281.7613651213,198.82499999999999
2409,20264030909834,"[""hex-band"",30,2,3]",-313.06818346810002,144.59999999999999
2410,240882145780792,"[""hex-band"",30,2,4]",-313.06818346810002,132.55000000000001
2411,130004123891494,"[""hex-band"",30,2,5]",-313.06818346810002,120.5
2412,229161000809529,"[""hex-band"",30,2,6]",-313.06818346810002,108.45
2413,2860831566072,"[""hex-band"",30,2,7]",-313.06818346810002,96.400000000000006
2414,170306177686425,"[""hex-band"",30,2,8]",-313.06818346810002,84.349999999999994
2415,221406503144152,"[""hex-band"",30,2,9]",-313.06818346810002,72.299999999999997
2416,4506839751611,"[""hex-band"",30,2,10]",-313.06818346810002,60.25
2417,219642633791158,"[""hex-band"",30,2,11]",-313.06818346810002,48.200000000000003
2418,68508075089080,"[""hex-band"",30,2,12]",-313.06818346810002,36.149999999999999
2419,143891034039701,"[""hex-band"",30,2,13]",-313.06818346810002,24.100000000000001
2420,88782004972613,"[""hex-band"",30,2,14]",-313.06818346810002,12.050000000000001
2421,109812513755338,"[""hex-band"",30,2,15]",-313.06818346810002,0
2422,141674628085976,"[""hex-band"",30,2,16]",-313.06818346810002,-12.050000000000001
2423,42134107893080,"[""hex-band"",30,2,17]",-313.06818346810002,-24.100000000000001
2424,177889344955017,"[""hex-band"",30,2,18]",-313.06818346810002,-36.149999999999999
2425,26593624129343,"[""hex-band"",30,2,19]",-313.06818346810002,-48.200000000000003
2426,237652502080500,"[""hex-band"",30,2,20]",-313.06818346810002,-60.25
2427,138470168605249,"[""hex-band"",30,2,21]",-313.06818346810002,-72.299999999999997
2428,28505507732177,"[""hex-band"",30,2,22]",-313.06818346810002,-84.349999999999994
2429,102050310591741,"[""hex-band"",30,2,23]",-313.06818346810002,-96.400000000000006
2430,263146486937429,"[""hex-band"",30,2,24]",-313.06818346810002,-108.45
2431,39723001518239,"[""hex-band"",30,2,25]",-313.06818346810002,-120.5
2432,231843037530026,"[""hex-band"",30,2,26]",-313.06818346810002,-132.55000000000001
2433,103120434425006,"[""hex-band"",30,2,27]",-313.06818346810002,-144.59999999999999
2434,49297686984301,"[""hex-band"",30,3,3]",-281.7613651213,-198.82499999999999
2435,200655020398383,"[""hex-band"",30,3,4]",-271.32575900569998,-204.84999999999999
2436,172127031605744,"[""hex-band"",30,3,5]",-260.89015289010001,-210.875
2437,142273390923343,"[""hex-band"",30,3,6]",-250.45454677449999,-216.90000000000001
2438,67515336404647,"[""hex-band"",30,3,7]",-240.01894065889999,-222.92500000000001
2439,1052761549574,"[""hex-band"",30,3,8]",-229.5833345433,-228.94999999999999
2440,224500309003532,"[""hex-band"",30,3,9]",-219.1477284277,-234.97499999999999
2441,195587325142629,"[""hex-band"",30,3,10]",-208.71212231199999,-241
2442,49228086324589,"[""hex-band"",30,3,11]",-198.2765161964,-247.02500000000001
2443,253957608452049,"[""hex-band"",30,3,12]",-187.8409100808,-253.05000000000001
2444,111117611195437,"[""hex-band"",30,3,13]",-177.40530396520001,-259.07499999999999
2445,159813612570175,"[""hex-band"",30,3,14]",-166.96969784960001,-265.10000000000002
2446,232635028123057,"[""hex-band"",30,3,15]",-156.53409173399999,-271.125
2447,43989994163381,"[""hex-band"",30,3,16]",-146.09848561839999,-277.14999999999998
2448,37142857869657,"[""hex-band"",30,3,17]",-135.6628795028,-283.17500000000001
2449,176977368604549,"[""hex-band"",30,3,18]",-125.2272733872,-289.19999999999999
2450,162907027271421,"[""hex-band"",30,3,19]",-114.79166727160001,-295.22500000000002
2451,236203184178697,"[""hex-band"",30,3,20]",-104.356061156,-301.25
2452,232222406896175,"[""hex-band"",30,3,21]",-93.9204550404,-307.27499999999998
2453,156951452180384,"[""hex-band"",30,3,22]",-83.484848924800005,-313.30000000000001
2454,269328610085241,"[""hex-band"",30,3,23]",-73.049242809199995,-319.32499999999999
2455,24469302354562,"[""hex-band"",30,3,24]",-62.6136366936,-325.35000000000002
2456,124977352345642,"[""hex-band"",30,3,25]",-52.178030577999998,-331.375
2457,276842841797295,"[""hex-band"",30,3,26]",-41.742424462400002,-337.39999999999998
2458,68283745498735,"[""hex-band"",30,3,27]",-31.3068183468,-343.42500000000001
2459,171276887332349,"[""hex-band"",30,4,3]",31.3068183468,-343.42500000000001
2460,223784116273192,"[""hex-band"",30,4,4]",41.742424462400002,-337.39999999999998
2461,144083586991687,"[""hex-band"",30,4,5]",52.178030577999998,-331.375
2462,114048596737867,"[""hex-band"",30,4,6]",62.6136366936,-325.35000000000002
2463,40885376133743,"[""hex-band"",30,4,7]",73.049242809199995,-319.32499999999999
2464,136281169061131,"[""hex-band"",30,4,8]",83.484848924800005,-313.30000000000001
2465,240631730286053,"[""hex-band"",30,4,9]",93.9204550404,-307.27499999999998
2466,164383406868546,"[""hex-band"",30,4,10]",104.356061156,-301.25
2467,225557725012173,"[""hex-band"",30,4,11]",114.79166727160001,-295.22500000000002
2468,210827977379899,"[""hex-band"",30,4,12]",125.2272733872,-289.19999999999999
2469,13510289813301,"[""hex-band"",30,4,13]",135.6628795028,-283.17500000000001
2470,97651815073715,"[""hex-band"",30,4,14]",146.09848561839999,-277.14999999999998
2471,280140558584810,"[""hex-band"",30,4,15]",156.53409173399999,-271.125
2472,209118809869751,"[""hex-band"",30,4,16]",166.96969784960001,-265.10000000000002
2473,35886614409312,"[""hex-band"",30,4,17]",177.40530396520001,-259.07499999999999
2474,218686700327887,"[""hex-band"",30,4,18]",187.8409100808,-253.05000000000001
2475,7341118922520,"[""hex-band"",30,4,19]",198.2765161964,-247.02500000000001
2476,271538564398669,"[""hex-band"",30,4,20]",208.71212231199999,-241
2477,100674830775922,"[""hex-band"",30,4,21]",219.1477284277,-234.97499999999999
2478,255674623125718,"[""hex-band"",30,4,22]",229.5833345433,-228.94999999999999
2479,87280971430292,"[""hex-band"",30,4,23]",240.01894065889999,-222.92500000000001
2480,87165810108672,"[""hex-band"",30,4,24]",250.45454677449999,-216.90000000000001
2481,167348991367107,"[""hex-band"",30,4,25]",260.89015289010001,-210.875
2482,255487314940145,"[""hex-band"",30,4,26]",271.32575900569998,-204.84999999999999
2483,85610491784043,"[""hex-band"",30,4,27]",281.7613651213,-198.82499999999999
2484,255243847474193,"[""hex-band"",30,5,3]",313.06818346810002,-144.59999999999999
2485,212740333672007,"[""hex-band"",30,5,4]",313.06818346810002,-132.55000000000001
2486,240595772558975,"[""hex-band"",30,5,5]",313.06818346810002,-120.5
2487,72458659616338,"[""hex-band"",30,5,6]",313.06818346810002,-108.45
2488,254107951859877,"[""hex-band"",30,5,7]",313.06818346810002,-96.400000000000006
2489,162400820252322,"[""hex-band"",30,5,8]",313.06818346810002,-84.349999999999994
2490,180636600920911,"[""hex-band"",30,5,9]",313.06818346810002,-72.299999999999997
2491,76784729643024,"[""hex-band"",30,5,10]",313.06818346810002,-60.25
2492,164533746022025,"[""hex-band"",30,5,11]",313.06818346810002,-48.200000000000003
2493,164576949733264,"[""hex-band"",30,5,12]",313.06818346810002,-36.149999999999999
2494,218389020062216,"[""hex-band"",30,5,13]",313.06818346810002,-24.100000000000001
2495,54680435302947,"[""hex-band"",30,5,14]",313.06818346810002,-12.050000000000001
2496,111880640133353,"[""hex-band"",30,5,15]",313.06818346810002,-0
2497,169347941518870,"[""hex-band"",30,5,16]",313.06818346810002,12.050000000000001
2498,133519894130905,"[""hex-band"",30,5,17]",313.06818346810002,24.100000000000001
2499,64122037019112,"[""hex-band"",30,5,18]",313.06818346810002,36.149999999999999
2500,248854786852495,"[""hex-band"",30,5,19]",313.06818346810002,48.200000000000003
2501,11117047609953,"[""hex-band"",30,5,20]",313.06818346810002,60.25
2502,92568024520898,"[""hex-band"",30,5,21]",313.06818346810002,72.299999999999997
2503,179789366115905,"[""hex-band"",30,5,22]",313.06818346810002,84.349999999999994
2504,204035565857239,"[""hex-band"",30,5,23]",313.06818346810002,96.400000000000006
2505,128459275134576,"[""hex-band"",30,5,24]",313.06818346810002,108.45
2506,18078910522515,"[""hex-band"",30,5,25]",313.06818346810002,120.5
2507,20905987716282,"[""hex-band"",30,5,26]",313.06818346810002,132.55000000000001
2508,84979573502456,"[""hex-band"",30,5,27]",313.06818346810002,144.59999999999999
2509,276398600067042,"[""hex-band"",31,0,5]",271.32575900569998,216.90000000000001
2510,112787469465631,"[""hex-band"",31,0,6]",260.89015289010001,222.92500000000001
2511,177339118477728,"[""hex-band"",31,0,7]",250.45454677449999,228.94999999999999
2512,66455292783250,"[""hex-band"",31,0,8]",240.01894065889999,234.97499999999999
2513,212744198248813,"[""hex-band"",31,0,9]",229.5833345433,241
2514,248118691885528,"[""hex-band"",31,0,10]",219.1477284277,247.02500000000001
2515,180344100245964,"[""hex-band"",31,0,11]",208.71212231199999,253.05000000000001
2516,8857336068102,"[""hex-band"",31,0,12]",198.2765161964,259.07499999999999
2517,113750938785606,"[""hex-band"",31,0,13]",187.8409100808,265.10000000000002
2518,107971238307149,"[""hex-band"",31,0,14]",177.40530396520001,271.125
2519,175835427491701,"[""hex-band"",31,0,15]",166.96969784960001,277.14999999999998
2520,216618114449772,"[""hex-band"",31,0,16]",156.53409173399999,283.17500000000001
2521,45929685085535,"[""hex-band"",31,0,17]",146.09848561839999,289.19999999999999
2522,220853885505031,"[""hex-band"",31,0,18]",135.6628795028,295.22500000000002
2523,74942279032811,"[""hex-band"",31,0,19]",125.2272733872,301.25
2524,21393788999927,"[""hex-band"",31,0,20]",114.79166727160001,307.27499999999998
2525,129798431357021,"[""hex-band"",31,0,21]",104.356061156,313.30000000000001
2526,212862595591738,"[""hex-band"",31,0,22]",93.9204550404,319.32499999999999
2527,187187851771007,"[""hex-band"",31,0,23]",83.484848924800005,325.35000000000002
2528,133968037143930,"[""hex-band"",31,0,24]",73.049242809199995,331.375
2529,266157175777430,"[""hex-band"",31,0,25]",62.6136366936,337.39999999999998
2530,169779339968771,"[""hex-band"",31,0,26]",52.178030577999998,343.42500000000001
2531,20428504047947,"[""hex-band"",31,1,5]",-52.178030577999998,343.42500000000001
2532,191826127570262,"[""hex-band"",31,1,6]",-62.6136366936,337.39999999999998
2533,263655578940124,"[""hex-band"",31,1,7]",-73.049242809199995,331.375
2534,275255075766245,"[""hex-band"",31,1,8]",-83.484848924800005,325.35000000000002
2535,75220201613933,"[""hex-band"",31,1,9]",-93.9204550404,319.32499999999999
2536,148709669257654,"[""hex-band"",31,1,10]",-104.356061156,313.30000000000001
2537,56382611445941,"[""hex-band"",31,1,11]",-114.79166727160001,307.27499999999998
2538,151137003921703,"[""hex-band"",31,1,12]",-125.2272733872,301.25
2539,183442561743210,"[""hex-band"",31,1,13]",-135.6628795028,295.22500000000002
2540,182970493072288,"[""hex-band"",31,1,14]",-146.09848561839999,289.19999999999999
2541,221824349916222,"[""hex-band"",31,1,15]",-156.53409173399999,283.17500000000001
2542,28357230382193,"[""hex-band"",31,1,16]",-166.96969784960001,277.14999999999998
2543,68235509017306,"[""hex-band"",31,1,17]",-177.40530396520001,271.125
2544,245230544139112,"[""hex-band"",31,1,18]",-187.8409100808,265.10000000000002
2545,144405214771241,"[""hex-band"",31,1,19]",-198.2765161964,259.07499999999999
2546,102376915437176,"[""hex-band"",31,1,20]",-208.71212231199999,253.05000000000001
2547,143005398799892,"[""hex-band"",31,1,21]",-219.1477284277,247.02500000000001
2548,122916343017585,"[""hex-band"",31,1,22]",-229.5833345433,241
2549,99057173134806,"[""hex-band"",31,1,23]",-240.01894065889999,234.97499999999999
2550,57204353688738,"[""hex-band"",31,1,24]",-250.45454677449999,228.94999999999999
2551,119654983753142,"[""hex-band"",31,1,25]",-260.89015289010001,222.92500000000001
2552,93017453245808,"[""hex-band"",31,1,26]",-271.32575900569998,216.90000000000001
2553,164820088546764,"[""hex-band"",31,2,5]",-323.50378958369998,126.52500000000001
2554,31058456801260,"[""hex-band"",31,2,6]",-323.50378958369998,114.47499999999999
2555,128184681099680,"[""hex-band"",31,2,7]",-323.50378958369998,102.425
2556,137446317389747,"[""hex-band"",31,2,8]",-323.50378958369998,90.375
2557,274053032169261,"[""hex-band"",31,2,9]",-323.50378958369998,78.325000000000003
2558,49371494733941,"[""hex-band"",31,2,10]",-323.50378958369998,66.275000000000006
2559,116082226467299,"[""hex-band"",31,2,11]",-323.50378958369998,54.225000000000001
2560,145171517231413,"[""hex-band"",31,2,12]",-323.50378958369998,42.174999999999997
2561,266993074167665,"[""hex-band"",31,2,13]",-323.50378958369998,30.125
2562,22610257488135,"[""hex-band"",31,2,14]",-323.50378958369998,18.074999999999999
2563,70319689082112,"[""hex-band"",31,2,15]",-323.50378958369998,6.0250000000000004
2564,244549291371042,"[""hex-band"",31,2,16]",-323.50378958369998,-6.0250000000000004
2565,28476551041850,"[""hex-band"",31,2,17]",-323.50378958369998,-18.074999999999999
2566,45753650700935,"[""hex-band"",31,2,18]",-323.50378958369998,-30.125
2567,76516675616784,"[""hex-band"",31,2,19]",-323.50378958369998,-42.174999999999997
2568,203270018216885,"[""hex-band"",31,2,20]",-323.50378958369998,-54.225000000000001
2569,102554922899948,"[""hex-band"",31,2,21]",-323.50378958369998,-66.275000000000006
2570,265307362234162,"[""hex-band"",31,2,22]",-323.50378958369998,-78.325000000000003
2571,154705259784475,"[""hex-band"",31,2,23]",-323.50378958369998,-90.375
2572,146112501981610,"[""hex-band"",31,2,24]",-323.50378958369998,-102.425
2573,172867206013313,"[""hex-band"",31,2,25]",-323.50378958369998,-114.47499999999999
2574,15034487049222,"[""hex-band"",31,2,26]",-323.50378958369998,-126.52500000000001
2575,157476256771961,"[""hex-band"",31,3,5]",-271.32575900569998,-216.90000000000001
2576,56211176584510,"[""hex-band"",31,3,6]",-260.89015289010001,-222.92500000000001
2577,34303879857452,"[""hex-band"",31,3,7]",-250.45454677449999,-228.94999999999999
2578,280928824644332,"[""hex-band"",31,3,8]",-240.01894065889999,-234.97499999999999
2579,17273085655056,"[""hex-band"",31,3,9]",-229.5833345433,-241
2580,6310730676853,"[""hex-band"",31,3,10]",-219.1477284277,-247.02500000000001
2581,144949919160052,"[""hex-band"",31,3,11]",-208.71212231199999,-253.05000000000001
2582,167323833960816,"[""hex-band"",31,3,12]",-198.2765161964,-259.07499999999999
2583,265419005136414,"[""hex-band"",31,3,13]",-187.8409100808,-265.10000000000002
2584,99023548974424,"[""hex-band"",31,3,14]",-177.40530396520001,-271.125
2585,1103795066155,"[""hex-band"",31,3,15]",-166.96969784960001,-277.14999999999998
2586,205156397597656,"[""hex-band"",31,3,16]",-156.53409173399999,-283.17500000000001
2587,20488416723236,"[""hex-band"",31,3,17]",-146.09848561839999,-289.19999999999999
2588,148260594262545,"[""hex-band"",31,3,18]",-135.6628795028,-295.22500000000002
2589,244126790302757,"[""hex-band"",31,3,19]",-125.2272733872,-301.25
2590,1838308513128,"[""hex-band"",31,3,20]",-114.79166727160001,-307.27499999999998
2591,202749225684257,"[""hex-band"",31,3,21]",-104.356061156,-313.30000000000001
2592,168703630308170,"[""hex-band"",31,3,22]",-93.9204550404,-319.32499999999999
2593,243090290117910,"[""hex-band"",31,3,23]",-83.484848924800005,-325.35000000000002
2594,204839443745810,"[""hex-band"",31,3,24]",-73.049242809199995,-331.375
2595,35523171359683,"[""hex-band"",31,3,25]",-62.6136366936,-337.39999999999998
2596,87541265724984,"[""hex-band"",31,3,26]",-52.178030577999998,-343.42500000000001
2597,156505647962193,"[""hex-band"",31,4,5]",52.178030577999998,-343.42500000000001
2598,50316023392037,"[""hex-band"",31,4,6]",62.6136366936,-337.39999999999998
2599,259718463221888,"[""hex-band"",31,4,7]",73.049242809199995,-331.375
2600,79996103878536,"[""hex-band"",31,4,8]",83.484848924800005,-325.35000000000002
2601,85312342357832,"[""hex-band"",31,4,9]",93.9204550404,-319.32499999999999
2602,99666723925957,"[""hex-band"",31,4,10]",104.356061156,-313.30000000000001
2603,179445766522314,"[""hex-band"",31,4,11]",114.79166727160001,-307.27499999999998
2604,152323760891346,"[""hex-band"",31,4,12]",125.2272733872,-301.25
2605,154179780509547,"[""hex-band"",31,4,13]",135.6628795028,-295.22500000000002
2606,44790626910393,"[""hex-band"",31,4,14]",146.09848561839999,-289.19999999999999
2607,94126570141231,"[""hex-band"",31,4,15]",156.53409173399999,-283.17500000000001
2608,2709598437118,"[""hex-band"",31,4,16]",166.96969784960001,-277.14999999999998
2609,261184825199881,"[""hex-band"",31,4,17]",177.40530396520001,-271.125
2610,50049875080993,"[""hex-band"",31,4,18]",187.8409100808,-265.10000000000002
2611,185354291548434,"[""hex-band"",31,4,19]",198.2765161964,-259.07499999999999
2612,228680470719174,"[""hex-band"",31,4,20]",208.71212231199999,-253.05000000000001
2613,116790785441832,"[""hex-band"",31,4,21]",219.1477284277,-247.02500000000001
2614,114047939121260,"[""hex-band"",31,4,22]",229.5833345433,-241
2615,7962398627173,"[""hex-band"",31,4,23]",240.01894065889999,-234.97499999999999
2616,162886820971923,"[""hex-band"",31,4,24]",250.45454677449999,-228.94999999999999
2617,260865249784824,"[""hex-band"",31,4,25]",260.89015289010001,-222.92500000000001
2618,147765854312978,"[""hex-band"",31,4,26]",271.32575900569998,-216.90000000000001
2619,1610374376329,"[""hex-band"",31,5,5]",323.50378958369998,-126.52500000000001
2620,103669601440218,"[""hex-band"",31,5,6]",323.50378958369998,-114.47499999999999
2621,113488970874595,"[""hex-band"",31,5,7]",323.50378958369998,-102.425
2622,184261868913706,"[""hex-band"",31,5,8]",323.50378958369998,-90.375
2623,40230155742721,"[""hex-band"",31,5,9]",323.50378958369998,-78.325000000000003
2624,258050382424089,"[""hex-band"",31,5,10]",323.50378958369998,-66.275000000000006
2625,114795824770205,"[""hex-band"",31,5,11]",323.50378958369998,-54.225000000000001
2626,32016143705296,"[""hex-band"",31,5,12]",323.50378958369998,-42.174999999999997
2627,17070824973532,"[""hex-band"",31,5,13]",323.50378958369998,-30.125
2628,200290753238743,"[""hex-band"",31,5,14]",323.50378958369998,-18.074999999999999
2629,85033972910443,"[""hex-band"",31,5,15]",323.50378958369998,-6.0250000000000004
2630,106728665529638,"[""hex-band"",31,5,16]",323.50378958369998,6.0250000000000004
2631,89011114909685,"[""hex-band"",31,5,17]",323.50378958369998,18.074999999999999
2632,195095619383330,"[""hex-band"",31,5,18]",323.50378958369998,30.125
2633,205410316600186,"[""hex-band"",31,5,19]",323.50378958369998,42.174999999999997
2634,184266664301323,"[""hex-band"",31,5,20]",323.50378958369998,54.225000000000001
2635,245705020315062,"[""hex-band"",31,5,21]",323.50378958369998,66.275000000000006
2636,199836726994659,"[""hex-band"",31,5,22]",323.50378958369998,78.325000000000003
2637,192828116120642,"[""hex-band"",31,5,23]",323.50378958369998,90.375
2638,105679134044281,"[""hex-band"",31,5,24]",323.50378958369998,102.425
2639,75352950145052,"[""hex-band"",31,5,25]",323.50378958369998,114.47499999999999
2640,251524007153741,"[""hex-band"",31,5,26]",323.50378958369998,126.52500000000001
2641,280980749835482,"[""hex-band"",32,0,8]",250.45454677449999,241
2642,121078137487215,"[""hex-band"",32,0,9]",240.01894065889999,247.02500000000001
2643,157754354298119,"[""hex-band"",32,0,10]",229.5833345433,253.05000000000001
2644,104862679663735,"[""hex-band"",32,0,11]",219.1477284277,259.07499999999999
2645,52694429784581,"[""hex-band"",32,0,12]",208.71212231199999,265.10000000000002
2646,76256144994779,"[""hex-band"",32,0,13]",198.2765161964,271.125
2647,177461361272981,"[""hex-band"",32,0,14]",187.8409100808,277.14999999999998
2648,206069230532630,"[""hex-band"",32,0,15]",177.40530396520001,283.17500000000001
2649,108779100689840,"[""hex-band"",32,0,16]",166.96969784960001,289.19999999999999
2650,215763050722111,"[""hex-band"",32,0,17]",156.53409173399999,295.22500000000002
2651,52948007016464,"[""hex-band"",32,0,18]",146.09848561839999,301.25
2652,70491805409975,"[""hex-band"",32,0,19]",135.6628795028,307.27499999999998
2653,51517649169465,"[""hex-band"",32,0,20]",125.2272733872,313.30000000000001
2654,270240305656592,"[""hex-band"",32,0,21]",114.79166727160001,319.32499999999999
2655,229959379702199,"[""hex-band"",32,0,22]",104.356061156,325.35000000000002
2656,129791291745687,"[""hex-band"",32,0,23]",93.9204550404,331.375
2657,233951594271654,"[""hex-band"",32,0,24]",83.484848924800005,337.39999999999998
2658,20292995706693,"[""hex-band"",32,1,8]",-83.484848924800005,337.39999999999998
2659,26323384921027,"[""hex-band"",32,1,9]",-93.9204550404,331.375
2660,141299147212795,"[""hex-band"",32,1,10]",-104.356061156,325.35000000000002
2661,257882487253839,"[""hex-band"",32,1,11]",-114.79166727160001,319.32499999999999
2662,88046986693401,"[""hex-band"",32,1,12]",-125.2272733872,313.30000000000001
2663,181161398392393,"[""hex-band"",32,1,13]",-135.6628795028,307.27499999999998
2664,27371058700823,"[""hex-band"",32,1,14]",-146.09848561839999,301.25
2665,105348318570235,"[""hex-band"",32,1,15]",-156.53409173399999,295.22500000000002
2666,204661891931008,"[""hex-band"",32,1,16]",-166.96969784960001,289.19999999999999
2667,243193116744938,"[""hex-band"",32,1,17]",-177.40530396520001,283.17500000000001
2668,65652918424116,"[""hex-band"",32,1,18]",-187.8409100808,277.14999999999998
2669,188231852298471,"[""hex-band"",32,1,19]",-198.2765161964,271.125
2670,204659999024935,"[""hex-band"",32,1,20]",-208.71212231199999,265.10000000000002
2671,140931420243406,"[""hex-band"",32,1,21]",-219.1477284277,259.07499999999999
2672,33041738530283,"[""hex-band"",32,1,22]",-229.5833345433,253.05000000000001
2673,33991069097952,"[""hex-band"",32,1,23]",-240.01894065889999,247.02500000000001
2674,262730077810695,"[""hex-band"",32,1,24]",-250.45454677449999,241
2675,168229310791375,"[""hex-band"",32,2,8]",-333.93939569930001,96.400000000000006
2676,73769543281061,"[""hex-band"",32,2,9]",-333.93939569930001,84.349999999999994
2677,66441827998627,"[""hex-band"",32,2,10]",-333.93939569930001,72.299999999999997
2678,24184592093396,"[""hex-band"",32,2,11]",-333.93939569930001,60.25
2679,133835167677600,"[""hex-band"",32,2,12]",-333.93939569930001,48.200000000000003
2680,260744713724296,"[""hex-band"",32,2,13]",-333.93939569930001,36.149999999999999
2681,266134807100801,"[""hex-band"",32,2,14]",-333.93939569930001,24.100000000000001
2682,267880994551154,"[""hex-band"",32,2,15]",-333.93939569930001,12.050000000000001
2683,56353756868798,"[""hex-band"",32,2,16]",-333.93939569930001,0
2684,136516058854727,"[""hex-band"",32,2,17]",-333.93939569930001,-12.050000000000001
2685,131339389931272,"[""hex-band"",32,2,18]",-333.93939569930001,-24.100000000000001
2686,82220291165009,"[""hex-band"",32,2,19]",-333.93939569930001,-36.149999999999999
2687,179624977962512,"[""hex-band"",32,2,20]",-333.93939569930001,-48.200000000000003
2688,37500256728522,"[""hex-band"",32,2,21]",-333.93939569930001,-60.25
2689,29756753661177,"[""hex-band"",32,2,22]",-333.93939569930001,-72.299999999999997
2690,58883001028370,"[""hex-band"",32,2,23]",-333.93939569930001,-84.349999999999994
2691,245798890890959,"[""hex-band"",32,2,24]",-333.93939569930001,-96.400000000000006
2692,240377959107277,"[""hex-band"",32,3,8]",-250.45454677449999,-241
2693,205771560083409,"[""hex-band"",32,3,9]",-240.01894065889999,-247.02500000000001
2694,43606643590508,"[""hex-band"",32,3,10]",-229.5833345433,-253.05000000000001
2695,19071947637416,"[""hex-band"",32,3,11]",-219.1477284277,-259.07499999999999
2696,222322209343724,"[""hex-band"",32,3,12]",-208.71212231199999,-265.10000000000002
2697,135868420598885,"[""hex-band"",32,3,13]",-198.2765161964,-271.125
2698,257184433232332,"[""hex-band"",32,3,14]",-187.8409100808,-277.14999999999998
2699,250034881458540,"[""hex-band"",32,3,15]",-177.40530396520001,-283.17500000000001
2700,203960323296465,"[""hex-band"",32,3,16]",-166.96969784960001,-289.19999999999999
2701,118161795467655,"[""hex-band"",32,3,17]",-156.53409173399999,-295.22500000000002
2702,204458042817255,"[""hex-band"",32,3,18]",-146.09848561839999,-301.25
2703,257722876268714,"[""hex-band"",32,3,19]",-135.6628795028,-307.27499999999998
2704,271682617117611,"[""hex-band"",32,3,20]",-125.2272733872,-313.30000000000001
2705,79654228211172,"[""hex-band"",32,3,21]",-114.79166727160001,-319.32499999999999
2706,102903409106468,"[""hex-band"",32,3,22]",-104.356061156,-325.35000000000002
2707,72198184129461,"[""hex-band"",32,3,23]",-93.9204550404,-331.375
2708,174665320240823,"[""hex-band"",32,3,24]",-83.484848924800005,-337.39999999999998
2709,280850099307416,"[""hex-band"",32,4,8]",83.484848924800005,-337.39999999999998
2710,154244215162230,"[""hex-band"",32,4,9]",93.9204550404,-331.375
2711,67217519991530,"[""hex-band"",32,4,10]",104.356061156,-325.35000000000002
2712,47922603701172,"[""hex-band"",32,4,11]",114.79166727160001,-319.32499999999999
2713,104629160195277,"[""hex-band"",32,4,12]",125.2272733872,-313.30000000000001
2714,15103265914644,"[""hex-band"",32,4,13]",135.6628795028,-307.27499999999998
2715,268402067608876,"[""hex-band"",32,4,14]",146.09848561839999,-301.25
2716,237827019045215,"[""hex-band"",32,4,15]",156.53409173399999,-295.22500000000002
2717,243528092865899,"[""hex-band"",32,4,16]",166.96969784960001,-289.19999999999999
2718,128867988820922,"[""hex-band"",32,4,17]",177.40530396520001,-283.17500000000001
2719,81177437040541,"[""hex-band"",32,4,18]",187.8409100808,-277.14999999999998
2720,118504325102298,"[""hex-band"",32,4,19]",198.2765161964,-271.125
2721,21068855723401,"[""hex-band"",32,4,20]",208.71212231199999,-265.10000000000002
2722,263972757238809,"[""hex-band"",32,4,21]",219.1477284277,-259.07499999999999
2723,206423535407454,"[""hex-band"",32,4,22]",229.5833345433,-253.05000000000001
2724,115459419364672,"[""hex-band"",32,4,23]",240.01894065889999,-247.02500000000001
2725,34188298985161,"[""hex-band"",32,4,24]",250.45454677449999,-241
2726,71837341639407,"[""hex-band"",32,5,8]",333.93939569930001,-96.400000000000006
2727,66076794359376,"[""hex-band"",32,5,9]",333.93939569930001,-84.349999999999994
2728,281247754906529,"[""hex-band"",32,5,10]",333.93939569930001,-72.299999999999997
2729,126537264573495,"[""hex-band"",32,5,11]",333.93939569930001,-60.25
2730,75016709236383,"[""hex-band"",32,5,12]",333.93939569930001,-48.200000000000003
2731,34276829044318,"[""hex-band"",32,5,13]",333.93939569930001,-36.149999999999999
2732,93643397029157,"[""hex-band"",32,5,14]",333.93939569930001,-24.100000000000001
2733,75235966384260,"[""hex-band"",32,5,15]",333.93939569930001,-12.050000000000001
2734,121509596515378,"[""hex-band"",32,5,16]",333.93939569930001,-0
2735,220976005505545,"[""hex-band"",32,5,17]",333.93939569930001,12.050000000000001
2736,97943284500385,"[""hex-band"",32,5,18]",333.93939569930001,24.100000000000001
2737,135506007467947,"[""hex-band"",32,5,19]",333.93939569930001,36.149999999999999
2738,16711919131012,"[""hex-band"",32,5,20]",333.93939569930001,48.200000000000003
2739,55020418856360,"[""hex-band"",32,5,21]",333.93939569930001,60.25
2740,73320057056398,"[""hex-band"",32,5,22]",333.93939569930001,72.299999999999997
2741,221406160453267,"[""hex-band"",32,5,23]",333.93939569930001,84.349999999999994
2742,84623322427916,"[""hex-band"",32,5,24]",333.93939569930001,96.400000000000006
2743,19776037858515,"[""hex-band"",33,0,12]",219.1477284277,271.125
2744,69266696493335,"[""hex-band"",33,0,13]",208.71212231199999,277.14999999999998
2745,257266265047165,"[""hex-band"",33,0,14]",198.2765161964,283.17500000000001
2746,217433327453478,"[""hex-band"",33,0,15]",187.8409100808,289.19999999999999
2747,1259350294151,"[""hex-band"",33,0,16]",177.40530396520001,295.22500000000002
2748,229223953333444,"[""hex-band"",33,0,17]",166.96969784960001,301.25
2749,57324497189921,"[""hex-band"",33,0,18]",156.53409173399999,307.27499999999998
2750,219465544374382,"[""hex-band"",33,0,19]",146.09848561839999,313.30000000000001
2751,243213593078093,"[""hex-band"",33,0,20]",135.6628795028,319.32499999999999
2752,35808683157302,"[""hex-band"",33,0,21]",125.2272733872,325.35000000000002
2753,229451740235782,"[""hex-band"",33,1,12]",-125.2272733872,325.35000000000002
2754,195923268608351,"[""hex-band"",33,1,13]",-135.6628795028,319.32499999999999
2755,132441556286760,"[""hex-band"",33,1,14]",-146.09848561839999,313.30000000000001
2756,184575209530852,"[""hex-band"",33,1,15]",-156.53409173399999,307.27499999999998
2757,199313936555418,"[""hex-band"",33,1,16]",-166.96969784960001,301.25
2758,133290472626565,"[""hex-band"",33,1,17]",-177.40530396520001,295.22500000000002
2759,115743866705683,"[""hex-band"",33,1,18]",-187.8409100808,289.19999999999999
2760,246412952992151,"[""hex-band"",33,1,19]",-198.2765161964,283.17500000000001
2761,48194953253397,"[""hex-band"",33,1,20]",-208.71212231199999,277.14999999999998
2762,246829039817568,"[""hex-band"",33,1,21]",-219.1477284277,271.125
2763,20125028821049,"[""hex-band"",33,2,12]",-344.37500181489997,54.225000000000001
2764,239373628091953,"[""hex-band"",33,2,13]",-344.37500181489997,42.174999999999997
2765,183320577857832,"[""hex-band"",33,2,14]",-344.37500181489997,30.125
2766,274200358621209,"[""hex-band"",33,2,15]",-344.37500181489997,18.074999999999999
2767,146018185393922,"[""hex-band"",33,2,16]",-344.37500181489997,6.0250000000000004
2768,280978683454947,"[""hex-band"",33,2,17]",-344.37500181489997,-6.0250000000000004
2769,124078403609157,"[""hex-band"",33,2,18]",-344.37500181489997,-18.074999999999999
2770,261198353628138,"[""hex-band"",33,2,19]",-344.37500181489997,-30.125
2771,59867564834552,"[""hex-band"",33,2,20]",-344.37500181489997,-42.174999999999997
2772,53361458494614,"[""hex-band"",33,2,21]",-344.37500181489997,-54.225000000000001
2773,26820026545349,"[""hex-band"",33,3,12]",-219.1477284277,-271.125
2774,208566290325374,"[""hex-band"",33,3,13]",-208.71212231199999,-277.14999999999998
2775,51826730595906,"[""hex-band"",33,3,14]",-198.2765161964,-283.17500000000001
2776,120872464781452,"[""hex-band"",33,3,15]",-187.8409100808,-289.19999999999999
2777,234469456361399,"[""hex-band"",33,3,16]",-177.40530396520001,-295.22500000000002
2778,217043036596275,"[""hex-band"",33,3,17]",-166.96969784960001,-301.25
2779,71978752894290,"[""hex-band"",33,3,18]",-156.53409173399999,-307.27499999999998
2780,278270251993938,"[""hex-band"",33,3,19]",-146.09848561839999,-313.30000000000001
2781,222016032568511,"[""hex-band"",33,3,20]",-135.6628795028,-319.32499999999999
2782,266214129410777,"[""hex-band"",33,3,21]",-125.2272733872,-325.35000000000002
2783,161959410377844,"[""hex-band"",33,4,12]",125.2272733872,-325.35000000000002
2784,268063307648569,"[""hex-band"",33,4,13]",135.6628795028,-319.32499999999999
2785,19549631899482,"[""hex-band"",33,4,14]",146.09848561839999,-313.30000000000001
2786,19072755596268,"[""hex-band"",33,4,15]",156.53409173399999,-307.27499999999998
2787,175768703174714,"[""hex-band"",33,4,16]",166.96969784960001,-301.25
2788,187071990770793,"[""hex-band"",33,4,17]",177.40530396520001,-295.22500000000002
2789,13555516851410,"[""hex-band"",33,4,18]",187.8409100808,-289.19999999999999
2790,272079457893028,"[""hex-band"",33,4,19]",198.2765161964,-283.17500000000001
2791,97648491283022,"[""hex-band"",33,4,20]",208.71212231199999,-277.14999999999998
2792,79991465539217,"[""hex-band"",33,4,21]",219.1477284277,-271.125
2793,100811242408466,"[""hex-band"",33,5,12]",344.37500181489997,-54.225000000000001
2794,217551855377035,"[""hex-band"",33,5,13]",344.37500181489997,-42.174999999999997
2795,195525420778985,"[""hex-band"",33,5,14]",344.37500181489997,-30.125
2796,159885236521288,"[""hex-band"",33,5,15]",344.37500181489997,-18.074999999999999
2797,3432552840601,"[""hex-band"",33,5,16]",344.37500181489997,-6.0250000000000004
2798,34435143417064,"[""hex-band"",33,5,17]",344.37500181489997,6.0250000000000004
2799,39389059514206,"[""hex-band"",33,5,18]",344.37500181489997,18.074999999999999
2800,102490226070103,"[""hex-band"",33,5,19]",344.37500181489997,30.125
2801,255600467360484,"[""hex-band"",33,5,20]",344.37500181489997,42.174999999999997
2802,167898786245082,"[""hex-band"",33,5,21]",344.37500181489997,54.225000000000001
