export_index,mirror_id,position_key,x,y
1,225977427565346,"[""ring1"",""active"",0]",100.2657113036,-93.1416374569
2,98461791273696,"[""ring1"",""active"",1]",98.397950812100007,-79.552670688199996
3,146546269447317,"[""ring1"",""active"",2]",94.697222672899997,-66.3445989768
4,91816430395141,"[""ring1"",""active"",3]",89.232464449399998,-53.763463708000003
5,231364419112210,"[""ring1"",""active"",4]",82.105474247499998,-42.043627627500001
6,186914820487113,"[""ring1"",""active"",5]",73.449014410000004,-31.4034091065
7,218691133102543,"[""ring1"",""active"",6]",63.424338404799997,-22.0410152842
8,249518401681586,"[""ring1"",""active"",7]",52.218186978600002,-14.1308498431
9,257081424862060,"[""ring1"",""active"",8]",40.039309529500002,-7.8202641987000003
10,462329393670,"[""ring1"",""active"",9]",27.114575501299999,-3.2268126215000001
11,136638878541845,"[""ring1"",""active"",10]",13.684748234200001,-0.4360624233
12,113440114950139,"[""ring1"",""active"",11]",0,0.5
13,189893974123011,"[""ring1"",""active"",12]",-13.684748234200001,-0.4360624233
14,259292959545620,"[""ring1"",""active"",13]",-27.114575501299999,-3.2268126215000001
15,199461450372935,"[""ring1"",""active"",14]",-40.039309529500002,-7.8202641987000003
16,53150555964577,"[""ring1"",""active"",15]",-52.218186978600002,-14.1308498431
17,182181300776484,"[""ring1"",""active"",16]",-63.424338404799997,-22.0410152842
18,36828647183504,"[""ring1"",""active"",17]",-73.449014410000004,-31.4034091065
19,245044142097057,"[""ring1"",""active"",18]",-82.105474247499998,-42.043627627500001
20,164989153111639,"[""ring1"",""active"",19]",-89.232464449399998,-53.763463708000003
21,82757952312123,"[""ring1"",""active"",20]",-94.697222672899997,-66.3445989768
22,264367324792324,"[""ring1"",""active"",21]",-98.397950812100007,-79.552670688199996
23,96077426024455,"[""ring1"",""active"",22]",-100.2657113036,-93.1416374569
24,175280640722083,"[""ring1"",""active"",23]",-100.2657113036,-106.8583625431
25,271289438101252,"[""ring1"",""active"",24]",-98.397950812100007,-120.4473293118
26,22151644413009,"[""ring1"",""active"",25]",-94.697222672899997,-133.6554010232
27,54785332350034,"[""ring1"",""active"",26]",-89.232464449399998,-146.23653629200001
28,37097415433566,"[""ring1"",""active"",27]",-82.105474247499998,-157.9563723725
29,7974149837147,"[""ring1"",""active"",28]",-73.449014410000004,-168.59659089350001
30,159066063835249,"[""ring1"",""active"",29]",-63.424338404799997,-177.9589847158
31,227814935923795,"[""ring1"",""active"",30]",-52.218186978600002,-185.86915015689999
32,112737315580354,"[""ring1"",""active"",31]",-40.039309529500002,-192.17973580130001
33,279057199714791,"[""ring1"",""active"",32]",-27.114575501299999,-196.77318737850001
34,104555532071604,"[""ring1"",""active"",33]",-13.684748234200001,-199.5639375767
35,114636202083057,"[""ring1"",""active"",34]",-0,-200.5
36,166816355597687,"[""ring1"",""active"",35]",13.684748234200001,-199.5639375767
37,196871639851600,"[""ring1"",""active"",36]",27.114575501299999,-196.77318737850001
38,163201643135464,"[""ring1"",""active"",37]",40.039309529500002,-192.17973580130001
39,141087017475327,"[""ring1"",""active"",38]",52.218186978600002,-185.86915015689999
40,274460507970912,"[""ring1"",""active"",39]",63.424338404799997,-177.9589847158
41,211658257369416,"[""ring1"",""active"",40]",73.449014410000004,-168.59659089350001
42,25256560694987,"[""ring1"",""active"",41]",82.105474247499998,-157.9563723725
43,111109889874469,"[""ring1"",""active"",42]",89.232464449399998,-146.23653629200001
44,248359595964128,"[""ring1"",""active"",43]",94.697222672899997,-133.6554010232
45,232550607584963,"[""ring1"",""active"",44]",98.397950812100007,-120.4473293118
46,8954556596020,"[""ring1"",""active"",45]",100.2657113036,-106.8583625431
47,118963306441431,"[""ring2"",""active"",0]",113.8638818214,-93.112504041999998
48,166210091923763,"[""ring2"",""active"",1]",112.2034900253,-79.437947326499994
49,117307025828046,"[""ring2"",""active"",2]",108.9069186844,-66.063231640599994
50,31761126237247,"[""ring2"",""active"",3]",104.022239232,-53.183390456399998
51,8755066053518,"[""ring2"",""active"",4]",97.620681293999993,-40.986240861100001
52,26147884959761,"[""ring2"",""active"",5]",89.795593999999994,-29.649644761499999
53,113321123638128,"[""ring2"",""active"",6]",80.661084743499998,-19.338915256500002
54,146421478213383,"[""ring2"",""active"",7]",70.350355238500001,-10.204406000000001
55,209994560452606,"[""ring2"",""active"",8]",59.013759138899999,-2.3793187059999998
56,52342416943538,"[""ring2"",""active"",9]",46.816609543600002,4.0222392320000004
57,200784994231433,"[""ring2"",""active"",10]",33.936768359399998,8.9069186844000008
58,91357866436445,"[""ring2"",""active"",11]",20.562052673499998,12.203490025300001
59,198849746917301,"[""ring2"",""active"",12]",6.8874959579999997,13.8638818214
60,195368130266985,"[""ring2"",""active"",13]",-6.8874959579999997,13.8638818214
61,150101175004650,"[""ring2"",""active"",14]",-20.562052673499998,12.203490025300001
62,24350496598495,"[""ring2"",""active"",15]",-33.936768359399998,8.9069186844000008
63,111513192711181,"[""ring2"",""active"",16]",-46.816609543600002,4.0222392320000004
64,183037382441518,"[""ring2"",""active"",17]",-59.013759138899999,-2.3793187059999998
65,224334105978858,"[""ring2"",""active"",18]",-70.350355238500001,-10.204406000000001
66,240661364293959,"[""ring2"",""active"",19]",-80.661084743499998,-19.338915256500002
67,206103613447385,"[""ring2"",""active"",20]",-89.795593999999994,-29.649644761499999
68,205049209907177,"[""ring2"",""active"",21]",-97.620681293999993,-40.986240861100001
69,140036588241521,"[""ring2"",""active"",22]",-104.022239232,-53.183390456399998
70,178109332024333,"[""ring2"",""active"",23]",-108.9069186844,-66.063231640599994
71,147447801650378,"[""ring2"",""active"",24]",-112.2034900253,-79.437947326499994
72,186058987222788,"[""ring2"",""active"",25]",-113.8638818214,-93.112504041999998
73,15063983504382,"[""ring2"",""active"",26]",-113.8638818214,-106.887495958
74,82820283973980,"[""ring2"",""active"",27]",-112.2034900253,-120.56205267350001
75,4812291460678,"[""ring2"",""active"",28]",-108.9069186844,-133.93676835939999
76,254876129109843,"[""ring2"",""active"",29]",-104.022239232,-146.81660954360001
77,52090938489001,"[""ring2"",""active"",30]",-97.620681293999993,-159.01375913890001
78,276426639245006,"[""ring2"",""active"",31]",-89.795593999999994,-170.35035523849999
79,150770518482208,"[""ring2"",""active"",32]",-80.661084743499998,-180.6610847435
80,65908650420079,"[""ring2"",""active"",33]",-70.350355238500001,-189.79559399999999
81,238391778599238,"[""ring2"",""active"",34]",-59.013759138899999,-197.62068129400001
82,187322721507181,"[""ring2"",""active"",35]",-46.816609543600002,-204.022239232
83,75900330232157,"[""ring2"",""active"",36]",-33.936768359399998,-208.90691868440001
84,56946199260712,"[""ring2"",""active"",37]",-20.562052673499998,-212.2034900253
85,155089634456550,"[""ring2"",""active"",38]",-6.8874959579999997,-213.86388182140001
86,273285650791107,"[""ring2"",""active"",39]",6.8874959579999997,-213.86388182140001
87,251067079882723,"[""ring2"",""active"",40]",20.562052673499998,-212.2034900253
88,13564978797403,"[""ring2"",""active"",41]",33.936768359399998,-208.90691868440001
89,94878253318120,"[""ring2"",""active"",42]",46.816609543600002,-204.022239232
90,207197014732390,"[""ring2"",""active"",43]",59.013759138899999,-197.62068129400001
91,203533647948113,"[""ring2"",""active"",44]",70.350355238500001,-189.79559399999999
92,82706652683496,"[""ring2"",""active"",45]",80.661084743499998,-180.6610847435
93,5167778211505,"[""ring2"",""active"",46]",89.795593999999994,-170.35035523849999
94,255403182698697,"[""ring2"",""active"",47]",97.620681293999993,-159.01375913890001
95,82825078268065,"[""ring2"",""active"",48]",104.022239232,-146.81660954360001
96,260003801076989,"[""ring2"",""active"",49]",108.9069186844,-133.93676835939999
97,100092810805523,"[""ring2"",""active"",50]",112.2034900253,-120.56205267350001
98,29530510557746,"[""ring2"",""active"",51]",113.8638818214,-106.887495958
99,59555902021457,"[""ring3"",""active"",0]",127.463089607,-93.206508714400002
100,155037580514219,"[""ring3"",""active"",1]",126.0188818701,-79.696499114100007
101,110538863576565,"[""ring3"",""active"",2]",123.14682984700001,-66.416536291699998
102,21100493715803,"[""ring3"",""active"",3]",118.87947503469999,-53.517087532399998
103,269401024120553,"[""ring3"",""active"",4]",113.26516826850001,-41.144308744999996
104,24001370476862,"[""ring3"",""active"",5]",106.3675218874,-29.438388456999999
105,85543209124447,"[""ring3"",""active"",6]",98.264688980900004,-18.5319594228
106,43223118027071,"[""ring3"",""active"",7]",89.048477883800004,-8.5485958413999992
107,25623575773241,"[""ring3"",""active"",8]",78.823311950199994,0.39858678889999999
108,42003389714630,"[""ring3"",""active"",9]",67.705046396,8.2082133134999999
109,173233600349033,"[""ring3"",""active"",10]",55.819655612699997,14.7917975436
110,166617546774744,"[""ring3"",""active"",11]",43.301805826799999,20.074744839000001
111,178831113494194,"[""ring3"",""active"",12]",30.2933292783,23.997197295900001
112,28095630898990,"[""ring3"",""active"",13]",16.9416172046,26.514711960700001
113,19801002341314,"[""ring3"",""active"",14]",3.3979498384000002,27.598764386199999
114,58685437539979,"[""ring3"",""active"",15]",-10.1842176572,27.237071825400001
115,17543371511003,"[""ring3"",""active"",16]",-23.650993897399999,25.433732399499998
116,46877405992558,"[""ring3"",""active"",17]",-36.849794926199998,22.209178664700001
117,273908240264989,"[""ring3"",""active"",18]",-49.6310730541,17.599946103299999
118,161842297312095,"[""ring3"",""active"",19]",-61.850011292700003,11.658259162
119,231218104024720,"[""ring3"",""active"",20]",-73.368164189400005,4.4514395279999999
120,205055244769105,"[""ring3"",""active"",21]",-84.055026469400005,-3.9388566525000002
121,191462345087505,"[""ring3"",""active"",22]",-93.789511712800007,-13.4175639712
122,265632588695131,"[""ring3"",""active"",23]",-102.4613243121,-23.8772848867
123,276076003264301,"[""ring3"",""active"",24]",-109.9722091654,-35.199506581500003
124,130320065610047,"[""ring3"",""active"",25]",-116.23706494629999,-47.255943759799997
125,59230288788533,"[""ring3"",""active"",26]",-121.18490833529999,-59.909992170700001
126,226518258385086,"[""ring3"",""active"",27]",-124.75967828989999,-73.0182763894
127,81015478178530,"[""ring3"",""active"",28]",-126.920871238,-86.432274317999997
128,210566870952543,"[""ring3"",""active"",29]",-127.64400000000001,-100
129,3505673751328,"[""ring3"",""active"",30]",-126.920871238,-113.567725682
130,253362427386527,"[""ring3"",""active"",31]",-124.75967828989999,-126.9817236106
131,76531743404135,"[""ring3"",""active"",32]",-121.18490833529999,-140.09000782929999
132,195453761152477,"[""ring3"",""active"",33]",-116.23706494629999,-152.7440562402
133,63322776522913,"[""ring3"",""active"",34]",-109.9722091654,-164.8004934185
134,113370853181240,"[""ring3"",""active"",35]",-102.4613243121,-176.12271511329999
135,268794731500274,"[""ring3"",""active"",36]",-93.789511712800007,-186.5824360288
136,48292612333692,"[""ring3"",""active"",37]",-84.055026469400005,-196.06114334750001
137,104208630898379,"[""ring3"",""active"",38]",-73.368164189400005,-204.45143952800001
138,127018589188985,"[""ring3"",""active"",39]",-61.850011292700003,-211.65825916200001
139,244169488799987,"[""ring3"",""active"",40]",-49.6310730541,-217.5999461033
140,148935662595744,"[""ring3"",""active"",41]",-36.849794926199998,-222.2091786647
141,199967798838602,"[""ring3"",""active"",42]",-23.650993897399999,-225.4337323995
142,121681998251905,"[""ring3"",""active"",43]",-10.1842176572,-227.23707182539999
143,182935117419065,"[""ring3"",""active"",44]",3.3979498384000002,-227.5987643862
144,86274112702088,"[""ring3"",""active"",45]",16.9416172046,-226.5147119607
145,244499907031112,"[""ring3"",""active"",46]",30.2933292783,-223.99719729590001
146,222166567313161,"[""ring3"",""active"",47]",43.301805826799999,-220.074744839
147,267749192257242,"[""ring3"",""active"",48]",55.819655612699997,-214.79179754360001
148,13950193364604,"[""ring3"",""active"",49]",67.705046396,-208.20821331350001
149,272467347277926,"[""ring3"",""active"",50]",78.823311950199994,-200.39858678889999
150,11858837470873,"[""ring3"",""active"",51]",89.048477883800004,-191.45140415860001
151,189466156649008,"[""ring3"",""active"",52]",98.264688980900004,-181.46804057719999
152,76442142729759,"[""ring3"",""active"",53]",106.3675218874,-170.561611543
153,250969228161012,"[""ring3"",""active"",54]",113.26516826850001,-158.85569125500001
154,184232455508123,"[""ring3"",""active"",55]",118.87947503469999,-146.48291246759999
155,42226490475413,"[""ring3"",""active"",56]",123.14682984700001,-133.5834637083
156,144422509818658,"[""ring3"",""active"",57]",126.0188818701,-120.30350088589999
157,98077237719699,"[""ring3"",""active"",58]",127.463089607,-106.7934912856
158,5424059042925,"[""ring4"",""active"",0]",141.0510917444,-93.177377796900004
159,184631012827970,"[""ring4"",""active"",1]",139.73413570490001,-79.595834375999999
160,190689089557200,"[""ring4"",""active"",2]",137.11251968959999,-66.204799152000007
161,236894004599218,"[""ring4"",""active"",3]",133.21072102100001,-53.129300612599998
162,146448383842108,"[""ring4"",""active"",4]",128.06516974190001,-40.491421164800002
163,104860549194081,"[""ring4"",""active"",5]",121.7239084781,-28.409157283900001
164,5389593131496,"[""ring4"",""active"",6]",114.24614387770001,-16.995317812300001
165,88418679951807,"[""ring4"",""active"",7]",105.7016938137,-6.3564706939000004
166,249409769455279,"[""ring4"",""active"",8]",96.170335514399994,3.4080520223000002
167,44101727948432,"[""ring4"",""active"",9]",85.741060704099993,12.2070816185
168,61639682505539,"[""ring4"",""active"",10]",74.511244711700002,19.958463926099999
169,48148122241354,"[""ring4"",""active"",11]",62.5857373033,26.589826377200001
170,229813584610610,"[""ring4"",""active"",12]",50.075883728599997,32.039253727099997
171,192150591661156,"[""ring4"",""active"",13]",37.098485119700001,36.255866140999998
172,21417868438074,"[""ring4"",""active"",14]",23.774707950900002,39.200294244799998
173,178315088531963,"[""ring4"",""active"",15]",10.2289527396,40.845046706799998
174,197963288963277,"[""ring4"",""active"",16]",-3.4123074472999999,41.174766916300001
175,212266651691770,"[""ring4"",""active"",17]",-17.021707838899999,40.186376364600001
176,143717716437285,"[""ring4"",""active"",18]",-30.472181130799999,37.889103388000002
177,154191620653451,"[""ring4"",""active"",19]",-43.638143877700003,34.3043970051
178,243286050297014,"[""ring4"",""active"",20]",-56.396669032799998,29.465726653800001
179,135187365860870,"[""ring4"",""active"",21]",-68.628633684500002,23.418269695399999
180,84394000815830,"[""ring4"",""active"",22]",-80.219831274399994,16.218489605999999
181,196795816969926,"[""ring4"",""active"",23]",-91.062037913799998,7.9336087926000003
182,62752732012976,"[""ring4"",""active"",24]",-101.05402284039999,-1.3590190449999999
183,262689507356988,"[""ring4"",""active"",25]",-110.1024935834,-11.572631144400001
184,231588664315353,"[""ring4"",""active"",26]",-118.1229670093,-22.611865761400001
185,58670018595032,"[""ring4"",""active"",27]",-125.0405581186,-34.3736525367
186,56146106527894,"[""ring4"",""active"",28]",-130.7906792272,-46.748174836099999
187,98821130631326,"[""ring4"",""active"",29]",-135.3196430035,-59.619895079300001
188,167574568333979,"[""ring4"",""active"",30]",-138.58516373290001,-72.868633482199996
189,28634006172748,"[""ring4"",""active"",31]",-140.55675212829999,-86.370690144099996
190,271869694795325,"[""ring4"",""active"",32]",-141.21600000000001,-100
191,137894532284547,"[""ring4"",""active"",33]",-140.55675212829999,-113.6293098559
192,109821404521477,"[""ring4"",""active"",34]",-138.58516373290001,-127.1313665178
193,164092274472377,"[""ring4"",""active"",35]",-135.3196430035,-140.38010492070001
194,177578951612703,"[""ring4"",""active"",36]",-130.7906792272,-153.25182516390001
195,102808210306553,"[""ring4"",""active"",37]",-125.0405581186,-165.62634746329999
196,186356616046128,"[""ring4"",""active"",38]",-118.1229670093,-177.3881342386
197,90336894231343,"[""ring4"",""active"",39]",-110.1024935834,-188.42736885560001
198,110974730378632,"[""ring4"",""active"",40]",-101.05402284039999,-198.640980955
199,189460664477081,"[""ring4"",""active"",41]",-91.062037913799998,-207.93360879260001
200,174627487827072,"[""ring4"",""active"",42]",-80.219831274399994,-216.21848960599999
201,12666634866111,"[""ring4"",""active"",43]",-68.628633684500002,-223.4182696954
202,264137056305333,"[""ring4"",""active"",44]",-56.396669032799998,-229.4657266538
203,157926074659033,"[""ring4"",""active"",45]",-43.638143877700003,-234.30439700509999
204,188394866474283,"[""ring4"",""active"",46]",-30.472181130799999,-237.889103388
205,273110110346102,"[""ring4"",""active"",47]",-17.021707838899999,-240.18637636459999
206,86286860731454,"[""ring4"",""active"",48]",-3.4123074472999999,-241.1747669163
207,213624765757933,"[""ring4"",""active"",49]",10.2289527396,-240.84504670679999
208,134127273969171,"[""ring4"",""active"",50]",23.774707950900002,-239.20029424480001
209,117092707444576,"[""ring4"",""active"",51]",37.098485119700001,-236.25586614100001
210,89888352884877,"[""ring4"",""active"",52]",50.075883728599997,-232.0392537271
211,148741488918137,"[""ring4"",""active"",53]",62.5857373033,-226.58982637720001
212,31140464893598,"[""ring4"",""active"",54]",74.511244711700002,-219.95846392609999
213,157861437555367,"[""ring4"",""active"",55]",85.741060704099993,-212.20708161850001
214,174967414936778,"[""ring4"",""active"",56]",96.170335514399994,-203.40805202230001
215,158805511150832,"[""ring4"",""active"",57]",105.7016938137,-193.64352930609999
216,31065264203047,"[""ring4"",""active"",58]",114.24614387770001,-183.00468218770001
217,107117089717890,"[""ring4"",""active"",59]",121.7239084781,-171.59084271610001
218,166642483298093,"[""ring4"",""active"",60]",128.06516974190001,-159.50857883520001
219,138840614426827,"[""ring4"",""active"",61]",133.21072102100001,-146.87069938740001
220,193394635713193,"[""ring4"",""active"",62]",137.11251968959999,-133.79520084800001
221,274420313286902,"[""ring4"",""active"",63]",139.73413570490001,-120.404165624
222,176401512941857,"[""ring4"",""active"",64]",141.0510917444,-106.8226222031
223,23520626475590,"[""ring5"",""active"",0]",154.6364976106,-93.153208727099994
224,222353045440909,"[""ring5"",""active"",1]",153.4262573529,-79.5132116061
225,13627925224066,"[""ring5"",""active"",2]",151.0152486083,-66.033551381400002
226,261600412324865,"[""ring5"",""active"",3]",147.42234078940001,-52.819724670600003
227,155123218978573,"[""ring5"",""active"",4]",142.67565327130001,-39.975147583499997
228,139126295387140,"[""ring5"",""active"",5]",136.81233531940001,-27.600346351300001
229,17104254734932,"[""ring5"",""active"",6]",129.87827534670001,-15.792170572
230,257202337253132,"[""ring5"",""active"",7]",121.9277417739,-4.6430352311999998
231,20256286585924,"[""ring5"",""active"",8]",113.02295830600001,5.7598025705999998
232,226842049771351,"[""ring5"",""active"",9]",103.2336169471,15.3349265228
233,22306274976552,"[""ring5"",""active"",10]",92.6363325664,24.0073982981
234,8522133503955,"[""ring5"",""active"",11]",81.314043282300005,31.709344046199998
235,109224736450407,"[""ring5"",""active"",12]",69.355361359900002,38.380485599099998
236,192014594872712,"[""ring5"",""active"",13]",56.853879699300002,43.968612229000001
237,5788196010393,"[""ring5"",""active"",14]",43.907439344799997,48.429989268299998
238,227952558828436,"[""ring5"",""active"",15]",30.617363745500001,51.729700392799998
239,152308738858516,"[""ring5"",""active"",16]",17.087665762299999,53.841920888899999
240,213125153228881,"[""ring5"",""active"",17]",3.4242336262999999,54.750119767599998
241,71269691663161,"[""ring5"",""active"",18]",-10.265997780699999,54.447189141000003
242,156249175796049,"[""ring5"",""active"",19]",-23.8758838358,52.935499852299998
243,202748898602645,"[""ring5"",""active"",20]",-37.298908727899999,50.2268829195
244,43945525603687,"[""ring5"",""active"",21]",-50.430019087399998,46.342536942800002
245,73207654735822,"[""ring5"",""active"",22]",-63.166446171899999,41.312862195900003
246,5758917734907,"[""ring5"",""active"",23]",-75.408510171000003,35.177222703299996
247,97876239973797,"[""ring5"",""active"",24]",-87.060400335300002,27.983638162999998
248,33095221570398,"[""ring5"",""active"",25]",-98.030924826200007,19.788408127499999
249,277111629805253,"[""ring5"",""active"",26]",-108.2342244151,10.6556713832
250,52709217833209,"[""ring5"",""active"",27]",-117.59044444849999,0.65690397789999999
251,245682835225288,"[""ring5"",""active"",28]",-126.02635981909999,-10.129640176800001
252,125292141479106,"[""ring5"",""active"",29]",-133.47594805119999,-21.6195417478
253,94762750622421,"[""ring5"",""active"",30]",-139.88090601650001,-33.722876676799999
254,75994957899253,"[""ring5"",""active"",31]",-145.19110623469999,-46.344919957599998
255,20004688814997,"[""ring5"",""active"",32]",-149.3649891892,-59.386886988000001
256,175860044824892,"[""ring5"",""active"",33]",-152.3698885867,-72.746706693099995
257,183972625240563,"[""ring5"",""active"",34]",-154.18228701530001,-86.319820369599995
258,238480623597105,"[""ring5"",""active"",35]",-154.78800000000001,-100
259,123379877610518,"[""ring5"",""active"",36]",-154.18228701530001,-113.6801796304
260,239283752301026,"[""ring5"",""active"",37]",-152.3698885867,-127.25329330690001
261,183370882837706,"[""ring5"",""active"",38]",-149.3649891892,-140.61311301200001
262,175759257811417,"[""ring5"",""active"",39]",-145.19110623469999,-153.65508004239999
263,85670323711507,"[""ring5"",""active"",40]",-139.88090601650001,-166.27712332319999
264,192077555300193,"[""ring5"",""active"",41]",-133.47594805119999,-178.38045825219999
265,72709185471645,"[""ring5"",""active"",42]",-126.02635981909999,-189.8703598232
266,72248347403569,"[""ring5"",""active"",43]",-117.59044444849999,-200.65690397789999
267,191260267335111,"[""ring5"",""active"",44]",-108.2342244151,-210.6556713832
268,83628581397731,"[""ring5"",""active"",45]",-98.030924826200007,-219.78840812749999
269,83195177570344,"[""ring5"",""active"",46]",-87.060400335300002,-227.98363816299999
270,60631607472577,"[""ring5"",""active"",47]",-75.408510171000003,-235.1772227033
271,52503766025382,"[""ring5"",""active"",48]",-63.166446171899999,-241.31286219590001
272,217241937472025,"[""ring5"",""active"",49]",-50.430019087399998,-246.3425369428
273,121174415326769,"[""ring5"",""active"",50]",-37.298908727899999,-250.22688291950001
274,104047867091438,"[""ring5"",""active"",51]",-23.8758838358,-252.93549985230001
275,214778283416061,"[""ring5"",""active"",52]",-10.265997780699999,-254.447189141
276,234678724139405,"[""ring5"",""active"",53]",3.4242336262999999,-254.75011976760001
277,173585238361232,"[""ring5"",""active"",54]",17.087665762299999,-253.84192088890001
278,270449284997860,"[""ring5"",""active"",55]",30.617363745500001,-251.7297003928
279,256100742887971,"[""ring5"",""active"",56]",43.907439344799997,-248.42998926830001
280,81250924882693,"[""ring5"",""active"",57]",56.853879699300002,-243.968612229
281,155366379369128,"[""ring5"",""active"",58]",69.355361359900002,-238.38048559910001
282,250091917024527,"[""ring5"",""active"",59]",81.314043282300005,-231.70934404619999
283,161047720681361,"[""ring5"",""active"",60]",92.6363325664,-224.00739829809999
284,271279813364339,"[""ring5"",""active"",61]",103.2336169471,-215.3349265228
285,55992506942994,"[""ring5"",""active"",62]",113.02295830600001,-205.75980257059999
286,98626777492812,"[""ring5"",""active"",63]",121.9277417739,-195.3569647688
287,280366544408847,"[""ring5"",""active"",64]",129.87827534670001,-184.207829428
288,247862487429520,"[""ring5"",""active"",65]",136.81233531940001,-172.3996536487
289,113428781052480,"[""ring5"",""active"",66]",142.67565327130001,-160.02485241650001
290,186944288805866,"[""ring5"",""active"",67]",147.42234078940001,-147.18027532939999
291,62639937718710,"[""ring5"",""active"",68]",151.0152486083,-133.9664486186
292,181048829255108,"[""ring5"",""active"",69]",153.4262573529,-120.4867883939
293,238349268831454,"[""ring5"",""active"",70]",154.6364976106,-106.84679127290001
294,15633397888638,"[""ring6"",""active"",0]",168.21989069770001,-93.132833650699993
295,3618394902825,"[""ring6"",""active"",1]",167.10041507939999,-79.444200811100004
296,66424263510672,"[""ring6"",""active"",2]",164.86891376840001,-65.892363423600003
297,257966886653104,"[""ring6"",""active"",3]",161.5402370377,-52.567506730200002
298,153079224300172,"[""ring6"",""active"",4]",157.1365366819,-39.558305453700001
299,172708008851399,"[""ring6"",""active"",5]",151.68711860010001,-26.951333682200001
300,201027126862124,"[""ring6"",""active"",6]",145.22824777060001,-14.830488732799999
301,97077543497017,"[""ring6"",""active"",7]",137.80290691319999,-3.276432829
302,173356775268481,"[""ring6"",""active"",8]",129.46051044609999,7.6339436935
303,203453305678702,"[""ring6"",""active"",9]",120.25657564159999,17.828034079199998
304,30604529686480,"[""ring6"",""active"",10]",110.252353167,27.237998338299999
305,74175571152741,"[""ring6"",""active"",11]",99.514419472499995,35.801214711199997
306,7294419471254,"[""ring6"",""active"",12]",88.114233735200003,43.460696405900002
307,72501091431243,"[""ring6"",""active"",13]",76.127662310100007,50.165470835299999
308,125008252351536,"[""ring6"",""active"",14]",63.634473852600003,55.870918831899999
309,82741542558678,"[""ring6"",""active"",15]",50.717808470500003,60.539071580600002
310,136347579096247,"[""ring6"",""active"",16]",37.463624440899999,64.138863294900005
311,204917347607831,"[""ring6"",""active"",17]",23.960126171700001,66.646337955099995
312,90721195782871,"[""ring6"",""active"",18]",10.297177216,68.0448087308
313,19437795711162,"[""ring6"",""active"",19]",-3.4342977551999998,68.324969029900004
314,8742095329409,"[""ring6"",""active"",20]",-17.1429180415,67.484954431800006
315,171071219876311,"[""ring6"",""active"",21]",-30.737455036499998,65.530355095000004
316,193133937668178,"[""ring6"",""active"",22]",-44.127439339600002,62.474178555599998
317,46566491873461,"[""ring6"",""active"",23]",-57.223762814399997,58.336763164300002
318,31492300519486,"[""ring6"",""active"",24]",-69.939271589000001,53.145642737899998
319,24546376086534,"[""ring6"",""active"",25]",-82.189346050300003,46.935363326299999
320,133965456100379,"[""ring6"",""active"",26]",-93.892463973900007,39.747253314399998
321,278872408392949,"[""ring6"",""active"",27]",-104.9707430409,31.629148388299999
322,190393026479347,"[""ring6"",""active"",28]",-115.350459132,22.635073197000001
323,170312264844696,"[""ring6"",""active"",29]",-124.962536949,12.824881827
324,192903510103468,"[""ring6"",""active"",30]",-133.74300969999999,2.2638594832000001
325,204096031368815,"[""ring6"",""active"",31]",-141.6334447875,-8.9777119731999999
326,68236790755907,"[""ring6"",""active"",32]",-148.5813326677,-20.825021738699999
327,175706828718013,"[""ring6"",""active"",33]",-154.54043629329999,-33.199227921599999
328,152553411453083,"[""ring6"",""active"",34]",-159.47109881270001,-46.017982221300002
329,136600615361312,"[""ring6"",""active"",35]",-163.34050748039999,-59.195977943000003
330,62373048652962,"[""ring6"",""active"",36]",-166.1229120202,-72.645517699199999
331,181856645093371,"[""ring6"",""active"",37]",-167.7997959887,-86.277097022000007
332,130293704323625,"[""ring6"",""active"",38]",-168.36000000000001,-100
333,61753894552097,"[""ring6"",""active"",39]",-167.7997959887,-113.72290297799999
334,89052692619480,"[""ring6"",""active"",40]",-166.1229120202,-127.3544823008
335,110421658250941,"[""ring6"",""active"",41]",-163.34050748039999,-140.804022057
336,237887334612196,"[""ring6"",""active"",42]",-159.47109881270001,-153.9820177787
337,6774256656513,"[""ring6"",""active"",43]",-154.54043629329999,-166.8007720784
338,1461599247815,"[""ring6"",""active"",44]",-148.5813326677,-179.1749782613
339,113080086478275,"[""ring6"",""active"",45]",-141.6334447875,-191.0222880268
340,275076801571628,"[""ring6"",""active"",46]",-133.74300969999999,-202.26385948320001
341,219525186125527,"[""ring6"",""active"",47]",-124.962536949,-212.82488182700001
342,256415157047643,"[""ring6"",""active"",48]",-115.350459132,-222.635073197
343,105765501990854,"[""ring6"",""active"",49]",-104.9707430409,-231.6291483883
344,233392164539072,"[""ring6"",""active"",50]",-93.892463973900007,-239.74725331440001
345,121780138828961,"[""ring6"",""active"",51]",-82.189346050300003,-246.93536332630001
346,123535355556610,"[""ring6"",""active"",52]",-69.939271589000001,-253.1456427379
347,41644475214493,"[""ring6"",""active"",53]",-57.223762814399997,-258.33676316430001
348,232600081420609,"[""ring6"",""active"",54]",-44.127439339600002,-262.47417855560002
349,184013294735046,"[""ring6"",""active"",55]",-30.737455036499998,-265.530355095
350,246913989650040,"[""ring6"",""active"",56]",-17.1429180415,-267.48495443180002
351,142277293781531,"[""ring6"",""active"",57]",-3.4342977551999998,-268.32496902989999
352,15539963977653,"[""ring6"",""active"",58]",10.297177216,-268.04480873080001
353,50027054714596,"[""ring6"",""active"",59]",23.960126171700001,-266.64633795510002
354,8968266447559,"[""ring6"",""active"",60]",37.463624440899999,-264.13886329489998
355,249035387025584,"[""ring6"",""active"",61]",50.717808470500003,-260.53907158060002
356,76221010187168,"[""ring6"",""active"",62]",63.634473852600003,-255.87091883190001
357,148413189653386,"[""ring6"",""active"",63]",76.127662310100007,-250.1654708353
358,176562161909927,"[""ring6"",""active"",64]",88.114233735200003,-243.46069640589999
359,46369425058666,"[""ring6"",""active"",65]",99.514419472499995,-235.8012147112
360,85685822949842,"[""ring6"",""active"",66]",110.252353167,-227.2379983383
361,148816550349384,"[""ring6"",""active"",67]",120.25657564159999,-217.82803407919999
362,51096767258723,"[""ring6"",""active"",68]",129.46051044609999,-207.63394369349999
363,174982740500412,"[""ring6"",""active"",69]",137.80290691319999,-196.72356717100001
364,156109459724971,"[""ring6"",""active"",70]",145.22824777060001,-185.16951126719999
365,279829217726053,"[""ring6"",""active"",71]",151.68711860010001,-173.04866631780001
366,159198802282531,"[""ring6"",""active"",72]",157.1365366819,-160.4416945463
367,170710736352246,"[""ring6"",""active"",73]",161.5402370377,-147.43249326980001
368,109619617615190,"[""ring6"",""active"",74]",164.86891376840001,-134.10763657640001
369,96667164186716,"[""ring6"",""active"",75]",167.10041507939999,-120.5557991889
370,259606036457484,"[""ring6"",""active"",76]",168.21989069770001,-106.86716634930001
371,98704091431607,"[""ring7"",""active"",0]",181.80477582360001,-93.197345242899999
372,139223695998237,"[""ring7"",""active"",1]",180.78804977030001,-79.630078933600004
373,3815330794391,"[""ring7"",""active"",2]",178.7602836083,-66.176729485600006
374,168939197208594,"[""ring7"",""active"",3]",175.73281742840001,-52.912533486400001
375,257718557202517,"[""ring7"",""active"",4]",171.72258204970001,-39.911669700399997
376,197611875643245,"[""ring7"",""active"",5]",166.75200433489999,-27.246844231499999
377,277769438802380,"[""ring7"",""active"",6]",160.8488817711,-14.988883920999999
378,10407145213078,"[""ring7"",""active"",7]",154.04622701400001,-3.2063402553999998
379,79668007178407,"[""ring7"",""active"",8]",146.3820832685,8.0348940017999997
380,216898390126945,"[""ring7"",""active"",9]",137.8993115353,18.671953308700001
381,195311553297786,"[""ring7"",""active"",10]",128.64535091479999,28.645350914800002
382,6707637656343,"[""ring7"",""active"",11]",118.6719533087,37.899311535300001
383,113547112726121,"[""ring7"",""active"",12]",108.0348940018,46.382083268499997
384,111992766214480,"[""ring7"",""active"",13]",96.793659744600006,54.046227014000003
385,154388842427142,"[""ring7"",""active"",14]",85.011116079000004,60.848881771099997
386,188844447436172,"[""ring7"",""active"",15]",72.753155768499994,66.752004334899993
387,240676286273810,"[""ring7"",""active"",16]",60.088330299600003,71.722582049699994
388,193077115442914,"[""ring7"",""active"",17]",47.087466513599999,75.732817428399997
389,165270732462952,"[""ring7"",""active"",18]",33.823270514400001,78.7602836083
390,112275944231314,"[""ring7"",""active"",19]",20.3699210664,80.788049770300006
391,245752944709934,"[""ring7"",""active"",20]",6.8026547571,81.804775823599996
392,202662447900705,"[""ring7"",""active"",21]",-6.8026547571,81.804775823599996
393,154415203091408,"[""ring7"",""active"",22]",-20.3699210664,80.788049770300006
394,249000034967445,"[""ring7"",""active"",23]",-33.823270514400001,78.7602836083
395,105432625421735,"[""ring7"",""active"",24]",-47.087466513599999,75.732817428399997
396,64235322929390,"[""ring7"",""active"",25]",-60.088330299600003,71.722582049699994
397,80583806395388,"[""ring7"",""active"",26]",-72.753155768499994,66.752004334899993
398,221514684970239,"[""ring7"",""active"",27]",-85.011116079000004,60.848881771099997
399,204545893520169,"[""ring7"",""active"",28]",-96.793659744600006,54.046227014000003
400,97550895784992,"[""ring7"",""active"",29]",-108.0348940018,46.382083268499997
401,179768472648573,"[""ring7"",""active"",30]",-118.6719533087,37.899311535300001
402,4663288236199,"[""ring7"",""active"",31]",-128.64535091479999,28.645350914800002
403,278056749230886,"[""ring7"",""active"",32]",-137.8993115353,18.671953308700001
404,49078469715113,"[""ring7"",""active"",33]",-146.3820832685,8.0348940017999997
405,209456995452956,"[""ring7"",""active"",34]",-154.04622701400001,-3.2063402553999998
406,281391758338618,"[""ring7"",""active"",35]",-160.8488817711,-14.988883920999999
407,39867733414405,"[""ring7"",""active"",36]",-166.75200433489999,-27.246844231499999
408,221665518473018,"[""ring7"",""active"",37]",-171.72258204970001,-39.911669700399997
409,235395455773571,"[""ring7"",""active"",38]",-175.73281742840001,-52.912533486400001
410,248140748251892,"[""ring7"",""active"",39]",-178.7602836083,-66.176729485600006
411,130737922101960,"[""ring7"",""active"",40]",-180.78804977030001,-79.630078933600004
412,142947773551174,"[""ring7"",""active"",41]",-181.80477582360001,-93.197345242899999
413,246134825458202,"[""ring7"",""active"",42]",-181.80477582360001,-106.8026547571
414,112355342081427,"[""ring7"",""active"",43]",-180.78804977030001,-120.3699210664
415,168562849537525,"[""ring7"",""active"",44]",-178.7602836083,-133.82327051440001
416,240623476709370,"[""ring7"",""active"",45]",-175.73281742840001,-147.08746651359999
417,179552823553090,"[""ring7"",""active"",46]",-171.72258204970001,-160.08833029959999
418,20451532741646,"[""ring7"",""active"",47]",-166.75200433489999,-172.75315576849999
419,44138025319731,"[""ring7"",""active"",48]",-160.8488817711,-185.011116079
420,87526950589628,"[""ring7"",""active"",49]",-154.04622701400001,-196.79365974460001
421,271874786952402,"[""ring7"",""active"",50]",-146.3820832685,-208.03489400180001
422,99017401013374,"[""ring7"",""active"",51]",-137.8993115353,-218.67195330870001
423,107612685271568,"[""ring7"",""active"",52]",-128.64535091479999,-228.64535091479999
424,210097438333945,"[""ring7"",""active"",53]",-118.6719533087,-237.8993115353
425,201864549490165,"[""ring7"",""active"",54]",-108.0348940018,-246.3820832685
426,120445623188901,"[""ring7"",""active"",55]",-96.793659744600006,-254.04622701400001
427,195350791113158,"[""ring7"",""active"",56]",-85.011116079000004,-260.84888177110003
428,101971248769460,"[""ring7"",""active"",57]",-72.753155768499994,-266.75200433489999
429,158861748357609,"[""ring7"",""active"",58]",-60.088330299600003,-271.72258204970001
430,4014003715286,"[""ring7"",""active"",59]",-47.087466513599999,-275.73281742839998
431,14706700728349,"[""ring7"",""active"",60]",-33.823270514400001,-278.76028360830003
432,74070345870799,"[""ring7"",""active"",61]",-20.3699210664,-280.78804977030001
433,162208365690802,"[""ring7"",""active"",62]",-6.8026547571,-281.80477582359998
434,240940228290301,"[""ring7"",""active"",63]",6.8026547571,-281.80477582359998
435,35689871892062,"[""ring7"",""active"",64]",20.3699210664,-280.78804977030001
436,102525601656100,"[""ring7"",""active"",65]",33.823270514400001,-278.76028360830003
437,228865871761749,"[""ring7"",""active"",66]",47.087466513599999,-275.73281742839998
438,269494860956806,"[""ring7"",""active"",67]",60.088330299600003,-271.72258204970001
439,97910135213203,"[""ring7"",""active"",68]",72.753155768499994,-266.75200433489999
440,194550140205816,"[""ring7"",""active"",69]",85.011116079000004,-260.84888177110003
441,126511770896516,"[""ring7"",""active"",70]",96.793659744600006,-254.04622701400001
442,231552121987345,"[""ring7"",""active"",71]",108.0348940018,-246.3820832685
443,247506303056146,"[""ring7"",""active"",72]",118.6719533087,-237.8993115353
444,102684164402542,"[""ring7"",""active"",73]",128.64535091479999,-228.64535091479999
445,278706186294013,"[""ring7"",""active"",74]",137.8993115353,-218.67195330870001
446,85489333571197,"[""ring7"",""active"",75]",146.3820832685,-208.03489400180001
447,208130067677265,"[""ring7"",""active"",76]",154.04622701400001,-196.79365974460001
448,64146519403722,"[""ring7"",""active"",77]",160.8488817711,-185.011116079
449,222194219887615,"[""ring7"",""active"",78]",166.75200433489999,-172.75315576849999
450,95507527291869,"[""ring7"",""active"",79]",171.72258204970001,-160.08833029959999
451,41593819833030,"[""ring7"",""active"",80]",175.73281742840001,-147.08746651359999
452,148418666345158,"[""ring7"",""active"",81]",178.7602836083,-133.82327051440001
453,181422169739776,"[""ring7"",""active"",82]",180.78804977030001,-120.3699210664
454,26420087111766,"[""ring7"",""active"",83]",181.80477582360001,-106.8026547571
455,103035038586406,"[""ring8"",""active"",0]",195.3849042455,-93.177008796699994
456,47162301186622,"[""ring8"",""active"",1]",194.43300863210001,-79.564267317299993
457,24425660975383,"[""ring8"",""active"",2]",192.53385494490001,-66.051086673399993
458,153621519479959,"[""ring8"",""active"",3]",189.69669566990001,-52.703301722699997
459,140424434400610,"[""ring8"",""active"",4]",185.93535316180001,-39.585941531700001
460,40460452271116,"[""ring8"",""active"",5]",181.2681523032,-26.7629125608
461,253726371640365,"[""ring8"",""active"",6]",175.7178312277,-14.2966873181
462,118483385141232,"[""ring8"",""active"",7]",169.31143054149999,-2.2480000000000002
463,80665172016646,"[""ring8"",""active"",8]",162.08016158480001,9.3244494001000007
464,230879612048369,"[""ring8"",""active"",9]",154.0592543731,20.364281072099999
465,256672054013719,"[""ring8"",""active"",10]",145.2877859601,30.8177100656
466,118704804263222,"[""ring8"",""active"",11]",135.80849005819999,40.633808325399997
467,141175085968341,"[""ring8"",""active"",12]",125.6675488442,49.764752807500003
468,211148652082234,"[""ring8"",""active"",13]",114.9143679642,58.166058468300001
469,183297492580179,"[""ring8"",""active"",14]",103.60133583459999,65.796794990999999
470,56077620833608,"[""ring8"",""active"",15]",91.783568410900003,72.619786194300005
471,227864090595258,"[""ring8"",""active"",16]",79.518640667900002,78.601791151
472,149823144396876,"[""ring8"",""active"",17]",66.866306100700001,83.713666134099995
473,212903673864193,"[""ring8"",""active"",18]",53.8882056116,87.930506602700007
474,135359725410911,"[""ring8"",""active"",19]",40.647567201599998,91.231768533899995
475,148039290650802,"[""ring8"",""active"",20]",27.208897930100001,93.601368511299995
476,153477916426313,"[""ring8"",""active"",21]",13.637669642900001,95.027762081999995
477,11663329182261,"[""ring8"",""active"",22]",0,95.504000000000005
478,55124408669199,"[""ring8"",""active"",23]",-13.637669642900001,95.027762081999995
479,156367101167981,"[""ring8"",""active"",24]",-27.208897930100001,93.601368511299995
480,109111027470527,"[""ring8"",""active"",25]",-40.647567201599998,91.231768533899995
481,186589492827295,"[""ring8"",""active"",26]",-53.8882056116,87.930506602700007
482,234973109690632,"[""ring8"",""active"",27]",-66.866306100700001,83.713666134099995
483,159068333180735,"[""ring8"",""active"",28]",-79.518640667900002,78.601791151
484,3553896438682,"[""ring8"",""active"",29]",-91.783568410900003,72.619786194300005
485,125490996073539,"[""ring8"",""active"",30]",-103.60133583459999,65.796794990999999
486,197296522472290,"[""ring8"",""active"",31]",-114.9143679642,58.166058468300001
487,15471845928098,"[""ring8"",""active"",32]",-125.6675488442,49.764752807500003
488,221332755877106,"[""ring8"",""active"",33]",-135.80849005819999,40.633808325399997
489,142716136045108,"[""ring8"",""active"",34]",-145.2877859601,30.8177100656
490,113991812987888,"[""ring8"",""active"",35]",-154.0592543731,20.364281072099999
491,137127856256707,"[""ring8"",""active"",36]",-162.08016158480001,9.3244494001000007
492,275724049879911,"[""ring8"",""active"",37]",-169.31143054149999,-2.2480000000000002
493,216476624374123,"[""ring8"",""active"",38]",-175.7178312277,-14.2966873181
494,276855416670102,"[""ring8"",""active"",39]",-181.2681523032,-26.7629125608
495,63086328637961,"[""ring8"",""active"",40]",-185.93535316180001,-39.585941531700001
496,80180257145509,"[""ring8"",""active"",41]",-189.69669566990001,-52.703301722699997
497,201068241412195,"[""ring8"",""active"",42]",-192.53385494490001,-66.051086673399993
498,89479408681291,"[""ring8"",""active"",43]",-194.43300863210001,-79.564267317299993
499,26501276598608,"[""ring8"",""active"",44]",-195.3849042455,-93.177008796699994
500,252764545910328,"[""ring8"",""active"",45]",-195.3849042455,-106.82299120330001
501,237539323347336,"[""ring8"",""active"",46]",-194.43300863210001,-120.43573268270001
502,75029977817500,"[""ring8"",""active"",47]",-192.53385494490001,-133.94891332660001
503,224607538536195,"[""ring8"",""active"",48]",-189.69669566990001,-147.29669827730001
504,210764997604661,"[""ring8"",""active"",49]",-185.93535316180001,-160.4140584683
505,46772381161956,"[""ring8"",""active"",50]",-181.2681523032,-173.2370874392
506,62421198131876,"[""ring8"",""active"",51]",-175.7178312277,-185.7033126819
507,235643662284623,"[""ring8"",""active"",52]",-169.31143054149999,-197.75200000000001
508,262819177905100,"[""ring8"",""active"",53]",-162.08016158480001,-209.32444940010001
509,252552166573107,"[""ring8"",""active"",54]",-154.0592543731,-220.3642810721
510,42675663034389,"[""ring8"",""active"",55]",-145.2877859601,-230.81771006560001
511,228157238553140,"[""ring8"",""active"",56]",-135.80849005819999,-240.6338083254
512,34098461380809,"[""ring8"",""active"",57]",-125.6675488442,-249.7647528075
513,60965590524995,"[""ring8"",""active"",58]",-114.9143679642,-258.16605846829998
514,244959290494479,"[""ring8"",""active"",59]",-103.60133583459999,-265.79679499100001
515,60173186848283,"[""ring8"",""active"",60]",-91.783568410900003,-272.61978619429999
516,253936474644625,"[""ring8"",""active"",61]",-79.518640667900002,-278.60179115099999
517,116280888669318,"[""ring8"",""active"",62]",-66.866306100700001,-283.71366613409998
518,114106914944888,"[""ring8"",""active"",63]",-53.8882056116,-287.93050660270001
519,40740589002729,"[""ring8"",""active"",64]",-40.647567201599998,-291.23176853389998
520,51205540404889,"[""ring8"",""active"",65]",-27.208897930100001,-293.6013685113
521,19872357901552,"[""ring8"",""active"",66]",-13.637669642900001,-295.02776208199998
522,189715827529505,"[""ring8"",""active"",67]",-0,-295.50400000000002
523,63005344182816,"[""ring8"",""active"",68]",13.637669642900001,-295.02776208199998
524,128083550342654,"[""ring8"",""active"",69]",27.208897930100001,-293.6013685113
525,138766779980065,"[""ring8"",""active"",70]",40.647567201599998,-291.23176853389998
526,187394656298656,"[""ring8"",""active"",71]",53.8882056116,-287.93050660270001
527,201676767879538,"[""ring8"",""active"",72]",66.866306100700001,-283.71366613409998
528,74078940039340,"[""ring8"",""active"",73]",79.518640667900002,-278.60179115099999
529,12482717360514,"[""ring8"",""active"",74]",91.783568410900003,-272.61978619429999
530,12895439530384,"[""ring8"",""active"",75]",103.60133583459999,-265.79679499100001
531,81516970422050,"[""ring8"",""active"",76]",114.9143679642,-258.16605846829998
532,119517088957190,"[""ring8"",""active"",77]",125.6675488442,-249.7647528075
533,99429861058485,"[""ring8"",""active"",78]",135.80849005819999,-240.6338083254
534,232376188121005,"[""ring8"",""active"",79]",145.2877859601,-230.81771006560001
535,241242393035060,"[""ring8"",""active"",80]",154.0592543731,-220.3642810721
536,19805932009010,"[""ring8"",""active"",81]",162.08016158480001,-209.32444940010001
537,233273024537107,"[""ring8"",""active"",82]",169.31143054149999,-197.75200000000001
538,48147940526515,"[""ring8"",""active"",83]",175.7178312277,-185.7033126819
539,2159862752157,"[""ring8"",""active"",84]",181.2681523032,-173.2370874392
540,159032990764413,"[""ring8"",""active"",85]",185.93535316180001,-160.4140584683
541,249691745359107,"[""ring8"",""active"",86]",189.69669566990001,-147.29669827730001
542,167953906478754,"[""ring8"",""active"",87]",192.53385494490001,-133.94891332660001
543,91552215359534,"[""ring8"",""active"",88]",194.43300863210001,-120.43573268270001
544,106578588540520,"[""ring8"",""active"",89]",195.3849042455,-106.82299120330001
545,125797870279228,"[""ring9"",""active"",0]",208.9640580912,-93.159225039999995
546,194797963855147,"[""ring9"",""active"",1]",208.06924191370001,-79.506968368499997
547,89571561756875,"[""ring9"",""active"",2]",206.283441299,-65.942466004600007
548,168223872581822,"[""ring9"",""active"",3]",203.61430331939999,-52.523803229800002
549,270332021443703,"[""ring9"",""active"",4]",200.07325763349999,-39.308440818299999
550,3423682913562,"[""ring9"",""active"",5]",195.67546754270001,-26.3529689808
551,250743824423220,"[""ring9"",""active"",6]",190.4397650592,-13.7128650366
552,123984057099878,"[""ring9"",""active"",7]",184.38857026490001,-1.4422558513999999
553,109131239212470,"[""ring9"",""active"",8]",177.54779530490001,10.406313942600001
554,60007292473724,"[""ring9"",""active"",9]",169.9467334277,21.782106950300001
555,183922960676722,"[""ring9"",""active"",10]",161.6179335473,32.636410279800003
556,244026363009533,"[""ring9"",""active"",11]",152.5970608634,42.922744137700001
557,134526403365745,"[""ring9"",""active"",12]",142.92274413769999,52.597060863400003
558,271629929750622,"[""ring9"",""active"",13]",132.6364102798,61.617933547299998
559,91866714086023,"[""ring9"",""active"",14]",121.7821069503,69.946733427699996
560,252673504642266,"[""ring9"",""active"",15]",110.40631394259999,77.547795304900006
561,182925999859411,"[""ring9"",""active"",16]",98.557744148599994,84.388570264899997
562,74309374254258,"[""ring9"",""active"",17]",86.287134963400007,90.439765059199999
563,230210593372475,"[""ring9"",""active"",18]",73.6470310192,95.675467542700005
564,13443920988055,"[""ring9"",""active"",19]",60.691559181700001,100.07325763350001
565,208622677056872,"[""ring9"",""active"",20]",47.476196770199998,103.61430331939999
566,39592251780274,"[""ring9"",""active"",21]",34.0575339954,106.283441299
567,12335931589554,"[""ring9"",""active"",22]",20.493031631499999,108.0692419137
568,37921723584664,"[""ring9"",""active"",23]",6.8407749600000001,108.9640580912
569,46532540838939,"[""ring9"",""active"",24]",-6.8407749600000001,108.9640580912
570,221836744379569,"[""ring9"",""active"",25]",-20.493031631499999,108.0692419137
571,163801405267883,"[""ring9"",""active"",26]",-34.0575339954,106.283441299
572,238982923778748,"[""ring9"",""active"",27]",-47.476196770199998,103.61430331939999
573,205745359222780,"[""ring9"",""active"",28]",-60.691559181700001,100.07325763350001
574,162046055810862,"[""ring9"",""active"",29]",-73.6470310192,95.675467542700005
575,16135229903257,"[""ring9"",""active"",30]",-86.287134963400007,90.439765059199999
576,219961057606929,"[""ring9"",""active"",31]",-98.557744148599994,84.388570264899997
577,38238546939468,"[""ring9"",""active"",32]",-110.40631394259999,77.547795304900006
578,275681201462891,"[""ring9"",""active"",33]",-121.7821069503,69.946733427699996
579,211355088550619,"[""ring9"",""active"",34]",-132.6364102798,61.617933547299998
580,221360357038448,"[""ring9"",""active"",35]",-142.92274413769999,52.597060863400003
581,223009927988812,"[""ring9"",""active"",36]",-152.5970608634,42.922744137700001
582,210617608994225,"[""ring9"",""active"",37]",-161.6179335473,32.636410279800003
583,15081599663134,"[""ring9"",""active"",38]",-169.9467334277,21.782106950300001
584,46320946312222,"[""ring9"",""active"",39]",-177.54779530490001,10.406313942600001
585,225269520396524,"[""ring9"",""active"",40]",-184.38857026490001,-1.4422558513999999
586,173457709519417,"[""ring9"",""active"",41]",-190.4397650592,-13.7128650366
587,154323244090370,"[""ring9"",""active"",42]",-195.67546754270001,-26.3529689808
588,179984352001694,"[""ring9"",""active"",43]",-200.07325763349999,-39.308440818299999
589,103164462862684,"[""ring9"",""active"",44]",-203.61430331939999,-52.523803229800002
590,213722942061737,"[""ring9"",""active"",45]",-206.283441299,-65.942466004600007
591,277505777930000,"[""ring9"",""active"",46]",-208.06924191370001,-79.506968368499997
592,270924983377453,"[""ring9"",""active"",47]",-208.9640580912,-93.159225039999995
593,181821888419372,"[""ring9"",""active"",48]",-208.9640580912,-106.84077496
594,156532336352418,"[""ring9"",""active"",49]",-208.06924191370001,-120.4930316315
595,227955277581842,"[""ring9"",""active"",50]",-206.283441299,-134.05753399540001
596,11340136088227,"[""ring9"",""active"",51]",-203.61430331939999,-147.4761967702
597,57652450693941,"[""ring9"",""active"",52]",-200.07325763349999,-160.6915591817
598,123785471648349,"[""ring9"",""active"",53]",-195.67546754270001,-173.6470310192
599,75091553331911,"[""ring9"",""active"",54]",-190.4397650592,-186.28713496340001
600,272340083496617,"[""ring9"",""active"",55]",-184.38857026490001,-198.55774414859999
601,209873485150225,"[""ring9"",""active"",56]",-177.54779530490001,-210.40631394260001
602,60973697421276,"[""ring9"",""active"",57]",-169.9467334277,-221.7821069503
603,91243862051056,"[""ring9"",""active"",58]",-161.6179335473,-232.6364102798
604,107611000919233,"[""ring9"",""active"",59]",-152.5970608634,-242.92274413769999
605,86254612139789,"[""ring9"",""active"",60]",-142.92274413769999,-252.5970608634
606,270522535005507,"[""ring9"",""active"",61]",-132.6364102798,-261.61793354730003
607,74320493226543,"[""ring9"",""active"",62]",-121.7821069503,-269.9467334277
608,196184725122870,"[""ring9"",""active"",63]",-110.40631394259999,-277.54779530489998
609,11587045354879,"[""ring9"",""active"",64]",-98.557744148599994,-284.38857026490001
610,203586314635190,"[""ring9"",""active"",65]",-86.287134963400007,-290.4397650592
611,227591073418422,"[""ring9"",""active"",66]",-73.6470310192,-295.67546754270001
612,157083688824109,"[""ring9"",""active"",67]",-60.691559181700001,-300.07325763350002
613,185510044971820,"[""ring9"",""active"",68]",-47.476196770199998,-303.61430331939999
614,18749223168059,"[""ring9"",""active"",69]",-34.0575339954,-306.283441299
615,192505269951683,"[""ring9"",""active"",70]",-20.493031631499999,-308.06924191370001
616,149755163902934,"[""ring9"",""active"",71]",-6.8407749600000001,-308.9640580912
617,268581028682212,"[""ring9"",""active"",72]",6.8407749600000001,-308.9640580912
618,187245590747074,"[""ring9"",""active"",73]",20.493031631499999,-308.06924191370001
619,99094017082654,"[""ring9"",""active"",74]",34.0575339954,-306.283441299
620,241208998722174,"[""ring9"",""active"",75]",47.476196770199998,-303.61430331939999
621,132733550750949,"[""ring9"",""active"",76]",60.691559181700001,-300.07325763350002
622,147102363113430,"[""ring9"",""active"",77]",73.6470310192,-295.67546754270001
623,248640178524843,"[""ring9"",""active"",78]",86.287134963400007,-290.4397650592
624,151007083847908,"[""ring9"",""active"",79]",98.557744148599994,-284.38857026490001
625,182641311822839,"[""ring9"",""active"",80]",110.40631394259999,-277.54779530489998
626,89551781189199,"[""ring9"",""active"",81]",121.7821069503,-269.9467334277
627,42228713324520,"[""ring9"",""active"",82]",132.6364102798,-261.61793354730003
628,259212033993984,"[""ring9"",""active"",83]",142.92274413769999,-252.5970608634
629,81821775887024,"[""ring9"",""active"",84]",152.5970608634,-242.92274413769999
630,223961144654042,"[""ring9"",""active"",85]",161.6179335473,-232.6364102798
631,29854241787711,"[""ring9"",""active"",86]",169.9467334277,-221.7821069503
632,102537577230001,"[""ring9"",""active"",87]",177.54779530490001,-210.40631394260001
633,276435026690437,"[""ring9"",""active"",88]",184.38857026490001,-198.55774414859999
634,156943680986413,"[""ring9"",""active"",89]",190.4397650592,-186.28713496340001
635,203154318715974,"[""ring9"",""active"",90]",195.67546754270001,-173.6470310192
636,145621433959359,"[""ring9"",""active"",91]",200.07325763349999,-160.6915591817
637,5914374245098,"[""ring9"",""active"",92]",203.61430331939999,-147.4761967702
638,201446661129401,"[""ring9"",""active"",93]",206.283441299,-134.05753399540001
639,201054203457862,"[""ring9"",""active"",94]",208.06924191370001,-120.4930316315
640,250695471417951,"[""ring9"",""active"",95]",208.9640580912,-106.84077496
641,172474163115530,"[""ring10"",""active"",0]",222.544442769,-93.210088612700005
642,199925557887058,"[""ring10"",""active"",1]",221.7165628251,-79.655524754300004
643,279228618000839,"[""ring10"",""active"",2]",220.06388270510001,-66.176643680200002
644,42309364814537,"[""ring10"",""active"",3]",217.59255048770001,-52.823587713000002
645,269370549870250,"[""ring10"",""active"",4]",214.3117596909,-39.646031098100003
646,177128027911657,"[""ring10"",""active"",5]",210.23371507190001,-26.6929952116
647,140196495955528,"[""ring10"",""active"",6]",205.37358722479999,-14.0126661977
648,77902284120045,"[""ring10"",""active"",7]",199.7494561442,-1.6522157132999999
649,274383146580543,"[""ring10"",""active"",8]",193.38224396710001,10.342374554199999
650,233739275243107,"[""ring10"",""active"",9]",186.2956371411,21.926483940899999
651,173313357515596,"[""ring10"",""active"",10]",178.515998309,33.057018799300003
652,49304209612529,"[""ring10"",""active"",11]",170.0722682382,43.692572808500003
653,265830952138703,"[""ring10"",""active"",12]",160.9958581592,53.793581009100002
654,183373277524924,"[""ring10"",""active"",13]",151.32053291349999,63.3224669871
655,5637792400540,"[""ring10"",""active"",14]",141.08228534669999,72.243782660899996
656,269084107532656,"[""ring10"",""active"",15]",130.3192024121,80.524340150200004
657,277164273177310,"[""ring10"",""active"",16]",119.0713234851,88.133335237300003
658,159639930345126,"[""ring10"",""active"",17]",107.38049141410001,95.042461960599994
659,25205170815886,"[""ring10"",""active"",18]",95.290196862299993,101.226017915
660,51186292520246,"[""ring10"",""active"",19]",82.845416519500006,106.6609998662
661,55975604336411,"[""ring10"",""active"",20]",70.092445785899997,111.3271893244
662,44345853330234,"[""ring10"",""active"",21]",57.078726550299997,115.20722775829999
663,142948145984137,"[""ring10"",""active"",22]",43.852670703000001,118.28668116999999
664,38917648349763,"[""ring10"",""active"",23]",30.463480040499999,120.55409379069999
665,167132142782736,"[""ring10"",""active"",24]",16.960963231299999,122.00103069639999
666,172575138973074,"[""ring10"",""active"",25]",3.3953505249,122.6221091869
667,206709984788430,"[""ring10"",""active"",26]",-10.1828931084,122.41501880929999
668,23020641473524,"[""ring10"",""active"",27]",-23.7232557106,121.3805299535
669,34433825127062,"[""ring10"",""active"",28]",-37.175366243399999,119.52249098590001
670,110094276154620,"[""ring10"",""active"",29]",-50.489181972099999,116.84781393359999
671,227745589159590,"[""ring10"",""active"",30]",-63.615174627599998,113.36644877090001
672,11255515374092,"[""ring10"",""active"",31]",-76.504514655400001,109.0913464047
673,270450823204176,"[""ring10"",""active"",32]",-89.109252863699993,104.0384104968
674,239794502843318,"[""ring10"",""active"",33]",-101.3824987987,98.226438300599995
675,123345788251926,"[""ring10"",""active"",34]",-113.2785951794,91.677050734299996
676,86620170567299,"[""ring10"",""active"",35]",-124.75328774579999,84.414611949900006
677,278948417656352,"[""ring10"",""active"",36]",-135.76388988799999,76.466138696599998
678,153329039887504,"[""ring10"",""active"",37]",-146.2694414428,67.861199817100001
679,244852078210318,"[""ring10"",""active"",38]",-156.2308610684,58.631806249
680,236665206409186,"[""ring10"",""active"",39]",-165.61109162950001,48.812291942800002
681,238818893321525,"[""ring10"",""active"",40]",-174.37523805250001,38.439186136499998
682,233169623684519,"[""ring10"",""active"",41]",-182.4906971369,27.551077465100001
683,266925950329579,"[""ring10"",""active"",42]",-189.92727884190001,16.188470407899999
684,223340820183600,"[""ring10"",""active"",43]",-196.65731859510001,4.3936346095000003
685,147184792139813,"[""ring10"",""active"",44]",-202.6557802067,-7.7895523661999997
686,249082231839352,"[""ring10"",""active"",45]",-207.90034900539999,-20.315768263500001
687,142449631629575,"[""ring10"",""active"",46]",-212.37151485090001,-33.138414736599998
688,55790143994605,"[""ring10"",""active"",47]",-216.05264471250001,-46.209790698299997
689,58116577585164,"[""ring10"",""active"",48]",-218.93004454550001,-59.481269771599997
690,203524580081841,"[""ring10"",""active"",49]",-220.9930102333,-72.903481182600004
691,121511660269856,"[""ring10"",""active"",50]",-222.23386740820001,-86.426493423300002
692,137924173292362,"[""ring10"",""active"",51]",-222.648,-100
693,127642190415742,"[""ring10"",""active"",52]",-222.23386740820001,-113.5735065767
694,263568781339220,"[""ring10"",""active"",53]",-220.9930102333,-127.0965188174
695,132280700110107,"[""ring10"",""active"",54]",-218.93004454550001,-140.51873022839999
696,155529656779273,"[""ring10"",""active"",55]",-216.05264471250001,-153.7902093017
697,255689862235959,"[""ring10"",""active"",56]",-212.37151485090001,-166.8615852634
698,194032139333679,"[""ring10"",""active"",57]",-207.90034900539999,-179.68423173650001
699,63692208333685,"[""ring10"",""active"",58]",-202.6557802067,-192.21044763379999
700,227404135121849,"[""ring10"",""active"",59]",-196.65731859510001,-204.3936346095
701,249406166904954,"[""ring10"",""active"",60]",-189.92727884190001,-216.18847040790001
702,85426733846450,"[""ring10"",""active"",61]",-182.4906971369,-227.55107746510001
703,11883891431356,"[""ring10"",""active"",62]",-174.37523805250001,-238.43918613650001
704,14450273945529,"[""ring10"",""active"",63]",-165.61109162950001,-248.81229194279999
705,257643605249143,"[""ring10"",""active"",64]",-156.2308610684,-258.63180624900002
706,95578123324507,"[""ring10"",""active"",65]",-146.2694414428,-267.86119981709999
707,223318424710327,"[""ring10"",""active"",66]",-135.76388988799999,-276.46613869660001
708,157274789700213,"[""ring10"",""active"",67]",-124.75328774579999,-284.41461194990001
709,238033804364506,"[""ring10"",""active"",68]",-113.2785951794,-291.6770507343
710,211626795745911,"[""ring10"",""active"",69]",-101.3824987987,-298.22643830060002
711,94246836274515,"[""ring10"",""active"",70]",-89.109252863699993,-304.0384104968
712,279877602851949,"[""ring10"",""active"",71]",-76.504514655400001,-309.0913464047
713,279986596671727,"[""ring10"",""active"",72]",-63.615174627599998,-313.36644877089998
714,170392112000190,"[""ring10"",""active"",73]",-50.489181972099999,-316.84781393359998
715,177354929160852,"[""ring10"",""active"",74]",-37.175366243399999,-319.52249098589999
716,138858386300720,"[""ring10"",""active"",75]",-23.7232557106,-321.3805299535
717,67114489787986,"[""ring10"",""active"",76]",-10.1828931084,-322.41501880930002
718,90377669861419,"[""ring10"",""active"",77]",3.3953505249,-322.62210918689999
719,264504839112860,"[""ring10"",""active"",78]",16.960963231299999,-322.00103069639999
720,34889752875108,"[""ring10"",""active"",79]",30.463480040499999,-320.55409379069999
721,25443323091142,"[""ring10"",""active"",80]",43.852670703000001,-318.28668117000001
722,18903049302519,"[""ring10"",""active"",81]",57.078726550299997,-315.20722775830001
723,191207807449243,"[""ring10"",""active"",82]",70.092445785899997,-311.32718932440002
724,207907828713153,"[""ring10"",""active"",83]",82.845416519500006,-306.66099986619997
725,226224473190248,"[""ring10"",""active"",84]",95.290196862299993,-301.226017915
726,60883834291409,"[""ring10"",""active"",85]",107.38049141410001,-295.04246196060001
727,233430294875271,"[""ring10"",""active"",86]",119.0713234851,-288.1333352373
728,279322100995832,"[""ring10"",""active"",87]",130.3192024121,-280.52434015019998
729,272633075433432,"[""ring10"",""active"",88]",141.08228534669999,-272.24378266090002
730,6454662654908,"[""ring10"",""active"",89]",151.32053291349999,-263.32246698709997
731,52996592054251,"[""ring10"",""active"",90]",160.9958581592,-253.7935810091
732,272114709703238,"[""ring10"",""active"",91]",170.0722682382,-243.69257280849999
733,229685360108091,"[""ring10"",""active"",92]",178.515998309,-233.05701879930001
734,130139810655057,"[""ring10"",""active"",93]",186.2956371411,-221.9264839409
735,254315922779276,"[""ring10"",""active"",94]",193.38224396710001,-210.34237455420001
736,259683155172694,"[""ring10"",""active"",95]",199.7494561442,-198.3477842867
737,194933884746118,"[""ring10"",""active"",96]",205.37358722479999,-185.98733380229999
738,251885263781592,"[""ring10"",""active"",97]",210.23371507190001,-173.30700478840001
739,254981362410777,"[""ring10"",""active"",98]",214.3117596909,-160.3539689019
740,70650623938862,"[""ring10"",""active"",99]",217.59255048770001,-147.17641228700001
741,111597398850170,"[""ring10"",""active"",100]",220.06388270510001,-133.82335631980001
742,33206401265888,"[""ring10"",""active"",101]",221.7165628251,-120.3444752457
743,124499559175476,"[""ring10"",""active"",102]",222.544442769,-106.78991138729999
744,232479309947301,"[""ring11"",""active"",0]",236.12189224119999,-93.192621324900003
745,50860905246844,"[""ring11"",""active"",1]",235.33751906099999,-79.600477402199999
746,143329153940912,"[""ring11"",""active"",2]",233.77137830940001,-66.076098642000005
747,3919468611562,"[""ring11"",""active"",3]",231.42867254839999,-52.664411670600003
748,230294396515493,"[""ring11"",""active"",4]",228.31718401099999,-39.409968763199998
749,149700328576904,"[""ring11"",""active"",5]",224.4472487493,-26.3567998463
750,664180320899,"[""ring11"",""active"",6]",219.83172229889999,-13.5482662344
751,115375702687656,"[""ring11"",""active"",7]",214.4859369747,-1.0269165879
752,215832399220657,"[""ring11"",""active"",8]",208.42765093770001,11.1656544288
753,22825761017195,"[""ring11"",""active"",9]",201.6769892051,22.9889443209
754,210615559996919,"[""ring11"",""active"",10]",194.2563767961,34.403677308500001
755,31872758005241,"[""ring11"",""active"",11]",186.19046423890001,45.3719347965
756,221025727242852,"[""ring11"",""active"",12]",177.50604568399999,55.857281336600003
757,225771381567190,"[""ring11"",""active"",13]",168.2319698963,65.824885662
758,9006412514781,"[""ring11"",""active"",14]",158.39904442310001,75.241636393500002
759,148011200851181,"[""ring11"",""active"",15]",148.03993325370001,84.076252032200003
760,135996081291481,"[""ring11"",""active"",16]",137.1890483139,92.299384873500003
761,271030481597108,"[""ring11"",""active"",17]",125.8824351521,99.883718497000004
762,81300645859808,"[""ring11"",""active"",18]",114.1576532002,106.8040585091
763,104310201120189,"[""ring11"",""active"",19]",102.0536510048,113.0374162362
764,203883247483410,"[""ring11"",""active"",20]",89.610636843799995,118.5630850909
765,14709532842178,"[""ring11"",""active"",21]",76.869945158899995,123.3627093569
766,52305640921682,"[""ring11"",""active"",22]",63.873899246800001,127.4203451651
767,56159762189962,"[""ring11"",""active"",23]",50.665670664899999,130.7225134574
768,32249758069300,"[""ring11"",""active"",24]",37.289135820200002,133.2582447627
769,244462011710435,"[""ring11"",""active"",25]",23.788730216400001,135.0191156368
770,75668972759819,"[""ring11"",""active"",26]",10.209300843199999,135.99927664360001
771,100936505335710,"[""ring11"",""active"",27]",-3.4040428008000001,136.1954717868
772,66324793799683,"[""ring11"",""active"",28]",-17.0060785569,135.60704932600001
773,191337993838044,"[""ring11"",""active"",29]",-30.551621830199998,134.2359639414
774,1073285995238,"[""ring11"",""active"",30]",-43.995675688299997,132.0867702406
775,240691178521803,"[""ring11"",""active"",31]",-57.293580336200002,129.1666076292
776,192207009879479,"[""ring11"",""active"",32]",-70.4011614721,125.4851765935
777,103074661770529,"[""ring11"",""active"",33]",-83.274877029400002,121.0547064772
778,14045776964446,"[""ring11"",""active"",34]",-95.871961819899994,115.8899148566
779,70529921752921,"[""ring11"",""active"",35]",-108.1505695946,110.00795865000001
780,9662780048332,"[""ring11"",""active"",36]",-120.0699120534,103.4283771244
781,103980759562146,"[""ring11"",""active"",37]",-131.59039433929999,96.173026988000004
782,280440000870112,"[""ring11"",""active"",38]",-142.67374656870001,88.266009784100007
783,132900369217242,"[""ring11"",""active"",39]",-153.28315096009999,79.733591828900003
784,87791505369010,"[""ring11"",""active"",40]",-163.3833641391,70.604116956699997
785,128219859946054,"[""ring11"",""active"",41]",-172.94083421319999,60.907912365000001
786,138724918645793,"[""ring11"",""active"",42]",-181.92381222789999,50.677187870099999
787,190207085053315,"[""ring11"",""active"",43]",-190.3024576338,39.945928910200003
788,14715469083712,"[""ring11"",""active"",44]",-198.0489374133,28.749783648200001
789,209780806195365,"[""ring11"",""active"",45]",-205.13751853970001,17.125944552699998
790,85778706310978,"[""ring11"",""active"",46]",-211.54465345930001,5.1130248483000003
791,94854430522564,"[""ring11"",""active"",47]",-217.24905831429999,-7.2490697537999997
792,8568384943035,"[""ring11"",""active"",48]",-222.2317836455,-19.9192736187
793,167724292612319,"[""ring11"",""active"",49]",-226.4762773402,-32.8554976032
794,183752988734648,"[""ring11"",""active"",50]",-229.96843961740001,-46.014768872200001
795,219427054293820,"[""ring11"",""active"",51]",-232.69666986519999,-59.353373650000002
796,229158023095686,"[""ring11"",""active"",52]",-234.651905177,-72.827002432900002
797,273403135210151,"[""ring11"",""active"",53]",-235.82765045779999,-86.390897181
798,250221646710141,"[""ring11"",""active"",54]",-236.22,-100
799,79821941779339,"[""ring11"",""active"",55]",-235.82765045779999,-113.609102819
800,184232025959448,"[""ring11"",""active"",56]",-234.651905177,-127.1729975671
801,14493196065562,"[""ring11"",""active"",57]",-232.69666986519999,-140.64662634999999
802,281234359718790,"[""ring11"",""active"",58]",-229.96843961740001,-153.98523112780001
803,154672153942259,"[""ring11"",""active"",59]",-226.4762773402,-167.14450239679999
804,192757230556453,"[""ring11"",""active"",60]",-222.2317836455,-180.0807263813
805,212199831827710,"[""ring11"",""active"",61]",-217.24905831429999,-192.7509302462
806,60603431078269,"[""ring11"",""active"",62]",-211.54465345930001,-205.1130248483
807,126538151549551,"[""ring11"",""active"",63]",-205.13751853970001,-217.12594455269999
808,146495590976733,"[""ring11"",""active"",64]",-198.0489374133,-228.74978364820001
809,50984545312830,"[""ring11"",""active"",65]",-190.3024576338,-239.9459289102
810,114948843564819,"[""ring11"",""active"",66]",-181.92381222789999,-250.6771878701
811,97039671693358,"[""ring11"",""active"",67]",-172.94083421319999,-260.90791236500002
812,205412286443043,"[""ring11"",""active"",68]",-163.3833641391,-270.60411695670001
813,177994386183626,"[""ring11"",""active"",69]",-153.28315096009999,-279.73359182889999
814,116775653627168,"[""ring11"",""active"",70]",-142.67374656870001,-288.26600978409999
815,242577475189343,"[""ring11"",""active"",71]",-131.59039433929999,-296.173026988
816,141227925571676,"[""ring11"",""active"",72]",-120.0699120534,-303.42837712440001
817,224474531022220,"[""ring11"",""active"",73]",-108.1505695946,-310.00795864999998
818,221649901822275,"[""ring11"",""active"",74]",-95.871961819899994,-315.8899148566
819,21635422337719,"[""ring11"",""active"",75]",-83.274877029400002,-321.0547064772
820,265241412869527,"[""ring11"",""active"",76]",-70.4011614721,-325.4851765935
821,202357802237107,"[""ring11"",""active"",77]",-57.293580336200002,-329.16660762919997
822,174430358125708,"[""ring11"",""active"",78]",-43.995675688299997,-332.0867702406
823,85469451193117,"[""ring11"",""active"",79]",-30.551621830199998,-334.23596394139997
824,160923453275381,"[""ring11"",""active"",80]",-17.0060785569,-335.60704932599998
825,203036847881288,"[""ring11"",""active"",81]",-3.4040428008000001,-336.1954717868
826,61049107394931,"[""ring11"",""active"",82]",10.209300843199999,-335.99927664360001
827,175072175491814,"[""ring11"",""active"",83]",23.788730216400001,-335.0191156368
828,189770622283281,"[""ring11"",""active"",84]",37.289135820200002,-333.25824476269997
829,250801272459662,"[""ring11"",""active"",85]",50.665670664899999,-330.7225134574
830,189062369803687,"[""ring11"",""active"",86]",63.873899246800001,-327.4203451651
831,109864598712152,"[""ring11"",""active"",87]",76.869945158899995,-323.36270935689998
832,260021851945382,"[""ring11"",""active"",88]",89.610636843799995,-318.56308509090002
833,254776523053778,"[""ring11"",""active"",89]",102.0536510048,-313.03741623619999
834,3827488127292,"[""ring11"",""active"",90]",114.1576532002,-306.8040585091
835,50039479609044,"[""ring11"",""active"",91]",125.8824351521,-299.88371849700002
836,206304457823327,"[""ring11"",""active"",92]",137.1890483139,-292.2993848735
837,241522368853595,"[""ring11"",""active"",93]",148.03993325370001,-284.07625203219999
838,272460952974965,"[""ring11"",""active"",94]",158.39904442310001,-275.24163639350002
839,71188371819745,"[""ring11"",""active"",95]",168.2319698963,-265.82488566199999
840,178633431209095,"[""ring11"",""active"",96]",177.50604568399999,-255.85728133660001
841,37158976091471,"[""ring11"",""active"",97]",186.19046423890001,-245.3719347965
842,15717292378236,"[""ring11"",""active"",98]",194.2563767961,-234.40367730849999
843,275154700834855,"[""ring11"",""active"",99]",201.6769892051,-222.9889443209
844,191439786176492,"[""ring11"",""active"",100]",208.42765093770001,-211.1656544288
845,58724142858365,"[""ring11"",""active"",101]",214.4859369747,-198.97308341210001
846,99354851501123,"[""ring11"",""active"",102]",219.83172229889999,-186.45173376560001
847,208909764743883,"[""ring11"",""active"",103]",224.4472487493,-173.64320015370001
848,181970186264977,"[""ring11"",""active"",104]",228.31718401099999,-160.5900312368
849,131657036157416,"[""ring11"",""active"",105]",231.42867254839999,-147.3355883294
850,131889163410686,"[""ring11"",""active"",106]",233.77137830940001,-133.92390135799999
851,174703455648911,"[""ring11"",""active"",107]",235.33751906099999,-120.3995225978
852,122741607093549,"[""ring11"",""active"",108]",236.12189224119999,-106.8073786751
853,269190325658942,"[""ring12"",""active"",0]",249.69879792419999,-93.176981663399999
854,221256282841499,"[""ring12"",""active"",1]",248.95359857099999,-79.5513075585
855,15095316137380,"[""ring12"",""active"",2]",247.46542383229999,-65.986660388999994
856,21284940582560,"[""ring12"",""active"",3]",245.2387150065,-52.523522393199997
857,104244924606252,"[""ring12"",""active"",4]",242.2801174679,-39.202072866499996
858,43693989809466,"[""ring12"",""active"",5]",238.59846083439999,-26.062068249999999
859,241596496230020,"[""ring12"",""active"",6]",234.20473261629999,-13.142723482099999
860,181193497203570,"[""ring12"",""active"",7]",229.11204542569999,-0.4825949651
861,67595663728408,"[""ring12"",""active"",8]",223.33559784249999,11.8805345014
862,144704543391314,"[""ring12"",""active"",9]",216.89262905690001,23.9097684802
863,25630916321626,"[""ring12"",""active"",10]",209.80236741979999,35.569207008900001
864,198287664105918,"[""ring12"",""active"",11]",202.08597305890001,46.8240537406
865,98297547837049,"[""ring12"",""active"",12]",193.76647472760001,57.640719789099997
866,167442685379849,"[""ring12"",""active"",13]",184.86870107889999,67.986923971500005
867,43722190179802,"[""ring12"",""active"",14]",175.41920656639999,77.8317891481
868,149792332955911,"[""ring12"",""active"",15]",165.44619219570001,87.145934371899997
869,271968116210543,"[""ring12"",""active"",16]",154.97942136149999,95.901562572800003
870,18830141797848,"[""ring12"",""active"",17]",144.0501310217,104.0725435149
871,155746111806125,"[""ring12"",""active"",18]",132.6909384743,111.6344917796
872,260616336067978,"[""ring12"",""active"",19]",120.9357440144,118.5648395412
873,91602902997760,"[""ring12"",""active"",20]",108.8196297624,124.84290391819999
874,224297049614986,"[""ring12"",""active"",21]",96.378754965400006,130.44994869889999
875,196350846926909,"[""ring12"",""active"",22]",83.650248083400001,135.3692402579
876,49739719040863,"[""ring12"",""active"",23]",70.672095983700004,139.5860974958
877,216886670514881,"[""ring12"",""active"",24]",57.483030573000001,143.08793565319999
878,88316470805252,"[""ring12"",""active"",25]",44.122413206300003,145.86430386870001
879,198631377282869,"[""ring12"",""active"",26]",30.630117216999999,147.9069163684
880,134918750124482,"[""ring12"",""active"",27]",17.046408919200001,149.20967719359999
881,136285100735002,"[""ring12"",""active"",28]",3.4118274372999999,149.76869839419999
882,188667730959992,"[""ring12"",""active"",29]",-10.2329362785,149.5823116311
883,106995176848617,"[""ring12"",""active"",30]",-23.8471608907,148.65107315559999
884,231353215825364,"[""ring12"",""active"",31]",-37.390216201900003,146.97776214949999
885,58669025125971,"[""ring12"",""active"",32]",-50.821684412400003,144.5673724303
886,275876603261418,"[""ring12"",""active"",33]",-64.101480742000007,141.4270975485
887,121581170320119,"[""ring12"",""active"",34]",-77.189973058899994,137.56630931839999
888,195777189040132,"[""ring12"",""active"",35]",-90.048100157899995,132.99652984959999
889,141670809921506,"[""ring12"",""active"",36]",-102.637488334,127.7313971601
890,159062754341843,"[""ring12"",""active"",37]",-114.9205659049,121.7866244752
891,60045675090491,"[""ring12"",""active"",38]",-126.8606753394,115.1799533331
892,45078197210876,"[""ring12"",""active"",39]",-138.42218265810001,107.9311006371
893,95413172796324,"[""ring12"",""active"",40]",-149.57058377909999,100.0616998128
894,240700718671888,"[""ring12"",""active"",41]",-160.2726074917,91.595236245099997
895,191455264063925,"[""ring12"",""active"",42]",-170.49631475090001,82.556977188999994
896,10916194490280,"[""ring12"",""active"",43]",-180.2111939959,72.9738963617
897,219377941947507,"[""ring12"",""active"",44]",-189.38825220890001,62.874593443099997
898,77593315184034,"[""ring12"",""active"",45]",-198.00010144129999,52.289208722300003
899,58681086670728,"[""ring12"",""active"",46]",-206.02104055000001,41.2493331477
900,249342145052635,"[""ring12"",""active"",47]",-213.4271319005,29.787914047299999
901,145178005254912,"[""ring12"",""active"",48]",-220.19627280509999,17.939156800199999
902,44980537554465,"[""ring12"",""active"",49]",-226.30826148700001,5.7384227550000002
903,46456468654295,"[""ring12"",""active"",50]",-231.74485736969999,-6.7778763024000002
904,249442802094454,"[""ring12"",""active"",51]",-236.4898355144,-19.5723868165
905,249608969179111,"[""ring12"",""active"",52]",-240.52903504119999,-32.606924939099997
906,20616595894406,"[""ring12"",""active"",53]",-243.85040139130001,-45.842590485499997
907,264769390966077,"[""ring12"",""active"",54]",-246.44402230200001,-59.239883027700003
908,31999187835031,"[""ring12"",""active"",55]",-248.30215738929999,-72.758819778900005
909,227396253847991,"[""ring12"",""active"",56]",-249.41926124759999,-86.359054918699997
910,165501752665255,"[""ring12"",""active"",57]",-249.792,-100
911,95266915561523,"[""ring12"",""active"",58]",-249.41926124759999,-113.6409450813
912,166404974261654,"[""ring12"",""active"",59]",-248.30215738929999,-127.2411802211
913,10201852040239,"[""ring12"",""active"",60]",-246.44402230200001,-140.76011697230001
914,205465049660772,"[""ring12"",""active"",61]",-243.85040139130001,-154.15740951449999
915,10344509672464,"[""ring12"",""active"",62]",-240.52903504119999,-167.3930750609
916,230525511777620,"[""ring12"",""active"",63]",-236.4898355144,-180.4276131835
917,150971642869940,"[""ring12"",""active"",64]",-231.74485736969999,-193.22212369760001
918,27433145668803,"[""ring12"",""active"",65]",-226.30826148700001,-205.73842275499999
919,98516881441238,"[""ring12"",""active"",66]",-220.19627280509999,-217.93915680020001
920,114603262057233,"[""ring12"",""active"",67]",-213.4271319005,-229.78791404730001
921,140207872446827,"[""ring12"",""active"",68]",-206.02104055000001,-241.24933314770001
922,149562009251788,"[""ring12"",""active"",69]",-198.00010144129999,-252.2892087223
923,236784146795693,"[""ring12"",""active"",70]",-189.38825220890001,-262.87459344310003
924,234297305485642,"[""ring12"",""active"",71]",-180.2111939959,-272.97389636169999
925,209156984760191,"[""ring12"",""active"",72]",-170.49631475090001,-282.55697718900001
926,174946711384915,"[""ring12"",""active"",73]",-160.2726074917,-291.59523624510001
927,118430693722699,"[""ring12"",""active"",74]",-149.57058377909999,-300.06169981279999
928,128304446077643,"[""ring12"",""active"",75]",-138.42218265810001,-307.93110063709997
929,210022615229227,"[""ring12"",""active"",76]",-126.8606753394,-315.1799533331
930,154665226185820,"[""ring12"",""active"",77]",-114.9205659049,-321.78662447519997
931,233373844302372,"[""ring12"",""active"",78]",-102.637488334,-327.73139716010002
932,99582618091822,"[""ring12"",""active"",79]",-90.048100157899995,-332.99652984959999
933,243934654619073,"[""ring12"",""active"",80]",-77.189973058899994,-337.56630931839999
934,47614242750233,"[""ring12"",""active"",81]",-64.101480742000007,-341.4270975485
935,9279963809241,"[""ring12"",""active"",82]",-50.821684412400003,-344.5673724303
936,165811290820437,"[""ring12"",""active"",83]",-37.390216201900003,-346.97776214949999
937,265187751631559,"[""ring12"",""active"",84]",-23.8471608907,-348.65107315559999
938,40422474913371,"[""ring12"",""active"",85]",-10.2329362785,-349.58231163110003
939,239487686309002,"[""ring12"",""active"",86]",3.4118274372999999,-349.76869839419999
940,122666795304571,"[""ring12"",""active"",87]",17.046408919200001,-349.20967719359999
941,75864942510999,"[""ring12"",""active"",88]",30.630117216999999,-347.9069163684
942,263579081709917,"[""ring12"",""active"",89]",44.122413206300003,-345.86430386870001
943,161024714351662,"[""ring12"",""active"",90]",57.483030573000001,-343.08793565320002
944,280030850197261,"[""ring12"",""active"",91]",70.672095983700004,-339.5860974958
945,218253714635309,"[""ring12"",""active"",92]",83.650248083400001,-335.3692402579
946,217830259050576,"[""ring12"",""active"",93]",96.378754965400006,-330.44994869890002
947,7694552399685,"[""ring12"",""active"",94]",108.8196297624,-324.84290391820002
948,228174665817603,"[""ring12"",""active"",95]",120.9357440144,-318.5648395412
949,277705832341425,"[""ring12"",""active"",96]",132.6909384743,-311.63449177960001
950,97831994198355,"[""ring12"",""active"",97]",144.0501310217,-304.07254351490002
951,244131129918854,"[""ring12"",""active"",98]",154.97942136149999,-295.9015625728
952,194892250364782,"[""ring12"",""active"",99]",165.44619219570001,-287.14593437190001
953,109180435459956,"[""ring12"",""active"",100]",175.41920656639999,-277.83178914809997
954,101382382657739,"[""ring12"",""active"",101]",184.86870107889999,-267.9869239715
955,163383066976963,"[""ring12"",""active"",102]",193.76647472760001,-257.64071978909999
956,170653666858158,"[""ring12"",""active"",103]",202.08597305890001,-246.82405374059999
957,43744543950323,"[""ring12"",""active"",104]",209.80236741979999,-235.56920700890001
958,276439940473265,"[""ring12"",""active"",105]",216.89262905690001,-223.9097684802
959,97667290093723,"[""ring12"",""active"",106]",223.33559784249999,-211.88053450140001
960,65697387845285,"[""ring12"",""active"",107]",229.11204542569999,-199.51740503490001
961,151110095186405,"[""ring12"",""active"",108]",234.20473261629999,-186.8572765179
962,61580402032051,"[""ring12"",""active"",109]",238.59846083439999,-173.93793174999999
963,84770271152357,"[""ring12"",""active"",110]",242.2801174679,-160.7979271335
964,85122021844772,"[""ring12"",""active"",111]",245.2387150065,-147.47647760679999
965,144173032482230,"[""ring12"",""active"",112]",247.46542383229999,-134.01333961099999
966,176244116972311,"[""ring12"",""active"",113]",248.95359857099999,-120.4486924415
967,110613808500423,"[""ring12"",""active"",114]",249.69879792419999,-106.8230183366
968,213297009641175,"[""ring13"",""active"",0]",263.27523719419997,-93.162897079800004
969,75195992771248,"[""ring13"",""active"",1]",262.56549370120001,-79.507122860199999
970,77756164280441,"[""ring13"",""active"",2]",261.1479200581,-65.906593814299995
971,114138200992416,"[""ring13"",""active"",3]",259.02633779280001,-52.397974563799998
972,75905514426929,"[""ring13"",""active"",4]",256.20646631620002,-39.017681957900002
973,79593789155106,"[""ring13"",""active"",5]",252.695907503,-25.8017869
974,224024464921948,"[""ring13"",""active"",6]",248.50412519930001,-12.785917106499999
975,115358409673717,"[""ring13"",""active"",7]",243.64241970890001,-0.0051610613000000003
976,253947070548006,"[""ring13"",""active"",8]",238.1238973305,12.506026577
977,56640937062918,"[""ring13"",""active"",9]",231.9634350245,24.7139178585
978,155964098212232,"[""ring13"",""active"",10]",225.17764030839999,36.585602466600001
979,90079464318083,"[""ring13"",""active"",11]",217.78480648479999,48.089076438399999
980,171187211124927,"[""ring13"",""active"",12]",209.80486332679999,59.1933284419
981,136821204232748,"[""ring13"",""active"",13]",201.25932335030001,69.868423376999999
982,115971082239510,"[""ring13"",""active"",14]",192.1712238202,80.085583075000002
983,72097578443091,"[""ring13"",""active"",15]",182.56506464610001,89.817263879699993
984,28413221684397,"[""ring13"",""active"",16]",172.46674233479999,99.037230900200001
985,278485981031859,"[""ring13"",""active"",17]",161.90348017779999,107.7206287356
986,96159390607854,"[""ring13"",""active"",18]",150.90375486249999,115.84404848040001
987,166539769967329,"[""ring13"",""active"",19]",139.49721970350001,123.38559083120001
988,179958761746142,"[""ring13"",""active"",20]",127.7146247029,130.32492512319999
989,244866176847542,"[""ring13"",""active"",21]",115.5877336538,136.64334413789999
990,197072398286193,"[""ring13"",""active"",22]",103.1492385104,142.32381453490001
991,11412244382667,"[""ring13"",""active"",23]",90.432671256500001,147.3510227701
992,221687157353772,"[""ring13"",""active"",24]",77.472313509200006,151.71141637900001
993,269278683033416,"[""ring13"",""active"",25]",64.303104101599999,155.39324051139999
994,104067888206321,"[""ring13"",""active"",26]",50.960544894000002,158.38656962019999
995,254104218705053,"[""ring13"",""active"",27]",37.480605066999999,160.68333421950001
996,181649543333504,"[""ring13"",""active"",28]",23.8996241553,162.27734263799999
997,84778092386348,"[""ring13"",""active"",29]",10.254214082200001,163.1642977107
998,173373651370546,"[""ring13"",""active"",30]",-3.4188395390999999,163.34180836359999
999,155379072514124,"[""ring13"",""active"",31]",-17.082676573499999,162.8093960594
1000,63542301426551,"[""ring13"",""active"",32]",-30.700461731899999,161.56849608740001
1001,237809870710852,"[""ring13"",""active"",33]",-44.2354838734,159.62245369479999
1002,273607465278557,"[""ring13"",""active"",34]",-57.651254971,156.97651506759999
1003,33764067025229,"[""ring13"",""active"",35]",-70.911608477800002,153.63781318860001
1004,110411429840760,"[""ring13"",""active"",36]",-83.980796825200002,149.6153486078
1005,58712024746136,"[""ring13"",""active"",37]",-96.823587791999998,144.91996517859999
1006,166870077349135,"[""ring13"",""active"",38]",-109.40535948420001,139.56432082449999
1007,119094303591965,"[""ring13"",""active"",39]",-121.69219366990001,133.562853416
1008,220178697738434,"[""ring13"",""active"",40]",-133.65096721640001,126.9317418479
1009,219966376844426,"[""ring13"",""active"",41]",-145.2494413844,119.68886242489999
1010,205134850792663,"[""ring13"",""active"",42]",-156.45634873820001,111.85374066919999
1011,27691301402871,"[""ring13"",""active"",43]",-167.2414774369,103.44749868389999
1012,220607542025826,"[""ring13"",""active"",44]",-177.57575268030001,94.492798211199997
1013,37495623747716,"[""ring13"",""active"",45]",-187.4313150895,85.013779540399995
1014,198694389500383,"[""ring13"",""active"",46]",-196.78159581060001,75.035996429899996
1015,257225471507128,"[""ring13"",""active"",47]",-205.60138814000001,64.586347219000004
1016,258198880208190,"[""ring13"",""active"",48]",-213.86691547679999,53.693002314600001
1017,269062723872836,"[""ring13"",""active"",49]",-221.5558954206,42.3853282484
1018,262626287242684,"[""ring13"",""active"",50]",-228.6475998409,30.6938085106
1019,192097914777951,"[""ring13"",""active"",51]",-235.12291075639999,18.649961371500002
1020,199714151705518,"[""ring13"",""active"",52]",-240.96437187359999,6.2862549135999997
1021,62427143292944,"[""ring13"",""active"",53]",-246.15623564629999,-6.3639804965
1022,46873906860480,"[""ring13"",""active"",54]",-250.68450572739999,-19.266642060500001
1023,20284609643554,"[""ring13"",""active"",55]",-254.5369747016,-32.386946483999999
1024,233189163668774,"[""ring13"",""active"",56]",-257.70325699350002,-45.689523745999999
1025,237793420755871,"[""ring13"",""active"",57]",-260.17481686590003,-59.13851245
1026,136116521257291,"[""ring13"",""active"",58]",-261.94499143029998,-72.697656500199997
1027,260100402853990,"[""ring13"",""active"",59]",-263.00900860910002,-86.330402841500003
1028,242212528664118,"[""ring13"",""active"",60]",-263.36399999999998,-100
1029,265805318521810,"[""ring13"",""active"",61]",-263.00900860910002,-113.6695971585
1030,256763333786165,"[""ring13"",""active"",62]",-261.94499143029998,-127.3023434998
1031,37956813547818,"[""ring13"",""active"",63]",-260.17481686590003,-140.86148754999999
1032,124903472850436,"[""ring13"",""active"",64]",-257.70325699350002,-154.31047625400001
1033,228409984721145,"[""ring13"",""active"",65]",-254.5369747016,-167.61305351600001
1034,257845415292791,"[""ring13"",""active"",66]",-250.68450572739999,-180.7333579395
1035,172941068119887,"[""ring13"",""active"",67]",-246.15623564629999,-193.63601950349999
1036,146714694009248,"[""ring13"",""active"",68]",-240.96437187359999,-206.2862549136
1037,62281214065341,"[""ring13"",""active"",69]",-235.12291075639999,-218.64996137150001
1038,123954796464206,"[""ring13"",""active"",70]",-228.6475998409,-230.69380851060001
1039,269529217296095,"[""ring13"",""active"",71]",-221.5558954206,-242.38532824839999
1040,182698035263456,"[""ring13"",""active"",72]",-213.86691547679999,-253.69300231459999
1041,193261455930841,"[""ring13"",""active"",73]",-205.60138814000001,-264.586347219
1042,240374523610471,"[""ring13"",""active"",74]",-196.78159581060001,-275.03599642990002
1043,25847724206996,"[""ring13"",""active"",75]",-187.4313150895,-285.01377954039998
1044,99900438958548,"[""ring13"",""active"",76]",-177.57575268030001,-294.49279821120001
1045,41313077115241,"[""ring13"",""active"",77]",-167.2414774369,-303.44749868389999
1046,93565013798631,"[""ring13"",""active"",78]",-156.45634873820001,-311.85374066920002
1047,189051532114106,"[""ring13"",""active"",103]",161.90348017779999,-307.72062873559997
1048,52087541888626,"[""ring13"",""active"",104]",172.46674233479999,-299.03723090019997
1049,64583828452707,"[""ring13"",""active"",105]",182.56506464610001,-289.81726387970002
1050,246239122304271,"[""ring13"",""active"",106]",192.1712238202,-280.08558307499999
1051,257474299046800,"[""ring13"",""active"",107]",201.25932335030001,-269.868423377
1052,150562822561842,"[""ring13"",""active"",108]",209.80486332679999,-259.19332844190001
1053,65922793645812,"[""ring13"",""active"",109]",217.78480648479999,-248.08907643840001
1054,190461575870470,"[""ring13"",""active"",110]",225.17764030839999,-236.58560246659999
1055,223181713130484,"[""ring13"",""active"",111]",231.9634350245,-224.7139178585
1056,182646617967587,"[""ring13"",""active"",112]",238.1238973305,-212.506026577
1057,214047941104287,"[""ring13"",""active"",113]",243.64241970890001,-199.99483893870001
1058,85053400414174,"[""ring13"",""active"",114]",248.50412519930001,-187.21408289350001
1059,174984015660313,"[""ring13"",""active"",115]",252.695907503,-174.1982131
1060,57468794985210,"[""ring13"",""active"",116]",256.20646631620002,-160.98231804209999
1061,121178945039635,"[""ring13"",""active"",117]",259.02633779280001,-147.60202543619999
1062,51553472216118,"[""ring13"",""active"",118]",261.1479200581,-134.09340618569999
1063,11545260115334,"[""ring13"",""active"",119]",262.56549370120001,-120.4928771398
1064,189116214371953,"[""ring13"",""active"",120]",263.27523719419997,-106.8371029202
1065,165521876770160,"[""ring14"",""active"",0]",276.85259205450001,-93.203650337799999
1066,220781063234208,"[""ring14"",""active"",1]",276.1856299108,-79.627324014999999
1067,277729416573949,"[""ring14"",""active"",2]",274.85331239359999,-66.100077252999995
1068,116124002375182,"[""ring14"",""active"",3]",272.8588491726,-52.654498374299997
1069,89963099715261,"[""ring14"",""active"",4]",270.20704508440002,-39.322978955899998
1070,37844420093744,"[""ring14"",""active"",5]",266.90428855710002,-26.1376357959
1071,42964507451191,"[""ring14"",""active"",6]",262.95853622070001,-13.130233540900001
1072,247535241469648,"[""ring14"",""active"",7]",258.37929373809999,-0.33210816209999999
1073,88950734206602,"[""ring14"",""active"",8]",253.17759290550001,12.2259085353
1074,164070270869329,"[""ring14"",""active"",9]",247.36596507589999,24.513563189199999
1075,163899520792589,"[""ring14"",""active"",10]",240.9584109697,36.501253763299999
1076,12640003296592,"[""ring14"",""active"",11]",233.97036694600001,48.160100861099998
1077,5255470547261,"[""ring14"",""active"",12]",226.4186678149,59.462017298500001
1078,6779128017491,"[""ring14"",""active"",13]",218.32150628119999,70.379775769000005
1079,108190285495901,"[""ring14"",""active"",14]",209.6983891161,80.887074436199995
1080,39848678046352,"[""ring14"",""active"",15]",200.5700901642,90.958600297299995
1081,104440436143463,"[""ring14"",""active"",16]",190.95860029729999,100.5700901642
1082,196974781915655,"[""ring14"",""active"",17]",180.88707443620001,109.6983891161
1083,11351353555516,"[""ring14"",""active"",18]",170.37977576899999,118.3215062812
1084,222776227942792,"[""ring14"",""active"",19]",159.4620172985,126.4186678149
1085,13049090244020,"[""ring14"",""active"",20]",148.16010086110001,133.97036694600001
1086,101300716087733,"[""ring14"",""active"",21]",136.50125376330001,140.9584109697
1087,80693098301653,"[""ring14"",""active"",22]",124.5135631892,147.36596507589999
1088,160012145064261,"[""ring14"",""active"",23]",112.22590853529999,153.17759290550001
1089,51468201348844,"[""ring14"",""active"",24]",99.667891837900001,158.37929373809999
1090,169438365934401,"[""ring14"",""active"",25]",86.869766459100006,162.95853622070001
1091,44297045969110,"[""ring14"",""active"",26]",73.862364204100004,166.90428855709999
1092,226955197929705,"[""ring14"",""active"",27]",60.677021044100002,170.20704508439999
1093,198014312129454,"[""ring14"",""active"",28]",47.345501625700003,172.8588491726
1094,180640409003371,"[""ring14"",""active"",29]",33.899922746999998,174.85331239359999
1095,133818827219190,"[""ring14"",""active"",30]",20.372675985000001,176.1856299108
1096,127403532046269,"[""ring14"",""active"",31]",6.7963496621999999,176.85259205450001
1097,36785821662829,"[""ring14"",""active"",32]",-6.7963496621999999,176.85259205450001
1098,203342938881546,"[""ring14"",""active"",33]",-20.372675985000001,176.1856299108
1099,231496839406695,"[""ring14"",""active"",34]",-33.899922746999998,174.85331239359999
1100,192153151333618,"[""ring14"",""active"",35]",-47.345501625700003,172.8588491726
1101,210943705361219,"[""ring14"",""active"",36]",-60.677021044100002,170.20704508439999
1102,108143700784386,"[""ring14"",""active"",37]",-73.862364204100004,166.90428855709999
1103,76865928448142,"[""ring14"",""active"",38]",-86.869766459100006,162.95853622070001
1104,200059509651920,"[""ring14"",""active"",39]",-99.667891837900001,158.37929373809999
1105,72724369807386,"[""ring14"",""active"",40]",-112.22590853529999,153.17759290550001
1106,167711516952786,"[""ring14"",""active"",41]",-124.5135631892,147.36596507589999
1107,109031202809065,"[""ring14"",""active"",42]",-136.50125376330001,140.9584109697
1108,142206005456204,"[""ring14"",""active"",43]",-148.16010086110001,133.97036694600001
1109,80172088093958,"[""ring14"",""active"",44]",-159.4620172985,126.4186678149
1110,230951571330593,"[""ring14"",""active"",45]",-170.37977576899999,118.3215062812
1111,267854983090524,"[""ring14"",""active"",46]",-180.88707443620001,109.6983891161
1112,262115093678066,"[""ring14"",""active"",47]",-190.95860029729999,100.5700901642
1113,264510882229136,"[""ring14"",""active"",48]",-200.5700901642,90.958600297299995
1114,125975122494763,"[""ring14"",""active"",49]",-209.6983891161,80.887074436199995
1115,154642961588767,"[""ring14"",""active"",50]",-218.32150628119999,70.379775769000005
1116,119322581839012,"[""ring14"",""active"",51]",-226.4186678149,59.462017298500001
1117,123848728733568,"[""ring14"",""active"",52]",-233.97036694600001,48.160100861099998
1118,179482561833507,"[""ring14"",""active"",53]",-240.9584109697,36.501253763299999
1119,33015343834190,"[""ring14"",""active"",54]",-247.36596507589999,24.513563189199999
1120,126957954850566,"[""ring14"",""active"",55]",-253.17759290550001,12.2259085353
1121,91554095515787,"[""ring14"",""active"",56]",-258.37929373809999,-0.33210816209999999
1122,233918787006458,"[""ring14"",""active"",57]",-262.95853622070001,-13.130233540900001
1123,93963281763917,"[""ring14"",""active"",58]",-266.90428855710002,-26.1376357959
1124,212226544833028,"[""ring14"",""active"",59]",-270.20704508440002,-39.322978955899998
1125,121944945474230,"[""ring14"",""active"",60]",-272.8588491726,-52.654498374299997
1126,244875630498560,"[""ring14"",""active"",61]",-274.85331239359999,-66.100077252999995
1127,168307710207132,"[""ring14"",""active"",62]",-276.1856299108,-79.627324014999999
1128,278578927113112,"[""ring14"",""active"",63]",-276.85259205450001,-93.203650337799999
1129,48423019669204,"[""ring14"",""active"",64]",-276.85259205450001,-106.7963496622
1130,213564933028245,"[""ring14"",""active"",65]",-276.1856299108,-120.372675985
1131,25205538278220,"[""ring14"",""active"",66]",-274.85331239359999,-133.89992274700001
1132,153992992233852,"[""ring14"",""active"",67]",-272.8588491726,-147.3455016257
1133,86422131754859,"[""ring14"",""active"",68]",-270.20704508440002,-160.6770210441
1134,273623864397578,"[""ring14"",""active"",69]",-266.90428855710002,-173.8623642041
1135,249484876394297,"[""ring14"",""active"",70]",-262.95853622070001,-186.86976645909999
1136,66858818865940,"[""ring14"",""active"",71]",-258.37929373809999,-199.66789183789999
1137,190491352311633,"[""ring14"",""active"",72]",-253.17759290550001,-212.22590853529999
1138,110628173690996,"[""ring14"",""active"",73]",-247.36596507589999,-224.5135631892
1139,240500657153407,"[""ring14"",""active"",74]",-240.9584109697,-236.50125376330001
1140,238403072576231,"[""ring14"",""active"",75]",-233.97036694600001,-248.16010086110001
1141,102593657771864,"[""ring14"",""active"",76]",-226.4186678149,-259.46201729849997
1142,231658491970914,"[""ring14"",""active"",77]",-218.32150628119999,-270.37977576899999
1143,5086298317043,"[""ring14"",""active"",114]",218.32150628119999,-270.37977576899999
1144,261058592629171,"[""ring14"",""active"",115]",226.4186678149,-259.46201729849997
1145,269911043411629,"[""ring14"",""active"",116]",233.97036694600001,-248.16010086110001
1146,118175019741976,"[""ring14"",""active"",117]",240.9584109697,-236.50125376330001
1147,104705800302701,"[""ring14"",""active"",118]",247.36596507589999,-224.5135631892
1148,214683212472702,"[""ring14"",""active"",119]",253.17759290550001,-212.22590853529999
1149,52846934536192,"[""ring14"",""active"",120]",258.37929373809999,-199.66789183789999
1150,128678306911609,"[""ring14"",""active"",121]",262.95853622070001,-186.86976645909999
1151,87512828126621,"[""ring14"",""active"",122]",266.90428855710002,-173.8623642041
1152,217054029818238,"[""ring14"",""active"",123]",270.20704508440002,-160.6770210441
1153,65949936761626,"[""ring14"",""active"",124]",272.8588491726,-147.3455016257
1154,116056289881208,"[""ring14"",""active"",125]",274.85331239359999,-133.89992274700001
1155,75109967983850,"[""ring14"",""active"",126]",276.1856299108,-120.372675985
1156,195353107458117,"[""ring14"",""active"",127]",276.85259205450001,-106.7963496622
1157,259212103618568,"[""ring15"",""active"",0]",290.42816407589999,-93.189744827699997
1158,133443344161279,"[""ring15"",""active"",1]",289.78973994,-79.584204901899994
1159,197648184705491,"[""ring15"",""active"",2]",288.51429506310001,-66.023543324499997
1160,52106100998113,"[""ring15"",""active"",3]",286.6046331499,-52.5375693728
1161,56875388605354,"[""ring15"",""active"",4]",284.06495205149997,-39.155928144299999
1162,93860728925624,"[""ring15"",""active"",5]",280.90083453829999,-25.9080353907
1163,250866175170411,"[""ring15"",""active"",6]",277.11923602730002,-12.8230128553
1164,81684147593473,"[""ring15"",""active"",7]",272.72846929280001,0.070375742399999996
1165,97992445606301,"[""ring15"",""active"",8]",267.73818619280001,12.7437879361
1166,230829756256160,"[""ring15"",""active"",9]",262.15935645280001,25.1693648153
1167,43377485708803,"[""ring15"",""active"",10]",256.00424355119998,37.319792265300002
1168,81120339377481,"[""ring15"",""active"",11]",249.286377762,49.168361009599998
1169,279364788569901,"[""ring15"",""active"",12]",242.0205264123,60.689025322600003
1170,5194909739840,"[""ring15"",""active"",13]",234.2226614201,71.856460283800004
1171,267305865248056,"[""ring15"",""active"",14]",225.90992418510001,82.646117447600005
1172,105954157304361,"[""ring15"",""active"",15]",217.10058790790001,93.0342788058
1173,174576859448037,"[""ring15"",""active"",16]",207.8140174214,102.9981089252
1174,160207716641544,"[""ring15"",""active"",17]",198.07062662300001,112.51570514479999
1175,73520737797048,"[""ring15"",""active"",18]",187.8918336003,121.5661457225
1176,6713702698585,"[""ring15"",""active"",19]",177.30001354949999,130.1295358257
1177,195301154799590,"[""ring15"",""active"",20]",166.31844958970001,138.18705126450001
1178,201669159287225,"[""ring15"",""active"",21]",154.97128158180001,145.7209798712
1179,209990551669753,"[""ring15"",""active"",22]",143.2834530639,152.71476043569999
1180,32571105795623,"[""ring15"",""active"",23]",131.28065641949999,159.1530191105
1181,262300684399781,"[""ring15"",""active"",24]",118.9892764006,165.0216032056
1182,200861100011056,"[""ring15"",""active"",25]",106.43633212819999,170.30761229960001
1183,26128418700104,"[""ring15"",""active"",26]",93.649417697999993,174.99942659729999
1184,234574533317925,"[""ring15"",""active"",27]",80.656641523100006,179.0867324726
1185,263796972873561,"[""ring15"",""active"",28]",67.486564545299998,182.5605451401
1186,81482977543357,"[""ring15"",""active"",29]",54.1681374522,185.41322840570001
1187,165450055074352,"[""ring15"",""active"",30]",40.730637036899999,187.6385114524
1188,228344882376100,"[""ring15"",""active"",31]",27.203601841600001,189.23150262519999
1189,94268610072374,"[""ring15"",""active"",32]",13.6167672256,190.18870018370001
1190,197372566965640,"[""ring15"",""active"",33]",0,190.50800000000001
1191,132585554488954,"[""ring15"",""active"",34]",-13.6167672256,190.18870018370001
1192,97263302824896,"[""ring15"",""active"",35]",-27.203601841600001,189.23150262519999
1193,232469024281685,"[""ring15"",""active"",36]",-40.730637036899999,187.6385114524
1194,159699280532894,"[""ring15"",""active"",37]",-54.1681374522,185.41322840570001
1195,191122481008251,"[""ring15"",""active"",38]",-67.486564545299998,182.5605451401
1196,220089412287740,"[""ring15"",""active"",39]",-80.656641523100006,179.0867324726
1197,276276095719582,"[""ring15"",""active"",40]",-93.649417697999993,174.99942659729999
1198,167553349737317,"[""ring15"",""active"",41]",-106.43633212819999,170.30761229960001
1199,253158467848667,"[""ring15"",""active"",42]",-118.9892764006,165.0216032056
1200,30989953454086,"[""ring15"",""active"",43]",-131.28065641949999,159.1530191105
1201,66403068318291,"[""ring15"",""active"",44]",-143.2834530639,152.71476043569999
1202,57035283632322,"[""ring15"",""active"",45]",-154.97128158180001,145.7209798712
1203,20564325801018,"[""ring15"",""active"",46]",-166.31844958970001,138.18705126450001
1204,111532104877773,"[""ring15"",""active"",47]",-177.30001354949999,130.1295358257
1205,66990161067564,"[""ring15"",""active"",48]",-187.8918336003,121.5661457225
1206,91916441936778,"[""ring15"",""active"",49]",-198.07062662300001,112.51570514479999
1207,273418900851785,"[""ring15"",""active"",50]",-207.8140174214,102.9981089252
1208,92957508625192,"[""ring15"",""active"",51]",-217.10058790790001,93.0342788058
1209,275605062085477,"[""ring15"",""active"",52]",-225.90992418510001,82.646117447600005
1210,130013491045549,"[""ring15"",""active"",53]",-234.2226614201,71.856460283800004
1211,119163007092565,"[""ring15"",""active"",54]",-242.0205264123,60.689025322600003
1212,191958207238798,"[""ring15"",""active"",55]",-249.286377762,49.168361009599998
1213,106294614914250,"[""ring15"",""active"",56]",-256.00424355119998,37.319792265300002
1214,196740456360525,"[""ring15"",""active"",57]",-262.15935645280001,25.1693648153
1215,111219419266340,"[""ring15"",""active"",58]",-267.73818619280001,12.7437879361
1216,130464597535559,"[""ring15"",""active"",59]",-272.72846929280001,0.070375742399999996
1217,199716584153140,"[""ring15"",""active"",60]",-277.11923602730002,-12.8230128553
1218,182892645988234,"[""ring15"",""active"",61]",-280.90083453829999,-25.9080353907
1219,221054123772071,"[""ring15"",""active"",62]",-284.06495205149997,-39.155928144299999
1220,3324005652176,"[""ring15"",""active"",63]",-286.6046331499,-52.5375693728
1221,46892702591934,"[""ring15"",""active"",64]",-288.51429506310001,-66.023543324499997
1222,121264571975823,"[""ring15"",""active"",65]",-289.78973994,-79.584204901899994
1223,264643561389576,"[""ring15"",""active"",66]",-290.42816407589999,-93.189744827699997
1224,6104868983332,"[""ring15"",""active"",67]",-290.42816407589999,-106.8102551723
1225,137290986780193,"[""ring15"",""active"",68]",-289.78973994,-120.41579509810001
1226,91204338331379,"[""ring15"",""active"",69]",-288.51429506310001,-133.9764566755
1227,150304764922938,"[""ring15"",""active"",70]",-286.6046331499,-147.46243062720001
1228,52830853654258,"[""ring15"",""active"",71]",-284.06495205149997,-160.84407185570001
1229,99525184265806,"[""ring15"",""active"",72]",-280.90083453829999,-174.09196460929999
1230,228315376663278,"[""ring15"",""active"",73]",-277.11923602730002,-187.17698714470001
1231,114321155340225,"[""ring15"",""active"",74]",-272.72846929280001,-200.07037574239999
1232,39233505499888,"[""ring15"",""active"",75]",-267.73818619280001,-212.74378793610001
1233,22726234347156,"[""ring15"",""active"",76]",-262.15935645280001,-225.16936481530001
1234,262613881902835,"[""ring15"",""active"",77]",-256.00424355119998,-237.31979226530001
1235,170432097981546,"[""ring15"",""active"",123]",256.00424355119998,-237.31979226530001
1236,139660057820024,"[""ring15"",""active"",124]",262.15935645280001,-225.16936481530001
1237,189874177124259,"[""ring15"",""active"",125]",267.73818619280001,-212.74378793610001
1238,206231192438809,"[""ring15"",""active"",126]",272.72846929280001,-200.07037574239999
1239,213772904359274,"[""ring15"",""active"",127]",277.11923602730002,-187.17698714470001
1240,120788764153735,"[""ring15"",""active"",128]",280.90083453829999,-174.09196460929999
1241,21664756132764,"[""ring15"",""active"",129]",284.06495205149997,-160.84407185570001
1242,221566204865194,"[""ring15"",""active"",130]",286.6046331499,-147.46243062720001
1243,169639666653311,"[""ring15"",""active"",131]",288.51429506310001,-133.9764566755
1244,205599993332939,"[""ring15"",""active"",132]",289.78973994,-120.41579509810001
1245,144433080557057,"[""ring15"",""active"",133]",290.42816407589999,-106.8102551723
1246,193447473720018,"[""ring16"",""active"",0]",304.00344328130001,-93.177033408900002
1247,87265361536470,"[""ring16"",""active"",1]",303.39122080409999,-79.544840773499999
1248,76753201431482,"[""ring16"",""active"",2]",302.16800878430001,-65.953842106500005
1249,244633680785605,"[""ring16"",""active"",3]",300.33627060819998,-52.431407870599998
1250,171089089649091,"[""ring16"",""active"",4]",297.89969515249999,-39.004770448599999
1251,75222676762851,"[""ring16"",""active"",5]",294.86318935610001,-25.700969301600001
1252,159687415027606,"[""ring16"",""active"",6]",291.2328683376,-12.5467965145
1253,205870072698856,"[""ring16"",""active"",7]",287.01604308020001,0.43125715930000003
1254,16864311046591,"[""ring16"",""active"",8]",282.22120570890002,13.207055646900001
1255,204981441336373,"[""ring16"",""active"",9]",276.85801238800002,25.754870190199998
1256,103723275366416,"[""ring16"",""active"",10]",270.93726387520002,38.049431160799998
1257,135248353464592,"[""ring16"",""active"",11]",264.47088377,50.065978948999998
1258,273325127549535,"[""ring16"",""active"",12]",257.47189450130003,61.780313826799997
1259,228939531969834,"[""ring16"",""active"",13]",249.95439110219999,73.168844682699998
1260,136619400440251,"[""ring16"",""active"",14]",241.93351282399999,84.208636531099998
1261,19320977857301,"[""ring16"",""active"",15]",233.42541264810001,94.877456700600007
1262,137174363616339,"[""ring16"",""active"",16]",224.447224756,105.153819607
1263,116954962661799,"[""ring16"",""active"",17]",215.01703002319999,115.01703002319999
1264,142161348478028,"[""ring16"",""active"",18]",205.153819607,124.447224756
1265,50842970292472,"[""ring16"",""active"",19]",194.87745670059999,133.42541264810001
1266,267570022784505,"[""ring16"",""active"",20]",184.20863653110001,141.93351282399999
1267,13864981062684,"[""ring16"",""active"",21]",173.16884468270001,149.95439110219999
1268,130420148558664,"[""ring16"",""active"",22]",161.78031382680001,157.4718945013
1269,55930330310476,"[""ring16"",""active"",23]",150.065978949,164.47088377
1270,73577390635375,"[""ring16"",""active"",24]",138.0494311608,170.93726387519999
1271,149399166553063,"[""ring16"",""active"",25]",125.75487019019999,176.85801238799999
1272,279402197812434,"[""ring16"",""active"",26]",113.2070556469,182.22120570889999
1273,264334776305930,"[""ring16"",""active"",27]",100.4312571593,187.01604308020001
1274,196885275650974,"[""ring16"",""active"",28]",87.453203485499998,191.2328683376
1275,42941508145883,"[""ring16"",""active"",29]",74.299030698400003,194.86318935610001
1276,115921171693836,"[""ring16"",""active"",30]",60.995229551400001,197.89969515249999
1277,99080569954259,"[""ring16"",""active"",31]",47.568592129400002,200.33627060820001
1278,154937969768674,"[""ring16"",""active"",32]",34.046157893500002,202.16800878430001
1279,225736060795511,"[""ring16"",""active"",33]",20.455159226500001,203.39122080409999
1280,157898677119004,"[""ring16"",""active"",34]",6.8229665911000001,204.00344328130001
1281,59551296272313,"[""ring16"",""active"",35]",-6.8229665911000001,204.00344328130001
1282,274313755171394,"[""ring16"",""active"",36]",-20.455159226500001,203.39122080409999
1283,82259964132185,"[""ring16"",""active"",37]",-34.046157893500002,202.16800878430001
1284,89028808034281,"[""ring16"",""active"",38]",-47.568592129400002,200.33627060820001
1285,71214580142678,"[""ring16"",""active"",39]",-60.995229551400001,197.89969515249999
1286,209832996406320,"[""ring16"",""active"",40]",-74.299030698400003,194.86318935610001
1287,245758326240794,"[""ring16"",""active"",41]",-87.453203485499998,191.2328683376
1288,224307788764112,"[""ring16"",""active"",42]",-100.4312571593,187.01604308020001
1289,444633846910,"[""ring16"",""active"",43]",-113.2070556469,182.22120570889999
1290,32576038785920,"[""ring16"",""active"",44]",-125.75487019019999,176.85801238799999
1291,33234973475922,"[""ring16"",""active"",45]",-138.0494311608,170.93726387519999
1292,238501059863328,"[""ring16"",""active"",46]",-150.065978949,164.47088377
1293,14330179294251,"[""ring16"",""active"",47]",-161.78031382680001,157.4718945013
1294,108102254257362,"[""ring16"",""active"",48]",-173.16884468270001,149.95439110219999
1295,16631441601829,"[""ring16"",""active"",49]",-184.20863653110001,141.93351282399999
1296,234907186680731,"[""ring16"",""active"",50]",-194.87745670059999,133.42541264810001
1297,179552535594046,"[""ring16"",""active"",51]",-205.153819607,124.447224756
1298,258165220027317,"[""ring16"",""active"",52]",-215.01703002319999,115.01703002319999
1299,155003283069244,"[""ring16"",""active"",53]",-224.447224756,105.153819607
1300,7335489149434,"[""ring16"",""active"",54]",-233.42541264810001,94.877456700600007
1301,87164892262637,"[""ring16"",""active"",55]",-241.93351282399999,84.208636531099998
1302,248931544040157,"[""ring16"",""active"",56]",-249.95439110219999,73.168844682699998
1303,272615998927664,"[""ring16"",""active"",57]",-257.47189450130003,61.780313826799997
1304,94315279257914,"[""ring16"",""active"",58]",-264.47088377,50.065978948999998
1305,190751843800270,"[""ring16"",""active"",59]",-270.93726387520002,38.049431160799998
1306,176357689890001,"[""ring16"",""active"",60]",-276.85801238800002,25.754870190199998
1307,270298400263533,"[""ring16"",""active"",61]",-282.22120570890002,13.207055646900001
1308,257840753784473,"[""ring16"",""active"",62]",-287.01604308020001,0.43125715930000003
1309,209845167553271,"[""ring16"",""active"",63]",-291.2328683376,-12.5467965145
1310,77772483715893,"[""ring16"",""active"",64]",-294.86318935610001,-25.700969301600001
1311,148848413995031,"[""ring16"",""active"",65]",-297.89969515249999,-39.004770448599999
1312,5015204120109,"[""ring16"",""active"",66]",-300.33627060819998,-52.431407870599998
1313,192847377889347,"[""ring16"",""active"",67]",-302.16800878430001,-65.953842106500005
1314,178399702431466,"[""ring16"",""active"",68]",-303.39122080409999,-79.544840773499999
1315,24408035345326,"[""ring16"",""active"",69]",-304.00344328130001,-93.177033408900002
1316,37622008485791,"[""ring16"",""active"",70]",-304.00344328130001,-106.8229665911
1317,32406834867674,"[""ring16"",""active"",71]",-303.39122080409999,-120.4551592265
1318,151002547788672,"[""ring16"",""active"",72]",-302.16800878430001,-134.04615789350001
1319,238959383580873,"[""ring16"",""active"",73]",-300.33627060819998,-147.5685921294
1320,141409688199073,"[""ring16"",""active"",74]",-297.89969515249999,-160.9952295514
1321,10321860085575,"[""ring16"",""active"",75]",-294.86318935610001,-174.2990306984
1322,224933793133217,"[""ring16"",""active"",76]",-291.2328683376,-187.45320348550001
1323,48654103769125,"[""ring16"",""active"",133]",291.2328683376,-187.45320348550001
1324,281172161546770,"[""ring16"",""active"",134]",294.86318935610001,-174.2990306984
1325,133145961371623,"[""ring16"",""active"",135]",297.89969515249999,-160.9952295514
1326,57767020510651,"[""ring16"",""active"",136]",300.33627060819998,-147.5685921294
1327,213258274086803,"[""ring16"",""active"",137]",302.16800878430001,-134.04615789350001
1328,2608047645654,"[""ring16"",""active"",138]",303.39122080409999,-120.4551592265
1329,144559940529482,"[""ring16"",""active"",139]",304.00344328130001,-106.8229665911
1330,152332581738467,"[""ring17"",""active"",0]",317.57946123710002,-93.211855605300002
1331,199053255616929,"[""ring17"",""active"",1]",316.9993498979,-79.647966482699999
1332,266339809339803,"[""ring17"",""active"",2]",315.84018688869998,-66.121253710800005
1333,146226846484379,"[""ring17"",""active"",3]",314.10408961209998,-52.656426064599998
1334,129508688164245,"[""ring17"",""active"",4]",311.7942293365,-39.278079275800003
1335,116112618666332,"[""ring17"",""active"",5]",308.91482540340002,-26.010651104299999
1336,257123315037316,"[""ring17"",""active"",6]",305.47113751939997,-12.8783766991
1337,272980153295873,"[""ring17"",""active"",7]",301.4694561494,0.094755671599999994
1338,116117485616113,"[""ring17"",""active"",8]",296.91709102530001,12.8850484389
1339,198106948524149,"[""ring17"",""active"",9]",291.82235779389998,25.469138020399999
1340,208443878535548,"[""ring17"",""active"",10]",286.19456282689998,37.824037498199999
1341,120943244017986,"[""ring17"",""active"",11]",280.04398622140002,49.927178607599998
1342,30958100787413,"[""ring17"",""active"",12]",273.38186302129998,61.756452962399997
1343,201247811876415,"[""ring17"",""active"",13]",266.22036269509999,73.290252439300005
1344,143384296230983,"[""ring17"",""active"",14]",258.57256690589998,84.507508648500007
1345,248604990759548,"[""ring17"",""active"",15]",250.45244561589999,95.387731418800001
1346,237911829236964,"[""ring17"",""active"",16]",241.8748315679,105.9110462263
1347,108597255970984,"[""ring17"",""active"",17]",232.8553931905,116.05823049839999
1348,23798040952883,"[""ring17"",""active"",18]",223.41060597769999,125.81074872710001
1349,110316593108706,"[""ring17"",""active"",19]",213.5577223933,135.15078632699999
1350,185556115726987,"[""ring17"",""active"",20]",203.31474035650001,144.06128217680001
1351,90738966461833,"[""ring17"",""active"",21]",192.70037036580001,152.5259597841
1352,8346490300935,"[""ring17"",""active"",22]",181.73400132110001,160.5293570172
1353,234128383958195,"[""ring17"",""active"",23]",170.4356651068,168.05685434919999
1354,28859929127715,"[""ring17"",""active"",24]",158.82599999999999,175.09470156290001
1355,23726128480770,"[""ring17"",""active"",25]",146.92621297159999,181.630042868
1356,271409770005992,"[""ring17"",""active"",26]",134.758040948,187.65094038410001
1357,22478568156834,"[""ring17"",""active"",27]",122.3437111052,193.1463959475
1358,211153487037457,"[""ring17"",""active"",28]",109.705900267,198.106371201
1359,36648644039662,"[""ring17"",""active"",29]",96.8676934824,202.52180593040001
1360,257938817487333,"[""ring17"",""active"",30]",83.852541856399995,206.3846346151
1361,268477681315656,"[""ring17"",""active"",31]",70.684219713100006,209.6878011604
1362,197023921387560,"[""ring17"",""active"",32]",57.386781167899997,212.42527178700001
1363,221087366691279,"[""ring17"",""active"",33]",43.984516188500002,214.59204605279999
1364,5622303700049,"[""ring17"",""active"",34]",30.501906225599999,216.18416598650001
1365,35400039421816,"[""ring17"",""active"",35]",16.963579493099999,217.19872331830001
1366,159025315117172,"[""ring17"",""active"",36]",3.3942659809000002,217.63386479159999
1367,171344980200586,"[""ring17"",""active"",37]",-10.1812477188,217.4887955486
1368,92313167300311,"[""ring17"",""active"",38]",-23.738163687899998,216.76378058220001
1369,224644992062927,"[""ring17"",""active"",39]",-37.2517179803,215.46014425199999
1370,32131299766892,"[""ring17"",""active"",40]",-50.697225857100001,213.5802678652
1371,72172651845139,"[""ring17"",""active"",41]",-64.050126877500006,211.12758532629999
1372,187894532517525,"[""ring17"",""active"",42]",-77.286029762200002,208.1065768652
1373,122817225486272,"[""ring17"",""active"",43]",-90.380756948499993,204.52276085279999
1374,71700088228001,"[""ring17"",""active"",44]",-103.3103887545,200.38268372089999
1375,107023919264082,"[""ring17"",""active"",45]",-116.051307072,195.6939080043
1376,141831917306643,"[""ring17"",""active"",46]",-128.58023850949999,190.46499852619999
1377,219614657588130,"[""ring17"",""active"",47]",-140.8742969043,184.70550675339999
1378,153750100346813,"[""ring17"",""active"",48]",-152.91102512820001,178.42595334890001
1379,247721869966835,"[""ring17"",""active"",49]",-164.668436109,171.63780895420001
1380,218465199506569,"[""ring17"",""active"",50]",-176.12505299360001,164.3534732361
1381,236871194085760,"[""ring17"",""active"",51]",-187.25994837920001,156.586252237
1382,96106580541926,"[""ring17"",""active"",52]",-198.05278254000001,148.3503340689
1383,63970671960349,"[""ring17"",""active"",53]",-208.483840582,139.66076299669999
1384,33902868893571,"[""ring17"",""active"",54]",-218.53406845480001,130.53341195709999
1385,232869216563541,"[""ring17"",""active"",55]",-228.1851077572,120.9849535643
1386,148247924972767,"[""ring17"",""active"",56]",-237.419329272,111.0328296547
1387,158256827859760,"[""ring17"",""active"",57]",-246.21986516819999,100.6952194263
1388,147922613123157,"[""ring17"",""active"",58]",-254.5706398136,89.991006231599997
1389,50814025232388,"[""ring17"",""active"",59]",-262.45639913899998,78.939743084
1390,135727687250940,"[""ring17"",""active"",60]",-269.8627385026,67.561616940999997
1391,167028907175436,"[""ring17"",""active"",61]",-276.77612900219998,55.8774118292
1392,43485611768770,"[""ring17"",""active"",62]",-283.18394218819998,43.908470878999999
1393,82635219630128,"[""ring17"",""active"",63]",-289.07447313159997,31.676657337999998
1394,156989152467440,"[""ring17"",""active"",64]",-294.43696180450002,19.204314633900001
1395,178215120521680,"[""ring17"",""active"",65]",-299.26161273579999,6.5142255606999999
1396,82010388378724,"[""ring17"",""active"",66]",-303.53961290360002,-6.3704293380000001
1397,219404492720106,"[""ring17"",""active"",67]",-307.26314783409998,-19.426114112
1398,108605301621107,"[""ring17"",""active"",68]",-310.42541587570003,-32.628980396599999
1399,24092907508848,"[""ring17"",""active"",69]",-313.02064062350001,-45.954910975799997
1400,238937182268067,"[""ring17"",""active"",70]",-315.04408147100003,-59.379563836599999
1401,44209357611909,"[""ring17"",""active"",71]",-316.49204226910001,-72.878416633100002
1402,185626620875155,"[""ring17"",""active"",72]",-317.36187807840003,-86.426811481200005
1403,144131097326950,"[""ring17"",""active"",73]",-317.65199999999999,-100
1404,143793068460306,"[""ring17"",""active"",74]",-317.36187807840003,-113.57318851879999
1405,247738519839330,"[""ring17"",""active"",75]",-316.49204226910001,-127.1215833669
1406,83298141352093,"[""ring17"",""active"",76]",-315.04408147100003,-140.6204361634
1407,221388406430441,"[""ring17"",""active"",77]",-313.02064062350001,-154.0450890242
1408,275231421179683,"[""ring17"",""active"",143]",314.10408961209998,-147.3435739354
1409,52829172164163,"[""ring17"",""active"",144]",315.84018688869998,-133.8787462892
1410,85863643510885,"[""ring17"",""active"",145]",316.9993498979,-120.3520335173
1411,77224651492242,"[""ring17"",""active"",146]",317.57946123710002,-106.7881443947
1412,5762012480086,"[""ring18"",""active"",0]",331.15417781640002,-93.199361003600004
1413,129057732237894,"[""ring18"",""active"",1]",330.59577695759998,-79.609550426699997
1414,51662000541937,"[""ring18"",""active"",2]",329.47991683020001,-66.054122760499993
1415,161470488071468,"[""ring18"",""active"",3]",327.8084790268,-52.555935522799999
1416,257999781074935,"[""ring18"",""active"",4]",325.58428196969999,-39.1377497107
1417,164472754128888,"[""ring18"",""active"",5]",322.81107615820002,-25.822191421100001
1418,200667525256665,"[""ring18"",""active"",6]",319.49353784480002,-12.6317136976
1419,194821771349612,"[""ring18"",""active"",7]",315.63726114949998,0.41144133040000003
1420,243893772504631,"[""ring18"",""active"",8]",311.24874862719997,13.2852799529
1421,108839338023775,"[""ring18"",""active"",9]",306.3354003028,25.9680939655
1422,46628578844218,"[""ring18"",""active"",10]",300.9055011932,38.4384972748
1423,191875740936992,"[""ring18"",""active"",11]",294.96820733649997,50.675461959499998
1424,64564087161774,"[""ring18"",""active"",12]",288.53353035340001,62.658353728999998
1425,150850869635148,"[""ring18"",""active"",13]",281.61232056490002,74.366966716899995
1426,45627480635122,"[""ring18"",""active"",14]",274.21624869660002,85.781557552899997
1427,157516067797918,"[""ring18"",""active"",15]",266.35778619860002,96.882878654699994
1428,39262183685514,"[""ring18"",""active"",16]",258.05018421670002,107.6522106835
1429,102511923753351,"[""ring18"",""active"",17]",249.30745124699999,118.0713941091
1430,185400548692230,"[""ring18"",""active"",18]",240.1443295153,128.12285983140001
1431,120160480246547,"[""ring18"",""active"",19]",230.57627011759999,137.7896588051
1432,206709256324027,"[""ring18"",""active"",20]",220.61940696670001,147.05549062040001
1433,110112206687254,"[""ring18"",""active"",21]",210.29052958619999,155.90473098859999
1434,116048700908079,"[""ring18"",""active"",22]",199.6070548001,164.32245808869999
1435,57082595673925,"[""ring18"",""active"",23]",188.58699736369999,172.2944777283
1436,165592498746466,"[""ring18"",""active"",24]",177.24893958690001,179.807347279
1437,64066666316926,"[""ring18"",""active"",25]",165.61199999999999,186.8483983431
1438,211214046366219,"[""ring18"",""active"",26]",153.69580111569999,193.40575811560001
1439,33930819274805,"[""ring18"",""active"",27]",141.52043634110001,199.4683694046
1440,231046789370253,"[""ring18"",""active"",28]",129.10643609549999,205.02600927579999
1441,166126953148753,"[""ring18"",""active"",29]",116.4747331917,210.06930629120001
1442,123197998121212,"[""ring18"",""active"",30]",103.6466275383,214.58975631120001
1443,20760280086707,"[""ring18"",""active"",31]",90.643750223599994,218.57973683430001
1444,102876901691900,"[""ring18"",""active"",32]",77.488027040299997,222.0325198507
1445,51205666606287,"[""ring18"",""active"",33]",64.201641513699997,224.94228318730001
1446,278351613325182,"[""ring18"",""active"",34]",50.806997495499999,227.30412032460001
1447,214993254887475,"[""ring18"",""active"",35]",37.326681385900002,229.11404867120001
1448,115614104738572,"[""ring18"",""active"",36]",23.7834240472,230.36901627809999
1449,253931963245466,"[""ring18"",""active"",37]",10.200062475199999,231.06690698630001
1450,169345275459016,"[""ring18"",""active"",38]",-3.4004987095999999,231.2065439941
1451,186816254639434,"[""ring18"",""active"",39]",-16.995325884300001,230.7876918419
1452,13293680560939,"[""ring18"",""active"",40]",-30.5614950949,229.81105680909999
1453,7434663066545,"[""ring18"",""active"",41]",-44.076130710900003,228.27828572350001
1454,175362438616906,"[""ring18"",""active"",42]",-57.5164439996,226.19196318370001
1455,49667682937252,"[""ring18"",""active"",43]",-70.859771551999998,223.5556072016
1456,236690274872400,"[""ring18"",""active"",44]",-84.083613499400002,220.37366326980001
1457,205901654929942,"[""ring18"",""active"",45]",-97.165671452799998,216.65149686550001
1458,133038285563845,"[""ring18"",""active"",46]",-110.0838861029,212.3953844033
1459,97557644461165,"[""ring18"",""active"",47]",-122.8164744174,207.61250265180001
1460,116287721881500,"[""ring18"",""active"",48]",-135.341966372,202.31091663149999
1461,123803214053936,"[""ring18"",""active"",49]",-147.6392411537,196.49956601580001
1462,228958550534608,"[""ring18"",""active"",50]",-159.68756277540001,190.18825005650001
1463,222332739817851,"[""ring18"",""active"",51]",-171.46661504100001,183.3876110601
1464,145186145822296,"[""ring18"",""active"",52]",-182.95653580390001,176.10911644250001
1465,190595490196150,"[""ring18"",""active"",53]",-194.13795045820001,168.365039392
1466,100727241466520,"[""ring18"",""active"",54]",-204.99200460949999,160.1684381746
1467,129661906765590,"[""ring18"",""active"",55]",-215.50039586689999,151.53313411400001
1468,234850321170973,"[""ring18"",""active"",56]",-225.6454047055,142.47368828660001
1469,73234966483171,"[""ring18"",""active"",57]",-235.40992434539999,133.0053769674
1470,252365840156568,"[""ring18"",""active"",58]",-244.77748959749999,123.1441658712
1471,87153313961211,"[""ring18"",""active"",59]",-253.7323046276,112.9066832308
1472,142409163373394,"[""ring18"",""active"",60]",-262.25926959190002,102.3101917579
1473,48128680187867,"[""ring18"",""active"",61]",-270.34400609829999,91.372559534399997
1474,44462215873291,"[""ring18"",""active"",62]",-277.97288145210001,80.112229882400001
1475,60710795197036,"[""ring18"",""active"",63]",-285.13303164370001,68.548190265100004
1476,14029063300297,"[""ring18"",""active"",64]",-291.81238304009997,56.699940269499997
1477,66410244609533,"[""ring18"",""active"",65]",-297.99967274379998,44.587458725200001
1478,91673403325969,"[""ring18"",""active"",66]",-303.6844675845,32.2311700164
1479,59860204061184,"[""ring18"",""active"",67]",-308.85718171219997,19.6519096412
1480,162944862596564,"[""ring18"",""active"",68]",-313.50909276070001,6.8708890781000003
1481,150477590376457,"[""ring18"",""active"",69]",-317.63235655559998,-6.0903399805999996
1482,65527687264022,"[""ring18"",""active"",70]",-321.22002034130003,-19.2099219708
1483,249390348373101,"[""ring18"",""active"",71]",-324.26603450499999,-32.465734309200002
1484,262921644860004,"[""ring18"",""active"",72]",-326.76526277789998,-45.835424697400001
1485,251842229762754,"[""ring18"",""active"",73]",-328.71349089559999,-59.296448812900003
1486,144017493423444,"[""ring18"",""active"",74]",-330.10743370479997,-72.8261083238
1487,100377099933099,"[""ring18"",""active"",75]",-330.94474070259997,-86.401589163400004
1488,147427115862132,"[""ring18"",""active"",76]",-331.22399999999999,-100
1489,162052305224799,"[""ring18"",""active"",77]",-330.94474070259997,-113.5984108366
1490,160932634190881,"[""ring18"",""active"",152]",331.15417781640002,-106.8006389964
1491,6909989444034,"[""ring19"",""active"",2]",343.11478027300001,-65.992218917000002
1492,198461130717884,"[""ring19"",""active"",3]",341.50338180940003,-52.463468482400003
1493,258789264602960,"[""ring19"",""active"",4]",339.35876635400001,-39.008940698799996
1494,42167234651988,"[""ring19"",""active"",5]",336.6842824693,-25.649643214299999
1495,2327218371915,"[""ring19"",""active"",6]",333.48410604430001,-12.406434986000001
1496,6790610267480,"[""ring19"",""active"",7]",329.7632337746,0.70000628850000002
1497,133349311851532,"[""ring19"",""active"",8]",325.52747536070001,13.6492164571
1498,54768823658163,"[""ring19"",""active"",9]",320.78344443639998,26.420976865099998
1499,57360425040979,"[""ring19"",""active"",10]",315.53854824289999,38.995345924799999
1500,3265448839071,"[""ring19"",""active"",11]",309.80097606300001,51.352690251600002
1501,96812547267648,"[""ring19"",""active"",12]",303.57968643459998,63.473715319199997
1502,135766017480940,"[""ring19"",""active"",13]",296.88439316289998,75.339495585799995
1503,239300882133747,"[""ring19"",""active"",14]",289.72555015360001,86.931504044099995
1504,11427387278160,"[""ring19"",""active"",15]",282.11433509019997,98.231641148999998
1505,233906880639778,"[""ring19"",""active"",16]",274.06263198160002,109.22226307770001
1506,25519697885984,"[""ring19"",""active"",17]",265.58301260629997,119.8862092788
1507,35693125326166,"[""ring19"",""active"",18]",256.68871688339999,130.20682926609999
1508,254271760492824,"[""ring19"",""active"",19]",247.3936321999,140.16800861679999
1509,15342883159364,"[""ring19"",""active"",20]",237.71227172709999,149.75419413169999
1510,140087184077929,"[""ring19"",""active"",21]",227.65975176009999,158.95041811999999
1511,133516759985974,"[""ring19"",""active"",22]",217.25176811559999,167.7423217697
1512,25664232707452,"[""ring19"",""active"",23]",206.50457162449999,176.11617756690001
1513,87560163203732,"[""ring19"",""active"",24]",195.43494275840001,184.0589107298
1514,93188402482093,"[""ring19"",""active"",25]",184.0601654287,191.55811962339999
1515,105712438482977,"[""ring19"",""active"",26]",172.398,198.60209512329999
1516,95390922516384,"[""ring19"",""active"",27]",160.46665555909999,205.17983889780001
1517,11752238171204,"[""ring19"",""active"",28]",148.28476148409999,211.28108058090001
1518,156410186679370,"[""ring19"",""active"",29]",135.87133835649999,216.89629380790001
1519,226620961609507,"[""ring19"",""active"",30]",123.245768263,222.01671109009999
1520,204503545529657,"[""ring19"",""active"",31]",110.42776453250001,226.63433750350001
1521,200890586498772,"[""ring19"",""active"",32]",97.437340956200003,230.74196317280001
1522,152803476474171,"[""ring19"",""active"",33]",84.294780538500007,234.333174528
1523,272708853521373,"[""ring19"",""active"",34]",71.020603827499997,237.4023643189
1524,265837752506308,"[""ring19"",""active"",35]",57.635536874099998,239.94474037000001
1525,19477370167863,"[""ring19"",""active"",36]",44.160478871800002,241.9563330629
1526,38289667248126,"[""ring19"",""active"",37]",30.616469523799999,243.43400153440001
1527,245276864947409,"[""ring19"",""active"",38]",17.024656192999998,244.3754385805
1528,128528741801345,"[""ring19"",""active"",39]",3.4062608825999998,244.77917425909999
1529,209397250092406,"[""ring19"",""active"",40]",-10.2174528999,244.64457818490001
1530,186912821600874,"[""ring19"",""active"",41]",-23.825213342600001,243.97186051360001
1531,139553662965706,"[""ring19"",""active"",42]",-37.395773542800001,242.76207161400001
1532,93806919789147,"[""ring19"",""active"",43]",-50.907944681799997,241.0171004279
1533,163644871786656,"[""ring19"",""active"",44]",-64.340629108300007,238.7396715207
1534,137172614678648,"[""ring19"",""active"",45]",-77.672853280200002,235.9333408272
1535,32485782020197,"[""ring19"",""active"",46]",-90.883800511999993,232.60249009969999
1536,152875726376527,"[""ring19"",""active"",47]",-103.9528434778,228.75232006620001
1537,244155150709629,"[""ring19"",""active"",48]",-116.8595764185,224.38884231009999
1538,73235561139386,"[""ring19"",""active"",49]",-129.5838470027,219.51886988410001
1539,130226342297397,"[""ring19"",""active"",50]",-142.10578779229999,214.1500066719
1540,12290890876818,"[""ring19"",""active"",51]",-154.4058472632,208.2906355161
1541,207502900180019,"[""ring19"",""active"",52]",-166.4648203328,201.94990512929999
1542,115215119629411,"[""ring19"",""active"",53]",-178.2638783459,195.13771580919999
1543,41657173831006,"[""ring19"",""active"",54]",-189.78459847420001,187.8647039809
1544,268654797521524,"[""ring19"",""active"",55]",-201.0089924808,180.14222558879999
1545,34723539270648,"[""ring19"",""active"",56]",-211.91953480679999,171.98233836649999
1546,160236057663466,"[""ring19"",""active"",57]",-222.4991899355,163.39778300890001
1547,9247724698969,"[""ring19"",""active"",58]",-232.7314389915,154.40196328050001
1548,99675956044625,"[""ring19"",""active"",59]",-242.60030553230001,145.00892508570001
1549,170954525565605,"[""ring19"",""active"",60]",-252.09038049439999,135.23333453859999
1550,32464463123110,"[""ring19"",""active"",61]",-261.18684625240002,125.0904550636
1551,60188997605917,"[""ring19"",""active"",62]",-269.87549975460001,114.5961235629
1552,4210324774030,"[""ring19"",""active"",63]",-278.14277470010001,103.7667256892
1553,248007543782829,"[""ring19"",""active"",64]",-285.97576272049997,92.619170261999997
1554,203505867274245,"[""ring19"",""active"",65]",-293.36223353470001,81.170862865700002
1555,50282950338760,"[""ring19"",""active"",66]",-300.29065404549999,69.439678673299994
1556,126918555497847,"[""ring19"",""active"",67]",-306.75020634660001,57.4439345364
1557,64567352066092,"[""ring19"",""active"",68]",-312.73080461400002,45.202360385399999
1558,35410024593946,"[""ring19"",""active"",69]",-318.2231108533,32.734069985200001
1559,240389882602176,"[""ring19"",""active"",70]",-323.21854948039999,20.058531091199999
1560,190560676712574,"[""ring19"",""active"",71]",-327.7093207108,7.1955350528000004
1561,274949299100779,"[""ring19"",""active"",72]",-331.68841273840002,-5.8348340888000001
1562,123329586181351,"[""ring19"",""active"",73]",-335.14961268330001,-19.012230958899998
1563,185162908392774,"[""ring19"",""active"",74]",-338.08751629260001,-32.316080616500003
1564,207665246418798,"[""ring19"",""active"",75]",-340.49753637859999,-45.725610679699997
1565,54063286344905,"[""ring19"",""active"",76]",-342.37590998109999,-59.219883758999998
1566,59575505862370,"[""ring20"",""active"",6]",347.44607046700003,-12.199934276700001
1567,224170047728808,"[""ring20"",""active"",7]",343.85157796829998,0.96393293010000003
1568,78194818953670,"[""ring20"",""active"",8]",339.758533554,13.981412086500001
1569,122608968701962,"[""ring20"",""active"",9]",335.17287174730001,26.833629091999999
1570,202598441108029,"[""ring20"",""active"",10]",330.10124131949999,39.501949460799999
1571,94934668134722,"[""ring20"",""active"",11]",324.55099564969998,51.968005339299999
1572,53729414262073,"[""ring20"",""active"",12]",318.53018206360002,64.213722138400001
1573,224944812445364,"[""ring20"",""active"",13]",312.04753016529997,76.221344739399996
1574,249173392196016,"[""ring20"",""active"",14]",305.11243918029999,87.973463237399997
1575,165941016518796,"[""ring20"",""active"",15]",297.73496432749999,99.453038184199997
1576,57522986425160,"[""ring20"",""active"",16]",289.92580224020003,110.6434252935
1577,80287007484599,"[""ring20"",""active"",17]",281.69627545679998,121.5283995739
1578,165763592646768,"[""ring20"",""active"",18]",273.05831600440001,132.09217885320001
1579,169889807896768,"[""ring20"",""active"",19]",264.02444809849999,142.31944666140001
1580,66342759838077,"[""ring20"",""active"",20]",254.60776998380001,152.1953744379
1581,169736278969944,"[""ring20"",""active"",21]",244.82193494340001,161.7056430316
1582,32796543426627,"[""ring20"",""active"",22]",234.68113150249999,170.83646346219999
1583,68332999914388,"[""ring20"",""active"",23]",224.20006285669999,179.57459691299999
1584,194588380487749,"[""ring20"",""active"",24]",213.3939255535,187.9073739259
1585,98954439059017,"[""ring20"",""active"",25]",202.27838745880001,195.8227127708
1586,105731197563646,"[""ring20"",""active"",26]",190.8695650404,203.3091369631
1587,192113044057481,"[""ring20"",""active"",27]",179.184,210.35579190339999
1588,267354279475119,"[""ring20"",""active"",28]",167.2386352897,216.95246061579999
1589,231516307735255,"[""ring20"",""active"",29]",155.0507905465,223.08957856129999
1590,172206806907177,"[""ring20"",""active"",30]",142.6381369799,228.75824750550001
1591,149507773042685,"[""ring20"",""active"",31]",130.01867175109999,233.9502484205
1592,200156666146780,"[""ring20"",""active"",32]",117.21069187809999,238.65805340110001
1593,18611197678508,"[""ring20"",""active"",33]",104.2327677074,242.8748365804
1594,177718223928633,"[""ring20"",""active"",34]",91.103715988299996,246.5944840258
1595,256455196178599,"[""ring20"",""active"",35]",77.842572590499998,249.8116026042
1596,235323863538756,"[""ring20"",""active"",36]",64.468564904299996,252.52152780099999
1597,15943802155415,"[""ring20"",""active"",37]",51.001083962300001,254.72033048399999
1598,185280901634515,"[""ring20"",""active"",38]",37.459656324299999,256.40482259930002
1599,79836920781692,"[""ring20"",""active"",39]",23.863915765800002,257.57256179460001
1600,106353068916056,"[""ring20"",""active"",40]",10.2335748108,258.22185495949998
1601,137382016993202,"[""ring20"",""active"",41]",-3.4116038493,258.35176068099997
1602,124080633610874,"[""ring20"",""active"",42]",-17.051836009900001,257.9620906083
1603,72798260696514,"[""ring20"",""active"",43]",-30.667344638500001,257.05340972580001
1604,53669186850719,"[""ring20"",""active"",44]",-44.238388549299998,255.62703553380001
1605,81721533174650,"[""ring20"",""active"",45]",-57.7452910258,253.6850361386
1606,188361387199280,"[""ring20"",""active"",46]",-71.1684683509,251.23022725359999
1607,269629187836502,"[""ring20"",""active"",47]",-84.488458200599993,248.26616811700001
1608,70877225213662,"[""ring20"",""active"",48]",-97.685947863199999,244.7971563312
1609,224518187708682,"[""ring20"",""active"",49]",-110.7418022402,240.82822163169999
1610,55892366820952,"[""ring20"",""active"",50]",-123.6370915909,236.36511859429999
1611,102521658914127,"[""ring20"",""active"",51]",-136.3531189787,231.4143182917
1612,56062407163641,"[""ring20"",""active"",52]",-148.87144737950001,225.98299891120001
1613,137664004298440,"[""ring20"",""active"",53]",-161.17392641379999,220.07903534650001
1614,61579366192012,"[""ring20"",""active"",54]",-173.24271866309999,213.71098778050001
1615,1950715800013,"[""ring20"",""active"",55]",-185.06032553259999,206.88808927319999
1616,79442100847761,"[""ring20"",""active"",56]",-196.60961262199999,199.62023237529999
1617,141739552123550,"[""ring20"",""active"",57]",-207.8738345692,191.9179547844
1618,66207696425752,"[""ring20"",""active"",58]",-218.83665932919999,183.79242406669999
1619,152948188147364,"[""ring20"",""active"",59]",-229.48219185409999,175.2554214649
1620,191647137491667,"[""ring20"",""active"",60]",-239.79499713960001,166.3193248167
1621,58280605015421,"[""ring20"",""active"",61]",-249.76012260389999,156.99709060789999
1622,104286687855580,"[""ring20"",""active"",62]",-259.36311976759998,147.3022351868
1623,52556045685329,"[""ring20"",""active"",63]",-268.59006520309998,137.24881516709999
1624,176751109349285,"[""ring20"",""active"",64]",-277.42758072150002,126.8514070466
1625,151869936480162,"[""ring20"",""active"",65]",-285.86285277019999,116.12508607309999
1626,159404042683435,"[""ring20"",""active"",66]",-293.88365101110003,105.0854043865
1627,58318370150846,"[""ring20"",""active"",67]",-301.47834605359998,93.748368469900001
1628,230169472788567,"[""ring20"",""active"",68]",-308.635926316,82.130415941600006
1629,33426951964673,"[""ring20"",""active"",69]",-315.34601399109999,70.248391721999994
1630,125406603809863,"[""ring20"",""active"",70]",-321.59888009330001,58.1195236103
1631,41483773868676,"[""ring20"",""active"",71]",-327.38545856450003,45.761397305800003
1632,139662029704486,"[""ring20"",""active"",72]",-332.6973594191,33.191930910099998
1633,111518255249667,"[""ring20"",""active"",73]",-337.52688090880002,20.429348947800001
1634,228794599588889,"[""ring20"",""active"",74]",-341.86702068900001,7.4921559428000002
1635,128228961783974,"[""ring20"",""active"",75]",-345.71148597209998,-5.6008904121
1636,98361663629905,"[""ring20"",""active"",76]",-349.05470265079998,-18.830806451200001
1637,190871916934041,"[""ring21"",""active"",10]",344.91328766309999,39.191190789700002
1638,143133634176524,"[""ring21"",""active"",11]",339.59963432159998,51.6952602048
1639,244690956127829,"[""ring21"",""active"",12]",333.83285208119997,63.996922139799999
1640,204448031959903,"[""ring21"",""active"",13]",327.62063557810001,76.079762446999993
1641,258294407032245,"[""ring21"",""active"",14]",320.97127379310001,87.927658953299996
1642,177609762776696,"[""ring21"",""active"",15]",313.89363899120002,99.524802971699998
1643,105172938710935,"[""ring21"",""active"",16]",306.39717488359997,110.85572039509999
1644,127223541188007,"[""ring21"",""active"",17]",298.49188402700003,121.90529234349999
1645,214406591817547,"[""ring21"",""active"",18]",290.18831447650001,132.65877533700001
1646,29583187833191,"[""ring21"",""active"",19]",281.49754571210002,143.1018209682
1647,212140445188074,"[""ring21"",""active"",20]",272.431173855,153.22049504730001
1648,152734073453297,"[""ring21"",""active"",21]",263.00129619450001,163.00129619449999
1649,63523999754764,"[""ring21"",""active"",22]",253.22049504730001,172.431173855
1650,135574700611258,"[""ring21"",""active"",23]",243.1018209682,181.49754571209999
1651,183238173394401,"[""ring21"",""active"",24]",232.65877533700001,190.18831447650001
1652,165259471032153,"[""ring21"",""active"",25]",221.90529234350001,198.491884027
1653,257109685904341,"[""ring21"",""active"",26]",210.85572039510001,206.3971748836
1654,277706360066451,"[""ring21"",""active"",27]",199.52480297170001,213.89363899119999
1655,238621239644679,"[""ring21"",""active"",28]",187.92765895330001,220.97127379310001
1656,25746603470639,"[""ring21"",""active"",29]",176.07976244700001,227.62063557810001
1657,2136767469297,"[""ring21"",""active"",30]",163.99692213980001,233.8328520812
1658,266919169064262,"[""ring21"",""active"",31]",151.69526020480001,239.59963432160001
1659,187103468035798,"[""ring21"",""active"",32]",139.19119078969999,244.91328766309999
1660,108319536364705,"[""ring21"",""active"",33]",126.501398115,249.76672208049999
1661,151772599394285,"[""ring21"",""active"",34]",113.6428142124,254.15346162060001
1662,252725651360732,"[""ring21"",""active"",35]",100.6325963324,258.06765304250001
1663,81440726705628,"[""ring21"",""active"",36]",87.488104051199997,261.50407362790003
1664,82986948758250,"[""ring21"",""active"",37]",74.226876107500004,264.45813814939999
1665,257286547541682,"[""ring21"",""active"",38]",60.8666070011,266.92590498919998
1666,76379606568897,"[""ring21"",""active"",39]",47.425123382599999,268.9040813981
1667,192360787972710,"[""ring21"",""active"",40]",33.920360267299998,270.3900278886
1668,108887979063300,"[""ring21"",""active"",41]",20.370337104800001,271.38176175770002
1669,9707543976464,"[""ring21"",""active"",42]",6.7931337350999996,271.87795973150003
1670,235051967456065,"[""ring21"",""active"",43]",-6.7931337350999996,271.87795973150003
1671,248568575966378,"[""ring21"",""active"",44]",-20.370337104800001,271.38176175770002
1672,56266112536894,"[""ring21"",""active"",45]",-33.920360267299998,270.3900278886
1673,72309401645807,"[""ring21"",""active"",46]",-47.425123382599999,268.9040813981
1674,137706384511391,"[""ring21"",""active"",47]",-60.8666070011,266.92590498919998
1675,97473119878354,"[""ring21"",""active"",48]",-74.226876107500004,264.45813814939999
1676,233950657086445,"[""ring21"",""active"",49]",-87.488104051199997,261.50407362790003
1677,51430324629691,"[""ring21"",""active"",50]",-100.6325963324,258.06765304250001
1678,138958469651518,"[""ring21"",""active"",51]",-113.6428142124,254.15346162060001
1679,229986469746932,"[""ring21"",""active"",52]",-126.501398115,249.76672208049999
1680,211600126175996,"[""ring21"",""active"",53]",-139.19119078969999,244.91328766309999
1681,19476505624503,"[""ring21"",""active"",54]",-151.69526020480001,239.59963432160001
1682,194052533287993,"[""ring21"",""active"",55]",-163.99692213980001,233.8328520812
1683,148123392631972,"[""ring21"",""active"",56]",-176.07976244700001,227.62063557810001
1684,234270516919715,"[""ring21"",""active"",57]",-187.92765895330001,220.97127379310001
1685,170295456254668,"[""ring21"",""active"",58]",-199.52480297170001,213.89363899119999
1686,137666871444390,"[""ring21"",""active"",59]",-210.85572039510001,206.3971748836
1687,257621263878560,"[""ring21"",""active"",60]",-221.90529234350001,198.491884027
1688,65731315052332,"[""ring21"",""active"",61]",-232.65877533700001,190.18831447650001
1689,75842427205242,"[""ring21"",""active"",62]",-243.1018209682,181.49754571209999
1690,258035917648931,"[""ring21"",""active"",63]",-253.22049504730001,172.431173855
1691,138750280357757,"[""ring21"",""active"",64]",-263.00129619450001,163.00129619449999
1692,163038539327807,"[""ring21"",""active"",65]",-272.431173855,153.22049504730001
1693,91528293230572,"[""ring21"",""active"",66]",-281.49754571210002,143.1018209682
1694,164722565347743,"[""ring21"",""active"",67]",-290.18831447650001,132.65877533700001
1695,18741108580529,"[""ring21"",""active"",68]",-298.49188402700003,121.90529234349999
1696,22655680139135,"[""ring21"",""active"",69]",-306.39717488359997,110.85572039509999
1697,209251381934845,"[""ring21"",""active"",70]",-313.89363899120002,99.524802971699998
1698,166984755071973,"[""ring21"",""active"",71]",-320.97127379310001,87.927658953299996
1699,209168461923326,"[""ring21"",""active"",72]",-327.62063557810001,76.079762446999993
1700,269584347076417,"[""ring21"",""active"",73]",-333.83285208119997,63.996922139799999
1701,237349919418326,"[""ring21"",""active"",74]",-339.59963432159998,51.6952602048
1702,112085597460893,"[""ring21"",""active"",75]",-344.91328766309999,39.191190789700002
1703,66837460426742,"[""ring22"",""active"",14]",336.10804065970001,88.814425158399999
1704,59709388449451,"[""ring22"",""active"",15]",329.2351288067,100.5585503129
1705,194472066619383,"[""ring22"",""active"",16]",321.95203098100001,112.05280448800001
1706,52358747611243,"[""ring22"",""active"",17]",314.2678210153,123.2828672744
1707,231475696044089,"[""ring22"",""active"",18]",306.19207247849999,134.23474741230001
1708,118966798040174,"[""ring22"",""active"",19]",297.73484674769998,144.89480022270001
1709,9899031480923,"[""ring22"",""active"",20]",288.90668047299999,155.24974460729999
1710,141502903083873,"[""ring22"",""active"",21]",279.7185724501,165.28667959480001
1711,172862148257048,"[""ring22"",""active"",22]",270.18196991769997,174.9931004142
1712,106659757751851,"[""ring22"",""active"",23]",260.30875429489998,184.3569140736
1713,221208546924957,"[""ring22"",""active"",24]",250.1112263789,193.3664544273
1714,195504718181077,"[""ring22"",""active"",25]",239.6020910197,202.01049671000001
1715,10820651053037,"[""ring22"",""active"",26]",228.7944412912,210.27827152130001
1716,237759111622489,"[""ring22"",""active"",27]",217.7017421793,218.1594782434
1717,139164730123232,"[""ring22"",""active"",28]",206.33781380580001,225.64429787399999
1718,92300581925034,"[""ring22"",""active"",29]",194.7168142102,232.72340525999999
1719,122421230801569,"[""ring22"",""active"",30]",182.853221711,239.38798071510001
1720,53178161524911,"[""ring22"",""active"",31]",170.7618168672,245.62972100819999
1721,63467716104247,"[""ring22"",""active"",32]",158.4576640635,251.44084970809999
1722,167751271623566,"[""ring22"",""active"",33]",145.95609274220001,256.81412687199997
1723,182600265393067,"[""ring22"",""active"",34]",133.2726783043,261.74285806580002
1724,101933987258619,"[""ring22"",""active"",35]",120.4232227049,266.22090270400003
1725,54673075798481,"[""ring22"",""active"",36]",107.4237347656,270.24268170080001
1726,74116476765210,"[""ring22"",""active"",37]",94.290410229599999,273.8031844203
1727,195055049209871,"[""ring22"",""active"",38]",81.039611583899998,276.89797491939999
1728,262792545052223,"[""ring22"",""active"",39]",67.687847673500002,279.52319747460001
1729,220117885923027,"[""ring22"",""active"",40]",54.251753133699999,281.67558138539999
1730,183675946504112,"[""ring22"",""active"",41]",40.748067665100002,283.35244504970001
1731,141117461512258,"[""ring22"",""active"",42]",27.1936151783,284.55169930390002
1732,126577995742743,"[""ring22"",""active"",43]",13.6052828333,285.27185002670001
1733,218212375497753,"[""ring22"",""active"",44]",0,285.512
1734,270368623799371,"[""ring22"",""active"",45]",-13.6052828333,285.27185002670001
1735,122966240122593,"[""ring22"",""active"",46]",-27.1936151783,284.55169930390002
1736,103981055132913,"[""ring22"",""active"",47]",-40.748067665100002,283.35244504970001
1737,107948464922574,"[""ring22"",""active"",48]",-54.251753133699999,281.67558138539999
1738,255949345494494,"[""ring22"",""active"",49]",-67.687847673500002,279.52319747460001
1739,34877087260188,"[""ring22"",""active"",50]",-81.039611583899998,276.89797491939999
1740,97377047622373,"[""ring22"",""active"",51]",-94.290410229599999,273.8031844203
1741,277411555592790,"[""ring22"",""active"",52]",-107.4237347656,270.24268170080001
1742,220503518175765,"[""ring22"",""active"",53]",-120.4232227049,266.22090270400003
1743,190787266779524,"[""ring22"",""active"",54]",-133.2726783043,261.74285806580002
1744,265597356022259,"[""ring22"",""active"",55]",-145.95609274220001,256.81412687199997
1745,173042217884110,"[""ring22"",""active"",56]",-158.4576640635,251.44084970809999
1746,132618413168491,"[""ring22"",""active"",57]",-170.7618168672,245.62972100819999
1747,210371789318722,"[""ring22"",""active"",58]",-182.853221711,239.38798071510001
1748,160040212516831,"[""ring22"",""active"",59]",-194.7168142102,232.72340525999999
1749,239005669868478,"[""ring22"",""active"",60]",-206.33781380580001,225.64429787399999
1750,110916036668362,"[""ring22"",""active"",61]",-217.7017421793,218.1594782434
1751,26137534605234,"[""ring22"",""active"",62]",-228.7944412912,210.27827152130001
1752,166514487772148,"[""ring22"",""active"",63]",-239.6020910197,202.01049671000001
1753,238280713318919,"[""ring22"",""active"",64]",-250.1112263789,193.3664544273
1754,87541064405727,"[""ring22"",""active"",65]",-260.30875429489998,184.3569140736
1755,155478646514206,"[""ring22"",""active"",66]",-270.18196991769997,174.9931004142
1756,108807271109195,"[""ring22"",""active"",67]",-279.7185724501,165.28667959489999
1757,257725145122836,"[""ring22"",""active"",68]",-288.90668047299999,155.24974460729999
1758,139744908749103,"[""ring22"",""active"",69]",-297.73484674769998,144.89480022270001
1759,1822815595464,"[""ring22"",""active"",70]",-306.19207247849999,134.23474741230001
1760,147882436203894,"[""ring22"",""active"",71]",-314.2678210153,123.2828672744
1761,28008124705650,"[""ring22"",""active"",72]",-321.95203098100001,112.05280448800001
1762,45220370675439,"[""ring22"",""active"",73]",-329.2351288067,100.5585503129
1763,245567369293603,"[""ring22"",""active"",74]",-336.10804065970001,88.814425158399999
1764,198605637543972,"[""ring23"",""active"",18]",322.06283421149999,135.67683355739999
1765,242252960866190,"[""ring23"",""active"",19]",313.82881003969999,146.5350219442
1766,16161931824324,"[""ring23"",""active"",20]",305.22887551370002,157.10576152359999
1767,229833085620917,"[""ring23"",""active"",21]",296.27305777250001,167.37672728589999
1768,17795509507080,"[""ring23"",""active"",22]",286.97179889889998,177.33594374469999
1769,242947255580395,"[""ring23"",""active"",23]",277.33594374469999,186.9717988989
1770,170428988699174,"[""ring23"",""active"",24]",267.37672728590002,196.27305777250001
1771,106293823328493,"[""ring23"",""active"",25]",257.10576152359999,205.22887551369999
1772,111469565484485,"[""ring23"",""active"",26]",246.5350219442,213.82881003969999
1773,76780221903879,"[""ring23"",""active"",27]",235.67683355739999,222.06283421149999
1774,25128352658261,"[""ring23"",""active"",28]",224.543856525,229.92134752530001
1775,134124510805259,"[""ring23"",""active"",29]",213.14907140029999,237.39518730590001
1776,229840037737798,"[""ring23"",""active"",30]",201.5057639929,244.4756393907
1777,106613257445133,"[""ring23"",""active"",31]",189.62750987859999,251.1544482891
1778,207198314463800,"[""ring23"",""active"",32]",177.52815857030001,257.42382680880002
1779,166065304027098,"[""ring23"",""active"",33]",165.22181737029999,263.27646513479999
1780,265405380967139,"[""ring23"",""active"",34]",152.722834922,268.70553935269999
1781,45186216161021,"[""ring23"",""active"",35]",140.04578447980001,273.70471940480002
1782,4460143286361,"[""ring23"",""active"",36]",127.2054469176,278.26817647069998
1783,37371492208123,"[""ring23"",""active"",37]",114.21679349439999,282.39058976370001
1784,26524453641855,"[""ring23"",""active"",38]",101.0949683992,286.06715273430001
1785,43334649312220,"[""ring23"",""active"",39]",87.855271092999999,289.2935786745
1786,196867025681636,"[""ring23"",""active"",40]",74.5131384707,292.06610571589999
1787,132559118074572,"[""ring23"",""active"",41]",61.0841268621,294.38150121609999
1788,38204869768324,"[""ring23"",""active"",42]",47.583893894100001,296.23706552750002
1789,182710248943602,"[""ring23"",""active"",43]",34.028180234300002,297.63063514520002
1790,220362098886556,"[""ring23"",""active"",44]",20.432791238499998,298.5605852292
1791,92680825303001,"[""ring23"",""active"",45]",6.8135785221000003,299.02583149930001
1792,198407378591608,"[""ring23"",""active"",46]",-6.8135785221000003,299.02583149930001
1793,92836036995502,"[""ring23"",""active"",47]",-20.432791238499998,298.5605852292
1794,104822327260968,"[""ring23"",""active"",48]",-34.028180234300002,297.63063514520002
1795,117623883448496,"[""ring23"",""active"",49]",-47.583893894100001,296.23706552750002
1796,276270131586084,"[""ring23"",""active"",50]",-61.0841268621,294.38150121609999
1797,209741499560634,"[""ring23"",""active"",51]",-74.5131384707,292.06610571589999
1798,143961677220138,"[""ring23"",""active"",52]",-87.855271092999999,289.2935786745
1799,182942892498471,"[""ring23"",""active"",53]",-101.0949683992,286.06715273430001
1800,16215891065952,"[""ring23"",""active"",54]",-114.21679349439999,282.39058976370001
1801,278744439925560,"[""ring23"",""active"",55]",-127.2054469176,278.26817647069998
1802,273808916878422,"[""ring23"",""active"",56]",-140.04578447980001,273.70471940480002
1803,56800991338401,"[""ring23"",""active"",57]",-152.722834922,268.70553935269999
1804,169617879114393,"[""ring23"",""active"",58]",-165.22181737029999,263.27646513479999
1805,121930626409342,"[""ring23"",""active"",59]",-177.52815857030001,257.42382680880002
1806,120678061666484,"[""ring23"",""active"",60]",-189.62750987859999,251.1544482891
1807,247016266106142,"[""ring23"",""active"",61]",-201.5057639929,244.4756393907
1808,242738715196904,"[""ring23"",""active"",62]",-213.14907140029999,237.39518730590001
1809,180753170342963,"[""ring23"",""active"",63]",-224.543856525,229.92134752530001
1810,258950298849356,"[""ring23"",""active"",64]",-235.67683355739999,222.06283421149999
1811,134326307652931,"[""ring23"",""active"",65]",-246.5350219442,213.82881003969999
1812,189743711453430,"[""ring23"",""active"",66]",-257.10576152359999,205.22887551369999
1813,56977596792422,"[""ring23"",""active"",67]",-267.37672728590002,196.27305777250001
1814,90851163978647,"[""ring23"",""active"",68]",-277.33594374469999,186.9717988989
1815,42533723503559,"[""ring23"",""active"",69]",-286.97179889889998,177.33594374469999
1816,191561531231348,"[""ring23"",""active"",70]",-296.27305777250001,167.37672728589999
1817,275829676214121,"[""ring23"",""active"",71]",-305.22887551370002,157.10576152359999
1818,112753908648638,"[""ring23"",""active"",72]",-313.82881003969999,146.5350219442
1819,163518635563795,"[""ring23"",""active"",73]",-322.06283421149999,135.67683355739999
1820,240627842932181,"[""ring24"",""active"",24]",285.7313199335,197.72904988440001
1821,193773095316661,"[""ring24"",""active"",25]",275.78432453260001,206.9657646679
1822,222980411534294,"[""ring24"",""active"",26]",265.53891223170001,215.8703221685
1823,141561099459772,"[""ring24"",""active"",27]",255.00616924529999,224.43308706549999
1824,196536086807655,"[""ring24"",""active"",28]",244.1974926988,232.64479388020001
1825,197827550994298,"[""ring24"",""active"",29]",233.12457829589999,240.49655700220001
1826,248074285415363,"[""ring24"",""active"",30]",221.7994076631,247.9798803038
1827,60940640924950,"[""ring24"",""active"",31]",210.23423538500001,255.0866663338
1828,252416097513859,"[""ring24"",""active"",32]",198.4415757438,261.80922507909997
1829,74342450093514,"[""ring24"",""active"",33]",186.434189178,268.14028228590001
1830,20225666753970,"[""ring24"",""active"",34]",174.22506847490001,274.0729873313
1831,151155694842940,"[""ring24"",""active"",35]",161.82742471149999,279.60092063539997
1832,162328731185936,"[""ring24"",""active"",36]",149.25467295940001,284.71810060849998
1833,166959468841107,"[""ring24"",""active"",37]",136.52041776830001,289.41899012290003
1834,5850206264174,"[""ring24"",""active"",38]",123.6384384457,293.69850250500002
1835,98472940468487,"[""ring24"",""active"",39]",110.62267414599999,297.55200703909998
1836,19701828127026,"[""ring24"",""active"",40]",97.487208788199993,300.97533397789999
1837,221181631788393,"[""ring24"",""active"",41]",84.246255815400005,303.96477905519998
1838,182196156155851,"[""ring24"",""active"",42]",70.9141428155,306.51710749329999
1839,210384393170808,"[""ring24"",""active"",43]",57.505296017600003,308.62955750399999
1840,52054821784230,"[""ring24"",""active"",44]",44.034224681700003,310.29984327649998
1841,137073483869227,"[""ring24"",""active"",45]",30.515505398999998,311.52615745079999
1842,236363147489794,"[""ring24"",""active"",46]",16.963766318899999,312.30717307399999
1843,185063562080671,"[""ring24"",""active"",47]",3.3936713205000002,312.64204503539997
1844,125335396341710,"[""ring24"",""active"",48]",-10.180095855099999,312.53041098130001
1845,47660881120559,"[""ring24"",""active"",49]",-23.742847492799999,311.97239170720002
1846,195681711238749,"[""ring24"",""active"",50]",-37.279907797500002,310.96859102690001
1847,146364132776263,"[""ring24"",""active"",51]",-50.776628773500001,309.52009511919999
1848,242006095312795,"[""ring24"",""active"",52]",-64.218406075000004,307.62847135250001
1849,24568865142898,"[""ring24"",""active"",53]",-77.590694808899997,305.29576658910003
1850,235637730874526,"[""ring24"",""active"",54]",-90.879025273500005,302.52450497000001
1851,43717075562995,"[""ring24"",""active"",55]",-104.0690186153,299.31768518370001
1852,92826395622882,"[""ring24"",""active"",56]",-117.1464023881,295.67877722150001
1853,100771691659703,"[""ring24"",""active"",57]",-130.0970259968,291.61171862290001
1854,148853577847673,"[""ring24"",""active"",58]",-142.906876009,287.12091021449999
1855,115338910477986,"[""ring24"",""active"",59]",-155.56209131899999,282.2112113485
1856,91085862702413,"[""ring24"",""active"",60]",-168.04897814579999,276.8879346439
1857,180430180510315,"[""ring24"",""active"",61]",-180.35402485099999,271.15684023879999
1858,242310311901251,"[""ring24"",""active"",62]",-192.4639165593,265.02412955670002
1859,174985283718676,"[""ring24"",""active"",63]",-204.3655495662,258.49643859669999
1860,177304213362875,"[""ring24"",""active"",64]",-216.0460455164,251.58083075260001
1861,280885304589792,"[""ring24"",""active"",65]",-227.49276534020001,244.2847891701
1862,181707612634253,"[""ring24"",""active"",66]",-238.6933229286,236.6162086491
1863,272292974374781,"[""ring24"",""active"",67]",-249.6355985367,228.5833871017
1864,197742970690053,"[""ring24"",""active"",68]",-260.3077518979,220.19501657250001
1865,225338406389378,"[""ring24"",""active"",69]",-270.69823503539999,211.46017383399999
1866,23481573933285,"[""ring24"",""active"",70]",-280.79580475860001,202.3883105644
1867,27281225297101,"[""ring24"",""active"",71]",-290.58953482840002,192.98924312029999
1868,82504666956167,"[""ring25"",""active"",30]",239.96904885730001,252.2572406276
1869,88988495367815,"[""ring25"",""active"",31]",228.61389698150001,259.73044643309998
1870,118336863109641,"[""ring25"",""active"",32]",217.02620755410001,266.83774781049999
1871,33071995459555,"[""ring25"",""active"",33]",205.2177671419,273.57191547719998
1872,230431841370738,"[""ring25"",""active"",34]",193.20058685090001,279.92609968839997
1873,179199003408098,"[""ring25"",""active"",35]",180.98689011019999,285.89383720429998
1874,162669639183760,"[""ring25"",""active"",36]",168.58910023749999,291.46905786420001
1875,210291710557967,"[""ring25"",""active"",37]",156.01982780360001,296.64609076120001
1876,244632226173872,"[""ring25"",""active"",38]",143.2918578048,301.41967000990002
1877,36510009265828,"[""ring25"",""active"",39]",130.41813665870001,305.78494010309998
1878,222353969637681,"[""ring25"",""active"",40]",117.4117590356,309.73746085049999
1879,193373059910139,"[""ring25"",""active"",41]",104.2859545389,313.27321189489999
1880,253352043236311,"[""ring25"",""active"",42]",91.054074248600003,316.388596802
1881,266255656553962,"[""ring25"",""active"",43]",77.729577141299998,319.08044671810001
1882,173683184817233,"[""ring25"",""active"",44]",64.326016399699995,321.34602359360002
1883,51005463727040,"[""ring25"",""active"",45]",50.857025627100001,323.18302296799999
1884,140989840786449,"[""ring25"",""active"",46]",37.3363049799,324.58957631390001
1885,2255754440157,"[""ring25"",""active"",47]",23.777607232200001,325.56425293759997
1886,120286578660717,"[""ring25"",""active"",48]",10.194723786899999,326.10606143410001
1887,175793760023825,"[""ring25"",""active"",49]",-3.3985293521000002,326.2144506962
1888,49137254083481,"[""ring25"",""active"",50]",-16.988325633500001,325.88931047419999
1889,74374311193287,"[""ring25"",""active"",51]",-30.560842021999999,325.13097148870003
1890,276790812181886,"[""ring25"",""active"",52]",-44.102273058900003,323.94020509389998
1891,83644482308735,"[""ring25"",""active"",53]",-57.598844904300002,322.3182224931
1892,163175264289921,"[""ring25"",""active"",54]",-71.036829347299999,320.2666735066
1893,205539540028178,"[""ring25"",""active"",55]",-84.402557770000001,317.78764489380001
1894,127466556638726,"[""ring25"",""active"",56]",-97.682435050799995,314.8836582303
1895,221865701010109,"[""ring25"",""active"",57]",-110.8629533924,311.5576673434
1896,256100426937860,"[""ring25"",""active"",58]",-123.930706062,307.81305530719999
1897,122509725981241,"[""ring25"",""active"",59]",-136.87240102760001,303.65363100180002
1898,4993059664279,"[""ring25"",""active"",60]",-149.67487447849999,299.08362523890003
1899,125920944004859,"[""ring25"",""active"",61]",-162.32510421500001,294.1076864584
1900,147317463386880,"[""ring25"",""active"",62]",-174.81022289399999,288.73087600000002
1901,260379782544562,"[""ring25"",""active"",63]",-187.1175311172,282.95866295539997
1902,168476051491059,"[""ring25"",""active"",64]",-199.2345103486,276.79691860489999
1903,10616337233747,"[""ring25"",""active"",65]",-211.14883564749999,270.25191044569999
1904,154401146165217,"[""ring25"",""active"",66]",-222.8483882056,263.33029581660003
1905,45326395321126,"[""ring25"",""active"",67]",-234.3212676732,256.03911512640002
1906,49507025687669,"[""ring25"",""active"",68]",-245.5558042641,248.38578469309999
1907,136144764463232,"[""ring26"",""active"",38]",162.78676071850001,308.56396137540003
1908,205695171795823,"[""ring26"",""active"",39]",150.06508125939999,313.40598857129999
1909,127306246615159,"[""ring26"",""active"",40]",137.19965021690001,317.85200248460001
1910,223806985894447,"[""ring26"",""active"",41]",124.2027917512,321.89774415279999
1911,244354508444845,"[""ring26"",""active"",42]",111.0869559202,325.53933804569999
1912,120112043799369,"[""ring26"",""active"",43]",97.864706753999997,328.77329577760003
1913,123297861072270,"[""ring26"",""active"",44]",84.548710218699995,331.5965194488
1914,259328716769589,"[""ring26"",""active"",45]",71.151722083899998,334.00630461380001
1915,5540729977930,"[""ring26"",""active"",46]",57.686575703199999,336.00034287099999
1916,128817495286612,"[""ring26"",""active"",47]",44.166169720900001,337.57672407500002
1917,12621325375734,"[""ring26"",""active"",48]",30.603455716199999,338.73393816549998
1918,178940822042277,"[""ring26"",""active"",49]",17.011425796200001,339.4708766146
1919,23952590042241,"[""ring26"",""active"",50]",3.4031001503999998,339.78683348800001
1920,265132272943637,"[""ring26"",""active"",51]",-10.208485421100001,339.68150612170001
1921,43170172059622,"[""ring26"",""active"",52]",-23.810291995899998,339.15499541169999
1922,108109023426078,"[""ring26"",""active"",53]",-37.389290018899999,338.20780571770001
1923,212762680432467,"[""ring26"",""active"",54]",-50.932471784100002,336.84084437920001
1924,94350295489601,"[""ring26"",""active"",55]",-64.426863894700006,335.0554208474
1925,22781247148274,"[""ring26"",""active"",56]",-77.8595396913,332.8532454297
1926,278475121399491,"[""ring26"",""active"",57]",-91.217631633899998,330.23642765239998
1927,180306898735464,"[""ring26"",""active"",58]",-104.4883436285,327.20747423910001
1928,165528706291514,"[""ring26"",""active"",59]",-117.6589632852,323.76928671000002
1929,169032926491513,"[""ring26"",""active"",60]",-130.71687409489999,319.92515860190002
1930,228567730717014,"[""ring26"",""active"",61]",-143.64956751579999,315.6787723141
1931,152993005518245,"[""ring26"",""active"",62]",-156.4446549553,311.03419557979998
1932,227255859649199,"[""ring26"",""active"",63]",-169.08987963749999,305.99587757040001
