export_index,mirror_id,position_key,x,y
1,225977427565346,"[""ring1"",""active"",0]",100.2848217855,-213.42698551239999
2,98461791273696,"[""ring1"",""active"",1]",98.5689206805,-200.39342263739999
3,146546269447317,"[""ring1"",""active"",2]",95.166478014299997,-187.695333737
4,91816430395141,"[""ring1"",""active"",3]",90.135710524000004,-175.549986633
5,231364419112210,"[""ring1"",""active"",4]",83.562696036399998,-164.16519158150001
6,186914820487113,"[""ring1"",""active"",5]",75.559900651600003,-153.7357455824
7,218691133102543,"[""ring1"",""active"",6]",66.2642544176,-144.4400993484
8,249518401681586,"[""ring1"",""active"",7]",55.834808418500003,-136.43730396359999
9,257081424862060,"[""ring1"",""active"",8]",44.450013366999997,-129.86428947600001
10,462329393670,"[""ring1"",""active"",9]",32.304666263000001,-124.8335219857
11,136638878541845,"[""ring1"",""active"",10]",19.6065773626,-121.4310793195
12,113440114950139,"[""ring1"",""active"",11]",6.5730144876000001,-119.7151782145
13,189893974123011,"[""ring1"",""active"",12]",-6.5730144876000001,-119.7151782145
14,259292959545620,"[""ring1"",""active"",13]",-19.6065773626,-121.4310793195
15,199461450372935,"[""ring1"",""active"",14]",-32.304666263000001,-124.8335219857
16,53150555964577,"[""ring1"",""active"",15]",-44.450013366999997,-129.86428947600001
17,182181300776484,"[""ring1"",""active"",16]",-55.834808418500003,-136.43730396359999
18,36828647183504,"[""ring1"",""active"",17]",-66.2642544176,-144.4400993484
19,245044142097057,"[""ring1"",""active"",18]",-75.559900651600003,-153.7357455824
20,164989153111639,"[""ring1"",""active"",19]",-83.562696036399998,-164.16519158150001
21,82757952312123,"[""ring1"",""active"",20]",-90.135710524000004,-175.549986633
22,264367324792324,"[""ring1"",""active"",21]",-95.166478014299997,-187.695333737
23,96077426024455,"[""ring1"",""active"",22]",-98.5689206805,-200.39342263739999
24,175280640722083,"[""ring1"",""active"",23]",-100.2848217855,-213.42698551239999
25,271289438101252,"[""ring1"",""active"",24]",-100.2848217855,-226.57301448760001
26,22151644413009,"[""ring1"",""active"",25]",-98.5689206805,-239.60657736260001
27,54785332350034,"[""ring1"",""active"",26]",-95.166478014299997,-252.304666263
28,37097415433566,"[""ring1"",""active"",27]",-90.135710524000004,-264.450013367
29,7974149837147,"[""ring1"",""active"",28]",-83.562696036399998,-275.83480841850002
30,159066063835249,"[""ring1"",""active"",29]",-75.559900651600003,-286.2642544176
31,227814935923795,"[""ring1"",""active"",30]",-66.2642544176,-295.5599006516
32,112737315580354,"[""ring1"",""active"",31]",-55.834808418500003,-303.56269603639998
33,279057199714791,"[""ring1"",""active"",32]",-44.450013366999997,-310.13571052399999
34,104555532071604,"[""ring1"",""active"",33]",-32.304666263000001,-315.16647801430003
35,114636202083057,"[""ring1"",""active"",34]",-19.6065773626,-318.56892068050001
36,166816355597687,"[""ring1"",""active"",35]",-6.5730144876000001,-320.28482178550001
37,196871639851600,"[""ring1"",""active"",36]",6.5730144876000001,-320.28482178550001
38,163201643135464,"[""ring1"",""active"",37]",19.6065773626,-318.56892068050001
39,141087017475327,"[""ring1"",""active"",38]",32.304666263000001,-315.16647801430003
40,274460507970912,"[""ring1"",""active"",39]",44.450013366999997,-310.13571052399999
41,211658257369416,"[""ring1"",""active"",40]",55.834808418500003,-303.56269603639998
42,25256560694987,"[""ring1"",""active"",41]",66.2642544176,-295.5599006516
43,111109889874469,"[""ring1"",""active"",42]",75.559900651600003,-286.2642544176
44,248359595964128,"[""ring1"",""active"",43]",83.562696036399998,-275.83480841850002
45,232550607584963,"[""ring1"",""active"",44]",90.135710524000004,-264.450013367
46,8954556596020,"[""ring1"",""active"",45]",95.166478014299997,-252.304666263
47,16077873566104,"[""ring1"",""active"",46]",98.5689206805,-239.60657736260001
48,82931331611565,"[""ring1"",""active"",47]",100.2848217855,-226.57301448760001
49,118963306441431,"[""ring2"",""active"",0]",113.423030979,-213.39386072709999
50,166210091923763,"[""ring2"",""active"",1]",111.8891790604,-200.27091888230001
51,117307025828046,"[""ring2"",""active"",2]",108.8422179391,-187.4147790147
52,31761126237247,"[""ring2"",""active"",3]",104.32335253719999,-174.9992983615
53,8755066053518,"[""ring2"",""active"",4]",98.393692757300002,-163.192375
54,26147884959761,"[""ring2"",""active"",5]",91.133427075699998,-152.15367731399999
55,113321123638128,"[""ring2"",""active"",6]",82.640738130700001,-142.03248475309999
56,146421478213383,"[""ring2"",""active"",7]",73.030474971399997,-132.9656690839
57,209994560452606,"[""ring2"",""active"",8]",62.432599920800001,-125.0758434344
58,52342416943538,"[""ring2"",""active"",9]",50.990431058299997,-118.4697041615
59,200784994231433,"[""ring2"",""active"",10]",38.858704089,-113.23658796629999
60,91357866436445,"[""ring2"",""active"",11]",26.201479808399998,-109.4472637679
61,198849746917301,"[""ring2"",""active"",12]",13.1899254616,-107.1529756756
62,195368130266985,"[""ring2"",""active"",13]",0,-106.38475
63,150101175004650,"[""ring2"",""active"",14]",-13.1899254616,-107.1529756756
64,24350496598495,"[""ring2"",""active"",15]",-26.201479808399998,-109.4472637679
65,111513192711181,"[""ring2"",""active"",16]",-38.858704089,-113.23658796629999
66,183037382441518,"[""ring2"",""active"",17]",-50.990431058299997,-118.4697041615
67,224334105978858,"[""ring2"",""active"",18]",-62.432599920800001,-125.0758434344
68,240661364293959,"[""ring2"",""active"",19]",-73.030474971399997,-132.9656690839
69,206103613447385,"[""ring2"",""active"",20]",-82.640738130700001,-142.03248475309999
70,205049209907177,"[""ring2"",""active"",21]",-91.133427075699998,-152.15367731399999
71,140036588241521,"[""ring2"",""active"",22]",-98.393692757300002,-163.192375
72,178109332024333,"[""ring2"",""active"",23]",-104.32335253719999,-174.9992983615
73,147447801650378,"[""ring2"",""active"",24]",-108.8422179391,-187.4147790147
74,186058987222788,"[""ring2"",""active"",25]",-111.8891790604,-200.27091888230001
75,15063983504382,"[""ring2"",""active"",26]",-113.423030979,-213.39386072709999
76,82820283973980,"[""ring2"",""active"",27]",-113.423030979,-226.60613927290001
77,4812291460678,"[""ring2"",""active"",28]",-111.8891790604,-239.72908111769999
78,254876129109843,"[""ring2"",""active"",29]",-108.8422179391,-252.5852209853
79,52090938489001,"[""ring2"",""active"",30]",-104.32335253719999,-265.0007016385
80,276426639245006,"[""ring2"",""active"",31]",-98.393692757300002,-276.80762499999997
81,150770518482208,"[""ring2"",""active"",32]",-91.133427075699998,-287.84632268600001
82,65908650420079,"[""ring2"",""active"",33]",-82.640738130700001,-297.96751524690001
83,238391778599238,"[""ring2"",""active"",34]",-73.030474971399997,-307.03433091609998
84,187322721507181,"[""ring2"",""active"",35]",-62.432599920800001,-314.92415656560001
85,75900330232157,"[""ring2"",""active"",36]",-50.990431058299997,-321.53029583850002
86,56946199260712,"[""ring2"",""active"",37]",-38.858704089,-326.76341203369998
87,155089634456550,"[""ring2"",""active"",38]",-26.201479808399998,-330.55273623210002
88,273285650791107,"[""ring2"",""active"",39]",-13.1899254616,-332.84702432440002
89,251067079882723,"[""ring2"",""active"",40]",-0,-333.61525
90,13564978797403,"[""ring2"",""active"",41]",13.1899254616,-332.84702432440002
91,94878253318120,"[""ring2"",""active"",42]",26.201479808399998,-330.55273623210002
92,207197014732390,"[""ring2"",""active"",43]",38.858704089,-326.76341203369998
93,203533647948113,"[""ring2"",""active"",44]",50.990431058299997,-321.53029583850002
94,82706652683496,"[""ring2"",""active"",45]",62.432599920800001,-314.92415656560001
95,5167778211505,"[""ring2"",""active"",46]",73.030474971399997,-307.03433091609998
96,255403182698697,"[""ring2"",""active"",47]",82.640738130700001,-297.96751524690001
97,82825078268065,"[""ring2"",""active"",48]",91.133427075699998,-287.84632268600001
98,260003801076989,"[""ring2"",""active"",49]",98.393692757300002,-276.80762499999997
99,100092810805523,"[""ring2"",""active"",50]",104.32335253719999,-265.0007016385
100,29530510557746,"[""ring2"",""active"",51]",108.8422179391,-252.5852209853
101,197980779087096,"[""ring2"",""active"",52]",111.8891790604,-239.72908111769999
102,226745184831197,"[""ring2"",""active"",53]",113.423030979,-226.60613927290001
103,59555902021457,"[""ring3"",""active"",0]",126.55682025420001,-213.3674380974
104,155037580514219,"[""ring3"",""active"",1]",125.1702372478,-200.17498202819999
105,110538863576565,"[""ring3"",""active"",2]",122.4122629285,-187.19973300460001
106,21100493715803,"[""ring3"",""active"",3]",118.31311424019999,-174.5838505701
107,269401024120553,"[""ring3"",""active"",4]",112.9177023137,-162.46555697279999
108,24001370476862,"[""ring3"",""active"",5]",106.285140411,-150.97762277300001
109,85543209124447,"[""ring3"",""active"",6]",98.4880962684,-140.2459121821
110,43223118027071,"[""ring3"",""active"",7]",89.611995933200006,-130.38800406679999
111,25623575773241,"[""ring3"",""active"",8]",79.7540878179,-121.5119037316
112,42003389714630,"[""ring3"",""active"",9]",69.022377227000007,-113.714859589
113,173233600349033,"[""ring3"",""active"",10]",57.534443027199998,-107.0822976863
114,166617546774744,"[""ring3"",""active"",11]",45.416149429900003,-101.68688575980001
115,178831113494194,"[""ring3"",""active"",12]",32.800266995400001,-97.587737071500001
116,28095630898990,"[""ring3"",""active"",13]",19.825017971800001,-94.829762752199997
117,19801002341314,"[""ring3"",""active"",14]",6.6325619026,-93.443179745799995
118,58685437539979,"[""ring3"",""active"",15]",-6.6325619026,-93.443179745799995
119,17543371511003,"[""ring3"",""active"",16]",-19.825017971800001,-94.829762752199997
120,46877405992558,"[""ring3"",""active"",17]",-32.800266995400001,-97.587737071500001
121,273908240264989,"[""ring3"",""active"",18]",-45.416149429900003,-101.68688575980001
122,161842297312095,"[""ring3"",""active"",19]",-57.534443027199998,-107.0822976863
123,231218104024720,"[""ring3"",""active"",20]",-69.022377227000007,-113.714859589
124,205055244769105,"[""ring3"",""active"",21]",-79.7540878179,-121.5119037316
125,191462345087505,"[""ring3"",""active"",22]",-89.611995933200006,-130.38800406679999
126,265632588695131,"[""ring3"",""active"",23]",-98.4880962684,-140.2459121821
127,276076003264301,"[""ring3"",""active"",24]",-106.285140411,-150.97762277300001
128,130320065610047,"[""ring3"",""active"",25]",-112.9177023137,-162.46555697279999
129,59230288788533,"[""ring3"",""active"",26]",-118.31311424019999,-174.5838505701
130,226518258385086,"[""ring3"",""active"",27]",-122.4122629285,-187.19973300460001
131,81015478178530,"[""ring3"",""active"",28]",-125.1702372478,-200.17498202819999
132,210566870952543,"[""ring3"",""active"",29]",-126.55682025420001,-213.3674380974
133,3505673751328,"[""ring3"",""active"",30]",-126.55682025420001,-226.6325619026
134,253362427386527,"[""ring3"",""active"",31]",-125.1702372478,-239.82501797180001
135,76531743404135,"[""ring3"",""active"",32]",-122.4122629285,-252.80026699539999
136,195453761152477,"[""ring3"",""active"",33]",-118.31311424019999,-265.41614942989997
137,63322776522913,"[""ring3"",""active"",34]",-112.9177023137,-277.53444302719998
138,113370853181240,"[""ring3"",""active"",35]",-106.285140411,-289.02237722699999
139,268794731500274,"[""ring3"",""active"",36]",-98.4880962684,-299.75408781789997
140,48292612333692,"[""ring3"",""active"",37]",-89.611995933200006,-309.61199593319998
141,104208630898379,"[""ring3"",""active"",38]",-79.7540878179,-318.4880962684
142,127018589188985,"[""ring3"",""active"",39]",-69.022377227000007,-326.28514041099999
143,244169488799987,"[""ring3"",""active"",40]",-57.534443027199998,-332.91770231369998
144,148935662595744,"[""ring3"",""active"",41]",-45.416149429900003,-338.31311424019998
145,199967798838602,"[""ring3"",""active"",42]",-32.800266995400001,-342.41226292850001
146,121681998251905,"[""ring3"",""active"",43]",-19.825017971800001,-345.1702372478
147,182935117419065,"[""ring3"",""active"",44]",-6.6325619026,-346.55682025419998
148,86274112702088,"[""ring3"",""active"",45]",6.6325619026,-346.55682025419998
149,244499907031112,"[""ring3"",""active"",46]",19.825017971800001,-345.1702372478
150,222166567313161,"[""ring3"",""active"",47]",32.800266995400001,-342.41226292850001
151,267749192257242,"[""ring3"",""active"",48]",45.416149429900003,-338.31311424019998
152,13950193364604,"[""ring3"",""active"",49]",57.534443027199998,-332.91770231369998
153,272467347277926,"[""ring3"",""active"",50]",69.022377227000007,-326.28514041099999
154,11858837470873,"[""ring3"",""active"",51]",79.7540878179,-318.4880962684
155,189466156649008,"[""ring3"",""active"",52]",89.611995933200006,-309.61199593319998
156,76442142729759,"[""ring3"",""active"",53]",98.4880962684,-299.75408781789997
157,250969228161012,"[""ring3"",""active"",54]",106.285140411,-289.02237722699999
158,184232455508123,"[""ring3"",""active"",55]",112.9177023137,-277.53444302719998
159,42226490475413,"[""ring3"",""active"",56]",118.31311424019999,-265.41614942989997
160,144422509818658,"[""ring3"",""active"",57]",122.4122629285,-252.80026699539999
161,98077237719699,"[""ring3"",""active"",58]",125.1702372478,-239.82501797180001
162,120457024512250,"[""ring3"",""active"",59]",126.55682025420001,-226.6325619026
163,5424059042925,"[""ring4"",""active"",0]",139.6873521986,-213.3458712952
164,184631012827970,"[""ring4"",""active"",1]",138.42232190589999,-200.0978747055
165,190689089557200,"[""ring4"",""active"",2]",135.90371763089999,-187.03011484449999
166,236894004599218,"[""ring4"",""active"",3]",132.1543482438,-174.26093536889999
167,146448383842108,"[""ring4"",""active"",4]",127.20816861430001,-161.90597594549999
168,104860549194081,"[""ring4"",""active"",5]",121.1099721113,-150.077125
169,5389593131496,"[""ring4"",""active"",6]",113.9149849464,-138.88150643829999
170,88418679951807,"[""ring4"",""active"",7]",105.68836603779999,-128.42050951589999
171,249409769455279,"[""ring4"",""active"",8]",96.504616920000004,-118.7888706407
172,44101727948432,"[""ring4"",""active"",9]",86.446907047300002,-110.07381542589999
173,61639682505539,"[""ring4"",""active"",10]",75.606320597700005,-102.3542687611
174,48148122241354,"[""ring4"",""active"",11]",64.081031600900005,-95.7001400563
175,229813584610610,"[""ring4"",""active"",12]",51.975414858699999,-90.171690131399998
176,192150591661156,"[""ring4"",""active"",13]",39.399100710900001,-85.818985485200002
177,21417868438074,"[""ring4"",""active"",14]",26.465982206,-82.681444884800001
178,178315088531963,"[""ring4"",""active"",15]",13.293183667899999,-80.787482383799997
179,197963288963277,"[""ring4"",""active"",16]",0,-80.154250000000005
180,212266651691770,"[""ring4"",""active"",17]",-13.293183667899999,-80.787482383799997
181,143717716437285,"[""ring4"",""active"",18]",-26.465982206,-82.681444884800001
182,154191620653451,"[""ring4"",""active"",19]",-39.399100710900001,-85.818985485200002
183,243286050297014,"[""ring4"",""active"",20]",-51.975414858699999,-90.171690131399998
184,135187365860870,"[""ring4"",""active"",21]",-64.081031600900005,-95.7001400563
185,84394000815830,"[""ring4"",""active"",22]",-75.606320597700005,-102.3542687611
186,196795816969926,"[""ring4"",""active"",23]",-86.446907047300002,-110.07381542589999
187,62752732012976,"[""ring4"",""active"",24]",-96.504616920000004,-118.7888706407
188,262689507356988,"[""ring4"",""active"",25]",-105.68836603779999,-128.42050951589999
189,231588664315353,"[""ring4"",""active"",26]",-113.9149849464,-138.88150643829999
190,58670018595032,"[""ring4"",""active"",27]",-121.1099721113,-150.077125
191,56146106527894,"[""ring4"",""active"",28]",-127.20816861430001,-161.90597594549999
192,98821130631326,"[""ring4"",""active"",29]",-132.1543482438,-174.26093536889999
193,167574568333979,"[""ring4"",""active"",30]",-135.90371763089999,-187.03011484449999
194,28634006172748,"[""ring4"",""active"",31]",-138.42232190589999,-200.0978747055
195,271869694795325,"[""ring4"",""active"",32]",-139.6873521986,-213.3458712952
196,137894532284547,"[""ring4"",""active"",33]",-139.6873521986,-226.6541287048
197,109821404521477,"[""ring4"",""active"",34]",-138.42232190589999,-239.9021252945
198,164092274472377,"[""ring4"",""active"",35]",-135.90371763089999,-252.96988515550001
199,177578951612703,"[""ring4"",""active"",36]",-132.1543482438,-265.73906463110001
200,102808210306553,"[""ring4"",""active"",37]",-127.20816861430001,-278.09402405449998
201,186356616046128,"[""ring4"",""active"",38]",-121.1099721113,-289.92287499999998
202,90336894231343,"[""ring4"",""active"",39]",-113.9149849464,-301.11849356170001
203,110974730378632,"[""ring4"",""active"",40]",-105.68836603779999,-311.57949048410001
204,189460664477081,"[""ring4"",""active"",41]",-96.504616920000004,-321.2111293593
205,174627487827072,"[""ring4"",""active"",42]",-86.446907047300002,-329.92618457409998
206,12666634866111,"[""ring4"",""active"",43]",-75.606320597700005,-337.6457312389
207,157861437555367,"[""ring4"",""active"",55]",75.606320597700005,-337.6457312389
208,174967414936778,"[""ring4"",""active"",56]",86.446907047300002,-329.92618457409998
209,158805511150832,"[""ring4"",""active"",57]",96.504616920000004,-321.2111293593
210,31065264203047,"[""ring4"",""active"",58]",105.68836603779999,-311.57949048410001
211,107117089717890,"[""ring4"",""active"",59]",113.9149849464,-301.11849356170001
212,166642483298093,"[""ring4"",""active"",60]",121.1099721113,-289.92287499999998
213,138840614426827,"[""ring4"",""active"",61]",127.20816861430001,-278.09402405449998
214,193394635713193,"[""ring4"",""active"",62]",132.1543482438,-265.73906463110001
215,274420313286902,"[""ring4"",""active"",63]",135.90371763089999,-252.96988515550001
216,176401512941857,"[""ring4"",""active"",64]",138.42232190589999,-239.9021252945
217,169552146916756,"[""ring4"",""active"",65]",139.6873521986,-226.6541287048
218,23520626475590,"[""ring5"",""active"",0]",152.81937572019999,-213.41927621740001
219,222353045440909,"[""ring5"",""active"",1]",151.68795452910001,-200.3065500287
220,13627925224066,"[""ring5"",""active"",2]",149.43348879370001,-187.33962725340001
221,261600412324865,"[""ring5"",""active"",3]",146.07266978940001,-174.61451045109999
222,155123218978573,"[""ring5"",""active"",4]",141.63037984429999,-162.2254119344
223,139126295387140,"[""ring5"",""active"",5]",136.139508119,-150.26405625429999
224,17104254734932,"[""ring5"",""active"",6]",129.64070710659999,-138.81900110309999
225,257202337253132,"[""ring5"",""active"",7]",122.1820916561,-127.9749816651
226,20256286585924,"[""ring5"",""active"",8]",113.8188827467,-117.81228326599999
227,226842049771351,"[""ring5"",""active"",9]",104.6129986511,-108.4061469694
228,22306274976552,"[""ring5"",""active"",10]",94.632596514400007,-99.826212517299993
229,8522133503955,"[""ring5"",""active"",11]",83.951567742199998,-92.136002742599999
230,109224736450407,"[""ring5"",""active"",12]",72.648990934400004,-85.392453267999997
231,192014594872712,"[""ring5"",""active"",13]",60.808546415499997,-79.645490974300003
232,5788196010393,"[""ring5"",""active"",14]",48.517896693899999,-74.937664359799996
233,227952558828436,"[""ring5"",""active"",15]",35.868037440099997,-71.303828525399993
234,152308738858516,"[""ring5"",""active"",16]",22.9526237862,-68.770887120500007
235,213125153228881,"[""ring5"",""active"",17]",9.8672769361999997,-67.357593156899995
236,71269691663161,"[""ring5"",""active"",18]",-3.2911237798999999,-67.074410168699998
237,156249175796049,"[""ring5"",""active"",19]",-16.425158167100001,-67.923434743599998
238,202748898602645,"[""ring5"",""active"",20]",-29.4375864298,-69.898381000800001
239,43945525603687,"[""ring5"",""active"",21]",-42.232069101999997,-72.984627129100005
240,73207654735822,"[""ring5"",""active"",22]",-54.713880310199997,-77.159323642000004
241,5758917734907,"[""ring5"",""active"",23]",-66.790609091199997,-82.391562547099994
242,97876239973797,"[""ring5"",""active"",24]",-78.372843570599997,-88.642606178199998
243,33095221570398,"[""ring5"",""active"",25]",-89.374832936399997,-95.8661739952
244,277111629805253,"[""ring5"",""active"",26]",-99.715122308600002,-104.0087852293
245,52709217833209,"[""ring5"",""active"",27]",-109.3171558025,-113.0101548359
246,245682835225288,"[""ring5"",""active"",28]",-118.1098433216,-122.80363982350001
247,125292141479106,"[""ring5"",""active"",29]",-126.0280868837,-133.316732656
248,94762750622421,"[""ring5"",""active"",30]",-133.01326258380001,-144.47159807200001
249,75994957899253,"[""ring5"",""active"",31]",-139.0136546251,-156.18564935079999
250,20004688814997,"[""ring5"",""active"",32]",-143.98483820409999,-168.37215975519999
251,175860044824892,"[""ring5"",""active"",33]",-147.8900084169,-180.9409046257
252,183972625240563,"[""ring5"",""active"",34]",-150.70025274950001,-193.7988293729
253,238480623597105,"[""ring5"",""active"",35]",-152.39476513619999,-206.85073842029999
254,123379877610518,"[""ring5"",""active"",36]",-152.96100000000001,-220
255,239283752301026,"[""ring5"",""active"",37]",-152.39476513619999,-233.14926157970001
256,183370882837706,"[""ring5"",""active"",38]",-150.70025274950001,-246.2011706271
257,175759257811417,"[""ring5"",""active"",39]",-147.8900084169,-259.0590953743
258,85670323711507,"[""ring5"",""active"",40]",-143.98483820409999,-271.62784024479998
259,192077555300193,"[""ring5"",""active"",41]",-139.0136546251,-283.81435064919998
260,72709185471645,"[""ring5"",""active"",42]",-133.01326258380001,-295.52840192799999
261,72248347403569,"[""ring5"",""active"",43]",-126.0280868837,-306.683267344
262,191260267335111,"[""ring5"",""active"",44]",-118.1098433216,-317.19636017649998
263,83628581397731,"[""ring5"",""active"",45]",-109.3171558025,-326.98984516410002
264,98626777492812,"[""ring5"",""active"",63]",104.6129986511,-331.59385303059997
265,280366544408847,"[""ring5"",""active"",64]",113.8188827467,-322.18771673399999
266,247862487429520,"[""ring5"",""active"",65]",122.1820916561,-312.02501833489998
267,113428781052480,"[""ring5"",""active"",66]",129.64070710659999,-301.18099889690001
268,186944288805866,"[""ring5"",""active"",67]",136.139508119,-289.73594374570001
269,62639937718710,"[""ring5"",""active"",68]",141.63037984429999,-277.77458806560003
270,181048829255108,"[""ring5"",""active"",69]",146.07266978940001,-265.38548954890001
271,238349268831454,"[""ring5"",""active"",70]",149.43348879370001,-252.66037274659999
272,204699139529072,"[""ring5"",""active"",71]",151.68795452910001,-239.6934499713
273,115322783196771,"[""ring5"",""active"",72]",152.81937572019999,-226.58072378259999
274,15633397888638,"[""ring6"",""active"",0]",165.9449496563,-213.39738705959999
275,3618394902825,"[""ring6"",""active"",1]",164.89579225509999,-200.23390502379999
276,66424263510672,"[""ring6"",""active"",2]",162.80411056380001,-187.19539060439999
277,257966886653104,"[""ring6"",""active"",3]",159.68312886730001,-174.3642774878
278,153079224300172,"[""ring6"",""active"",4]",155.55257901690001,-161.82168810229999
279,172708008851399,"[""ring6"",""active"",5]",150.4385756785,-149.64692073629999
280,201027126862124,"[""ring6"",""active"",6]",144.37345122790001,-137.91694818900001
281,97077543497017,"[""ring6"",""active"",7]",137.39555133459999,-126.7059311236
282,173356775268481,"[""ring6"",""active"",8]",129.54899252850001,-116.0847491996
283,203453305678702,"[""ring6"",""active"",9]",120.8833832806,-106.1205529488
284,30604529686480,"[""ring6"",""active"",10]",111.4535103628,-96.876339228099994
285,74175571152741,"[""ring6"",""active"",11]",101.3189924676,-88.410552933000005
286,7294419471254,"[""ring6"",""active"",12]",90.543903280400002,-80.776717490199999
287,72501091431243,"[""ring6"",""active"",13]",79.196366384100003,-74.023096465199998
288,125008252351536,"[""ring6"",""active"",14]",67.348124560700001,-68.192388424599997
289,82741542558678,"[""ring6"",""active"",15]",55.074086209599997,-63.321456982000001
290,136347579096247,"[""ring6"",""active"",16]",42.451851753299998,-59.441097734300001
291,204917347607831,"[""ring6"",""active"",17]",29.561223022,-56.575843561900001
292,90721195782871,"[""ring6"",""active"",18]",16.483698720900001,-54.743809524299998
293,19437795711162,"[""ring6"",""active"",19]",3.3019591691999999,-53.956578330500001
294,8742095329409,"[""ring6"",""active"",20]",-9.9006564314999999,-54.219127109600002
295,171071219876311,"[""ring6"",""active"",21]",-23.040676894499999,-55.529795943700002
296,193133937668178,"[""ring6"",""active"",22]",-36.035026779799999,-57.8802983625
297,46566491873461,"[""ring6"",""active"",23]",-48.801551623500004,-61.2557737327
298,31492300519486,"[""ring6"",""active"",24]",-61.259537345200002,-65.634881212400003
299,24546376086534,"[""ring6"",""active"",25]",-73.330220548100002,-70.989934674099999
300,133965456100379,"[""ring6"",""active"",26]",-84.937286486399998,-77.287077745600001
301,278872408392949,"[""ring6"",""active"",27]",-96.007351552299994,-84.486497861000004
302,190393026479347,"[""ring6"",""active"",28]",-106.4704272302,-92.542677968299998
303,170312264844696,"[""ring6"",""active"",29]",-116.2603625867,-101.404684303
304,192903510103468,"[""ring6"",""active"",30]",-125.31526249860001,-111.0164884077
305,204096031368815,"[""ring6"",""active"",31]",-133.577878973,-121.3173213622
306,68236790755907,"[""ring6"",""active"",32]",-140.99597308849999,-132.24205798400001
307,175706828718013,"[""ring6"",""active"",33]",-147.5226452656,-143.72162857070001
308,152553411453083,"[""ring6"",""active"",34]",-153.11663178129999,-155.68345558089999
309,136600615361312,"[""ring6"",""active"",35]",-157.74256565190001,-168.051912493
310,62373048652962,"[""ring6"",""active"",36]",-161.3712002339,-180.74880194010001
311,181856645093371,"[""ring6"",""active"",37]",-163.97959413129999,-193.693850099
312,130293704323625,"[""ring6"",""active"",38]",-165.55125623789999,-206.8052142075
313,61753894552097,"[""ring6"",""active"",39]",-166.07624999999999,-220
314,89052692619480,"[""ring6"",""active"",40]",-165.55125623789999,-233.1947857925
315,110421658250941,"[""ring6"",""active"",41]",-163.97959413129999,-246.306149901
316,237887334612196,"[""ring6"",""active"",42]",-161.3712002339,-259.25119805989999
317,6774256656513,"[""ring6"",""active"",43]",-157.74256565190001,-271.94808750700003
318,1461599247815,"[""ring6"",""active"",44]",-153.11663178129999,-284.31654441910001
319,113080086478275,"[""ring6"",""active"",45]",-147.5226452656,-296.27837142930002
320,275076801571628,"[""ring6"",""active"",46]",-140.99597308849999,-307.75794201600002
321,219525186125527,"[""ring6"",""active"",47]",-133.577878973,-318.6826786378
322,156109459724971,"[""ring6"",""active"",70]",129.54899252850001,-323.91525080039997
323,279829217726053,"[""ring6"",""active"",71]",137.39555133459999,-313.29406887639999
324,159198802282531,"[""ring6"",""active"",72]",144.37345122790001,-302.08305181100002
325,170710736352246,"[""ring6"",""active"",73]",150.4385756785,-290.35307926370001
326,109619617615190,"[""ring6"",""active"",74]",155.55257901690001,-278.17831189769998
327,96667164186716,"[""ring6"",""active"",75]",159.68312886730001,-265.6357225122
328,259606036457484,"[""ring6"",""active"",76]",162.80411056380001,-252.80460939560001
329,196804299156461,"[""ring6"",""active"",77]",164.89579225509999,-239.76609497620001
330,243713746614021,"[""ring6"",""active"",78]",165.9449496563,-226.60261294040001
331,98704091431607,"[""ring7"",""active"",0]",179.06912298259999,-213.3786053972
332,139223695998237,"[""ring7"",""active"",1]",178.09110952899999,-200.1719799528
333,3815330794391,"[""ring7"",""active"",2]",176.14042419200001,-187.07364827820001
334,168939197208594,"[""ring7"",""active"",3]",173.22772093859999,-174.15514891870001
335,257718557202517,"[""ring7"",""active"",4]",169.36890794390001,-161.48703823810001
336,197611875643245,"[""ring7"",""active"",5]",164.5850607063,-149.1385050641
337,277769438802380,"[""ring7"",""active"",6]",158.90230694050001,-137.17699280260001
338,10407145213078,"[""ring7"",""active"",7]",152.35168387709999,-125.6678310858
339,79668007178407,"[""ring7"",""active"",8]",144.96896874750001,-114.67387896379999
340,216898390126945,"[""ring7"",""active"",9]",136.79448338180001,-104.25518159089999
341,195311553297786,"[""ring7"",""active"",10]",127.8728739843,-94.468642279099996
342,6707637656343,"[""ring7"",""active"",11]",118.2528672917,-85.367711712499997
343,113547112726121,"[""ring7"",""active"",12]",107.98700444479999,-77.0020960178
344,111992766214480,"[""ring7"",""active"",13]",97.131354026300002,-69.417485287100007
345,154388842427142,"[""ring7"",""active"",14]",85.7452058346,-62.655304033999997
346,188844447436172,"[""ring7"",""active"",15]",73.890747062599999,-56.752484947600003
347,240676286273810,"[""ring7"",""active"",16]",61.632722653400002,-51.741267178800001
348,193077115442914,"[""ring7"",""active"",17]",49.038081685500003,-47.649020261399997
349,165270732462952,"[""ring7"",""active"",18]",36.175611720500001,-44.498094628899999
350,112275944231314,"[""ring7"",""active"",19]",23.115563108900002,-42.305699544399999
351,245752944709934,"[""ring7"",""active"",20]",9.9292653073999997,-41.083809109699999
352,202662447900705,"[""ring7"",""active"",21]",-3.3112626980000002,-40.8390968665
353,154415203091408,"[""ring7"",""active"",22]",-16.533705734800002,-41.5728993484
354,249000034967445,"[""ring7"",""active"",23]",-29.665847404200001,-43.281208780599997
355,105432625421735,"[""ring7"",""active"",24]",-42.635964502500002,-45.954694969400002
356,64235322929390,"[""ring7"",""active"",25]",-55.373218747499998,-49.578756260299997
357,80583806395388,"[""ring7"",""active"",26]",-67.808043673699999,-54.133599287300001
358,221514684970239,"[""ring7"",""active"",27]",-79.872524579100002,-59.594347077099997
359,204545893520169,"[""ring7"",""active"",28]",-91.500769452900002,-65.931174919200004
360,97550895784992,"[""ring7"",""active"",29]",-102.6292688537,-73.109473257100007
361,179768472648573,"[""ring7"",""active"",30]",-113.197242777,-81.090036714700005
362,4663288236199,"[""ring7"",""active"",31]",-123.1469726139,-89.829278221699994
363,278056749230886,"[""ring7"",""active"",32]",-132.42411639010001,-99.279467071499994
364,49078469715113,"[""ring7"",""active"",33]",-140.97800556359999,-109.3889896097
365,209456995452956,"[""ring7"",""active"",34]",-148.76192175790001,-120.10263113000001
366,281391758338618,"[""ring7"",""active"",35]",-155.73335192190001,-131.36187743740001
367,39867733414405,"[""ring7"",""active"",36]",-161.85422052160001,-143.10523443310001
368,221665518473018,"[""ring7"",""active"",37]",-167.0910974953,-155.26856397340001
369,235395455773571,"[""ring7"",""active"",38]",-171.4153808369,-167.78543417029999
370,248140748251892,"[""ring7"",""active"",39]",-174.80345281039999,-180.58748221920001
371,130737922101960,"[""ring7"",""active"",40]",-177.2368089414,-193.604787773
372,142947773551174,"[""ring7"",""active"",41]",-178.70215908279999,-206.766254823
373,246134825458202,"[""ring7"",""active"",42]",-179.19149999999999,-220
374,112355342081427,"[""ring7"",""active"",43]",-178.70215908279999,-233.233745177
375,168562849537525,"[""ring7"",""active"",44]",-177.2368089414,-246.395212227
376,240623476709370,"[""ring7"",""active"",45]",-174.80345281039999,-259.41251778079999
377,179552823553090,"[""ring7"",""active"",46]",-171.4153808369,-272.21456582970001
378,20451532741646,"[""ring7"",""active"",47]",-167.0910974953,-284.73143602660002
379,44138025319731,"[""ring7"",""active"",48]",-161.85422052160001,-296.89476556689999
380,87526950589628,"[""ring7"",""active"",49]",-155.73335192190001,-308.63812256260002
381,64146519403722,"[""ring7"",""active"",77]",152.35168387709999,-314.3321689142
382,222194219887615,"[""ring7"",""active"",78]",158.90230694050001,-302.82300719739999
383,95507527291869,"[""ring7"",""active"",79]",164.5850607063,-290.8614949359
384,41593819833030,"[""ring7"",""active"",80]",169.36890794390001,-278.51296176189999
385,148418666345158,"[""ring7"",""active"",81]",173.22772093859999,-265.84485108130002
386,181422169739776,"[""ring7"",""active"",82]",176.14042419200001,-252.92635172179999
387,26420087111766,"[""ring7"",""active"",83]",178.09110952899999,-239.8280200472
388,110309838343784,"[""ring7"",""active"",84]",179.06912298259999,-226.6213946028
389,103035038586406,"[""ring8"",""active"",0]",192.1946394659,-213.43443405869999
390,47162301186622,"[""ring8"",""active"",1]",191.298539336,-200.33391387539999
391,24425660975383,"[""ring8"",""active"",2]",189.5105171088,-187.32508606389999
392,153621519479959,"[""ring8"",""active"",3]",186.83890936910001,-174.4686037845
393,140424434400610,"[""ring8"",""active"",4]",183.2961723855,-161.82440989240001
394,40460452271116,"[""ring8"",""active"",5]",178.89882403339999,-149.45145745630001
395,253726371640365,"[""ring8"",""active"",6]",173.6673667805,-137.40743489210001
396,118483385141232,"[""ring8"",""active"",7]",167.62619209549999,-125.7484969927
397,80665172016646,"[""ring8"",""active"",8]",160.80346672350001,-114.52900310859999
398,230879612048369,"[""ring8"",""active"",9]",153.23100135979999,-103.8012636995
399,256672054013719,"[""ring8"",""active"",10]",144.9441023334,-93.615296438499996
400,118704804263222,"[""ring8"",""active"",11]",135.98140699289999,-84.018593007099994
401,141175085968341,"[""ring8"",""active"",12]",126.3847035615,-75.055897666600004
402,211148652082234,"[""ring8"",""active"",13]",116.1987363005,-66.768998640199996
403,183297492580179,"[""ring8"",""active"",14]",105.47099689140001,-59.196533276499999
404,56077620833608,"[""ring8"",""active"",15]",94.251503007300002,-52.373807904499998
405,227864090595258,"[""ring8"",""active"",16]",82.5925651079,-46.332633219500003
406,149823144396876,"[""ring8"",""active"",17]",70.548542543699995,-41.101175966600003
407,212903673864193,"[""ring8"",""active"",18]",58.175590107600001,-36.7038276145
408,135359725410911,"[""ring8"",""active"",19]",45.531396215500003,-33.161090630899999
409,148039290650802,"[""ring8"",""active"",20]",32.674913936099998,-30.489482891200002
410,153477916426313,"[""ring8"",""active"",21]",19.6660861246,-28.701460663999999
411,11663329182261,"[""ring8"",""active"",22]",6.5655659413,-27.8053605341
412,55124408669199,"[""ring8"",""active"",23]",-6.5655659413,-27.8053605341
413,156367101167981,"[""ring8"",""active"",24]",-19.6660861246,-28.701460663999999
414,109111027470527,"[""ring8"",""active"",25]",-32.674913936099998,-30.489482891200002
415,186589492827295,"[""ring8"",""active"",26]",-45.531396215500003,-33.161090630899999
416,234973109690632,"[""ring8"",""active"",27]",-58.175590107600001,-36.7038276145
417,159068333180735,"[""ring8"",""active"",28]",-70.548542543699995,-41.101175966600003
418,3553896438682,"[""ring8"",""active"",29]",-82.5925651079,-46.332633219500003
419,125490996073539,"[""ring8"",""active"",30]",-94.251503007300002,-52.373807904499998
420,197296522472290,"[""ring8"",""active"",31]",-105.47099689140001,-59.196533276499999
421,15471845928098,"[""ring8"",""active"",32]",-116.1987363005,-66.768998640199996
422,221332755877106,"[""ring8"",""active"",33]",-126.3847035615,-75.055897666600004
423,142716136045108,"[""ring8"",""active"",34]",-135.98140699289999,-84.018593007099994
424,113991812987888,"[""ring8"",""active"",35]",-144.9441023334,-93.615296438499996
425,137127856256707,"[""ring8"",""active"",36]",-153.23100135979999,-103.8012636995
426,275724049879911,"[""ring8"",""active"",37]",-160.80346672350001,-114.52900310859999
427,216476624374123,"[""ring8"",""active"",38]",-167.62619209549999,-125.7484969927
428,276855416670102,"[""ring8"",""active"",39]",-173.6673667805,-137.40743489210001
429,63086328637961,"[""ring8"",""active"",40]",-178.89882403339999,-149.45145745630001
430,80180257145509,"[""ring8"",""active"",41]",-183.2961723855,-161.82440989240001
431,201068241412195,"[""ring8"",""active"",42]",-186.83890936910001,-174.4686037845
432,89479408681291,"[""ring8"",""active"",43]",-189.5105171088,-187.32508606389999
433,26501276598608,"[""ring8"",""active"",44]",-191.298539336,-200.33391387539999
434,252764545910328,"[""ring8"",""active"",45]",-192.1946394659,-213.43443405869999
435,237539323347336,"[""ring8"",""active"",46]",-192.1946394659,-226.56556594130001
436,75029977817500,"[""ring8"",""active"",47]",-191.298539336,-239.66608612460001
437,224607538536195,"[""ring8"",""active"",48]",-189.5105171088,-252.67491393610001
438,210764997604661,"[""ring8"",""active"",49]",-186.83890936910001,-265.53139621550002
439,46772381161956,"[""ring8"",""active"",50]",-183.2961723855,-278.17559010759999
440,62421198131876,"[""ring8"",""active"",51]",-178.89882403339999,-290.54854254370002
441,235643662284623,"[""ring8"",""active"",52]",-173.6673667805,-302.59256510789999
442,159032990764413,"[""ring8"",""active"",85]",173.6673667805,-302.59256510789999
443,249691745359107,"[""ring8"",""active"",86]",178.89882403339999,-290.54854254370002
444,167953906478754,"[""ring8"",""active"",87]",183.2961723855,-278.17559010759999
445,91552215359534,"[""ring8"",""active"",88]",186.83890936910001,-265.53139621550002
446,106578588540520,"[""ring8"",""active"",89]",189.5105171088,-252.67491393610001
447,185343818846557,"[""ring8"",""active"",90]",191.298539336,-239.66608612460001
448,35243663952562,"[""ring8"",""active"",91]",192.1946394659,-226.56556594130001
449,125797870279228,"[""ring9"",""active"",0]",205.31645750440001,-213.41590083209999
450,194797963855147,"[""ring9"",""active"",1]",204.47276814029999,-200.274757972
451,89571561756875,"[""ring9"",""active"",2]",202.78885631259999,-187.21467036249999
452,168223872581822,"[""ring9"",""active"",3]",200.27164157620001,-174.2893047048
453,270332021443703,"[""ring9"",""active"",4]",196.9314677065,-161.55177409909999
454,3423682913562,"[""ring9"",""active"",5]",192.78206019429999,-149.0544197907
455,250743824423220,"[""ring9"",""active"",6]",187.8404698452,-136.8485960891
456,123984057099878,"[""ring9"",""active"",7]",182.12700271380001,-124.9844593421
457,109131239212470,"[""ring9"",""active"",8]",175.6651366621,-113.51076183249999
458,60007292473724,"[""ring9"",""active"",9]",168.4814248838,-102.4746514444
459,183922960676722,"[""ring9"",""active"",10]",160.6053867915,-91.921477922600005
460,244026363009533,"[""ring9"",""active"",11]",152.06938671520001,-81.894606520699995
461,134526403365745,"[""ring9"",""active"",12]",142.9085009101,-72.435239804199995
462,271629929750622,"[""ring9"",""active"",13]",133.16037342089999,-63.582248339899998
463,91866714086023,"[""ring9"",""active"",14]",122.8650613946,-55.372010968600001
464,252673504642266,"[""ring9"",""active"",15]",112.0648704765,-47.838265316899999
465,182925999859411,"[""ring9"",""active"",16]",100.80418096779999,-41.0119691616
466,74309374254258,"[""ring9"",""active"",17]",89.129265457000002,-34.921173217700002
467,230210593372475,"[""ring9"",""active"",18]",77.088098676300007,-29.590905872499999
468,13443920988055,"[""ring9"",""active"",19]",64.730160362800007,-25.0430703376
469,208622677056872,"[""ring9"",""active"",20]",52.106231935899999,-21.296354644800001
470,39592251780274,"[""ring9"",""active"",21]",39.2681878251,-18.366154852600001
471,12335931589554,"[""ring9"",""active"",22]",26.268782307599999,-16.264511780399999
472,37921723584664,"[""ring9"",""active"",23]",13.161432728899999,-15.0000615304
473,46532540838939,"[""ring9"",""active"",24]",0,-14.577999999999999
474,221836744379569,"[""ring9"",""active"",25]",-13.161432728899999,-15.0000615304
475,163801405267883,"[""ring9"",""active"",26]",-26.268782307599999,-16.264511780399999
476,238982923778748,"[""ring9"",""active"",27]",-39.2681878251,-18.366154852600001
477,205745359222780,"[""ring9"",""active"",28]",-52.106231935899999,-21.296354644800001
478,162046055810862,"[""ring9"",""active"",29]",-64.730160362800007,-25.0430703376
479,16135229903257,"[""ring9"",""active"",30]",-77.088098676300007,-29.590905872499999
480,219961057606929,"[""ring9"",""active"",31]",-89.129265457000002,-34.921173217700002
481,38238546939468,"[""ring9"",""active"",32]",-100.80418096779999,-41.0119691616
482,275681201462891,"[""ring9"",""active"",33]",-112.0648704765,-47.838265316899999
483,211355088550619,"[""ring9"",""active"",34]",-122.8650613946,-55.372010968600001
484,221360357038448,"[""ring9"",""active"",35]",-133.16037342089999,-63.582248339899998
485,223009927988812,"[""ring9"",""active"",36]",-142.9085009101,-72.435239804199995
486,210617608994225,"[""ring9"",""active"",37]",-152.06938671520001,-81.894606520699995
487,15081599663134,"[""ring9"",""active"",38]",-160.6053867915,-91.921477922600005
488,46320946312222,"[""ring9"",""active"",39]",-168.4814248838,-102.4746514444
489,225269520396524,"[""ring9"",""active"",40]",-175.6651366621,-113.51076183249999
490,173457709519417,"[""ring9"",""active"",41]",-182.12700271380001,-124.9844593421
491,154323244090370,"[""ring9"",""active"",42]",-187.8404698452,-136.8485960891
492,179984352001694,"[""ring9"",""active"",43]",-192.78206019429999,-149.0544197907
493,103164462862684,"[""ring9"",""active"",44]",-196.9314677065,-161.55177409909999
494,213722942061737,"[""ring9"",""active"",45]",-200.27164157620001,-174.2893047048
495,277505777930000,"[""ring9"",""active"",46]",-202.78885631259999,-187.21467036249999
496,270924983377453,"[""ring9"",""active"",47]",-204.47276814029999,-200.274757972
497,181821888419372,"[""ring9"",""active"",48]",-205.31645750440001,-213.41590083209999
498,156532336352418,"[""ring9"",""active"",49]",-205.31645750440001,-226.58409916790001
499,227955277581842,"[""ring9"",""active"",50]",-204.47276814029999,-239.725242028
500,11340136088227,"[""ring9"",""active"",51]",-202.78885631259999,-252.78532963750001
501,57652450693941,"[""ring9"",""active"",52]",-200.27164157620001,-265.71069529520003
502,123785471648349,"[""ring9"",""active"",53]",-196.9314677065,-278.44822590090001
503,75091553331911,"[""ring9"",""active"",54]",-192.78206019429999,-290.94558020929998
504,5914374245098,"[""ring9"",""active"",92]",192.78206019429999,-290.94558020929998
505,201446661129401,"[""ring9"",""active"",93]",196.9314677065,-278.44822590090001
506,201054203457862,"[""ring9"",""active"",94]",200.27164157620001,-265.71069529520003
507,250695471417951,"[""ring9"",""active"",95]",202.78885631259999,-252.78532963750001
508,173283086101942,"[""ring9"",""active"",96]",204.47276814029999,-239.725242028
509,55538106196645,"[""ring9"",""active"",97]",205.31645750440001,-226.58409916790001
510,172474163115530,"[""ring10"",""active"",0]",218.4375499169,-213.39951336269999
511,199925557887058,"[""ring10"",""active"",1]",217.64049498610001,-200.22262454809999
512,279228618000839,"[""ring10"",""active"",2]",216.04929349150001,-187.11790123169999
513,42309364814537,"[""ring10"",""active"",3]",213.66975155470001,-174.13316112780001
514,269370549870250,"[""ring10"",""active"",4]",210.51055186619999,-161.31578414480001
515,177128027911657,"[""ring10"",""active"",5]",206.58322200320001,-148.7125395013
516,140196495955528,"[""ring10"",""active"",6]",201.9020923663,-136.36941507040001
517,77902284120045,"[""ring10"",""active"",7]",196.48424388999999,-124.3314495744
518,274383146580543,"[""ring10"",""active"",8]",190.34944571579999,-112.6425682439
519,233739275243107,"[""ring10"",""active"",9]",183.52008305690001,-101.3454225394
520,173313357515596,"[""ring10"",""active"",10]",176.0210755171,-90.481234520300006
521,49304209612529,"[""ring10"",""active"",11]",167.87978616160001,-80.089646430599998
522,265830952138703,"[""ring10"",""active"",12]",159.12592167240001,-70.208576048300003
523,183373277524924,"[""ring10"",""active"",13]",149.79142395170001,-60.874078327600003
524,5637792400540,"[""ring10"",""active"",14]",139.9103535694,-52.120213838399998
525,269084107532656,"[""ring10"",""active"",15]",129.51876547969999,-43.978924482899998
526,277164273177310,"[""ring10"",""active"",16]",118.6545774606,-36.479916943100001
527,159639930345126,"[""ring10"",""active"",17]",107.3574317561,-29.650554284199998
528,25205170815886,"[""ring10"",""active"",18]",95.668550425600003,-23.515756110000002
529,51186292520246,"[""ring10"",""active"",19]",83.630584929600005,-18.0979076337
530,55975604336411,"[""ring10"",""active"",20]",71.2874604987,-13.4167779968
531,44345853330234,"[""ring10"",""active"",21]",58.684215855200001,-9.4894481337999999
532,142948145984137,"[""ring10"",""active"",22]",45.866838872199999,-6.3302484452999996
533,38917648349763,"[""ring10"",""active"",23]",32.882098768299997,-3.9507065085000002
534,167132142782736,"[""ring10"",""active"",24]",19.777375451899999,-2.3595050138999998
535,172575138973074,"[""ring10"",""active"",25]",6.6004866373000004,-1.5624500831000001
536,206709984788430,"[""ring10"",""active"",26]",-6.6004866373000004,-1.5624500831000001
537,23020641473524,"[""ring10"",""active"",27]",-19.777375451899999,-2.3595050138999998
538,34433825127062,"[""ring10"",""active"",28]",-32.882098768299997,-3.9507065085000002
539,110094276154620,"[""ring10"",""active"",29]",-45.866838872199999,-6.3302484452999996
540,227745589159590,"[""ring10"",""active"",30]",-58.684215855200001,-9.4894481337999999
541,11255515374092,"[""ring10"",""active"",31]",-71.2874604987,-13.4167779968
542,270450823204176,"[""ring10"",""active"",32]",-83.630584929600005,-18.0979076337
543,239794502843318,"[""ring10"",""active"",33]",-95.668550425600003,-23.515756110000002
544,123345788251926,"[""ring10"",""active"",34]",-107.3574317561,-29.650554284199998
545,86620170567299,"[""ring10"",""active"",35]",-118.6545774606,-36.479916943100001
546,278948417656352,"[""ring10"",""active"",36]",-129.51876547969999,-43.978924482899998
547,153329039887504,"[""ring10"",""active"",37]",-139.9103535694,-52.120213838399998
548,244852078210318,"[""ring10"",""active"",38]",-149.79142395170001,-60.874078327600003
549,236665206409186,"[""ring10"",""active"",39]",-159.12592167240001,-70.208576048300003
550,238818893321525,"[""ring10"",""active"",40]",-167.87978616160001,-80.089646430599998
551,233169623684519,"[""ring10"",""active"",41]",-176.0210755171,-90.481234520300006
552,266925950329579,"[""ring10"",""active"",42]",-183.52008305690001,-101.3454225394
553,223340820183600,"[""ring10"",""active"",43]",-190.34944571579999,-112.6425682439
554,147184792139813,"[""ring10"",""active"",44]",-196.48424388999999,-124.3314495744
555,249082231839352,"[""ring10"",""active"",45]",-201.9020923663,-136.36941507040001
556,142449631629575,"[""ring10"",""active"",46]",-206.58322200320001,-148.7125395013
557,55790143994605,"[""ring10"",""active"",47]",-210.51055186619999,-161.31578414480001
558,58116577585164,"[""ring10"",""active"",48]",-213.66975155470001,-174.13316112780001
559,203524580081841,"[""ring10"",""active"",49]",-216.04929349150001,-187.11790123169999
560,121511660269856,"[""ring10"",""active"",50]",-217.64049498610001,-200.22262454809999
561,137924173292362,"[""ring10"",""active"",51]",-218.4375499169,-213.39951336269999
562,127642190415742,"[""ring10"",""active"",52]",-218.4375499169,-226.60048663730001
563,263568781339220,"[""ring10"",""active"",53]",-217.64049498610001,-239.77737545190001
564,132280700110107,"[""ring10"",""active"",54]",-216.04929349150001,-252.88209876830001
565,155529656779273,"[""ring10"",""active"",55]",-213.66975155470001,-265.86683887219999
566,255689862235959,"[""ring10"",""active"",56]",-210.51055186619999,-278.68421585520002
567,70650623938862,"[""ring10"",""active"",99]",210.51055186619999,-278.68421585520002
568,111597398850170,"[""ring10"",""active"",100]",213.66975155470001,-265.86683887219999
569,33206401265888,"[""ring10"",""active"",101]",216.04929349150001,-252.88209876830001
570,124499559175476,"[""ring10"",""active"",102]",217.64049498610001,-239.77737545190001
571,211767509360928,"[""ring10"",""active"",103]",218.4375499169,-226.60048663730001
572,232479309947301,"[""ring11"",""active"",0]",231.55803044909999,-213.3849194435
573,50860905246844,"[""ring11"",""active"",1]",230.8027362837,-200.17633534839999
574,143329153940912,"[""ring11"",""active"",2]",229.29461156529999,-187.03241192690001
575,3919468611562,"[""ring11"",""active"",3]",227.03857548350001,-173.9960219253
576,230294396515493,"[""ring11"",""active"",4]",224.04198675879999,-161.10968733819999
577,149700328576904,"[""ring11"",""active"",5]",220.31461964109999,-148.4154407106
578,664180320899,"[""ring11"",""active"",6]",215.8686320269,-135.95468803630001
579,115375702687656,"[""ring11"",""active"",7]",210.71852580390001,-123.7680737006
580,215832399220657,"[""ring11"",""active"",8]",204.88109954800001,-111.89534790650001
581,22825761017195,"[""ring11"",""active"",9]",198.37539373039999,-100.3752370177
582,210615559996919,"[""ring11"",""active"",10]",191.22262861120001,-89.245317241500004
583,31872758005241,"[""ring11"",""active"",11]",183.44613502350001,-78.541892062800002
584,221025727242852,"[""ring11"",""active"",12]",175.07127827310001,-68.299873829700005
585,225771381567190,"[""ring11"",""active"",13]",166.12537540189999,-58.552669877100001
586,9006412514781,"[""ring11"",""active"",14]",156.63760608570001,-49.332073558099999
587,148011200851181,"[""ring11"",""active"",15]",146.638917456,-40.668160541399999
588,135996081291481,"[""ring11"",""active"",16]",136.1619231567,-32.589190710600001
589,271030481597108,"[""ring11"",""active"",17]",125.2407969656,-25.121515985799999
590,81300645859808,"[""ring11"",""active"",18]",113.91116132649999,-18.28949437
591,104310201120189,"[""ring11"",""active"",19]",102.2099711557,-12.115410497599999
592,203883247483410,"[""ring11"",""active"",20]",90.175393303700005,-6.6194029468000002
593,14709532842178,"[""ring11"",""active"",21]",77.846682061799996,-1.819398552
594,52305640921682,"[""ring11"",""active"",22]",65.2640511237,2.2689460702000002
595,56159762189962,"[""ring11"",""active"",23]",52.4685424161,5.6322955895
596,32249758069300,"[""ring11"",""active"",24]",39.501892228800003,8.2596794587000009
597,244462011710435,"[""ring11"",""active"",25]",26.406395079700001,10.1425276978
598,75668972759819,"[""ring11"",""active"",26]",13.2247657584,11.2746988472
599,100936505335710,"[""ring11"",""active"",27]",0,11.6525
600,66324793799683,"[""ring11"",""active"",28]",-13.2247657584,11.2746988472
601,191337993838044,"[""ring11"",""active"",29]",-26.406395079700001,10.1425276978
602,1073285995238,"[""ring11"",""active"",30]",-39.501892228800003,8.2596794587000009
603,240691178521803,"[""ring11"",""active"",31]",-52.4685424161,5.6322955895
604,192207009879479,"[""ring11"",""active"",32]",-65.2640511237,2.2689460702000002
605,103074661770529,"[""ring11"",""active"",33]",-77.846682061799996,-1.819398552
606,14045776964446,"[""ring11"",""active"",34]",-90.175393303700005,-6.6194029468000002
607,70529921752921,"[""ring11"",""active"",35]",-102.2099711557,-12.115410497599999
608,9662780048332,"[""ring11"",""active"",36]",-113.91116132649999,-18.28949437
609,103980759562146,"[""ring11"",""active"",37]",-125.2407969656,-25.121515985799999
610,280440000870112,"[""ring11"",""active"",38]",-136.1619231567,-32.589190710600001
611,132900369217242,"[""ring11"",""active"",39]",-146.638917456,-40.668160541399999
612,87791505369010,"[""ring11"",""active"",40]",-156.63760608570001,-49.332073558099999
613,128219859946054,"[""ring11"",""active"",41]",-166.12537540189999,-58.552669877100001
614,138724918645793,"[""ring11"",""active"",42]",-175.07127827310001,-68.299873829700005
615,190207085053315,"[""ring11"",""active"",43]",-183.44613502350001,-78.541892062800002
616,14715469083712,"[""ring11"",""active"",44]",-191.22262861120001,-89.245317241500004
617,209780806195365,"[""ring11"",""active"",45]",-198.37539373039999,-100.3752370177
618,85778706310978,"[""ring11"",""active"",46]",-204.88109954800001,-111.89534790650001
619,94854430522564,"[""ring11"",""active"",47]",-210.71852580390001,-123.7680737006
620,8568384943035,"[""ring11"",""active"",48]",-215.8686320269,-135.95468803630001
621,167724292612319,"[""ring11"",""active"",49]",-220.31461964109999,-148.4154407106
622,183752988734648,"[""ring11"",""active"",50]",-224.04198675879999,-161.10968733819999
623,219427054293820,"[""ring11"",""active"",51]",-227.03857548350001,-173.9960219253
624,229158023095686,"[""ring11"",""active"",52]",-229.29461156529999,-187.03241192690001
625,273403135210151,"[""ring11"",""active"",53]",-230.8027362837,-200.17633534839999
626,250221646710141,"[""ring11"",""active"",54]",-231.55803044909999,-213.3849194435
627,79821941779339,"[""ring11"",""active"",55]",-231.55803044909999,-226.6150805565
628,184232025959448,"[""ring11"",""active"",56]",-230.8027362837,-239.82366465160001
629,14493196065562,"[""ring11"",""active"",57]",-229.29461156529999,-252.96758807309999
630,281234359718790,"[""ring11"",""active"",58]",-227.03857548350001,-266.0039780747
631,131889163410686,"[""ring11"",""active"",106]",227.03857548350001,-266.0039780747
632,174703455648911,"[""ring11"",""active"",107]",229.29461156529999,-252.96758807309999
633,122741607093549,"[""ring11"",""active"",108]",230.8027362837,-239.82366465160001
634,187924930219905,"[""ring11"",""active"",109]",231.55803044909999,-226.6150805565
635,269190325658942,"[""ring12"",""active"",0]",244.6795179991,-213.42847720789999
636,221256282841499,"[""ring12"",""active"",1]",243.9740436081,-200.304379025
637,15095316137380,"[""ring12"",""active"",2]",242.56512889140001,-187.237068416
638,21284940582560,"[""ring12"",""active"",3]",240.45683611480001,-174.26422182019999
639,104244924606252,"[""ring12"",""active"",4]",237.6552440323,-161.42324331259999
640,43693989809466,"[""ring12"",""active"",5]",234.16843035900001,-148.75115675839999
641,241596496230020,"[""ring12"",""active"",6]",230.00644848140001,-136.28449906349999
642,181193497203570,"[""ring12"",""active"",7]",225.18129847060001,-124.05921482940001
643,67595663728408,"[""ring12"",""active"",8]",219.70689248330001,-112.1105527153
644,144704543391314,"[""ring12"",""active"",9]",213.59901464910001,-100.4729638073
645,25630916321626,"[""ring12"",""active"",10]",206.87527556090001,-89.180002286800004
646,198287664105918,"[""ring12"",""active"",11]",199.555061499,-78.264228685299997
647,98297547837049,"[""ring12"",""active"",12]",191.65947853579999,-67.757116003899995
648,167442685379849,"[""ring12"",""active"",13]",183.21129168069999,-57.688958968400001
649,43722190179802,"[""ring12"",""active"",14]",174.2348592434,-48.088786681899997
650,149792332955911,"[""ring12"",""active"",15]",164.75606260250001,-38.984278926400002
651,271968116210543,"[""ring12"",""active"",16]",154.8022315824,-30.401686354599999
652,18830141797848,"[""ring12"",""active"",17]",144.40206565470001,-22.3657548027
653,155746111806125,"[""ring12"",""active"",18]",133.58555119019999,-14.8996539416
654,260616336067978,"[""ring12"",""active"",19]",122.383875,-8.0249104728000002
655,91602902997760,"[""ring12"",""active"",20]",110.8293344165,-1.7613460616000001
656,224297049614986,"[""ring12"",""active"",21]",98.955244171299995,3.8729798145999998
657,196350846926909,"[""ring12"",""active"",22]",86.795840340400005,8.8618219356000001
658,49739719040863,"[""ring12"",""active"",23]",74.386181632800003,13.190796177999999
659,216886670514881,"[""ring12"",""active"",24]",61.762048307199997,16.8474209886
660,88316470805252,"[""ring12"",""active"",25]",48.959839007799999,19.821153371400001
661,198631377282869,"[""ring12"",""active"",26]",36.016465818199997,22.103419286099999
662,134918750124482,"[""ring12"",""active"",27]",22.969247834000001,23.6876383693
663,136285100735002,"[""ring12"",""active"",28]",9.8558035622000002,24.5692429072
664,188667730959992,"[""ring12"",""active"",29]",-3.2860575426,24.745691005800001
665,106995176848617,"[""ring12"",""active"",30]",-16.4184440929,24.216473919399998
666,231353215825364,"[""ring12"",""active"",31]",-29.503492018599999,22.983117518
667,58669025125971,"[""ring12"",""active"",32]",-42.503473739100002,21.049177887399999
668,275876603261418,"[""ring12"",""active"",33]",-55.380906942000003,18.420231076
669,121581170320119,"[""ring12"",""active"",34]",-68.0986626535,15.103857018299999
670,195777189040132,"[""ring12"",""active"",35]",-80.620072291900001,11.109617678999999
671,141670809921506,"[""ring12"",""active"",36]",-92.909033391500003,6.4490294842000004
672,159062754341843,"[""ring12"",""active"",37]",-104.9301136964,1.1355301161
673,60045675090491,"[""ring12"",""active"",38]",-116.64865331999999,-4.8155602310000001
674,45078197210876,"[""ring12"",""active"",39]",-128.03086467910001,-11.387083023100001
675,95413172796324,"[""ring12"",""active"",40]",-139.04392991169999,-18.560090858900001
676,240700718671888,"[""ring12"",""active"",41]",-149.6560954999,-26.3139020998
677,191455264063925,"[""ring12"",""active"",42]",-159.83676382300001,-34.626160500799998
678,10916194490280,"[""ring12"",""active"",43]",-169.5565813787,-43.472899669199997
679,219377941947507,"[""ring12"",""active"",44]",-178.78752341699999,-52.828612165599999
680,77593315184034,"[""ring12"",""active"",45]",-187.5029747422,-62.666323049100001
681,58681086670728,"[""ring12"",""active"",46]",-195.67780645209999,-72.957667652599994
682,249342145052635,"[""ring12"",""active"",47]",-203.28844839039999,-83.672973365199994
683,145178005254912,"[""ring12"",""active"",48]",-210.31295710649999,-94.781345186899998
684,44980537554465,"[""ring12"",""active"",49]",-216.73107912309999,-106.250754806
685,46456468654295,"[""ring12"",""active"",50]",-222.52430933299999,-118.0481329454
686,249442802094454,"[""ring12"",""active"",51]",-227.67594435390001,-130.13946471
687,249608969179111,"[""ring12"",""active"",52]",-232.17113068840001,-142.4898876602
688,20616595894406,"[""ring12"",""active"",53]",-235.99690755060001,-155.0637923294
689,264769390966077,"[""ring12"",""active"",54]",-239.14224423530001,-167.8249248955
690,31999187835031,"[""ring12"",""active"",55]",-241.59807192279999,-180.73649170979999
691,227396253847991,"[""ring12"",""active"",56]",-243.35730982600001,-193.7612653827
692,165501752665255,"[""ring12"",""active"",57]",-244.41488560670001,-206.86169211999999
693,95266915561523,"[""ring12"",""active"",58]",-244.76775000000001,-220
694,166404974261654,"[""ring12"",""active"",59]",-244.41488560670001,-233.13830788000001
695,10201852040239,"[""ring12"",""active"",60]",-243.35730982600001,-246.2387346173
696,275429855542782,"[""ring12"",""active"",115]",243.9740436081,-239.695620975
697,105562974288314,"[""ring12"",""active"",116]",244.6795179991,-226.57152279210001
698,213297009641175,"[""ring13"",""active"",0]",257.79888786999999,-213.41402232230001
699,75195992771248,"[""ring13"",""active"",1]",257.12632000669998,-200.25924903079999
700,77756164280441,"[""ring13"",""active"",2]",255.78293893270001,-187.15597710450001
701,114138200992416,"[""ring13"",""active"",3]",253.7722493759,-174.13839148389999
702,75905514426929,"[""ring13"",""active"",4]",251.09949699590001,-161.24045356350001
703,79593789155106,"[""ring13"",""active"",5]",247.77165469830001,-148.49581259070001
704,224024464921948,"[""ring13"",""active"",6]",243.79740444379999,-135.93771787860001
705,115358409673717,"[""ring13"",""active"",7]",239.18711459759999,-123.5989320625
706,253947070548006,"[""ring13"",""active"",8]",233.95281287930001,-111.5116456257
707,56640937062918,"[""ring13"",""active"",9]",228.10815498470001,-99.707392918400004
708,155964098212232,"[""ring13"",""active"",10]",221.66838895870001,-88.216969888099996
709,90079464318083,"[""ring13"",""active"",11]",214.65031541569999,-77.0703537367
710,171187211124927,"[""ring13"",""active"",12]",207.07224370820001,-66.296624712799996
711,136821204232748,"[""ring13"",""active"",13]",198.95394415999999,-55.923890245499997
712,115971082239510,"[""ring13"",""active"",14]",190.31659648780001,-45.979211614599997
713,72097578443091,"[""ring13"",""active"",15]",181.1827345454,-36.488533351100003
714,28413221684397,"[""ring13"",""active"",16]",171.57618753579999,-27.476615550999998
715,278485981031859,"[""ring13"",""active"",17]",161.52201784319999,-18.966969279000001
716,96159390607854,"[""ring13"",""active"",18]",151.0464556483,-10.9817952305
717,166539769967329,"[""ring13"",""active"",19]",140.176830497,-3.5419258128000002
718,179958761746142,"[""ring13"",""active"",20]",128.94149999999999,3.3332292040999998
719,244866176847542,"[""ring13"",""active"",21]",117.3697758519,9.6257333260000006
720,197072398286193,"[""ring13"",""active"",22]",105.4918473597,15.3191701278
721,11412244382667,"[""ring13"",""active"",23]",93.338702682600001,20.398686083200001
722,221687157353772,"[""ring13"",""active"",24]",80.942047987500004,24.851029315000002
723,269278683033416,"[""ring13"",""active"",25]",68.334224731000006,28.664584167899999
724,104067888206321,"[""ring13"",""active"",26]",55.548125284500003,31.829401513000001
725,254104218705053,"[""ring13"",""active"",27]",42.617107121499998,34.337224702900002
726,181649543333504,"[""ring13"",""active"",28]",29.574905791999999,36.181511113500001
727,84778092386348,"[""ring13"",""active"",29]",16.455546910100001,37.357449211999999
728,173373651370546,"[""ring13"",""active"",30]",3.2932573852,37.861971110100001
729,155379072514124,"[""ring13"",""active"",31]",-9.8776238721999992,37.6937605679
730,63542301426551,"[""ring13"",""active"",32]",-23.022735536700001,36.8532564275
731,237809870710852,"[""ring13"",""active"",33]",-36.107783512899999,35.342651468100001
732,273607465278557,"[""ring13"",""active"",34]",-49.098630404700003,33.165886685700002
733,33764067025229,"[""ring13"",""active"",35]",-61.961384575799997,30.3286410111
734,110411429840760,"[""ring13"",""active"",36]",-74.662488569100006,26.838316494200001
735,58712024746136,"[""ring13"",""active"",37]",-87.168806654600004,22.7040189931
736,166870077349135,"[""ring13"",""active"",38]",-99.4477112764,17.936534418099999
737,119094303591965,"[""ring13"",""active"",39]",-111.4671681742,12.548300592
738,220178697738434,"[""ring13"",""active"",40]",-123.1958199574,6.5533748017000004
739,219966376844426,"[""ring13"",""active"",41]",-134.60306791260001,-0.032602876000000003
740,205134850792663,"[""ring13"",""active"",42]",-145.65915183249999,-7.1924503772000001
741,27691301402871,"[""ring13"",""active"",43]",-156.33522765629999,-14.907488477399999
742,220607542025826,"[""ring13"",""active"",44]",-166.60344272130001,-23.157589522999999
743,37495623747716,"[""ring13"",""active"",45]",-176.43700842679999,-31.921229942299998
744,198694389500383,"[""ring13"",""active"",46]",-185.8102701226,-41.175546398199998
745,257225471507128,"[""ring13"",""active"",47]",-194.69877403909999,-50.896395435599999
746,258198880208190,"[""ring13"",""active"",48]",-203.0793310846,-61.058416469400001
747,269062723872836,"[""ring13"",""active"",49]",-210.93007734259999,-71.635097946800002
748,262626287242684,"[""ring13"",""active"",50]",-218.23053111249999,-82.598846513699996
749,192097914777951,"[""ring13"",""active"",51]",-224.96164634389999,-93.921059001700002
750,199714151705518,"[""ring13"",""active"",52]",-231.10586232579999,-105.5721970514
751,62427143292944,"[""ring13"",""active"",53]",-236.64714950019999,-117.5218641737
752,46873906860480,"[""ring13"",""active"",54]",-241.57105128149999,-129.73888505159999
753,20284609643554,"[""ring13"",""active"",55]",-245.86472177229999,-142.1913868725
754,233189163668774,"[""ring13"",""active"",56]",-249.5169592764,-154.84688248099999
755,237793420755871,"[""ring13"",""active"",57]",-252.51823552330001,-167.67235513399999
756,136116521257291,"[""ring13"",""active"",58]",-254.8607205257,-180.63434463780001
757,260100402853990,"[""ring13"",""active"",59]",-256.53830300800001,-193.6990346417
758,242212528664118,"[""ring13"",""active"",60]",-257.54660634880003,-206.83234086120001
759,265805318521810,"[""ring13"",""active"",61]",-257.88299999999998,-220
760,256763333786165,"[""ring13"",""active"",62]",-257.54660634880003,-233.16765913879999
761,96829031723895,"[""ring13"",""active"",122]",257.79888786999999,-226.58597767769999
762,165521876770160,"[""ring14"",""active"",0]",270.91789084700002,-213.40091505609999
763,220781063234208,"[""ring14"",""active"",1]",270.27530354129999,-200.2183974687
764,277729416573949,"[""ring14"",""active"",2]",268.99165307620001,-187.08279965700001
765,116124002375182,"[""ring14"",""active"",3]",267.06998412849998,-174.02527780779999
766,89963099715261,"[""ring14"",""active"",4]",264.5148546849,-161.07680292020001
767,37844420093744,"[""ring14"",""active"",5]",261.33232522989999,-148.26808734619999
768,42964507451191,"[""ring14"",""active"",6]",257.52994437199999,-135.62951194390001
769,247535241469648,"[""ring14"",""active"",7]",253.11673093830001,-123.191054018
770,88950734206602,"[""ring14"",""active"",8]",248.10315258360001,-110.9822162162
771,164070270869329,"[""ring14"",""active"",9]",242.50110096189999,-99.031956553200004
772,163899520792589,"[""ring14"",""active"",10]",236.3238635205,-87.368619724400006
773,12640003296592,"[""ring14"",""active"",11]",229.5860919843,-76.019869876399994
774,5255470547261,"[""ring14"",""active"",12]",222.30376760300001,-65.012624989800003
775,6779128017491,"[""ring14"",""active"",13]",214.4941632455,-54.372993033500002
776,108190285495901,"[""ring14"",""active"",14]",206.17580243040001,-44.126210039
777,39848678046352,"[""ring14"",""active"",15]",197.36841539049999,-34.296580243400001
778,104440436143463,"[""ring14"",""active"",16]",188.092892275,-24.907418442699999
779,196974781915655,"[""ring14"",""active"",17]",178.37123359969999,-15.980994691199999
780,11351353555516,"[""ring14"",""active"",18]",168.2264980651,-7.5384814800999997
781,222776227942792,"[""ring14"",""active"",19]",157.68274786309999,0.4000964823
782,13049090244020,"[""ring14"",""active"",20]",146.76499160419999,7.8159097659999999
783,101300716087733,"[""ring14"",""active"",21]",135.49912499999999,14.691368881100001
784,80693098301653,"[""ring14"",""active"",22]",123.9118694415,21.010165998400002
785,160012145064261,"[""ring14"",""active"",23]",112.0307086187,26.7573136291
786,51468201348844,"[""ring14"",""active"",24]",99.883823332299997,31.919180174099999
787,169438365934401,"[""ring14"",""active"",25]",87.5000246524,36.483522256100002
788,44297045969110,"[""ring14"",""active"",26]",74.908685581100002,40.439513760099999
789,226955197929705,"[""ring14"",""active"",27]",62.139671383600003,43.777771511200001
790,198014312129454,"[""ring14"",""active"",28]",49.223268750899997,46.490377530899998
791,180640409003371,"[""ring14"",""active"",29]",36.190113963000002,48.570897817300001
792,133818827219190,"[""ring14"",""active"",30]",23.071120223200001,50.014397606300001
793,127403532046269,"[""ring14"",""active"",31]",9.8974043350999992,50.817453075899998
794,36785821662829,"[""ring14"",""active"",32]",-3.2997871025999999,50.978159466999998
795,203342938881546,"[""ring14"",""active"",33]",-16.489151809900001,50.496135602099997
796,231496839406695,"[""ring14"",""active"",34]",-29.6394060708,49.372524788299998
797,192153151333618,"[""ring14"",""active"",35]",-42.719358935099997,47.609992106500002
798,210943705361219,"[""ring14"",""active"",36]",-55.697986199799999,45.212718089399999
799,108143700784386,"[""ring14"",""active"",37]",-68.544503994699994,42.186388806099998
800,76865928448142,"[""ring14"",""active"",38]",-81.228441799099997,38.538182375300003
801,200059509651920,"[""ring14"",""active"",39]",-93.719714713900004,34.276751939699999
802,72724369807386,"[""ring14"",""active"",40]",-105.9886948196,29.412205141400001
803,167711516952786,"[""ring14"",""active"",41]",-118.00628145100001,23.956080148000002
804,109031202809065,"[""ring14"",""active"",42]",-129.74397022030001,17.9213182851
805,142206005456204,"[""ring14"",""active"",43]",-141.17392062659999,11.3222333412
806,80172088093958,"[""ring14"",""active"",44]",-152.26902209030001,4.1744776166999999
807,230951571330593,"[""ring14"",""active"",45]",-163.00295825660001,-3.5049952015999999
808,267854983090524,"[""ring14"",""active"",46]",-173.35026941469999,-11.697970252499999
809,262115093678066,"[""ring14"",""active"",47]",-183.2864128857,-20.3850147044
810,264510882229136,"[""ring14"",""active"",48]",-192.7878212352,-29.5455238477
811,125975122494763,"[""ring14"",""active"",49]",-201.83195817219999,-39.157769966700002
812,154642961588767,"[""ring14"",""active"",50]",-210.39737200319999,-49.198953875599997
813,119322581839012,"[""ring14"",""active"",51]",-218.46374651279999,-59.645258995500001
814,123848728733568,"[""ring14"",""active"",52]",-226.011949152,-70.4719078448
815,179482561833507,"[""ring14"",""active"",53]",-233.02407641790001,-81.653220808499995
816,33015343834190,"[""ring14"",""active"",54]",-239.48349631939999,-93.162677047800003
817,126957954850566,"[""ring14"",""active"",55]",-245.37488782619999,-104.9729774039
818,91554095515787,"[""ring14"",""active"",56]",-250.68427720849999,-117.0561091492
819,233918787006458,"[""ring14"",""active"",57]",-255.3990711813,-129.3834124302
820,93963281763917,"[""ring14"",""active"",58]",-259.50808677409998,-141.9256482454
821,212226544833028,"[""ring14"",""active"",59]",-263.00157785599998,-154.6530677973
822,121944945474230,"[""ring14"",""active"",60]",-265.87125825210001,-167.5354830526
823,244875630498560,"[""ring14"",""active"",61]",-268.1103213975,-180.54233834589999
824,168307710207132,"[""ring14"",""active"",62]",-269.71345648179999,-193.6427828532
825,278578927113112,"[""ring14"",""active"",63]",-270.67686104569998,-206.80574376760001
826,48423019669204,"[""ring14"",""active"",64]",-270.99824999999998,-220
827,133443344161279,"[""ring15"",""active"",1]",283.43155005509999,-200.32673602060001
828,197648184705491,"[""ring15"",""active"",2]",282.22054207600002,-187.25787861809999
829,52106100998113,"[""ring15"",""active"",3]",280.40726123749999,-174.25889455270001
830,56875388605354,"[""ring15"",""active"",4]",277.99557717229999,-161.35752431149999
831,93860728925624,"[""ring15"",""active"",5]",274.99063653579998,-148.5813000686
832,250866175170411,"[""ring15"",""active"",6]",271.3988520227,-135.9574869306
833,81684147593473,"[""ring15"",""active"",7]",267.22788868219999,-123.5130247508
834,97992445606301,"[""ring15"",""active"",8]",262.48664756009998,-111.2744706387
835,230829756256160,"[""ring15"",""active"",9]",257.18524670419998,-99.267942285499998
836,43377485708803,"[""ring15"",""active"",10]",251.33499957079999,-87.519062227800006
837,81120339377481,"[""ring15"",""active"",11]",244.9483908823,-76.052903167699995
838,279364788569901,"[""ring15"",""active"",12]",238.0390499833,-64.893934466499999
839,5194909739840,"[""ring15"",""active"",13]",230.62172175570001,-54.065969925799997
840,267305865248056,"[""ring15"",""active"",14]",222.7122351516,-43.592116967499997
841,105954157304361,"[""ring15"",""active"",15]",214.32746941409999,-33.494727321699997
842,174576859448037,"[""ring15"",""active"",16]",205.48531805569999,-23.7953493268
843,160207716641544,"[""ring15"",""active"",17]",196.20465067320001,-14.514681944299999
844,73520737797048,"[""ring15"",""active"",18]",186.5052726783,-5.6725305858999997
845,6713702698585,"[""ring15"",""active"",19]",176.4078830325,2.7122351515999998
846,195301154799590,"[""ring15"",""active"",20]",165.9340300742,10.621721755699999
847,201669159287225,"[""ring15"",""active"",21]",155.10606553349999,18.0390499833
848,209990551669753,"[""ring15"",""active"",22]",143.94709683229999,24.9483908823
849,32571105795623,"[""ring15"",""active"",23]",132.48093777220001,31.334999570800001
850,262300684399781,"[""ring15"",""active"",24]",120.7320577145,37.185246704199997
851,200861100011056,"[""ring15"",""active"",25]",108.7255293613,42.486647560100003
852,26128418700104,"[""ring15"",""active"",26]",96.4869752492,47.227888682200003
853,234574533317925,"[""ring15"",""active"",27]",84.042513069400002,51.398852022699998
854,263796972873561,"[""ring15"",""active"",28]",71.418699931399999,54.9906365358
855,81482977543357,"[""ring15"",""active"",29]",58.642475688499999,57.995577172300003
856,165450055074352,"[""ring15"",""active"",30]",45.741105447300001,60.407261237500002
857,228344882376100,"[""ring15"",""active"",31]",32.742121381899999,62.220542076000001
858,94268610072374,"[""ring15"",""active"",32]",19.673263979400001,63.431550055099997
859,197372566965640,"[""ring15"",""active"",33]",6.5624228402,64.037700822800005
860,132585554488954,"[""ring15"",""active"",34]",-6.5624228402,64.037700822800005
861,97263302824896,"[""ring15"",""active"",35]",-19.673263979400001,63.431550055099997
862,232469024281685,"[""ring15"",""active"",36]",-32.742121381899999,62.220542076000001
863,159699280532894,"[""ring15"",""active"",37]",-45.741105447300001,60.407261237500002
864,191122481008251,"[""ring15"",""active"",38]",-58.642475688499999,57.995577172300003
865,220089412287740,"[""ring15"",""active"",39]",-71.418699931399999,54.9906365358
866,276276095719582,"[""ring15"",""active"",40]",-84.042513069400002,51.398852022699998
867,167553349737317,"[""ring15"",""active"",41]",-96.4869752492,47.227888682200003
868,253158467848667,"[""ring15"",""active"",42]",-108.7255293613,42.486647560100003
869,30989953454086,"[""ring15"",""active"",43]",-120.7320577145,37.185246704199997
870,66403068318291,"[""ring15"",""active"",44]",-132.48093777220001,31.334999570800001
871,57035283632322,"[""ring15"",""active"",45]",-143.94709683229999,24.9483908823
872,20564325801018,"[""ring15"",""active"",46]",-155.10606553349999,18.0390499833
873,111532104877773,"[""ring15"",""active"",47]",-165.9340300742,10.621721755699999
874,66990161067564,"[""ring15"",""active"",48]",-176.4078830325,2.7122351515999998
875,91916441936778,"[""ring15"",""active"",49]",-186.5052726783,-5.6725305858999997
876,273418900851785,"[""ring15"",""active"",50]",-196.20465067320001,-14.514681944299999
877,92957508625192,"[""ring15"",""active"",51]",-205.48531805569999,-23.7953493268
878,275605062085477,"[""ring15"",""active"",52]",-214.32746941409999,-33.494727321699997
879,130013491045549,"[""ring15"",""active"",53]",-222.7122351516,-43.592116967499997
880,119163007092565,"[""ring15"",""active"",54]",-230.62172175570001,-54.065969925799997
881,191958207238798,"[""ring15"",""active"",55]",-238.0390499833,-64.893934466499999
882,106294614914250,"[""ring15"",""active"",56]",-244.9483908823,-76.052903167699995
883,196740456360525,"[""ring15"",""active"",57]",-251.33499957079999,-87.519062227800006
884,111219419266340,"[""ring15"",""active"",58]",-257.18524670419998,-99.267942285499998
885,130464597535559,"[""ring15"",""active"",59]",-262.48664756009998,-111.2744706387
886,199716584153140,"[""ring15"",""active"",60]",-267.22788868219999,-123.5130247508
887,182892645988234,"[""ring15"",""active"",61]",-271.3988520227,-135.9574869306
888,221054123772071,"[""ring15"",""active"",62]",-274.99063653579998,-148.5813000686
889,3324005652176,"[""ring15"",""active"",63]",-277.99557717229999,-161.35752431149999
890,46892702591934,"[""ring15"",""active"",64]",-280.40726123749999,-174.25889455270001
891,121264571975823,"[""ring15"",""active"",65]",-282.22054207600002,-187.25787861809999
892,264643561389576,"[""ring15"",""active"",66]",-283.43155005509999,-200.32673602060001
893,76753201431482,"[""ring16"",""active"",2]",295.41205935480002,-187.18773073520001
894,244633680785605,"[""ring16"",""active"",3]",293.67152138220001,-174.1527824659
895,171089089649091,"[""ring16"",""active"",4]",291.35610761570001,-161.2075822779
896,75222676762851,"[""ring16"",""active"",5]",288.4703505864,-148.37747100839999
897,159687415027606,"[""ring16"",""active"",6]",285.01989929920001,-135.68756420290001
898,205870072698856,"[""ring16"",""active"",7]",281.01150817460001,-123.16270294980001
899,16864311046591,"[""ring16"",""active"",8]",276.45302382649999,-110.8274052531
900,204981441336373,"[""ring16"",""active"",9]",271.35336970190002,-98.705818037399993
901,103723275366416,"[""ring16"",""active"",10]",265.72252861340002,-86.821669878899996
902,135248353464592,"[""ring16"",""active"",11]",259.5715231968,-75.198224555600007
903,273325127549535,"[""ring16"",""active"",12]",252.912394334,-63.858235507700002
904,228939531969834,"[""ring16"",""active"",13]",245.75817758260001,-52.823901296099997
905,136619400440251,"[""ring16"",""active"",14]",238.1228776577,-42.116822148399997
906,19320977857301,"[""ring16"",""active"",15]",230.02144101760001,-31.7579576748
907,137174363616339,"[""ring16"",""active"",16]",221.4697266048,-21.767585838799999
908,116954962661799,"[""ring16"",""active"",17]",212.48447480199999,-12.1652632626
909,142161348478028,"[""ring16"",""active"",18]",203.0832746614,-2.9697869434999999
910,50842970292472,"[""ring16"",""active"",19]",193.28452947389999,5.8008425417999998
911,267570022784505,"[""ring16"",""active"",20]",183.10742074340001,14.129456274300001
912,13864981062684,"[""ring16"",""active"",21]",172.57187063789999,21.999750601300001
913,130420148558664,"[""ring16"",""active"",22]",161.6985029917,29.396319052199999
914,55930330310476,"[""ring16"",""active"",23]",150.50860293260001,36.3046824969
915,73577390635375,"[""ring16"",""active"",24]",139.0240752153,42.711317489499997
916,149399166553063,"[""ring16"",""active"",25]",127.2674013422,48.603682741299998
917,279402197812434,"[""ring16"",""active"",26]",115.2615955545,53.970243670400002
918,264334776305930,"[""ring16"",""active"",27]",103.03015978080001,58.8004949818
919,196885275650974,"[""ring16"",""active"",28]",90.597037631000006,63.084981231900002
920,42941508145883,"[""ring16"",""active"",29]",77.986567525599995,66.815315337499996
921,115921171693836,"[""ring16"",""active"",30]",65.223435052100001,69.984194994399999
922,99080569954259,"[""ring16"",""active"",31]",52.332624641499997,72.585416972000004
923,154937969768674,"[""ring16"",""active"",32]",39.339370660599997,74.613889256099995
924,225736060795511,"[""ring16"",""active"",33]",26.269108014299999,76.065641016800001
925,157898677119004,"[""ring16"",""active"",34]",13.1474223555,76.937830382000001
926,59551296272313,"[""ring16"",""active"",35]",0,77.228750000000005
927,274313755171394,"[""ring16"",""active"",36]",-13.1474223555,76.937830382000001
928,82259964132185,"[""ring16"",""active"",37]",-26.269108014299999,76.065641016800001
929,89028808034281,"[""ring16"",""active"",38]",-39.339370660599997,74.613889256099995
930,71214580142678,"[""ring16"",""active"",39]",-52.332624641499997,72.585416972000004
931,209832996406320,"[""ring16"",""active"",40]",-65.223435052100001,69.984194994399999
932,245758326240794,"[""ring16"",""active"",41]",-77.986567525599995,66.815315337499996
933,224307788764112,"[""ring16"",""active"",42]",-90.597037631000006,63.084981231900002
934,444633846910,"[""ring16"",""active"",43]",-103.03015978080001,58.8004949818
935,32576038785920,"[""ring16"",""active"",44]",-115.2615955545,53.970243670400002
936,33234973475922,"[""ring16"",""active"",45]",-127.2674013422,48.603682741299998
937,238501059863328,"[""ring16"",""active"",46]",-139.0240752153,42.711317489499997
938,14330179294251,"[""ring16"",""active"",47]",-150.50860293260001,36.3046824969
939,108102254257362,"[""ring16"",""active"",48]",-161.6985029917,29.396319052199999
940,16631441601829,"[""ring16"",""active"",49]",-172.57187063789999,21.999750601300001
941,234907186680731,"[""ring16"",""active"",50]",-183.10742074340001,14.129456274300001
942,179552535594046,"[""ring16"",""active"",51]",-193.28452947389999,5.8008425417999998
943,258165220027317,"[""ring16"",""active"",52]",-203.0832746614,-2.9697869434999999
944,155003283069244,"[""ring16"",""active"",53]",-212.48447480199999,-12.1652632626
945,7335489149434,"[""ring16"",""active"",54]",-221.4697266048,-21.767585838799999
946,87164892262637,"[""ring16"",""active"",55]",-230.02144101760001,-31.7579576748
947,248931544040157,"[""ring16"",""active"",56]",-238.1228776577,-42.116822148399997
948,272615998927664,"[""ring16"",""active"",57]",-245.75817758260001,-52.823901296099997
949,94315279257914,"[""ring16"",""active"",58]",-252.912394334,-63.858235507700002
950,190751843800270,"[""ring16"",""active"",59]",-259.5715231968,-75.198224555600007
951,176357689890001,"[""ring16"",""active"",60]",-265.72252861340002,-86.821669878899996
952,270298400263533,"[""ring16"",""active"",61]",-271.35336970190002,-98.705818037399993
953,257840753784473,"[""ring16"",""active"",62]",-276.45302382649999,-110.8274052531
954,209845167553271,"[""ring16"",""active"",63]",-281.01150817460001,-123.16270294980001
955,77772483715893,"[""ring16"",""active"",64]",-285.01989929920001,-135.68756420290001
956,148848413995031,"[""ring16"",""active"",65]",-288.4703505864,-148.37747100839999
957,5015204120109,"[""ring16"",""active"",66]",-291.35610761570001,-161.2075822779
958,192847377889347,"[""ring16"",""active"",67]",-293.67152138220001,-174.1527824659
959,178399702431466,"[""ring16"",""active"",68]",-295.41205935480002,-187.18773073520001
960,129508688164245,"[""ring17"",""active"",4]",304.6978370727,-161.07100527590001
961,116112618666332,"[""ring17"",""active"",5]",301.92227658489998,-148.19235947499999
962,257123315037316,"[""ring17"",""active"",6]",298.60263174760001,-135.44311589590001
963,272980153295873,"[""ring17"",""active"",7]",294.74488478519999,-122.84624953719999
964,116117485616113,"[""ring17"",""active"",8]",290.35598761829999,-110.4244608035
965,198106948524149,"[""ring17"",""active"",9]",285.44384933639998,-98.200134597800002
966,208443878535548,"[""ring17"",""active"",10]",280.01732194469997,-86.195299981999995
967,120943244017986,"[""ring17"",""active"",11]",274.08618441229999,-74.431590479600004
968,30958100787413,"[""ring17"",""active"",12]",267.66112504990002,-62.930205090199998
969,201247811876415,"[""ring17"",""active"",13]",260.75372224879999,-51.711870087699999
970,143384296230983,"[""ring17"",""active"",14]",253.37642361569999,-40.796801670000001
971,248604990759548,"[""ring17"",""active"",15]",245.54252354139999,-30.204669528099998
972,237911829236964,"[""ring17"",""active"",16]",237.2661392432,-19.954561400100001
973,108597255970984,"[""ring17"",""active"",17]",228.56218532520001,-10.0649486737
974,23798040952883,"[""ring17"",""active"",18]",219.44634690059999,-0.55365309939999996
975,110316593108706,"[""ring17"",""active"",19]",209.9350513263,8.5621853251999998
976,185556115726987,"[""ring17"",""active"",20]",200.0454385999,17.266139243200001
977,90738966461833,"[""ring17"",""active"",21]",189.7953304719,25.542523541400001
978,8346490300935,"[""ring17"",""active"",22]",179.20319832999999,33.376423615699998
979,234128383958195,"[""ring17"",""active"",23]",168.28812991230001,40.753722248800003
980,28859929127715,"[""ring17"",""active"",24]",157.06979490980001,47.661125049900001
981,23726128480770,"[""ring17"",""active"",25]",145.5684095204,54.0861844123
982,271409770005992,"[""ring17"",""active"",26]",133.80470001800001,60.017321944700001
983,22478568156834,"[""ring17"",""active"",27]",121.7998654022,65.443849336400007
984,211153487037457,"[""ring17"",""active"",28]",109.5755391965,70.355987618300006
985,36648644039662,"[""ring17"",""active"",29]",97.153750462800005,74.7448847852
986,257938817487333,"[""ring17"",""active"",30]",84.556884104100007,78.6026317476
987,268477681315656,"[""ring17"",""active"",31]",71.807640524999997,81.922276584900004
988,197023921387560,"[""ring17"",""active"",32]",58.928994724100001,84.697837072699997
989,221087366691279,"[""ring17"",""active"",33]",45.944154891700002,86.924311463400002
990,5622303700049,"[""ring17"",""active"",34]",32.876520586799998,88.597687499599999
991,35400039421816,"[""ring17"",""active"",35]",19.7496405696,89.714949644599997
992,159025315117172,"[""ring17"",""active"",36]",6.5871703653000004,90.274084516499997
993,171344980200586,"[""ring17"",""active"",37]",-6.5871703653000004,90.274084516499997
994,92313167300311,"[""ring17"",""active"",38]",-19.7496405696,89.714949644599997
995,224644992062927,"[""ring17"",""active"",39]",-32.876520586799998,88.597687499599999
996,32131299766892,"[""ring17"",""active"",40]",-45.944154891700002,86.924311463400002
997,72172651845139,"[""ring17"",""active"",41]",-58.928994724100001,84.697837072699997
998,187894532517525,"[""ring17"",""active"",42]",-71.807640524999997,81.922276584900004
999,122817225486272,"[""ring17"",""active"",43]",-84.556884104100007,78.6026317476
1000,71700088228001,"[""ring17"",""active"",44]",-97.153750462800005,74.7448847852
1001,107023919264082,"[""ring17"",""active"",45]",-109.5755391965,70.355987618300006
1002,141831917306643,"[""ring17"",""active"",46]",-121.7998654022,65.443849336400007
1003,219614657588130,"[""ring17"",""active"",47]",-133.80470001800001,60.017321944700001
1004,153750100346813,"[""ring17"",""active"",48]",-145.5684095204,54.0861844123
1005,247721869966835,"[""ring17"",""active"",49]",-157.06979490980001,47.661125049900001
1006,218465199506569,"[""ring17"",""active"",50]",-168.28812991230001,40.753722248800003
1007,236871194085760,"[""ring17"",""active"",51]",-179.20319832999999,33.376423615699998
1008,96106580541926,"[""ring17"",""active"",52]",-189.7953304719,25.542523541400001
1009,63970671960349,"[""ring17"",""active"",53]",-200.0454385999,17.266139243200001
1010,33902868893571,"[""ring17"",""active"",54]",-209.9350513263,8.5621853251999998
1011,232869216563541,"[""ring17"",""active"",55]",-219.44634690059999,-0.55365309939999996
1012,148247924972767,"[""ring17"",""active"",56]",-228.56218532520001,-10.0649486737
1013,158256827859760,"[""ring17"",""active"",57]",-237.2661392432,-19.954561400100001
1014,147922613123157,"[""ring17"",""active"",58]",-245.54252354139999,-30.204669528099998
1015,50814025232388,"[""ring17"",""active"",59]",-253.37642361569999,-40.796801670000001
1016,135727687250940,"[""ring17"",""active"",60]",-260.75372224879999,-51.711870087699999
1017,167028907175436,"[""ring17"",""active"",61]",-267.66112504990002,-62.930205090199998
1018,43485611768770,"[""ring17"",""active"",62]",-274.08618441229999,-74.431590479600004
1019,82635219630128,"[""ring17"",""active"",63]",-280.01732194469997,-86.195299981999995
1020,156989152467440,"[""ring17"",""active"",64]",-285.44384933639998,-98.200134597800002
1021,178215120521680,"[""ring17"",""active"",65]",-290.35598761829999,-110.4244608035
1022,82010388378724,"[""ring17"",""active"",66]",-294.74488478519999,-122.84624953719999
1023,219404492720106,"[""ring17"",""active"",67]",-298.60263174760001,-135.44311589590001
1024,108605301621107,"[""ring17"",""active"",68]",-301.92227658489998,-148.19235947499999
1025,24092907508848,"[""ring17"",""active"",69]",-304.6978370727,-161.07100527590001
1026,164472754128888,"[""ring18"",""active"",5]",315.34945127840001,-148.0235455932
1027,200667525256665,"[""ring18"",""active"",6]",312.15119945340001,-135.22078621279999
1028,194821771349612,"[""ring18"",""active"",7]",308.43340276279997,-122.55913346689999
1029,243893772504631,"[""ring18"",""active"",8]",304.20224911240001,-110.0596614271
1030,108839338023775,"[""ring18"",""active"",9]",299.46478083980003,-97.743174230799994
1031,46628578844218,"[""ring18"",""active"",10]",294.22888299340002,-85.630171455699994
1032,191875740936992,"[""ring18"",""active"",11]",288.50327020840001,-73.740813999300002
1033,64564087161774,"[""ring18"",""active"",12]",282.2974722024,-62.094890523799997
1034,150850869635148,"[""ring18"",""active"",13]",275.62181791360001,-50.7117845195
1035,45627480635122,"[""ring18"",""active"",14]",268.48741830969999,-39.610442042899997
1036,157516067797918,"[""ring18"",""active"",15]",260.90614789490002,-28.809340183100002
1037,39262183685514,"[""ring18"",""active"",16]",252.89062494550001,-18.326456308099999
1038,102511923753351,"[""ring18"",""active"",17]",244.45419050839999,-8.1792381435999992
1039,185400548692230,"[""ring18"",""active"",18]",235.61088619629999,1.6154252672
1040,120160480246547,"[""ring18"",""active"",19]",226.3754308163,11.0412316737
1041,206709256324027,"[""ring18"",""active"",20]",216.76319587250001,20.0824927514
1042,110112206687254,"[""ring18"",""active"",21]",206.79017998130001,28.724160213400001
1043,116048700908079,"[""ring18"",""active"",22]",196.4729822436,36.951850857099998
1044,57082595673925,"[""ring18"",""active"",23]",185.82877461659999,44.751870503399999
1045,165592498746466,"[""ring18"",""active"",24]",174.87527333360001,52.111236789400003
1046,64066666316926,"[""ring18"",""active"",25]",163.63070941640001,59.017700776200002
1047,211214046366219,"[""ring18"",""active"",26]",152.1137983319,65.459767336100001
1048,33930819274805,"[""ring18"",""active"",27]",140.34370884219999,71.426714285100005
1049,231046789370253,"[""ring18"",""active"",28]",128.34003109939999,76.908610228699999
1050,166126953148753,"[""ring18"",""active"",29]",116.1227440407,81.896331092400004
1051,123197998121212,"[""ring18"",""active"",30]",103.7121821345,86.381575306800002
1052,20760280086707,"[""ring18"",""active"",31]",91.129001536499999,90.356877625600006
1053,102876901691900,"[""ring18"",""active"",32]",78.394145708899998,93.815621550499998
1054,51205666606287,"[""ring18"",""active"",33]",65.528810562299995,96.752050343600004
1055,278351613325182,"[""ring18"",""active"",34]",52.5544091776,99.161276608799994
1056,214993254887475,"[""ring18"",""active"",35]",39.492536165399997,101.0392904269
1057,115614104738572,"[""ring18"",""active"",36]",26.364931724200002,102.3829660291
1058,253931963245466,"[""ring18"",""active"",37]",13.193445455999999,103.1900670001
1059,169345275459016,"[""ring18"",""active"",38]",0,103.45925
1060,186816254639434,"[""ring18"",""active"",39]",-13.193445455999999,103.1900670001
1061,13293680560939,"[""ring18"",""active"",40]",-26.364931724200002,102.3829660291
1062,7434663066545,"[""ring18"",""active"",41]",-39.492536165399997,101.0392904269
1063,175362438616906,"[""ring18"",""active"",42]",-52.5544091776,99.161276608799994
1064,49667682937252,"[""ring18"",""active"",43]",-65.528810562299995,96.752050343600004
1065,236690274872400,"[""ring18"",""active"",44]",-78.394145708899998,93.815621550499998
1066,205901654929942,"[""ring18"",""active"",45]",-91.129001536499999,90.356877625600006
1067,133038285563845,"[""ring18"",""active"",46]",-103.7121821345,86.381575306800002
1068,97557644461165,"[""ring18"",""active"",47]",-116.1227440407,81.896331092400004
1069,116287721881500,"[""ring18"",""active"",48]",-128.34003109939999,76.908610228699999
1070,123803214053936,"[""ring18"",""active"",49]",-140.34370884219999,71.426714285100005
1071,228958550534608,"[""ring18"",""active"",50]",-152.1137983319,65.459767336100001
1072,222332739817851,"[""ring18"",""active"",51]",-163.63070941640001,59.017700776200002
1073,145186145822296,"[""ring18"",""active"",52]",-174.87527333360001,52.111236789400003
1074,190595490196150,"[""ring18"",""active"",53]",-185.82877461659999,44.751870503399999
1075,100727241466520,"[""ring18"",""active"",54]",-196.4729822436,36.951850857099998
1076,129661906765590,"[""ring18"",""active"",55]",-206.79017998130001,28.724160213400001
1077,234850321170973,"[""ring18"",""active"",56]",-216.76319587250001,20.0824927514
1078,73234966483171,"[""ring18"",""active"",57]",-226.3754308163,11.0412316737
1079,252365840156568,"[""ring18"",""active"",58]",-235.61088619629999,1.6154252672
1080,87153313961211,"[""ring18"",""active"",59]",-244.45419050839999,-8.1792381435999992
1081,142409163373394,"[""ring18"",""active"",60]",-252.89062494550001,-18.326456308099999
1082,48128680187867,"[""ring18"",""active"",61]",-260.90614789490002,-28.809340183100002
1083,44462215873291,"[""ring18"",""active"",62]",-268.48741830969999,-39.610442042899997
1084,60710795197036,"[""ring18"",""active"",63]",-275.62181791360001,-50.7117845195
1085,14029063300297,"[""ring18"",""active"",64]",-282.2974722024,-62.094890523799997
1086,66410244609533,"[""ring18"",""active"",65]",-288.50327020840001,-73.740813999300002
1087,91673403325969,"[""ring18"",""active"",66]",-294.22888299340002,-85.630171455699994
1088,59860204061184,"[""ring18"",""active"",67]",-299.46478083980003,-97.743174230799994
1089,162944862596564,"[""ring18"",""active"",68]",-304.20224911240001,-110.0596614271
1090,150477590376457,"[""ring18"",""active"",69]",-308.43340276279997,-122.55913346689999
1091,65527687264022,"[""ring18"",""active"",70]",-312.15119945340001,-135.22078621279999
1092,249390348373101,"[""ring18"",""active"",71]",-315.34945127840001,-148.0235455932
1093,6790610267480,"[""ring19"",""active"",7]",322.25990729839998,-122.8869411546
1094,133349311851532,"[""ring19"",""active"",8]",318.22556109710001,-110.3875631387
1095,54768823658163,"[""ring19"",""active"",9]",313.70660985810002,-98.055106783400007
1096,57360425040979,"[""ring19"",""active"",10]",308.70993519849998,-85.908352385499995
1097,3265448839071,"[""ring19"",""active"",11]",303.2431462298,-73.965797448399996
1098,96812547267648,"[""ring19"",""active"",12]",297.31456796980001,-62.245628513200003
1099,135766017480940,"[""ring19"",""active"",13]",290.93322866509999,-50.7656934639
1100,239300882133747,"[""ring19"",""active"",14]",284.10884604300003,-39.543474348099998
1101,11427387278160,"[""ring19"",""active"",15]",276.85181251260002,-28.596060754300002
1102,233906880639778,"[""ring19"",""active"",16]",269.17317933869998,-17.940123787699999
1103,25519697885984,"[""ring19"",""active"",17]",261.0846398132,-7.5918906823999999
1104,35693125326166,"[""ring19"",""active"",18]",252.59851144749999,2.4328799093
1105,254271760492824,"[""ring19"",""active"",19]",243.72771721539999,12.1189219156
1106,15342883159364,"[""ring19"",""active"",20]",234.48576587310001,21.451485091999999
1107,140087184077929,"[""ring19"",""active"",21]",224.88673138819999,30.416357484500001
1108,133516759985974,"[""ring19"",""active"",22]",214.9452315067,38.999887071000003
1109,25664232707452,"[""ring19"",""active"",23]",204.67640549309999,47.189002551900003
1110,87560163203732,"[""ring19"",""active"",24]",194.0958910757,54.971233255000001
1111,93188402482093,"[""ring19"",""active"",25]",183.21980063239999,62.334728126800002
1112,105712438482977,"[""ring19"",""active"",26]",172.06469665520001,69.268273779200001
1113,95390922516384,"[""ring19"",""active"",27]",160.6475665273,75.7613115658
1114,11752238171204,"[""ring19"",""active"",28]",148.98579665459999,81.803953661099996
1115,156410186679370,"[""ring19"",""active"",29]",137.09714598900001,87.386998117900006
1116,226620961609507,"[""ring19"",""active"",30]",124.9997189844,92.501942880499996
1117,204503545529657,"[""ring19"",""active"",31]",112.7119380266,97.140998731699995
1118,200890586498772,"[""ring19"",""active"",32]",100.25251537929999,101.2971011546
1119,152803476474171,"[""ring19"",""active"",33]",87.640424687800007,104.9639210909
1120,272708853521373,"[""ring19"",""active"",34]",74.894872085900005,108.1358745786
1121,265837752506308,"[""ring19"",""active"",35]",62.035266947799997,110.80813125580001
1122,19477370167863,"[""ring19"",""active"",36]",49.081192330999997,112.9766217163
1123,38289667248126,"[""ring19"",""active"",37]",36.0523751542,114.63804370690001
1124,245276864947409,"[""ring19"",""active"",38]",22.968656157000002,115.7898671559
1125,128528741801345,"[""ring19"",""active"",39]",9.8499596852,116.4303380262
1126,209397250092406,"[""ring19"",""active"",40]",-3.2837366504999999,116.5584809864
1127,186912821600874,"[""ring19"",""active"",41]",-16.412432396900002,116.1741008958
1128,139553662965706,"[""ring19"",""active"",42]",-29.516134716,115.2777831018
1129,93806919789147,"[""ring19"",""active"",43]",-42.574888830699997,113.8708925488
1130,163644871786656,"[""ring19"",""active"",44]",-55.568808412499997,111.9555716988
1131,137172614678648,"[""ring19"",""active"",45]",-68.478105865200007,109.5347372696
1132,32485782020197,"[""ring19"",""active"",46]",-81.283122458199998,106.6120757928
1133,152875726376527,"[""ring19"",""active"",47]",-93.964358263500003,103.19203799970001
1134,244155150709629,"[""ring19"",""active"",48]",-106.5025018507,99.279832043599995
1135,73235561139386,"[""ring19"",""active"",49]",-118.87845969529999,94.881415568999998
1136,130226342297397,"[""ring19"",""active"",50]",-131.07338525500001,90.003486638499993
1137,12290890876818,"[""ring19"",""active"",51]",-143.0687076696,84.653473533500005
1138,207502900180019,"[""ring19"",""active"",52]",-154.8461600418,78.839523441200001
1139,115215119629411,"[""ring19"",""active"",53]",-166.3878072544,72.570490048699995
1140,41657173831006,"[""ring19"",""active"",54]",-177.67607328240001,65.855920059699997
1141,268654797521524,"[""ring19"",""active"",55]",-188.69376795880001,58.706038656799997
1142,34723539270648,"[""ring19"",""active"",56]",-199.42411315179999,51.131733930000003
1143,160236057663466,"[""ring19"",""active"",57]",-209.85076831570001,43.144540295900001
1144,9247724698969,"[""ring19"",""active"",58]",-219.95785537469999,34.756620933000001
1145,99675956044625,"[""ring19"",""active"",59]",-229.72998290219999,25.980749258900001
1146,170954525565605,"[""ring19"",""active"",60]",-239.1522695601,16.830289478499999
1147,32464463123110,"[""ring19"",""active"",61]",-248.21036676,7.3191762327000003
1148,60188997605917,"[""ring19"",""active"",62]",-256.8904805139,-2.5381066217999999
1149,4210324774030,"[""ring19"",""active"",63]",-265.17939244029998,-12.7265480694
1150,248007543782829,"[""ring19"",""active"",64]",-273.0644798939,-23.2306327943
1151,203505867274245,"[""ring19"",""active"",65]",-280.53373518680002,-34.034364807999999
1152,50282950338760,"[""ring19"",""active"",66]",-287.57578387550001,-45.121291808800002
1153,126918555497847,"[""ring19"",""active"",67]",-294.17990208139997,-56.474530235700001
1154,64567352066092,"[""ring19"",""active"",68]",-300.33603282180002,-68.076790979400002
1155,35410024593946,"[""ring19"",""active"",69]",-306.03480132499999,-79.910405710399999
1156,240389882602176,"[""ring19"",""active"",70]",-311.26752930660001,-91.957353785600006
1157,190560676712574,"[""ring19"",""active"",71]",-316.02624818509997,-104.1992896901
1158,274949299100779,"[""ring19"",""active"",72]",-320.30371121659999,-116.61757097500001
1159,123329586181351,"[""ring19"",""active"",73]",-324.09340453039999,-129.19328664619999
1160,78194818953670,"[""ring20"",""active"",8]",331.95957678000002,-110.064743421
1161,122608968701962,"[""ring20"",""active"",9]",327.58943756010001,-97.655888355299993
1162,202598441108029,"[""ring20"",""active"",10]",322.75563212370002,-85.420197698600006
1163,94934668134722,"[""ring20"",""active"",11]",317.46500218189999,-73.374989702700006
1164,53729414262073,"[""ring20"",""active"",12]",311.72503602990002,-61.537313012699997
1165,224944812445364,"[""ring20"",""active"",13]",305.54385794770002,-49.923922536100001
1166,249173392196016,"[""ring20"",""active"",14]",298.93021670180002,-38.551255728599997
1167,165941016518796,"[""ring20"",""active"",15]",291.89347316179999,-27.435409328199999
1168,57522986425160,"[""ring20"",""active"",16]",284.44358705140002,-16.592116572599998
1169,80287007484599,"[""ring20"",""active"",17]",276.5911028511,-6.0367249300000001
1170,165763592646768,"[""ring20"",""active"",18]",268.34713487430002,4.2158256229999997
1171,169889807896768,"[""ring20"",""active"",19]",259.72335153580002,14.1510237476
1172,66342759838077,"[""ring20"",""active"",20]",250.7319588366,23.7548072819
1173,169736278969944,"[""ring20"",""active"",21]",241.3856830876,33.013583144099997
1174,32796543426627,"[""ring20"",""active"",22]",231.6977528969,41.914246572400003
1175,68332999914388,"[""ring20"",""active"",23]",221.68188044639999,50.444199673100002
1176,194588380487749,"[""ring20"",""active"",24]",211.35224208349999,58.591369251300002
1177,98954439059017,"[""ring20"",""active"",25]",200.72345825630001,66.344223899699998
1178,105731197563646,"[""ring20"",""active"",26]",189.8105728196,73.691790319299997
1179,192113044057481,"[""ring20"",""active"",27]",178.62903174260001,80.623668851600002
1180,267354279475119,"[""ring20"",""active"",28]",167.1946612461,87.130048197600004
1181,231516307735255,"[""ring20"",""active"",29]",155.52364540310001,93.201719304999997
1182,172206806907177,"[""ring20"",""active"",30]",143.63250323130001,98.830088402200005
1183,149507773042685,"[""ring20"",""active"",31]",131.5380653128,104.00718916229999
1184,200156666146780,"[""ring20"",""active"",32]",119.257449972,108.72569397789999
1185,18611197678508,"[""ring20"",""active"",33]",106.8080390466,112.9789243332
1186,177718223928633,"[""ring20"",""active"",34]",94.207453285699998,116.7608602562
1187,256455196178599,"[""ring20"",""active"",35]",81.473527409300004,120.0661488395
1188,235323863538756,"[""ring20"",""active"",36]",68.624284865600004,122.8901118168
1189,15943802155415,"[""ring20"",""active"",37]",55.677912320499999,125.2287521842
1190,185280901634515,"[""ring20"",""active"",38]",42.652733916700001,127.0787598579
1191,79836920781692,"[""ring20"",""active"",39]",29.567185337600002,128.4375163588
1192,106353068916056,"[""ring20"",""active"",40]",16.439787714000001,129.303098519
1193,137382016993202,"[""ring20"",""active"",41]",3.2891214092999999,129.67428120380001
1194,124080633610874,"[""ring20"",""active"",42]",-9.8662002789999992,129.55053904569999
1195,72798260696514,"[""ring20"",""active"",43]",-23.0075574641,128.93204718769999
1196,53669186850719,"[""ring20"",""active"",44]",-36.116350024399999,127.81968103600001
1197,81721533174650,"[""ring20"",""active"",45]",-49.174023929900002,126.2150150204
1198,188361387199280,"[""ring20"",""active"",46]",-62.162097503399998,124.12032036639999
1199,269629187836502,"[""ring20"",""active"",47]",-75.062187579099998,121.5385618798
1200,70877225213662,"[""ring20"",""active"",48]",-87.856035521999999,118.47339375110001
1201,224518187708682,"[""ring20"",""active"",49]",-100.5255330711,114.9291543832
1202,55892366820952,"[""ring20"",""active"",50]",-113.0527479694,110.91086025040001
1203,102521658914127,"[""ring20"",""active"",51]",-125.4199493449,106.4241987987
1204,56062407163641,"[""ring20"",""active"",52]",-137.60963280710001,101.4755203958
1205,137664004298440,"[""ring20"",""active"",53]",-149.6045452221,96.071829342499996
1206,61579366192012,"[""ring20"",""active"",54]",-161.38770913280001,90.220773959300004
1207,1950715800013,"[""ring20"",""active"",55]",-172.9424467883,83.9306357607
1208,79442100847761,"[""ring20"",""active"",56]",-184.25240374949999,77.210317734100002
1209,141739552123550,"[""ring20"",""active"",57]",-195.30157203709999,70.069331737900001
1210,66207696425752,"[""ring20"",""active"",58]",-206.07431278889999,62.517785039499998
1211,152948188147364,"[""ring20"",""active"",59]",-216.55537839510001,54.566366008700001
1212,191647137491667,"[""ring20"",""active"",60]",-226.72993407929999,46.226328989999999
1213,58280605015421,"[""ring20"",""active"",61]",-236.5835788956,37.509478373100002
1214,104286687855580,"[""ring20"",""active"",62]",-246.10236611190001,28.428151885399998
1215,52556045685329,"[""ring20"",""active"",63]",-255.2728229491,18.995203129
1216,176751109349285,"[""ring20"",""active"",64]",-264.0819696511,9.2239833880000006
1217,151869936480162,"[""ring20"",""active"",65]",-272.51733785580001,-0.87167726869999995
1218,159404042683435,"[""ring20"",""active"",66]",-280.56698824279999,-11.2774895623
1219,58318370150846,"[""ring20"",""active"",67]",-288.21952743219998,-21.9787252293
1220,230169472788567,"[""ring20"",""active"",68]",-295.46412411040001,-32.960237867099998
1221,33426951964673,"[""ring20"",""active"",69]",-302.290524361,-44.206484372600002
1222,125406603809863,"[""ring20"",""active"",70]",-308.6890661777,-55.7015469416
1223,41483773868676,"[""ring20"",""active"",71]",-314.65069314020002,-67.429155598199998
1224,139662029704486,"[""ring20"",""active"",72]",-320.16696723209998,-79.372711224100001
1225,111518255249667,"[""ring20"",""active"",73]",-325.23008078430001,-91.515309051599999
1226,228794599588889,"[""ring20"",""active"",74]",-329.8328675258,-103.8397625915
1227,190871916934041,"[""ring21"",""active"",10]",336.74227559849999,-84.973677196799997
1228,143133634176524,"[""ring21"",""active"",11]",331.6172652093,-72.835271073100003
1229,244690956127829,"[""ring21"",""active"",12]",326.05487682990002,-60.890964051499999
1230,204448031959903,"[""ring21"",""active"",13]",320.06244682800002,-49.156509765700001
1231,258294407032245,"[""ring21"",""active"",14]",313.64787876399998,-37.647385069899997
1232,177609762776696,"[""ring21"",""active"",15]",306.8196329658,-26.3787696256
1233,105172938710935,"[""ring21"",""active"",16]",299.58671537129999,-15.3655258808
1234,127223541188007,"[""ring21"",""active"",17]",291.95866564940002,-4.6221794676999997
1235,214406591817547,"[""ring21"",""active"",18]",283.94554461839999,5.8370999556000003
1236,29583187833191,"[""ring21"",""active"",19]",275.55792097649999,15.9985173939
1237,212140445188074,"[""ring21"",""active"",20]",266.80685736240002,25.848670709099999
1238,152734073453297,"[""ring21"",""active"",21]",257.7038957643,35.374568297000003
1239,63523999754764,"[""ring21"",""active"",22]",248.26104229750001,44.563646222199999
1240,135574700611258,"[""ring21"",""active"",23]",238.4907513684,53.403784788599999
1241,183238173394401,"[""ring21"",""active"",24]",228.40590924899999,61.883324524800003
1242,165259471032153,"[""ring21"",""active"",25]",218.01981708010001,69.991081561800002
1243,257109685904341,"[""ring21"",""active"",26]",207.3461733286,77.716362383700002
1244,277706360066451,"[""ring21"",""active"",27]",196.39905572000001,85.048977931899998
1245,238621239644679,"[""ring21"",""active"",28]",185.1929026713,91.979257043100006
1246,25746603470639,"[""ring21"",""active"",29]",173.7424942472,98.498059205600001
1247,2136767469297,"[""ring21"",""active"",30]",162.06293266700001,104.5967866144
1248,266919169064262,"[""ring21"",""active"",31]",150.16962238549999,110.267395511
1249,187103468035798,"[""ring21"",""active"",32]",138.07824977569999,115.50240679300001
1250,108319536364705,"[""ring21"",""active"",33]",125.8047624399,120.294915878
1251,151772599394285,"[""ring21"",""active"",34]",113.3653481759,124.63860181059999
1252,252725651360732,"[""ring21"",""active"",35]",100.7764136265,128.52773559869999
1253,81440726705628,"[""ring21"",""active"",36]",88.054562640300006,131.9571877704
1254,82986948758250,"[""ring21"",""active"",37]",75.216574372799997,134.92243513849999
1255,257286547541682,"[""ring21"",""active"",38]",62.279381155499998,137.41956676699999
1256,76379606568897,"[""ring21"",""active"",39]",49.260046163799998,139.44528912889999
1257,192360787972710,"[""ring21"",""active"",40]",36.175740912000002,140.99693045020001
1258,108887979063300,"[""ring21"",""active"",41]",23.043722605100001,142.0724442339
1259,9707543976464,"[""ring21"",""active"",42]",9.8813113779999995,142.67041195889999
1260,235051967456065,"[""ring21"",""active"",43]",-3.2941325483999999,142.79004495129999
1261,248568575966378,"[""ring21"",""active"",44]",-16.465231764199999,142.43118542409999
1262,56266112536894,"[""ring21"",""active"",45]",-29.614614589599999,141.59430668600001
1263,72309401645807,"[""ring21"",""active"",46]",-42.724937987300002,140.28051251630001
1264,137706384511391,"[""ring21"",""active"",47]",-55.7789104362,138.49153570979999
1265,97473119878354,"[""ring21"",""active"",48]",-68.759314738100002,136.229735791
1266,233950657086445,"[""ring21"",""active"",49]",-81.649030725299994,133.4980959024
1267,51430324629691,"[""ring21"",""active"",50]",-94.431057841200001,130.30021886949999
1268,138958469651518,"[""ring21"",""active"",51]",-107.0885375629,126.6403224491
1269,229986469746932,"[""ring21"",""active"",52]",-119.60477563569999,122.52323376690001
1270,211600126175996,"[""ring21"",""active"",53]",-131.963264092,117.9543829501
1271,19476505624503,"[""ring21"",""active"",54]",-144.1477030241,112.93979596600001
1272,194052533287993,"[""ring21"",""active"",55]",-156.1420220823,107.48608667400001
1273,148123392631972,"[""ring21"",""active"",56]",-167.93040167059999,101.6004481025
1274,234270516919715,"[""ring21"",""active"",57]",-179.4972938116,95.290642961900005
1275,170295456254668,"[""ring21"",""active"",58]",-190.8274426527,88.564993405999999
1276,137666871444390,"[""ring21"",""active"",59]",-201.9059045882,81.432370055800007
1277,257621263878560,"[""ring21"",""active"",60]",-212.71806796800001,73.902180299799994
1278,65731315052332,"[""ring21"",""active"",61]",-223.24967236960001,65.9843558866
1279,75842427205242,"[""ring21"",""active"",62]",-233.4868274067,57.689339825200001
1280,258035917648931,"[""ring21"",""active"",63]",-243.41603104910001,49.028072611900001
1281,138750280357757,"[""ring21"",""active"",64]",-253.02418743129999,40.011977800499999
1282,163038539327807,"[""ring21"",""active"",65]",-262.29862412450001,30.652946935399999
1283,91528293230572,"[""ring21"",""active"",66]",-271.22710885110001,20.963323867500002
1284,164722565347743,"[""ring21"",""active"",67]",-279.79786561780003,10.9558884738
1285,18741108580529,"[""ring21"",""active"",68]",-287.99959024719999,0.64383980169999999
1286,22655680139135,"[""ring21"",""active"",69]",-295.82146528729999,-9.9592213395999991
1287,209251381934845,"[""ring21"",""active"",70]",-303.25317427909999,-20.839310317900001
1288,166984755071973,"[""ring21"",""active"",71]",-310.28491536259997,-31.9820771218
1289,209168461923326,"[""ring21"",""active"",72]",-316.90741420529997,-43.372825288100003
1290,269584347076417,"[""ring21"",""active"",73]",-323.1119362343,-54.996531285099998
1291,237349919418326,"[""ring21"",""active"",74]",-328.89029815599997,-66.837864327199995
1292,112085597460893,"[""ring21"",""active"",75]",-334.23487875000001,-78.8812065953
1293,224875896278474,"[""ring22"",""active"",12]",340.6994498798,-61.129237391899998
1294,228819173469228,"[""ring22"",""active"",13]",334.94739532450001,-49.335777840299997
1295,66837460426742,"[""ring22"",""active"",14]",328.78725896280002,-37.750246354600002
1296,59709388449451,"[""ring22"",""active"",15]",322.22654597180002,-26.386758120300001
1297,194472066619383,"[""ring22"",""active"",16]",315.2732495697,-15.2591577974
1298,52358747611243,"[""ring22"",""active"",17]",307.9358412771,-4.3810026528000003
1299,231475696044089,"[""ring22"",""active"",18]",300.2232605959,6.2344539571000004
1300,118966798040174,"[""ring22"",""active"",19]",292.14490411740002,16.5742787336
1301,9899031480923,"[""ring22"",""active"",20]",283.7106140747,26.6258741929
1302,141502903083873,"[""ring22"",""active"",21]",274.9306663511,36.376994014300003
1303,172862148257048,"[""ring22"",""active"",22]",265.8157579603,45.815757960299997
1304,106659757751851,"[""ring22"",""active"",23]",256.37699401430001,54.930666351100001
1305,221208546924957,"[""ring22"",""active"",24]",246.6258741929,63.710614074699997
1306,195504718181077,"[""ring22"",""active"",25]",236.57427873360001,72.144904117400003
1307,10820651053037,"[""ring22"",""active"",26]",226.23445395709999,80.223260595900001
1308,237759111622489,"[""ring22"",""active"",27]",215.61899734720001,87.935841277099996
1309,139164730123232,"[""ring22"",""active"",28]",204.74084220259999,95.273249569699999
1310,92300581925034,"[""ring22"",""active"",29]",193.61324187970001,102.22654597179999
1311,122421230801569,"[""ring22"",""active"",30]",182.24975364540001,108.7872589628
1312,53178161524911,"[""ring22"",""active"",31]",170.66422215969999,114.94739532449999
1313,63467716104247,"[""ring22"",""active"",32]",158.87076260809999,120.6994498798
1314,167751271623566,"[""ring22"",""active"",33]",146.88374350449999,126.03641463610001
1315,182600265393067,"[""ring22"",""active"",34]",134.7177691851,130.95178732389999
1316,101933987258619,"[""ring22"",""active"",35]",122.3876620156,135.4395793189
1317,54673075798481,"[""ring22"",""active"",36]",109.90844433229999,139.49432293780001
1318,74116476765210,"[""ring22"",""active"",37]",97.295320139699996,143.11107809999999
1319,195055049209871,"[""ring22"",""active"",38]",84.563656586700006,146.28543834659999
1320,262792545052223,"[""ring22"",""active"",39]",71.728965244199998,149.01353620840001
1321,220117885923027,"[""ring22"",""active"",40]",58.806883206499997,151.29204791859999
1322,183675946504112,"[""ring22"",""active"",41]",45.813154040199997,153.11819746149999
1323,141117461512258,"[""ring22"",""active"",42]",32.763608602600002,154.4897599553
1324,126577995742743,"[""ring22"",""active"",43]",19.674145754800001,155.40506436230001
1325,218212375497753,"[""ring22"",""active"",44]",6.5607129909999999,155.86299552509999
1326,270368623799371,"[""ring22"",""active"",45]",-6.5607129909999999,155.86299552509999
1327,122966240122593,"[""ring22"",""active"",46]",-19.674145754800001,155.40506436230001
1328,103981055132913,"[""ring22"",""active"",47]",-32.763608602600002,154.4897599553
1329,107948464922574,"[""ring22"",""active"",48]",-45.813154040199997,153.11819746149999
1330,255949345494494,"[""ring22"",""active"",49]",-58.806883206499997,151.29204791859999
1331,34877087260188,"[""ring22"",""active"",50]",-71.728965244199998,149.01353620840001
1332,97377047622373,"[""ring22"",""active"",51]",-84.563656586700006,146.28543834659999
1333,277411555592790,"[""ring22"",""active"",52]",-97.295320139699996,143.11107809999999
1334,220503518175765,"[""ring22"",""active"",53]",-109.90844433229999,139.49432293780001
1335,190787266779524,"[""ring22"",""active"",54]",-122.3876620156,135.4395793189
1336,265597356022259,"[""ring22"",""active"",55]",-134.7177691851,130.95178732389999
1337,173042217884110,"[""ring22"",""active"",56]",-146.88374350449999,126.03641463610001
1338,132618413168491,"[""ring22"",""active"",57]",-158.87076260809999,120.6994498798
1339,210371789318722,"[""ring22"",""active"",58]",-170.66422215969999,114.94739532449999
1340,160040212516831,"[""ring22"",""active"",59]",-182.24975364540001,108.7872589628
1341,239005669868478,"[""ring22"",""active"",60]",-193.61324187970001,102.22654597179999
1342,110916036668362,"[""ring22"",""active"",61]",-204.74084220259999,95.273249569699999
1343,26137534605234,"[""ring22"",""active"",62]",-215.61899734720001,87.935841277099996
1344,166514487772148,"[""ring22"",""active"",63]",-226.23445395709999,80.223260595900001
1345,238280713318919,"[""ring22"",""active"",64]",-236.57427873360001,72.144904117400003
1346,87541064405727,"[""ring22"",""active"",65]",-246.6258741929,63.710614074699997
1347,155478646514206,"[""ring22"",""active"",66]",-256.37699401430001,54.930666351100001
1348,108807271109195,"[""ring22"",""active"",67]",-265.8157579603,45.815757960299997
1349,257725145122836,"[""ring22"",""active"",68]",-274.9306663511,36.376994014300003
1350,139744908749103,"[""ring22"",""active"",69]",-283.7106140747,26.6258741929
1351,1822815595464,"[""ring22"",""active"",70]",-292.14490411740002,16.5742787336
1352,147882436203894,"[""ring22"",""active"",71]",-300.2232605959,6.2344539571000004
1353,28008124705650,"[""ring22"",""active"",72]",-307.9358412771,-4.3810026528000003
1354,45220370675439,"[""ring22"",""active"",73]",-315.2732495697,-15.2591577974
1355,245567369293603,"[""ring22"",""active"",74]",-322.22654597180002,-26.386758120300001
1356,249354784235887,"[""ring22"",""active"",75]",-328.78725896280002,-37.750246354600002
1357,11203696527796,"[""ring22"",""active"",76]",-334.94739532450001,-49.335777840299997
1358,214726477187220,"[""ring22"",""active"",77]",-340.6994498798,-61.129237391899998
1359,149357216329356,"[""ring23"",""active"",14]",343.2920832113,-36.972226521000003
1360,260572544799711,"[""ring23"",""active"",15]",336.91462597399999,-25.482250000000001
1361,175509771518871,"[""ring23"",""active"",16]",330.15274303659999,-14.214221760399999
1362,278917884124648,"[""ring23"",""active"",17]",323.01414983030003,-3.1809988268999998
1363,198605637543972,"[""ring23"",""active"",18]",315.50699161929998,7.6048296930000001
1364,242252960866190,"[""ring23"",""active"",19]",307.63983420739999,18.1309569734
1365,16161931824324,"[""ring23"",""active"",20]",299.42165416400002,28.385372512099998
1366,229833085620917,"[""ring23"",""active"",21]",290.8618285814,38.3563758349
1367,17795509507080,"[""ring23"",""active"",22]",281.97012437609999,48.032589846100002
1368,242947255580395,"[""ring23"",""active"",23]",272.75668714369999,57.402973809999999
1369,170428988699174,"[""ring23"",""active"",24]",263.23202958339999,66.456835948600002
1370,106293823328493,"[""ring23"",""active"",25]",253.40701950210001,75.183845640900003
1371,111469565484485,"[""ring23"",""active"",26]",243.29286741460001,83.574045210400001
1372,76780221903879,"[""ring23"",""active"",27]",232.9011137519,91.617861287400004
1373,25128352658261,"[""ring23"",""active"",28]",222.2436156935,99.306115731800006
1374,134124510805259,"[""ring23"",""active"",29]",211.332533638,106.6300361057
1375,229840037737798,"[""ring23"",""active"",30]",200.1803173278,113.5812656832
1376,106613257445133,"[""ring23"",""active"",31]",188.7996916443,120.1518729851
1377,207198314463800,"[""ring23"",""active"",32]",177.2036420876,126.3343608295
1378,166065304027098,"[""ring23"",""active"",33]",165.40539996070001,132.12167488540001
1379,265405380967139,"[""ring23"",""active"",34]",153.41842727189999,137.5072117226
1380,45186216161021,"[""ring23"",""active"",35]",141.2564013745,142.4848263458
1381,4460143286361,"[""ring23"",""active"",36]",128.9331993607,147.04883920649999
1382,37371492208123,"[""ring23"",""active"",37]",116.4628822275,151.1940426832
1383,26524453641855,"[""ring23"",""active"",38]",103.859678833,154.9157070235
1384,43334649312220,"[""ring23"",""active"",39]",91.137969660799996,158.20958574100001
1385,196867025681636,"[""ring23"",""active"",40]",78.312270412000004,161.07192046009999
1386,132559118074572,"[""ring23"",""active"",41]",65.397215441900002,163.4994452052
1387,38204869768324,"[""ring23"",""active"",42]",52.4075410628,165.4893901264
1388,182710248943602,"[""ring23"",""active"",43]",39.358068728500001,167.03948466040001
1389,220362098886556,"[""ring23"",""active"",44]",26.2636881239,168.14796012139999
1390,92680825303001,"[""ring23"",""active"",45]",13.139340174699999,168.8135517186
1391,198407378591608,"[""ring23"",""active"",46]",0,169.03550000000001
1392,92836036995502,"[""ring23"",""active"",47]",-13.139340174699999,168.8135517186
1393,104822327260968,"[""ring23"",""active"",48]",-26.2636881239,168.14796012139999
1394,117623883448496,"[""ring23"",""active"",49]",-39.358068728500001,167.03948466040001
1395,276270131586084,"[""ring23"",""active"",50]",-52.4075410628,165.4893901264
1396,209741499560634,"[""ring23"",""active"",51]",-65.397215441900002,163.4994452052
1397,143961677220138,"[""ring23"",""active"",52]",-78.312270412000004,161.07192046009999
1398,182942892498471,"[""ring23"",""active"",53]",-91.137969660799996,158.20958574100001
1399,16215891065952,"[""ring23"",""active"",54]",-103.859678833,154.9157070235
1400,278744439925560,"[""ring23"",""active"",55]",-116.4628822275,151.1940426832
1401,273808916878422,"[""ring23"",""active"",56]",-128.9331993607,147.04883920649999
1402,56800991338401,"[""ring23"",""active"",57]",-141.2564013745,142.4848263458
1403,169617879114393,"[""ring23"",""active"",58]",-153.41842727189999,137.5072117226
1404,121930626409342,"[""ring23"",""active"",59]",-165.40539996070001,132.12167488540001
1405,120678061666484,"[""ring23"",""active"",60]",-177.2036420876,126.3343608295
1406,247016266106142,"[""ring23"",""active"",61]",-188.7996916443,120.1518729851
1407,242738715196904,"[""ring23"",""active"",62]",-200.1803173278,113.5812656832
1408,180753170342963,"[""ring23"",""active"",63]",-211.332533638,106.6300361057
1409,258950298849356,"[""ring23"",""active"",64]",-222.2436156935,99.306115731800006
1410,134326307652931,"[""ring23"",""active"",65]",-232.9011137519,91.617861287400004
1411,189743711453430,"[""ring23"",""active"",66]",-243.29286741460001,83.574045210400001
1412,56977596792422,"[""ring23"",""active"",67]",-253.40701950210001,75.183845640900003
1413,90851163978647,"[""ring23"",""active"",68]",-263.23202958339999,66.456835948600002
1414,42533723503559,"[""ring23"",""active"",69]",-272.75668714369999,57.402973809999999
1415,191561531231348,"[""ring23"",""active"",70]",-281.97012437609999,48.032589846100002
1416,275829676214121,"[""ring23"",""active"",71]",-290.8618285814,38.3563758349
1417,112753908648638,"[""ring23"",""active"",72]",-299.42165416400002,28.385372512099998
1418,163518635563795,"[""ring23"",""active"",73]",-307.63983420739999,18.1309569734
1419,161254553905642,"[""ring23"",""active"",74]",-315.50699161929998,7.6048296930000001
1420,50216016787134,"[""ring23"",""active"",75]",-323.01414983030003,-3.1809988268999998
1421,84337015256086,"[""ring23"",""active"",76]",-330.15274303659999,-14.214221760399999
1422,71043794003371,"[""ring23"",""active"",77]",-336.91462597399999,-25.482250000000001
1423,25814073397310,"[""ring23"",""active"",78]",-343.2920832113,-36.972226521000003
1424,191613220790577,"[""ring24"",""active"",16]",344.9362038081,-13.253195845600001
1425,226070041896337,"[""ring24"",""active"",17]",337.9869548364,-2.0778944531999999
1426,199844792966767,"[""ring24"",""active"",18]",330.67578096789998,8.8640504903000004
1427,262575420507553,"[""ring24"",""active"",19]",323.01051119060003,19.560922076099999
1428,38027884145492,"[""ring24"",""active"",20]",314.99935366739999,30.001265826200001
1429,73701012990134,"[""ring24"",""active"",21]",306.65088694640002,40.173901958999998
1430,74521510415387,"[""ring24"",""active"",22]",297.97405077479999,50.067937360899997
1431,148584988045990,"[""ring24"",""active"",23]",288.97813652629998,59.672777251100001
1432,240627842932181,"[""ring24"",""active"",24]",279.6727772511,68.978136526300005
1433,193773095316661,"[""ring24"",""active"",25]",270.06793736089998,77.974050774800006
1434,222980411534294,"[""ring24"",""active"",26]",260.17390195899998,86.650886946400007
1435,141561099459772,"[""ring24"",""active"",27]",250.00126582620001,94.999353667400001
1436,196536086807655,"[""ring24"",""active"",28]",239.56092207610001,103.0105111906
1437,197827550994298,"[""ring24"",""active"",29]",228.8640504903,110.6757809679
1438,248074285415363,"[""ring24"",""active"",30]",217.9221055468,117.9869548364
1439,60940640924950,"[""ring24"",""active"",31]",206.7468041544,124.9362038081
1440,252416097513859,"[""ring24"",""active"",32]",195.3501131056,131.51608645300001
1441,74342450093514,"[""ring24"",""active"",33]",183.74423626270001,137.71955686800001
1442,20225666753970,"[""ring24"",""active"",34]",171.94160148930001,143.53997222160001
1443,151155694842940,"[""ring24"",""active"",35]",159.9548473424,148.9710998672
1444,162328731185936,"[""ring24"",""active"",36]",147.79680953850001,154.0071240174
1445,166959468841107,"[""ring24"",""active"",37]",135.48050720910001,158.6426519714
1446,5850206264174,"[""ring24"",""active"",38]",123.0191289591,162.87271988969999
1447,98472940468487,"[""ring24"",""active"",39]",110.4260187445,166.69279810960001
1448,19701828127026,"[""ring24"",""active"",40]",97.714661583199998,170.0987959956
1449,221181631788393,"[""ring24"",""active"",41]",84.898669114800001,173.08706631999999
1450,182196156155851,"[""ring24"",""active"",42]",71.991765025000007,175.65440916809999
1451,210384393170808,"[""ring24"",""active"",43]",59.007770350100003,177.7980753647
1452,52054821784230,"[""ring24"",""active"",44]",45.960588676599997,179.51576941850001
1453,137073483869227,"[""ring24"",""active"",45]",32.8641912537,180.80565197959999
1454,236363147489794,"[""ring24"",""active"",46]",19.732602031500001,181.66634180950001
1455,185063562080671,"[""ring24"",""active"",47]",6.5798826448999996,182.09691725990001
1456,125335396341710,"[""ring24"",""active"",48]",-6.5798826448999996,182.09691725990001
1457,47660881120559,"[""ring24"",""active"",49]",-19.732602031500001,181.66634180950001
1458,195681711238749,"[""ring24"",""active"",50]",-32.8641912537,180.80565197959999
1459,146364132776263,"[""ring24"",""active"",51]",-45.960588676599997,179.51576941850001
1460,242006095312795,"[""ring24"",""active"",52]",-59.007770350100003,177.7980753647
1461,24568865142898,"[""ring24"",""active"",53]",-71.991765025000007,175.65440916809999
1462,235637730874526,"[""ring24"",""active"",54]",-84.898669114800001,173.08706631999999
1463,43717075562995,"[""ring24"",""active"",55]",-97.714661583199998,170.0987959956
1464,92826395622882,"[""ring24"",""active"",56]",-110.4260187445,166.69279810960001
1465,100771691659703,"[""ring24"",""active"",57]",-123.0191289591,162.87271988969999
1466,148853577847673,"[""ring24"",""active"",58]",-135.48050720910001,158.6426519714
1467,115338910477986,"[""ring24"",""active"",59]",-147.79680953850001,154.0071240174
1468,91085862702413,"[""ring24"",""active"",60]",-159.9548473424,148.9710998672
1469,180430180510315,"[""ring24"",""active"",61]",-171.94160148930001,143.53997222160001
1470,242310311901251,"[""ring24"",""active"",62]",-183.74423626270001,137.71955686800001
1471,174985283718676,"[""ring24"",""active"",63]",-195.3501131056,131.51608645300001
1472,177304213362875,"[""ring24"",""active"",64]",-206.7468041544,124.9362038081
1473,280885304589792,"[""ring24"",""active"",65]",-217.9221055468,117.9869548364
1474,181707612634253,"[""ring24"",""active"",66]",-228.8640504903,110.6757809679
1475,272292974374781,"[""ring24"",""active"",67]",-239.56092207610001,103.0105111906
1476,197742970690053,"[""ring24"",""active"",68]",-250.00126582620001,94.999353667400001
1477,225338406389378,"[""ring24"",""active"",69]",-260.17390195899998,86.650886946400007
1478,23481573933285,"[""ring24"",""active"",70]",-270.06793736089998,77.974050774800006
1479,27281225297101,"[""ring24"",""active"",71]",-279.6727772511,68.978136526300005
1480,184672686012349,"[""ring24"",""active"",72]",-288.97813652629998,59.672777251100001
1481,29410985394741,"[""ring24"",""active"",73]",-297.97405077479999,50.067937360899997
1482,124396721192526,"[""ring24"",""active"",74]",-306.65088694640002,40.173901958999998
1483,247916299868933,"[""ring24"",""active"",75]",-314.99935366739999,30.001265826200001
1484,182331503111437,"[""ring24"",""active"",76]",-323.01051119060003,19.560922076099999
1485,21638397362788,"[""ring24"",""active"",77]",-330.67578096789998,8.8640504903000004
1486,147190922257799,"[""ring24"",""active"",78]",-337.9869548364,-2.0778944531999999
1487,23146289602364,"[""ring24"",""active"",79]",-344.9362038081,-13.253195845600001
1488,76964437138499,"[""ring25"",""active"",18]",345.7379532548,10.024169241399999
1489,162660184732723,"[""ring25"",""active"",19]",338.2656973041,20.877912609999999
1490,240057048377566,"[""ring25"",""active"",20]",330.45283646989998,31.4891123389
1491,53890821004426,"[""ring25"",""active"",21]",322.30723764060002,41.847083849500002
1492,126757585051374,"[""ring25"",""active"",22]",313.83710274380002,51.941397542499999
1493,171248947633630,"[""ring25"",""active"",23]",305.0509604874,61.761889299700002
1494,26451376693814,"[""ring25"",""active"",24]",295.95765777179997,71.298670718300002
1495,228454111711432,"[""ring25"",""active"",25]",286.56635078210002,80.542139067700006
1496,156775336642785,"[""ring25"",""active"",26]",276.88649576839998,89.482986959100003
1497,67777379234803,"[""ring25"",""active"",27]",266.92783952410002,98.112211716199994
1498,47993321589188,"[""ring25"",""active"",28]",256.70040957190002,106.4211244415
1499,125710786495711,"[""ring25"",""active"",29]",246.2145040668,114.40135876390001
1500,82504666956167,"[""ring25"",""active"",30]",235.4806814268,122.044879264
1501,88988495367815,"[""ring25"",""active"",31]",224.5097497015,129.3439895647
1502,118336863109641,"[""ring25"",""active"",32]",213.31275568909999,136.2913400804
1503,33071995459555,"[""ring25"",""active"",33]",201.9009738135,142.87993541829999
1504,230431841370738,"[""ring25"",""active"",34]",190.28589477169999,149.10314142109999
1505,179199003408098,"[""ring25"",""active"",35]",178.47921396359999,154.9546918481
1506,162669639183760,"[""ring25"",""active"",36]",166.49281971619999,160.42869468399999
1507,210291710557967,"[""ring25"",""active"",37]",154.33878131220001,165.5196380719
1508,244632226173872,"[""ring25"",""active"",38]",142.0293368383,170.22239586329999
1509,36510009265828,"[""ring25"",""active"",39]",129.57688086140001,174.53223277980001
1510,222353969637681,"[""ring25"",""active"",40]",116.9939519493,178.44480918100001
1511,193373059910139,"[""ring25"",""active"",41]",104.29322004470001,181.95618543410001
1512,253352043236311,"[""ring25"",""active"",42]",91.487473708099998,185.06282588080001
1513,266255656553962,"[""ring25"",""active"",43]",78.589607240600003,187.76160239750001
1514,173683184817233,"[""ring25"",""active"",44]",65.612607700300003,190.04979754510001
1515,51005463727040,"[""ring25"",""active"",45]",52.569541825800002,191.92510730500001
1516,140989840786449,"[""ring25"",""active"",46]",39.473542878799996,193.38564339920001
1517,2255754440157,"[""ring25"",""active"",47]",26.337797420099999,194.42993519180001
1518,120286578660717,"[""ring25"",""active"",48]",13.175532032,195.05693116929999
1519,175793760023825,"[""ring25"",""active"",49]",-0,195.26599999999999
1520,49137254083481,"[""ring25"",""active"",50]",-13.175532032,195.05693116929999
1521,74374311193287,"[""ring25"",""active"",51]",-26.337797420099999,194.42993519180001
1522,276790812181886,"[""ring25"",""active"",52]",-39.473542878799996,193.38564339920001
1523,83644482308735,"[""ring25"",""active"",53]",-52.569541825800002,191.92510730500001
1524,163175264289921,"[""ring25"",""active"",54]",-65.612607700300003,190.04979754510001
1525,205539540028178,"[""ring25"",""active"",55]",-78.589607240600003,187.76160239750001
1526,127466556638726,"[""ring25"",""active"",56]",-91.487473708099998,185.06282588080001
1527,221865701010109,"[""ring25"",""active"",57]",-104.29322004470001,181.95618543410001
1528,256100426937860,"[""ring25"",""active"",58]",-116.9939519493,178.44480918100001
1529,122509725981241,"[""ring25"",""active"",59]",-129.57688086140001,174.53223277980001
1530,4993059664279,"[""ring25"",""active"",60]",-142.0293368383,170.22239586329999
1531,125920944004859,"[""ring25"",""active"",61]",-154.33878131220001,165.5196380719
1532,147317463386880,"[""ring25"",""active"",62]",-166.49281971619999,160.42869468399999
1533,260379782544562,"[""ring25"",""active"",63]",-178.47921396359999,154.9546918481
1534,168476051491059,"[""ring25"",""active"",64]",-190.28589477169999,149.10314142109999
1535,10616337233747,"[""ring25"",""active"",65]",-201.9009738135,142.87993541829999
1536,154401146165217,"[""ring25"",""active"",66]",-213.31275568909999,136.2913400804
1537,45326395321126,"[""ring25"",""active"",67]",-224.5097497015,129.3439895647
1538,49507025687669,"[""ring25"",""active"",68]",-235.4806814268,122.044879264
1539,259499417272873,"[""ring25"",""active"",69]",-246.2145040668,114.40135876390001
1540,127792590929921,"[""ring25"",""active"",70]",-256.70040957190002,106.4211244415
1541,85960775799929,"[""ring25"",""active"",71]",-266.92783952410002,98.112211716199994
1542,237889203989733,"[""ring25"",""active"",72]",-276.88649576839998,89.482986959100003
1543,80749341375228,"[""ring25"",""active"",73]",-286.56635078210002,80.542139067700006
1544,160382129159043,"[""ring25"",""active"",74]",-295.95765777179997,71.298670718300002
1545,98524383104815,"[""ring25"",""active"",75]",-305.0509604874,61.761889299700002
1546,138073781285841,"[""ring25"",""active"",76]",-313.83710274380002,51.941397542499999
1547,225364036224745,"[""ring25"",""active"",77]",-322.30723764060002,41.847083849500002
1548,213444848349963,"[""ring25"",""active"",78]",-330.45283646989998,31.4891123389
1549,197248888657997,"[""ring25"",""active"",79]",-338.2656973041,20.877912609999999
1550,234520780815631,"[""ring25"",""active"",80]",-345.7379532548,10.024169241399999
1551,205143954475654,"[""ring26"",""active"",20]",346.56771132159997,31.796181108599999
1552,191425975500816,"[""ring26"",""active"",21]",338.68867541959997,42.2984492788
1553,132867709972771,"[""ring26"",""active"",22]",330.49149921359998,52.554332746900002
1554,119997441145645,"[""ring26"",""active"",23]",321.9838825539,62.554197857799998
1555,96286015332634,"[""ring26"",""active"",24]",313.17381689690001,72.288651442000003
1556,188165463825796,"[""ring26"",""active"",25]",304.06957779819999,81.748549638900002
1557,57847421334900,"[""ring26"",""active"",26]",294.67971713920002,90.925006486000001
1558,236085594169207,"[""ring26"",""active"",27]",285.01305509410003,99.809402265700001
1559,255187241147926,"[""ring26"",""active"",28]",275.0786718448,108.3933916017
1560,239632297238098,"[""ring26"",""active"",29]",264.88589905190003,116.6689112987
1561,1345173829075,"[""ring26"",""active"",30]",254.4443110887,124.6281879159
1562,40334484534805,"[""ring26"",""active"",31]",243.7637160479,132.26374506900001
1563,7870127271612,"[""ring26"",""active"",32]",232.85414652899999,139.56841045319999
1564,172889424647471,"[""ring26"",""active"",33]",221.7258502135,146.53532257980001
1565,80821069530537,"[""ring26"",""active"",34]",210.38928024000001,153.1579372219
1566,234719118302147,"[""ring26"",""active"",35]",198.85508538420001,159.43003356139999
1567,52045198113719,"[""ring26"",""active"",36]",187.1341000571,165.3457200325
1568,183157162850742,"[""ring26"",""active"",37]",175.23733412729999,170.8994398557
1569,136144764463232,"[""ring26"",""active"",38]",163.17596257939999,176.08597625749999
1570,205695171795823,"[""ring26"",""active"",39]",150.96131501689999,180.90045737060001
1571,127306246615159,"[""ring26"",""active"",40]",138.60486502009999,185.33836081019999
1572,223806985894447,"[""ring26"",""active"",41]",126.11821936840001,189.39551792239999
1573,244354508444845,"[""ring26"",""active"",42]",113.51310713789999,193.06811769909999
1574,120112043799369,"[""ring26"",""active"",43]",100.80136868380001,196.35271035869999
1575,123297861072270,"[""ring26"",""active"",44]",87.994944518699995,199.24621058599999
1576,259328716769589,"[""ring26"",""active"",45]",75.105864095900003,201.7459004305
1577,5540729977930,"[""ring26"",""active"",46]",62.146234510500001,203.8494318596
1578,128817495286612,"[""ring26"",""active"",47]",49.128229126400001,205.55482896390001
1579,12621325375734,"[""ring26"",""active"",48]",36.064076141699999,206.86048981330001
1580,178940822042277,"[""ring26"",""active"",49]",22.966047102000001,207.76518796190001
1581,23952590042241,"[""ring26"",""active"",50]",9.8464453741,208.26807360000001
1582,265132272943637,"[""ring26"",""active"",51]",-3.2824054115000001,208.3686743522
1583,43170172059622,"[""ring26"",""active"",52]",-16.4081729366,208.0668957213
1584,108109023426078,"[""ring26"",""active"",53]",-29.518527778799999,207.3630211768
1585,212762680432467,"[""ring26"",""active"",54]",-42.601154993599998,206.25771188889999
1586,94350295489601,"[""ring26"",""active"",55]",-55.643765681799998,204.75200610749999
1587,22781247148274,"[""ring26"",""active"",56]",-68.634108532799999,202.84731818649999
1588,278475121399491,"[""ring26"",""active"",57]",-81.559981332800007,200.54543725569999
1589,180306898735464,"[""ring26"",""active"",58]",-94.409242426800006,197.84852554
1590,165528706291514,"[""ring26"",""active"",59]",-107.16982212320001,194.75911632859999
1591,169032926491513,"[""ring26"",""active"",60]",-119.8297340315,191.28011159490001
1592,228567730717014,"[""ring26"",""active"",61]",-132.37708632159999,187.41477927119999
1593,152993005518245,"[""ring26"",""active"",62]",-144.8000928937,183.1667501785
1594,227255859649199,"[""ring26"",""active"",63]",-157.08708444999999,178.54001461659999
1595,175780829443969,"[""ring26"",""active"",64]",-169.22651945519999,173.538918615
1596,256210454338346,"[""ring26"",""active"",65]",-181.20699497859999,168.16815985139999
1597,225598712263367,"[""ring26"",""active"",66]",-193.0172574046,162.43278323850001
1598,161779759005630,"[""ring26"",""active"",67]",-204.64621300409999,156.3381761855
1599,45236188503151,"[""ring26"",""active"",68]",-216.0829383544,149.89006353740001
1600,9399744318143,"[""ring26"",""active"",69]",-227.31669060089999,143.0945021972
1601,102463380670853,"[""ring26"",""active"",70]",-238.3369175473,135.95787543700001
1602,53989245944009,"[""ring26"",""active"",71]",-249.13326756800001,128.48688690169999
1603,15520135910018,"[""ring26"",""active"",72]",-259.69559933170001,120.6885543122
1604,190389931305045,"[""ring26"",""active"",73]",-270.0139913273,112.5702028731
1605,43654941741493,"[""ring26"",""active"",74]",-280.07875118359999,104.1394583925
1606,161790738443597,"[""ring26"",""active"",75]",-289.8804247736,95.404240118299995
1607,78456227931250,"[""ring26"",""active"",76]",-299.40980509510001,86.372753299799996
1608,238780504941595,"[""ring26"",""active"",77]",-308.65794091869998,77.053481480000002
1609,24818322259541,"[""ring26"",""active"",78]",-317.61614519659997,67.455178527000001
1610,92380224551111,"[""ring26"",""active"",79]",-326.27600322230001,57.586860411000004
1611,56184222294224,"[""ring26"",""active"",80]",-334.62938053459999,47.457796735499997
1612,229405355343748,"[""ring26"",""active"",81]",-342.66843055869998,37.077502029999998
1613,214342823463272,"[""ring27"",""active"",23]",337.7359951052,64.347599115199998
1614,234880993423873,"[""ring27"",""active"",24]",329.12017639210001,74.277197560199994
1615,34340772915009,"[""ring27"",""active"",25]",320.21253620890002,83.9458688104
1616,234774690754127,"[""ring27"",""active"",26]",311.0209727061,93.345039930699997
1617,247723715801915,"[""ring27"",""active"",27]",301.55363578079999,102.4663769444
1618,150984949967478,"[""ring27"",""active"",28]",291.81891985039999,111.30179222220001
1619,123852879436854,"[""ring27"",""active"",29]",281.82545640979998,119.8434516534
1620,268432866567497,"[""ring27"",""active"",30]",271.58210637799999,128.08378159220001
1621,56858344578232,"[""ring27"",""active"",31]",261.09795224110002,136.01547557340001
1622,245355746991140,"[""ring27"",""active"",32]",250.3822899996,143.63150079010001
1623,75733301734597,"[""ring27"",""active"",33]",239.4446209253,150.92510433000001
1624,154829979102371,"[""ring27"",""active"",34]",228.29464313739999,157.889819163
1625,19822523146194,"[""ring27"",""active"",35]",216.94224300299999,164.5194698752
1626,254073475126406,"[""ring27"",""active"",36]",205.39748637150001,170.80817814439999
1627,194937274182894,"[""ring27"",""active"",37]",193.67060964909999,176.75036795240001
1628,106901706976003,"[""ring27"",""active"",38]",181.77201072299999,182.34077052910001
1629,153609176206390,"[""ring27"",""active"",39]",169.71223974110001,187.5744290241
1630,193882877176841,"[""ring27"",""active"",40]",157.5019897585,192.44670290159999
1631,99205272389929,"[""ring27"",""active"",41]",145.15208725529999,196.95327205539999
1632,131687885082017,"[""ring27"",""active"",42]",132.6734825378,201.0901406392
1633,280656371384859,"[""ring27"",""active"",43]",120.0772400287,204.85364060969999
1634,6433185154926,"[""ring27"",""active"",44]",107.37452845689999,208.2404349789
1635,17702591530861,"[""ring27"",""active"",45]",94.576610954200007,211.24752077279999
1636,207703751107717,"[""ring27"",""active"",46]",81.694835069099994,213.8722316942
1637,124822604665979,"[""ring27"",""active"",47]",68.7406227046,216.1122404868
1638,251869692717977,"[""ring27"",""active"",48]",55.725459991199997,217.96556099879999
1639,31018589125576,"[""ring27"",""active"",49]",42.660887102399997,219.4305499438
1640,63111848319567,"[""ring27"",""active"",50]",29.558488022100001,220.5059083578
1641,254144875854036,"[""ring27"",""active"",51]",16.4298802739,221.1906827512
1642,59196330464688,"[""ring27"",""active"",52]",3.2867046197000001,221.48426595410001
1643,98638683206714,"[""ring27"",""active"",53]",-9.8593852618,221.38639765459999
1644,130197156033417,"[""ring27"",""active"",54]",-22.996733107699999,220.89716462979999
1645,100247184737288,"[""ring27"",""active"",55]",-36.113690406499998,220.01700066870001
1646,108335536169590,"[""ring27"",""active"",56]",-49.198626726299999,218.74668618749999
1647,15543082120689,"[""ring27"",""active"",57]",-62.239940027599999,217.08734753780001
1648,266916126787362,"[""ring27"",""active"",58]",-75.2260669498,215.0404560078
1649,223408876383796,"[""ring27"",""active"",59]",-88.145493064799993,212.607826518
1650,79205212476643,"[""ring27"",""active"",60]",-100.9867630861,209.79161601140001
1651,202531658477106,"[""ring27"",""active"",61]",-113.7384910258,206.59432154149999
1652,194118444900821,"[""ring27"",""active"",62]",-126.3893702907,203.0187780581
1653,236512242270589,"[""ring27"",""active"",63]",-138.92818370699999,199.06815589370001
1654,72233641107700,"[""ring27"",""active"",64]",-151.3438134667,194.74595795210001
1655,141523380396680,"[""ring27"",""active"",65]",-163.6252509851,190.05601660299999
1656,80209661154055,"[""ring27"",""active"",66]",-175.7616066619,185.00249028350001
1657,151395764319031,"[""ring27"",""active"",67]",-187.74211953689999,179.58985981129999
1658,239379562818066,"[""ring27"",""active"",68]",-199.5561668311,173.82292441140001
1659,251382497807485,"[""ring27"",""active"",69]",-211.1932733658,167.7067974608
1660,150627451807774,"[""ring27"",""active"",70]",-222.6431208507,161.24690195479999
1661,138431747966447,"[""ring27"",""active"",71]",-233.8955570327,154.4489656984
1662,245297471447511,"[""ring27"",""active"",72]",-244.9406046977,147.31901622780001
1663,129175714092710,"[""ring27"",""active"",73]",-255.76847051710001,139.86337546569999
1664,78567026708758,"[""ring27"",""active"",74]",-266.36955373120003,132.0886541161
1665,47952322356204,"[""ring27"",""active"",75]",-276.73445466200002,124.0017458025
1666,156119172687886,"[""ring27"",""active"",76]",-286.85398304739999,115.60982095590001
1667,144027874464002,"[""ring27"",""active"",77]",-296.71916619059999,106.9203204566
1668,187824591161979,"[""ring27"",""active"",78]",-306.3212569149,97.940949036600003
1669,192700965531237,"[""ring27"",""active"",79]",-315.65174132060002,88.679668448499996
1670,155984729793611,"[""ring27"",""active"",80]",-324.70234633339999,79.144690405600002
1671,207678559744368,"[""ring27"",""active"",81]",-333.46504703990001,69.3444693008
1672,132207894929254,"[""ring27"",""active"",82]",-341.93207380349997,59.287694710499999
1673,5922880761011,"[""ring28"",""active"",25]",336.22283810110002,85.983735478400007
1674,184367303295544,"[""ring28"",""active"",26]",327.22345582380001,95.589374340700004
1675,4368973039656,"[""ring28"",""active"",27]",317.94975551620001,104.9304482581
1676,182070223023177,"[""ring28"",""active"",28]",308.40951150849997,113.9991264197
1677,87230416068488,"[""ring28"",""active"",29]",298.61072157989997,122.7878063695
1678,210668138693441,"[""ring28"",""active"",30]",288.56160025370002,131.28912037960001
1679,131139777569877,"[""ring28"",""active"",31]",278.27057191149999,139.4959416268
1680,257151861148803,"[""ring28"",""active"",32]",267.74626372990002,147.4013901671
1681,4812071050776,"[""ring28"",""active"",33]",256.99749844910002,154.99883870350001
1682,188074156663549,"[""ring28"",""active"",34]",246.033286976,162.28191814140001
1683,157059084681422,"[""ring28"",""active"",35]",234.8628208305,169.24452292820001
1684,15125313023537,"[""ring28"",""active"",36]",223.49546443989999,175.88081617180001
1685,18490783995317,"[""ring28"",""active"",37]",211.94074728859999,182.18523453349999
1686,233513517128641,"[""ring28"",""active"",38]",200.2083559294,188.1524928922
1687,255240873996256,"[""ring28"",""active"",39]",188.3081258627,193.77758877459999
1688,186769743697834,"[""ring28"",""active"",40]",176.2500332919,199.0558065493
1689,77902557157167,"[""ring28"",""active"",41]",164.04418675919999,203.9827213797
1690,198429291823163,"[""ring28"",""active"",42]",151.7008186724,208.55420293380001
1691,23010110828555,"[""ring28"",""active"",43]",139.23027672609999,212.76641884599999
1692,120393727922906,"[""ring28"",""active"",44]",126.6430152275,216.61583793099999
1693,49658139137641,"[""ring28"",""active"",45]",113.9495863321,220.0992331427
1694,256427614783314,"[""ring28"",""active"",46]",101.1606311975,223.21368428080001
1695,269661634736647,"[""ring28"",""active"",47]",88.286871063199996,225.956580438
1696,96317674869198,"[""ring28"",""active"",48]",75.339098262099995,228.325622189
1697,214976246230902,"[""ring28"",""active"",49]",62.328167173799997,230.31882351819999
1698,134679166654450,"[""ring28"",""active"",50]",49.264985124299997,231.93451348479999
1699,222141745582735,"[""ring28"",""active"",51]",36.160503243100003,233.17133762329999
1700,111649138154959,"[""ring28"",""active"",52]",23.025707281799999,234.02825907889999
1701,20081917327608,"[""ring28"",""active"",53]",9.8716084051999999,234.50455947719999
1702,281395720134661,"[""ring28"",""active"",54]",-3.2907660400999998,234.59983952589999
1703,246450227421195,"[""ring28"",""active"",55]",-16.450381769700002,234.3140193497
1704,209561618009177,"[""ring28"",""active"",56]",-29.596206812199998,233.64733855759999
1705,204250433413820,"[""ring28"",""active"",57]",-42.717220756899998,232.60035604149999
1706,69860834360238,"[""ring28"",""active"",58]",-55.802423992800001,231.17394950790001
1707,9772799053764,"[""ring28"",""active"",59]",-68.840846929999998,229.36931474240001
1708,234410338133009,"[""ring28"",""active"",60]",-81.821559195099994,227.1879646065
1709,244259245232002,"[""ring28"",""active"",61]",-94.733678795000003,224.63172777029999
1710,39133175061423,"[""ring28"",""active"",62]",-107.5663812391,221.70274717870001
1711,125762146689910,"[""ring28"",""active"",63]",-120.3089086138,218.4034782551
1712,149603912000652,"[""ring28"",""active"",64]",-132.95057860119999,214.7366868435
1713,93605236897604,"[""ring28"",""active"",65]",-145.4807934339,210.70544688909999
1714,123286209481428,"[""ring28"",""active"",66]",-157.88904878,206.31313786160001
1715,243091446896348,"[""ring28"",""active"",67]",-170.16494254829999,201.56344192259999
1716,146041668069472,"[""ring28"",""active"",68]",-182.2981836093,196.46034083789999
1717,158051517460197,"[""ring28"",""active"",69]",-194.2786004221,191.0081126403
1718,66653958380104,"[""ring28"",""active"",70]",-206.09614956109999,185.21132804269999
1719,145141625937140,"[""ring28"",""active"",71]",-217.74092413650001,179.07484660680001
1720,141673816737420,"[""ring28"",""active"",72]",-229.20316209859999,172.6038126688
1721,243996863326144,"[""ring28"",""active"",73]",-240.47325442179999,165.80365102709999
1722,44481414357302,"[""ring28"",""active"",74]",-251.5417531601,158.68006239459999
1723,20279132159157,"[""ring28"",""active"",75]",-262.39937936759998,151.2390186195
1724,199061210730399,"[""ring28"",""active"",76]",-273.03703087700001,143.48675767899999
1725,123787448716240,"[""ring28"",""active"",77]",-283.44578993020002,135.4297784499
1726,149148078449207,"[""ring28"",""active"",78]",-293.61693065430001,127.0748352607
1727,78347164636056,"[""ring28"",""active"",79]",-303.54192637670002,118.4289322289
1728,34276134966430,"[""ring28"",""active"",80]",-313.21245677309997,109.49931738959999
1729,128650445024658,"[""ring28"",""active"",81]",-322.62041484259998,100.29347661929999
1730,193979144786891,"[""ring28"",""active"",82]",-331.75791370389999,90.819127360099998
1731,225006046422213,"[""ring29"",""active"",28]",326.06203996170001,115.3387729223
1732,275348573959535,"[""ring29"",""active"",29]",316.52877859310001,124.3516790309
1733,240744070654126,"[""ring29"",""active"",30]",306.74648908339998,133.09366740850001
1734,59926418413543,"[""ring29"",""active"",31]",296.72286762200002,141.55786032
1735,229531962465098,"[""ring29"",""active"",32]",286.4658002653,149.737598585
1736,217198346376685,"[""ring29"",""active"",33]",275.9833567325,157.62644681699999
1737,35528746174352,"[""ring29"",""active"",34]",265.28378405730001,165.21819848659999
1738,257864510027934,"[""ring29"",""active"",35]",254.37550009879999,172.50688080399999
1739,137349204285199,"[""ring29"",""active"",36]",243.26708691920001,179.48675941869999
1740,66374349757315,"[""ring29"",""active"",37]",231.96728403180001,186.1523429305
1741,147550315021234,"[""ring29"",""active"",38]",220.4849815254,192.49838720989999
1742,66246879074830,"[""ring29"",""active"",39]",208.82921306969999,198.5198995241
1743,8012853299186,"[""ring29"",""active"",40]",197.0091488082,204.21214246509999
1744,166536074393285,"[""ring29"",""active"",41]",185.03408814389999,209.57063767650001
1745,20483206468802,"[""ring29"",""active"",42]",172.9134524225,214.59116937690001
1746,47511876353937,"[""ring29"",""active"",43]",160.65677752069999,219.26978767680001
1747,87175963989216,"[""ring29"",""active"",44]",148.2737063436,223.60281168649999
1748,19572073649518,"[""ring29"",""active"",45]",135.77398123820001,227.58683241099999
1749,6435646497747,"[""ring29"",""active"",46]",123.1674363286,231.21871543329999
1750,899091079279,"[""ring29"",""active"",47]",110.46398977920001,234.49560337919999
1751,135350869537607,"[""ring29"",""active"",48]",97.673635991300003,237.4149181665
1752,270399870317226,"[""ring29"",""active"",49]",84.806437740600003,239.9743630321
1753,83879236477514,"[""ring29"",""active"",50]",71.872518259499998,242.17192433989999
1754,277914845128285,"[""ring29"",""active"",51]",58.882053273499999,244.00587316470001
1755,270122376866487,"[""ring29"",""active"",52]",45.845262994899997,245.4747666522
1756,166627446970920,"[""ring29"",""active"",53]",32.772404082500003,246.5774491546
1757,57066578708678,"[""ring29"",""active"",54]",19.673761571899998,247.31305313959999
1758,245249401420489,"[""ring29"",""active"",55]",6.5596407836999999,247.68099987260001
1759,264746105413582,"[""ring29"",""active"",56]",-6.5596407836999999,247.68099987260001
1760,248055468547418,"[""ring29"",""active"",57]",-19.673761571899998,247.31305313959999
1761,160846216893275,"[""ring29"",""active"",58]",-32.772404082500003,246.5774491546
1762,57209191318873,"[""ring29"",""active"",59]",-45.845262994899997,245.4747666522
1763,227133744759832,"[""ring29"",""active"",60]",-58.882053273499999,244.00587316470001
1764,225571913483102,"[""ring29"",""active"",61]",-71.872518259499998,242.17192433989999
1765,144809554799960,"[""ring29"",""active"",62]",-84.806437740600003,239.9743630321
1766,12247266630010,"[""ring29"",""active"",63]",-97.673635991300003,237.4149181665
1767,153897115011600,"[""ring29"",""active"",64]",-110.46398977920001,234.49560337919999
1768,153548783677452,"[""ring29"",""active"",65]",-123.1674363286,231.21871543329999
1769,189314116080507,"[""ring29"",""active"",66]",-135.77398123820001,227.58683241099999
1770,233876124835542,"[""ring29"",""active"",67]",-148.2737063436,223.60281168649999
1771,21053002455077,"[""ring29"",""active"",68]",-160.65677752069999,219.26978767680001
1772,247824420903731,"[""ring29"",""active"",69]",-172.9134524225,214.59116937690001
1773,23466497547996,"[""ring29"",""active"",70]",-185.03408814389999,209.57063767650001
1774,221128665394404,"[""ring29"",""active"",71]",-197.0091488082,204.21214246509999
1775,96770466211447,"[""ring29"",""active"",72]",-208.82921306969999,198.5198995241
1776,245808679015655,"[""ring29"",""active"",73]",-220.4849815254,192.49838720989999
1777,161484525682048,"[""ring29"",""active"",74]",-231.96728403180001,186.1523429305
1778,201395984115328,"[""ring29"",""active"",75]",-243.26708691920001,179.48675941869999
1779,63320370566255,"[""ring29"",""active"",76]",-254.37550009879999,172.50688080399999
1780,129590122022076,"[""ring29"",""active"",77]",-265.28378405730001,165.21819848659999
1781,99872274022541,"[""ring29"",""active"",78]",-275.9833567325,157.62644681699999
1782,2145832419616,"[""ring29"",""active"",79]",-286.4658002653,149.737598585
1783,63261892453158,"[""ring29"",""active"",80]",-296.72286762200002,141.55786032
1784,215663644527945,"[""ring29"",""active"",81]",-306.74648908339998,133.09366740850001
1785,243438778980594,"[""ring29"",""active"",82]",-316.52877859310001,124.3516790309
1786,132961437500653,"[""ring29"",""active"",83]",-326.06203996170001,115.3387729223
1787,54225549130000,"[""ring30"",""active"",31]",313.52879987749998,144.56681285120001
1788,146838852511814,"[""ring30"",""active"",32]",303.4537470976,152.9947623727
1789,206239347472395,"[""ring30"",""active"",33]",293.15224575939999,161.14436922420001
1790,252449885911341,"[""ring30"",""active"",34]",282.6319832291,169.00955186350001
1791,218762352674712,"[""ring30"",""active"",35]",271.90081012100001,176.58444099659999
1792,22519647837743,"[""ring30"",""active"",36]",260.96673443859999,183.8633839574
1793,211142117900385,"[""ring30"",""active"",37]",249.8379155989,190.84094892580001
1794,27621580829719,"[""ring30"",""active"",38]",238.5226583436,197.51192898139999
1795,126328442741033,"[""ring30"",""active"",39]",227.0294065418,203.87134598879999
1796,88973397402653,"[""ring30"",""active"",40]",215.3667368886,209.9144543127
1797,138019148317551,"[""ring30"",""active"",41]",203.5433525052,215.63674435940001
1798,75131014542280,"[""ring30"",""active"",42]",191.5680764441,221.0339459413
1799,122531408589125,"[""ring30"",""active"",43]",179.44984510520001,226.10203146449999
1800,61720926735485,"[""ring30"",""active"",44]",167.1977015667,230.8372189337
1801,107916304871534,"[""ring30"",""active"",45]",154.82078883739999,235.23597477440001
1802,111178043426839,"[""ring30"",""active"",46]",142.32834303339999,239.2950164703
1803,16840416658934,"[""ring30"",""active"",47]",129.7296864859,243.01131501219999
1804,145914680875060,"[""ring30"",""active"",48]",117.03422078449999,246.38209715900001
1805,105724285661920,"[""ring30"",""active"",49]",104.2514197616,249.40484750670001
1806,198448685437977,"[""ring30"",""active"",50]",91.390822422400007,252.0773103656
1807,208364807643950,"[""ring30"",""active"",51]",78.462025826499996,254.39749144390001
1808,107782316153414,"[""ring30"",""active"",52]",65.474677926400005,256.36365933550002
1809,25941221015557,"[""ring30"",""active"",53]",52.438470367900003,257.9743468122
1810,146267763565261,"[""ring30"",""active"",54]",39.363131257699997,259.22835191860003
1811,146033189945524,"[""ring30"",""active"",55]",26.2584179037,260.12473886919997
1812,276332465723396,"[""ring30"",""active"",56]",13.1341095342,260.66283874649997
1813,280062793351889,"[""ring30"",""active"",57]",0,260.84224999999998
1814,156355612397412,"[""ring30"",""active"",58]",-13.1341095342,260.66283874649997
1815,235830710303468,"[""ring30"",""active"",59]",-26.2584179037,260.12473886919997
1816,265217234418626,"[""ring30"",""active"",60]",-39.363131257699997,259.22835191860003
1817,251000096282066,"[""ring30"",""active"",61]",-52.438470367900003,257.9743468122
1818,203444133161018,"[""ring30"",""active"",62]",-65.474677926400005,256.36365933550002
1819,145210875183951,"[""ring30"",""active"",63]",-78.462025826499996,254.39749144390001
1820,270600528578164,"[""ring30"",""active"",64]",-91.390822422400007,252.0773103656
1821,47662776048149,"[""ring30"",""active"",65]",-104.2514197616,249.40484750670001
1822,253003672098003,"[""ring30"",""active"",66]",-117.03422078449999,246.38209715900001
1823,72637557733175,"[""ring30"",""active"",67]",-129.7296864859,243.01131501219999
1824,270636244831925,"[""ring30"",""active"",68]",-142.32834303339999,239.2950164703
1825,101677809070402,"[""ring30"",""active"",69]",-154.82078883739999,235.23597477440001
1826,102788865266377,"[""ring30"",""active"",70]",-167.1977015667,230.8372189337
1827,114151045403360,"[""ring30"",""active"",71]",-179.44984510520001,226.10203146449999
1828,34930401845648,"[""ring30"",""active"",72]",-191.5680764441,221.0339459413
1829,152082085466140,"[""ring30"",""active"",73]",-203.5433525052,215.63674435940001
1830,95185436691626,"[""ring30"",""active"",74]",-215.3667368886,209.9144543127
1831,215000235108049,"[""ring30"",""active"",75]",-227.0294065418,203.87134598879999
1832,40870042012392,"[""ring30"",""active"",76]",-238.5226583436,197.51192898139999
1833,175501081221727,"[""ring30"",""active"",77]",-249.8379155989,190.84094892580001
1834,63777349334103,"[""ring30"",""active"",78]",-260.96673443859999,183.8633839574
1835,248452828115807,"[""ring30"",""active"",79]",-271.90081012100001,176.58444099659999
1836,133048186638049,"[""ring30"",""active"",80]",-282.6319832291,169.00955186350001
1837,24776420488499,"[""ring30"",""active"",81]",-293.15224575939999,161.14436922420001
1838,216036092582704,"[""ring30"",""active"",82]",-303.4537470976,152.9947623727
1839,129527136544560,"[""ring30"",""active"",83]",-313.52879987749998,144.56681285120001
1840,231132084243233,"[""ring31"",""active"",34]",299.83208771229999,172.5490173014
1841,248782729401793,"[""ring31"",""active"",35]",289.27597102520002,180.39158881489999
1842,248721170472911,"[""ring31"",""active"",36]",278.51482196519999,187.9503716776
1843,96051513680908,"[""ring31"",""active"",37]",267.55626779559998,195.22000839259999
1844,255018011366832,"[""ring31"",""active"",38]",256.40807569560002,202.195346403
1845,196945610820899,"[""ring31"",""active"",39]",245.07814725590001,208.87144174439999
1846,6715811897612,"[""ring31"",""active"",40]",233.5745128776,215.2435625489
1847,140834037931511,"[""ring31"",""active"",41]",221.90532608090001,221.30719239909999
1848,20457643620243,"[""ring31"",""active"",42]",210.07885772579999,227.05803352909999
1849,251947451469142,"[""ring31"",""active"",43]",198.10349014990001,232.4920098705
1850,91078574419200,"[""ring31"",""active"",44]",185.98771122740001,237.60526994189999
1851,72917528320591,"[""ring31"",""active"",45]",173.74010835289999,242.3941895783
1852,205894456186590,"[""ring31"",""active"",46]",161.3693623547,246.85537450000001
1853,176251956802099,"[""ring31"",""active"",47]",148.8842413424,250.98566271819999
1854,225543822891612,"[""ring31"",""active"",48]",136.2935944921,254.7821267768
1855,164266241556172,"[""ring31"",""active"",49]",123.60634577419999,258.24207582629998
1856,32215785285370,"[""ring31"",""active"",50]",110.83148762819999,261.3630575318
1857,110474237327430,"[""ring31"",""active"",51]",97.978074589399995,264.14285981099999
1858,216030276688442,"[""ring31"",""active"",52]",85.055216871100001,266.57951240189999
1859,101570661787943,"[""ring31"",""active"",53]",72.072073907299995,268.67128825930001
1860,25178427622707,"[""ring31"",""active"",54]",59.037847860799999,270.4167047789
1861,276156020756866,"[""ring31"",""active"",55]",45.961777101199999,271.81452484850001
1862,87830343557356,"[""ring31"",""active"",56]",32.853129656599997,272.86375772420001
1863,126201690776052,"[""ring31"",""active"",57]",19.721196644399999,273.5636597331
1864,30465357078388,"[""ring31"",""active"",58]",6.5752856869,273.91373480030001
1865,78389111970516,"[""ring31"",""active"",59]",-6.5752856869,273.91373480030001
1866,175958815266985,"[""ring31"",""active"",60]",-19.721196644399999,273.5636597331
1867,65500230740978,"[""ring31"",""active"",61]",-32.853129656599997,272.86375772420001
1868,265122091905569,"[""ring31"",""active"",62]",-45.961777101199999,271.81452484850001
1869,17142688109880,"[""ring31"",""active"",63]",-59.037847860799999,270.4167047789
1870,218140912372733,"[""ring31"",""active"",64]",-72.072073907299995,268.67128825930001
1871,204054577372736,"[""ring31"",""active"",65]",-85.055216871100001,266.57951240189999
1872,52456209415506,"[""ring31"",""active"",66]",-97.978074589399995,264.14285981099999
1873,40177208392275,"[""ring31"",""active"",67]",-110.83148762819999,261.3630575318
1874,103848115443121,"[""ring31"",""active"",68]",-123.60634577419999,258.24207582629998
1875,216729027699020,"[""ring31"",""active"",69]",-136.2935944921,254.7821267768
1876,45792578777562,"[""ring31"",""active"",70]",-148.8842413424,250.98566271819999
1877,166133999266218,"[""ring31"",""active"",71]",-161.3693623547,246.85537450000001
1878,51165488441164,"[""ring31"",""active"",72]",-173.74010835289999,242.3941895783
1879,48236858237022,"[""ring31"",""active"",73]",-185.98771122740001,237.60526994189999
1880,177415208429987,"[""ring31"",""active"",74]",-198.10349014990001,232.4920098705
1881,223584700023446,"[""ring31"",""active"",75]",-210.07885772579999,227.05803352909999
1882,192283343604286,"[""ring31"",""active"",76]",-221.90532608090001,221.30719239909999
1883,244443037981204,"[""ring31"",""active"",77]",-233.5745128776,215.2435625489
1884,243482059133272,"[""ring31"",""active"",78]",-245.07814725590001,208.87144174439999
1885,217322267485574,"[""ring31"",""active"",79]",-256.40807569560002,202.195346403
1886,4484164601016,"[""ring31"",""active"",80]",-267.55626779559998,195.22000839259999
1887,267397766356912,"[""ring31"",""active"",81]",-278.51482196519999,187.9503716776
1888,163195909712573,"[""ring31"",""active"",82]",-289.27597102520002,180.39158881489999
1889,72561833162606,"[""ring31"",""active"",83]",-299.83208771229999,172.5490173014
1890,166237126152467,"[""ring32"",""active"",37]",285.12604317440002,199.3160064871
1891,113147108223847,"[""ring32"",""active"",38]",274.14422606950001,206.57674233989999
1892,160442742026783,"[""ring32"",""active"",39]",262.9776167325,213.54993586699999
1893,65818696931983,"[""ring32"",""active"",40]",251.63374223299999,220.23088665200001
1894,280824564513354,"[""ring32"",""active"",41]",240.1202491297,226.6150912704
1895,195302652272377,"[""ring32"",""active"",42]",228.4448983158,232.6982463253
1896,265393076036430,"[""ring32"",""active"",43]",216.61555978800001,238.47625134820001
1897,184682851344777,"[""ring32"",""active"",44]",204.64020734120001,243.94521156260001
1898,23980096508944,"[""ring32"",""active"",45]",192.52691319420001,249.10144050989999
1899,13900290817018,"[""ring32"",""active"",46]",180.28384254759999,253.94146253400001
1900,158109911619600,"[""ring32"",""active"",47]",167.91924808069999,258.46201512409999
1901,40000994947412,"[""ring32"",""active"",48]",155.44146438819999,262.66005111409999
1902,57387668698598,"[""ring32"",""active"",49]",142.8589023621,266.5327407364
1903,225777390799693,"[""ring32"",""active"",50]",130.1800435225,270.07747352950003
1904,115590616392045,"[""ring32"",""active"",51]",117.4134342999,273.29186009749998
1905,179484168713587,"[""ring32"",""active"",52]",104.5676802749,276.17373372079999
1906,70486010009456,"[""ring32"",""active"",53]",91.651440377200004,278.7211518167
1907,161809426532608,"[""ring32"",""active"",54]",78.673421048700007,280.93239724839998
1908,128320594890083,"[""ring32"",""active"",55]",65.642370374999999,282.80597948320002
1909,22609697696847,"[""ring32"",""active"",56]",52.567072188600001,284.3406355967
1910,182013107705583,"[""ring32"",""active"",57]",39.456340147799999,285.53533112410003
1911,178560024953943,"[""ring32"",""active"",58]",26.319011795600002,286.38926075760003
1912,160019665043496,"[""ring32"",""active"",59]",13.163942603200001,286.90184888959999
1913,123937571938867,"[""ring32"",""active"",60]",0,287.07274999999998
1914,111980913414087,"[""ring32"",""active"",61]",-13.163942603200001,286.90184888959999
1915,97994279432145,"[""ring32"",""active"",62]",-26.319011795600002,286.38926075760003
1916,111526424563931,"[""ring32"",""active"",63]",-39.456340147799999,285.53533112410003
1917,56836024448142,"[""ring32"",""active"",64]",-52.567072188600001,284.3406355967
1918,135917724295840,"[""ring32"",""active"",65]",-65.642370374999999,282.80597948320002
1919,68819150050766,"[""ring32"",""active"",66]",-78.673421048700007,280.93239724839998
1920,179247556889280,"[""ring32"",""active"",67]",-91.651440377200004,278.7211518167
1921,241478638600035,"[""ring32"",""active"",68]",-104.5676802749,276.17373372079999
1922,125991532725691,"[""ring32"",""active"",69]",-117.4134342999,273.29186009749998
1923,175177709339286,"[""ring32"",""active"",70]",-130.1800435225,270.07747352950003
1924,148347467229577,"[""ring32"",""active"",71]",-142.8589023621,266.5327407364
1925,149481029133961,"[""ring32"",""active"",72]",-155.44146438819999,262.66005111409999
1926,227772775172065,"[""ring32"",""active"",73]",-167.91924808069999,258.46201512409999
1927,48021094105260,"[""ring32"",""active"",74]",-180.28384254759999,253.94146253400001
1928,61089654614203,"[""ring32"",""active"",75]",-192.52691319420001,249.10144050989999
1929,234812401489211,"[""ring32"",""active"",76]",-204.64020734120001,243.94521156260001
1930,204537690617195,"[""ring32"",""active"",77]",-216.61555978800001,238.47625134820001
1931,233023502997246,"[""ring32"",""active"",78]",-228.4448983158,232.6982463253
1932,22071978949983,"[""ring32"",""active"",79]",-240.1202491297,226.6150912704
1933,344989480138,"[""ring32"",""active"",80]",-251.63374223299999,220.23088665200001
1934,23193080101805,"[""ring32"",""active"",81]",-262.9776167325,213.54993586699999
1935,36380295278538,"[""ring32"",""active"",82]",-274.14422606950001,206.57674233989999
1936,86757069192769,"[""ring32"",""active"",83]",-285.12604317440002,199.3160064871
1937,268767515230729,"[""ring33"",""active"",41]",260.09399999999999,230.49602274380001
1938,261672771585156,"[""ring33"",""active"",42]",248.64473416179999,236.91503752630001
1939,250678121123864,"[""ring33"",""active"",43]",237.03715507370001,243.04313239539999
1940,27530178519209,"[""ring33"",""active"",44]",225.27865333490001,248.87640556509999
1941,223013340374788,"[""ring33"",""active"",45]",213.3767156378,254.41114296320001
1942,992169442446,"[""ring33"",""active"",46]",201.33892000099999,259.64382059690001
1943,34515423361364,"[""ring33"",""active"",47]",189.17293094460001,264.5711067963
1944,12323147304332,"[""ring33"",""active"",48]",176.88649460990001,269.18986433549998
1945,192047134935596,"[""ring33"",""active"",49]",164.48743382769999,273.49715243029999
1946,161733784568137,"[""ring33"",""active"",50]",151.9836431372,277.49022861029999
1947,123374327149050,"[""ring33"",""active"",51]",139.3830837596,281.16655046570003
1948,182104800779500,"[""ring33"",""active"",52]",126.6937785293,284.52377726520001
1949,164463838977140,"[""ring33"",""active"",53]",113.92380678550001,287.55977144719998
1950,110283384750225,"[""ring33"",""active"",54]",101.08129922800001,290.27259998
1951,167514267251016,"[""ring33"",""active"",55]",88.1744327408,292.66053559329998
1952,178016614336035,"[""ring33"",""active"",56]",75.211425185300001,294.7220578774
1953,220528361349765,"[""ring33"",""active"",57]",62.200530168299998,296.45585425159999
1954,64392393313605,"[""ring33"",""active"",58]",49.150031786600003,297.86082079969998
1955,233284445937788,"[""ring33"",""active"",59]",36.068239352799999,298.93606297309998
1956,115867843124889,"[""ring33"",""active"",60]",22.963482104499999,299.68089615999997
1957,272248612515327,"[""ring33"",""active"",61]",9.8441039013000005,300.09484612170002
1958,195391873015401,"[""ring33"",""active"",62]",-3.2815420884000002,300.17764929449999
1959,241863615562264,"[""ring33"",""active"",63]",-16.405098705099999,299.9292529571
1960,7844126209578,"[""ring33"",""active"",64]",-29.518210119700001,299.34981526460001
1961,109325629124789,"[""ring33"",""active"",65]",-42.6125271537,298.43970514760002
1962,42103292233860,"[""ring33"",""active"",66]",-55.679712594999998,297.19950207760002
1963,208655347088764,"[""ring33"",""active"",67]",-68.711446506300007,295.62999569750002
1964,197317711288969,"[""ring33"",""active"",68]",-81.699431522500007,293.73218531930002
1965,115025144204225,"[""ring33"",""active"",69]",-94.635398133500004,291.50727928750001
1966,206454858052802,"[""ring33"",""active"",70]",-107.5111099498,288.9566942102
1967,180552301116264,"[""ring33"",""active"",71]",-120.31836894609999,286.08205405659999
1968,29406860074283,"[""ring33"",""active"",72]",-133.04902068160001,282.88518912339998
1969,129866885352733,"[""ring33"",""active"",73]",-145.69495949149999,279.36813486919999
1970,32335392384727,"[""ring33"",""active"",74]",-158.24813364830001,275.53313061879999
1971,71703107721350,"[""ring33"",""active"",75]",-170.700550488,271.38261813690002
1972,33524437912769,"[""ring33"",""active"",76]",-183.0442814994,266.9192400741
1973,214023716310325,"[""ring33"",""active"",77]",-195.2714673719,262.1458382838
1974,194709192082873,"[""ring33"",""active"",78]",-207.3743229998,257.06545201300003
1975,151415025547484,"[""ring33"",""active"",79]",-219.3451424392,251.68131596699999
1976,148917090526902,"[""ring33"",""active"",80]",-231.17630381399999,245.99685825
1977,42740372042731,"[""ring33"",""active"",81]",-242.86027416909999,240.01569818269999
1978,92314716099328,"[""ring33"",""active"",82]",-254.38961426680001,233.7416439971
1979,4497747482833,"[""ring33"",""active"",83]",-265.75698332299999,227.1786904125
1980,228827405244743,"[""ring34"",""active"",45]",231.81434842620001,260.28581524369997
1981,177037205532650,"[""ring34"",""active"",46]",219.91096426690001,265.85133966659998
1982,48259643038905,"[""ring34"",""active"",47]",207.87407303110001,271.12190566300001
1983,238140767473827,"[""ring34"",""active"",48]",195.71098226780001,276.09431349319999
1984,97785129954455,"[""ring34"",""active"",49]",183.42907614149999,280.76554442819997
1985,153595258739921,"[""ring34"",""active"",50]",171.0358109485,285.132762582
1986,217856702431604,"[""ring34"",""active"",51]",158.53871059139999,289.1933166339
1987,274719804280914,"[""ring34"",""active"",52]",145.9453620102,292.94474143740001
1988,26162946492724,"[""ring34"",""active"",53]",133.263410577,296.38475951750002
1989,1300991530228,"[""ring34"",""active"",54]",120.5005554544,299.5112824528
1990,54161678276055,"[""ring34"",""active"",55]",107.66454492130001,302.32241214359999
1991,171945868788755,"[""ring34"",""active"",56]",94.763171668799998,304.81644196410002
1992,248749002225746,"[""ring34"",""active"",57]",81.804268069700001,306.99185779869998
1993,135913529418648,"[""ring34"",""active"",58]",68.795701422999997,308.84733896109998
1994,50920578546983,"[""ring34"",""active"",59]",55.745369178099999,310.38175899610002
1995,276932226001919,"[""ring34"",""active"",60]",42.661194140200003,311.59418636309999
1996,109962349973430,"[""ring34"",""active"",61]",29.551119660000001,312.48388500250002
1997,109595777581245,"[""ring34"",""active"",62]",16.4231048119,313.05031478170002
1998,102832051106418,"[""ring34"",""active"",63]",3.2851195619000002,313.29313182340002
1999,176975241885148,"[""ring34"",""active"",64]",-9.8548600710999992,313.2121887143
2000,64814675463624,"[""ring34"",""active"",65]",-22.9888568577,312.80753459480002
2001,9111552645045,"[""ring34"",""active"",66]",-36.108897200100003,312.07941512859998
2002,84039488246002,"[""ring34"",""active"",67]",-49.207015973899999,311.0282723542
2003,219155814507544,"[""ring34"",""active"",68]",-62.275261362999998,309.65474441629999
2004,273335495941119,"[""ring34"",""active"",69]",-75.305699687200004,307.95966517829999
2005,228297615251687,"[""ring34"",""active"",70]",-88.2904202191,305.94406371600002
2006,167888547330114,"[""ring34"",""active"",71]",-101.2215399861,303.60916369310002
2007,165477696981704,"[""ring34"",""active"",72]",-114.09120855650001,300.9563826182
2008,218735178253341,"[""ring34"",""active"",73]",-126.8916128056,297.98733098420001
2009,192496542299127,"[""ring34"",""active"",74]",-139.6149816585,294.70381129060002
2010,92881515002315,"[""ring34"",""active"",75]",-152.2535908083,291.10781694920001
2011,152851911858940,"[""ring34"",""active"",76]",-164.79976740539999,287.20153107390001
2012,243731302924008,"[""ring34"",""active"",77]",-177.2458947156,282.98732515540001
2013,156494329470679,"[""ring34"",""active"",78]",-189.5844167443,278.46775762160001
2014,63105426220859,"[""ring34"",""active"",79]",-201.80784282350001,273.64557228389998
2015,100049507503248,"[""ring34"",""active"",80]",-213.9087521596,268.52369667200003
2016,254400268686600,"[""ring34"",""active"",81]",-225.8797983385,263.10524025630002
2017,93602518799011,"[""ring35"",""active"",50]",189.9729588628,292.33138889119999
2018,242288099295475,"[""ring35"",""active"",51]",177.58549167039999,296.75581302040001
2019,133307563278100,"[""ring35"",""active"",52]",165.0951126649,300.88077418580002
2020,218798032025889,"[""ring35"",""active"",53]",152.50906009260001,304.70388194859999
2021,119805525459635,"[""ring35"",""active"",54]",139.83462764340001,308.22292079580001
2022,115113125193656,"[""ring35"",""active"",55]",127.0791602237,311.43585142429998
2023,154585814206587,"[""ring35"",""active"",56]",114.2500497003,314.34081192230002
2024,193067468221658,"[""ring35"",""active"",57]",101.3547306163,316.93611884839999
2025,247715580591955,"[""ring35"",""active"",58]",88.400675883399998,319.22026820740001
2026,146456129606841,"[""ring35"",""active"",59]",75.395392450599999,321.19193632150001
2027,203324504764116,"[""ring35"",""active"",60]",62.346416954600002,322.84998059790001
2028,127270550448718,"[""ring35"",""active"",61]",49.2613113516,324.19344019030001
2029,224389905692103,"[""ring35"",""active"",62]",36.147658535600002,325.22153655609998
2030,64573605462593,"[""ring35"",""active"",63]",23.0130579436,325.93367390769998
2031,278665406810133,"[""ring35"",""active"",64]",9.8651211523000004,326.32943955719998
2032,280792886425491,"[""ring35"",""active"",65]",-3.2885325335000002,326.40860415629999
2033,87872886807640,"[""ring35"",""active"",66]",-16.440280495700001,326.17112182860001
2034,114071133119461,"[""ring35"",""active"",67]",-29.582501220899999,325.61713019640001
2035,270213838524668,"[""ring35"",""active"",68]",-42.707578716599997,324.7469503012
2036,240502954646385,"[""ring35"",""active"",69]",-55.807906924900003,323.5610864171
2037,193753573753987,"[""ring35"",""active"",70]",-68.875894130399999,322.06022575909998
2038,178086883428439,"[""ring35"",""active"",71]",-81.903967359399999,320.24523808459998
2039,99324592593886,"[""ring35"",""active"",72]",-94.884576768499997,318.11717518929999
2040,36337106923831,"[""ring35"",""active"",73]",-107.81020002,315.677270298
2041,235839550726783,"[""ring35"",""active"",74]",-120.67334664089999,312.92693734950001
2042,37761828384444,"[""ring35"",""active"",75]",-133.46656236379999,309.86777017769998
2043,32774328057947,"[""ring35"",""active"",76]",-146.18243344659999,306.50154158740003
2044,218191473299189,"[""ring35"",""active"",77]",-158.81359096910001,302.83020232749999
2045,29436028558877,"[""ring35"",""active"",78]",-171.35271510269999,298.85587996010003
2046,255416256537122,"[""ring35"",""active"",79]",-183.792539353,294.580877628
2047,32584323958049,"[""ring36"",""active"",57]",123.5942831638,325.71280959699999
2048,9088577644307,"[""ring36"",""active"",58]",110.7674049093,328.46020767120001
2049,205821604691752,"[""ring36"",""active"",59]",97.879645590300001,330.90615568189997
2050,260241467750930,"[""ring36"",""active"",60]",84.938088703099993,333.04930926319997
2051,26445070472948,"[""ring36"",""active"",61]",71.949847313000006,334.88849047420001
2052,116466900482948,"[""ring36"",""active"",62]",58.922060144100001,336.422688446
2053,76814051935563,"[""ring36"",""active"",63]",45.861887656199997,337.65105993769998
2054,205916871479903,"[""ring36"",""active"",64]",32.776508108999998,338.57292979990001
2055,38665085211114,"[""ring36"",""active"",65]",19.6731136169,339.18779134530001
2056,196906374715052,"[""ring36"",""active"",66]",6.5589061956999997,339.49530662780001
2057,147922283606232,"[""ring36"",""active"",67]",-6.5589061956999997,339.49530662780001
2058,40493696628009,"[""ring36"",""active"",68]",-19.6731136169,339.18779134530001
2059,267277169017314,"[""ring36"",""active"",69]",-32.776508108999998,338.57292979990001
2060,230873644865041,"[""ring36"",""active"",70]",-45.861887656199997,337.65105993769998
2061,270129576966615,"[""ring36"",""active"",71]",-58.922060144100001,336.422688446
2062,53915147368045,"[""ring36"",""active"",72]",-71.949847313000006,334.88849047420001
2063,38903862287289,"[""ring36"",""active"",73]",-84.938088703099993,333.04930926319997
2064,218167002998672,"[""ring36"",""active"",74]",-97.879645590300001,330.90615568189997
2065,91583868318709,"[""ring36"",""active"",75]",-110.7674049093,328.46020767120001
2066,102917211371788,"[""ring36"",""active"",76]",-123.5942831638,325.71280959699999
