export_index,mirror_id,position_key,x,y
1,225977427565346,"[""ring1"",""active"",0]",180.28482178547966,-153.42698551237063
2,98461791273696,"[""ring1"",""active"",1]",178.56892068052466,-140.3934226373791
3,146546269447317,"[""ring1"",""active"",2]",175.16647801425813,-127.69533373703226
4,91816430395141,"[""ring1"",""active"",3]",170.13571052403518,-115.54998663299037
5,231364419112210,"[""ring1"",""active"",4]",163.56269603640578,-104.16519158152998
6,186914820487113,"[""ring1"",""active"",5]",155.55990065163724,-93.735745582443087
7,218691133102543,"[""ring1"",""active"",6]",146.26425441755691,-84.440099348362779
8,249518401681586,"[""ring1"",""active"",7]",135.83480841847003,-76.437303963594218
9,257081424862060,"[""ring1"",""active"",8]",124.45001336700963,-69.864289475964824
10,462329393670,"[""ring1"",""active"",9]",112.30466626296774,-64.833521985741896
11,136638878541845,"[""ring1"",""active"",10]",99.606577362620897,-61.431079319475344
12,113440114950139,"[""ring1"",""active"",11]",86.573014487629393,-59.71517821452035
13,189893974123011,"[""ring1"",""active"",12]",73.426985512370607,-59.71517821452035
14,259292959545620,"[""ring1"",""active"",13]",60.393422637379118,-61.431079319475344
15,199461450372935,"[""ring1"",""active"",14]",47.695333737032257,-64.833521985741882
16,53150555964577,"[""ring1"",""active"",15]",35.549986632990382,-69.864289475964824
17,182181300776484,"[""ring1"",""active"",16]",24.165191581529967,-76.437303963594218
18,36828647183504,"[""ring1"",""active"",17]",13.735745582443087,-84.440099348362779
19,245044142097057,"[""ring1"",""active"",18]",4.4400993483627786,-93.735745582443073
20,164989153111639,"[""ring1"",""active"",19]",-3.562696036405768,-104.16519158152994
21,82757952312123,"[""ring1"",""active"",20]",-10.135710524035161,-115.54998663299034
22,264367324792324,"[""ring1"",""active"",21]",-15.166478014258104,-127.69533373703224
23,96077426024455,"[""ring1"",""active"",22]",-18.568920680524656,-140.39342263737913
24,175280640722083,"[""ring1"",""active"",23]",-20.28482178547965,-153.42698551237061
25,271289438101252,"[""ring1"",""active"",24]",-20.28482178547965,-166.57301448762937
26,22151644413009,"[""ring1"",""active"",25]",-18.56892068052467,-179.60657736262084
27,54785332350034,"[""ring1"",""active"",26]",-15.166478014258118,-192.30466626296774
28,37097415433566,"[""ring1"",""active"",27]",-10.135710524035176,-204.45001336700966
29,7974149837147,"[""ring1"",""active"",28]",-3.5626960364058249,-215.83480841847
30,159066063835249,"[""ring1"",""active"",29]",4.4400993483627786,-226.26425441755691
31,227814935923795,"[""ring1"",""active"",30]",13.735745582443059,-235.55990065163724
32,112737315580354,"[""ring1"",""active"",31]",24.165191581529982,-243.56269603640578
33,279057199714791,"[""ring1"",""active"",32]",35.549986632990361,-250.13571052403518
34,104555532071604,"[""ring1"",""active"",33]",47.695333737032236,-255.1664780142581
35,114636202083057,"[""ring1"",""active"",34]",60.393422637379068,-258.56892068052463
36,166816355597687,"[""ring1"",""active"",35]",73.426985512370649,-260.28482178547966
37,196871639851600,"[""ring1"",""active"",36]",86.573014487629308,-260.28482178547966
38,163201643135464,"[""ring1"",""active"",37]",99.606577362620897,-258.56892068052468
39,141087017475327,"[""ring1"",""active"",38]",112.30466626296773,-255.16647801425813
40,274460507970912,"[""ring1"",""active"",39]",124.4500133670096,-250.13571052403518
41,211658257369416,"[""ring1"",""active"",40]",135.83480841846998,-243.56269603640584
42,25256560694987,"[""ring1"",""active"",41]",146.26425441755694,-235.55990065163721
43,111109889874469,"[""ring1"",""active"",42]",155.55990065163724,-226.26425441755691
44,248359595964128,"[""ring1"",""active"",43]",163.56269603640573,-215.83480841847009
45,232550607584963,"[""ring1"",""active"",44]",170.13571052403518,-204.45001336700963
46,8954556596020,"[""ring1"",""active"",45]",175.1664780142581,-192.30466626296777
47,16077873566104,"[""ring1"",""active"",46]",178.56892068052463,-179.60657736262092
48,82931331611565,"[""ring1"",""active"",47]",180.28482178547966,-166.57301448762934
49,118963306441431,"[""ring2"",""active"",0]",193.4230309790297,-153.39386072712907
50,166210091923763,"[""ring2"",""active"",1]",191.8891790604203,-140.27091888232729
51,117307025828046,"[""ring2"",""active"",2]",188.84221793910237,-127.4147790147213
52,31761126237247,"[""ring2"",""active"",3]",184.32335253722908,-114.99929836151969
53,8755066053518,"[""ring2"",""active"",4]",178.39369275731997,-103.192375
54,26147884959761,"[""ring2"",""active"",5]",171.1334270756625,-92.15367731404001
55,113321123638128,"[""ring2"",""active"",6]",162.64073813073233,-82.032484753134355
56,146421478213383,"[""ring2"",""active"",7]",153.03047497143862,-72.965669083926528
57,209994560452606,"[""ring2"",""active"",8]",142.43259992075915,-65.075843434366362
58,52342416943538,"[""ring2"",""active"",9]",130.99043105827059,-58.469704161495429
59,200784994231433,"[""ring2"",""active"",10]",118.85870408898168,-53.236587966253808
60,91357866436445,"[""ring2"",""active"",11]",106.20147980837004,-49.447263767855659
61,198849746917301,"[""ring2"",""active"",12]",93.189925461566574,-47.152975675559688
62,195368130266985,"[""ring2"",""active"",13]",80,-46.384749999999983
63,150101175004650,"[""ring2"",""active"",14]",66.81007453843344,-47.152975675559688
64,24350496598495,"[""ring2"",""active"",15]",53.798520191629976,-49.447263767855659
65,111513192711181,"[""ring2"",""active"",16]",41.141295911018311,-53.236587966253808
66,183037382441518,"[""ring2"",""active"",17]",29.009568941729434,-58.469704161495414
67,224334105978858,"[""ring2"",""active"",18]",17.567400079240848,-65.075843434366362
68,240661364293959,"[""ring2"",""active"",19]",6.9695250285613923,-72.965669083926514
69,206103613447385,"[""ring2"",""active"",20]",-2.6407381307323021,-82.032484753134312
70,205049209907177,"[""ring2"",""active"",21]",-11.13342707566251,-92.15367731404001
71,140036588241521,"[""ring2"",""active"",22]",-18.393692757319968,-103.192375
72,178109332024333,"[""ring2"",""active"",23]",-24.32335253722907,-114.99929836151969
73,147447801650378,"[""ring2"",""active"",24]",-28.842217939102355,-127.41477901472126
74,186058987222788,"[""ring2"",""active"",25]",-31.88917906042029,-140.27091888232724
75,15063983504382,"[""ring2"",""active"",26]",-33.423030979029718,-153.39386072712907
76,82820283973980,"[""ring2"",""active"",27]",-33.423030979029718,-166.60613927287096
77,4812291460678,"[""ring2"",""active"",28]",-31.889179060420304,-179.72908111767268
78,254876129109843,"[""ring2"",""active"",29]",-28.842217939102383,-192.58522098527868
79,52090938489001,"[""ring2"",""active"",30]",-24.32335253722907,-205.00070163848034
80,276426639245006,"[""ring2"",""active"",31]",-18.393692757319954,-216.80762500000003
81,150770518482208,"[""ring2"",""active"",32]",-11.133427075662524,-227.84632268595996
82,65908650420079,"[""ring2"",""active"",33]",-2.640738130732359,-237.96751524686562
83,238391778599238,"[""ring2"",""active"",34]",6.9695250285613781,-247.03433091607349
84,187322721507181,"[""ring2"",""active"",35]",17.567400079240862,-254.92415656563367
85,75900330232157,"[""ring2"",""active"",36]",29.009568941729405,-261.53029583850457
86,56946199260712,"[""ring2"",""active"",37]",41.141295911018233,-266.76341203374619
87,155089634456550,"[""ring2"",""active"",38]",53.798520191629947,-270.55273623214435
88,273285650791107,"[""ring2"",""active"",39]",66.810074538433469,-272.84702432444033
89,251067079882723,"[""ring2"",""active"",40]",79.999999999999986,-273.61525
90,13564978797403,"[""ring2"",""active"",41]",93.189925461566602,-272.84702432444033
91,94878253318120,"[""ring2"",""active"",42]",106.20147980837001,-270.55273623214435
92,207197014732390,"[""ring2"",""active"",43]",118.85870408898163,-266.76341203374619
93,203533647948113,"[""ring2"",""active"",44]",130.99043105827056,-261.53029583850457
94,82706652683496,"[""ring2"",""active"",45]",142.43259992075912,-254.92415656563367
95,5167778211505,"[""ring2"",""active"",46]",153.03047497143851,-247.03433091607354
96,255403182698697,"[""ring2"",""active"",47]",162.64073813073236,-237.96751524686562
97,82825078268065,"[""ring2"",""active"",48]",171.1334270756625,-227.84632268595999
98,260003801076989,"[""ring2"",""active"",49]",178.39369275731997,-216.80762499999997
99,100092810805523,"[""ring2"",""active"",50]",184.32335253722908,-205.00070163848034
100,29530510557746,"[""ring2"",""active"",51]",188.84221793910234,-192.58522098527874
101,197980779087096,"[""ring2"",""active"",52]",191.8891790604203,-179.72908111767271
102,226745184831197,"[""ring2"",""active"",53]",193.4230309790297,-166.60613927287099
103,59555902021457,"[""ring3"",""active"",0]",206.55682025421456,-153.36743809735361
104,155037580514219,"[""ring3"",""active"",1]",205.17023724779216,-140.17498202821901
105,110538863576565,"[""ring3"",""active"",2]",202.41226292852679,-127.19973300463499
106,21100493715803,"[""ring3"",""active"",3]",198.31311424020367,-114.58385057014931
107,269401024120553,"[""ring3"",""active"",4]",192.91770231365399,-102.46555697275735
108,24001370476862,"[""ring3"",""active"",5]",186.2851404110076,-90.977622773028102
109,85543209124447,"[""ring3"",""active"",6]",178.48809626842268,-80.245912182058547
110,43223118027071,"[""ring3"",""active"",7]",169.61199593316181,-70.388004066838221
111,25623575773241,"[""ring3"",""active"",8]",159.75408781794147,-61.51190373157732
112,42003389714630,"[""ring3"",""active"",9]",149.02237722697191,-53.714859588992425
113,173233600349033,"[""ring3"",""active"",10]",137.53444302724265,-47.082297686346024
114,166617546774744,"[""ring3"",""active"",11]",125.41614942985071,-41.68688575979634
115,178831113494194,"[""ring3"",""active"",12]",112.80026699536501,-37.5877370714732
116,28095630898990,"[""ring3"",""active"",13]",99.825017971780994,-34.829762752207856
117,19801002341314,"[""ring3"",""active"",14]",86.632561902646387,-33.443179745785443
118,58685437539979,"[""ring3"",""active"",15]",73.367438097353627,-33.443179745785443
119,17543371511003,"[""ring3"",""active"",16]",60.17498202821902,-34.829762752207856
120,46877405992558,"[""ring3"",""active"",17]",47.199733004635,-37.5877370714732
121,273908240264989,"[""ring3"",""active"",18]",34.583850570149309,-41.68688575979634
122,161842297312095,"[""ring3"",""active"",19]",22.465556972757355,-47.08229768634601
123,231218104024720,"[""ring3"",""active"",20]",10.977622773028131,-53.714859588992383
124,205055244769105,"[""ring3"",""active"",21]",0.24591218205857501,-61.511903731577306
125,191462345087505,"[""ring3"",""active"",22]",-9.6119959331617792,-70.388004066838207
126,265632588695131,"[""ring3"",""active"",23]",-18.48809626842268,-80.245912182058561
127,276076003264301,"[""ring3"",""active"",24]",-26.285140411007575,-90.97762277302806
128,130320065610047,"[""ring3"",""active"",25]",-32.917702313653976,-102.46555697275734
129,59230288788533,"[""ring3"",""active"",26]",-38.31311424020366,-114.58385057014931
130,226518258385086,"[""ring3"",""active"",27]",-42.4122629285268,-127.19973300463501
131,81015478178530,"[""ring3"",""active"",28]",-45.17023724779213,-140.17498202821901
132,210566870952543,"[""ring3"",""active"",29]",-46.556820254214557,-153.36743809735361
133,3505673751328,"[""ring3"",""active"",30]",-46.556820254214557,-166.63256190264636
134,253362427386527,"[""ring3"",""active"",31]",-45.170237247792144,-179.82501797178097
135,76531743404135,"[""ring3"",""active"",32]",-42.412262928526815,-192.80026699536495
136,195453761152477,"[""ring3"",""active"",33]",-38.313114240203674,-205.41614942985066
137,63322776522913,"[""ring3"",""active"",34]",-32.91770231365399,-217.53444302724262
138,113370853181240,"[""ring3"",""active"",35]",-26.285140411007589,-229.02237722697191
139,268794731500274,"[""ring3"",""active"",36]",-18.488096268422709,-239.75408781794141
140,48292612333692,"[""ring3"",""active"",37]",-9.6119959331618077,-249.61199593316178
141,104208630898379,"[""ring3"",""active"",38]",0.24591218205850396,-258.48809626842262
142,127018589188985,"[""ring3"",""active"",39]",10.977622773028102,-266.2851404110076
143,244169488799987,"[""ring3"",""active"",40]",22.465556972757334,-272.91770231365399
144,148935662595744,"[""ring3"",""active"",41]",34.583850570149359,-278.31311424020367
145,199967798838602,"[""ring3"",""active"",42]",47.199733004635,-282.41226292852679
146,121681998251905,"[""ring3"",""active"",43]",60.174982028218992,-285.1702372477921
147,182935117419065,"[""ring3"",""active"",44]",73.367438097353656,-286.55682025421459
148,86274112702088,"[""ring3"",""active"",45]",86.632561902646415,-286.55682025421459
149,244499907031112,"[""ring3"",""active"",46]",99.825017971780966,-285.17023724779216
150,222166567313161,"[""ring3"",""active"",47]",112.80026699536506,-282.41226292852679
151,267749192257242,"[""ring3"",""active"",48]",125.41614942985061,-278.31311424020373
152,13950193364604,"[""ring3"",""active"",49]",137.53444302724262,-272.91770231365399
153,272467347277926,"[""ring3"",""active"",50]",149.02237722697186,-266.2851404110076
154,11858837470873,"[""ring3"",""active"",51]",159.75408781794135,-258.48809626842274
155,189466156649008,"[""ring3"",""active"",52]",169.61199593316178,-249.61199593316181
156,76442142729759,"[""ring3"",""active"",53]",178.48809626842262,-239.7540878179415
157,250969228161012,"[""ring3"",""active"",54]",186.28514041100755,-229.022377226972
158,184232455508123,"[""ring3"",""active"",55]",192.91770231365399,-217.53444302724267
159,42226490475413,"[""ring3"",""active"",56]",198.31311424020362,-205.41614942985075
160,144422509818658,"[""ring3"",""active"",57]",202.41226292852679,-192.80026699536501
161,98077237719699,"[""ring3"",""active"",58]",205.17023724779213,-179.82501797178102
162,120457024512250,"[""ring3"",""active"",59]",206.55682025421456,-166.63256190264647
163,5424059042925,"[""ring4"",""active"",0]",219.68735219855219,-153.3458712951919
164,184631012827970,"[""ring4"",""active"",1]",218.42232190592051,-140.09787470554372
165,190689089557200,"[""ring4"",""active"",2]",215.903717630882,-127.03011484448251
166,236894004599218,"[""ring4"",""active"",3]",212.15434824376692,-114.26093536890266
167,146448383842108,"[""ring4"",""active"",4]",207.2081686143492,-101.90597594549142
168,104860549194081,"[""ring4"",""active"",5]",201.10997211128773,-90.077124999999981
169,5389593131496,"[""ring4"",""active"",6]",193.9149849464433,-78.881506438333574
170,88418679951807,"[""ring4"",""active"",7]",185.68836603775208,-68.420509515871117
171,249409769455279,"[""ring4"",""active"",8]",176.50461691997461,-58.788870640667838
172,44101727948432,"[""ring4"",""active"",9]",166.44690704726025,-50.073815425873789
173,61639682505539,"[""ring4"",""active"",10]",155.60632059769117,-42.354268761073783
174,48148122241354,"[""ring4"",""active"",11]",144.08103160086102,-35.700140056265681
175,229813584610610,"[""ring4"",""active"",12]",131.97541485866026,-30.171690131417506
176,192150591661156,"[""ring4"",""active"",13]",119.39910071090739,-25.818985485150336
177,21417868438074,"[""ring4"",""active"",14]",106.46598220601484,-22.681444884773782
178,178315088531963,"[""ring4"",""active"",15]",93.293183667905936,-20.787482383824994
179,197963288963277,"[""ring4"",""active"",16]",80.000000000000014,-20.154249999999934
180,212266651691770,"[""ring4"",""active"",17]",66.706816332094121,-20.787482383824994
181,143717716437285,"[""ring4"",""active"",18]",53.534017793985171,-22.681444884773782
182,154191620653451,"[""ring4"",""active"",19]",40.600899289092652,-25.818985485150336
183,243286050297014,"[""ring4"",""active"",20]",28.024585141339742,-30.171690131417506
184,135187365860870,"[""ring4"",""active"",21]",15.918968399138976,-35.700140056265681
185,84394000815830,"[""ring4"",""active"",22]",4.3936794023088339,-42.354268761073797
186,196795816969926,"[""ring4"",""active"",23]",-6.4469070472602539,-50.073815425873789
187,62752732012976,"[""ring4"",""active"",24]",-16.50461691997458,-58.78887064066781
188,262689507356988,"[""ring4"",""active"",25]",-25.688366037752047,-68.420509515871089
189,231588664315353,"[""ring4"",""active"",26]",-33.914984946443298,-78.88150643833356
190,58670018595032,"[""ring4"",""active"",27]",-41.109972111287732,-90.077124999999981
191,56146106527894,"[""ring4"",""active"",28]",-47.208168614349177,-101.90597594549138
192,98821130631326,"[""ring4"",""active"",29]",-52.154348243766918,-114.26093536890264
193,167574568333979,"[""ring4"",""active"",30]",-55.903717630881999,-127.03011484448248
194,28634006172748,"[""ring4"",""active"",31]",-58.422321905920512,-140.09787470554372
195,271869694795325,"[""ring4"",""active"",32]",-59.68735219855219,-153.34587129519184
196,137894532284547,"[""ring4"",""active"",33]",-59.68735219855219,-166.65412870480807
197,109821404521477,"[""ring4"",""active"",34]",-58.422321905920512,-179.90212529445625
198,164092274472377,"[""ring4"",""active"",35]",-55.903717630881999,-192.96988515551749
199,177578951612703,"[""ring4"",""active"",36]",-52.154348243766947,-205.73906463109728
200,102808210306553,"[""ring4"",""active"",37]",-47.208168614349219,-218.09402405450854
201,186356616046128,"[""ring4"",""active"",38]",-41.109972111287746,-229.92287499999998
202,90336894231343,"[""ring4"",""active"",39]",-33.914984946443312,-241.11849356166641
203,110974730378632,"[""ring4"",""active"",40]",-25.688366037752075,-251.57949048412888
204,189460664477081,"[""ring4"",""active"",41]",-16.504616919974566,-261.21112935933223
205,174627487827072,"[""ring4"",""active"",42]",-6.4469070472602823,-269.92618457412618
206,12666634866111,"[""ring4"",""active"",43]",4.3936794023087344,-277.64573123892615
207,264137056305333,"[""ring4"",""active"",44]",15.918968399138947,-284.2998599437343
208,157926074659033,"[""ring4"",""active"",45]",28.024585141339657,-289.82830986858244
209,188394866474283,"[""ring4"",""active"",46]",40.600899289092496,-294.18101451484961
210,273110110346102,"[""ring4"",""active"",47]",53.5340177939851,-297.31855511522622
211,86286860731454,"[""ring4"",""active"",48]",66.706816332093993,-299.21251761617498
212,213624765757933,"[""ring4"",""active"",49]",79.999999999999972,-299.84575000000007
213,134127273969171,"[""ring4"",""active"",50]",93.293183667905836,-299.21251761617503
214,117092707444576,"[""ring4"",""active"",51]",106.46598220601473,-297.31855511522622
215,89888352884877,"[""ring4"",""active"",52]",119.39910071090733,-294.18101451484966
216,148741488918137,"[""ring4"",""active"",53]",131.97541485866029,-289.82830986858249
217,31140464893598,"[""ring4"",""active"",54]",144.08103160086102,-284.2998599437343
218,157861437555367,"[""ring4"",""active"",55]",155.60632059769119,-277.6457312389262
219,174967414936778,"[""ring4"",""active"",56]",166.44690704726025,-269.92618457412624
220,158805511150832,"[""ring4"",""active"",57]",176.50461691997467,-261.21112935933212
221,31065264203047,"[""ring4"",""active"",58]",185.68836603775208,-251.57949048412888
222,107117089717890,"[""ring4"",""active"",59]",193.91498494644327,-241.11849356166644
223,166642483298093,"[""ring4"",""active"",60]",201.10997211128773,-229.92287499999998
224,138840614426827,"[""ring4"",""active"",61]",207.20816861434918,-218.09402405450859
225,193394635713193,"[""ring4"",""active"",62]",212.15434824376689,-205.73906463109739
226,274420313286902,"[""ring4"",""active"",63]",215.903717630882,-192.96988515551749
227,176401512941857,"[""ring4"",""active"",64]",218.42232190592051,-179.90212529445631
228,169552146916756,"[""ring4"",""active"",65]",219.68735219855219,-166.65412870480807
229,23520626475590,"[""ring5"",""active"",0]",232.81937572015229,-153.41927621739401
230,222353045440909,"[""ring5"",""active"",1]",231.68795452911539,-140.30655002867579
231,13627925224066,"[""ring5"",""active"",2]",229.43348879369057,-127.33962725341334
232,261600412324865,"[""ring5"",""active"",3]",226.07266978941479,-114.61451045110763
233,155123218978573,"[""ring5"",""active"",4]",221.63037984434854,-102.22541193443629
234,139126295387140,"[""ring5"",""active"",5]",216.13950811902467,-90.264056254252608
235,17104254734932,"[""ring5"",""active"",6]",209.64070710661042,-78.819001103102465
236,257202337253132,"[""ring5"",""active"",7]",202.18209165607135,-67.974981665052582
237,20256286585924,"[""ring5"",""active"",8]",193.81888274666329,-57.812283266033646
238,226842049771351,"[""ring5"",""active"",9]",184.61299865112213,-48.406146969376721
239,22306274976552,"[""ring5"",""active"",10]",174.63259651443582,-39.826212517304683
240,8522133503955,"[""ring5"",""active"",11]",163.95156774218901,-32.136002742645815
241,109224736450407,"[""ring5"",""active"",12]",152.64899093444814,-25.392453268003919
242,192014594872712,"[""ring5"",""active"",13]",140.80854641547407,-19.645490974328993
243,5788196010393,"[""ring5"",""active"",14]",128.51789669387827,-14.937664359758145
244,227952558828436,"[""ring5"",""active"",15]",115.86803744007946,-11.303828525422063
245,152308738858516,"[""ring5"",""active"",16]",102.95262378619644,-8.7708871204708885
246,213125153228881,"[""ring5"",""active"",17]",89.867276936216882,-7.3575931568686599
247,71269691663161,"[""ring5"",""active"",18]",76.708876220058031,-7.0744101686538272
248,156249175796049,"[""ring5"",""active"",19]",63.574841832902962,-7.9234347435941288
249,202748898602645,"[""ring5"",""active"",20]",50.562413570159912,-9.8983810007842408
250,43945525603687,"[""ring5"",""active"",21]",37.76793089803806,-12.984627129108901
251,73207654735822,"[""ring5"",""active"",22]",25.286119689846281,-17.15932364201646
252,5758917734907,"[""ring5"",""active"",23]",13.209390908768469,-22.391562547123101
253,97876239973797,"[""ring5"",""active"",24]",1.627156429424204,-28.642606178174788
254,33095221570398,"[""ring5"",""active"",25]",-9.374832936368918,-35.866173995174975
255,277111629805253,"[""ring5"",""active"",26]",-19.715122308603824,-44.008785229310519
256,52709217833209,"[""ring5"",""active"",27]",-29.317155802517419,-53.010154835852958
257,245682835225288,"[""ring5"",""active"",28]",-38.10984332157669,-62.803639823537452
258,125292141479106,"[""ring5"",""active"",29]",-46.028086883681326,-73.316732655954297
259,94762750622421,"[""ring5"",""active"",30]",-53.013262583847052,-84.47159807197967
260,75994957899253,"[""ring5"",""active"",31]",-59.01365462508781,-96.185649350817357
261,20004688814997,"[""ring5"",""active"",32]",-63.984838204082706,-108.3721597551848
262,175860044824892,"[""ring5"",""active"",33]",-67.890008416876952,-120.94090462573288
263,183972625240563,"[""ring5"",""active"",34]",-70.700252749513879,-133.79882937285697
264,238480623597105,"[""ring5"",""active"",35]",-72.394765136172651,-146.85073842032142
265,123379877610518,"[""ring5"",""active"",36]",-72.961000000000098,-159.99999999999997
266,239283752301026,"[""ring5"",""active"",37]",-72.394765136172651,-173.14926157967852
267,183370882837706,"[""ring5"",""active"",38]",-70.700252749513879,-186.201170627143
268,175759257811417,"[""ring5"",""active"",39]",-67.890008416876952,-199.05909537426709
269,85670323711507,"[""ring5"",""active"",40]",-63.984838204082706,-211.62784024481516
270,192077555300193,"[""ring5"",""active"",41]",-59.013654625087781,-223.81435064918267
271,72709185471645,"[""ring5"",""active"",42]",-53.01326258384708,-235.52840192802029
272,72248347403569,"[""ring5"",""active"",43]",-46.028086883681354,-246.68326734404565
273,191260267335111,"[""ring5"",""active"",44]",-38.109843321576719,-257.19636017646252
274,83628581397731,"[""ring5"",""active"",45]",-29.317155802517448,-266.98984516414703
275,83195177570344,"[""ring5"",""active"",46]",-19.715122308603839,-275.99121477068945
276,60631607472577,"[""ring5"",""active"",47]",-9.3748329363689606,-284.13382600482498
277,52503766025382,"[""ring5"",""active"",48]",1.6271564294241045,-291.35739382182516
278,217241937472025,"[""ring5"",""active"",49]",13.209390908768555,-297.60843745287696
279,121174415326769,"[""ring5"",""active"",50]",25.28611968984621,-302.84067635798351
280,104047867091438,"[""ring5"",""active"",51]",37.767930898037989,-307.01537287089104
281,214778283416061,"[""ring5"",""active"",52]",50.562413570159805,-310.1016189992157
282,234678724139405,"[""ring5"",""active"",53]",63.574841832902891,-312.07656525640584
283,173585238361232,"[""ring5"",""active"",54]",76.708876220057959,-312.9255898313462
284,270449284997860,"[""ring5"",""active"",55]",89.867276936216811,-312.64240684313131
285,256100742887971,"[""ring5"",""active"",56]",102.95262378619637,-311.22911287952911
286,81250924882693,"[""ring5"",""active"",57]",115.86803744007953,-308.69617147457791
287,155366379369128,"[""ring5"",""active"",58]",128.51789669387821,-305.06233564024188
288,250091917024527,"[""ring5"",""active"",59]",140.80854641547401,-300.35450902567106
289,161047720681361,"[""ring5"",""active"",60]",152.64899093444819,-294.60754673199602
290,271279813364339,"[""ring5"",""active"",61]",163.95156774218893,-287.86399725735424
291,55992506942994,"[""ring5"",""active"",62]",174.63259651443579,-280.17378748269533
292,98626777492812,"[""ring5"",""active"",63]",184.61299865112215,-271.59385303062322
293,280366544408847,"[""ring5"",""active"",64]",193.81888274666321,-262.18771673396645
294,247862487429520,"[""ring5"",""active"",65]",202.18209165607138,-252.02501833494739
295,113428781052480,"[""ring5"",""active"",66]",209.64070710661036,-241.18099889689762
296,186944288805866,"[""ring5"",""active"",67]",216.13950811902461,-229.73594374574748
297,62639937718710,"[""ring5"",""active"",68]",221.63037984434857,-217.77458806556368
298,181048829255108,"[""ring5"",""active"",69]",226.07266978941476,-205.38548954889245
299,238349268831454,"[""ring5"",""active"",70]",229.43348879369057,-192.66037274658675
300,204699139529072,"[""ring5"",""active"",71]",231.68795452911542,-179.69344997132418
301,115322783196771,"[""ring5"",""active"",72]",232.81937572015229,-166.5807237826061
302,15633397888638,"[""ring6"",""active"",0]",245.94494965627081,-153.39738705963421
303,3618394902825,"[""ring6"",""active"",1]",244.89579225514748,-140.23390502375889
304,66424263510672,"[""ring6"",""active"",2]",242.80411056378858,-127.19539060442501
305,257966886653104,"[""ring6"",""active"",3]",239.68312886730689,-114.36427748781
306,153079224300172,"[""ring6"",""active"",4]",235.55257901685195,-101.82168810227839
307,172708008851399,"[""ring6"",""active"",5]",230.43857567849398,-89.646920736270644
308,201027126862124,"[""ring6"",""active"",6]",224.37345122789682,-77.916948188991896
309,97077543497017,"[""ring6"",""active"",7]",217.39555133462903,-66.705931123592535
310,173356775268481,"[""ring6"",""active"",8]",209.54899252849444,-56.084749199577843
311,203453305678702,"[""ring6"",""active"",9]",200.88338328062679,-46.120552948779988
312,30604529686480,"[""ring6"",""active"",10]",191.45351036276259,-36.876339228074769
313,74175571152741,"[""ring6"",""active"",11]",181.31899246763044,-28.410552932969608
314,7294419471254,"[""ring6"",""active"",12]",170.54390328038031,-20.776717490156528
315,72501091431243,"[""ring6"",""active"",13]",159.196366384116,-14.023096465175684
316,125008252351536,"[""ring6"",""active"",14]",147.34812456066902,-8.1923884246143643
317,82741542558678,"[""ring6"",""active"",15]",135.0740862096329,-3.3214569820217434
318,136347579096247,"[""ring6"",""active"",16]",122.45185175334242,0.55890226572546453
319,204917347607831,"[""ring6"",""active"",17]",109.56122302201878,3.4241564381013063
320,90721195782871,"[""ring6"",""active"",18]",96.483698720904968,5.2561904757004072
321,19437795711162,"[""ring6"",""active"",19]",83.301959169211131,6.0434216694759755
322,8742095329409,"[""ring6"",""active"",20]",70.099343568515735,5.7808728903556528
323,171071219876311,"[""ring6"",""active"",21]",56.959323105500502,4.4702040562539764
324,193133937668178,"[""ring6"",""active"",22]",43.96497322023307,2.1197016375370197
325,46566491873461,"[""ring6"",""active"",23]",31.198448376486823,-1.2557737327113898
326,31492300519486,"[""ring6"",""active"",24]",18.740462654769715,-5.6348812123966923
327,24546376086534,"[""ring6"",""active"",25]",6.6697794519196663,-10.989934674088403
328,133965456100379,"[""ring6"",""active"",26]",-4.9372864864497785,-17.287077745631962
329,278872408392949,"[""ring6"",""active"",27]",-16.007351552342072,-24.486497861034024
330,190393026479347,"[""ring6"",""active"",28]",-26.470427230174977,-32.542677968323218
331,170312264844696,"[""ring6"",""active"",29]",-36.260362586710599,-41.404684303008324
332,192903510103468,"[""ring6"",""active"",30]",-45.315262498553381,-51.016488407735721
333,204096031368815,"[""ring6"",""active"",31]",-53.577878973048968,-61.317321362236882
334,68236790755907,"[""ring6"",""active"",32]",-60.995973088525972,-72.242057984008056
335,175706828718013,"[""ring6"",""active"",33]",-67.52264526557812,-83.72162857068237
336,152553411453083,"[""ring6"",""active"",34]",-73.116631781305443,-95.683455580926406
337,136600615361312,"[""ring6"",""active"",35]",-77.742565651856296,-108.05191249302483
338,62373048652962,"[""ring6"",""active"",36]",-81.37120023388627,-120.74880194009961
339,181856645093371,"[""ring6"",""active"",37]",-83.979594131254117,-133.69385009904121
340,130293704323625,"[""ring6"",""active"",38]",-85.551256237914515,-146.80521420746382
341,61753894552097,"[""ring6"",""active"",39]",-86.07625000000013,-159.99999999999997
342,89052692619480,"[""ring6"",""active"",40]",-85.551256237914515,-173.19478579253615
343,110421658250941,"[""ring6"",""active"",41]",-83.979594131254117,-186.30614990095876
344,237887334612196,"[""ring6"",""active"",42]",-81.37120023388627,-199.25119805990033
345,6774256656513,"[""ring6"",""active"",43]",-77.742565651856296,-211.94808750697513
346,1461599247815,"[""ring6"",""active"",44]",-73.116631781305443,-224.31654441907355
347,113080086478275,"[""ring6"",""active"",45]",-67.522645265578149,-236.27837142931759
348,275076801571628,"[""ring6"",""active"",46]",-60.995973088526029,-247.75794201599186
349,219525186125527,"[""ring6"",""active"",47]",-53.577878973048968,-258.6826786377631
350,256415157047643,"[""ring6"",""active"",48]",-45.315262498553395,-268.98351159226428
351,105765501990854,"[""ring6"",""active"",49]",-36.260362586710585,-278.59531569699175
352,233392164539072,"[""ring6"",""active"",50]",-26.470427230175019,-287.45732203167677
353,121780138828961,"[""ring6"",""active"",51]",-16.007351552342115,-295.51350213896598
354,123535355556610,"[""ring6"",""active"",52]",-4.9372864864498069,-302.71292225436804
355,41644475214493,"[""ring6"",""active"",53]",6.6697794519196236,-309.01006532591157
356,232600081420609,"[""ring6"",""active"",54]",18.740462654769608,-314.36511878760325
357,184013294735046,"[""ring6"",""active"",55]",31.198448376486773,-318.74422626728858
358,246913989650040,"[""ring6"",""active"",56]",43.964973220233063,-322.11970163753699
359,142277293781531,"[""ring6"",""active"",57]",56.95932310550053,-324.47020405625398
360,15539963977653,"[""ring6"",""active"",58]",70.099343568515621,-325.78087289035562
361,50027054714596,"[""ring6"",""active"",59]",83.301959169211088,-326.04342166947595
362,8968266447559,"[""ring6"",""active"",60]",96.483698720904997,-325.25619047570041
363,249035387025584,"[""ring6"",""active"",61]",109.56122302201871,-323.42415643810136
364,76221010187168,"[""ring6"",""active"",62]",122.4518517533424,-320.55890226572546
365,148413189653386,"[""ring6"",""active"",63]",135.0740862096329,-316.67854301797826
366,176562161909927,"[""ring6"",""active"",64]",147.34812456066894,-311.80761157538564
367,46369425058666,"[""ring6"",""active"",65]",159.19636638411595,-305.97690353482437
368,85685822949842,"[""ring6"",""active"",66]",170.54390328038028,-299.22328250984344
369,148816550349384,"[""ring6"",""active"",67]",181.31899246763035,-291.58944706703045
370,51096767258723,"[""ring6"",""active"",68]",191.45351036276253,-283.1236607719253
371,174982740500412,"[""ring6"",""active"",69]",200.88338328062679,-273.87944705122004
372,156109459724971,"[""ring6"",""active"",70]",209.54899252849435,-263.91525080042226
373,279829217726053,"[""ring6"",""active"",71]",217.39555133462898,-253.29406887640755
374,159198802282531,"[""ring6"",""active"",72]",224.37345122789682,-242.08305181100812
375,170710736352246,"[""ring6"",""active"",73]",230.43857567849398,-230.35307926372934
376,109619617615190,"[""ring6"",""active"",74]",235.55257901685189,-218.1783118977217
377,96667164186716,"[""ring6"",""active"",75]",239.68312886730689,-205.63572251219006
378,259606036457484,"[""ring6"",""active"",76]",242.80411056378858,-192.804609395575
379,196804299156461,"[""ring6"",""active"",77]",244.89579225514748,-179.76609497624122
380,243713746614021,"[""ring6"",""active"",78]",245.94494965627081,-166.60261294036587
381,98704091431607,"[""ring7"",""active"",0]",259.06912298261864,-153.37860539721004
382,139223695998237,"[""ring7"",""active"",1]",258.09110952896958,-140.17197995283911
383,3815330794391,"[""ring7"",""active"",2]",256.14042419200803,-127.07364827817202
384,168939197208594,"[""ring7"",""active"",3]",253.22772093860226,-114.15514891868665
385,257718557202517,"[""ring7"",""active"",4]",249.36890794387966,-101.48703823811616
386,197611875643245,"[""ring7"",""active"",5]",244.5850607062907,-89.138505064057114
387,277769438802380,"[""ring7"",""active"",6]",238.90230694054492,-77.1769928025859
388,10407145213078,"[""ring7"",""active"",7]",232.35168387709331,-65.667831085762231
389,79668007178407,"[""ring7"",""active"",8]",224.96896874753853,-54.673878963833204
390,216898390126945,"[""ring7"",""active"",9]",216.79448338180248,-44.255181590898744
391,195311553297786,"[""ring7"",""active"",10]",207.87287398427364,-34.468642279101687
392,6707637656343,"[""ring7"",""active"",11]",198.25286729172075,-25.367711712469429
393,113547112726121,"[""ring7"",""active"",12]",187.98700444475361,-17.002096017812846
394,111992766214480,"[""ring7"",""active"",13]",177.13135402633301,-9.4174852870984012
395,154388842427142,"[""ring7"",""active"",14]",165.74520583461327,-2.6553040340099017
396,188844447436172,"[""ring7"",""active"",15]",153.89074706262508,3.247515052380578
397,240676286273810,"[""ring7"",""active"",16]",141.63272265339157,8.2587328211530462
398,193077115442914,"[""ring7"",""active"",17]",129.03808168550171,12.350979738602348
399,165270732462952,"[""ring7"",""active"",18]",116.17561172045842,15.50190537114031
400,112275944231314,"[""ring7"",""active"",19]",103.11556310887197,17.694300455613416
401,245752944709934,"[""ring7"",""active"",20]",89.929265307405061,18.916190890330597
402,202662447900705,"[""ring7"",""active"",21]",76.688737302016094,19.160903133454326
403,154415203091408,"[""ring7"",""active"",22]",63.466294265231724,18.427100651571862
404,249000034967445,"[""ring7"",""active"",23]",50.334152595751426,16.718791219377408
405,105432625421735,"[""ring7"",""active"",24]",37.36403549752059,14.045305030596495
406,64235322929390,"[""ring7"",""active"",25]",24.626781252461576,10.421243739703186
407,80583806395388,"[""ring7"",""active"",26]",12.191956326343302,5.8664007127468949
408,221514684970239,"[""ring7"",""active"",27]",0.12747542086837882,0.40565292285080545
409,204545893520169,"[""ring7"",""active"",28]",-11.50076945287654,-5.9311749191888055
410,97550895784992,"[""ring7"",""active"",29]",-22.629268853735937,-13.10947325713056
411,179768472648573,"[""ring7"",""active"",30]",-33.197242777029473,-21.090036714682327
412,4663288236199,"[""ring7"",""active"",31]",-43.146972613861251,-29.829278221671672
413,278056749230886,"[""ring7"",""active"",32]",-52.424116390145826,-39.27946707150781
414,49078469715113,"[""ring7"",""active"",33]",-60.978005563627022,-49.38898960974997
415,209456995452956,"[""ring7"",""active"",34]",-68.761921757884835,-60.102631129989192
416,281391758338618,"[""ring7"",""active"",35]",-75.733351921907229,-71.361877437428461
417,39867733414405,"[""ring7"",""active"",36]",-81.854220521631987,-83.105234433122931
418,221665518473018,"[""ring7"",""active"",37]",-87.091097495310777,-95.268563973424733
419,235395455773571,"[""ring7"",""active"",38]",-91.415380836913386,-107.78543417028152
420,248140748251892,"[""ring7"",""active"",39]",-94.803452810366565,-120.587482219173
421,130737922101960,"[""ring7"",""active"",40]",-97.236808941438369,-133.60478777304237
422,142947773551174,"[""ring7"",""active"",41]",-98.702159082759607,-146.76625482298613
423,246134825458202,"[""ring7"",""active"",42]",-99.191500000000161,-159.99999999999997
424,112355342081427,"[""ring7"",""active"",43]",-98.702159082759607,-173.23374517701382
425,168562849537525,"[""ring7"",""active"",44]",-97.236808941438369,-186.3952122269576
426,240623476709370,"[""ring7"",""active"",45]",-94.803452810366593,-199.41251778082696
427,179552823553090,"[""ring7"",""active"",46]",-91.415380836913414,-212.21456582971837
428,20451532741646,"[""ring7"",""active"",47]",-87.091097495310748,-224.7314360265753
429,44138025319731,"[""ring7"",""active"",48]",-81.854220521631987,-236.89476556687703
430,87526950589628,"[""ring7"",""active"",49]",-75.7333519219072,-248.63812256257157
431,271874786952402,"[""ring7"",""active"",50]",-68.761921757884892,-259.89736887001078
432,99017401013374,"[""ring7"",""active"",51]",-60.978005563627079,-270.61101039024999
433,107612685271568,"[""ring7"",""active"",52]",-52.424116390145855,-280.72053292849216
434,210097438333945,"[""ring7"",""active"",53]",-43.14697261386128,-290.17072177832836
435,201864549490165,"[""ring7"",""active"",54]",-33.197242777029643,-298.90996328531753
436,120445623188901,"[""ring7"",""active"",55]",-22.629268853735979,-306.89052674286944
437,195350791113158,"[""ring7"",""active"",56]",-11.500769452876639,-314.06882508081117
438,101971248769460,"[""ring7"",""active"",57]",0.12747542086840724,-320.40565292285078
439,158861748357609,"[""ring7"",""active"",58]",12.191956326343302,-325.86640071274689
440,4014003715286,"[""ring7"",""active"",59]",24.626781252461534,-330.42124373970319
441,14706700728349,"[""ring7"",""active"",60]",37.364035497520469,-334.04530503059641
442,74070345870799,"[""ring7"",""active"",61]",50.334152595751341,-336.71879121937741
443,162208365690802,"[""ring7"",""active"",62]",63.466294265231568,-338.42710065157183
444,240940228290301,"[""ring7"",""active"",63]",76.688737302016051,-339.16090313345433
445,208130067677265,"[""ring7"",""active"",76]",224.9689687475385,-265.32612103616685
446,64146519403722,"[""ring7"",""active"",77]",232.35168387709325,-254.33216891423785
447,222194219887615,"[""ring7"",""active"",78]",238.90230694054486,-242.8230071974142
448,95507527291869,"[""ring7"",""active"",79]",244.5850607062907,-230.86149493594289
449,41593819833030,"[""ring7"",""active"",80]",249.36890794387963,-218.51296176188387
450,148418666345158,"[""ring7"",""active"",81]",253.22772093860223,-205.84485108131341
451,181422169739776,"[""ring7"",""active"",82]",256.14042419200803,-192.9263517218281
452,26420087111766,"[""ring7"",""active"",83]",258.09110952896958,-179.82802004716089
453,110309838343784,"[""ring7"",""active"",84]",259.06912298261864,-166.62139460278999
454,103035038586406,"[""ring8"",""active"",0]",272.19463946591645,-153.43443405874461
455,47162301186622,"[""ring8"",""active"",1]",271.29853933604409,-140.33391387544145
456,24425660975383,"[""ring8"",""active"",2]",269.51051710876175,-127.32508606388842
457,153621519479959,"[""ring8"",""active"",3]",266.83890936907778,-114.46860378446409
458,140424434400610,"[""ring8"",""active"",4]",263.29617238553931,-101.82440989235062
459,40460452271116,"[""ring8"",""active"",5]",258.89882403335804,-89.45145745627218
460,253726371640365,"[""ring8"",""active"",6]",253.667366780451,-77.407434892074718
461,118483385141232,"[""ring8"",""active"",7]",247.62619209547097,-65.748496992701234
462,80665172016646,"[""ring8"",""active"",8]",240.80346672351976,-54.529003108624977
463,230879612048369,"[""ring8"",""active"",9]",233.23100135978066,-43.801263699464144
464,256672054013719,"[""ring8"",""active"",10]",224.94410233337263,-33.615296438471745
465,118704804263222,"[""ring8"",""active"",11]",215.98140699294623,-24.018593007053767
466,141175085968341,"[""ring8"",""active"",12]",206.38470356152823,-15.055897666627345
467,211148652082234,"[""ring8"",""active"",13]",196.19873630053587,-6.7689986402193654
468,183297492580179,"[""ring8"",""active"",14]",185.47099689137502,0.80346672351976167
469,56077620833608,"[""ring8"",""active"",15]",174.25150300729877,7.626192095470941
470,227864090595258,"[""ring8"",""active"",16]",162.59256510792528,13.667366780451005
471,149823144396876,"[""ring8"",""active"",17]",150.54854254372782,18.898824033358039
472,212903673864193,"[""ring8"",""active"",18]",138.17559010764938,23.296172385539307
473,135359725410911,"[""ring8"",""active"",19]",125.53139621553592,26.838909369077754
474,148039290650802,"[""ring8"",""active"",20]",112.67491393611159,29.510517108761746
475,153477916426313,"[""ring8"",""active"",21]",99.666086124558589,31.298539336044115
476,11663329182261,"[""ring8"",""active"",22]",86.565565941255372,32.194639465916424
477,55124408669199,"[""ring8"",""active"",23]",73.4344340587446,32.194639465916424
478,156367101167981,"[""ring8"",""active"",24]",60.333913875441482,31.298539336044115
479,109111027470527,"[""ring8"",""active"",25]",47.325086063888435,29.510517108761746
480,186589492827295,"[""ring8"",""active"",26]",34.468603784464108,26.838909369077754
481,234973109690632,"[""ring8"",""active"",27]",21.824409892350594,23.296172385539307
482,159068333180735,"[""ring8"",""active"",28]",9.4514574562721947,18.898824033358039
483,3553896438682,"[""ring8"",""active"",29]",-2.5925651079252532,13.667366780451005
484,125490996073539,"[""ring8"",""active"",30]",-14.251503007298766,7.626192095470941
485,197296522472290,"[""ring8"",""active"",31]",-25.470996891375066,0.80346672351976167
486,15471845928098,"[""ring8"",""active"",32]",-36.198736300535856,-6.7689986402193369
487,221332755877106,"[""ring8"",""active"",33]",-46.384703561528212,-15.055897666627317
488,142716136045108,"[""ring8"",""active"",34]",-55.981406992946233,-24.018593007053767
489,113991812987888,"[""ring8"",""active"",35]",-64.944102333372655,-33.615296438471759
490,137127856256707,"[""ring8"",""active"",36]",-73.231001359780635,-43.80126369946413
491,275724049879911,"[""ring8"",""active"",37]",-80.803466723519762,-54.529003108624977
492,216476624374123,"[""ring8"",""active"",38]",-87.626192095470941,-65.748496992701206
493,276855416670102,"[""ring8"",""active"",39]",-93.667366780451005,-77.407434892074718
494,63086328637961,"[""ring8"",""active"",40]",-98.898824033358011,-89.451457456272124
495,80180257145509,"[""ring8"",""active"",41]",-103.29617238553934,-101.82440989235069
496,201068241412195,"[""ring8"",""active"",42]",-106.83890936907778,-114.46860378446411
497,89479408681291,"[""ring8"",""active"",43]",-109.51051710876175,-127.32508606388839
498,26501276598608,"[""ring8"",""active"",44]",-111.29853933604412,-140.33391387544145
499,252764545910328,"[""ring8"",""active"",45]",-112.19463946591642,-153.43443405874456
500,237539323347336,"[""ring8"",""active"",46]",-112.19463946591642,-166.5655659412553
501,75029977817500,"[""ring8"",""active"",47]",-111.29853933604412,-179.6660861245586
502,224607538536195,"[""ring8"",""active"",48]",-109.51051710876175,-192.67491393611155
503,210764997604661,"[""ring8"",""active"",49]",-106.83890936907775,-205.53139621553592
504,46772381161956,"[""ring8"",""active"",50]",-103.29617238553931,-218.17559010764936
505,62421198131876,"[""ring8"",""active"",51]",-98.898824033358039,-230.54854254372776
506,235643662284623,"[""ring8"",""active"",52]",-93.667366780450976,-242.59256510792534
507,262819177905100,"[""ring8"",""active"",53]",-87.626192095470969,-254.25150300729877
508,252552166573107,"[""ring8"",""active"",54]",-80.803466723519819,-265.47099689137497
509,42675663034389,"[""ring8"",""active"",55]",-73.231001359780663,-276.19873630053587
510,228157238553140,"[""ring8"",""active"",56]",-64.944102333372712,-286.38470356152823
511,34098461380809,"[""ring8"",""active"",57]",-55.981406992946205,-295.98140699294629
512,60965590524995,"[""ring8"",""active"",58]",-46.384703561528255,-304.9441023333726
513,244959290494479,"[""ring8"",""active"",59]",-36.198736300535955,-313.23100135978058
514,60173186848283,"[""ring8"",""active"",60]",-25.470996891374966,-320.80346672351982
515,253936474644625,"[""ring8"",""active"",61]",-14.251503007298808,-327.62619209547091
516,116280888669318,"[""ring8"",""active"",62]",-2.5925651079252958,-333.66736678045095
517,114106914944888,"[""ring8"",""active"",63]",9.4514574562721947,-338.89882403335804
518,40740589002729,"[""ring8"",""active"",64]",21.824409892350509,-343.29617238553925
519,51205540404889,"[""ring8"",""active"",65]",34.468603784464186,-346.83890936907778
520,249691745359107,"[""ring8"",""active"",86]",258.89882403335798,-230.54854254372799
521,167953906478754,"[""ring8"",""active"",87]",263.29617238553925,-218.1755901076495
522,91552215359534,"[""ring8"",""active"",88]",266.83890936907778,-205.53139621553584
523,106578588540520,"[""ring8"",""active"",89]",269.51051710876175,-192.67491393611164
524,185343818846557,"[""ring8"",""active"",90]",271.29853933604409,-179.66608612455857
525,35243663952562,"[""ring8"",""active"",91]",272.19463946591645,-166.56556594125553
526,125797870279228,"[""ring9"",""active"",0]",285.31645750437792,-153.41590083207544
527,194797963855147,"[""ring9"",""active"",1]",284.47276814025042,-140.27475797199219
528,89571561756875,"[""ring9"",""active"",2]",282.78885631256344,-127.21467036245315
529,168223872581822,"[""ring9"",""active"",3]",280.27164157621479,-114.28930470482594
530,270332021443703,"[""ring9"",""active"",4]",276.93146770649707,-101.55177409907999
531,3423682913562,"[""ring9"",""active"",5]",272.7820601943061,-89.054419790666088
532,250743824423220,"[""ring9"",""active"",6]",267.84046984515442,-76.848596089111524
533,123984057099878,"[""ring9"",""active"",7]",262.12700271375462,-64.984459342147034
534,109131239212470,"[""ring9"",""active"",8]",255.66513666208439,-53.5107618325152
535,60007292473724,"[""ring9"",""active"",9]",248.48142488381606,-42.474651444383554
536,183922960676722,"[""ring9"",""active"",10]",240.6053867915478,-31.921477922575122
537,244026363009533,"[""ring9"",""active"",11]",232.06938671520564,-21.894606520739643
538,134526403365745,"[""ring9"",""active"",12]",222.90850091006953,-12.435239804224437
539,271629929750622,"[""ring9"",""active"",13]",213.16037342091667,-3.5822483398955001
540,91866714086023,"[""ring9"",""active"",14]",202.86506139456671,4.6279890313595615
541,252673504642266,"[""ring9"",""active"",15]",192.06487047647346,12.161734683091879
542,182925999859411,"[""ring9"",""active"",16]",180.80418096775304,18.988030838435094
543,74309374254258,"[""ring9"",""active"",17]",169.12926545700714,25.078826782250957
544,230210593372475,"[""ring9"",""active"",18]",157.0880986763309,30.409094127534701
545,13443920988055,"[""ring9"",""active"",19]",144.7301603628483,34.956929662425779
546,208622677056872,"[""ring9"",""active"",20]",132.10623193585891,38.70364535520369
547,39592251780274,"[""ring9"",""active"",21]",119.26818782509338,41.633845147418839
548,12335931589554,"[""ring9"",""active"",22]",106.26878230755462,43.735488219599091
549,37921723584664,"[""ring9"",""active"",23]",93.161432728878026,44.999938469559822
550,46532540838939,"[""ring9"",""active"",24]",80.000000000000014,45.422000000000224
551,221836744379569,"[""ring9"",""active"",25]",66.838567271122002,44.999938469559822
552,163801405267883,"[""ring9"",""active"",26]",53.731217692445405,43.735488219599091
553,238982923778748,"[""ring9"",""active"",27]",40.731812174906644,41.633845147418839
554,205745359222780,"[""ring9"",""active"",28]",27.893768064141156,38.703645355203719
555,162046055810862,"[""ring9"",""active"",29]",15.269839637151733,34.956929662425779
556,16135229903257,"[""ring9"",""active"",30]",2.9119013236691274,30.409094127534701
557,219961057606929,"[""ring9"",""active"",31]",-9.1292654570071079,25.078826782250957
558,38238546939468,"[""ring9"",""active"",32]",-20.80418096775297,18.988030838435122
559,275681201462891,"[""ring9"",""active"",33]",-32.064870476473416,12.161734683091879
560,211355088550619,"[""ring9"",""active"",34]",-42.865061394566709,4.6279890313595615
561,221360357038448,"[""ring9"",""active"",35]",-53.16037342091667,-3.5822483398955285
562,223009927988812,"[""ring9"",""active"",36]",-62.908500910069534,-12.435239804224437
563,210617608994225,"[""ring9"",""active"",37]",-72.06938671520561,-21.894606520739586
564,15081599663134,"[""ring9"",""active"",38]",-80.605386791547772,-31.921477922575093
565,46320946312222,"[""ring9"",""active"",39]",-88.481424883816061,-42.474651444383554
566,225269520396524,"[""ring9"",""active"",40]",-95.665136662084393,-53.510761832515186
567,173457709519417,"[""ring9"",""active"",41]",-102.12700271375462,-64.984459342147034
568,154323244090370,"[""ring9"",""active"",42]",-107.84046984515442,-76.848596089111481
569,179984352001694,"[""ring9"",""active"",43]",-112.78206019430604,-89.054419790665975
570,103164462862684,"[""ring9"",""active"",44]",-116.93146770649713,-101.55177409908002
571,213722942061737,"[""ring9"",""active"",45]",-120.27164157621479,-114.28930470482591
572,277505777930000,"[""ring9"",""active"",46]",-122.78885631256338,-127.21467036245306
573,270924983377453,"[""ring9"",""active"",47]",-124.47276814025042,-140.27475797199213
574,181821888419372,"[""ring9"",""active"",48]",-125.31645750437792,-153.41590083207535
575,156532336352418,"[""ring9"",""active"",49]",-125.31645750437792,-166.58409916792459
576,227955277581842,"[""ring9"",""active"",50]",-124.47276814025042,-179.72524202800781
577,11340136088227,"[""ring9"",""active"",51]",-122.78885631256341,-192.78532963754679
578,57652450693941,"[""ring9"",""active"",52]",-120.27164157621479,-205.71069529517405
579,123785471648349,"[""ring9"",""active"",53]",-116.93146770649713,-218.44822590091994
580,75091553331911,"[""ring9"",""active"",54]",-112.7820601943061,-230.94558020933391
581,272340083496617,"[""ring9"",""active"",55]",-107.84046984515444,-243.15140391088846
582,209873485150225,"[""ring9"",""active"",56]",-102.12700271375465,-255.01554065785291
583,60973697421276,"[""ring9"",""active"",57]",-95.665136662084421,-266.48923816748476
584,91243862051056,"[""ring9"",""active"",58]",-88.481424883816061,-277.52534855561646
585,107611000919233,"[""ring9"",""active"",59]",-80.605386791547829,-288.07852207742485
586,86254612139789,"[""ring9"",""active"",60]",-72.069386715205638,-298.10539347926033
587,270522535005507,"[""ring9"",""active"",61]",-62.908500910069563,-307.56476019577553
588,74320493226543,"[""ring9"",""active"",62]",-53.16037342091667,-316.4177516601045
589,196184725122870,"[""ring9"",""active"",63]",-42.865061394566752,-324.62798903135956
590,11587045354879,"[""ring9"",""active"",64]",-32.064870476473544,-332.16173468309182
591,203586314635190,"[""ring9"",""active"",65]",-20.804180967753027,-338.98803083843507
592,227591073418422,"[""ring9"",""active"",66]",-9.1292654570071505,-345.07882678225093
593,201054203457862,"[""ring9"",""active"",94]",280.27164157621473,-205.71069529517411
594,250695471417951,"[""ring9"",""active"",95]",282.78885631256338,-192.78532963754697
595,173283086101942,"[""ring9"",""active"",96]",284.47276814025042,-179.72524202800798
596,55538106196645,"[""ring9"",""active"",97]",285.31645750437792,-166.58409916792476
597,172474163115530,"[""ring10"",""active"",0]",298.43754991693555,-153.3995133627202
598,199925557887058,"[""ring10"",""active"",1]",297.64049498610586,-140.22262454809945
599,279228618000839,"[""ring10"",""active"",2]",296.04929349145118,-127.11790123171289
600,42309364814537,"[""ring10"",""active"",3]",293.66975155466514,-114.13316112777883
601,269370549870250,"[""ring10"",""active"",4]",290.51055186622159,-101.3157841447852
602,177128027911657,"[""ring10"",""active"",5]",286.58322200317923,-88.71253950134151
603,140196495955528,"[""ring10"",""active"",6]",281.90209236630244,-76.36941507037217
604,77902284120045,"[""ring10"",""active"",7]",276.48424388998353,-64.331449574355602
605,274383146580543,"[""ring10"",""active"",8]",270.34944571576523,-52.642568243909793
606,233739275243107,"[""ring10"",""active"",9]",263.5200830568869,-41.345422539389787
607,173313357515596,"[""ring10"",""active"",10]",256.02107551706945,-30.481234520333857
608,49304209612529,"[""ring10"",""active"",11]",247.8797861615835,-20.089646430638993
609,265830952138703,"[""ring10"",""active"",12]",239.12592167239185,-10.20857604831167
610,183373277524924,"[""ring10"",""active"",13]",229.79142395168836,-0.87407832760817428
611,5637792400540,"[""ring10"",""active"",14]",219.91035356936104,7.8797861615834961
612,269084107532656,"[""ring10"",""active"",15]",209.51876547966614,16.02107551706942
613,277164273177310,"[""ring10"",""active"",16]",198.65457746061026,23.520083056886875
614,159639930345126,"[""ring10"",""active"",17]",187.35743175609025,30.349445715765199
615,25205170815886,"[""ring10"",""active"",18]",175.66855042564441,36.48424388998356
616,51186292520246,"[""ring10"",""active"",19]",163.63058492962784,41.90209236630244
617,55975604336411,"[""ring10"",""active"",20]",151.28746049865853,46.583222003179173
618,44345853330234,"[""ring10"",""active"",21]",138.68421585521486,50.510551866221562
619,142948145984137,"[""ring10"",""active"",22]",125.86683887222117,53.669751554665112
620,38917648349763,"[""ring10"",""active"",23]",112.88209876828712,56.049293491451209
621,167132142782736,"[""ring10"",""active"",24]",99.777375451900568,57.640494986105864
622,172575138973074,"[""ring10"",""active"",25]",86.600486637279829,58.437549916935552
623,206709984788430,"[""ring10"",""active"",26]",73.399513362720185,58.437549916935552
624,23020641473524,"[""ring10"",""active"",27]",60.222624548099461,57.640494986105864
625,34433825127062,"[""ring10"",""active"",28]",47.117901231712906,56.049293491451209
626,110094276154620,"[""ring10"",""active"",29]",34.13316112777887,53.66975155466514
627,227745589159590,"[""ring10"",""active"",30]",21.315784144785184,50.510551866221562
628,11255515374092,"[""ring10"",""active"",31]",8.7125395013414959,46.583222003179173
629,270450823204176,"[""ring10"",""active"",32]",-3.6305849296278012,41.90209236630244
630,239794502843318,"[""ring10"",""active"",33]",-15.66855042564444,36.48424388998356
631,123345788251926,"[""ring10"",""active"",34]",-27.357431756090165,30.349445715765228
632,86620170567299,"[""ring10"",""active"",35]",-38.654577460610241,23.520083056886875
633,278948417656352,"[""ring10"",""active"",36]",-49.518765479666087,16.021075517069448
634,153329039887504,"[""ring10"",""active"",37]",-59.910353569361007,7.8797861615834961
635,244852078210318,"[""ring10"",""active"",38]",-69.791423951688358,-0.87407832760817428
636,236665206409186,"[""ring10"",""active"",39]",-79.125921672391854,-10.208576048311699
637,238818893321525,"[""ring10"",""active"",40]",-87.879786161583468,-20.089646430638965
638,233169623684519,"[""ring10"",""active"",41]",-96.021075517069448,-30.481234520333885
639,266925950329579,"[""ring10"",""active"",42]",-103.52008305688685,-41.345422539389745
640,223340820183600,"[""ring10"",""active"",43]",-110.34944571576517,-52.642568243909707
641,147184792139813,"[""ring10"",""active"",44]",-116.48424388998359,-64.331449574355617
642,249082231839352,"[""ring10"",""active"",45]",-121.90209236630244,-76.369415070372156
643,142449631629575,"[""ring10"",""active"",46]",-126.58322200317915,-88.712539501341411
644,55790143994605,"[""ring10"",""active"",47]",-130.51055186622156,-101.31578414478514
645,58116577585164,"[""ring10"",""active"",48]",-133.66975155466511,-114.13316112777883
646,203524580081841,"[""ring10"",""active"",49]",-136.04929349145121,-127.11790123171292
647,121511660269856,"[""ring10"",""active"",50]",-137.64049498610586,-140.22262454809942
648,137924173292362,"[""ring10"",""active"",51]",-138.43754991693555,-153.39951336272011
649,127642190415742,"[""ring10"",""active"",52]",-138.43754991693555,-166.60048663727986
650,263568781339220,"[""ring10"",""active"",53]",-137.64049498610586,-179.77737545190053
651,132280700110107,"[""ring10"",""active"",54]",-136.04929349145121,-192.88209876828702
652,155529656779273,"[""ring10"",""active"",55]",-133.66975155466514,-205.86683887222111
653,255689862235959,"[""ring10"",""active"",56]",-130.51055186622156,-218.6842158552148
654,194032139333679,"[""ring10"",""active"",57]",-126.58322200317917,-231.28746049865856
655,63692208333685,"[""ring10"",""active"",58]",-121.90209236630247,-243.63058492962779
656,227404135121849,"[""ring10"",""active"",59]",-116.48424388998359,-255.66855042564436
657,249406166904954,"[""ring10"",""active"",60]",-110.3494457157652,-267.35743175609025
658,85426733846450,"[""ring10"",""active"",61]",-103.5200830568869,-278.6545774606102
659,11883891431356,"[""ring10"",""active"",62]",-96.021075517069448,-289.51876547966606
660,14450273945529,"[""ring10"",""active"",63]",-87.879786161583525,-299.91035356936095
661,257643605249143,"[""ring10"",""active"",64]",-79.125921672391883,-309.79142395168827
662,95578123324507,"[""ring10"",""active"",65]",-69.791423951688301,-319.12592167239188
663,223318424710327,"[""ring10"",""active"",66]",-59.910353569361035,-327.87978616158347
664,157274789700213,"[""ring10"",""active"",67]",-49.5187654796662,-336.02107551706933
665,238033804364506,"[""ring10"",""active"",68]",-38.654577460610184,-343.5200830568869
666,124499559175476,"[""ring10"",""active"",102]",297.64049498610586,-179.77737545190061
667,211767509360928,"[""ring10"",""active"",103]",298.43754991693555,-166.60048663727991
668,232479309947301,"[""ring11"",""active"",0]",311.55803044913239,-153.38491944351327
669,50860905246844,"[""ring11"",""active"",1]",310.8027362836699,-140.17633534835556
670,143329153940912,"[""ring11"",""active"",2]",309.29461156532307,-127.03241192689777
671,3919468611562,"[""ring11"",""active"",3]",307.03857548345593,-113.9960219253464
672,230294396515493,"[""ring11"",""active"",4]",304.04198675884538,-101.10968733824319
673,149700328576904,"[""ring11"",""active"",5]",300.31461964106336,-88.415440710557419
674,664180320899,"[""ring11"",""active"",6]",295.8686320269062,-75.954688036260521
675,115375702687656,"[""ring11"",""active"",7]",290.7185258038628,-63.768073700580402
676,215832399220657,"[""ring11"",""active"",8]",284.88109954797142,-51.89534790646448
677,22825761017195,"[""ring11"",""active"",9]",278.37539373035645,-40.375237017680249
678,210615559996919,"[""ring11"",""active"",10]",271.22262861116923,-29.245317241465585
679,31872758005241,"[""ring11"",""active"",11]",263.44613502351012,-18.541892062751515
680,221025727242852,"[""ring11"",""active"",12]",255.07127827310003,-8.2998738297396528
681,225771381567190,"[""ring11"",""active"",13]",246.12537540192602,1.4473301229205333
682,9006412514781,"[""ring11"",""active"",14]",236.63760608572747,10.667926441914119
683,148011200851181,"[""ring11"",""active"",15]",226.63891745595953,19.331839458570244
684,135996081291481,"[""ring11"",""active"",16]",216.16192315668229,27.410809289442739
685,271030481597108,"[""ring11"",""active"",17]",205.240796965633,34.878484014175427
686,81300645859808,"[""ring11"",""active"",18]",193.91116132646587,41.710505629989427
687,104310201120189,"[""ring11"",""active"",19]",182.20997115574548,47.884589502425143
688,203883247483410,"[""ring11"",""active"",20]",170.17539330368965,53.380597053188069
689,14709532842178,"[""ring11"",""active"",21]",157.8466820618375,58.180601448005262
690,52305640921682,"[""ring11"",""active"",22]",145.26405112370941,62.26894607023263
691,56159762189962,"[""ring11"",""active"",23]",132.46854241609697,65.632295589484187
692,32249758069300,"[""ring11"",""active"",24]",119.50189222882895,68.259679458707978
693,244462011710435,"[""ring11"",""active"",25]",106.4063950796685,70.142527697830303
694,75668972759819,"[""ring11"",""active"",26]",93.224765758387363,71.274698847249425
695,100936505335710,"[""ring11"",""active"",27]",80.000000000000014,71.652500000000288
696,66324793799683,"[""ring11"",""active"",28]",66.775234241612665,71.274698847249425
697,191337993838044,"[""ring11"",""active"",29]",53.593604920331522,70.142527697830303
698,1073285995238,"[""ring11"",""active"",30]",40.498107771171064,68.259679458707978
699,240691178521803,"[""ring11"",""active"",31]",27.531457583903027,65.632295589484187
700,192207009879479,"[""ring11"",""active"",32]",14.735948876290678,62.268946070232658
701,103074661770529,"[""ring11"",""active"",33]",2.153317938162516,58.180601448005262
702,14045776964446,"[""ring11"",""active"",34]",-10.175393303689631,53.380597053188069
703,70529921752921,"[""ring11"",""active"",35]",-22.209971155745421,47.884589502425172
704,9662780048332,"[""ring11"",""active"",36]",-33.911161326465816,41.710505629989484
705,103980759562146,"[""ring11"",""active"",37]",-45.240796965632967,34.878484014175427
706,280440000870112,"[""ring11"",""active"",38]",-56.161923156682263,27.410809289442739
707,132900369217242,"[""ring11"",""active"",39]",-66.638917455959501,19.3318394585703
708,87791505369010,"[""ring11"",""active"",40]",-76.637606085727413,10.667926441914148
709,128219859946054,"[""ring11"",""active"",41]",-86.125375401925993,1.4473301229205617
710,138724918645793,"[""ring11"",""active"",42]",-95.071278273100006,-8.2998738297396244
711,190207085053315,"[""ring11"",""active"",43]",-103.44613502351004,-18.541892062751458
712,14715469083712,"[""ring11"",""active"",44]",-111.22262861116926,-29.245317241465585
713,209780806195365,"[""ring11"",""active"",45]",-118.37539373035645,-40.37523701768022
714,85778706310978,"[""ring11"",""active"",46]",-124.88109954797142,-51.895347906464451
715,94854430522564,"[""ring11"",""active"",47]",-130.71852580386283,-63.768073700580402
716,8568384943035,"[""ring11"",""active"",48]",-135.86863202690623,-75.954688036260535
717,167724292612319,"[""ring11"",""active"",49]",-140.31461964106336,-88.415440710557476
718,183752988734648,"[""ring11"",""active"",50]",-144.04198675884538,-101.10968733824313
719,219427054293820,"[""ring11"",""active"",51]",-147.03857548345593,-113.99602192534631
720,229158023095686,"[""ring11"",""active"",52]",-149.29461156532304,-127.03241192689777
721,273403135210151,"[""ring11"",""active"",53]",-150.8027362836699,-140.17633534835551
722,250221646710141,"[""ring11"",""active"",54]",-151.55803044913239,-153.38491944351321
723,79821941779339,"[""ring11"",""active"",55]",-151.55803044913239,-166.61508055648673
724,184232025959448,"[""ring11"",""active"",56]",-150.80273628366993,-179.82366465164444
725,14493196065562,"[""ring11"",""active"",57]",-149.29461156532304,-192.96758807310226
726,281234359718790,"[""ring11"",""active"",58]",-147.03857548345593,-206.00397807465362
727,154672153942259,"[""ring11"",""active"",59]",-144.04198675884544,-218.8903126617567
728,192757230556453,"[""ring11"",""active"",60]",-140.31461964106336,-231.58455928944255
729,212199831827710,"[""ring11"",""active"",61]",-135.86863202690625,-244.04531196373944
730,60603431078269,"[""ring11"",""active"",62]",-130.71852580386286,-256.23192629941957
731,126538151549551,"[""ring11"",""active"",63]",-124.88109954797144,-268.10465209353549
732,146495590976733,"[""ring11"",""active"",64]",-118.37539373035648,-279.62476298231974
733,50984545312830,"[""ring11"",""active"",65]",-111.22262861116923,-290.75468275853444
734,114948843564819,"[""ring11"",""active"",66]",-103.44613502351007,-301.45810793724849
735,97039671693358,"[""ring11"",""active"",67]",-95.071278273100063,-311.70012617026032
736,205412286443043,"[""ring11"",""active"",68]",-86.125375401925965,-321.44733012292056
737,177994386183626,"[""ring11"",""active"",69]",-76.637606085727555,-330.66792644191401
738,116775653627168,"[""ring11"",""active"",70]",-66.638917455959614,-339.33183945857024
739,15095316137380,"[""ring12"",""active"",2]",322.56512889136803,-127.23706841601819
740,21284940582560,"[""ring12"",""active"",3]",320.45683611482343,-114.26422182020275
741,104244924606252,"[""ring12"",""active"",4]",317.65524403228585,-101.42324331257906
742,43693989809466,"[""ring12"",""active"",5]",314.16843035898228,-88.751156758350746
743,241596496230020,"[""ring12"",""active"",6]",310.00644848137028,-76.28449906349843
744,181193497203570,"[""ring12"",""active"",7]",305.18129847062244,-64.059214829421492
745,67595663728408,"[""ring12"",""active"",8]",299.70689248331456,-52.11055271534704
746,144704543391314,"[""ring12"",""active"",9]",293.59901464907693,-40.472963807320653
747,25630916321626,"[""ring12"",""active"",10]",286.87527556086246,-29.180002286806769
748,198287664105918,"[""ring12"",""active"",11]",279.55506149904835,-18.264228685297354
749,98297547837049,"[""ring12"",""active"",12]",271.6594785357712,-7.7571160038705784
750,167442685379849,"[""ring12"",""active"",13]",263.21129168065727,2.3110410316185721
751,43722190179802,"[""ring12"",""active"",14]",254.23485924340645,11.91121331807588
752,149792332955911,"[""ring12"",""active"",15]",244.75606260247989,21.015721073586292
753,271968116210543,"[""ring12"",""active"",16]",234.80223158238562,29.598313645391158
754,18830141797848,"[""ring12"",""active"",17]",224.40206565471993,37.634245197315465
755,155746111806125,"[""ring12"",""active"",18]",213.58555119016111,45.10034605841966
756,260616336067978,"[""ring12"",""active"",19]",202.38387500000019,51.975089527158786
757,91602902997760,"[""ring12"",""active"",20]",190.82933441649047,58.238653938435874
758,224297049614986,"[""ring12"",""active"",21]",178.95524417127794,63.872979814593577
759,196350846926909,"[""ring12"",""active"",22]",166.7958403404057,68.861821935563256
760,49739719040863,"[""ring12"",""active"",23]",154.38618163284397,73.190796178040017
761,216886670514881,"[""ring12"",""active"",24]",141.76204830715625,76.847420988633843
762,88316470805252,"[""ring12"",""active"",25]",128.95983900775147,79.821153371419086
763,198631377282869,"[""ring12"",""active"",26]",116.01646581816985,82.103419286120925
764,134918750124482,"[""ring12"",""active"",27]",102.96924783399007,83.687638369293154
765,136285100735002,"[""ring12"",""active"",28]",89.855803562216337,84.569242907209514
766,188667730959992,"[""ring12"",""active"",29]",76.713942457383951,84.745691005764741
767,106995176848617,"[""ring12"",""active"",30]",63.581555907114229,84.216473919413232
768,231353215825364,"[""ring12"",""active"",31]",50.496507981435101,82.983117518014268
769,58669025125971,"[""ring12"",""active"",32]",37.496526260865217,81.049177887354233
770,275876603261418,"[""ring12"",""active"",33]",24.619093058032355,78.42023107603049
771,121581170320119,"[""ring12"",""active"",34]",11.901337346463606,75.103857018260157
772,195777189040132,"[""ring12"",""active"",35]",-0.62007229185728363,71.10961767896714
773,141670809921506,"[""ring12"",""active"",36]",-12.909033391504181,66.44902948416231
774,159062754341843,"[""ring12"",""active"",37]",-24.930113696362483,61.135530116105713
775,60045675090491,"[""ring12"",""active"",38]",-36.648653319995645,55.184439768990103
776,45078197210876,"[""ring12"",""active"",39]",-48.030864679070021,48.612916976855274
777,95413172796324,"[""ring12"",""active"",40]",-59.043929911705021,41.439909141092301
778,240700718671888,"[""ring12"",""active"",41]",-69.656095499863824,33.686097900180471
779,191455264063925,"[""ring12"",""active"",42]",-79.836763822966134,25.37383949916989
780,10916194490280,"[""ring12"",""active"",43]",-89.556581378749371,16.527100330839289
781,219377941947507,"[""ring12"",""active"",44]",-98.787523417014626,7.1713878343812496
782,77593315184034,"[""ring12"",""active"",45]",-107.50297474223544,-2.6663230491473087
783,58681086670728,"[""ring12"",""active"",46]",-115.67780645205752,-12.957667652564197
784,249342145052635,"[""ring12"",""active"",47]",-123.28844839042878,-23.672973365239727
785,145178005254912,"[""ring12"",""active"",48]",-130.31295710646083,-34.781345186914621
786,44980537554465,"[""ring12"",""active"",49]",-136.73107912307879,-46.250754805983789
787,46456468654295,"[""ring12"",""active"",50]",-142.52430933303839,-58.048132945409449
788,249442802094454,"[""ring12"",""active"",51]",-147.67594435394099,-70.139464710008426
789,249608969179111,"[""ring12"",""active"",52]",-152.17113068840871,-82.489887660199528
790,20616595894406,"[""ring12"",""active"",53]",-155.99690755056264,-95.063792329441995
791,264769390966077,"[""ring12"",""active"",54]",-159.1422442353238,-107.82492489554623
792,31999187835031,"[""ring12"",""active"",55]",-161.59807192279132,-120.73649170982794
793,227396253847991,"[""ring12"",""active"",56]",-163.35730982599785,-133.7612653827218
794,165501752665255,"[""ring12"",""active"",57]",-164.41488560665152,-146.86169211998373
795,95266915561523,"[""ring12"",""active"",58]",-164.76775000000032,-159.99999999999997
796,166404974261654,"[""ring12"",""active"",59]",-164.41488560665155,-173.13830788001621
797,10201852040239,"[""ring12"",""active"",60]",-163.35730982599785,-186.23873461727814
798,205465049660772,"[""ring12"",""active"",61]",-161.59807192279132,-199.2635082901721
799,10344509672464,"[""ring12"",""active"",62]",-159.14224423532386,-212.17507510445361
800,230525511777620,"[""ring12"",""active"",63]",-155.99690755056267,-224.93620767055793
801,150971642869940,"[""ring12"",""active"",64]",-152.17113068840874,-237.5101123398004
802,27433145668803,"[""ring12"",""active"",65]",-147.67594435394102,-249.86053528999153
803,98516881441238,"[""ring12"",""active"",66]",-142.52430933303842,-261.95186705459048
804,114603262057233,"[""ring12"",""active"",67]",-136.73107912307876,-273.74924519401623
805,140207872446827,"[""ring12"",""active"",68]",-130.31295710646086,-285.21865481308532
806,149562009251788,"[""ring12"",""active"",69]",-123.28844839042881,-296.32702663476022
807,236784146795693,"[""ring12"",""active"",70]",-115.67780645205764,-307.04233234743572
808,234297305485642,"[""ring12"",""active"",71]",-107.50297474223547,-317.33367695085263
809,209156984760191,"[""ring12"",""active"",72]",-98.787523417014626,-327.17138783438122
810,174946711384915,"[""ring12"",""active"",73]",-89.556581378749428,-336.52710033083923
811,75905514426929,"[""ring13"",""active"",4]",331.09949699587366,-101.2404535635321
812,79593789155106,"[""ring13"",""active"",5]",327.77165469831164,-88.495812590724242
813,224024464921948,"[""ring13"",""active"",6]",323.79740444382765,-75.937717878629186
814,115358409673717,"[""ring13"",""active"",7]",319.18711459756184,-63.598932062486895
815,253947070548006,"[""ring13"",""active"",8]",313.95281287932738,-51.511645625668081
816,56640937062918,"[""ring13"",""active"",9]",308.10815498466263,-39.707392918378702
817,155964098212232,"[""ring13"",""active"",10]",301.66838895868074,-28.216969888140653
818,90079464318083,"[""ring13"",""active"",11]",294.65031541566088,-17.070353736681
819,171187211124927,"[""ring13"",""active"",12]",287.07224370816402,-6.2966247128355235
820,136821204232748,"[""ring13"",""active"",13]",278.95394416002239,4.0761097545004645
821,115971082239510,"[""ring13"",""active"",14]",270.31659648782227,14.020788385444462
822,72097578443091,"[""ring13"",""active"",15]",261.18273454544124,23.511466648916439
823,28413221684397,"[""ring13"",""active"",16]",251.57618753579675,32.523384448958041
824,278485981031859,"[""ring13"",""active"",17]",241.5220178431762,41.033030720995839
825,96159390607854,"[""ring13"",""active"",18]",231.04645564833808,49.018204769524402
826,166539769967329,"[""ring13"",""active"",19]",220.17683049696515,56.458074187185957
827,179958761746142,"[""ring13"",""active"",20]",208.94150000000022,63.333229204142697
828,244866176847542,"[""ring13"",""active"",21]",197.36977585187714,69.625733325950023
829,197072398286193,"[""ring13"",""active"",22]",185.49184735965684,75.319170127822474
830,11412244382667,"[""ring13"",""active"",23]",173.33870268257175,80.398686083211913
831,221687157353772,"[""ring13"",""active"",24]",160.94204798745727,84.851029314961977
832,269278683033416,"[""ring13"",""active"",25]",148.33422473098182,88.664584167942735
833,104067888206321,"[""ring13"",""active"",26]",135.5481252844798,91.829401512968559
834,254104218705053,"[""ring13"",""active"",27]",122.61710712150995,94.33722470294029
835,181649543333504,"[""ring13"",""active"",28]",109.57490579201577,96.181511113494651
836,84778092386348,"[""ring13"",""active"",29]",96.455546910127367,97.357449211964308
837,173373651370546,"[""ring13"",""active"",30]",83.293257385219505,97.861971110117167
838,155379072514124,"[""ring13"",""active"",31]",70.122376127812601,97.693760567926404
839,63542301426551,"[""ring13"",""active"",32]",56.977264463276398,96.853256427490692
840,237809870710852,"[""ring13"",""active"",33]",43.892216487055038,95.342651468144851
841,273607465278557,"[""ring13"",""active"",34]",30.901369595287775,93.165886685749314
842,33764067025229,"[""ring13"",""active"",35]",18.038615424240412,90.328641011081714
843,110411429840760,"[""ring13"",""active"",36]",5.3375114308957876,86.838316494154867
844,58712024746136,"[""ring13"",""active"",37]",-7.1688066546199991,82.704018993113664
845,166870077349135,"[""ring13"",""active"",38]",-19.447711276374022,77.936534418090446
846,119094303591965,"[""ring13"",""active"",39]",-31.467168174194512,72.548300591997503
847,220178697738434,"[""ring13"",""active"",40]",-43.195819957398001,66.553374801666934
848,219966376844426,"[""ring13"",""active"",41]",-54.603067912641848,59.96739712399409
849,205134850792663,"[""ring13"",""active"",42]",-65.659151832472418,52.807549622763503
850,27691301402871,"[""ring13"",""active"",43]",-76.335227656309655,45.092511522605406
851,220607542025826,"[""ring13"",""active"",44]",-86.603442721307317,36.842410477031763
852,37495623747716,"[""ring13"",""active"",45]",-96.437008426769381,28.078770057687024
853,198694389500383,"[""ring13"",""active"",46]",-105.81027012255191,18.824453601806027
854,257225471507128,"[""ring13"",""active"",47]",-114.69877403911539,9.103604564378486
855,258198880208190,"[""ring13"",""active"",48]",-123.07933108461677,-1.0584164693682396
856,269062723872836,"[""ring13"",""active"",49]",-130.93007734260382,-11.635097946841313
857,262626287242684,"[""ring13"",""active"",50]",-138.23053111247523,-22.598846513694866
858,192097914777951,"[""ring13"",""active"",51]",-144.96164634390013,-33.921059001742123
859,199714151705518,"[""ring13"",""active"",52]",-151.10586232578828,-45.572197051354706
860,62427143292944,"[""ring13"",""active"",53]",-156.64714950017972,-57.521864173669798
861,46873906860480,"[""ring13"",""active"",54]",-161.57105128153231,-69.738885051560061
862,20284609643554,"[""ring13"",""active"",55]",-165.864721772302,-82.191386872475931
863,233189163668774,"[""ring13"",""active"",56]",-169.51695927642302,-94.846882480973662
864,237793420755871,"[""ring13"",""active"",57]",-172.51823552325396,-107.67235513399605
865,136116521257291,"[""ring13"",""active"",58]",-174.86072052574801,-120.63434463778393
866,260100402853990,"[""ring13"",""active"",59]",-176.5383030079949,-133.69903464170181
867,242212528664118,"[""ring13"",""active"",60]",-177.54660634884226,-146.83234086123602
868,265805318521810,"[""ring13"",""active"",61]",-177.88300000000038,-159.99999999999997
869,256763333786165,"[""ring13"",""active"",62]",-177.54660634884226,-173.16765913876392
870,37956813547818,"[""ring13"",""active"",63]",-176.5383030079949,-186.30096535829813
871,124903472850436,"[""ring13"",""active"",64]",-174.86072052574801,-199.36565536221602
872,228409984721145,"[""ring13"",""active"",65]",-172.51823552325396,-212.32764486600388
873,257845415292791,"[""ring13"",""active"",66]",-169.51695927642302,-225.15311751902627
874,172941068119887,"[""ring13"",""active"",67]",-165.86472177230203,-237.80861312752401
875,146714694009248,"[""ring13"",""active"",68]",-161.57105128153231,-250.26111494843988
876,62281214065341,"[""ring13"",""active"",69]",-156.64714950017975,-262.47813582633012
877,123954796464206,"[""ring13"",""active"",70]",-151.10586232578831,-274.42780294864525
878,269529217296095,"[""ring13"",""active"",71]",-144.96164634390016,-286.07894099825785
879,182698035263456,"[""ring13"",""active"",72]",-138.23053111247526,-297.40115348630508
880,193261455930841,"[""ring13"",""active"",73]",-130.93007734260379,-308.36490205315874
881,240374523610471,"[""ring13"",""active"",74]",-123.0793310846168,-318.9415835306317
882,25847724206996,"[""ring13"",""active"",75]",-114.69877403911542,-329.10360456437843
883,42964507451191,"[""ring14"",""active"",6]",337.52994437199618,-75.629511943930993
884,247535241469648,"[""ring14"",""active"",7]",333.11673093833065,-63.191054017950009
885,88950734206602,"[""ring14"",""active"",8]",328.10315258363244,-50.982216216226718
886,164070270869329,"[""ring14"",""active"",9]",322.50110096185063,-39.031956553174382
887,163899520792589,"[""ring14"",""active"",10]",316.32386352050798,-27.368619724429294
888,12640003296592,"[""ring14"",""active"",11]",309.58609198434419,-16.019869876364652
889,5255470547261,"[""ring14"",""active"",12]",302.30376760304296,-5.0126249897914761
890,6779128017491,"[""ring14"",""active"",13]",294.49416324547349,5.6270069665177402
891,108190285495901,"[""ring14"",""active"",14]",286.17580243035388,15.873789961046811
892,39848678046352,"[""ring14"",""active"",15]",277.36841539051164,25.703419756614011
893,104440436143463,"[""ring14"",""active"",16]",268.09289227495049,35.092581557338093
894,196974781915655,"[""ring14"",""active"",17]",258.37123359972543,44.019005308757727
895,11351353555516,"[""ring14"",""active"",18]",248.2264980651494,52.461518519940512
896,222776227942792,"[""ring14"",""active"",19]",237.68274786310326,60.400096482292298
897,13049090244020,"[""ring14"",""active"",20]",226.76499160417538,67.815909765953506
898,101300716087733,"[""ring14"",""active"",21]",215.49912500000025,74.691368881126607
899,80693098301653,"[""ring14"",""active"",22]",203.91186944149149,81.010165998402442
900,160012145064261,"[""ring14"",""active"",23]",192.03070861865476,86.757313629129982
901,51468201348844,"[""ring14"",""active"",24]",179.88382333231181,91.919180174083351
902,169438365934401,"[""ring14"",""active"",25]",167.50002465235374,96.483522256109495
903,44297045969110,"[""ring14"",""active"",26]",154.90868558106706,100.43951376006595
904,226955197929705,"[""ring14"",""active"",27]",142.13967138361699,103.77777151116965
905,198014312129454,"[""ring14"",""active"",28]",129.22326875093816,106.49037753085128
906,180640409003371,"[""ring14"",""active"",29]",116.19011396304985,108.57089781732532
907,133818827219190,"[""ring14"",""active"",30]",103.07112022318455,110.01439760633156
908,127403532046269,"[""ring14"",""active"",31]",89.897404335085213,110.81745307585066
909,36785821662829,"[""ring14"",""active"",32]",76.700212897384631,110.97815946703184
910,203342938881546,"[""ring14"",""active"",33]",63.510848190125415,110.49613560207035
911,231496839406695,"[""ring14"",""active"",34]",50.360593929210651,109.37252478831908
912,192153151333618,"[""ring14"",""active"",35]",37.28064106488543,107.60999210648987
913,210943705361219,"[""ring14"",""active"",36]",24.302013800249256,105.21271808937655
914,108143700784386,"[""ring14"",""active"",37]",11.455496005273645,102.18638880609285
915,76865928448142,"[""ring14"",""active"",38]",-1.2284417991361778,98.538182375344888
916,200059509651920,"[""ring14"",""active"",39]",-13.719714713850337,94.27675193972658
917,72724369807386,"[""ring14"",""active"",40]",-25.988694819571563,89.412205141421396
918,167711516952786,"[""ring14"",""active"",41]",-38.006281450986378,83.956080147991656
919,109031202809065,"[""ring14"",""active"",42]",-49.743970220327526,77.921318285120293
920,142206005456204,"[""ring14"",""active"",43]",-61.173920626633446,71.32223334121548
921,80172088093958,"[""ring14"",""active"",44]",-72.269022090340258,64.174477616686346
922,230951571330593,"[""ring14"",""active"",45]",-83.002958256580854,56.495004798415835
923,267854983090524,"[""ring14"",""active"",46]",-93.350269414672027,48.302029747487978
924,262115093678066,"[""ring14"",""active"",47]",-103.28641288573479,39.614985295550127
925,264510882229136,"[""ring14"",""active"",48]",-112.78782123521708,30.45447615228349
926,125975122494763,"[""ring14"",""active"",49]",-121.83195817224538,20.842230033307544
927,154642961588767,"[""ring14"",""active"",50]",-130.39737200321602,10.801046124439949
928,119322581839012,"[""ring14"",""active"",51]",-138.46374651284307,0.35474100454584345
929,123848728733568,"[""ring14"",""active"",52]",-146.01194915197601,-10.471907844755293
930,179482561833507,"[""ring14"",""active"",53]",-153.02407641789256,-21.653220808538862
931,33015343834190,"[""ring14"",""active"",54]",-159.48349631942941,-33.162677047784641
932,126957954850566,"[""ring14"",""active"",55]",-165.37488782622751,-44.972977403876968
933,91554095515787,"[""ring14"",""active"",56]",-170.68427720852327,-57.056109149192366
934,233918787006458,"[""ring14"",""active"",57]",-175.39907118129207,-69.383412430195506
935,93963281763917,"[""ring14"",""active"",58]",-179.50808677412857,-81.925648245444336
936,212226544833028,"[""ring14"",""active"",59]",-183.00157785601749,-94.653067797272072
937,121944945474230,"[""ring14"",""active"",60]",-185.87125825207914,-107.53548305264815
938,244875630498560,"[""ring14"",""active"",61]",-188.11032139746118,-120.54233834585716
939,168307710207132,"[""ring14"",""active"",62]",-189.71345648175804,-133.64278285316229
940,278578927113112,"[""ring14"",""active"",63]",-190.67686104566678,-146.80574376755106
941,48423019669204,"[""ring14"",""active"",64]",-190.99825000000044,-159.99999999999997
942,213564933028245,"[""ring14"",""active"",65]",-190.67686104566678,-173.19425623244899
943,25205538278220,"[""ring14"",""active"",66]",-189.71345648175804,-186.35721714683766
944,153992992233852,"[""ring14"",""active"",67]",-188.11032139746118,-199.45766165414275
945,86422131754859,"[""ring14"",""active"",68]",-185.87125825207914,-212.46451694735177
946,273623864397578,"[""ring14"",""active"",69]",-183.00157785601749,-225.34693220272774
947,249484876394297,"[""ring14"",""active"",70]",-179.50808677412863,-238.07435175455549
948,66858818865940,"[""ring14"",""active"",71]",-175.3990711812921,-250.61658756980444
949,190491352311633,"[""ring14"",""active"",72]",-170.6842772085233,-262.94389085080758
950,110628173690996,"[""ring14"",""active"",73]",-165.37488782622748,-275.02702259612306
951,240500657153407,"[""ring14"",""active"",74]",-159.48349631942943,-286.83732295221529
952,238403072576231,"[""ring14"",""active"",75]",-153.02407641789259,-298.34677919146111
953,102593657771864,"[""ring14"",""active"",76]",-146.01194915197598,-309.52809215524474
954,231658491970914,"[""ring14"",""active"",77]",-138.46374651284313,-320.35474100454582
955,97992445606301,"[""ring15"",""active"",8]",342.48664756014591,-51.27447063874088
956,230829756256160,"[""ring15"",""active"",9]",337.18524670416662,-39.26794228554192
957,43377485708803,"[""ring15"",""active"",10]",331.33499957080448,-27.519062227828442
958,81120339377481,"[""ring15"",""active"",11]",324.94839088226684,-16.052903167731472
959,279364788569901,"[""ring15"",""active"",12]",318.03904998334974,-4.8939344665251951
960,5194909739840,"[""ring15"",""active"",13]",310.62172175572965,5.9340300742228749
961,267305865248056,"[""ring15"",""active"",14]",302.71223515164223,16.407883032504799
962,105954157304361,"[""ring15"",""active"",15]",294.3274694141013,26.505272678275077
963,174576859448037,"[""ring15"",""active"",16]",285.48531805574322,36.204650673169141
964,160207716641544,"[""ring15"",""active"",17]",276.20465067316911,45.485318055743221
965,73520737797048,"[""ring15"",""active"",18]",266.50527267827511,54.32746941410133
966,6713702698585,"[""ring15"",""active"",19]",256.40788303250486,62.712235151642204
967,195301154799590,"[""ring15"",""active"",20]",245.93403007422293,70.621721755729595
968,201669159287225,"[""ring15"",""active"",21]",235.10606553347483,78.03904998334977
969,209990551669753,"[""ring15"",""active"",22]",223.94709683226856,84.948390882266807
970,32571105795623,"[""ring15"",""active"",23]",212.48093777217156,91.334999570804513
971,262300684399781,"[""ring15"",""active"",24]",200.73205771445811,97.185246704166616
972,200861100011056,"[""ring15"",""active"",25]",188.72552936125913,102.48664756014591
973,26128418700104,"[""ring15"",""active"",26]",176.48697524915244,107.22788868215031
974,234574533317925,"[""ring15"",""active"",27]",164.04251306937829,111.39885202268943
975,263796972873561,"[""ring15"",""active"",28]",151.41869993137036,114.99063653579765
976,81482977543357,"[""ring15"",""active"",29]",138.64247568854515,117.99557717231522
977,165450055074352,"[""ring15"",""active"",30]",125.74110544729805,120.40726123748908
978,228344882376100,"[""ring15"",""active"",31]",112.74212138189174,122.22054207598666
979,94268610072374,"[""ring15"",""active"",32]",99.673263979408972,123.43155005511784
980,197372566965640,"[""ring15"",""active"",33]",86.562422840154937,124.03770082282614
981,132585554488954,"[""ring15"",""active"",34]",73.437577159845091,124.03770082282614
982,97263302824896,"[""ring15"",""active"",35]",60.326736020591056,123.43155005511784
983,232469024281685,"[""ring15"",""active"",36]",47.2578786181083,122.22054207598666
984,159699280532894,"[""ring15"",""active"",37]",34.258894552701989,120.40726123748908
985,191122481008251,"[""ring15"",""active"",38]",21.357524311454895,117.99557717231522
986,220089412287740,"[""ring15"",""active"",39]",8.5813000686296732,114.99063653579765
987,276276095719582,"[""ring15"",""active"",40]",-4.0425130693782734,111.39885202268943
988,167553349737317,"[""ring15"",""active"",41]",-16.486975249152451,107.22788868215031
989,253158467848667,"[""ring15"",""active"",42]",-28.725529361259106,102.48664756014591
990,30989953454086,"[""ring15"",""active"",43]",-40.732057714458037,97.185246704166616
991,66403068318291,"[""ring15"",""active"",44]",-52.480937772171586,91.334999570804484
992,57035283632322,"[""ring15"",""active"",45]",-63.947096832268528,84.948390882266864
993,20564325801018,"[""ring15"",""active"",46]",-75.106065533474776,78.039049983349798
994,111532104877773,"[""ring15"",""active"",47]",-85.934030074222932,70.621721755729595
995,66990161067564,"[""ring15"",""active"",48]",-96.407883032504827,62.712235151642204
996,91916441936778,"[""ring15"",""active"",49]",-106.50527267827508,54.327469414101358
997,273418900851785,"[""ring15"",""active"",50]",-116.20465067316908,45.485318055743278
998,92957508625192,"[""ring15"",""active"",51]",-125.48531805574316,36.204650673169198
999,275605062085477,"[""ring15"",""active"",52]",-134.32746941410133,26.505272678275105
1000,130013491045549,"[""ring15"",""active"",53]",-142.71223515164218,16.407883032504856
1001,119163007092565,"[""ring15"",""active"",54]",-150.62172175572957,5.9340300742229601
1002,191958207238798,"[""ring15"",""active"",55]",-158.03904998334977,-4.8939344665251951
1003,106294614914250,"[""ring15"",""active"",56]",-164.94839088226681,-16.052903167731444
1004,196740456360525,"[""ring15"",""active"",57]",-171.33499957080451,-27.519062227828499
1005,111219419266340,"[""ring15"",""active"",58]",-177.18524670416662,-39.26794228554192
1006,130464597535559,"[""ring15"",""active"",59]",-182.48664756014591,-51.274470638740837
1007,199716584153140,"[""ring15"",""active"",60]",-187.22788868215036,-63.513024750847606
1008,182892645988234,"[""ring15"",""active"",61]",-191.39885202268937,-75.957486930621684
1009,221054123772071,"[""ring15"",""active"",62]",-194.99063653579759,-88.58130006862956
1010,3324005652176,"[""ring15"",""active"",63]",-197.99557717231522,-101.35752431145485
1011,46892702591934,"[""ring15"",""active"",64]",-200.40726123748902,-114.25889455270188
1012,121264571975823,"[""ring15"",""active"",65]",-202.22054207598666,-127.25787861810824
1013,264643561389576,"[""ring15"",""active"",66]",-203.43155005511784,-140.326736020591
1014,6104868983332,"[""ring15"",""active"",67]",-204.03770082282614,-153.43757715984498
1015,137290986780193,"[""ring15"",""active"",68]",-204.03770082282614,-166.56242284015494
1016,91204338331379,"[""ring15"",""active"",69]",-203.43155005511784,-179.67326397940892
1017,150304764922938,"[""ring15"",""active"",70]",-202.22054207598666,-192.74212138189168
1018,52830853654258,"[""ring15"",""active"",71]",-200.40726123748908,-205.74110544729805
1019,99525184265806,"[""ring15"",""active"",72]",-197.99557717231522,-218.64247568854509
1020,228315376663278,"[""ring15"",""active"",73]",-194.99063653579765,-231.41869993137036
1021,114321155340225,"[""ring15"",""active"",74]",-191.39885202268943,-244.04251306937826
1022,39233505499888,"[""ring15"",""active"",75]",-187.22788868215036,-256.48697524915235
1023,22726234347156,"[""ring15"",""active"",76]",-182.48664756014597,-268.72552936125908
1024,262613881902835,"[""ring15"",""active"",77]",-177.18524670416662,-280.73205771445805
1025,66265991293552,"[""ring15"",""active"",78]",-171.33499957080454,-292.48093777217144
1026,229075944153635,"[""ring15"",""active"",79]",-164.94839088226686,-303.94709683226853
1027,103723275366416,"[""ring16"",""active"",10]",345.7225286134115,-26.821669878851793
1028,135248353464592,"[""ring16"",""active"",11]",339.57152319680341,-15.198224555587132
1029,273325127549535,"[""ring16"",""active"",12]",332.91239433404519,-3.8582355076539443
1030,228939531969834,"[""ring16"",""active"",13]",325.75817758259871,7.1760987038599922
1031,136619400440251,"[""ring16"",""active"",14]",318.1228776577172,17.883177851562721
1032,19320977857301,"[""ring16"",""active"",15]",310.02144101755789,28.24204232521754
1033,137174363616339,"[""ring16"",""active"",16]",301.46972660478764,38.232414161164542
1034,116954962661799,"[""ring16"",""active"",17]",292.48447480195853,47.834736737386379
1035,142161348478028,"[""ring16"",""active"",18]",283.08327466142231,57.03021305651464
1036,50842970292472,"[""ring16"",""active"",19]",273.28452947393515,65.80084254183447
1037,267570022784505,"[""ring16"",""active"",20]",263.1074207433511,74.129456274259184
1038,13864981062684,"[""ring16"",""active"",21]",252.5718706379277,81.999750601295432
1039,130420148558664,"[""ring16"",""active"",22]",241.69850299174638,89.396319052208554
1040,55930330310476,"[""ring16"",""active"",23]",230.50860293258853,96.304682496912733
1041,73577390635375,"[""ring16"",""active"",24]",219.0240752152983,102.71131748954764
1042,149399166553063,"[""ring16"",""active"",25]",207.26740134219611,108.60368274125955
1043,279402197812434,"[""ring16"",""active"",26]",195.26159555448268,113.97024367036232
1044,264334776305930,"[""ring16"",""active"",27]",183.03015978078074,118.80049498182319
1045,196885275650974,"[""ring16"",""active"",28]",170.59703763100623,123.08498123187121
1046,42941508145883,"[""ring16"",""active"",29]",157.98656752562727,126.81531533747221
1047,115921171693836,"[""ring16"",""active"",30]",145.22343505206368,129.9841949944377
1048,99080569954259,"[""ring16"",""active"",31]",132.33262464148962,132.5854169720285
1049,154937969768674,"[""ring16"",""active"",32]",119.33937066063712,134.61388925606991
1050,225736060795511,"[""ring16"",""active"",33]",106.26910801433742,136.0656410168088
1051,157898677119004,"[""ring16"",""active"",34]",93.14742235550095,136.93783038199916
1052,59551296272313,"[""ring16"",""active"",35]",80.000000000000014,137.22875000000056
1053,274313755171394,"[""ring16"",""active"",36]",66.852577644499078,136.93783038199916
1054,82259964132185,"[""ring16"",""active"",37]",53.730891985662623,136.0656410168088
1055,89028808034281,"[""ring16"",""active"",38]",40.66062933936292,134.61388925606991
1056,71214580142678,"[""ring16"",""active"",39]",27.667375358510341,132.5854169720285
1057,209832996406320,"[""ring16"",""active"",40]",14.776564947936436,129.9841949944377
1058,245758326240794,"[""ring16"",""active"",41]",2.0134324743726779,126.81531533747221
1059,224307788764112,"[""ring16"",""active"",42]",-10.597037631006174,123.08498123187121
1060,444633846910,"[""ring16"",""active"",43]",-23.030159780780679,118.80049498182325
1061,32576038785920,"[""ring16"",""active"",44]",-35.26159555448271,113.97024367036232
1062,33234973475922,"[""ring16"",""active"",45]",-47.267401342196081,108.60368274125955
1063,238501059863328,"[""ring16"",""active"",46]",-59.024075215298211,102.7113174895477
1064,14330179294251,"[""ring16"",""active"",47]",-70.508602932588616,96.304682496912619
1065,108102254257362,"[""ring16"",""active"",48]",-81.698502991746324,89.396319052208611
1066,16631441601829,"[""ring16"",""active"",49]",-92.571870637927674,81.999750601295432
1067,234907186680731,"[""ring16"",""active"",50]",-103.10742074335099,74.129456274259212
1068,179552535594046,"[""ring16"",""active"",51]",-113.28452947393507,65.800842541834555
1069,258165220027317,"[""ring16"",""active"",52]",-123.08327466142231,57.03021305651464
1070,155003283069244,"[""ring16"",""active"",53]",-132.48447480195841,47.834736737386436
1071,7335489149434,"[""ring16"",""active"",54]",-141.46972660478755,38.23241416116457
1072,87164892262637,"[""ring16"",""active"",55]",-150.02144101755786,28.24204232521754
1073,248931544040157,"[""ring16"",""active"",56]",-158.1228776577172,17.883177851562721
1074,272615998927664,"[""ring16"",""active"",57]",-165.75817758259871,7.1760987038599069
1075,94315279257914,"[""ring16"",""active"",58]",-172.91239433404522,-3.8582355076539727
1076,190751843800270,"[""ring16"",""active"",59]",-179.57152319680335,-15.198224555587018
1077,176357689890001,"[""ring16"",""active"",60]",-185.7225286134115,-26.821669878851736
1078,270298400263533,"[""ring16"",""active"",61]",-191.35336970191486,-38.705818037389932
1079,257840753784473,"[""ring16"",""active"",62]",-196.45302382645809,-50.827405253101105
1080,209845167553271,"[""ring16"",""active"",63]",-201.01150817461257,-63.162702949780282
1081,77772483715893,"[""ring16"",""active"",64]",-205.01989929919989,-75.687564202919702
1082,148848413995031,"[""ring16"",""active"",65]",-208.47035058635953,-88.377471008448481
1083,5015204120109,"[""ring16"",""active"",66]",-211.35610761566352,-101.20758227787583
1084,192847377889347,"[""ring16"",""active"",67]",-213.67152138221161,-114.15278246588929
1085,178399702431466,"[""ring16"",""active"",68]",-215.4120593548239,-127.18773073521365
1086,24408035345326,"[""ring16"",""active"",69]",-216.57431434868317,-140.28691056248957
1087,37622008485791,"[""ring16"",""active"",70]",-217.15601119505948,-153.42467968806704
1088,32406834867674,"[""ring16"",""active"",71]",-217.15601119505948,-166.57532031193276
1089,151002547788672,"[""ring16"",""active"",72]",-216.57431434868317,-179.71308943751035
1090,238959383580873,"[""ring16"",""active"",73]",-215.4120593548239,-192.81226926478644
1091,141409688199073,"[""ring16"",""active"",74]",-213.67152138221161,-205.84721753411065
1092,10321860085575,"[""ring16"",""active"",75]",-211.35610761566352,-218.7924177221241
1093,224933793133217,"[""ring16"",""active"",76]",-208.47035058635953,-231.62252899155158
1094,217216644954539,"[""ring16"",""active"",77]",-205.01989929919995,-244.31243579708024
1095,131817295067948,"[""ring16"",""active"",78]",-201.01150817461257,-256.83729705021966
1096,131447070494517,"[""ring16"",""active"",79]",-196.45302382645815,-269.17259474689882
1097,140870330439689,"[""ring16"",""active"",80]",-191.35336970191486,-281.29418196260997
1098,209720119376888,"[""ring16"",""active"",81]",-185.72252861341155,-293.17833012114806
1099,30958100787413,"[""ring17"",""active"",12]",347.66112504991855,-2.9302050901821701
1100,201247811876415,"[""ring17"",""active"",13]",340.75372224881073,8.2881299123335737
1101,143384296230983,"[""ring17"",""active"",14]",333.37642361570028,19.20319833004541
1102,248604990759548,"[""ring17"",""active"",15]",325.54252354136042,29.795330471908159
1103,237911829236964,"[""ring17"",""active"",16]",317.26613924322351,40.04543859987325
1104,108597255970984,"[""ring17"",""active"",17]",308.5621853252008,49.935051326282689
1105,23798040952883,"[""ring17"",""active"",18]",299.44634690055835,59.446346900558353
1106,110316593108706,"[""ring17"",""active"",19]",289.93505132628269,68.562185325200772
1107,185556115726987,"[""ring17"",""active"",20]",280.04543859987325,77.266139243223535
1108,90738966461833,"[""ring17"",""active"",21]",269.79533047190819,85.542523541360424
1109,8346490300935,"[""ring17"",""active"",22]",259.20319833004544,93.376423615700276
1110,234128383958195,"[""ring17"",""active"",23]",248.28812991233357,100.75372224881073
1111,28859929127715,"[""ring17"",""active"",24]",237.06979490981786,107.66112504991855
1112,23726128480770,"[""ring17"",""active"",25]",225.56840952042708,114.08618441230055
1113,271409770005992,"[""ring17"",""active"",26]",213.80470001801896,120.01732194471174
1114,22478568156834,"[""ring17"",""active"",27]",201.79986540223354,125.44384933642937
1115,211153487037457,"[""ring17"",""active"",28]",189.57553919646276,130.35598761831113
1116,36648644039662,"[""ring17"",""active"",29]",177.15375046277939,134.74488478515855
1117,257938817487333,"[""ring17"",""active"",30]",164.55688410407825,138.60263174762855
1118,268477681315656,"[""ring17"",""active"",31]",151.80764052496784,141.92227658494721
1119,197023921387560,"[""ring17"",""active"",32]",138.92899472410738,144.69783707274081
1120,221087366691279,"[""ring17"",""active"",33]",125.94415489170576,146.9243114634084
1121,5622303700049,"[""ring17"",""active"",34]",112.87652058679453,148.59768749960921
1122,35400039421816,"[""ring17"",""active"",35]",99.749640569640931,149.71494964462141
1123,159025315117172,"[""ring17"",""active"",36]",86.587170365290106,150.27408451654327
1124,171344980200586,"[""ring17"",""active"",37]",73.412829634709922,150.27408451654327
1125,92313167300311,"[""ring17"",""active"",38]",60.250359430359111,149.71494964462141
1126,224644992062927,"[""ring17"",""active"",39]",47.123479413205501,148.59768749960921
1127,32131299766892,"[""ring17"",""active"",40]",34.055845108294335,146.92431146340846
1128,72172651845139,"[""ring17"",""active"",41]",21.071005275892588,144.69783707274081
1129,187894532517525,"[""ring17"",""active"",42]",8.1923594750321058,141.92227658494721
1130,122817225486272,"[""ring17"",""active"",43]",-4.5568841040781933,138.60263174762855
1131,71700088228001,"[""ring17"",""active"",44]",-17.153750462779371,134.74488478515855
1132,107023919264082,"[""ring17"",""active"",45]",-29.575539196462671,130.35598761831113
1133,141831917306643,"[""ring17"",""active"",46]",-41.799865402233422,125.44384933642937
1134,219614657588130,"[""ring17"",""active"",47]",-53.804700018018991,120.01732194471174
1135,153750100346813,"[""ring17"",""active"",48]",-65.568409520426997,114.08618441230055
1136,247721869966835,"[""ring17"",""active"",49]",-77.069794909817915,107.66112504991855
1137,218465199506569,"[""ring17"",""active"",50]",-88.288129912333545,100.75372224881073
1138,236871194085760,"[""ring17"",""active"",51]",-99.20319833004541,93.376423615700276
1139,96106580541926,"[""ring17"",""active"",52]",-109.79533047190819,85.542523541360424
1140,63970671960349,"[""ring17"",""active"",53]",-120.04543859987319,77.266139243223563
1141,33902868893571,"[""ring17"",""active"",54]",-129.93505132628266,68.562185325200858
1142,232869216563541,"[""ring17"",""active"",55]",-139.44634690055832,59.446346900558353
1143,148247924972767,"[""ring17"",""active"",56]",-148.56218532520077,49.935051326282689
1144,158256827859760,"[""ring17"",""active"",57]",-157.26613924322356,40.045438599873222
1145,147922613123157,"[""ring17"",""active"",58]",-165.5425235413604,29.795330471908215
1146,50814025232388,"[""ring17"",""active"",59]",-173.37642361570025,19.203198330045439
1147,135727687250940,"[""ring17"",""active"",60]",-180.75372224881067,8.2881299123336021
1148,167028907175436,"[""ring17"",""active"",61]",-187.66112504991855,-2.9302050901821701
1149,43485611768770,"[""ring17"",""active"",62]",-194.0861844123005,-14.431590479572833
1150,82635219630128,"[""ring17"",""active"",63]",-200.01732194471168,-26.195299981980952
1151,156989152467440,"[""ring17"",""active"",64]",-205.44384933642937,-38.20013459776645
1152,178215120521680,"[""ring17"",""active"",65]",-210.35598761831113,-50.424460803537272
1153,82010388378724,"[""ring17"",""active"",66]",-214.74488478515855,-62.846249537220643
1154,219404492720106,"[""ring17"",""active"",67]",-218.60263174762855,-75.443115895921665
1155,108605301621107,"[""ring17"",""active"",68]",-221.92227658494721,-88.192359475032063
1156,24092907508848,"[""ring17"",""active"",69]",-224.69783707274081,-101.0710052758926
1157,238937182268067,"[""ring17"",""active"",70]",-226.9243114634084,-114.05584510829415
1158,44209357611909,"[""ring17"",""active"",71]",-228.59768749960921,-127.12347941320552
1159,185626620875155,"[""ring17"",""active"",72]",-229.71494964462141,-140.25035943035897
1160,144131097326950,"[""ring17"",""active"",73]",-230.27408451654327,-153.41282963470988
1161,143793068460306,"[""ring17"",""active"",74]",-230.27408451654327,-166.58717036529006
1162,247738519839330,"[""ring17"",""active"",75]",-229.71494964462141,-179.7496405696408
1163,83298141352093,"[""ring17"",""active"",76]",-228.59768749960921,-192.87652058679456
1164,221388406430441,"[""ring17"",""active"",77]",-226.92431146340846,-205.94415489170564
1165,114729982555594,"[""ring17"",""active"",78]",-224.69783707274081,-218.92899472410733
1166,135528691957711,"[""ring17"",""active"",79]",-221.92227658494721,-231.80764052496787
1167,248627043291406,"[""ring17"",""active"",80]",-218.60263174762855,-244.55688410407811
1168,56244365122025,"[""ring17"",""active"",81]",-214.74488478515855,-257.15375046277927
1169,210946985406917,"[""ring17"",""active"",82]",-210.35598761831125,-269.5755391964625
1170,241281173893893,"[""ring17"",""active"",83]",-205.44384933642931,-281.79986540223359
1171,45627480635122,"[""ring18"",""active"",14]",348.48741830972159,20.389557957059964
1172,157516067797918,"[""ring18"",""active"",15]",340.90614789489013,31.190659816876689
1173,39262183685514,"[""ring18"",""active"",16]",332.89062494549762,41.673543691874954
1174,102511923753351,"[""ring18"",""active"",17]",324.45419050844816,51.820761856391869
1175,185400548692230,"[""ring18"",""active"",18]",315.61088619627748,61.615425267213112
1176,120160480246547,"[""ring18"",""active"",19]",306.3754308162749,71.041231673718499
1177,206709256324027,"[""ring18"",""active"",20]",296.76319587248111,80.082492751369358
1178,110112206687254,"[""ring18"",""active"",21]",286.79017998133645,88.724160213376564
1179,116048700908079,"[""ring18"",""active"",22]",276.47298224356325,96.951850857088402
1180,57082595673925,"[""ring18"",""active"",23]",265.82877461660036,104.75187050341248
1181,165592498746466,"[""ring18"",""active"",24]",254.87527333357491,112.11123678942477
1182,64066666316926,"[""ring18"",""active"",25]",243.63070941638051,119.01770077623206
1183,211214046366219,"[""ring18"",""active"",26]",232.11379833194073,125.4597673361215
1184,33930819274805,"[""ring18"",""active"",27]",220.34370884216133,131.42671428506617
1185,231046789370253,"[""ring18"",""active"",28]",208.34003109941764,136.9086102287427
1186,166126953148753,"[""ring18"",""active"",29]",196.12274404067961,141.89633109235649
1187,123197998121212,"[""ring18"",""active"",30]",183.71218213454262,146.38157530676415
1188,20760280086707,"[""ring18"",""active"",31]",171.1290015365114,150.35687762561577
1189,102876901691900,"[""ring18"",""active"",32]",158.39414570886782,153.81562155052086
1190,51205666606287,"[""ring18"",""active"",33]",145.52881056234463,156.75205034355702
1191,278351613325182,"[""ring18"",""active"",34]",132.55440917762408,159.16127660879192
1192,214993254887475,"[""ring18"",""active"",35]",119.49253616537817,161.03929042687167
1193,115614104738572,"[""ring18"",""active"",36]",106.36493172417049,162.38296602913556
1194,253931963245466,"[""ring18"",""active"",37]",93.193445456040976,163.19006700014995
1195,169345275459016,"[""ring18"",""active"",38]",80.000000000000014,163.45925000000068
1196,186816254639434,"[""ring18"",""active"",39]",66.806554543959052,163.19006700014995
1197,13293680560939,"[""ring18"",""active"",40]",53.635068275829617,162.38296602913556
1198,7434663066545,"[""ring18"",""active"",41]",40.507463834621802,161.03929042687162
1199,175362438616906,"[""ring18"",""active"",42]",27.445590822375955,159.16127660879198
1200,49667682937252,"[""ring18"",""active"",43]",14.471189437655397,156.75205034355702
1201,236690274872400,"[""ring18"",""active"",44]",1.6058542911322036,153.81562155052086
1202,205901654929942,"[""ring18"",""active"",45]",-11.129001536511396,150.35687762561577
1203,133038285563845,"[""ring18"",""active"",46]",-23.712182134542573,146.38157530676415
1204,97557644461165,"[""ring18"",""active"",47]",-36.122744040679649,141.89633109235649
1205,116287721881500,"[""ring18"",""active"",48]",-48.340031099417615,136.9086102287427
1206,123803214053936,"[""ring18"",""active"",49]",-60.343708842161277,131.42671428506617
1207,228958550534608,"[""ring18"",""active"",50]",-72.1137983319407,125.4597673361215
1208,222332739817851,"[""ring18"",""active"",51]",-83.630709416380483,119.01770077623212
1209,145186145822296,"[""ring18"",""active"",52]",-94.875273333574853,112.11123678942477
1210,190595490196150,"[""ring18"",""active"",53]",-105.82877461660036,104.75187050341248
1211,100727241466520,"[""ring18"",""active"",54]",-116.47298224356317,96.951850857088459
1212,129661906765590,"[""ring18"",""active"",55]",-126.79017998133648,88.724160213376535
1213,234850321170973,"[""ring18"",""active"",56]",-136.76319587248105,80.082492751369443
1214,73234966483171,"[""ring18"",""active"",57]",-146.37543081627499,71.041231673718471
1215,252365840156568,"[""ring18"",""active"",58]",-155.61088619627745,61.615425267213141
1216,87153313961211,"[""ring18"",""active"",59]",-164.45419050844808,51.820761856391954
1217,142409163373394,"[""ring18"",""active"",60]",-172.89062494549756,41.673543691875011
1218,48128680187867,"[""ring18"",""active"",61]",-180.90614789489007,31.190659816876718
1219,44462215873291,"[""ring18"",""active"",62]",-188.48741830972153,20.389557957060106
1220,60710795197036,"[""ring18"",""active"",63]",-195.62181791357591,9.2882154805186872
1221,14029063300297,"[""ring18"",""active"",64]",-202.29747220240034,-2.0948905237770248
1222,66410244609533,"[""ring18"",""active"",65]",-208.50327020844594,-13.74081399927266
1223,91673403325969,"[""ring18"",""active"",66]",-214.22888299337666,-25.630171455669313
1224,59860204061184,"[""ring18"",""active"",67]",-219.46478083976774,-37.743174230831613
1225,162944862596564,"[""ring18"",""active"",68]",-224.20224911238063,-50.059661427062807
1226,150477590376457,"[""ring18"",""active"",69]",-228.43340276281202,-62.559133466928103
1227,65527687264022,"[""ring18"",""active"",70]",-232.15119945337995,-75.220786212779984
1228,249390348373101,"[""ring18"",""active"",71]",-235.34945127839921,-88.023545593190832
1229,262921644860004,"[""ring18"",""active"",72]",-238.02283506333981,-100.94610267866555
1230,251842229762754,"[""ring18"",""active"",73]",-240.16690122472573,-113.96694914825179
1231,144017493423444,"[""ring18"",""active"",74]",-241.77808117602757,-127.06441308801737
1232,100377099933099,"[""ring18"",""active"",75]",-242.85369326722224,-140.2166950618122
1233,147427115862132,"[""ring18"",""active"",76]",-243.39194724813524,-153.40190439427909
1234,162052305224799,"[""ring18"",""active"",77]",-243.39194724813524,-166.59809560572083
1235,177328063126791,"[""ring18"",""active"",78]",-242.85369326722224,-179.78330493818757
1236,201306233856411,"[""ring18"",""active"",79]",-241.77808117602757,-192.93558691198257
1237,159810078970497,"[""ring18"",""active"",80]",-240.16690122472579,-206.03305085174813
1238,26286432051957,"[""ring18"",""active"",81]",-238.02283506333981,-219.05389732133438
1239,106877602394727,"[""ring18"",""active"",82]",-235.34945127839921,-231.97645440680895
1240,102794912343445,"[""ring18"",""active"",83]",-232.15119945337995,-244.77921378721993
1241,246876766591778,"[""ring18"",""active"",84]",-228.43340276281202,-257.44086653307181
1242,25519697885984,"[""ring19"",""active"",17]",341.08463981319534,52.408109317569512
1243,35693125326166,"[""ring19"",""active"",18]",332.59851144751485,62.432879909311509
1244,254271760492824,"[""ring19"",""active"",19]",323.72771721536276,72.11892191555313
1245,15342883159364,"[""ring19"",""active"",20]",314.48576587310515,81.451485092044521
1246,140087184077929,"[""ring19"",""active"",21]",304.88673138816404,90.416357484486724
1247,133516759985974,"[""ring19"",""active"",22]",294.94523150668635,98.999887070993736
1248,25664232707452,"[""ring19"",""active"",23]",284.67640549312796,107.18900255186998
1249,87560163203732,"[""ring19"",""active"",24]",274.0958910756508,114.97123325504361
1250,93188402482093,"[""ring19"",""active"",25]",263.21980063244268,122.33472812684317
1251,105712438482977,"[""ring19"",""active"",26]",252.06469665522297,129.26827377919722
1252,95390922516384,"[""ring19"",""active"",27]",240.64756652729955,135.76131156577486
1253,11752238171204,"[""ring19"",""active"",28]",228.98579665458649,141.80395366106239
1254,156410186679370,"[""ring19"",""active"",29]",217.09714598897514,147.3869981178907
1255,226620961609507,"[""ring19"",""active"",30]",204.99971898438054,152.50194288048255
1256,204503545529657,"[""ring19"",""active"",31]",192.71193802664379,157.14099873168163
1257,200890586498772,"[""ring19"",""active"",32]",180.25251537927778,161.29710115464496
1258,152803476474171,"[""ring19"",""active"",33]",167.64042468777572,164.96392109093711
1259,272708853521373,"[""ring19"",""active"",34]",154.89487208587974,168.1358745786419
1260,265837752506308,"[""ring19"",""active"",35]",142.03526694780635,170.80813125581557
1261,19477370167863,"[""ring19"",""active"",36]",129.08119233097199,172.97662171633107
1262,38289667248126,"[""ring19"",""active"",37]",116.05237515422587,174.63804370691247
1263,245276864947409,"[""ring19"",""active"",38]",102.96865615700752,175.78986715592185
1264,128528741801345,"[""ring19"",""active"",39]",89.849959685172635,176.43033802624132
1265,209397250092406,"[""ring19"",""active"",40]",76.71626334950129,176.55848098638171
1266,186912821600874,"[""ring19"",""active"",41]",63.587567603091813,176.17410089575225
1267,139553662965706,"[""ring19"",""active"",42]",50.483865283970204,175.27778310182691
1268,93806919789147,"[""ring19"",""active"",43]",37.425111169295207,173.87089254875696
1269,163644871786656,"[""ring19"",""active"",44]",24.431191587524197,171.95557169878629
1270,137172614678648,"[""ring19"",""active"",45]",11.521894134816208,169.53473726963472
1271,32485782020197,"[""ring19"",""active"",46]",-1.2831224582144785,166.6120757928179
1272,152875726376527,"[""ring19"",""active"",47]",-13.964358263501325,163.19203799966806
1273,244155150709629,"[""ring19"",""active"",48]",-26.502501850699574,159.27983204360436
1274,73235561139386,"[""ring19"",""active"",49]",-38.878459695309658,154.88141556897438
1275,130226342297397,"[""ring19"",""active"",50]",-51.073385254964904,150.00348663854419
1276,12290890876818,"[""ring19"",""active"",51]",-63.068707669607278,144.65347353345396
1277,207502900180019,"[""ring19"",""active"",52]",-74.846160041844001,138.83952344117091
1278,115215119629411,"[""ring19"",""active"",53]",-86.387807254418504,132.57049004866673
1279,41657173831006,"[""ring19"",""active"",54]",-97.676073282436164,125.85592005971273
1280,268654797521524,"[""ring19"",""active"",55]",-108.69376795875112,118.70603865682477
1281,34723539270648,"[""ring19"",""active"",56]",-119.42411315175463,111.13173392999698
1282,160236057663466,"[""ring19"",""active"",57]",-129.85076831570277,103.14454029593651
1283,9247724698969,"[""ring19"",""active"",58]",-139.95785537467142,94.756620933049788
1284,99675956044625,"[""ring19"",""active"",59]",-149.72998290224734,85.980749258928057
1285,170954525565605,"[""ring19"",""active"",60]",-159.15226956013169,76.830289478539044
1286,32464463123110,"[""ring19"",""active"",61]",-168.21036675996316,67.319176232747878
1287,60188997605917,"[""ring19"",""active"",62]",-176.8904805138518,57.461893378156788
1288,4210324774030,"[""ring19"",""active"",63]",-185.17939244034676,47.273451930581416
1289,248007543782829,"[""ring19"",""active"",64]",-193.06447989385111,36.769367205749489
1290,203505867274245,"[""ring19"",""active"",65]",-200.53373518682901,25.96563519203383
1291,50282950338760,"[""ring19"",""active"",66]",-207.57578387553275,14.878708191201383
1292,126918555497847,"[""ring19"",""active"",67]",-214.17990208140492,3.5254697642710653
1293,64567352066092,"[""ring19"",""active"",68]",-220.33603282177609,-8.076790979365029
1294,35410024593946,"[""ring19"",""active"",69]",-226.03480132499061,-19.910405710402557
1295,240389882602176,"[""ring19"",""active"",70]",-231.26752930663775,-31.957353785576998
1296,190560676712574,"[""ring19"",""active"",71]",-236.02624818514693,-44.199289690129987
1297,274949299100779,"[""ring19"",""active"",72]",-240.30371121662301,-56.617570975002437
1298,123329586181351,"[""ring19"",""active"",73]",-244.09340453044257,-69.193286646209941
1299,185162908392774,"[""ring19"",""active"",74]",-247.38955704880351,-81.907285963166075
1300,207665246418798,"[""ring19"",""active"",75]",-250.18714927512525,-94.740207602102657
1301,54063286344905,"[""ring19"",""active"",76]",-252.48192093791357,-107.67250914017106
1302,154833855350422,"[""ring19"",""active"",77]",-254.27037747845179,-120.68449681532911
1303,50713802602784,"[""ring19"",""active"",78]",-255.5497953724369,-133.75635551669245
1304,32112557538704,"[""ring19"",""active"",79]",-256.31822627745811,-146.86817895967991
1305,153387489493047,"[""ring19"",""active"",80]",-256.57450000000074,-159.99999999999997
1306,172892419274941,"[""ring19"",""active"",81]",-256.31822627745811,-173.13182104032003
1307,270735859433160,"[""ring19"",""active"",82]",-255.5497953724369,-186.24364448330715
1308,132312952946540,"[""ring19"",""active"",83]",-254.27037747845179,-199.31550318467083
1309,65659170498141,"[""ring19"",""active"",84]",-252.48192093791357,-212.32749085982903
1310,17336838421526,"[""ring19"",""active"",85]",-250.18714927512525,-225.25979239789726
1311,131659654320323,"[""ring19"",""active"",86]",-247.38955704880357,-238.09271403683368
1312,229630225059637,"[""ring19"",""active"",87]",-244.09340453044263,-250.80671335378997
1313,169889807896768,"[""ring20"",""active"",19]",339.72335153581992,74.151023747631655
1314,66342759838077,"[""ring20"",""active"",20]",330.73195883660105,83.754807281875117
1315,169736278969944,"[""ring20"",""active"",21]",321.38568308755475,93.013583144102455
1316,32796543426627,"[""ring20"",""active"",22]",311.6977528968639,101.91424657243601
1317,68332999914388,"[""ring20"",""active"",23]",301.68188044636827,110.4441996731029
1318,194588380487749,"[""ring20"",""active"",24]",291.35224208350434,118.59136925134425
1319,98954439059017,"[""ring20"",""active"",25]",280.72345825627087,126.34422389967312
1320,105731197563646,"[""ring20"",""active"",26]",269.81057281962001,133.69179031929167
1321,192113044057481,"[""ring20"",""active"",27]",258.62903174256235,140.62366885156888
1322,267354279475119,"[""ring20"",""active"",28]",247.19466124612535,147.13004819759408
1323,231516307735255,"[""ring20"",""active"",29]",235.52364540310714,153.20171930497389
1324,172206806907177,"[""ring20"",""active"",30]",223.63250323133124,158.83008840221572
1325,149507773042685,"[""ring20"",""active"",31]",211.53806531282416,164.00718916225031
1326,200156666146780,"[""ring20"",""active"",32]",199.25744997200837,168.7256939778772
1327,18611197678508,"[""ring20"",""active"",33]",186.80803904662864,172.97892433317293
1328,177718223928633,"[""ring20"",""active"",34]",174.2074532857041,176.76086025618378
1329,256455196178599,"[""ring20"",""active"",35]",161.47352740932871,180.06614883952273
1330,235323863538756,"[""ring20"",""active"",36]",148.62428486561922,182.89011181681138
1331,15943802155415,"[""ring20"",""active"",37]",135.67791232053952,185.22875218424286
1332,185280901634515,"[""ring20"",""active"",38]",122.65273391670925,187.07875985789371
1333,79836920781692,"[""ring20"",""active"",39]",109.5671853376286,188.43751635877754
1334,106353068916056,"[""ring20"",""active"",40]",96.439787714030075,189.30309851900927
1335,137382016993202,"[""ring20"",""active"",41]",83.28912140928864,189.67428120383408
1336,124080633610874,"[""ring20"",""active"",42]",70.133799720995938,189.55053904566881
1337,72798260696514,"[""ring20"",""active"",43]",56.992442535918023,188.93204718770107
1338,53669186850719,"[""ring20"",""active"",44]",43.883649975628174,187.81968103599331
1339,81721533174650,"[""ring20"",""active"",45]",30.82597607011521,186.21501502044384
1340,188361387199280,"[""ring20"",""active"",46]",17.837902496628168,184.12032036635725
1341,269629187836502,"[""ring20"",""active"",47]",4.9378124209288927,181.53856187977868
1342,70877225213662,"[""ring20"",""active"",48]",-7.8560355220226796,178.47339375114279
1343,224518187708682,"[""ring20"",""active"",49]",-20.525533071125693,174.92915438317561
1344,55892366820952,"[""ring20"",""active"",50]",-33.052747969355764,170.91086025037072
1345,102521658914127,"[""ring20"",""active"",51]",-45.419949344870659,166.42419879873052
1346,56062407163641,"[""ring20"",""active"",52]",-57.60963280707611,161.47552039582229
1347,137664004298440,"[""ring20"",""active"",53]",-69.604545222133027,156.07182934254331
1348,61579366192012,"[""ring20"",""active"",54]",-81.387709132839603,150.22077395931598
1349,1950715800013,"[""ring20"",""active"",55]",-92.942446788323565,143.93063576074542
1350,79442100847761,"[""ring20"",""active"",56]",-104.25240374953287,137.21031773406219
1351,141739552123550,"[""ring20"",""active"",57]",-115.30157203711633,130.06933173793834
1352,66207696425752,"[""ring20"",""active"",58]",-126.07431278892716,122.51778503951653
1353,152948188147364,"[""ring20"",""active"",59]",-136.55537839508472,114.5663660087024
1354,191647137491667,"[""ring20"",""active"",60]",-146.72993407926054,106.22632898997279
1355,58280605015421,"[""ring20"",""active"",61]",-156.58357889564525,97.509478373109687
1356,104286687855580,"[""ring20"",""active"",62]",-166.10236611187753,88.428151885406209
1357,52556045685329,"[""ring20"",""active"",63]",-175.2728229490838,78.995203128993296
1358,176751109349285,"[""ring20"",""active"",64]",-184.08196965109005,69.223983388003745
1359,151869936480162,"[""ring20"",""active"",65]",-192.5173378558157,59.128322731321646
1360,159404042683435,"[""ring20"",""active"",66]",-200.5669882428453,48.722510437667381
1361,58318370150846,"[""ring20"",""active"",67]",-208.21952743220197,38.021274770720652
1362,230169472788567,"[""ring20"",""active"",68]",-215.46412411040245,27.039762132910624
1363,33426951964673,"[""ring20"",""active"",69]",-222.29052436096993,15.793515627377161
1364,125406603809863,"[""ring20"",""active"",70]",-228.68906617770682,4.2984530584460572
1365,41483773868676,"[""ring20"",""active"",71]",-234.65069314018348,-7.4291555982429429
1366,139662029704486,"[""ring20"",""active"",72]",-240.16696723208867,-19.372711224066734
1367,111518255249667,"[""ring20"",""active"",73]",-245.23008078429848,-31.515309051616015
1368,228794599588889,"[""ring20"",""active"",74]",-249.83286752575839,-43.839762591502179
1369,128228961783974,"[""ring20"",""active"",75]",-253.96881272653894,-56.328627957912033
1370,98361663629905,"[""ring20"",""active"",76]",-257.63206241870733,-68.964228558477245
1371,168827426811671,"[""ring20"",""active"",77]",-260.81743168196425,-81.72868011351359
1372,8014908708169,"[""ring20"",""active"",78]",-263.5204119823191,-94.603915969220054
1373,28451691466524,"[""ring20"",""active"",79]",-265.73717755341522,-107.57171266900581
1374,223310813535360,"[""ring20"",""active"",80]",-267.46459081147498,-120.61371574675636
1375,75216244663238,"[""ring20"",""active"",81]",-268.70020679619813,-133.71146570552668
1376,216093050985634,"[""ring20"",""active"",82]",-269.44227663133017,-146.84642414489599
1377,119764513011608,"[""ring20"",""active"",83]",-269.6897500000008,-160.00000000000011
1378,120012735270283,"[""ring20"",""active"",84]",-269.44227663133017,-173.15357585510392
1379,218373099640218,"[""ring20"",""active"",85]",-268.70020679619819,-186.28853429447324
1380,28249106700817,"[""ring20"",""active"",86]",-267.46459081147503,-199.38628425324356
1381,268156658804848,"[""ring20"",""active"",87]",-265.73717755341528,-212.42828733099395
1382,124818957030180,"[""ring20"",""active"",88]",-263.52041198231905,-225.39608403078
1383,63523999754764,"[""ring21"",""active"",22]",328.26104229745988,104.56364622218871
1384,135574700611258,"[""ring21"",""active"",23]",318.49075136840617,113.40378478860475
1385,183238173394401,"[""ring21"",""active"",24]",308.40590924896497,121.88332452480086
1386,165259471032153,"[""ring21"",""active"",25]",298.01981708006247,129.99108156179
1387,257109685904341,"[""ring21"",""active"",26]",287.34617332856351,137.71636238373247
1388,277706360066451,"[""ring21"",""active"",27]",276.3990557200342,145.04897793187166
1389,238621239644679,"[""ring21"",""active"",28]",265.19290267129071,151.97925704312854
1390,25746603470639,"[""ring21"",""active"",29]",253.74249424722422,158.49805920563136
1391,2136767469297,"[""ring21"",""active"",30]",242.06293266701732,164.59678661435703
1392,266919169064262,"[""ring21"",""active"",31]",230.16962238546421,170.26739551098245
1393,187103468035798,"[""ring21"",""active"",32]",218.07824977566418,175.50240679299145
1394,108319536364705,"[""ring21"",""active"",33]",205.80476243988684,180.29491587804284
1395,151772599394285,"[""ring21"",""active"",34]",193.36534817589606,184.6386018105901
1396,252725651360732,"[""ring21"",""active"",35]",180.77641362647364,188.52773559874186
1397,81440726705628,"[""ring21"",""active"",36]",168.05456264030349,191.95718777036717
1398,82986948758250,"[""ring21"",""active"",37]",155.21657437275593,194.92243513847967
1399,257286547541682,"[""ring21"",""active"",38]",142.27938115545646,197.41956676697765
1400,76379606568897,"[""ring21"",""active"",39]",129.26004616382545,199.44528912887205
1401,192360787972710,"[""ring21"",""active"",40]",116.17574091204622,200.99693045019808
1402,108887979063300,"[""ring21"",""active"",41]",103.04372260514108,202.07244423388244
1403,9707543976464,"[""ring21"",""active"",42]",89.88131137802921,202.67041195891767
1404,235051967456065,"[""ring21"",""active"",43]",76.705867451583245,202.79004495128316
1405,248568575966378,"[""ring21"",""active"",44]",63.53476823581655,202.43118542414686
1406,56266112536894,"[""ring21"",""active"",45]",50.385385410399302,201.59430668597372
1407,72309401645807,"[""ring21"",""active"",46]",37.275062012731667,200.28051251626795
1408,137706384511391,"[""ring21"",""active"",47]",24.221089563794735,198.49153570977154
1409,97473119878354,"[""ring21"",""active"",48]",11.240685261947675,196.2297357910399
1410,233950657086445,"[""ring21"",""active"",49]",-1.6490307252500997,193.49809590240761
1411,51430324629691,"[""ring21"",""active"",50]",-14.431057841238811,190.30021886945093
1412,138958469651518,"[""ring21"",""active"",51]",-27.088537562902715,186.64032244913369
1413,229986469746932,"[""ring21"",""active"",52]",-39.604775635681094,182.52323376690669
1414,211600126175996,"[""ring21"",""active"",53]",-51.963264092021944,177.95438295009569
1415,19476505624503,"[""ring21"",""active"",54]",-64.147703024138394,172.93979596597558
1416,194052533287993,"[""ring21"",""active"",55]",-76.142022082349257,167.4860866739773
1417,148123392631972,"[""ring21"",""active"",56]",-87.93040167064882,161.60044810250992
1418,234270516919715,"[""ring21"",""active"",57]",-99.4972938115543,155.29064296190137
1419,170295456254668,"[""ring21"",""active"",58]",-110.82744265270554,148.56499340597435
1420,137666871444390,"[""ring21"",""active"",59]",-121.90590458817766,141.43237005575617
1421,257621263878560,"[""ring21"",""active"",60]",-132.7180679679615,133.90218029980372
1422,65731315052332,"[""ring21"",""active"",61]",-143.2496723696199,125.98435588657293
1423,75842427205242,"[""ring21"",""active"",62]",-153.48682740670307,117.68933982519582
1424,258035917648931,"[""ring21"",""active"",63]",-163.4160310491132,109.02807261194465
1425,138750280357757,"[""ring21"",""active"",64]",-173.02418743125594,100.01197780054918
1426,163038539327807,"[""ring21"",""active"",65]",-182.29862412449398,90.652946935395164
1427,91528293230572,"[""ring21"",""active"",66]",-191.22710885111724,80.963323867481591
1428,164722565347743,"[""ring21"",""active"",67]",-199.7978656177882,70.955888473818248
1429,18741108580529,"[""ring21"",""active"",68]",-207.99959024718362,60.64383980173784
1430,22655680139135,"[""ring21"",""active"",69]",-215.82146528734523,50.040778660355898
1431,209251381934845,"[""ring21"",""active"",70]",-223.2531742790776,39.160689682135825
1432,166984755071973,"[""ring21"",""active"",71]",-230.28491536257485,28.017922878220219
1433,209168461923326,"[""ring21"",""active"",72]",-236.90741420532873,16.627174711856895
1434,269584347076417,"[""ring21"",""active"",73]",-243.11193623426931,5.0034687148791193
1435,237349919418326,"[""ring21"",""active"",74]",-248.89029815600344,-6.8378643271915962
1436,112085597460893,"[""ring21"",""active"",75]",-254.23487874995755,-18.881206595287949
1437,32976345520012,"[""ring21"",""active"",76]",-259.13862892018835,-31.11067383551341
1438,38340988529189,"[""ring21"",""active"",77]",-263.59508099260557,-43.510136309267452
1439,112378154584070,"[""ring21"",""active"",78]",-267.59835724534258,-56.063240067145585
1440,37713005939272,"[""ring21"",""active"",79]",-271.14317766102562,-68.753428518557314
1441,179362524907513,"[""ring21"",""active"",80]",-274.22486689071519,-81.563964268610931
1442,45583933521727,"[""ring21"",""active"",81]",-276.83936042033662,-94.477951193466851
1443,105957831844094,"[""ring21"",""active"",82]",-278.98320993146558,-107.47835672504218
1444,18620821620625,"[""ring21"",""active"",83]",-280.65358784939798,-120.54803431567443
1445,11570893606882,"[""ring21"",""active"",84]",-281.84829107250619,-133.66974605311484
1446,151715730149763,"[""ring21"",""active"",85]",-282.56574387796314,-146.82618539602689
1447,67124831314225,"[""ring21"",""active"",86]",-282.80500000000086,-159.99999999999994
1448,146694622823771,"[""ring21"",""active"",87]",-282.56574387796314,-173.17381460397286
1449,268067729821535,"[""ring21"",""active"",88]",-281.84829107250619,-186.33025394688525
1450,96104218061334,"[""ring21"",""active"",89]",-280.65358784939798,-199.45196568432547
1451,221208546924957,"[""ring22"",""active"",24]",326.62587419286933,123.71061407474019
1452,195504718181077,"[""ring22"",""active"",25]",316.57427873355323,132.14490411739553
1453,10820651053037,"[""ring22"",""active"",26]",306.23445395707438,140.22326059585657
1454,237759111622489,"[""ring22"",""active"",27]",295.61899734719486,147.93584127712961
1455,139164730123232,"[""ring22"",""active"",28]",284.74084220260829,155.27324956968653
1456,92300581925034,"[""ring22"",""active"",29]",273.61324187970683,162.22654597176398
1457,122421230801569,"[""ring22"",""active"",30]",262.24975364540853,168.78725896276922
1458,53178161524911,"[""ring22"",""active"",31]",250.66422215971579,174.94739532452309
1459,63467716104247,"[""ring22"",""active"",32]",238.87076260812955,180.69944987976504
1460,167751271623566,"[""ring22"",""active"",33]",226.88374350447035,186.03641463605555
1461,182600265393067,"[""ring22"",""active"",34]",214.71776918505702,190.95178732393555
1462,101933987258619,"[""ring22"",""active"",35]",202.38766201557328,195.43957931893993
1463,54673075798481,"[""ring22"",""active"",36]",189.90844433229768,199.49432293781416
1464,74116476765210,"[""ring22"",""active"",37]",177.29532013970112,203.11107810004404
1465,195055049209871,"[""ring22"",""active"",38]",164.5636565867095,206.28543834658274
1466,262792545052223,"[""ring22"",""active"",39]",151.7289652441998,209.01353620844259
1467,220117885923027,"[""ring22"",""active"",40]",138.80688320654002,211.29204791861025
1468,183675946504112,"[""ring22"",""active"",41]",125.81315404019901,213.11819746154458
1469,141117461512258,"[""ring22"",""active"",42]",112.76360860263541,214.48975995532442
1470,126577995742743,"[""ring22"",""active"",43]",99.674145754836601,215.40506436232403
1471,218212375497753,"[""ring22"",""active"",44]",86.56071299100519,215.86299552511531
1472,270368623799371,"[""ring22"",""active"",45]",73.439287008994768,215.86299552511531
1473,122966240122593,"[""ring22"",""active"",46]",60.325854245163526,215.40506436232403
1474,103981055132913,"[""ring22"",""active"",47]",47.23639139736455,214.48975995532442
1475,107948464922574,"[""ring22"",""active"",48]",34.18684595980104,213.11819746154464
1476,255949345494494,"[""ring22"",""active"",49]",21.193116793459943,211.29204791861019
1477,34877087260188,"[""ring22"",""active"",50]",8.2710347558002582,209.01353620844259
1478,97377047622373,"[""ring22"",""active"",51]",-4.5636565867094561,206.28543834658274
1479,277411555592790,"[""ring22"",""active"",52]",-17.295320139701147,203.11107810004404
1480,220503518175765,"[""ring22"",""active"",53]",-29.90844433229762,199.49432293781422
1481,190787266779524,"[""ring22"",""active"",54]",-42.387662015573156,195.43957931893993
1482,265597356022259,"[""ring22"",""active"",55]",-54.717769185056994,190.95178732393555
1483,173042217884110,"[""ring22"",""active"",56]",-66.883743504470203,186.03641463605561
1484,132618413168491,"[""ring22"",""active"",57]",-78.870762608129525,180.6994498797651
1485,210371789318722,"[""ring22"",""active"",58]",-90.664222159715763,174.94739532452314
1486,160040212516831,"[""ring22"",""active"",59]",-102.2497536454085,168.78725896276927
1487,239005669868478,"[""ring22"",""active"",60]",-113.61324187970681,162.22654597176404
1488,110916036668362,"[""ring22"",""active"",61]",-124.74084220260823,155.27324956968658
1489,26137534605234,"[""ring22"",""active"",62]",-135.61899734719475,147.93584127712973
1490,166514487772148,"[""ring22"",""active"",63]",-146.23445395707438,140.22326059585652
1491,238280713318919,"[""ring22"",""active"",64]",-156.57427873355317,132.14490411739564
1492,87541064405727,"[""ring22"",""active"",65]",-166.62587419286942,123.71061407474014
1493,155478646514206,"[""ring22"",""active"",66]",-176.376994014285,114.93066635110466
1494,108807271109195,"[""ring22"",""active"",67]",-185.81575796034286,105.81575796034292
1495,257725145122836,"[""ring22"",""active"",68]",-194.93066635110466,96.37699401428506
1496,139744908749103,"[""ring22"",""active"",69]",-203.71061407474019,86.625874192869333
1497,1822815595464,"[""ring22"",""active"",70]",-212.14490411739547,76.574278733553342
1498,147882436203894,"[""ring22"",""active"",71]",-220.22326059585663,66.234453957074294
1499,28008124705650,"[""ring22"",""active"",72]",-227.93584127712955,55.618997347194977
1500,45220370675439,"[""ring22"",""active"",73]",-235.27324956968658,44.74084220260815
1501,245567369293603,"[""ring22"",""active"",74]",-242.22654597176398,33.613241879706834
1502,249354784235887,"[""ring22"",""active"",75]",-248.78725896276922,22.249753645408589
1503,11203696527796,"[""ring22"",""active"",76]",-254.94739532452309,10.66422215971582
1504,214726477187220,"[""ring22"",""active"",77]",-260.69944987976504,-1.1292373918704186
1505,3948429331338,"[""ring22"",""active"",78]",-266.0364146360555,-13.116256495529569
1506,141866094328854,"[""ring22"",""active"",79]",-270.95178732393555,-25.282230814943034
1507,243387832627363,"[""ring22"",""active"",80]",-275.43957931893993,-37.612337984426617
1508,43433197093668,"[""ring22"",""active"",81]",-279.49432293781416,-50.091555667702238
1509,240005994730323,"[""ring22"",""active"",82]",-283.11107810004398,-62.704679860298782
1510,115446878856569,"[""ring22"",""active"",83]",-286.28543834658274,-75.436343413290558
1511,12876274420031,"[""ring22"",""active"",84]",-289.01353620844259,-88.271034755800201
1512,190211983382022,"[""ring22"",""active"",85]",-291.29204791861019,-101.19311679345996
1513,160199854541213,"[""ring22"",""active"",86]",-293.11819746154458,-114.18684595980096
1514,214684993885355,"[""ring22"",""active"",87]",-294.48975995532442,-127.2363913973644
1515,135546466267900,"[""ring22"",""active"",88]",-295.40506436232403,-140.32585424516344
1516,137899533294956,"[""ring22"",""active"",89]",-295.86299552511531,-153.4392870089948
1517,181725993873998,"[""ring22"",""active"",90]",-295.86299552511531,-166.56071299100512
1518,280224376721224,"[""ring22"",""active"",91]",-295.40506436232403,-179.67414575483645
1519,76780221903879,"[""ring23"",""active"",27]",312.90111375192993,151.61786128744507
1520,25128352658261,"[""ring23"",""active"",28]",302.24361569351061,159.30611573179414
1521,134124510805259,"[""ring23"",""active"",29]",291.33253363796052,166.63003610570024
1522,229840037737798,"[""ring23"",""active"",30]",280.18031732783811,173.58126568315674
1523,106613257445133,"[""ring23"",""active"",31]",268.79969164426086,180.15187298511643
1524,207198314463800,"[""ring23"",""active"",32]",257.20364208758463,186.33436082945332
1525,166065304027098,"[""ring23"",""active"",33]",245.40539996071243,192.12167488538319
1526,265405380967139,"[""ring23"",""active"",34]",233.41842727193782,197.50721172258312
1527,45186216161021,"[""ring23"",""active"",35]",221.25640137454917,202.48482634582518
1528,4460143286361,"[""ring23"",""active"",36]",208.93319936072143,207.04883920652742
1529,37371492208123,"[""ring23"",""active"",37]",196.46288222750212,211.19404268322211
1530,26524453641855,"[""ring23"",""active"",38]",183.85967883295882,214.91570702354602
1531,43334649312220,"[""ring23"",""active"",39]",171.13796966079406,218.20958574097369
1532,196867025681636,"[""ring23"",""active"",40]",158.31227041195211,221.0719204601358
1533,132559118074572,"[""ring23"",""active"",41]",145.3972154419414,223.4994452051933
1534,38204869768324,"[""ring23"",""active"",42]",132.4075410627691,225.4893901263755
1535,182710248943602,"[""ring23"",""active"",43]",119.35806872854178,227.03948466042863
1536,220362098886556,"[""ring23"",""active"",44]",106.26368812391763,228.14796012136964
1537,92680825303001,"[""ring23"",""active"",45]",93.139340174706064,228.81355171858928
1538,198407378591608,"[""ring23"",""active"",46]",80.000000000000114,229.03550000000098
1539,92836036995502,"[""ring23"",""active"",47]",66.860659825293993,228.81355171858928
1540,104822327260968,"[""ring23"",""active"",48]",53.736311876082418,228.14796012136964
1541,117623883448496,"[""ring23"",""active"",49]",40.641931271458176,227.03948466042863
1542,276270131586084,"[""ring23"",""active"",50]",27.59245893723093,225.4893901263755
1543,209741499560634,"[""ring23"",""active"",51]",14.602784558058659,223.4994452051933
1544,143961677220138,"[""ring23"",""active"",52]",1.6877295880478442,221.0719204601358
1545,182942892498471,"[""ring23"",""active"",53]",-11.137969660794028,218.20958574097375
1546,16215891065952,"[""ring23"",""active"",54]",-23.859678832958778,214.91570702354608
1547,278744439925560,"[""ring23"",""active"",55]",-36.462882227502035,211.19404268322216
1548,273808916878422,"[""ring23"",""active"",56]",-48.933199360721375,207.04883920652742
1549,56800991338401,"[""ring23"",""active"",57]",-61.256401374549199,202.48482634582513
1550,169617879114393,"[""ring23"",""active"",58]",-73.418427271937787,197.50721172258318
1551,121930626409342,"[""ring23"",""active"",59]",-85.405399960712316,192.12167488538324
1552,120678061666484,"[""ring23"",""active"",60]",-97.203642087584598,186.33436082945337
1553,247016266106142,"[""ring23"",""active"",61]",-108.7996916442608,180.15187298511648
1554,242738715196904,"[""ring23"",""active"",62]",-120.18031732783803,173.5812656831568
1555,180753170342963,"[""ring23"",""active"",63]",-131.33253363796047,166.6300361057003
1556,258950298849356,"[""ring23"",""active"",64]",-142.24361569351055,159.30611573179419
1557,134326307652931,"[""ring23"",""active"",65]",-152.90111375192996,151.61786128744501
1558,189743711453430,"[""ring23"",""active"",66]",-163.29286741460075,143.57404521044327
1559,56977596792422,"[""ring23"",""active"",67]",-173.40701950208165,135.18384564085204
1560,90851163978647,"[""ring23"",""active"",68]",-183.23202958336458,126.45683594858309
1561,42533723503559,"[""ring23"",""active"",69]",-192.75668714371528,117.40297381000829
1562,191561531231348,"[""ring23"",""active"",70]",-201.97012437607492,108.03258984606998
1563,275829676214121,"[""ring23"",""active"",71]",-210.8618285814245,98.356375834854873
1564,112753908648638,"[""ring23"",""active"",72]",-219.42165416396506,88.385372512081886
1565,163518635563795,"[""ring23"",""active"",73]",-227.63983420742687,78.130956973421831
1566,161254553905642,"[""ring23"",""active"",74]",-235.50699161929782,67.604829693025351
1567,50216016787134,"[""ring23"",""active"",75]",-243.01414983025649,56.819001173069182
1568,84337015256086,"[""ring23"",""active"",76]",-250.15274303660004,45.785778239555441
1569,71043794003371,"[""ring23"",""active"",77]",-256.91462597398186,34.517750000000461
1570,25814073397310,"[""ring23"",""active"",78]",-263.29208321130602,23.027773479033812
1571,178402572748525,"[""ring23"",""active"",79]",-269.27783795417412,11.328958948300567
1572,161556804407975,"[""ring23"",""active"",80]",-274.86506034783963,-0.56534503259678104
1573,253075921294888,"[""ring23"",""active"",81]",-280.04737527019586,-12.641566847046334
1574,17096158131307,"[""ring23"",""active"",82]",-284.8188696059064,-24.885927306888476
1575,79026160185063,"[""ring23"",""active"",83]",-289.17409899337662,-37.284455374719087
1576,234648491051599,"[""ring23"",""active"",84]",-293.10809403686903,-49.82300410509616
1577,227640016890489,"[""ring23"",""active"",85]",-296.6163659766741,-62.487266786462172
1578,60134588103136,"[""ring23"",""active"",86]",-299.69491181086664,-75.262793265360784
1579,54066675428387,"[""ring23"",""active"",87]",-302.34021886280311,-88.135006434324509
1580,215062225886995,"[""ring23"",""active"",88]",-304.54926878914995,-101.08921886461818
1581,27008675482069,"[""ring23"",""active"",89]",-306.31954102386777,-114.11064956486192
1582,132148686453985,"[""ring23"",""active"",90]",-307.64901565422304,-127.18444084641087
1583,116569950576801,"[""ring23"",""active"",91]",-308.53617572554509,-140.29567527624681
1584,208140476949541,"[""ring23"",""active"",92]",-308.98000897209897,-153.42939269804009
1585,248074285415363,"[""ring24"",""active"",30]",297.92210554682242,177.9869548364299
1586,60940640924950,"[""ring24"",""active"",31]",286.74680415436274,184.93620380806783
1587,252416097513859,"[""ring24"",""active"",32]",275.35011310557195,191.51608645295818
1588,74342450093514,"[""ring24"",""active"",33]",263.74423626268089,197.71955686795684
1589,20225666753970,"[""ring24"",""active"",34]",251.94160148930851,203.53997222156352
1590,151155694842940,"[""ring24"",""active"",35]",239.95484734239378,208.97109986723194
1591,162328731185936,"[""ring24"",""active"",36]",227.79680953851292,214.0071240174442
1592,166959468841107,"[""ring24"",""active"",37]",215.48050720907167,218.64265197140168
1593,5850206264174,"[""ring24"",""active"",38]",203.01912895909439,222.87271988966393
1594,98472940468487,"[""ring24"",""active"",39]",190.42601874453447,226.69279810955237
1595,19701828127026,"[""ring24"",""active"",40]",177.71466158323278,230.09879599562674
1596,221181631788393,"[""ring24"",""active"",41]",164.8986691148223,233.08706632003964
1597,182196156155851,"[""ring24"",""active"",42]",151.99176502504395,235.65440916807961
1598,210384393170808,"[""ring24"",""active"",43]",139.0077703500798,237.79807536472015
1599,52054821784230,"[""ring24"",""active"",44]",125.96058867664114,239.51576941850487
1600,137073483869227,"[""ring24"",""active"",45]",112.86419125366039,240.80565197961738
1601,236363147489794,"[""ring24"",""active"",46]",99.732602031526994,241.66634180950325
1602,185063562080671,"[""ring24"",""active"",47]",86.579882644890375,242.09691725993474
1603,125335396341710,"[""ring24"",""active"",48]",73.420117355109682,242.09691725993474
1604,47660881120559,"[""ring24"",""active"",49]",60.267397968473048,241.66634180950325
1605,195681711238749,"[""ring24"",""active"",50]",47.135808746339656,240.80565197961738
1606,146364132776263,"[""ring24"",""active"",51]",34.039411323358912,239.51576941850487
1607,242006095312795,"[""ring24"",""active"",52]",20.992229649920233,237.79807536472021
1608,24568865142898,"[""ring24"",""active"",53]",8.0082349749560819,235.65440916807967
1609,235637730874526,"[""ring24"",""active"",54]",-4.8986691148222548,233.08706632003964
1610,43717075562995,"[""ring24"",""active"",55]",-17.71466158323274,230.09879599562674
1611,92826395622882,"[""ring24"",""active"",56]",-30.426018744534446,226.69279810955243
1612,100771691659703,"[""ring24"",""active"",57]",-43.019128959094402,222.87271988966387
1613,148853577847673,"[""ring24"",""active"",58]",-55.480507209071646,218.64265197140168
1614,115338910477986,"[""ring24"",""active"",59]",-67.796809538512804,214.00712401744426
1615,91085862702413,"[""ring24"",""active"",60]",-79.954847342393805,208.97109986723189
1616,180430180510315,"[""ring24"",""active"",61]",-91.941601489308368,203.53997222156357
1617,242310311901251,"[""ring24"",""active"",62]",-103.74423626268086,197.7195568679569
1618,174985283718676,"[""ring24"",""active"",63]",-115.35011310557198,191.51608645295818
1619,177304213362875,"[""ring24"",""active"",64]",-126.74680415436274,184.93620380806783
1620,280885304589792,"[""ring24"",""active"",65]",-137.92210554682239,177.9869548364299
1621,181707612634253,"[""ring24"",""active"",66]",-148.86405049030884,170.67578096790322
1622,272292974374781,"[""ring24"",""active"",67]",-159.56092207611107,163.01051119059082
1623,197742970690053,"[""ring24"",""active"",68]",-170.00126582620734,154.99935366736446
1624,225338406389378,"[""ring24"",""active"",69]",-180.17390195900794,146.65088694635773
1625,23481573933285,"[""ring24"",""active"",70]",-190.06793736094517,137.97405077484166
1626,27281225297101,"[""ring24"",""active"",71]",-199.67277725109221,128.9781365263197
1627,184672686012349,"[""ring24"",""active"",72]",-208.97813652631964,119.67277725109233
1628,29410985394741,"[""ring24"",""active"",73]",-217.97405077484166,110.06793736094522
1629,124396721192526,"[""ring24"",""active"",74]",-226.65088694635767,100.17390195900799
1630,247916299868933,"[""ring24"",""active"",75]",-234.9993536673644,90.001265826207401
1631,182331503111437,"[""ring24"",""active"",76]",-243.01051119059076,79.560922076111098
1632,21638397362788,"[""ring24"",""active"",77]",-250.67578096790317,68.864050490308927
1633,147190922257799,"[""ring24"",""active"",78]",-257.9869548364299,57.922105546822479
1634,23146289602364,"[""ring24"",""active"",79]",-264.93620380806777,46.74680415436282
1635,195455105059769,"[""ring24"",""active"",80]",-271.51608645295812,35.350113105572035
1636,198527060137764,"[""ring24"",""active"",81]",-277.71955686795684,23.744236262680914
1637,175805957113319,"[""ring24"",""active"",82]",-283.53997222156346,11.941601489308596
1638,17432766208722,"[""ring24"",""active"",83]",-288.97109986723194,-0.0451526576062804
1639,23678890064662,"[""ring24"",""active"",84]",-294.0071240174442,-12.203190461487111
1640,279629312343357,"[""ring24"",""active"",85]",-298.64265197140162,-24.519492790928211
1641,266730345901673,"[""ring24"",""active"",86]",-302.87271988966393,-36.980871040905598
1642,114338272762924,"[""ring24"",""active"",87]",-306.69279810955237,-49.573981255465398
1643,166667645614654,"[""ring24"",""active"",88]",-310.0987959956268,-62.28533841676736
1644,187723163166264,"[""ring24"",""active"",89]",-313.08706632003964,-75.101330885177674
1645,266468783516630,"[""ring24"",""active"",90]",-315.65440916807961,-88.008234974955926
1646,238383824103992,"[""ring24"",""active"",91]",-317.79807536472021,-100.99222964992026
1647,129327095540832,"[""ring24"",""active"",92]",-319.51576941850487,-114.03941132335875
1648,42302247164619,"[""ring24"",""active"",93]",-320.80565197961738,-127.13580874633976
1649,33071995459555,"[""ring25"",""active"",33]",281.90097381349779,202.87993541826228
1650,230431841370738,"[""ring25"",""active"",34]",270.28589477165531,209.10314142113646
1651,179199003408098,"[""ring25"",""active"",35]",258.47921396362244,214.95469184813305
1652,162669639183760,"[""ring25"",""active"",36]",246.49281971616332,220.42869468398681
1653,210291710557967,"[""ring25"",""active"",37]",234.33878131224196,225.51963807185342
1654,244632226173872,"[""ring25"",""active"",38]",222.02933683827757,230.22239586328203
1655,36510009265828,"[""ring25"",""active"",39]",209.57688086142829,234.53223277981249
1656,222353969637681,"[""ring25"",""active"",40]",196.9939519493135,238.4448091809989
1657,193373059910139,"[""ring25"",""active"",41]",184.29322004473832,241.95618543406033
1658,253352043236311,"[""ring25"",""active"",42]",171.48747370813589,245.06282588075652
1659,266255656553962,"[""ring25"",""active"",43]",158.58960724057039,247.76160239749623
1660,173683184817233,"[""ring25"",""active"",44]",145.61260770026925,250.0497975450927
1661,51005463727040,"[""ring25"",""active"",45]",132.56954182575672,251.92510730499413
1662,140989840786449,"[""ring25"",""active"",46]",119.47354287875488,253.38564339923562
1663,2255754440157,"[""ring25"",""active"",47]",106.33779742010302,254.42993519177463
1664,120286578660717,"[""ring25"",""active"",48]",93.175532032008661,255.05693116929683
1665,175793760023825,"[""ring25"",""active"",49]",79.999999999999929,255.2660000000011
1666,49137254083481,"[""ring25"",""active"",50]",66.824467967991382,255.05693116929683
1667,74374311193287,"[""ring25"",""active"",51]",53.662202579897041,254.42993519177463
1668,276790812181886,"[""ring25"",""active"",52]",40.526457121245166,253.38564339923562
1669,83644482308735,"[""ring25"",""active"",53]",27.430458174243334,251.92510730499413
1670,163175264289921,"[""ring25"",""active"",54]",14.387392299730791,250.0497975450927
1671,205539540028178,"[""ring25"",""active"",55]",1.4103927594297261,247.76160239749623
1672,127466556638726,"[""ring25"",""active"",56]",-11.487473708135738,245.06282588075652
1673,221865701010109,"[""ring25"",""active"",57]",-24.293220044738348,241.95618543406033
1674,256100426937860,"[""ring25"",""active"",58]",-36.993951949313441,238.4448091809989
1675,122509725981241,"[""ring25"",""active"",59]",-49.576880861428236,234.53223277981249
1676,4993059664279,"[""ring25"",""active"",60]",-62.029336838277516,230.22239586328209
1677,125920944004859,"[""ring25"",""active"",61]",-74.338781312241935,225.51963807185348
1678,147317463386880,"[""ring25"",""active"",62]",-86.492819716163183,220.42869468398686
1679,260379782544562,"[""ring25"",""active"",63]",-98.479213963622414,214.954691848133
1680,168476051491059,"[""ring25"",""active"",64]",-110.28589477165528,209.10314142113646
1681,10616337233747,"[""ring25"",""active"",65]",-121.9009738134977,202.87993541826233
1682,154401146165217,"[""ring25"",""active"",66]",-133.31275568912281,196.2913400804369
1683,45326395321126,"[""ring25"",""active"",67]",-144.50974970151677,189.34398956467419
1684,49507025687669,"[""ring25"",""active"",68]",-155.48068142683792,182.04487926404187
1685,259499417272873,"[""ring25"",""active"",69]",-166.21450406680492,174.40135876389354
1686,127792590929921,"[""ring25"",""active"",70]",-176.70040957188644,166.42112444145931
1687,85960775799929,"[""ring25"",""active"",71]",-186.92783952409115,158.11221171624635
1688,237889203989733,"[""ring25"",""active"",72]",-196.88649576839902,149.48298695905282
1689,80749341375228,"[""ring25"",""active"",73]",-206.56635078213156,140.54213906774078
1690,160382129159043,"[""ring25"",""active"",74]",-215.95765777181566,131.29867071825396
1691,98524383104815,"[""ring25"",""active"",75]",-225.05096048738005,121.76188929968481
1692,138073781285841,"[""ring25"",""active"",76]",-233.83710274379621,111.94139754252353
1693,225364036224745,"[""ring25"",""active"",77]",-242.30723764058149,101.84708384952211
1694,213444848349963,"[""ring25"",""active"",78]",-250.4528364698773,91.48911233891107
1695,197248888657997,"[""ring25"",""active"",79]",-258.26569730413559,80.877912609993842
1696,234520780815631,"[""ring25"",""active"",80]",-265.73795325476385,70.024169241424801
1697,40120386119221,"[""ring25"",""active"",81]",-272.86208039341591,58.938811032743587
1698,199026175465389,"[""ring25"",""active"",82]",-279.63090532794956,47.633000000000692
1699,20015047127374,"[""ring25"",""active"",83]",-286.03761242542453,36.118120136553387
1700,188989257811585,"[""ring25"",""active"",84]",-292.07575067486681,24.405765950349945
1701,249021662386971,"[""ring25"",""active"",85]",-297.73924018289034,12.507730789241947
1702,125191338361466,"[""ring25"",""active"",86]",-303.02237829563404,0.43599496608334221
1703,185268576267862,"[""ring25"",""active"",87]",-307.91984534085077,-11.79728630442915
1704,265801837768575,"[""ring25"",""active"",88]",-312.4267099843666,-24.179795145027299
1705,1368220397124,"[""ring25"",""active"",89]",-316.53843419551583,-36.699063418928333
1706,22740304563259,"[""ring25"",""active"",90]",-320.25087781655395,-49.342485284193614
1707,234205588149702,"[""ring25"",""active"",91]",-323.56030273144489,-62.097329886741875
1708,134333762627473,"[""ring25"",""active"",92]",-326.46337662982734,-74.950754179240192
1709,122790271286721,"[""ring25"",""active"",93]",-328.95717636236867,-87.889815852964347
1710,23878388422997,"[""ring25"",""active"",94]",-331.03919088412846,-100.90148636960581
1711,52045198113719,"[""ring26"",""active"",36]",267.13410005706652,225.34572003253822
1712,183157162850742,"[""ring26"",""active"",37]",255.23733412725556,230.89943985574615
1713,136144764463232,"[""ring26"",""active"",38]",243.17596257935205,236.08597625751077
1714,205695171795823,"[""ring26"",""active"",39]",230.96131501688248,240.90045737057608
1715,127306246615159,"[""ring26"",""active"",40]",218.60486502007353,245.33836081023804
1716,223806985894447,"[""ring26"",""active"",41]",206.11821936837805,249.39551792235488
1717,244354508444845,"[""ring26"",""active"",42]",193.51310713788399,253.068117699087
1718,120112043799369,"[""ring26"",""active"",43]",180.80136868384523,256.35271035868976
1719,123297861072270,"[""ring26"",""active"",44]",167.99494451868551,259.24621058599558
1720,259328716769589,"[""ring26"",""active"",45]",155.10586409592159,261.74590043054172
1721,5540729977930,"[""ring26"",""active"",46]",142.14623451054086,263.84943185962197
1722,128817495286612,"[""ring26"",""active"",47]",129.1282291264487,265.55482896386292
1723,12621325375734,"[""ring26"",""active"",48]",116.06407614166741,266.86048981325445
1724,178940822042277,"[""ring26"",""active"",49]",102.96604710202698,267.76518796188986
1725,23952590042241,"[""ring26"",""active"",50]",89.846445374139677,268.26807360000299
1726,265132272943637,"[""ring26"",""active"",51]",76.717594588482285,268.36867435221956
1727,43170172059622,"[""ring26"",""active"",52]",63.591827063445493,268.06689572127345
1728,108109023426078,"[""ring26"",""active"",53]",50.481472221222319,267.36302117677081
1729,212762680432467,"[""ring26"",""active"",54]",37.398845006415996,266.25771188891832
1730,94350295489601,"[""ring26"",""active"",55]",24.356234318248148,264.75200610746708
1731,22781247148274,"[""ring26"",""active"",56]",11.365891467231947,262.84731818645338
1732,278475121399491,"[""ring26"",""active"",57]",-1.5599813328473715,260.54543725565384
1733,180306898735464,"[""ring26"",""active"",58]",-14.409242426832208,257.84852554000372
1734,165528706291514,"[""ring26"",""active"",59]",-27.169822123210167,254.759116328554
1735,169032926491513,"[""ring26"",""active"",60]",-39.829734031532055,251.28011159487858
1736,228567730717014,"[""ring26"",""active"",61]",-52.377086321583278,247.41477927116438
1737,152993005518245,"[""ring26"",""active"",62]",-64.800092893732739,243.16675017854567
1738,227255859649199,"[""ring26"",""active"",63]",-77.087084449965005,238.54001461656651
1739,175780829443969,"[""ring26"",""active"",64]",-89.226519455197348,233.53891861497414
1740,256210454338346,"[""ring26"",""active"",65]",-101.20699497858595,228.16815985136418
1741,225598712263367,"[""ring26"",""active"",66]",-113.01725740463604,222.43278323851365
1742,161779759005630,"[""ring26"",""active"",67]",-124.64621300405676,216.33817618554423
1743,45236188503151,"[""ring26"",""active"",68]",-136.08293835442953,209.8900635373696
1744,9399744318143,"[""ring26"",""active"",69]",-147.31669060090161,203.09450219717934
1745,102463380670853,"[""ring26"",""active"",70]",-158.33691754726874,195.95787543700999
1746,53989245944009,"[""ring26"",""active"",71]",-169.13326756796556,188.48688690174839
1747,15520135910018,"[""ring26"",""active"",72]",-179.69559933165283,180.68855431220044
1748,190389931305045,"[""ring26"",""active"",73]",-190.01399132727198,172.57020287313679
1749,43654941741493,"[""ring26"",""active"",74]",-200.07875118361329,164.13945839251215
1750,161790738443597,"[""ring26"",""active"",75]",-209.88042477364763,155.40424011831726
1751,78456227931250,"[""ring26"",""active"",76]",-219.40980509506767,146.37275329979502
1752,238780504941595,"[""ring26"",""active"",77]",-228.65794091869793,137.05348148000729
1753,24818322259541,"[""ring26"",""active"",78]",-237.61614519664988,127.45517852699072
1754,92380224551111,"[""ring26"",""active"",79]",-246.27600322232291,117.58686041098963
1755,56184222294224,"[""ring26"",""active"",80]",-254.62938053458714,107.45779673548867
1756,229405355343748,"[""ring26"",""active"",81]",-262.66843055872454,97.077502029998868
1757,111842868641338,"[""ring26"",""active"",82]",-270.38560197694841,86.455726812778693
1758,260718126378352,"[""ring26"",""active"",83]",-277.77364582157986,75.602448431883261
1759,273468059108916,"[""ring26"",""active"",84]",-284.82562228421784,64.527861693146491
1760,154738915777416,"[""ring26"",""active"",85]",-291.53490723450687,53.242369283897006
1761,105774334905290,"[""ring26"",""active"",86]",-297.89519844237878,41.756572001406312
1762,110339010584513,"[""ring26"",""active"",87]",-303.90052149792422,30.081258795246129
1763,143116563531091,"[""ring26"",""active"",88]",-309.54523542333254,18.227396632908096
1764,14961399380175,"[""ring26"",""active"",89]",-314.82403797162937,6.20612019820706
1765,148747424637330,"[""ring26"",""active"",90]",-319.73197060723464,-5.9712785678580644
1766,275674367064958,"[""ring26"",""active"",91]",-324.26442316366149,-18.29336107395838
1767,106730304256222,"[""ring26"",""active"",92]",-328.41713817398227,-30.748552823042758
1768,139812262386488,"[""ring26"",""active"",93]",-332.18621486999353,-43.325154284605958
1769,211697782426305,"[""ring26"",""active"",94]",-335.56811284632278,-56.011351884403297
1770,110698439243016,"[""ring26"",""active"",95]",-338.55965538603658,-68.795229101292023
1771,193882877176841,"[""ring27"",""active"",40]",237.50198975847695,252.44670290156483
1772,99205272389929,"[""ring27"",""active"",41]",225.15208725529945,256.95327205537194
1773,131687885082017,"[""ring27"",""active"",42]",212.67348253777996,261.09014063920858
1774,280656371384859,"[""ring27"",""active"",43]",200.0772400286865,264.85364060973313
1775,6433185154926,"[""ring27"",""active"",44]",187.37452845686011,268.24043497890062
1776,17702591530861,"[""ring27"",""active"",45]",174.57661095422264,271.24752077277464
1777,207703751107717,"[""ring27"",""active"",46]",161.69483506907795,273.87223169417882
1778,124822604665979,"[""ring27"",""active"",47]",148.74062270456514,276.11224048682664
1779,251869692717977,"[""ring27"",""active"",48]",135.72545999118302,277.96556099883259
1780,31018589125576,"[""ring27"",""active"",49]",122.66088710236556,279.43054994377701
1781,63111848319567,"[""ring27"",""active"",50]",109.55848802213954,280.50590835776097
1782,254144875854036,"[""ring27"",""active"",51]",96.429880273936462,281.19068275116058
1783,59196330464688,"[""ring27"",""active"",52]",83.286704619665826,281.4842659540588
1784,98638683206714,"[""ring27"",""active"",53]",70.140614738184112,281.38639765460618
1785,130197156033417,"[""ring27"",""active"",54]",57.003266892309696,280.89716462983148
1786,100247184737288,"[""ring27"",""active"",55]",43.886309593547153,280.0170006686991
1787,108335536169590,"[""ring27"",""active"",56]",30.80137327368525,278.74668618748086
1788,15543082120689,"[""ring27"",""active"",57]",17.760059972423932,277.0873475377831
1789,266916126787362,"[""ring27"",""active"",58]",4.7739330501775328,275.04045600784292
1790,223408876383796,"[""ring27"",""active"",59]",-8.1454930648275052,272.60782651797865
1791,79205212476643,"[""ring27"",""active"",60]",-20.986763086067711,269.79161601135212
1792,202531658477106,"[""ring27"",""active"",61]",-33.738491025797458,266.59432154146833
1793,194118444900821,"[""ring27"",""active"",62]",-46.389370290680446,263.01877805810983
1794,236512242270589,"[""ring27"",""active"",63]",-58.928183707022896,259.06815589366698
1795,72233641107700,"[""ring27"",""active"",64]",-71.343813466721201,254.74595795209552
1796,141523380396680,"[""ring27"",""active"",65]",-83.625250985106106,250.05601660299061
1797,80209661154055,"[""ring27"",""active"",66]",-95.761606661939368,245.00249028353488
1798,151395764319031,"[""ring27"",""active"",67]",-107.74211953691241,239.58985981133048
1799,239379562818066,"[""ring27"",""active"",68]",-119.55616683108312,233.82292441138566
1800,251382497807485,"[""ring27"",""active"",69]",-131.19327336578945,227.70679746077963
1801,150627451807774,"[""ring27"",""active"",70]",-142.64312085069295,221.24690195477626
1802,138431747966447,"[""ring27"",""active"",71]",-153.89555703271176,214.44896569840938
1803,245297471447511,"[""ring27"",""active"",72]",-164.94060469773373,207.31901622780111
1804,129175714092710,"[""ring27"",""active"",73]",-175.76847051712758,199.86337546571798
1805,78567026708758,"[""ring27"",""active"",74]",-186.3695537312081,192.08865411610202
1806,47952322356204,"[""ring27"",""active"",75]",-196.73445466195562,184.00174580254833
1807,156119172687886,"[""ring27"",""active"",76]",-206.85398304744263,175.60982095592578
1808,144027874464002,"[""ring27"",""active"",77]",-216.719166190576,166.92032045656077
1809,187824591161979,"[""ring27"",""active"",78]",-226.32125691493314,157.94094903662
1810,192700965531237,"[""ring27"",""active"",79]",-235.65174132063203,148.67966844854533
1811,155984729793611,"[""ring27"",""active"",80]",-244.70234633336395,139.14469040559499
1812,207678559744368,"[""ring27"",""active"",81]",-253.46504703989268,129.34446930075097
1813,132207894929254,"[""ring27"",""active"",82]",-261.93207380351635,119.28769471045041
1814,194870935055544,"[""ring27"",""active"",83]",-270.09591915318163,108.98328368978616
1815,244202118866462,"[""ring27"",""active"",84]",-277.94934444014478,98.440372866008772
1816,71642858646103,"[""ring27"",""active"",85]",-285.48538625627509,87.668310337339108
1817,245599100876893,"[""ring27"",""active"",86]",-292.69736260830967,76.676647384276635
1818,224737798038041,"[""ring27"",""active"",87]",-299.5788788425869,65.475130000751591
1819,159747907388725,"[""ring27"",""active"",88]",-306.12383331500274,54.073690252630172
1820,51414512493459,"[""ring27"",""active"",89]",-312.32642280116471,42.482437471235642
1821,213798924074305,"[""ring27"",""active"",90]",-318.18114764194547,30.711649289691536
1822,221171864607257,"[""ring27"",""active"",91]",-323.68281661987368,18.771762530038586
1823,67987885411655,"[""ring27"",""active"",92]",-328.82655156203816,6.6733639492021553
1824,21189783752704,"[""ring27"",""active"",93]",-333.60779166542517,-5.572819147983779
1825,189307941156514,"[""ring27"",""active"",94]",-338.02229754085135,-17.955928420370157
1826,139435335995450,"[""ring27"",""active"",95]",-342.06615497191018,-30.464984118275765
1827,196337118691553,"[""ring27"",""active"",96]",-345.73577838559544,-43.088894818917069
1828,23010110828555,"[""ring28"",""active"",43]",219.23027672611528,272.766418846048
1829,120393727922906,"[""ring28"",""active"",44]",206.64301522751884,276.61583793095059
1830,49658139137641,"[""ring28"",""active"",45]",193.94958633206872,280.09923314272436
1831,256427614783314,"[""ring28"",""active"",46]",181.16063119751493,283.21368428082633
1832,269661634736647,"[""ring28"",""active"",47]",168.28687106318233,285.95658043798016
1833,96317674869198,"[""ring28"",""active"",48]",155.33909826214014,288.32562218895237
1834,214976246230902,"[""ring28"",""active"",49]",142.32816717377,290.31882351820718
1835,134679166654450,"[""ring28"",""active"",50]",129.2649851243215,291.93451348482341
1836,222141745582735,"[""ring28"",""active"",51]",116.16050324307983,293.17133762327785
1837,111649138154959,"[""ring28"",""active"",52]",103.02570728181274,294.02825907892111
1838,20081917327608,"[""ring28"",""active"",53]",89.871608405193996,294.50455947719399
1839,281395720134661,"[""ring28"",""active"",54]",76.709233959920653,294.59983952585503
1840,246450227421195,"[""ring28"",""active"",55]",63.549618230266105,294.31401934971552
1841,209561618009177,"[""ring28"",""active"",56]",50.403793187817087,293.64733855760045
1842,204250433413820,"[""ring28"",""active"",57]",37.282779243148127,292.60035604147953
1843,69860834360238,"[""ring28"",""active"",58]",24.197576007190193,291.17394950793687
1844,9772799053764,"[""ring28"",""active"",59]",11.159153070033611,289.36931474237156
1845,234410338133009,"[""ring28"",""active"",60]",-1.8215591951003063,287.18796460654704
1846,244259245232002,"[""ring28"",""active"",61]",-14.733678795011585,284.63172777032821
1847,39133175061423,"[""ring28"",""active"",62]",-27.56638123911705,281.70274717867062
1848,125762146689910,"[""ring28"",""active"",63]",-40.308908613838611,278.40347825514647
1849,149603912000652,"[""ring28"",""active"",64]",-52.950578601179416,274.73668684351367
1850,93605236897604,"[""ring28"",""active"",65]",-65.480793433927403,270.70544688905272
1851,123286209481428,"[""ring28"",""active"",66]",-77.889048779976605,266.31313786161672
1852,243091446896348,"[""ring28"",""active"",67]",-90.164942548322017,261.56344192255324
1853,146041668069472,"[""ring28"",""active"",68]",-102.29818360934149,256.46034083787436
1854,158051517460197,"[""ring28"",""active"",69]",-114.27860042205771,251.00811264026174
1855,66653958380104,"[""ring28"",""active"",70]",-126.09614956114709,245.2113280427053
1856,145141625937140,"[""ring28"",""active"",71]",-137.74092413654506,239.0748466067825
1857,141673816737420,"[""ring28"",""active"",72]",-149.20316209859237,232.6038126687896
1858,243996863326144,"[""ring28"",""active"",73]",-160.47325442175918,225.8036510271404
1859,44481414357302,"[""ring28"",""active"",74]",-171.54175316008372,218.68006239464887
1860,20279132159157,"[""ring28"",""active"",75]",-182.39937936757781,211.2390186195056
1861,199061210730399,"[""ring28"",""active"",76]",-193.03703087695317,203.48675767895782
1862,123787448716240,"[""ring28"",""active"",77]",-203.4457899301529,195.42977844988638
1863,149148078449207,"[""ring28"",""active"",78]",-213.61693065428801,187.0748352606663
1864,78347164636056,"[""ring28"",""active"",79]",-223.54192637671304,178.42893222887693
1865,34276134966430,"[""ring28"",""active"",80]",-233.21245677310714,169.49931738960879
1866,128650445024658,"[""ring28"",""active"",81]",-242.62041484257054,160.29347661928949
1867,193979144786891,"[""ring28"",""active"",82]",-251.75791370388737,150.81912736012191
1868,19267054836409,"[""ring28"",""active"",83]",-260.61729320725703,141.08421215039675
1869,7711043302289,"[""ring28"",""active"",84]",-269.19112635595195,131.09689196610333
1870,89025553480925,"[""ring28"",""active"",85]",-277.47222553252027,120.8655393794167
1871,179929683011872,"[""ring28"",""active"",86]",-285.45364852430913,110.39873153980295
1872,23273608882562,"[""ring28"",""active"",87]",-293.12870434326294,99.705242983620849
1873,281206314032008,"[""ring28"",""active"",88]",-300.49095883511342,88.794038278250667
1874,25860446414169,"[""ring28"",""active"",89]",-307.53424007326026,77.674264506917751
1875,50969343113249,"[""ring28"",""active"",90]",-314.25264353282324,66.355243600505702
1876,185224216577585,"[""ring28"",""active"",91]",-320.64053704052321,54.846464522795515
1877,47863445954929,"[""ring28"",""active"",92]",-326.69256549624777,43.157575315674336
1878,159887742698233,"[""ring28"",""active"",93]",-332.40365536233958,31.298375010987286
1879,72628896616426,"[""ring28"",""active"",94]",-337.76901891684457,19.278805415812712
1880,237770601207629,"[""ring28"",""active"",95]",-342.7841582671573,7.1089427780421204
1881,49545284130288,"[""ring28"",""active"",96]",-347.44486912069408,-5.2010106607398257
1882,135350869537607,"[""ring29"",""active"",48]",177.67363599134737,297.41491816646192
1883,270399870317226,"[""ring29"",""active"",49]",164.80643774057475,299.97436303206644
1884,83879236477514,"[""ring29"",""active"",50]",151.8725182594934,302.17192433989328
1885,277914845128285,"[""ring29"",""active"",51]",138.88205327347853,304.00587316466209
1886,270122376866487,"[""ring29"",""active"",52]",125.8452629949245,305.47476665220796
1887,166627446970920,"[""ring29"",""active"",53]",112.77240408252227,306.57744915464264
1888,57066578708678,"[""ring29"",""active"",54]",99.673761571859956,307.31305313955744
1889,245249401420489,"[""ring29"",""active"",55]",86.559640783700573,307.68099987255209
1890,264746105413582,"[""ring29"",""active"",56]",73.440359216299484,307.68099987255209
1891,248055468547418,"[""ring29"",""active"",57]",60.326238428140101,307.31305313955744
1892,160846216893275,"[""ring29"",""active"",58]",47.227595917477785,306.57744915464264
1893,57209191318873,"[""ring29"",""active"",59]",34.15473700507556,305.47476665220796
1894,227133744759832,"[""ring29"",""active"",60]",21.117946726521538,304.00587316466209
1895,225571913483102,"[""ring29"",""active"",61]",8.1274817405066386,302.17192433989334
1896,144809554799960,"[""ring29"",""active"",62]",-4.8064377405746939,299.97436303206649
1897,12247266630010,"[""ring29"",""active"",63]",-17.673635991347311,297.41491816646192
1898,153897115011600,"[""ring29"",""active"",64]",-30.46398977917913,294.49560337924794
1899,153548783677452,"[""ring29"",""active"",65]",-43.167436328607465,291.21871543325824
1900,189314116080507,"[""ring29"",""active"",66]",-55.773981238198331,287.58683241102011
1901,233876124835542,"[""ring29"",""active"",67]",-68.273706343615146,283.6028116864552
1902,21053002455077,"[""ring29"",""active"",68]",-80.656777520707038,279.26978767684824
1903,247824420903731,"[""ring29"",""active"",69]",-92.913452422478002,274.5911693768532
1904,23466497547996,"[""ring29"",""active"",70]",-105.03408814385256,269.570637676476
1905,221128665394404,"[""ring29"",""active"",71]",-117.00914880820389,264.21214246514472
1906,96770466211447,"[""ring29"",""active"",72]",-128.8292130696783,258.51989952414471
1907,245808679015655,"[""ring29"",""active"",73]",-140.48498152541407,252.49838720986423
1908,161484525682048,"[""ring29"",""active"",74]",-151.96728403181928,246.15234293046069
1909,201395984115328,"[""ring29"",""active"",75]",-163.26708691915869,239.48675941871687
1910,63320370566255,"[""ring29"",""active"",76]",-174.37550009876674,232.50688080402307
1911,129590122022076,"[""ring29"",""active"",77]",-185.28378405730183,225.21819848657213
1912,99872274022541,"[""ring29"",""active"",78]",-195.98335673253268,217.62644681701636
1913,2145832419616,"[""ring29"",""active"",79]",-206.46580026525351,209.73759858498181
1914,63261892453158,"[""ring29"",""active"",80]",-216.7228676220102,201.55786031999395
1915,215663644527945,"[""ring29"",""active"",81]",-226.7464890834321,193.09366740850669
1916,243438778980594,"[""ring29"",""active"",82]",-236.52877859306102,184.35167903088006
1917,132961437500653,"[""ring29"",""active"",83]",-246.06203996168392,175.33877292228897
1918,87977684116968,"[""ring29"",""active"",84]",-255.33877292228891,166.06203996168398
1919,43905987990780,"[""ring29"",""active"",85]",-264.35167903088001,156.52877859306108
1920,261727110202603,"[""ring29"",""active"",86]",-273.09366740850646,146.74648908343232
1921,22692004720471,"[""ring29"",""active"",87]",-281.55786031999378,136.72286762201043
1922,57805083802281,"[""ring29"",""active"",88]",-289.73759858498187,126.46580026525339
1923,245570113555793,"[""ring29"",""active"",89]",-297.6264468170163,115.98335673253274
1924,225223143024147,"[""ring29"",""active"",90]",-305.21819848657213,105.28378405730189
1925,2900476834717,"[""ring29"",""active"",91]",-312.50688080402301,94.37550009876685
1926,159433535620024,"[""ring29"",""active"",92]",-319.48675941871682,83.267086919158743
1927,16678363568146,"[""ring29"",""active"",93]",-326.15234293046063,71.967284031819332
1928,73744232690012,"[""ring29"",""active"",94]",-332.49838720986429,60.484981525413929
1929,20301823635079,"[""ring29"",""active"",95]",-338.51989952414465,48.82921306967836
1930,248814059308836,"[""ring29"",""active"",96]",-344.21214246514467,37.009148808203946
1931,107782316153414,"[""ring30"",""active"",52]",145.47467792639986,316.36365933548927
1932,25941221015557,"[""ring30"",""active"",53]",132.43847036793221,317.97434681218544
1933,146267763565261,"[""ring30"",""active"",54]",119.36313125768245,319.2283519186384
1934,146033189945524,"[""ring30"",""active"",55]",106.25841790370843,320.12473886924221
1935,276332465723396,"[""ring30"",""active"",56]",93.134109534229623,320.66283874646138
1936,280062793351889,"[""ring30"",""active"",57]",80.000000000000028,320.8422500000014
1937,156355612397412,"[""ring30"",""active"",58]",66.865890465770434,320.66283874646138
1938,235830710303468,"[""ring30"",""active"",59]",53.741582096291623,320.12473886924221
1939,265217234418626,"[""ring30"",""active"",60]",40.636868742317617,319.2283519186384
1940,251000096282066,"[""ring30"",""active"",61]",27.561529632067831,317.97434681218544
1941,203444133161018,"[""ring30"",""active"",62]",14.525322073600194,316.36365933548927
1942,145210875183951,"[""ring30"",""active"",63]",1.5379741735418548,314.39749144390726
1943,270600528578164,"[""ring30"",""active"",64]",-11.390822422387757,312.07731036560466
1944,47662776048149,"[""ring30"",""active"",65]",-24.251419761647213,309.40484750665354
1945,253003672098003,"[""ring30"",""active"",66]",-37.034220784535478,306.38209715899308
1946,72637557733175,"[""ring30"",""active"",67]",-49.729686485878943,303.01131501221374
1947,270636244831925,"[""ring30"",""active"",68]",-62.328343033393935,299.2950164702774
1948,101677809070402,"[""ring30"",""active"",69]",-74.820788837414767,295.23597477442888
1949,102788865266377,"[""ring30"",""active"",70]",-87.19770156671359,290.83721893369898
1950,114151045403360,"[""ring30"",""active"",71]",-99.4498451051725,286.1020314645445
1951,34930401845648,"[""ring30"",""active"",72]",-111.56807644411944,281.03394594131174
1952,152082085466140,"[""ring30"",""active"",73]",-123.54335250518423,275.63674435935059
1953,95185436691626,"[""ring30"",""active"",74]",-135.36673688858266,269.91445431274798
1954,215000235108049,"[""ring30"",""active"",75]",-147.02940654179253,263.87134598878629
1955,40870042012392,"[""ring30"",""active"",76]",-158.52265834364627,257.51192898136941
1956,175501081221727,"[""ring30"",""active"",77]",-169.83791559892609,250.84094892579503
1957,63777349334103,"[""ring30"",""active"",78]",-180.96673443861573,243.86338395738335
1958,248452828115807,"[""ring30"",""active"",79]",-191.90081012103133,236.58444099660636
1959,133048186638049,"[""ring30"",""active"",80]",-202.63198322913121,229.00955186348818
1960,24776420488499,"[""ring30"",""active"",81]",-213.15224575937884,221.14436922417804
1961,216036092582704,"[""ring30"",""active"",82]",-223.45374709761472,212.99476237271847
1962,129527136544560,"[""ring30"",""active"",83]",-233.52879987747974,204.56681285115775
1963,71661569717529,"[""ring30"",""active"",84]",-243.36988571701465,195.86680991127668
1964,108584022729526,"[""ring30"",""active"",85]",-252.96966082915998,186.90124582131153
1965,256039298583552,"[""ring30"",""active"",86]",-262.32096150196406,177.67681102118144
1966,18922079860598,"[""ring30"",""active"",87]",-271.41680944441367,168.20038912983097
1967,198950844421448,"[""ring30"",""active"",88]",-280.25041699389703,158.47905180841508
1968,186046609689173,"[""ring30"",""active"",89]",-288.8151921814104,148.52005348316203
1969,13274484119457,"[""ring30"",""active"",90]",-297.10474365073378,138.33082593184736
1970,60981846941100,"[""ring30"",""active"",91]",-305.11288542790038,127.91897273792279
1971,136428905691644,"[""ring30"",""active"",92]",-312.83364153740132,117.29226361643833
1972,201710544986243,"[""ring30"",""active"",93]",-320.26125046168335,106.4586286159888
1973,177352609896488,"[""ring30"",""active"",94]",-327.39016944060864,95.426152201014872
1974,199573739188737,"[""ring30"",""active"",95]",-334.21507860767048,84.203067218872604
1975,259202182555877,"[""ring30"",""active"",96]",-340.73088495987707,72.797748756173633
1976,126201690776052,"[""ring31"",""active"",57]",99.721196644440624,333.56365973313183
1977,30465357078388,"[""ring31"",""active"",58]",86.575285686885223,333.91373480030626
1978,78389111970516,"[""ring31"",""active"",59]",73.424714313114833,333.91373480030626
1979,175958815266985,"[""ring31"",""active"",60]",60.278803355559333,333.56365973313183
1980,65500230740978,"[""ring31"",""active"",61]",47.146870343449926,332.86375772420251
1981,265122091905569,"[""ring31"",""active"",62]",34.038222898760729,331.81452484849149
1982,17142688109880,"[""ring31"",""active"",63]",20.962152139173384,330.41670477891893
1983,218140912372733,"[""ring31"",""active"",64]",7.927926092740492,328.671288259253
1984,204054577372736,"[""ring31"",""active"",65]",-5.0552168710875236,326.57951240189277
1985,52456209415506,"[""ring31"",""active"",66]",-17.978074589412643,324.14285981103035
1986,40177208392275,"[""ring31"",""active"",67]",-30.83148762817774,321.36305753181409
1987,103848115443121,"[""ring31"",""active"",68]",-43.606345774169554,318.24207582625752
1988,216729027699020,"[""ring31"",""active"",69]",-56.293594492135327,314.78212677676146
1989,45792578777562,"[""ring31"",""active"",70]",-68.884241342435729,310.98566271823898
1990,166133999266218,"[""ring31"",""active"",71]",-81.369362354686189,306.85537449995519
1991,51165488441164,"[""ring31"",""active"",72]",-93.74010835286856,302.39418957831305
1992,48236858237022,"[""ring31"",""active"",73]",-105.98771122743022,297.60526994193748
1993,177415208429987,"[""ring31"",""active"",74]",-118.10349014992465,292.49200987052814
1994,223584700023446,"[""ring31"",""active"",75]",-130.07885772579047,287.05803352906941
1995,192283343604286,"[""ring31"",""active"",76]",-141.90532608090479,281.30719239910286
1996,244443037981204,"[""ring31"",""active"",77]",-153.57451287759949,275.24356254888318
1997,243482059133272,"[""ring31"",""active"",78]",-165.07814725587679,268.87144174435093
1998,217322267485574,"[""ring31"",""active"",79]",-176.40807569560923,262.19534640297275
1999,4484164601016,"[""ring31"",""active"",80]",-187.55626779557497,255.22000839260386
2000,267397766356912,"[""ring31"",""active"",81]",-198.51482196522591,247.95037167764656
2001,163195909712573,"[""ring31"",""active"",82]",-209.27597102516069,240.39158881487737
2002,72561833162606,"[""ring31"",""active"",83]",-219.8320877123283,232.54901730142967
2003,168862203925512,"[""ring31"",""active"",84]",-230.17569008606114,224.42821577751965
2004,256098498975985,"[""ring31"",""active"",85]",-240.29944683111006,216.03494008660465
2005,69972268708971,"[""ring31"",""active"",86]",-250.19618245391672,207.37513919576975
2006,238831994596467,"[""ring31"",""active"",87]",-259.85888236844301,198.45495097923288
2007,256494523546171,"[""ring31"",""active"",88]",-269.28069786795504,189.2806978679551
2008,128775002549695,"[""ring31"",""active"",89]",-278.45495097923282,179.85888236844306
2009,171329907431023,"[""ring31"",""active"",90]",-287.37513919576969,170.19618245391678
2010,5576039235976,"[""ring31"",""active"",91]",-296.03494008660442,160.29944683111029
2011,238866588670654,"[""ring31"",""active"",92]",-304.4282157775196,150.17569008606119
2012,75792902608961,"[""ring31"",""active"",93]",-312.54901730142973,139.83208771232819
2013,59726242426375,"[""ring31"",""active"",94]",-320.3915888148772,129.27597102516091
2014,126293033573667,"[""ring31"",""active"",95]",-327.9503716776465,118.51482196522596
2015,111526424563931,"[""ring32"",""active"",63]",40.543659852241106,345.53533112405546
2016,56836024448142,"[""ring32"",""active"",64]",27.432927811377091,344.34063559669681
2017,135917724295840,"[""ring32"",""active"",65]",14.357629624953631,342.80597948324885
2018,68819150050766,"[""ring32"",""active"",66]",1.3265789512823147,340.93239724842635
2019,179247556889280,"[""ring32"",""active"",67]",-11.651440377219274,338.72115181666908
2020,241478638600035,"[""ring32"",""active"",68]",-24.567680274940756,336.17373372084279
2021,125991532725691,"[""ring32"",""active"",69]",-37.413434299894249,333.29186009751714
2022,175177709339286,"[""ring32"",""active"",70]",-50.180043522462086,330.0774735294961
2023,148347467229577,"[""ring32"",""active"",71]",-62.858902362115487,326.5327407363821
2024,149481029133961,"[""ring32"",""active"",72]",-75.441464388172363,322.66005111405747
2025,227772775172065,"[""ring32"",""active"",73]",-87.919248080686145,318.46201512406503
2026,48021094105260,"[""ring32"",""active"",74]",-100.28384254757711,313.94146253397628
2027,61089654614203,"[""ring32"",""active"",75]",-112.52691319415894,309.10144050993154
2028,234812401489211,"[""ring32"",""active"",76]",-124.64020734123261,303.94521156263846
2029,204537690617195,"[""ring32"",""active"",77]",-136.61555978796545,298.47625134821368
2030,233023502997246,"[""ring32"",""active"",78]",-148.44489831580299,292.69824632534915
2031,22071978949983,"[""ring32"",""active"",79]",-160.12024912970469,286.61509127038312
2032,344989480138,"[""ring32"",""active"",80]",-171.6337422330343,280.23088665195093
2033,23193080101805,"[""ring32"",""active"",81]",-182.97761673248488,273.54993586698447
2034,36380295278538,"[""ring32"",""active"",82]",-194.14422606945851,266.57674233992373
2035,86757069192769,"[""ring32"",""active"",83]",-205.12604317437808,259.31600648709644
2036,70466827402805,"[""ring32"",""active"",84]",-215.91566554045369,251.77262254831174
2037,19877280407277,"[""ring32"",""active"",85]",-226.50582021348646,243.95167528780217
2038,147523514231404,"[""ring32"",""active"",86]",-236.88936869434451,235.85843656674012
2039,163920497396000,"[""ring32"",""active"",87]",-247.05931175080656,227.49836178963744
2040,39879859439995,"[""ring32"",""active"",88]",-257.00879413553025,218.87708622702411
2041,177966543604625,"[""ring32"",""active"",89]",-266.73110920696331,210.0004212168858
2042,226145232110224,"[""ring32"",""active"",90]",-276.21970345008776,200.87435024741728
2043,90785198022448,"[""ring32"",""active"",91]",-285.46818089394174,191.50502492373727
2044,106191191851824,"[""ring32"",""active"",92]",-294.47030742294885,181.8987608212791
2045,111462001076550,"[""ring32"",""active"",93]",-303.22001497914448,172.06203322865497
2046,180552301116264,"[""ring33"",""active"",71]",-40.318368946095021,346.0820540566055
2047,29406860074283,"[""ring33"",""active"",72]",-53.049020681596147,342.88518912339208
2048,129866885352733,"[""ring33"",""active"",73]",-65.694959491546371,339.36813486921483
2049,32335392384727,"[""ring33"",""active"",74]",-78.248133648338182,335.53313061875019
2050,71703107721350,"[""ring33"",""active"",75]",-90.700550488047412,331.3826181369048
2051,33524437912769,"[""ring33"",""active"",76]",-103.04428149939858,326.9192400741324
2052,214023716310325,"[""ring33"",""active"",77]",-115.27146737188454,322.1458382838461
2053,194709192082873,"[""ring33"",""active"",78]",-127.37432299982609,317.0654520129973
2054,151415025547484,"[""ring33"",""active"",79]",-139.34514243918494,311.68131596697287
2055,148917090526902,"[""ring33"",""active"",80]",-151.17630381397291,305.99685825004372
2056,42740372042731,"[""ring33"",""active"",81]",-162.86027416913623,300.01569818267467
2057,92314716099328,"[""ring33"",""active"",82]",-174.38961426682314,293.74164399708627
2058,4497747482833,"[""ring33"",""active"",83]",-185.75698332298003,287.17869041253624
2059,222289856894754,"[""ring33"",""active"",84]",-196.955143681263,280.33101609186315
2060,50787328307698,"[""ring33"",""active"",85]",-207.97696542128745,273.20298098091183
2061,115340570417965,"[""ring33"",""active"",86]",-218.81543089828045,265.7991235325369
2062,250162584022158,"[""ring33"",""active"",87]",-229.46363921124851,258.12415781694779
2063,159598007873177,"[""ring33"",""active"",88]",-239.91481059681217,250.18297052023922
2064,173149759699271,"[""ring33"",""active"",89]",-250.16229074591331,241.98061783301523
2065,205716075365505,"[""ring33"",""active"",90]",-260.19955504064382,233.52232223108973
