export_index,mirror_id,position_key,x,y
1,177487332782245,"[""hex-band"",9,0,0]",91.192475018500005,52.649999999999999
2,156911796746208,"[""hex-band"",9,1,0]",0,105.3
3,92738156363829,"[""hex-band"",9,2,0]",-91.192475018500005,52.649999999999999
4,148283304611617,"[""hex-band"",9,3,0]",-91.192475018500005,-52.649999999999999
5,268463475939608,"[""hex-band"",9,4,0]",-0,-105.3
6,21258706387315,"[""hex-band"",9,5,0]",91.192475018500005,-52.649999999999999
7,89904618064464,"[""hex-band"",10,0,0]",101.3249722428,58.5
8,278346033341436,"[""hex-band"",10,0,1]",91.192475018500005,64.349999999999994
9,177323706621083,"[""hex-band"",10,0,2]",81.059977794199995,70.200000000000003
10,265447557460768,"[""hex-band"",10,0,3]",70.927480569899998,76.049999999999997
11,269648492074404,"[""hex-band"",10,0,4]",60.794983345699997,81.900000000000006
12,180293435491565,"[""hex-band"",10,0,5]",50.662486121400001,87.75
13,71919375184712,"[""hex-band"",10,0,6]",40.529988897099997,93.599999999999994
14,72866860789760,"[""hex-band"",10,0,7]",30.397491672800001,99.450000000000003
15,275563573785371,"[""hex-band"",10,0,8]",20.2649944486,105.3
16,224071872910899,"[""hex-band"",10,0,9]",10.1324972243,111.15000000000001
17,255117604682208,"[""hex-band"",10,1,0]",0,117
18,105245893851088,"[""hex-band"",10,1,1]",-10.1324972243,111.15000000000001
19,195452634905345,"[""hex-band"",10,1,2]",-20.2649944486,105.3
20,104452391996274,"[""hex-band"",10,1,3]",-30.397491672800001,99.450000000000003
21,4933255546843,"[""hex-band"",10,1,4]",-40.529988897099997,93.599999999999994
22,212254849194912,"[""hex-band"",10,1,5]",-50.662486121400001,87.75
23,73256366757274,"[""hex-band"",10,1,6]",-60.794983345699997,81.900000000000006
24,42315522704913,"[""hex-band"",10,1,7]",-70.927480569899998,76.049999999999997
25,215692473942463,"[""hex-band"",10,1,8]",-81.059977794199995,70.200000000000003
26,206020418947876,"[""hex-band"",10,1,9]",-91.192475018500005,64.349999999999994
27,67600813541500,"[""hex-band"",10,2,0]",-101.3249722428,58.5
28,59869326812629,"[""hex-band"",10,2,1]",-101.3249722428,46.799999999999997
29,244994884214128,"[""hex-band"",10,2,2]",-101.3249722428,35.100000000000001
30,267899771688371,"[""hex-band"",10,2,3]",-101.3249722428,23.399999999999999
31,144093528335235,"[""hex-band"",10,2,4]",-101.3249722428,11.699999999999999
32,110919439977929,"[""hex-band"",10,2,5]",-101.3249722428,0
33,210391834291652,"[""hex-band"",10,2,6]",-101.3249722428,-11.699999999999999
34,130660616386954,"[""hex-band"",10,2,7]",-101.3249722428,-23.399999999999999
35,144507812617364,"[""hex-band"",10,2,8]",-101.3249722428,-35.100000000000001
36,138433268632805,"[""hex-band"",10,2,9]",-101.3249722428,-46.799999999999997
37,1533875686683,"[""hex-band"",10,3,0]",-101.3249722428,-58.5
38,75464367817410,"[""hex-band"",10,3,1]",-91.192475018500005,-64.349999999999994
39,6220332736254,"[""hex-band"",10,3,2]",-81.059977794199995,-70.200000000000003
40,213467573854036,"[""hex-band"",10,3,3]",-70.927480569899998,-76.049999999999997
41,84242426703464,"[""hex-band"",10,3,4]",-60.794983345699997,-81.900000000000006
42,25982096135461,"[""hex-band"",10,3,5]",-50.662486121400001,-87.75
43,259286731513019,"[""hex-band"",10,3,6]",-40.529988897099997,-93.599999999999994
44,106367803969446,"[""hex-band"",10,3,7]",-30.397491672800001,-99.450000000000003
45,280107329565572,"[""hex-band"",10,3,8]",-20.2649944486,-105.3
46,144012505710847,"[""hex-band"",10,3,9]",-10.1324972243,-111.15000000000001
47,37155753701037,"[""hex-band"",10,4,0]",-0,-117
48,280756153409610,"[""hex-band"",10,4,1]",10.1324972243,-111.15000000000001
49,11156119872906,"[""hex-band"",10,4,2]",20.2649944486,-105.3
50,77412422096930,"[""hex-band"",10,4,3]",30.397491672800001,-99.450000000000003
51,87706853661959,"[""hex-band"",10,4,4]",40.529988897099997,-93.599999999999994
52,88209315042705,"[""hex-band"",10,4,5]",50.662486121400001,-87.75
53,80416753477289,"[""hex-band"",10,4,6]",60.794983345699997,-81.900000000000006
54,99320392112619,"[""hex-band"",10,4,7]",70.927480569899998,-76.049999999999997
55,36105700325758,"[""hex-band"",10,4,8]",81.059977794199995,-70.200000000000003
56,82671876788899,"[""hex-band"",10,4,9]",91.192475018500005,-64.349999999999994
57,74564245450559,"[""hex-band"",10,5,0]",101.3249722428,-58.5
58,181331855708057,"[""hex-band"",10,5,1]",101.3249722428,-46.799999999999997
59,183677429999757,"[""hex-band"",10,5,2]",101.3249722428,-35.100000000000001
60,139158443885599,"[""hex-band"",10,5,3]",101.3249722428,-23.399999999999999
61,232781205939194,"[""hex-band"",10,5,4]",101.3249722428,-11.699999999999999
62,192243222157898,"[""hex-band"",10,5,5]",101.3249722428,-0
63,4640770611875,"[""hex-band"",10,5,6]",101.3249722428,11.699999999999999
64,90546824311062,"[""hex-band"",10,5,7]",101.3249722428,23.399999999999999
65,167128585885071,"[""hex-band"",10,5,8]",101.3249722428,35.100000000000001
66,62319368229771,"[""hex-band"",10,5,9]",101.3249722428,46.799999999999997
67,153189874031512,"[""hex-band"",11,0,0]",111.4574694671,64.349999999999994
68,240412278914398,"[""hex-band"",11,0,1]",101.3249722428,70.200000000000003
69,275528122189541,"[""hex-band"",11,0,2]",91.192475018500005,76.049999999999997
70,17028557315594,"[""hex-band"",11,0,3]",81.059977794199995,81.900000000000006
71,144878093907021,"[""hex-band"",11,0,4]",70.927480569899998,87.75
72,206179143997496,"[""hex-band"",11,0,5]",60.794983345699997,93.599999999999994
73,208955478078024,"[""hex-band"",11,0,6]",50.662486121400001,99.450000000000003
74,157713449424452,"[""hex-band"",11,0,7]",40.529988897099997,105.3
75,79663288311742,"[""hex-band"",11,0,8]",30.397491672800001,111.15000000000001
76,260363571250693,"[""hex-band"",11,0,9]",20.2649944486,117
77,7231455433911,"[""hex-band"",11,0,10]",10.1324972243,122.84999999999999
78,176473955952466,"[""hex-band"",11,1,0]",0,128.69999999999999
79,229269183430037,"[""hex-band"",11,1,1]",-10.1324972243,122.84999999999999
80,152232605824603,"[""hex-band"",11,1,2]",-20.2649944486,117
81,71319363180275,"[""hex-band"",11,1,3]",-30.397491672800001,111.15000000000001
82,10914015125390,"[""hex-band"",11,1,4]",-40.529988897099997,105.3
83,209650717723858,"[""hex-band"",11,1,5]",-50.662486121400001,99.450000000000003
84,16698139039894,"[""hex-band"",11,1,6]",-60.794983345699997,93.599999999999994
85,69696978933011,"[""hex-band"",11,1,7]",-70.927480569899998,87.75
86,90770907946586,"[""hex-band"",11,1,8]",-81.059977794199995,81.900000000000006
87,157657742313900,"[""hex-band"",11,1,9]",-91.192475018500005,76.049999999999997
88,260039499101912,"[""hex-band"",11,1,10]",-101.3249722428,70.200000000000003
89,120463441666170,"[""hex-band"",11,2,0]",-111.4574694671,64.349999999999994
90,236027974321111,"[""hex-band"",11,2,1]",-111.4574694671,52.649999999999999
91,258517554260625,"[""hex-band"",11,2,2]",-111.4574694671,40.950000000000003
92,196162943096446,"[""hex-band"",11,2,3]",-111.4574694671,29.25
93,43055927466783,"[""hex-band"",11,2,4]",-111.4574694671,17.550000000000001
94,36401444875153,"[""hex-band"",11,2,5]",-111.4574694671,5.8499999999999996
95,46340083281544,"[""hex-band"",11,2,6]",-111.4574694671,-5.8499999999999996
96,108286705995337,"[""hex-band"",11,2,7]",-111.4574694671,-17.550000000000001
97,56694295567632,"[""hex-band"",11,2,8]",-111.4574694671,-29.25
98,228916784188497,"[""hex-band"",11,2,9]",-111.4574694671,-40.950000000000003
99,264079712264287,"[""hex-band"",11,2,10]",-111.4574694671,-52.649999999999999
100,243238263156700,"[""hex-band"",11,3,0]",-111.4574694671,-64.349999999999994
101,20869853658198,"[""hex-band"",11,3,1]",-101.3249722428,-70.200000000000003
102,187588110057734,"[""hex-band"",11,3,2]",-91.192475018500005,-76.049999999999997
103,259031836353772,"[""hex-band"",11,3,3]",-81.059977794199995,-81.900000000000006
104,92177258930757,"[""hex-band"",11,3,4]",-70.927480569899998,-87.75
105,261554616392934,"[""hex-band"",11,3,5]",-60.794983345699997,-93.599999999999994
106,190223169976436,"[""hex-band"",11,3,6]",-50.662486121400001,-99.450000000000003
107,138387082483771,"[""hex-band"",11,3,7]",-40.529988897099997,-105.3
108,5936470234243,"[""hex-band"",11,3,8]",-30.397491672800001,-111.15000000000001
109,200303165851684,"[""hex-band"",11,3,9]",-20.2649944486,-117
110,179050913619602,"[""hex-band"",11,3,10]",-10.1324972243,-122.84999999999999
111,70734596816709,"[""hex-band"",11,4,0]",-0,-128.69999999999999
112,132396308358834,"[""hex-band"",11,4,1]",10.1324972243,-122.84999999999999
113,256853190115680,"[""hex-band"",11,4,2]",20.2649944486,-117
114,43830207481730,"[""hex-band"",11,4,3]",30.397491672800001,-111.15000000000001
115,273283303755760,"[""hex-band"",11,4,4]",40.529988897099997,-105.3
116,275344161273608,"[""hex-band"",11,4,5]",50.662486121400001,-99.450000000000003
117,221706970523184,"[""hex-band"",11,4,6]",60.794983345699997,-93.599999999999994
118,678515161710,"[""hex-band"",11,4,7]",70.927480569899998,-87.75
119,237070424355595,"[""hex-band"",11,4,8]",81.059977794199995,-81.900000000000006
120,152115906367490,"[""hex-band"",11,4,9]",91.192475018500005,-76.049999999999997
121,101297234378893,"[""hex-band"",11,4,10]",101.3249722428,-70.200000000000003
122,220946225149750,"[""hex-band"",11,5,0]",111.4574694671,-64.349999999999994
123,215976871463620,"[""hex-band"",11,5,1]",111.4574694671,-52.649999999999999
124,109799970619614,"[""hex-band"",11,5,2]",111.4574694671,-40.950000000000003
125,31537197169660,"[""hex-band"",11,5,3]",111.4574694671,-29.25
126,141688957179651,"[""hex-band"",11,5,4]",111.4574694671,-17.550000000000001
127,179993127561501,"[""hex-band"",11,5,5]",111.4574694671,-5.8499999999999996
128,212049274706934,"[""hex-band"",11,5,6]",111.4574694671,5.8499999999999996
129,177863450437620,"[""hex-band"",11,5,7]",111.4574694671,17.550000000000001
130,165123955546890,"[""hex-band"",11,5,8]",111.4574694671,29.25
131,253177551580986,"[""hex-band"",11,5,9]",111.4574694671,40.950000000000003
132,229503601224378,"[""hex-band"",11,5,10]",111.4574694671,52.649999999999999
133,146790922420656,"[""hex-band"",12,0,0]",121.58996669130001,70.200000000000003
134,50499689404535,"[""hex-band"",12,0,1]",111.4574694671,76.049999999999997
135,122342691442469,"[""hex-band"",12,0,2]",101.3249722428,81.900000000000006
136,38741126285183,"[""hex-band"",12,0,3]",91.192475018500005,87.75
137,231284995081504,"[""hex-band"",12,0,4]",81.059977794199995,93.599999999999994
138,225490188677966,"[""hex-band"",12,0,5]",70.927480569899998,99.450000000000003
139,267794638135180,"[""hex-band"",12,0,6]",60.794983345699997,105.3
140,88520675205682,"[""hex-band"",12,0,7]",50.662486121400001,111.15000000000001
141,238825606687135,"[""hex-band"",12,0,8]",40.529988897099997,117
142,48873765080342,"[""hex-band"",12,0,9]",30.397491672800001,122.84999999999999
143,182206212093754,"[""hex-band"",12,0,10]",20.2649944486,128.69999999999999
144,178306814925449,"[""hex-band"",12,0,11]",10.1324972243,134.55000000000001
145,174303916202366,"[""hex-band"",12,1,0]",0,140.40000000000001
146,242822572962631,"[""hex-band"",12,1,1]",-10.1324972243,134.55000000000001
147,281435064245271,"[""hex-band"",12,1,2]",-20.2649944486,128.69999999999999
148,155069851139912,"[""hex-band"",12,1,3]",-30.397491672800001,122.84999999999999
149,61339523627770,"[""hex-band"",12,1,4]",-40.529988897099997,117
150,253240753052662,"[""hex-band"",12,1,5]",-50.662486121400001,111.15000000000001
151,229009583568750,"[""hex-band"",12,1,6]",-60.794983345699997,105.3
152,110903855869588,"[""hex-band"",12,1,7]",-70.927480569899998,99.450000000000003
153,259658379633096,"[""hex-band"",12,1,8]",-81.059977794199995,93.599999999999994
154,74266446450040,"[""hex-band"",12,1,9]",-91.192475018500005,87.75
155,226286276109516,"[""hex-band"",12,1,10]",-101.3249722428,81.900000000000006
156,169235791257023,"[""hex-band"",12,1,11]",-111.4574694671,76.049999999999997
157,117937354484107,"[""hex-band"",12,2,0]",-121.58996669130001,70.200000000000003
158,219757636121032,"[""hex-band"",12,2,1]",-121.58996669130001,58.5
159,35612362782156,"[""hex-band"",12,2,2]",-121.58996669130001,46.799999999999997
160,46639056168315,"[""hex-band"",12,2,3]",-121.58996669130001,35.100000000000001
161,123589898328340,"[""hex-band"",12,2,4]",-121.58996669130001,23.399999999999999
162,146260826751562,"[""hex-band"",12,2,5]",-121.58996669130001,11.699999999999999
163,120548681186564,"[""hex-band"",12,2,6]",-121.58996669130001,0
164,150534760744571,"[""hex-band"",12,2,7]",-121.58996669130001,-11.699999999999999
165,247201299275302,"[""hex-band"",12,2,8]",-121.58996669130001,-23.399999999999999
166,271946601262280,"[""hex-band"",12,2,9]",-121.58996669130001,-35.100000000000001
167,21708508138883,"[""hex-band"",12,2,10]",-121.58996669130001,-46.799999999999997
168,265754388044411,"[""hex-band"",12,2,11]",-121.58996669130001,-58.5
169,30411183859251,"[""hex-band"",12,3,0]",-121.58996669130001,-70.200000000000003
170,166302607510144,"[""hex-band"",12,3,1]",-111.4574694671,-76.049999999999997
171,17869129087078,"[""hex-band"",12,3,2]",-101.3249722428,-81.900000000000006
172,187541238596124,"[""hex-band"",12,3,3]",-91.192475018500005,-87.75
173,204288487503921,"[""hex-band"",12,3,4]",-81.059977794199995,-93.599999999999994
174,116316732120640,"[""hex-band"",12,3,5]",-70.927480569899998,-99.450000000000003
175,137707475973211,"[""hex-band"",12,3,6]",-60.794983345699997,-105.3
176,272414163012702,"[""hex-band"",12,3,7]",-50.662486121400001,-111.15000000000001
177,194945863272242,"[""hex-band"",12,3,8]",-40.529988897099997,-117
178,67106962953241,"[""hex-band"",12,3,9]",-30.397491672800001,-122.84999999999999
179,34604938764943,"[""hex-band"",12,3,10]",-20.2649944486,-128.69999999999999
180,19423641866985,"[""hex-band"",12,3,11]",-10.1324972243,-134.55000000000001
181,279966804695459,"[""hex-band"",12,4,0]",-0,-140.40000000000001
182,147161093678494,"[""hex-band"",12,4,1]",10.1324972243,-134.55000000000001
183,41310639069051,"[""hex-band"",12,4,2]",20.2649944486,-128.69999999999999
184,43981739894554,"[""hex-band"",12,4,3]",30.397491672800001,-122.84999999999999
185,124121343271844,"[""hex-band"",12,4,4]",40.529988897099997,-117
186,141464618033261,"[""hex-band"",12,4,5]",50.662486121400001,-111.15000000000001
187,197897013595157,"[""hex-band"",12,4,6]",60.794983345699997,-105.3
188,40539965940612,"[""hex-band"",12,4,7]",70.927480569899998,-99.450000000000003
189,88914227476885,"[""hex-band"",12,4,8]",81.059977794199995,-93.599999999999994
190,55123481297883,"[""hex-band"",12,4,9]",91.192475018500005,-87.75
191,186790265827907,"[""hex-band"",12,4,10]",101.3249722428,-81.900000000000006
192,35637851789039,"[""hex-band"",12,4,11]",111.4574694671,-76.049999999999997
193,11164151434121,"[""hex-band"",12,5,0]",121.58996669130001,-70.200000000000003
194,116164255541382,"[""hex-band"",12,5,1]",121.58996669130001,-58.5
195,75227080610486,"[""hex-band"",12,5,2]",121.58996669130001,-46.799999999999997
196,134715498883849,"[""hex-band"",12,5,3]",121.58996669130001,-35.100000000000001
197,153813569158249,"[""hex-band"",12,5,4]",121.58996669130001,-23.399999999999999
198,11820283705204,"[""hex-band"",12,5,5]",121.58996669130001,-11.699999999999999
199,184012306912625,"[""hex-band"",12,5,6]",121.58996669130001,-0
200,119611443665031,"[""hex-band"",12,5,7]",121.58996669130001,11.699999999999999
201,160700819315072,"[""hex-band"",12,5,8]",121.58996669130001,23.399999999999999
202,250744431195498,"[""hex-band"",12,5,9]",121.58996669130001,35.100000000000001
203,124714590254959,"[""hex-band"",12,5,10]",121.58996669130001,46.799999999999997
204,91670882417122,"[""hex-band"",12,5,11]",121.58996669130001,58.5
205,69555350630589,"[""hex-band"",13,0,0]",131.7224639156,76.049999999999997
206,40662886654065,"[""hex-band"",13,0,1]",121.58996669130001,81.900000000000006
207,83934908876773,"[""hex-band"",13,0,2]",111.4574694671,87.75
208,41638843280213,"[""hex-band"",13,0,3]",101.3249722428,93.599999999999994
209,275908030693144,"[""hex-band"",13,0,4]",91.192475018500005,99.450000000000003
210,28244214077752,"[""hex-band"",13,0,5]",81.059977794199995,105.3
211,254413689136265,"[""hex-band"",13,0,6]",70.927480569899998,111.15000000000001
212,244012985895872,"[""hex-band"",13,0,7]",60.794983345699997,117
213,223515432283264,"[""hex-band"",13,0,8]",50.662486121400001,122.84999999999999
214,194621901044911,"[""hex-band"",13,0,9]",40.529988897099997,128.69999999999999
215,143927768118125,"[""hex-band"",13,0,10]",30.397491672800001,134.55000000000001
216,278336733461073,"[""hex-band"",13,0,11]",20.2649944486,140.40000000000001
217,194998621578182,"[""hex-band"",13,0,12]",10.1324972243,146.25
218,262997427547024,"[""hex-band"",13,1,0]",0,152.09999999999999
219,105807764202739,"[""hex-band"",13,1,1]",-10.1324972243,146.25
220,240076024820603,"[""hex-band"",13,1,2]",-20.2649944486,140.40000000000001
221,270395461996760,"[""hex-band"",13,1,3]",-30.397491672800001,134.55000000000001
222,260763522094417,"[""hex-band"",13,1,4]",-40.529988897099997,128.69999999999999
223,139185481376976,"[""hex-band"",13,1,5]",-50.662486121400001,122.84999999999999
224,241806086325726,"[""hex-band"",13,1,6]",-60.794983345699997,117
225,106685888860178,"[""hex-band"",13,1,7]",-70.927480569899998,111.15000000000001
226,265533450351955,"[""hex-band"",13,1,8]",-81.059977794199995,105.3
227,48412176434409,"[""hex-band"",13,1,9]",-91.192475018500005,99.450000000000003
228,254230798140059,"[""hex-band"",13,1,10]",-101.3249722428,93.599999999999994
229,16604965764617,"[""hex-band"",13,1,11]",-111.4574694671,87.75
230,29301980458594,"[""hex-band"",13,1,12]",-121.58996669130001,81.900000000000006
231,6342167325607,"[""hex-band"",13,2,0]",-131.7224639156,76.049999999999997
232,205387399329187,"[""hex-band"",13,2,1]",-131.7224639156,64.349999999999994
233,31576099617909,"[""hex-band"",13,2,2]",-131.7224639156,52.649999999999999
234,155348272212373,"[""hex-band"",13,2,3]",-131.7224639156,40.950000000000003
235,72986731195544,"[""hex-band"",13,2,4]",-131.7224639156,29.25
236,55061459849205,"[""hex-band"",13,2,5]",-131.7224639156,17.550000000000001
237,186136989051325,"[""hex-band"",13,2,6]",-131.7224639156,5.8499999999999996
238,2166446701338,"[""hex-band"",13,2,7]",-131.7224639156,-5.8499999999999996
239,204611909141200,"[""hex-band"",13,2,8]",-131.7224639156,-17.550000000000001
240,247442533882217,"[""hex-band"",13,2,9]",-131.7224639156,-29.25
241,129861518656581,"[""hex-band"",13,2,10]",-131.7224639156,-40.950000000000003
242,266569196569164,"[""hex-band"",13,2,11]",-131.7224639156,-52.649999999999999
243,125018598961772,"[""hex-band"",13,2,12]",-131.7224639156,-64.349999999999994
244,20901246463210,"[""hex-band"",13,3,0]",-131.7224639156,-76.049999999999997
245,55801601763428,"[""hex-band"",13,3,1]",-121.58996669130001,-81.900000000000006
246,78742762328867,"[""hex-band"",13,3,2]",-111.4574694671,-87.75
247,75286828196666,"[""hex-band"",13,3,3]",-101.3249722428,-93.599999999999994
248,122972312859154,"[""hex-band"",13,3,4]",-91.192475018500005,-99.450000000000003
249,192621965202897,"[""hex-band"",13,3,5]",-81.059977794199995,-105.3
250,227950892214684,"[""hex-band"",13,3,6]",-70.927480569899998,-111.15000000000001
251,155066289025551,"[""hex-band"",13,3,7]",-60.794983345699997,-117
252,41919185317433,"[""hex-band"",13,3,8]",-50.662486121400001,-122.84999999999999
253,122704835461708,"[""hex-band"",13,3,9]",-40.529988897099997,-128.69999999999999
254,93677020544830,"[""hex-band"",13,3,10]",-30.397491672800001,-134.55000000000001
255,155731814629612,"[""hex-band"",13,3,11]",-20.2649944486,-140.40000000000001
256,271870630794992,"[""hex-band"",13,3,12]",-10.1324972243,-146.25
257,2202198738950,"[""hex-band"",13,4,0]",-0,-152.09999999999999
258,218499158361670,"[""hex-band"",13,4,1]",10.1324972243,-146.25
259,131219256012028,"[""hex-band"",13,4,2]",20.2649944486,-140.40000000000001
260,49164607448423,"[""hex-band"",13,4,3]",30.397491672800001,-134.55000000000001
261,216061378100022,"[""hex-band"",13,4,4]",40.529988897099997,-128.69999999999999
262,190343948247824,"[""hex-band"",13,4,5]",50.662486121400001,-122.84999999999999
263,132026628202612,"[""hex-band"",13,4,6]",60.794983345699997,-117
264,48044195436110,"[""hex-band"",13,4,7]",70.927480569899998,-111.15000000000001
265,67069787442612,"[""hex-band"",13,4,8]",81.059977794199995,-105.3
266,115562487175916,"[""hex-band"",13,4,9]",91.192475018500005,-99.450000000000003
267,134491681259123,"[""hex-band"",13,4,10]",101.3249722428,-93.599999999999994
268,137381878144778,"[""hex-band"",13,4,11]",111.4574694671,-87.75
269,86795514705281,"[""hex-band"",13,4,12]",121.58996669130001,-81.900000000000006
270,80229852405869,"[""hex-band"",13,5,0]",131.7224639156,-76.049999999999997
271,155858580934219,"[""hex-band"",13,5,1]",131.7224639156,-64.349999999999994
272,138812124217486,"[""hex-band"",13,5,2]",131.7224639156,-52.649999999999999
273,123819954583165,"[""hex-band"",13,5,3]",131.7224639156,-40.950000000000003
274,80910363570965,"[""hex-band"",13,5,4]",131.7224639156,-29.25
275,192276226297692,"[""hex-band"",13,5,5]",131.7224639156,-17.550000000000001
276,180530819743717,"[""hex-band"",13,5,6]",131.7224639156,-5.8499999999999996
277,68141946955765,"[""hex-band"",13,5,7]",131.7224639156,5.8499999999999996
278,188308247892896,"[""hex-band"",13,5,8]",131.7224639156,17.550000000000001
279,74674877293930,"[""hex-band"",13,5,9]",131.7224639156,29.25
280,96630520302892,"[""hex-band"",13,5,10]",131.7224639156,40.950000000000003
281,34598735229668,"[""hex-band"",13,5,11]",131.7224639156,52.649999999999999
282,76325793499876,"[""hex-band"",13,5,12]",131.7224639156,64.349999999999994
283,104552433444533,"[""hex-band"",14,0,0]",141.85496113990001,81.900000000000006
284,168880754338744,"[""hex-band"",14,0,1]",131.7224639156,87.75
285,50458691862069,"[""hex-band"",14,0,2]",121.58996669130001,93.599999999999994
286,27887023483763,"[""hex-band"",14,0,3]",111.4574694671,99.450000000000003
287,246063195867582,"[""hex-band"",14,0,4]",101.3249722428,105.3
288,263624242021151,"[""hex-band"",14,0,5]",91.192475018500005,111.15000000000001
289,147837621493787,"[""hex-band"",14,0,6]",81.059977794199995,117
290,169046582480812,"[""hex-band"",14,0,7]",70.927480569899998,122.84999999999999
291,218778994981048,"[""hex-band"",14,0,8]",60.794983345699997,128.69999999999999
292,47201761296504,"[""hex-band"",14,0,9]",50.662486121400001,134.55000000000001
293,42554378542029,"[""hex-band"",14,0,10]",40.529988897099997,140.40000000000001
294,5093330953218,"[""hex-band"",14,0,11]",30.397491672800001,146.25
295,10157399936884,"[""hex-band"",14,0,12]",20.2649944486,152.09999999999999
296,196638726081398,"[""hex-band"",14,0,13]",10.1324972243,157.94999999999999
297,104483310974754,"[""hex-band"",14,1,0]",0,163.80000000000001
298,268809013135831,"[""hex-band"",14,1,1]",-10.1324972243,157.94999999999999
299,82372187750958,"[""hex-band"",14,1,2]",-20.2649944486,152.09999999999999
300,43387795452148,"[""hex-band"",14,1,3]",-30.397491672800001,146.25
301,263379652708624,"[""hex-band"",14,1,4]",-40.529988897099997,140.40000000000001
302,141688170627236,"[""hex-band"",14,1,5]",-50.662486121400001,134.55000000000001
303,230247869296974,"[""hex-band"",14,1,6]",-60.794983345699997,128.69999999999999
304,15600588583948,"[""hex-band"",14,1,7]",-70.927480569899998,122.84999999999999
305,242669736797898,"[""hex-band"",14,1,8]",-81.059977794199995,117
306,264581680765917,"[""hex-band"",14,1,9]",-91.192475018500005,111.15000000000001
307,208697108726381,"[""hex-band"",14,1,10]",-101.3249722428,105.3
308,172350385716933,"[""hex-band"",14,1,11]",-111.4574694671,99.450000000000003
309,175581494704135,"[""hex-band"",14,1,12]",-121.58996669130001,93.599999999999994
310,171039940519581,"[""hex-band"",14,1,13]",-131.7224639156,87.75
311,100213520434424,"[""hex-band"",14,2,0]",-141.85496113990001,81.900000000000006
312,97362952347105,"[""hex-band"",14,2,1]",-141.85496113990001,70.200000000000003
313,272336415320228,"[""hex-band"",14,2,2]",-141.85496113990001,58.5
314,65826349253664,"[""hex-band"",14,2,3]",-141.85496113990001,46.799999999999997
315,132185601536353,"[""hex-band"",14,2,4]",-141.85496113990001,35.100000000000001
316,219706864609084,"[""hex-band"",14,2,5]",-141.85496113990001,23.399999999999999
317,63718526562655,"[""hex-band"",14,2,6]",-141.85496113990001,11.699999999999999
318,113160619070789,"[""hex-band"",14,2,7]",-141.85496113990001,0
319,42810699729242,"[""hex-band"",14,2,8]",-141.85496113990001,-11.699999999999999
320,208063182875100,"[""hex-band"",14,2,9]",-141.85496113990001,-23.399999999999999
321,158125880803573,"[""hex-band"",14,2,10]",-141.85496113990001,-35.100000000000001
322,184375732270631,"[""hex-band"",14,2,11]",-141.85496113990001,-46.799999999999997
323,97859214930507,"[""hex-band"",14,2,12]",-141.85496113990001,-58.5
324,6668035432681,"[""hex-band"",14,2,13]",-141.85496113990001,-70.200000000000003
325,54868047310679,"[""hex-band"",14,3,0]",-141.85496113990001,-81.900000000000006
326,219387671005483,"[""hex-band"",14,3,1]",-131.7224639156,-87.75
327,174059073166420,"[""hex-band"",14,3,2]",-121.58996669130001,-93.599999999999994
328,26883909849444,"[""hex-band"",14,3,3]",-111.4574694671,-99.450000000000003
329,272521787513325,"[""hex-band"",14,3,4]",-101.3249722428,-105.3
330,118423826764794,"[""hex-band"",14,3,5]",-91.192475018500005,-111.15000000000001
331,218310116844472,"[""hex-band"",14,3,6]",-81.059977794199995,-117
332,71803465337110,"[""hex-band"",14,3,7]",-70.927480569899998,-122.84999999999999
333,123932482719172,"[""hex-band"",14,3,8]",-60.794983345699997,-128.69999999999999
334,110178412477435,"[""hex-band"",14,3,9]",-50.662486121400001,-134.55000000000001
335,172597950512938,"[""hex-band"",14,3,10]",-40.529988897099997,-140.40000000000001
336,266587565598981,"[""hex-band"",14,3,11]",-30.397491672800001,-146.25
337,113700989403028,"[""hex-band"",14,3,12]",-20.2649944486,-152.09999999999999
338,135923717680055,"[""hex-band"",14,3,13]",-10.1324972243,-157.94999999999999
339,108904767949121,"[""hex-band"",14,4,0]",-0,-163.80000000000001
340,265800708613213,"[""hex-band"",14,4,1]",10.1324972243,-157.94999999999999
341,53762842604883,"[""hex-band"",14,4,2]",20.2649944486,-152.09999999999999
342,226584797150810,"[""hex-band"",14,4,3]",30.397491672800001,-146.25
343,97260863328553,"[""hex-band"",14,4,4]",40.529988897099997,-140.40000000000001
344,185371135600664,"[""hex-band"",14,4,5]",50.662486121400001,-134.55000000000001
345,28513564837206,"[""hex-band"",14,4,6]",60.794983345699997,-128.69999999999999
346,100770446782432,"[""hex-band"",14,4,7]",70.927480569899998,-122.84999999999999
347,131475072638537,"[""hex-band"",14,4,8]",81.059977794199995,-117
348,215308475687211,"[""hex-band"",14,4,9]",91.192475018500005,-111.15000000000001
349,160503736472871,"[""hex-band"",14,4,10]",101.3249722428,-105.3
350,149489916915100,"[""hex-band"",14,4,11]",111.4574694671,-99.450000000000003
351,214375457858177,"[""hex-band"",14,4,12]",121.58996669130001,-93.599999999999994
352,92633479744761,"[""hex-band"",14,4,13]",131.7224639156,-87.75
353,29722893422921,"[""hex-band"",14,5,0]",141.85496113990001,-81.900000000000006
354,246962660307875,"[""hex-band"",14,5,1]",141.85496113990001,-70.200000000000003
355,147601001709013,"[""hex-band"",14,5,2]",141.85496113990001,-58.5
356,127081564632702,"[""hex-band"",14,5,3]",141.85496113990001,-46.799999999999997
357,172442440912050,"[""hex-band"",14,5,4]",141.85496113990001,-35.100000000000001
358,258743254887973,"[""hex-band"",14,5,5]",141.85496113990001,-23.399999999999999
359,50827598908627,"[""hex-band"",14,5,6]",141.85496113990001,-11.699999999999999
360,159274125505890,"[""hex-band"",14,5,7]",141.85496113990001,-0
361,164490931979721,"[""hex-band"",14,5,8]",141.85496113990001,11.699999999999999
362,179158797743457,"[""hex-band"",14,5,9]",141.85496113990001,23.399999999999999
363,25262615112265,"[""hex-band"",14,5,10]",141.85496113990001,35.100000000000001
364,86847052901809,"[""hex-band"",14,5,11]",141.85496113990001,46.799999999999997
365,17440257715294,"[""hex-band"",14,5,12]",141.85496113990001,58.5
366,189104528793940,"[""hex-band"",14,5,13]",141.85496113990001,70.200000000000003
367,196619825607547,"[""hex-band"",15,0,0]",151.98745836419999,87.75
368,33697263946241,"[""hex-band"",15,0,1]",141.85496113990001,93.599999999999994
369,107423309467707,"[""hex-band"",15,0,2]",131.7224639156,99.450000000000003
370,51881286704261,"[""hex-band"",15,0,3]",121.58996669130001,105.3
371,205561360813020,"[""hex-band"",15,0,4]",111.4574694671,111.15000000000001
372,228176672104704,"[""hex-band"",15,0,5]",101.3249722428,117
373,13233365106211,"[""hex-band"",15,0,6]",91.192475018500005,122.84999999999999
374,66876686064358,"[""hex-band"",15,0,7]",81.059977794199995,128.69999999999999
375,218137076110381,"[""hex-band"",15,0,8]",70.927480569899998,134.55000000000001
376,62238979866297,"[""hex-band"",15,0,9]",60.794983345699997,140.40000000000001
377,4810008922874,"[""hex-band"",15,0,10]",50.662486121400001,146.25
378,24260306819572,"[""hex-band"",15,0,11]",40.529988897099997,152.09999999999999
379,210881236732980,"[""hex-band"",15,0,12]",30.397491672800001,157.94999999999999
380,102423660332038,"[""hex-band"",15,0,13]",20.2649944486,163.80000000000001
381,215947162731488,"[""hex-band"",15,0,14]",10.1324972243,169.65000000000001
382,12276327053164,"[""hex-band"",15,1,0]",0,175.5
383,122905558323580,"[""hex-band"",15,1,1]",-10.1324972243,169.65000000000001
384,113995572083046,"[""hex-band"",15,1,2]",-20.2649944486,163.80000000000001
385,117013199321609,"[""hex-band"",15,1,3]",-30.397491672800001,157.94999999999999
386,267503822611931,"[""hex-band"",15,1,4]",-40.529988897099997,152.09999999999999
387,62351987336369,"[""hex-band"",15,1,5]",-50.662486121400001,146.25
388,70555504379136,"[""hex-band"",15,1,6]",-60.794983345699997,140.40000000000001
389,229972447926457,"[""hex-band"",15,1,7]",-70.927480569899998,134.55000000000001
390,90252933770733,"[""hex-band"",15,1,8]",-81.059977794199995,128.69999999999999
391,202620179915807,"[""hex-band"",15,1,9]",-91.192475018500005,122.84999999999999
392,187541825651025,"[""hex-band"",15,1,10]",-101.3249722428,117
393,19865673819655,"[""hex-band"",15,1,11]",-111.4574694671,111.15000000000001
394,187239775318511,"[""hex-band"",15,1,12]",-121.58996669130001,105.3
395,65500079450697,"[""hex-band"",15,1,13]",-131.7224639156,99.450000000000003
396,228017136125409,"[""hex-band"",15,1,14]",-141.85496113990001,93.599999999999994
397,86616126675294,"[""hex-band"",15,2,0]",-151.98745836419999,87.75
398,209613355820382,"[""hex-band"",15,2,1]",-151.98745836419999,76.049999999999997
399,94975450510801,"[""hex-band"",15,2,2]",-151.98745836419999,64.349999999999994
400,60871548655416,"[""hex-band"",15,2,3]",-151.98745836419999,52.649999999999999
401,137375414799243,"[""hex-band"",15,2,4]",-151.98745836419999,40.950000000000003
402,143415582332189,"[""hex-band"",15,2,5]",-151.98745836419999,29.25
403,155474663107217,"[""hex-band"",15,2,6]",-151.98745836419999,17.550000000000001
404,265152169263038,"[""hex-band"",15,2,7]",-151.98745836419999,5.8499999999999996
405,109252323464286,"[""hex-band"",15,2,8]",-151.98745836419999,-5.8499999999999996
406,23437322522716,"[""hex-band"",15,2,9]",-151.98745836419999,-17.550000000000001
407,87450442670400,"[""hex-band"",15,2,10]",-151.98745836419999,-29.25
408,74465098747094,"[""hex-band"",15,2,11]",-151.98745836419999,-40.950000000000003
409,118587432428585,"[""hex-band"",15,2,12]",-151.98745836419999,-52.649999999999999
410,65136835039223,"[""hex-band"",15,2,13]",-151.98745836419999,-64.349999999999994
411,80386903127495,"[""hex-band"",15,2,14]",-151.98745836419999,-76.049999999999997
412,255883810498209,"[""hex-band"",15,3,0]",-151.98745836419999,-87.75
413,5626650562202,"[""hex-band"",15,3,1]",-141.85496113990001,-93.599999999999994
414,74226967622530,"[""hex-band"",15,3,2]",-131.7224639156,-99.450000000000003
415,239478523103858,"[""hex-band"",15,3,3]",-121.58996669130001,-105.3
416,180137690668936,"[""hex-band"",15,3,4]",-111.4574694671,-111.15000000000001
417,44495403056815,"[""hex-band"",15,3,5]",-101.3249722428,-117
418,160470871266125,"[""hex-band"",15,3,6]",-91.192475018500005,-122.84999999999999
419,233679848107463,"[""hex-band"",15,3,7]",-81.059977794199995,-128.69999999999999
420,224137846386976,"[""hex-band"",15,3,8]",-70.927480569899998,-134.55000000000001
421,76227098546631,"[""hex-band"",15,3,9]",-60.794983345699997,-140.40000000000001
422,252923762043920,"[""hex-band"",15,3,10]",-50.662486121400001,-146.25
423,25103219904921,"[""hex-band"",15,3,11]",-40.529988897099997,-152.09999999999999
424,264951269302744,"[""hex-band"",15,3,12]",-30.397491672800001,-157.94999999999999
425,30052718084906,"[""hex-band"",15,3,13]",-20.2649944486,-163.80000000000001
426,28843072950694,"[""hex-band"",15,3,14]",-10.1324972243,-169.65000000000001
427,75306798120416,"[""hex-band"",15,4,0]",-0,-175.5
428,230841024294450,"[""hex-band"",15,4,1]",10.1324972243,-169.65000000000001
429,31068722144618,"[""hex-band"",15,4,2]",20.2649944486,-163.80000000000001
430,188329501570247,"[""hex-band"",15,4,3]",30.397491672800001,-157.94999999999999
431,183986763339325,"[""hex-band"",15,4,4]",40.529988897099997,-152.09999999999999
432,109422864212874,"[""hex-band"",15,4,5]",50.662486121400001,-146.25
433,159484190765314,"[""hex-band"",15,4,6]",60.794983345699997,-140.40000000000001
434,84233534506114,"[""hex-band"",15,4,7]",70.927480569899998,-134.55000000000001
435,266230238312097,"[""hex-band"",15,4,8]",81.059977794199995,-128.69999999999999
436,206631868494174,"[""hex-band"",15,4,9]",91.192475018500005,-122.84999999999999
437,194581356673578,"[""hex-band"",15,4,10]",101.3249722428,-117
438,31044315118009,"[""hex-band"",15,4,11]",111.4574694671,-111.15000000000001
439,278158889432340,"[""hex-band"",15,4,12]",121.58996669130001,-105.3
440,126661819150243,"[""hex-band"",15,4,13]",131.7224639156,-99.450000000000003
441,216100398250876,"[""hex-band"",15,4,14]",141.85496113990001,-93.599999999999994
442,191786642166579,"[""hex-band"",15,5,0]",151.98745836419999,-87.75
443,232306023573346,"[""hex-band"",15,5,1]",151.98745836419999,-76.049999999999997
444,178958571218533,"[""hex-band"",15,5,2]",151.98745836419999,-64.349999999999994
445,191621287471667,"[""hex-band"",15,5,3]",151.98745836419999,-52.649999999999999
446,88742775574072,"[""hex-band"",15,5,4]",151.98745836419999,-40.950000000000003
447,264533518667547,"[""hex-band"",15,5,5]",151.98745836419999,-29.25
448,148870309729782,"[""hex-band"",15,5,6]",151.98745836419999,-17.550000000000001
449,121449705891715,"[""hex-band"",15,5,7]",151.98745836419999,-5.8499999999999996
450,77123985990687,"[""hex-band"",15,5,8]",151.98745836419999,5.8499999999999996
451,102545738663580,"[""hex-band"",15,5,9]",151.98745836419999,17.550000000000001
452,54538541228761,"[""hex-band"",15,5,10]",151.98745836419999,29.25
453,172303308546975,"[""hex-band"",15,5,11]",151.98745836419999,40.950000000000003
454,216320975841403,"[""hex-band"",15,5,12]",151.98745836419999,52.649999999999999
455,18172971306556,"[""hex-band"",15,5,13]",151.98745836419999,64.349999999999994
456,134037645383345,"[""hex-band"",15,5,14]",151.98745836419999,76.049999999999997
457,176674419315293,"[""hex-band"",16,0,0]",162.11995558839999,93.599999999999994
458,130245900632856,"[""hex-band"",16,0,1]",151.98745836419999,99.450000000000003
459,202050019095728,"[""hex-band"",16,0,2]",141.85496113990001,105.3
460,124102053975832,"[""hex-band"",16,0,3]",131.7224639156,111.15000000000001
461,148336799995762,"[""hex-band"",16,0,4]",121.58996669130001,117
462,173817599226152,"[""hex-band"",16,0,5]",111.4574694671,122.84999999999999
463,84665520540795,"[""hex-band"",16,0,6]",101.3249722428,128.69999999999999
464,248759436175039,"[""hex-band"",16,0,7]",91.192475018500005,134.55000000000001
465,76411558392428,"[""hex-band"",16,0,8]",81.059977794199995,140.40000000000001
466,194503568859531,"[""hex-band"",16,0,9]",70.927480569899998,146.25
467,193317972794150,"[""hex-band"",16,0,10]",60.794983345699997,152.09999999999999
468,70651112464740,"[""hex-band"",16,0,11]",50.662486121400001,157.94999999999999
469,101340381644719,"[""hex-band"",16,0,12]",40.529988897099997,163.80000000000001
470,245869762726138,"[""hex-band"",16,0,13]",30.397491672800001,169.65000000000001
471,211860547267595,"[""hex-band"",16,0,14]",20.2649944486,175.5
472,242493878374741,"[""hex-band"",16,0,15]",10.1324972243,181.34999999999999
473,201442747742383,"[""hex-band"",16,1,0]",0,187.19999999999999
474,244437090583721,"[""hex-band"",16,1,1]",-10.1324972243,181.34999999999999
475,196199736217379,"[""hex-band"",16,1,2]",-20.2649944486,175.5
476,31130122837057,"[""hex-band"",16,1,3]",-30.397491672800001,169.65000000000001
477,265068004259620,"[""hex-band"",16,1,4]",-40.529988897099997,163.80000000000001
478,128906271592889,"[""hex-band"",16,1,5]",-50.662486121400001,157.94999999999999
479,107812796477325,"[""hex-band"",16,1,6]",-60.794983345699997,152.09999999999999
480,124969548767796,"[""hex-band"",16,1,7]",-70.927480569899998,146.25
481,154240445314192,"[""hex-band"",16,1,8]",-81.059977794199995,140.40000000000001
482,218651568219118,"[""hex-band"",16,1,9]",-91.192475018500005,134.55000000000001
483,279131948416719,"[""hex-band"",16,1,10]",-101.3249722428,128.69999999999999
484,137808875922779,"[""hex-band"",16,1,11]",-111.4574694671,122.84999999999999
485,89666306556422,"[""hex-band"",16,1,12]",-121.58996669130001,117
486,217438439390577,"[""hex-band"",16,1,13]",-131.7224639156,111.15000000000001
487,45938974177118,"[""hex-band"",16,1,14]",-141.85496113990001,105.3
488,119190617857173,"[""hex-band"",16,1,15]",-151.98745836419999,99.450000000000003
489,75225767523020,"[""hex-band"",16,2,0]",-162.11995558839999,93.599999999999994
490,209131995757796,"[""hex-band"",16,2,1]",-162.11995558839999,81.900000000000006
491,45655918418856,"[""hex-band"",16,2,2]",-162.11995558839999,70.200000000000003
492,207871524907124,"[""hex-band"",16,2,3]",-162.11995558839999,58.5
493,181410829418903,"[""hex-band"",16,2,4]",-162.11995558839999,46.799999999999997
494,264349817364920,"[""hex-band"",16,2,5]",-162.11995558839999,35.100000000000001
495,65740453250339,"[""hex-band"",16,2,6]",-162.11995558839999,23.399999999999999
496,193084755518191,"[""hex-band"",16,2,7]",-162.11995558839999,11.699999999999999
497,132061731272157,"[""hex-band"",16,2,8]",-162.11995558839999,0
498,83653647656077,"[""hex-band"",16,2,9]",-162.11995558839999,-11.699999999999999
499,239407682453916,"[""hex-band"",16,2,10]",-162.11995558839999,-23.399999999999999
500,78142298466762,"[""hex-band"",16,2,11]",-162.11995558839999,-35.100000000000001
501,265132588046173,"[""hex-band"",16,2,12]",-162.11995558839999,-46.799999999999997
502,21403148386937,"[""hex-band"",16,2,13]",-162.11995558839999,-58.5
503,6692402776593,"[""hex-band"",16,2,14]",-162.11995558839999,-70.200000000000003
504,73823331467378,"[""hex-band"",16,2,15]",-162.11995558839999,-81.900000000000006
505,89747642133670,"[""hex-band"",16,3,0]",-162.11995558839999,-93.599999999999994
506,276957211457939,"[""hex-band"",16,3,1]",-151.98745836419999,-99.450000000000003
507,101844792777189,"[""hex-band"",16,3,2]",-141.85496113990001,-105.3
508,6992046717304,"[""hex-band"",16,3,3]",-131.7224639156,-111.15000000000001
509,100575687574342,"[""hex-band"",16,3,4]",-121.58996669130001,-117
510,105005895866947,"[""hex-band"",16,3,5]",-111.4574694671,-122.84999999999999
511,213763481101996,"[""hex-band"",16,3,6]",-101.3249722428,-128.69999999999999
512,166844334056455,"[""hex-band"",16,3,7]",-91.192475018500005,-134.55000000000001
513,180762944110749,"[""hex-band"",16,3,8]",-81.059977794199995,-140.40000000000001
514,280016878668999,"[""hex-band"",16,3,9]",-70.927480569899998,-146.25
515,102664326394882,"[""hex-band"",16,3,10]",-60.794983345699997,-152.09999999999999
516,118540289629139,"[""hex-band"",16,3,11]",-50.662486121400001,-157.94999999999999
517,111480320447239,"[""hex-band"",16,3,12]",-40.529988897099997,-163.80000000000001
518,268521732948253,"[""hex-band"",16,3,13]",-30.397491672800001,-169.65000000000001
519,91190407948140,"[""hex-band"",16,3,14]",-20.2649944486,-175.5
520,251460184468841,"[""hex-band"",16,3,15]",-10.1324972243,-181.34999999999999
521,252818804185686,"[""hex-band"",16,4,0]",-0,-187.19999999999999
522,221387278460735,"[""hex-band"",16,4,1]",10.1324972243,-181.34999999999999
523,276958108552697,"[""hex-band"",16,4,2]",20.2649944486,-175.5
524,81555806352334,"[""hex-band"",16,4,3]",30.397491672800001,-169.65000000000001
525,263175017865020,"[""hex-band"",16,4,4]",40.529988897099997,-163.80000000000001
526,17811640342189,"[""hex-band"",16,4,5]",50.662486121400001,-157.94999999999999
527,20593879214871,"[""hex-band"",16,4,6]",60.794983345699997,-152.09999999999999
528,241554874899338,"[""hex-band"",16,4,7]",70.927480569899998,-146.25
529,250996981870020,"[""hex-band"",16,4,8]",81.059977794199995,-140.40000000000001
530,100386836510248,"[""hex-band"",16,4,9]",91.192475018500005,-134.55000000000001
531,214152294768487,"[""hex-band"",16,4,10]",101.3249722428,-128.69999999999999
532,35490932818306,"[""hex-band"",16,4,11]",111.4574694671,-122.84999999999999
533,238498194585917,"[""hex-band"",16,4,12]",121.58996669130001,-117
534,262454164463466,"[""hex-band"",16,4,13]",131.7224639156,-111.15000000000001
535,166784174638808,"[""hex-band"",16,4,14]",141.85496113990001,-105.3
536,131802681050202,"[""hex-band"",16,4,15]",151.98745836419999,-99.450000000000003
537,46207358142723,"[""hex-band"",16,5,0]",162.11995558839999,-93.599999999999994
538,171020852104287,"[""hex-band"",16,5,1]",162.11995558839999,-81.900000000000006
539,237936556382022,"[""hex-band"",16,5,2]",162.11995558839999,-70.200000000000003
540,84190395407927,"[""hex-band"",16,5,3]",162.11995558839999,-58.5
541,10536388307570,"[""hex-band"",16,5,4]",162.11995558839999,-46.799999999999997
542,159379695616172,"[""hex-band"",16,5,5]",162.11995558839999,-35.100000000000001
543,207348796936549,"[""hex-band"",16,5,6]",162.11995558839999,-23.399999999999999
544,193146033921158,"[""hex-band"",16,5,7]",162.11995558839999,-11.699999999999999
545,40866549821665,"[""hex-band"",16,5,8]",162.11995558839999,-0
546,231783139164303,"[""hex-band"",16,5,9]",162.11995558839999,11.699999999999999
547,100755619904339,"[""hex-band"",16,5,10]",162.11995558839999,23.399999999999999
548,53301450423573,"[""hex-band"",16,5,11]",162.11995558839999,35.100000000000001
549,205492565132287,"[""hex-band"",16,5,12]",162.11995558839999,46.799999999999997
550,94763419531571,"[""hex-band"",16,5,13]",162.11995558839999,58.5
551,237472206687221,"[""hex-band"",16,5,14]",162.11995558839999,70.200000000000003
552,9197696269884,"[""hex-band"",16,5,15]",162.11995558839999,81.900000000000006
553,89896719513096,"[""hex-band"",17,0,0]",172.2524528127,99.450000000000003
554,139982841407341,"[""hex-band"",17,0,1]",162.11995558839999,105.3
555,85762195517730,"[""hex-band"",17,0,2]",151.98745836419999,111.15000000000001
556,229845908543163,"[""hex-band"",17,0,3]",141.85496113990001,117
557,149678600793968,"[""hex-band"",17,0,4]",131.7224639156,122.84999999999999
558,65043310117666,"[""hex-band"",17,0,5]",121.58996669130001,128.69999999999999
559,39396016322814,"[""hex-band"",17,0,6]",111.4574694671,134.55000000000001
560,95484174886072,"[""hex-band"",17,0,7]",101.3249722428,140.40000000000001
561,24499894956776,"[""hex-band"",17,0,8]",91.192475018500005,146.25
562,212043793116585,"[""hex-band"",17,0,9]",81.059977794199995,152.09999999999999
563,245322299633311,"[""hex-band"",17,0,10]",70.927480569899998,157.94999999999999
564,27909237148275,"[""hex-band"",17,0,11]",60.794983345699997,163.80000000000001
565,179489700501997,"[""hex-band"",17,0,12]",50.662486121400001,169.65000000000001
566,138485993733172,"[""hex-band"",17,0,13]",40.529988897099997,175.5
567,216819941745920,"[""hex-band"",17,0,14]",30.397491672800001,181.34999999999999
568,175015488616493,"[""hex-band"",17,0,15]",20.2649944486,187.19999999999999
569,212994220057733,"[""hex-band"",17,0,16]",10.1324972243,193.05000000000001
570,33189835655605,"[""hex-band"",17,1,0]",0,198.90000000000001
571,205552607929170,"[""hex-band"",17,1,1]",-10.1324972243,193.05000000000001
572,212292815927167,"[""hex-band"",17,1,2]",-20.2649944486,187.19999999999999
573,74008103163377,"[""hex-band"",17,1,3]",-30.397491672800001,181.34999999999999
574,125775148784575,"[""hex-band"",17,1,4]",-40.529988897099997,175.5
575,214174681769455,"[""hex-band"",17,1,5]",-50.662486121400001,169.65000000000001
576,107566521651660,"[""hex-band"",17,1,6]",-60.794983345699997,163.80000000000001
577,43885950647091,"[""hex-band"",17,1,7]",-70.927480569899998,157.94999999999999
578,63359211167876,"[""hex-band"",17,1,8]",-81.059977794199995,152.09999999999999
579,205900167985537,"[""hex-band"",17,1,9]",-91.192475018500005,146.25
580,180527921229208,"[""hex-band"",17,1,10]",-101.3249722428,140.40000000000001
581,117770467290046,"[""hex-band"",17,1,11]",-111.4574694671,134.55000000000001
582,191344842672393,"[""hex-band"",17,1,12]",-121.58996669130001,128.69999999999999
583,95696750299700,"[""hex-band"",17,1,13]",-131.7224639156,122.84999999999999
584,166490465060517,"[""hex-band"",17,1,14]",-141.85496113990001,117
585,11508479873259,"[""hex-band"",17,1,15]",-151.98745836419999,111.15000000000001
586,280081577820771,"[""hex-band"",17,1,16]",-162.11995558839999,105.3
587,278305766328219,"[""hex-band"",17,2,0]",-172.2524528127,99.450000000000003
588,80268429027580,"[""hex-band"",17,2,1]",-172.2524528127,87.75
589,135000125566632,"[""hex-band"",17,2,2]",-172.2524528127,76.049999999999997
590,278621340141386,"[""hex-band"",17,2,3]",-172.2524528127,64.349999999999994
591,275716104201950,"[""hex-band"",17,2,4]",-172.2524528127,52.649999999999999
592,25192711258595,"[""hex-band"",17,2,5]",-172.2524528127,40.950000000000003
593,188238659819933,"[""hex-band"",17,2,6]",-172.2524528127,29.25
594,128016374250425,"[""hex-band"",17,2,7]",-172.2524528127,17.550000000000001
595,45474569192386,"[""hex-band"",17,2,8]",-172.2524528127,5.8499999999999996
596,162041155614113,"[""hex-band"",17,2,9]",-172.2524528127,-5.8499999999999996
597,231828660416530,"[""hex-band"",17,2,10]",-172.2524528127,-17.550000000000001
598,207789016362644,"[""hex-band"",17,2,11]",-172.2524528127,-29.25
599,246149682745460,"[""hex-band"",17,2,12]",-172.2524528127,-40.950000000000003
600,126809035287481,"[""hex-band"",17,2,13]",-172.2524528127,-52.649999999999999
601,135200843073500,"[""hex-band"",17,2,14]",-172.2524528127,-64.349999999999994
602,261680741157283,"[""hex-band"",17,2,15]",-172.2524528127,-76.049999999999997
603,242389097159394,"[""hex-band"",17,2,16]",-172.2524528127,-87.75
604,188325288241418,"[""hex-band"",17,3,0]",-172.2524528127,-99.450000000000003
605,101175207192891,"[""hex-band"",17,3,1]",-162.11995558839999,-105.3
606,257332179245297,"[""hex-band"",17,3,2]",-151.98745836419999,-111.15000000000001
607,117387057346951,"[""hex-band"",17,3,3]",-141.85496113990001,-117
608,110680079547612,"[""hex-band"",17,3,4]",-131.7224639156,-122.84999999999999
609,120714868318626,"[""hex-band"",17,3,5]",-121.58996669130001,-128.69999999999999
610,55184399861300,"[""hex-band"",17,3,6]",-111.4574694671,-134.55000000000001
611,249641623160588,"[""hex-band"",17,3,7]",-101.3249722428,-140.40000000000001
612,41983818588904,"[""hex-band"",17,3,8]",-91.192475018500005,-146.25
613,30262127979227,"[""hex-band"",17,3,9]",-81.059977794199995,-152.09999999999999
614,37548063384441,"[""hex-band"",17,3,10]",-70.927480569899998,-157.94999999999999
615,103816007345851,"[""hex-band"",17,3,11]",-60.794983345699997,-163.80000000000001
616,56702269119463,"[""hex-band"",17,3,12]",-50.662486121400001,-169.65000000000001
617,76953648052841,"[""hex-band"",17,3,13]",-40.529988897099997,-175.5
618,217292881549279,"[""hex-band"",17,3,14]",-30.397491672800001,-181.34999999999999
619,46255889877541,"[""hex-band"",17,3,15]",-20.2649944486,-187.19999999999999
620,57692993761320,"[""hex-band"",17,3,16]",-10.1324972243,-193.05000000000001
621,120486877939845,"[""hex-band"",17,4,0]",-0,-198.90000000000001
622,161658462989748,"[""hex-band"",17,4,1]",10.1324972243,-193.05000000000001
623,166658637471930,"[""hex-band"",17,4,2]",20.2649944486,-187.19999999999999
624,21598380912474,"[""hex-band"",17,4,3]",30.397491672800001,-181.34999999999999
625,178680783205310,"[""hex-band"",17,4,4]",40.529988897099997,-175.5
626,95891874269643,"[""hex-band"",17,4,5]",50.662486121400001,-169.65000000000001
627,158386037566785,"[""hex-band"",17,4,6]",60.794983345699997,-163.80000000000001
628,233828812500774,"[""hex-band"",17,4,7]",70.927480569899998,-157.94999999999999
629,143299099689477,"[""hex-band"",17,4,8]",81.059977794199995,-152.09999999999999
630,251423679919614,"[""hex-band"",17,4,9]",91.192475018500005,-146.25
631,70868056276724,"[""hex-band"",17,4,10]",101.3249722428,-140.40000000000001
632,43094325679245,"[""hex-band"",17,4,11]",111.4574694671,-134.55000000000001
633,32365724644094,"[""hex-band"",17,4,12]",121.58996669130001,-128.69999999999999
634,271651532353349,"[""hex-band"",17,4,13]",131.7224639156,-122.84999999999999
635,276096442252657,"[""hex-band"",17,4,14]",141.85496113990001,-117
636,158836689574002,"[""hex-band"",17,4,15]",151.98745836419999,-111.15000000000001
637,106716313849236,"[""hex-band"",17,4,16]",162.11995558839999,-105.3
638,18017833700163,"[""hex-band"",17,5,0]",172.2524528127,-99.450000000000003
639,53196455246475,"[""hex-band"",17,5,1]",172.2524528127,-87.75
640,5340840393576,"[""hex-band"",17,5,2]",172.2524528127,-76.049999999999997
641,240054662362479,"[""hex-band"",17,5,3]",172.2524528127,-64.349999999999994
642,157323622745301,"[""hex-band"",17,5,4]",172.2524528127,-52.649999999999999
643,239608333150793,"[""hex-band"",17,5,5]",172.2524528127,-40.950000000000003
644,270090239520523,"[""hex-band"",17,5,6]",172.2524528127,-29.25
645,16161001361628,"[""hex-band"",17,5,7]",172.2524528127,-17.550000000000001
646,73126713844768,"[""hex-band"",17,5,8]",172.2524528127,-5.8499999999999996
647,249036240597617,"[""hex-band"",17,5,9]",172.2524528127,5.8499999999999996
648,64410502597840,"[""hex-band"",17,5,10]",172.2524528127,17.550000000000001
649,229991884852525,"[""hex-band"",17,5,11]",172.2524528127,29.25
650,215874413521968,"[""hex-band"",17,5,12]",172.2524528127,40.950000000000003
651,229258220396942,"[""hex-band"",17,5,13]",172.2524528127,52.649999999999999
652,79061055582688,"[""hex-band"",17,5,14]",172.2524528127,64.349999999999994
653,267104298489898,"[""hex-band"",17,5,15]",172.2524528127,76.049999999999997
654,119379844793890,"[""hex-band"",17,5,16]",172.2524528127,87.75
655,275147997867634,"[""hex-band"",18,0,0]",182.38495003700001,105.3
656,99177317287684,"[""hex-band"",18,0,1]",172.2524528127,111.15000000000001
657,80134760066959,"[""hex-band"",18,0,2]",162.11995558839999,117
658,38988626279768,"[""hex-band"",18,0,3]",151.98745836419999,122.84999999999999
659,103611118323350,"[""hex-band"",18,0,4]",141.85496113990001,128.69999999999999
660,95007004372153,"[""hex-band"",18,0,5]",131.7224639156,134.55000000000001
661,113448537150815,"[""hex-band"",18,0,6]",121.58996669130001,140.40000000000001
662,197515525072134,"[""hex-band"",18,0,7]",111.4574694671,146.25
663,25135297792429,"[""hex-band"",18,0,8]",101.3249722428,152.09999999999999
664,95408266252534,"[""hex-band"",18,0,9]",91.192475018500005,157.94999999999999
665,31843900582425,"[""hex-band"",18,0,10]",81.059977794199995,163.80000000000001
666,8651775894254,"[""hex-band"",18,0,11]",70.927480569899998,169.65000000000001
667,50151671173131,"[""hex-band"",18,0,12]",60.794983345699997,175.5
668,183069813529661,"[""hex-band"",18,0,13]",50.662486121400001,181.34999999999999
669,153669343074460,"[""hex-band"",18,0,14]",40.529988897099997,187.19999999999999
670,133880654489538,"[""hex-band"",18,0,15]",30.397491672800001,193.05000000000001
671,162304852808156,"[""hex-band"",18,0,16]",20.2649944486,198.90000000000001
672,121824622041535,"[""hex-band"",18,0,17]",10.1324972243,204.75
673,127571588179135,"[""hex-band"",18,1,0]",0,210.59999999999999
674,89302131150426,"[""hex-band"",18,1,1]",-10.1324972243,204.75
675,27237910254636,"[""hex-band"",18,1,2]",-20.2649944486,198.90000000000001
676,94607966809378,"[""hex-band"",18,1,3]",-30.397491672800001,193.05000000000001
677,215749721954612,"[""hex-band"",18,1,4]",-40.529988897099997,187.19999999999999
678,179281389492565,"[""hex-band"",18,1,5]",-50.662486121400001,181.34999999999999
679,168791176317975,"[""hex-band"",18,1,6]",-60.794983345699997,175.5
680,77494575892655,"[""hex-band"",18,1,7]",-70.927480569899998,169.65000000000001
681,203152920376232,"[""hex-band"",18,1,8]",-81.059977794199995,163.80000000000001
682,253589912832056,"[""hex-band"",18,1,9]",-91.192475018500005,157.94999999999999
683,255500006939326,"[""hex-band"",18,1,10]",-101.3249722428,152.09999999999999
684,86581379724605,"[""hex-band"",18,1,11]",-111.4574694671,146.25
685,11019744564826,"[""hex-band"",18,1,12]",-121.58996669130001,140.40000000000001
686,89177892635297,"[""hex-band"",18,1,13]",-131.7224639156,134.55000000000001
687,73185581318608,"[""hex-band"",18,1,14]",-141.85496113990001,128.69999999999999
688,156545143914947,"[""hex-band"",18,1,15]",-151.98745836419999,122.84999999999999
689,180246283551448,"[""hex-band"",18,1,16]",-162.11995558839999,117
690,216043471296242,"[""hex-band"",18,1,17]",-172.2524528127,111.15000000000001
691,242262086411757,"[""hex-band"",18,2,0]",-182.38495003700001,105.3
692,244947988695159,"[""hex-band"",18,2,1]",-182.38495003700001,93.599999999999994
693,184900748062289,"[""hex-band"",18,2,2]",-182.38495003700001,81.900000000000006
694,174946977095995,"[""hex-band"",18,2,3]",-182.38495003700001,70.200000000000003
695,14131049672470,"[""hex-band"",18,2,4]",-182.38495003700001,58.5
696,177991587101825,"[""hex-band"",18,2,5]",-182.38495003700001,46.799999999999997
697,69396380063332,"[""hex-band"",18,2,6]",-182.38495003700001,35.100000000000001
698,204200010827805,"[""hex-band"",18,2,7]",-182.38495003700001,23.399999999999999
699,16213822226696,"[""hex-band"",18,2,8]",-182.38495003700001,11.699999999999999
700,110735423652707,"[""hex-band"",18,2,9]",-182.38495003700001,0
701,121578092168941,"[""hex-band"",18,2,10]",-182.38495003700001,-11.699999999999999
702,185230426745604,"[""hex-band"",18,2,11]",-182.38495003700001,-23.399999999999999
703,147290309362660,"[""hex-band"",18,2,12]",-182.38495003700001,-35.100000000000001
704,57185206377720,"[""hex-band"",18,2,13]",-182.38495003700001,-46.799999999999997
705,88621398532483,"[""hex-band"",18,2,14]",-182.38495003700001,-58.5
706,171204322359396,"[""hex-band"",18,2,15]",-182.38495003700001,-70.200000000000003
707,3788731050373,"[""hex-band"",18,2,16]",-182.38495003700001,-81.900000000000006
708,191851554007606,"[""hex-band"",18,2,17]",-182.38495003700001,-93.599999999999994
709,143207823582372,"[""hex-band"",18,3,0]",-182.38495003700001,-105.3
710,140464443402463,"[""hex-band"",18,3,1]",-172.2524528127,-111.15000000000001
711,248924612033527,"[""hex-band"",18,3,2]",-162.11995558839999,-117
712,196890560442770,"[""hex-band"",18,3,3]",-151.98745836419999,-122.84999999999999
713,115225297722117,"[""hex-band"",18,3,4]",-141.85496113990001,-128.69999999999999
714,132168259861165,"[""hex-band"",18,3,5]",-131.7224639156,-134.55000000000001
715,152649439917976,"[""hex-band"",18,3,6]",-121.58996669130001,-140.40000000000001
716,260854023410429,"[""hex-band"",18,3,7]",-111.4574694671,-146.25
717,166543503634595,"[""hex-band"",18,3,8]",-101.3249722428,-152.09999999999999
718,231930315401864,"[""hex-band"",18,3,9]",-91.192475018500005,-157.94999999999999
719,56403965443860,"[""hex-band"",18,3,10]",-81.059977794199995,-163.80000000000001
720,25179710910971,"[""hex-band"",18,3,11]",-70.927480569899998,-169.65000000000001
721,10835348106896,"[""hex-band"",18,3,12]",-60.794983345699997,-175.5
722,21114999055725,"[""hex-band"",18,3,13]",-50.662486121400001,-181.34999999999999
723,6783836854604,"[""hex-band"",18,3,14]",-40.529988897099997,-187.19999999999999
724,233423904936369,"[""hex-band"",18,3,15]",-30.397491672800001,-193.05000000000001
725,239821332945321,"[""hex-band"",18,3,16]",-20.2649944486,-198.90000000000001
726,116683575566118,"[""hex-band"",18,3,17]",-10.1324972243,-204.75
727,251950903315523,"[""hex-band"",18,4,0]",-0,-210.59999999999999
728,54156637107170,"[""hex-band"",18,4,1]",10.1324972243,-204.75
729,124882695309433,"[""hex-band"",18,4,2]",20.2649944486,-198.90000000000001
730,116731055076097,"[""hex-band"",18,4,3]",30.397491672800001,-193.05000000000001
731,201280594165005,"[""hex-band"",18,4,4]",40.529988897099997,-187.19999999999999
732,200049342657987,"[""hex-band"",18,4,5]",50.662486121400001,-181.34999999999999
733,23136598804165,"[""hex-band"",18,4,6]",60.794983345699997,-175.5
734,193906634830859,"[""hex-band"",18,4,7]",70.927480569899998,-169.65000000000001
735,141569038695271,"[""hex-band"",18,4,8]",81.059977794199995,-163.80000000000001
736,15944852206879,"[""hex-band"",18,4,9]",91.192475018500005,-157.94999999999999
737,254631637098441,"[""hex-band"",18,4,10]",101.3249722428,-152.09999999999999
738,131468587179691,"[""hex-band"",18,4,11]",111.4574694671,-146.25
739,132549855310223,"[""hex-band"",18,4,12]",121.58996669130001,-140.40000000000001
740,208294721340405,"[""hex-band"",18,4,13]",131.7224639156,-134.55000000000001
741,167929063736886,"[""hex-band"",18,4,14]",141.85496113990001,-128.69999999999999
742,187426831599825,"[""hex-band"",18,4,15]",151.98745836419999,-122.84999999999999
743,121991474565823,"[""hex-band"",18,4,16]",162.11995558839999,-117
744,124000091754877,"[""hex-band"",18,4,17]",172.2524528127,-111.15000000000001
745,106165676769907,"[""hex-band"",18,5,0]",182.38495003700001,-105.3
746,273205819500478,"[""hex-band"",18,5,1]",182.38495003700001,-93.599999999999994
747,12417313847848,"[""hex-band"",18,5,2]",182.38495003700001,-81.900000000000006
748,49773684235592,"[""hex-band"",18,5,3]",182.38495003700001,-70.200000000000003
749,161068836841248,"[""hex-band"",18,5,4]",182.38495003700001,-58.5
750,195177043622701,"[""hex-band"",18,5,5]",182.38495003700001,-46.799999999999997
751,264992217270671,"[""hex-band"",18,5,6]",182.38495003700001,-35.100000000000001
752,82286261235365,"[""hex-band"",18,5,7]",182.38495003700001,-23.399999999999999
753,83734664566568,"[""hex-band"",18,5,8]",182.38495003700001,-11.699999999999999
754,223302281081458,"[""hex-band"",18,5,9]",182.38495003700001,-0
755,84858700397858,"[""hex-band"",18,5,10]",182.38495003700001,11.699999999999999
756,107610970112877,"[""hex-band"",18,5,11]",182.38495003700001,23.399999999999999
757,33080915159496,"[""hex-band"",18,5,12]",182.38495003700001,35.100000000000001
758,133763734396423,"[""hex-band"",18,5,13]",182.38495003700001,46.799999999999997
759,218944031065291,"[""hex-band"",18,5,14]",182.38495003700001,58.5
760,29232112009744,"[""hex-band"",18,5,15]",182.38495003700001,70.200000000000003
761,248123878768278,"[""hex-band"",18,5,16]",182.38495003700001,81.900000000000006
762,84136907198199,"[""hex-band"",18,5,17]",182.38495003700001,93.599999999999994
763,263790551244077,"[""hex-band"",19,0,0]",192.51744726129999,111.15000000000001
764,199058141160905,"[""hex-band"",19,0,1]",182.38495003700001,117
765,79931911905206,"[""hex-band"",19,0,2]",172.2524528127,122.84999999999999
766,217876154239469,"[""hex-band"",19,0,3]",162.11995558839999,128.69999999999999
767,269528630112481,"[""hex-band"",19,0,4]",151.98745836419999,134.55000000000001
768,238780621932662,"[""hex-band"",19,0,5]",141.85496113990001,140.40000000000001
769,259819815994449,"[""hex-band"",19,0,6]",131.7224639156,146.25
770,122031122441231,"[""hex-band"",19,0,7]",121.58996669130001,152.09999999999999
771,227825004102474,"[""hex-band"",19,0,8]",111.4574694671,157.94999999999999
772,202555628818533,"[""hex-band"",19,0,9]",101.3249722428,163.80000000000001
773,175436191057645,"[""hex-band"",19,0,10]",91.192475018500005,169.65000000000001
774,88087048830427,"[""hex-band"",19,0,11]",81.059977794199995,175.5
775,10305670298295,"[""hex-band"",19,0,12]",70.927480569899998,181.34999999999999
776,181909397787590,"[""hex-band"",19,0,13]",60.794983345699997,187.19999999999999
777,232136471488808,"[""hex-band"",19,0,14]",50.662486121400001,193.05000000000001
778,3866969505294,"[""hex-band"",19,0,15]",40.529988897099997,198.90000000000001
779,146976953943779,"[""hex-band"",19,0,16]",30.397491672800001,204.75
780,149700114216263,"[""hex-band"",19,0,17]",20.2649944486,210.59999999999999
781,20960176619126,"[""hex-band"",19,0,18]",10.1324972243,216.44999999999999
782,113194571958480,"[""hex-band"",19,1,0]",0,222.30000000000001
783,172388075471967,"[""hex-band"",19,1,1]",-10.1324972243,216.44999999999999
784,272068060727590,"[""hex-band"",19,1,2]",-20.2649944486,210.59999999999999
785,137680561038175,"[""hex-band"",19,1,3]",-30.397491672800001,204.75
786,23583510876386,"[""hex-band"",19,1,4]",-40.529988897099997,198.90000000000001
787,134731824099247,"[""hex-band"",19,1,5]",-50.662486121400001,193.05000000000001
788,205015715033781,"[""hex-band"",19,1,6]",-60.794983345699997,187.19999999999999
789,258917117022987,"[""hex-band"",19,1,7]",-70.927480569899998,181.34999999999999
790,19714269552980,"[""hex-band"",19,1,8]",-81.059977794199995,175.5
791,98456764686721,"[""hex-band"",19,1,9]",-91.192475018500005,169.65000000000001
792,26231425687860,"[""hex-band"",19,1,10]",-101.3249722428,163.80000000000001
793,124596872093148,"[""hex-band"",19,1,11]",-111.4574694671,157.94999999999999
794,178470263841652,"[""hex-band"",19,1,12]",-121.58996669130001,152.09999999999999
795,83882679573437,"[""hex-band"",19,1,13]",-131.7224639156,146.25
796,115975320017581,"[""hex-band"",19,1,14]",-141.85496113990001,140.40000000000001
797,99078758707247,"[""hex-band"",19,1,15]",-151.98745836419999,134.55000000000001
798,210324240065987,"[""hex-band"",19,1,16]",-162.11995558839999,128.69999999999999
799,67279384935732,"[""hex-band"",19,1,17]",-172.2524528127,122.84999999999999
800,174124759317216,"[""hex-band"",19,1,18]",-182.38495003700001,117
801,170732161088740,"[""hex-band"",19,2,0]",-192.51744726129999,111.15000000000001
802,101773489034827,"[""hex-band"",19,2,1]",-192.51744726129999,99.450000000000003
803,6303551434328,"[""hex-band"",19,2,2]",-192.51744726129999,87.75
804,160603933858934,"[""hex-band"",19,2,3]",-192.51744726129999,76.049999999999997
805,36866375505872,"[""hex-band"",19,2,4]",-192.51744726129999,64.349999999999994
806,99267205637123,"[""hex-band"",19,2,5]",-192.51744726129999,52.649999999999999
807,202875439924180,"[""hex-band"",19,2,6]",-192.51744726129999,40.950000000000003
808,203256773232183,"[""hex-band"",19,2,7]",-192.51744726129999,29.25
809,226305547413209,"[""hex-band"",19,2,8]",-192.51744726129999,17.550000000000001
810,80178581372813,"[""hex-band"",19,2,9]",-192.51744726129999,5.8499999999999996
811,73296340969442,"[""hex-band"",19,2,10]",-192.51744726129999,-5.8499999999999996
812,8949008389888,"[""hex-band"",19,2,11]",-192.51744726129999,-17.550000000000001
813,124754533996325,"[""hex-band"",19,2,12]",-192.51744726129999,-29.25
814,3572328726401,"[""hex-band"",19,2,13]",-192.51744726129999,-40.950000000000003
815,120098788537275,"[""hex-band"",19,2,14]",-192.51744726129999,-52.649999999999999
816,244963133114370,"[""hex-band"",19,2,15]",-192.51744726129999,-64.349999999999994
817,117825569590153,"[""hex-band"",19,2,16]",-192.51744726129999,-76.049999999999997
818,265248850318953,"[""hex-band"",19,2,17]",-192.51744726129999,-87.75
819,175591248910396,"[""hex-band"",19,2,18]",-192.51744726129999,-99.450000000000003
820,226937122588977,"[""hex-band"",19,3,0]",-192.51744726129999,-111.15000000000001
821,42192931695846,"[""hex-band"",19,3,1]",-182.38495003700001,-117
822,32775660491141,"[""hex-band"",19,3,2]",-172.2524528127,-122.84999999999999
823,127110089342278,"[""hex-band"",19,3,3]",-162.11995558839999,-128.69999999999999
824,198718583165423,"[""hex-band"",19,3,4]",-151.98745836419999,-134.55000000000001
825,35986789080242,"[""hex-band"",19,3,5]",-141.85496113990001,-140.40000000000001
826,181637571894787,"[""hex-band"",19,3,6]",-131.7224639156,-146.25
827,275635345071777,"[""hex-band"",19,3,7]",-121.58996669130001,-152.09999999999999
828,159530777404426,"[""hex-band"",19,3,8]",-111.4574694671,-157.94999999999999
829,155657543033117,"[""hex-band"",19,3,9]",-101.3249722428,-163.80000000000001
830,179855927536561,"[""hex-band"",19,3,10]",-91.192475018500005,-169.65000000000001
831,261129796135354,"[""hex-band"",19,3,11]",-81.059977794199995,-175.5
832,204716298513842,"[""hex-band"",19,3,12]",-70.927480569899998,-181.34999999999999
833,154350247619860,"[""hex-band"",19,3,13]",-60.794983345699997,-187.19999999999999
834,201666320606585,"[""hex-band"",19,3,14]",-50.662486121400001,-193.05000000000001
835,112566425244093,"[""hex-band"",19,3,15]",-40.529988897099997,-198.90000000000001
836,33060047075800,"[""hex-band"",19,3,16]",-30.397491672800001,-204.75
837,134078159340239,"[""hex-band"",19,3,17]",-20.2649944486,-210.59999999999999
838,155219063456130,"[""hex-band"",19,3,18]",-10.1324972243,-216.44999999999999
839,114688979413884,"[""hex-band"",19,4,0]",-0,-222.30000000000001
840,38790465356178,"[""hex-band"",19,4,1]",10.1324972243,-216.44999999999999
841,238779983830284,"[""hex-band"",19,4,2]",20.2649944486,-210.59999999999999
842,279484183545629,"[""hex-band"",19,4,3]",30.397491672800001,-204.75
843,147331950236671,"[""hex-band"",19,4,4]",40.529988897099997,-198.90000000000001
844,208895152278658,"[""hex-band"",19,4,5]",50.662486121400001,-193.05000000000001
845,98204660851684,"[""hex-band"",19,4,6]",60.794983345699997,-187.19999999999999
846,241058302133157,"[""hex-band"",19,4,7]",70.927480569899998,-181.34999999999999
847,52873196738872,"[""hex-band"",19,4,8]",81.059977794199995,-175.5
848,220211231134150,"[""hex-band"",19,4,9]",91.192475018500005,-169.65000000000001
849,179653795423529,"[""hex-band"",19,4,10]",101.3249722428,-163.80000000000001
850,67012550990980,"[""hex-band"",19,4,11]",111.4574694671,-157.94999999999999
851,153172327807741,"[""hex-band"",19,4,12]",121.58996669130001,-152.09999999999999
852,201080898837756,"[""hex-band"",19,4,13]",131.7224639156,-146.25
853,259378735349359,"[""hex-band"",19,4,14]",141.85496113990001,-140.40000000000001
854,25376223930464,"[""hex-band"",19,4,15]",151.98745836419999,-134.55000000000001
855,7521190267934,"[""hex-band"",19,4,16]",162.11995558839999,-128.69999999999999
856,107063890206797,"[""hex-band"",19,4,17]",172.2524528127,-122.84999999999999
857,132349412846845,"[""hex-band"",19,4,18]",182.38495003700001,-117
858,204723632506894,"[""hex-band"",19,5,0]",192.51744726129999,-111.15000000000001
859,132650836264506,"[""hex-band"",19,5,1]",192.51744726129999,-99.450000000000003
860,251185263271179,"[""hex-band"",19,5,2]",192.51744726129999,-87.75
861,144965648828604,"[""hex-band"",19,5,3]",192.51744726129999,-76.049999999999997
862,169403184123707,"[""hex-band"",19,5,4]",192.51744726129999,-64.349999999999994
863,233423843945981,"[""hex-band"",19,5,5]",192.51744726129999,-52.649999999999999
864,42773139240179,"[""hex-band"",19,5,6]",192.51744726129999,-40.950000000000003
865,6628254188528,"[""hex-band"",19,5,7]",192.51744726129999,-29.25
866,22175223443480,"[""hex-band"",19,5,8]",192.51744726129999,-17.550000000000001
867,163944941228908,"[""hex-band"",19,5,9]",192.51744726129999,-5.8499999999999996
868,110307096390873,"[""hex-band"",19,5,10]",192.51744726129999,5.8499999999999996
869,96380280480500,"[""hex-band"",19,5,11]",192.51744726129999,17.550000000000001
870,14055541241234,"[""hex-band"",19,5,12]",192.51744726129999,29.25
871,80112333021167,"[""hex-band"",19,5,13]",192.51744726129999,40.950000000000003
872,118044384971813,"[""hex-band"",19,5,14]",192.51744726129999,52.649999999999999
873,273067617613983,"[""hex-band"",19,5,15]",192.51744726129999,64.349999999999994
874,224880435566056,"[""hex-band"",19,5,16]",192.51744726129999,76.049999999999997
875,279408712510251,"[""hex-band"",19,5,17]",192.51744726129999,87.75
876,232575211743493,"[""hex-band"",19,5,18]",192.51744726129999,99.450000000000003
877,76691010042098,"[""hex-band"",20,0,0]",202.6499444856,117
878,185260668022991,"[""hex-band"",20,0,1]",192.51744726129999,122.84999999999999
879,88155112598818,"[""hex-band"",20,0,2]",182.38495003700001,128.69999999999999
880,157917950600605,"[""hex-band"",20,0,3]",172.2524528127,134.55000000000001
881,36041327823188,"[""hex-band"",20,0,4]",162.11995558839999,140.40000000000001
882,207801145164,"[""hex-band"",20,0,5]",151.98745836419999,146.25
883,247634171833769,"[""hex-band"",20,0,6]",141.85496113990001,152.09999999999999
884,196491582754715,"[""hex-band"",20,0,7]",131.7224639156,157.94999999999999
885,172852143170941,"[""hex-band"",20,0,8]",121.58996669130001,163.80000000000001
886,202308700772999,"[""hex-band"",20,0,9]",111.4574694671,169.65000000000001
887,17078461340537,"[""hex-band"",20,0,10]",101.3249722428,175.5
888,249217517211115,"[""hex-band"",20,0,11]",91.192475018500005,181.34999999999999
889,108304591624043,"[""hex-band"",20,0,12]",81.059977794199995,187.19999999999999
890,34888769702734,"[""hex-band"",20,0,13]",70.927480569899998,193.05000000000001
891,92900853426488,"[""hex-band"",20,0,14]",60.794983345699997,198.90000000000001
892,214625162511063,"[""hex-band"",20,0,15]",50.662486121400001,204.75
893,18003924885376,"[""hex-band"",20,0,16]",40.529988897099997,210.59999999999999
894,124498807154694,"[""hex-band"",20,0,17]",30.397491672800001,216.44999999999999
895,165200003510746,"[""hex-band"",20,0,18]",20.2649944486,222.30000000000001
896,134778155411117,"[""hex-band"",20,0,19]",10.1324972243,228.15000000000001
897,183511091236900,"[""hex-band"",20,1,0]",0,234
898,182969536101410,"[""hex-band"",20,1,1]",-10.1324972243,228.15000000000001
899,135207210702881,"[""hex-band"",20,1,2]",-20.2649944486,222.30000000000001
900,17248539010439,"[""hex-band"",20,1,3]",-30.397491672800001,216.44999999999999
901,247487177261427,"[""hex-band"",20,1,4]",-40.529988897099997,210.59999999999999
902,242161852914333,"[""hex-band"",20,1,5]",-50.662486121400001,204.75
903,141540426133935,"[""hex-band"",20,1,6]",-60.794983345699997,198.90000000000001
904,15539910590182,"[""hex-band"",20,1,7]",-70.927480569899998,193.05000000000001
905,91975628599030,"[""hex-band"",20,1,8]",-81.059977794199995,187.19999999999999
906,206284960028719,"[""hex-band"",20,1,9]",-91.192475018500005,181.34999999999999
907,38594704330969,"[""hex-band"",20,1,10]",-101.3249722428,175.5
908,138736060398613,"[""hex-band"",20,1,11]",-111.4574694671,169.65000000000001
909,238521628496254,"[""hex-band"",20,1,12]",-121.58996669130001,163.80000000000001
910,32797692385451,"[""hex-band"",20,1,13]",-131.7224639156,157.94999999999999
911,127642450899081,"[""hex-band"",20,1,14]",-141.85496113990001,152.09999999999999
912,166109877019545,"[""hex-band"",20,1,15]",-151.98745836419999,146.25
913,196809287291313,"[""hex-band"",20,1,16]",-162.11995558839999,140.40000000000001
914,91136179945142,"[""hex-band"",20,1,17]",-172.2524528127,134.55000000000001
915,209484340318058,"[""hex-band"",20,1,18]",-182.38495003700001,128.69999999999999
916,198074046534707,"[""hex-band"",20,1,19]",-192.51744726129999,122.84999999999999
917,108861095334091,"[""hex-band"",20,2,0]",-202.6499444856,117
918,64842504621441,"[""hex-band"",20,2,1]",-202.6499444856,105.3
919,270463792947196,"[""hex-band"",20,2,2]",-202.6499444856,93.599999999999994
920,144931711217426,"[""hex-band"",20,2,3]",-202.6499444856,81.900000000000006
921,59951971486069,"[""hex-band"",20,2,4]",-202.6499444856,70.200000000000003
922,62238401660579,"[""hex-band"",20,2,5]",-202.6499444856,58.5
923,137354355570470,"[""hex-band"",20,2,6]",-202.6499444856,46.799999999999997
924,258080345142873,"[""hex-band"",20,2,7]",-202.6499444856,35.100000000000001
925,280996709557243,"[""hex-band"",20,2,8]",-202.6499444856,23.399999999999999
926,155326184263793,"[""hex-band"",20,2,9]",-202.6499444856,11.699999999999999
927,205441132478372,"[""hex-band"",20,2,10]",-202.6499444856,0
928,137261995831320,"[""hex-band"",20,2,11]",-202.6499444856,-11.699999999999999
929,120737889994402,"[""hex-band"",20,2,12]",-202.6499444856,-23.399999999999999
930,245255481928935,"[""hex-band"",20,2,13]",-202.6499444856,-35.100000000000001
931,158325462151219,"[""hex-band"",20,2,14]",-202.6499444856,-46.799999999999997
932,94073131946719,"[""hex-band"",20,2,15]",-202.6499444856,-58.5
933,180961668085356,"[""hex-band"",20,2,16]",-202.6499444856,-70.200000000000003
934,68824890214784,"[""hex-band"",20,2,17]",-202.6499444856,-81.900000000000006
935,220458699795959,"[""hex-band"",20,2,18]",-202.6499444856,-93.599999999999994
936,111093555848288,"[""hex-band"",20,2,19]",-202.6499444856,-105.3
937,206468015216722,"[""hex-band"",20,3,0]",-202.6499444856,-117
938,162873804594374,"[""hex-band"",20,3,1]",-192.51744726129999,-122.84999999999999
939,35082516047053,"[""hex-band"",20,3,2]",-182.38495003700001,-128.69999999999999
940,171615578649896,"[""hex-band"",20,3,3]",-172.2524528127,-134.55000000000001
941,64309214485470,"[""hex-band"",20,3,4]",-162.11995558839999,-140.40000000000001
942,253897258127825,"[""hex-band"",20,3,5]",-151.98745836419999,-146.25
943,31171345190094,"[""hex-band"",20,3,6]",-141.85496113990001,-152.09999999999999
944,95461296811641,"[""hex-band"",20,3,7]",-131.7224639156,-157.94999999999999
945,109982746697169,"[""hex-band"",20,3,8]",-121.58996669130001,-163.80000000000001
946,224202931025020,"[""hex-band"",20,3,9]",-111.4574694671,-169.65000000000001
947,259255712566805,"[""hex-band"",20,3,10]",-101.3249722428,-175.5
948,60782394074624,"[""hex-band"",20,3,11]",-91.192475018500005,-181.34999999999999
949,244421259873662,"[""hex-band"",20,3,12]",-81.059977794199995,-187.19999999999999
950,47245786412427,"[""hex-band"",20,3,13]",-70.927480569899998,-193.05000000000001
951,139578936430878,"[""hex-band"",20,3,14]",-60.794983345699997,-198.90000000000001
952,138806388010371,"[""hex-band"",20,3,15]",-50.662486121400001,-204.75
953,100364776124025,"[""hex-band"",20,3,16]",-40.529988897099997,-210.59999999999999
954,98041948105246,"[""hex-band"",20,3,17]",-30.397491672800001,-216.44999999999999
955,180954067004717,"[""hex-band"",20,3,18]",-20.2649944486,-222.30000000000001
956,146783849210752,"[""hex-band"",20,3,19]",-10.1324972243,-228.15000000000001
957,266636968823920,"[""hex-band"",20,4,0]",-0,-234
958,216523807404458,"[""hex-band"",20,4,1]",10.1324972243,-228.15000000000001
959,82965823938516,"[""hex-band"",20,4,2]",20.2649944486,-222.30000000000001
960,222502014376233,"[""hex-band"",20,4,3]",30.397491672800001,-216.44999999999999
961,163320202797556,"[""hex-band"",20,4,4]",40.529988897099997,-210.59999999999999
962,100484688345905,"[""hex-band"",20,4,5]",50.662486121400001,-204.75
963,129902903138784,"[""hex-band"",20,4,6]",60.794983345699997,-198.90000000000001
964,274113243426616,"[""hex-band"",20,4,7]",70.927480569899998,-193.05000000000001
965,103645213210371,"[""hex-band"",20,4,8]",81.059977794199995,-187.19999999999999
966,267248415728007,"[""hex-band"",20,4,9]",91.192475018500005,-181.34999999999999
967,236803027739952,"[""hex-band"",20,4,10]",101.3249722428,-175.5
968,201065809946193,"[""hex-band"",20,4,11]",111.4574694671,-169.65000000000001
969,60634957005444,"[""hex-band"",20,4,12]",121.58996669130001,-163.80000000000001
970,184177763225361,"[""hex-band"",20,4,13]",131.7224639156,-157.94999999999999
971,90541462158811,"[""hex-band"",20,4,14]",141.85496113990001,-152.09999999999999
972,246782371221094,"[""hex-band"",20,4,15]",151.98745836419999,-146.25
973,87287899014764,"[""hex-band"",20,4,16]",162.11995558839999,-140.40000000000001
974,228498540696886,"[""hex-band"",20,4,17]",172.2524528127,-134.55000000000001
975,78087319340677,"[""hex-band"",20,4,18]",182.38495003700001,-128.69999999999999
976,88170938893600,"[""hex-band"",20,4,19]",192.51744726129999,-122.84999999999999
977,278410094008584,"[""hex-band"",20,5,0]",202.6499444856,-117
978,94619287208399,"[""hex-band"",20,5,1]",202.6499444856,-105.3
979,234613053213651,"[""hex-band"",20,5,2]",202.6499444856,-93.599999999999994
980,247931158397978,"[""hex-band"",20,5,3]",202.6499444856,-81.900000000000006
981,165344392994961,"[""hex-band"",20,5,4]",202.6499444856,-70.200000000000003
982,185764993509957,"[""hex-band"",20,5,5]",202.6499444856,-58.5
983,233996228460382,"[""hex-band"",20,5,6]",202.6499444856,-46.799999999999997
984,128746035072428,"[""hex-band"",20,5,7]",202.6499444856,-35.100000000000001
985,179322777703759,"[""hex-band"",20,5,8]",202.6499444856,-23.399999999999999
986,252892821646728,"[""hex-band"",20,5,9]",202.6499444856,-11.699999999999999
987,7539965213599,"[""hex-band"",20,5,10]",202.6499444856,-0
988,267526342616421,"[""hex-band"",20,5,11]",202.6499444856,11.699999999999999
989,218888471985381,"[""hex-band"",20,5,12]",202.6499444856,23.399999999999999
990,25960903107727,"[""hex-band"",20,5,13]",202.6499444856,35.100000000000001
991,244978692398262,"[""hex-band"",20,5,14]",202.6499444856,46.799999999999997
992,233209790624051,"[""hex-band"",20,5,15]",202.6499444856,58.5
993,13009778062566,"[""hex-band"",20,5,16]",202.6499444856,70.200000000000003
994,165621528030170,"[""hex-band"",20,5,17]",202.6499444856,81.900000000000006
995,14053171881029,"[""hex-band"",20,5,18]",202.6499444856,93.599999999999994
996,254780917261232,"[""hex-band"",20,5,19]",202.6499444856,105.3
997,105643758878958,"[""hex-band"",21,0,0]",212.7824417098,122.84999999999999
998,212716329672631,"[""hex-band"",21,0,1]",202.6499444856,128.69999999999999
999,171264852760934,"[""hex-band"",21,0,2]",192.51744726129999,134.55000000000001
1000,237121733937949,"[""hex-band"",21,0,3]",182.38495003700001,140.40000000000001
1001,182028481565491,"[""hex-band"",21,0,4]",172.2524528127,146.25
1002,75617359390061,"[""hex-band"",21,0,5]",162.11995558839999,152.09999999999999
1003,7989606217860,"[""hex-band"",21,0,6]",151.98745836419999,157.94999999999999
1004,223262520386703,"[""hex-band"",21,0,7]",141.85496113990001,163.80000000000001
1005,270933673075237,"[""hex-band"",21,0,8]",131.7224639156,169.65000000000001
1006,94517737693432,"[""hex-band"",21,0,9]",121.58996669130001,175.5
1007,59613728263041,"[""hex-band"",21,0,10]",111.4574694671,181.34999999999999
1008,250301945263408,"[""hex-band"",21,0,11]",101.3249722428,187.19999999999999
1009,2760911191837,"[""hex-band"",21,0,12]",91.192475018500005,193.05000000000001
1010,233279035851103,"[""hex-band"",21,0,13]",81.059977794199995,198.90000000000001
1011,269349549320385,"[""hex-band"",21,0,14]",70.927480569899998,204.75
1012,219222269516147,"[""hex-band"",21,0,15]",60.794983345699997,210.59999999999999
1013,77967859884130,"[""hex-band"",21,0,16]",50.662486121400001,216.44999999999999
1014,222295528424872,"[""hex-band"",21,0,17]",40.529988897099997,222.30000000000001
1015,16718074673160,"[""hex-band"",21,0,18]",30.397491672800001,228.15000000000001
1016,43214027070549,"[""hex-band"",21,0,19]",20.2649944486,234
1017,106972374228859,"[""hex-band"",21,0,20]",10.1324972243,239.84999999999999
1018,240183583350354,"[""hex-band"",21,1,0]",0,245.69999999999999
1019,11577087536865,"[""hex-band"",21,1,1]",-10.1324972243,239.84999999999999
1020,11663067426674,"[""hex-band"",21,1,2]",-20.2649944486,234
1021,6726831214695,"[""hex-band"",21,1,3]",-30.397491672800001,228.15000000000001
1022,281300900341306,"[""hex-band"",21,1,4]",-40.529988897099997,222.30000000000001
1023,46456229095399,"[""hex-band"",21,1,5]",-50.662486121400001,216.44999999999999
1024,243042786613657,"[""hex-band"",21,1,6]",-60.794983345699997,210.59999999999999
1025,4760693406489,"[""hex-band"",21,1,7]",-70.927480569899998,204.75
1026,42881970719435,"[""hex-band"",21,1,8]",-81.059977794199995,198.90000000000001
1027,245713570993531,"[""hex-band"",21,1,9]",-91.192475018500005,193.05000000000001
1028,27241067989236,"[""hex-band"",21,1,10]",-101.3249722428,187.19999999999999
1029,221603411080905,"[""hex-band"",21,1,11]",-111.4574694671,181.34999999999999
1030,139448662041155,"[""hex-band"",21,1,12]",-121.58996669130001,175.5
1031,123038187067318,"[""hex-band"",21,1,13]",-131.7224639156,169.65000000000001
1032,51671842675726,"[""hex-band"",21,1,14]",-141.85496113990001,163.80000000000001
1033,250916459060668,"[""hex-band"",21,1,15]",-151.98745836419999,157.94999999999999
1034,75622904410613,"[""hex-band"",21,1,16]",-162.11995558839999,152.09999999999999
1035,86844867059459,"[""hex-band"",21,1,17]",-172.2524528127,146.25
1036,6548954796629,"[""hex-band"",21,1,18]",-182.38495003700001,140.40000000000001
1037,61095635164882,"[""hex-band"",21,1,19]",-192.51744726129999,134.55000000000001
1038,104574480998749,"[""hex-band"",21,1,20]",-202.6499444856,128.69999999999999
1039,273954640292721,"[""hex-band"",21,2,0]",-212.7824417098,122.84999999999999
1040,224836791861298,"[""hex-band"",21,2,1]",-212.7824417098,111.15000000000001
1041,78398118508199,"[""hex-band"",21,2,2]",-212.7824417098,99.450000000000003
1042,102288170850487,"[""hex-band"",21,2,3]",-212.7824417098,87.75
1043,243687362670159,"[""hex-band"",21,2,4]",-212.7824417098,76.049999999999997
1044,168041574076937,"[""hex-band"",21,2,5]",-212.7824417098,64.349999999999994
1045,245042229162781,"[""hex-band"",21,2,6]",-212.7824417098,52.649999999999999
1046,24158052495237,"[""hex-band"",21,2,7]",-212.7824417098,40.950000000000003
1047,90508799595817,"[""hex-band"",21,2,8]",-212.7824417098,29.25
1048,173725521258656,"[""hex-band"",21,2,9]",-212.7824417098,17.550000000000001
1049,143718597086561,"[""hex-band"",21,2,10]",-212.7824417098,5.8499999999999996
1050,217166878014401,"[""hex-band"",21,2,11]",-212.7824417098,-5.8499999999999996
1051,278206821124101,"[""hex-band"",21,2,12]",-212.7824417098,-17.550000000000001
1052,222883286203872,"[""hex-band"",21,2,13]",-212.7824417098,-29.25
1053,120421120337179,"[""hex-band"",21,2,14]",-212.7824417098,-40.950000000000003
1054,203646292122952,"[""hex-band"",21,2,15]",-212.7824417098,-52.649999999999999
1055,238575999355041,"[""hex-band"",21,2,16]",-212.7824417098,-64.349999999999994
1056,149833437418530,"[""hex-band"",21,2,17]",-212.7824417098,-76.049999999999997
1057,270544167218991,"[""hex-band"",21,2,18]",-212.7824417098,-87.75
1058,162347655202909,"[""hex-band"",21,2,19]",-212.7824417098,-99.450000000000003
1059,50478428029470,"[""hex-band"",21,2,20]",-212.7824417098,-111.15000000000001
1060,5516986325876,"[""hex-band"",21,3,0]",-212.7824417098,-122.84999999999999
1061,166440283313624,"[""hex-band"",21,3,1]",-202.6499444856,-128.69999999999999
1062,224188893731913,"[""hex-band"",21,3,2]",-192.51744726129999,-134.55000000000001
1063,232165891354971,"[""hex-band"",21,3,3]",-182.38495003700001,-140.40000000000001
1064,150241107032086,"[""hex-band"",21,3,4]",-172.2524528127,-146.25
1065,76217910118881,"[""hex-band"",21,3,5]",-162.11995558839999,-152.09999999999999
1066,54745554149436,"[""hex-band"",21,3,6]",-151.98745836419999,-157.94999999999999
1067,76721836039582,"[""hex-band"",21,3,7]",-141.85496113990001,-163.80000000000001
1068,8501836491072,"[""hex-band"",21,3,8]",-131.7224639156,-169.65000000000001
1069,170038187024975,"[""hex-band"",21,3,9]",-121.58996669130001,-175.5
1070,64819658207831,"[""hex-band"",21,3,10]",-111.4574694671,-181.34999999999999
1071,269886327639639,"[""hex-band"",21,3,11]",-101.3249722428,-187.19999999999999
1072,89780158475035,"[""hex-band"",21,3,12]",-91.192475018500005,-193.05000000000001
1073,171682995559755,"[""hex-band"",21,3,13]",-81.059977794199995,-198.90000000000001
1074,244427763916421,"[""hex-band"",21,3,14]",-70.927480569899998,-204.75
1075,71816820809815,"[""hex-band"",21,3,15]",-60.794983345699997,-210.59999999999999
1076,213295443474083,"[""hex-band"",21,3,16]",-50.662486121400001,-216.44999999999999
1077,56980726388782,"[""hex-band"",21,3,17]",-40.529988897099997,-222.30000000000001
1078,188931606694124,"[""hex-band"",21,3,18]",-30.397491672800001,-228.15000000000001
1079,243365930169195,"[""hex-band"",21,3,19]",-20.2649944486,-234
1080,13902916222524,"[""hex-band"",21,3,20]",-10.1324972243,-239.84999999999999
1081,151415356849378,"[""hex-band"",21,4,0]",-0,-245.69999999999999
1082,202895452876794,"[""hex-band"",21,4,1]",10.1324972243,-239.84999999999999
1083,89603096861415,"[""hex-band"",21,4,2]",20.2649944486,-234
1084,280348031882715,"[""hex-band"",21,4,3]",30.397491672800001,-228.15000000000001
1085,251207196972414,"[""hex-band"",21,4,4]",40.529988897099997,-222.30000000000001
1086,277269446793208,"[""hex-band"",21,4,5]",50.662486121400001,-216.44999999999999
1087,208347194102835,"[""hex-band"",21,4,6]",60.794983345699997,-210.59999999999999
1088,170478842404935,"[""hex-band"",21,4,7]",70.927480569899998,-204.75
1089,277654033181189,"[""hex-band"",21,4,8]",81.059977794199995,-198.90000000000001
1090,151105788889205,"[""hex-band"",21,4,9]",91.192475018500005,-193.05000000000001
1091,113700626299600,"[""hex-band"",21,4,10]",101.3249722428,-187.19999999999999
1092,266164204216602,"[""hex-band"",21,4,11]",111.4574694671,-181.34999999999999
1093,4149877291014,"[""hex-band"",21,4,12]",121.58996669130001,-175.5
1094,121067924849837,"[""hex-band"",21,4,13]",131.7224639156,-169.65000000000001
1095,106157915962941,"[""hex-band"",21,4,14]",141.85496113990001,-163.80000000000001
1096,273868852092119,"[""hex-band"",21,4,15]",151.98745836419999,-157.94999999999999
1097,68620991423110,"[""hex-band"",21,4,16]",162.11995558839999,-152.09999999999999
1098,155477095646389,"[""hex-band"",21,4,17]",172.2524528127,-146.25
1099,46143604032063,"[""hex-band"",21,4,18]",182.38495003700001,-140.40000000000001
1100,95934671105308,"[""hex-band"",21,4,19]",192.51744726129999,-134.55000000000001
1101,235976069357623,"[""hex-band"",21,4,20]",202.6499444856,-128.69999999999999
1102,30254958803598,"[""hex-band"",21,5,0]",212.7824417098,-122.84999999999999
1103,176803769576075,"[""hex-band"",21,5,1]",212.7824417098,-111.15000000000001
1104,136946145397055,"[""hex-band"",21,5,2]",212.7824417098,-99.450000000000003
1105,190227748326632,"[""hex-band"",21,5,3]",212.7824417098,-87.75
1106,11540620783220,"[""hex-band"",21,5,4]",212.7824417098,-76.049999999999997
1107,43832022389604,"[""hex-band"",21,5,5]",212.7824417098,-64.349999999999994
1108,40124985027946,"[""hex-band"",21,5,6]",212.7824417098,-52.649999999999999
1109,270670368653582,"[""hex-band"",21,5,7]",212.7824417098,-40.950000000000003
1110,86451798629808,"[""hex-band"",21,5,8]",212.7824417098,-29.25
1111,142236850832927,"[""hex-band"",21,5,9]",212.7824417098,-17.550000000000001
1112,268290553525843,"[""hex-band"",21,5,10]",212.7824417098,-5.8499999999999996
1113,201996725548975,"[""hex-band"",21,5,11]",212.7824417098,5.8499999999999996
1114,34653238745817,"[""hex-band"",21,5,12]",212.7824417098,17.550000000000001
1115,105079558834865,"[""hex-band"",21,5,13]",212.7824417098,29.25
1116,153698244821938,"[""hex-band"",21,5,14]",212.7824417098,40.950000000000003
1117,30322905919994,"[""hex-band"",21,5,15]",212.7824417098,52.649999999999999
1118,101823108497127,"[""hex-band"",21,5,16]",212.7824417098,64.349999999999994
1119,147652304860173,"[""hex-band"",21,5,17]",212.7824417098,76.049999999999997
1120,237728728146025,"[""hex-band"",21,5,18]",212.7824417098,87.75
1121,117104392096005,"[""hex-band"",21,5,19]",212.7824417098,99.450000000000003
1122,161791183304527,"[""hex-band"",21,5,20]",212.7824417098,111.15000000000001
1123,28246470719870,"[""hex-band"",22,0,0]",222.91493893410001,128.69999999999999
1124,150185488004108,"[""hex-band"",22,0,1]",212.7824417098,134.55000000000001
1125,134265115931390,"[""hex-band"",22,0,2]",202.6499444856,140.40000000000001
1126,197480526380000,"[""hex-band"",22,0,3]",192.51744726129999,146.25
1127,136279550767831,"[""hex-band"",22,0,4]",182.38495003700001,152.09999999999999
1128,187591907365686,"[""hex-band"",22,0,5]",172.2524528127,157.94999999999999
1129,52027745357535,"[""hex-band"",22,0,6]",162.11995558839999,163.80000000000001
1130,261827934107923,"[""hex-band"",22,0,7]",151.98745836419999,169.65000000000001
1131,50946922371652,"[""hex-band"",22,0,8]",141.85496113990001,175.5
1132,145330773283410,"[""hex-band"",22,0,9]",131.7224639156,181.34999999999999
1133,176467833574609,"[""hex-band"",22,0,10]",121.58996669130001,187.19999999999999
1134,175156867383575,"[""hex-band"",22,0,11]",111.4574694671,193.05000000000001
1135,22252952520195,"[""hex-band"",22,0,12]",101.3249722428,198.90000000000001
1136,254311302957203,"[""hex-band"",22,0,13]",91.192475018500005,204.75
1137,229527220918889,"[""hex-band"",22,0,14]",81.059977794199995,210.59999999999999
1138,269414184012029,"[""hex-band"",22,0,15]",70.927480569899998,216.44999999999999
1139,169970187945525,"[""hex-band"",22,0,16]",60.794983345699997,222.30000000000001
1140,243913741729813,"[""hex-band"",22,0,17]",50.662486121400001,228.15000000000001
1141,74214150859082,"[""hex-band"",22,0,18]",40.529988897099997,234
1142,94784367847316,"[""hex-band"",22,0,19]",30.397491672800001,239.84999999999999
1143,92180747796954,"[""hex-band"",22,0,20]",20.2649944486,245.69999999999999
1144,71499239221639,"[""hex-band"",22,0,21]",10.1324972243,251.55000000000001
1145,227579879474835,"[""hex-band"",22,1,0]",0,257.39999999999998
1146,238271803744332,"[""hex-band"",22,1,1]",-10.1324972243,251.55000000000001
1147,155684768108162,"[""hex-band"",22,1,2]",-20.2649944486,245.69999999999999
1148,112174585764919,"[""hex-band"",22,1,3]",-30.397491672800001,239.84999999999999
1149,235279059758821,"[""hex-band"",22,1,4]",-40.529988897099997,234
1150,118361598853093,"[""hex-band"",22,1,5]",-50.662486121400001,228.15000000000001
1151,133086181980558,"[""hex-band"",22,1,6]",-60.794983345699997,222.30000000000001
1152,265621506495343,"[""hex-band"",22,1,7]",-70.927480569899998,216.44999999999999
1153,159881622206317,"[""hex-band"",22,1,8]",-81.059977794199995,210.59999999999999
1154,24200683303454,"[""hex-band"",22,1,9]",-91.192475018500005,204.75
1155,128246175335430,"[""hex-band"",22,1,10]",-101.3249722428,198.90000000000001
1156,213461743731537,"[""hex-band"",22,1,11]",-111.4574694671,193.05000000000001
1157,251222801056836,"[""hex-band"",22,1,12]",-121.58996669130001,187.19999999999999
1158,280496309013242,"[""hex-band"",22,1,13]",-131.7224639156,181.34999999999999
1159,223616098473617,"[""hex-band"",22,1,14]",-141.85496113990001,175.5
1160,13476336002808,"[""hex-band"",22,1,15]",-151.98745836419999,169.65000000000001
1161,87486277096704,"[""hex-band"",22,1,16]",-162.11995558839999,163.80000000000001
1162,256715972834720,"[""hex-band"",22,1,17]",-172.2524528127,157.94999999999999
1163,157265095594675,"[""hex-band"",22,1,18]",-182.38495003700001,152.09999999999999
1164,259521304854535,"[""hex-band"",22,1,19]",-192.51744726129999,146.25
1165,118221052444267,"[""hex-band"",22,1,20]",-202.6499444856,140.40000000000001
1166,216870219361967,"[""hex-band"",22,1,21]",-212.7824417098,134.55000000000001
1167,272501427690920,"[""hex-band"",22,2,0]",-222.91493893410001,128.69999999999999
1168,189204465909013,"[""hex-band"",22,2,1]",-222.91493893410001,117
1169,138123732283324,"[""hex-band"",22,2,2]",-222.91493893410001,105.3
1170,231529892336700,"[""hex-band"",22,2,3]",-222.91493893410001,93.599999999999994
1171,191265870946383,"[""hex-band"",22,2,4]",-222.91493893410001,81.900000000000006
1172,34226768907453,"[""hex-band"",22,2,5]",-222.91493893410001,70.200000000000003
1173,14716214331565,"[""hex-band"",22,2,6]",-222.91493893410001,58.5
1174,199905555029206,"[""hex-band"",22,2,7]",-222.91493893410001,46.799999999999997
1175,267833273852900,"[""hex-band"",22,2,8]",-222.91493893410001,35.100000000000001
1176,12953821727561,"[""hex-band"",22,2,9]",-222.91493893410001,23.399999999999999
1177,214464926443909,"[""hex-band"",22,2,10]",-222.91493893410001,11.699999999999999
1178,26804226569212,"[""hex-band"",22,2,11]",-222.91493893410001,0
1179,11583135016214,"[""hex-band"",22,2,12]",-222.91493893410001,-11.699999999999999
1180,52263518784689,"[""hex-band"",22,2,13]",-222.91493893410001,-23.399999999999999
1181,138583819473548,"[""hex-band"",22,2,14]",-222.91493893410001,-35.100000000000001
1182,168482534522082,"[""hex-band"",22,2,15]",-222.91493893410001,-46.799999999999997
1183,261059928134129,"[""hex-band"",22,2,16]",-222.91493893410001,-58.5
1184,145336782228889,"[""hex-band"",22,2,17]",-222.91493893410001,-70.200000000000003
1185,263748360679435,"[""hex-band"",22,2,18]",-222.91493893410001,-81.900000000000006
1186,136419160251,"[""hex-band"",22,2,19]",-222.91493893410001,-93.599999999999994
1187,95439309929415,"[""hex-band"",22,2,20]",-222.91493893410001,-105.3
1188,59779532382070,"[""hex-band"",22,2,21]",-222.91493893410001,-117
1189,10722893687689,"[""hex-band"",22,3,0]",-222.91493893410001,-128.69999999999999
1190,146932399206598,"[""hex-band"",22,3,1]",-212.7824417098,-134.55000000000001
1191,33949280691139,"[""hex-band"",22,3,2]",-202.6499444856,-140.40000000000001
1192,24499006386064,"[""hex-band"",22,3,3]",-192.51744726129999,-146.25
1193,74440152445630,"[""hex-band"",22,3,4]",-182.38495003700001,-152.09999999999999
1194,66103631956823,"[""hex-band"",22,3,5]",-172.2524528127,-157.94999999999999
1195,126938746119286,"[""hex-band"",22,3,6]",-162.11995558839999,-163.80000000000001
1196,169867994425399,"[""hex-band"",22,3,7]",-151.98745836419999,-169.65000000000001
1197,34579459580395,"[""hex-band"",22,3,8]",-141.85496113990001,-175.5
1198,26171669870259,"[""hex-band"",22,3,9]",-131.7224639156,-181.34999999999999
1199,112122157976771,"[""hex-band"",22,3,10]",-121.58996669130001,-187.19999999999999
1200,97720532484477,"[""hex-band"",22,3,11]",-111.4574694671,-193.05000000000001
1201,41152915043064,"[""hex-band"",22,3,12]",-101.3249722428,-198.90000000000001
1202,119786141546402,"[""hex-band"",22,3,13]",-91.192475018500005,-204.75
1203,80645975313432,"[""hex-band"",22,3,14]",-81.059977794199995,-210.59999999999999
1204,207811187125789,"[""hex-band"",22,3,15]",-70.927480569899998,-216.44999999999999
1205,253260963483804,"[""hex-band"",22,3,16]",-60.794983345699997,-222.30000000000001
1206,30776468851692,"[""hex-band"",22,3,17]",-50.662486121400001,-228.15000000000001
1207,27798162696184,"[""hex-band"",22,3,18]",-40.529988897099997,-234
1208,236807230110247,"[""hex-band"",22,3,19]",-30.397491672800001,-239.84999999999999
1209,10003346314693,"[""hex-band"",22,3,20]",-20.2649944486,-245.69999999999999
1210,101820820224885,"[""hex-band"",22,3,21]",-10.1324972243,-251.55000000000001
1211,152184802772585,"[""hex-band"",22,4,0]",-0,-257.39999999999998
1212,25081652887395,"[""hex-band"",22,4,1]",10.1324972243,-251.55000000000001
1213,73459430894111,"[""hex-band"",22,4,2]",20.2649944486,-245.69999999999999
1214,172163015902702,"[""hex-band"",22,4,3]",30.397491672800001,-239.84999999999999
1215,97084509119070,"[""hex-band"",22,4,4]",40.529988897099997,-234
1216,127023136664249,"[""hex-band"",22,4,5]",50.662486121400001,-228.15000000000001
1217,116699584741331,"[""hex-band"",22,4,6]",60.794983345699997,-222.30000000000001
1218,175656079852089,"[""hex-band"",22,4,7]",70.927480569899998,-216.44999999999999
1219,217876055075115,"[""hex-band"",22,4,8]",81.059977794199995,-210.59999999999999
1220,50038071989792,"[""hex-band"",22,4,9]",91.192475018500005,-204.75
1221,5780580862997,"[""hex-band"",22,4,10]",101.3249722428,-198.90000000000001
1222,274128396043439,"[""hex-band"",22,4,11]",111.4574694671,-193.05000000000001
1223,55013109994436,"[""hex-band"",22,4,12]",121.58996669130001,-187.19999999999999
1224,109166654912224,"[""hex-band"",22,4,13]",131.7224639156,-181.34999999999999
1225,16610130143722,"[""hex-band"",22,4,14]",141.85496113990001,-175.5
1226,53031884293756,"[""hex-band"",22,4,15]",151.98745836419999,-169.65000000000001
1227,199068279870452,"[""hex-band"",22,4,16]",162.11995558839999,-163.80000000000001
1228,195939993604643,"[""hex-band"",22,4,17]",172.2524528127,-157.94999999999999
1229,234376681007876,"[""hex-band"",22,4,18]",182.38495003700001,-152.09999999999999
1230,70450046170057,"[""hex-band"",22,4,19]",192.51744726129999,-146.25
1231,228044349795114,"[""hex-band"",22,4,20]",202.6499444856,-140.40000000000001
1232,15708273481529,"[""hex-band"",22,4,21]",212.7824417098,-134.55000000000001
1233,125051696612637,"[""hex-band"",22,5,0]",222.91493893410001,-128.69999999999999
1234,68687695537473,"[""hex-band"",22,5,1]",222.91493893410001,-117
1235,235706523588336,"[""hex-band"",22,5,2]",222.91493893410001,-105.3
1236,277099631355104,"[""hex-band"",22,5,3]",222.91493893410001,-93.599999999999994
1237,193179417199651,"[""hex-band"",22,5,4]",222.91493893410001,-81.900000000000006
1238,53738520098516,"[""hex-band"",22,5,5]",222.91493893410001,-70.200000000000003
1239,114258653831695,"[""hex-band"",22,5,6]",222.91493893410001,-58.5
1240,121358499121250,"[""hex-band"",22,5,7]",222.91493893410001,-46.799999999999997
1241,177468441997985,"[""hex-band"",22,5,8]",222.91493893410001,-35.100000000000001
1242,4766614859226,"[""hex-band"",22,5,9]",222.91493893410001,-23.399999999999999
1243,268808352709690,"[""hex-band"",22,5,10]",222.91493893410001,-11.699999999999999
1244,149915994569958,"[""hex-band"",22,5,11]",222.91493893410001,-0
1245,71954801884407,"[""hex-band"",22,5,12]",222.91493893410001,11.699999999999999
1246,99308429788021,"[""hex-band"",22,5,13]",222.91493893410001,23.399999999999999
1247,11346667071366,"[""hex-band"",22,5,14]",222.91493893410001,35.100000000000001
1248,97017370076780,"[""hex-band"",22,5,15]",222.91493893410001,46.799999999999997
1249,59924412817791,"[""hex-band"",22,5,16]",222.91493893410001,58.5
1250,27711304612364,"[""hex-band"",22,5,17]",222.91493893410001,70.200000000000003
1251,271706532651185,"[""hex-band"",22,5,18]",222.91493893410001,81.900000000000006
1252,124407256526061,"[""hex-band"",22,5,19]",222.91493893410001,93.599999999999994
1253,153424986566818,"[""hex-band"",22,5,20]",222.91493893410001,105.3
1254,89989110350937,"[""hex-band"",22,5,21]",222.91493893410001,117
1255,118599271939391,"[""hex-band"",23,0,0]",233.04743615839999,134.55000000000001
1256,268783165320978,"[""hex-band"",23,0,1]",222.91493893410001,140.40000000000001
1257,168980307653382,"[""hex-band"",23,0,2]",212.7824417098,146.25
1258,266511480466319,"[""hex-band"",23,0,3]",202.6499444856,152.09999999999999
1259,232563835672268,"[""hex-band"",23,0,4]",192.51744726129999,157.94999999999999
1260,177301619834975,"[""hex-band"",23,0,5]",182.38495003700001,163.80000000000001
1261,37486006735003,"[""hex-band"",23,0,6]",172.2524528127,169.65000000000001
1262,42183769528154,"[""hex-band"",23,0,7]",162.11995558839999,175.5
1263,231031716435705,"[""hex-band"",23,0,8]",151.98745836419999,181.34999999999999
1264,224095180057315,"[""hex-band"",23,0,9]",141.85496113990001,187.19999999999999
1265,264109035979176,"[""hex-band"",23,0,10]",131.7224639156,193.05000000000001
1266,188434055233588,"[""hex-band"",23,0,11]",121.58996669130001,198.90000000000001
1267,25579623933349,"[""hex-band"",23,0,12]",111.4574694671,204.75
1268,248937193806662,"[""hex-band"",23,0,13]",101.3249722428,210.59999999999999
1269,7383208935728,"[""hex-band"",23,0,14]",91.192475018500005,216.44999999999999
1270,194961005069540,"[""hex-band"",23,0,15]",81.059977794199995,222.30000000000001
1271,215509588834103,"[""hex-band"",23,0,16]",70.927480569899998,228.15000000000001
1272,230132140370208,"[""hex-band"",23,0,17]",60.794983345699997,234
1273,158587006313389,"[""hex-band"",23,0,18]",50.662486121400001,239.84999999999999
1274,259191295357841,"[""hex-band"",23,0,19]",40.529988897099997,245.69999999999999
1275,82267255908054,"[""hex-band"",23,0,20]",30.397491672800001,251.55000000000001
1276,111072382721645,"[""hex-band"",23,0,21]",20.2649944486,257.39999999999998
1277,45752886239859,"[""hex-band"",23,0,22]",10.1324972243,263.25
1278,112899684642102,"[""hex-band"",23,1,0]",0,269.10000000000002
1279,128382900382124,"[""hex-band"",23,1,1]",-10.1324972243,263.25
1280,276462685632805,"[""hex-band"",23,1,2]",-20.2649944486,257.39999999999998
1281,131155583804355,"[""hex-band"",23,1,3]",-30.397491672800001,251.55000000000001
1282,273558575082632,"[""hex-band"",23,1,4]",-40.529988897099997,245.69999999999999
1283,256204477107235,"[""hex-band"",23,1,5]",-50.662486121400001,239.84999999999999
1284,249985470292157,"[""hex-band"",23,1,6]",-60.794983345699997,234
1285,253315014366642,"[""hex-band"",23,1,7]",-70.927480569899998,228.15000000000001
1286,76111651460615,"[""hex-band"",23,1,8]",-81.059977794199995,222.30000000000001
1287,4140977534363,"[""hex-band"",23,1,9]",-91.192475018500005,216.44999999999999
1288,46361336225396,"[""hex-band"",23,1,10]",-101.3249722428,210.59999999999999
1289,87764435467615,"[""hex-band"",23,1,11]",-111.4574694671,204.75
1290,193360714842029,"[""hex-band"",23,1,12]",-121.58996669130001,198.90000000000001
1291,230996329469860,"[""hex-band"",23,1,13]",-131.7224639156,193.05000000000001
1292,133212276763754,"[""hex-band"",23,1,14]",-141.85496113990001,187.19999999999999
1293,109305558196861,"[""hex-band"",23,1,15]",-151.98745836419999,181.34999999999999
1294,22332585992267,"[""hex-band"",23,1,16]",-162.11995558839999,175.5
1295,183311362760187,"[""hex-band"",23,1,17]",-172.2524528127,169.65000000000001
1296,250625020263203,"[""hex-band"",23,1,18]",-182.38495003700001,163.80000000000001
1297,146583895115032,"[""hex-band"",23,1,19]",-192.51744726129999,157.94999999999999
1298,121339301604239,"[""hex-band"",23,1,20]",-202.6499444856,152.09999999999999
1299,237983013821506,"[""hex-band"",23,1,21]",-212.7824417098,146.25
1300,265064132501183,"[""hex-band"",23,1,22]",-222.91493893410001,140.40000000000001
1301,274138754531581,"[""hex-band"",23,2,0]",-233.04743615839999,134.55000000000001
1302,9065645696076,"[""hex-band"",23,2,1]",-233.04743615839999,122.84999999999999
1303,29711552772731,"[""hex-band"",23,2,2]",-233.04743615839999,111.15000000000001
1304,249426431618655,"[""hex-band"",23,2,3]",-233.04743615839999,99.450000000000003
1305,224766159371264,"[""hex-band"",23,2,4]",-233.04743615839999,87.75
1306,138995338028327,"[""hex-band"",23,2,5]",-233.04743615839999,76.049999999999997
1307,233026253464303,"[""hex-band"",23,2,6]",-233.04743615839999,64.349999999999994
1308,85408458503465,"[""hex-band"",23,2,7]",-233.04743615839999,52.649999999999999
1309,206747722068618,"[""hex-band"",23,2,8]",-233.04743615839999,40.950000000000003
1310,83637385416613,"[""hex-band"",23,2,9]",-233.04743615839999,29.25
1311,177013154327932,"[""hex-band"",23,2,10]",-233.04743615839999,17.550000000000001
1312,51326349559309,"[""hex-band"",23,2,11]",-233.04743615839999,5.8499999999999996
1313,279230323684236,"[""hex-band"",23,2,12]",-233.04743615839999,-5.8499999999999996
1314,67304931716002,"[""hex-band"",23,2,13]",-233.04743615839999,-17.550000000000001
1315,280627299319361,"[""hex-band"",23,2,14]",-233.04743615839999,-29.25
1316,34160759737058,"[""hex-band"",23,2,15]",-233.04743615839999,-40.950000000000003
1317,39051330189460,"[""hex-band"",23,2,16]",-233.04743615839999,-52.649999999999999
1318,116239172996958,"[""hex-band"",23,2,17]",-233.04743615839999,-64.349999999999994
1319,39138170815050,"[""hex-band"",23,2,18]",-233.04743615839999,-76.049999999999997
1320,84236937925912,"[""hex-band"",23,2,19]",-233.04743615839999,-87.75
1321,127404767244149,"[""hex-band"",23,2,20]",-233.04743615839999,-99.450000000000003
1322,19509038711309,"[""hex-band"",23,2,21]",-233.04743615839999,-111.15000000000001
1323,265862922982375,"[""hex-band"",23,2,22]",-233.04743615839999,-122.84999999999999
1324,46554181100056,"[""hex-band"",23,3,0]",-233.04743615839999,-134.55000000000001
1325,277391005185233,"[""hex-band"",23,3,1]",-222.91493893410001,-140.40000000000001
1326,179819427875446,"[""hex-band"",23,3,2]",-212.7824417098,-146.25
1327,265180679318874,"[""hex-band"",23,3,3]",-202.6499444856,-152.09999999999999
1328,153986183259225,"[""hex-band"",23,3,4]",-192.51744726129999,-157.94999999999999
1329,139881258932438,"[""hex-band"",23,3,5]",-182.38495003700001,-163.80000000000001
1330,226554668498708,"[""hex-band"",23,3,6]",-172.2524528127,-169.65000000000001
1331,226890440276579,"[""hex-band"",23,3,7]",-162.11995558839999,-175.5
1332,207332462988835,"[""hex-band"",23,3,8]",-151.98745836419999,-181.34999999999999
1333,16966067668075,"[""hex-band"",23,3,9]",-141.85496113990001,-187.19999999999999
1334,133421324540405,"[""hex-band"",23,3,10]",-131.7224639156,-193.05000000000001
1335,269405050170743,"[""hex-band"",23,3,11]",-121.58996669130001,-198.90000000000001
1336,135501601636402,"[""hex-band"",23,3,12]",-111.4574694671,-204.75
1337,143708717683216,"[""hex-band"",23,3,13]",-101.3249722428,-210.59999999999999
1338,276301318258017,"[""hex-band"",23,3,14]",-91.192475018500005,-216.44999999999999
1339,278159489885406,"[""hex-band"",23,3,15]",-81.059977794199995,-222.30000000000001
1340,53989474606148,"[""hex-band"",23,3,16]",-70.927480569899998,-228.15000000000001
1341,114636136160469,"[""hex-band"",23,3,17]",-60.794983345699997,-234
1342,86690777084137,"[""hex-band"",23,3,18]",-50.662486121400001,-239.84999999999999
1343,51985728655046,"[""hex-band"",23,3,19]",-40.529988897099997,-245.69999999999999
1344,19394748746439,"[""hex-band"",23,3,20]",-30.397491672800001,-251.55000000000001
1345,187726430626004,"[""hex-band"",23,3,21]",-20.2649944486,-257.39999999999998
1346,63526714446228,"[""hex-band"",23,3,22]",-10.1324972243,-263.25
1347,88524936367575,"[""hex-band"",23,4,0]",-0,-269.10000000000002
1348,153000904615869,"[""hex-band"",23,4,1]",10.1324972243,-263.25
1349,167012899084377,"[""hex-band"",23,4,2]",20.2649944486,-257.39999999999998
1350,10533213677304,"[""hex-band"",23,4,3]",30.397491672800001,-251.55000000000001
1351,12423493068545,"[""hex-band"",23,4,4]",40.529988897099997,-245.69999999999999
1352,216227434811902,"[""hex-band"",23,4,5]",50.662486121400001,-239.84999999999999
1353,251299560995248,"[""hex-band"",23,4,6]",60.794983345699997,-234
1354,21538150496865,"[""hex-band"",23,4,7]",70.927480569899998,-228.15000000000001
1355,54381112661367,"[""hex-band"",23,4,8]",81.059977794199995,-222.30000000000001
1356,229064544636260,"[""hex-band"",23,4,9]",91.192475018500005,-216.44999999999999
1357,41489878386552,"[""hex-band"",23,4,10]",101.3249722428,-210.59999999999999
1358,234664808125132,"[""hex-band"",23,4,11]",111.4574694671,-204.75
1359,126689212286031,"[""hex-band"",23,4,12]",121.58996669130001,-198.90000000000001
1360,257105928114446,"[""hex-band"",23,4,13]",131.7224639156,-193.05000000000001
1361,58256624184449,"[""hex-band"",23,4,14]",141.85496113990001,-187.19999999999999
1362,52929755726327,"[""hex-band"",23,4,15]",151.98745836419999,-181.34999999999999
1363,9188096506570,"[""hex-band"",23,4,16]",162.11995558839999,-175.5
1364,101924975843300,"[""hex-band"",23,4,17]",172.2524528127,-169.65000000000001
1365,129907854953130,"[""hex-band"",23,4,18]",182.38495003700001,-163.80000000000001
1366,22285268802582,"[""hex-band"",23,4,19]",192.51744726129999,-157.94999999999999
1367,107818371970000,"[""hex-band"",23,4,20]",202.6499444856,-152.09999999999999
1368,248426487472204,"[""hex-band"",23,4,21]",212.7824417098,-146.25
1369,30987767263584,"[""hex-band"",23,4,22]",222.91493893410001,-140.40000000000001
1370,147500769273532,"[""hex-band"",23,5,0]",233.04743615839999,-134.55000000000001
1371,280592301369717,"[""hex-band"",23,5,1]",233.04743615839999,-122.84999999999999
1372,80466547462850,"[""hex-band"",23,5,2]",233.04743615839999,-111.15000000000001
1373,97344841831933,"[""hex-band"",23,5,3]",233.04743615839999,-99.450000000000003
1374,217584817343177,"[""hex-band"",23,5,4]",233.04743615839999,-87.75
1375,161830928690327,"[""hex-band"",23,5,5]",233.04743615839999,-76.049999999999997
1376,202441289795564,"[""hex-band"",23,5,6]",233.04743615839999,-64.349999999999994
1377,73513850389600,"[""hex-band"",23,5,7]",233.04743615839999,-52.649999999999999
1378,86438018383018,"[""hex-band"",23,5,8]",233.04743615839999,-40.950000000000003
1379,192236925546750,"[""hex-band"",23,5,9]",233.04743615839999,-29.25
1380,184107500815205,"[""hex-band"",23,5,10]",233.04743615839999,-17.550000000000001
1381,152963314934028,"[""hex-band"",23,5,11]",233.04743615839999,-5.8499999999999996
1382,271401254999718,"[""hex-band"",23,5,12]",233.04743615839999,5.8499999999999996
1383,170322366263436,"[""hex-band"",23,5,13]",233.04743615839999,17.550000000000001
1384,250871765613623,"[""hex-band"",23,5,14]",233.04743615839999,29.25
1385,43376064129518,"[""hex-band"",23,5,15]",233.04743615839999,40.950000000000003
1386,116691444590029,"[""hex-band"",23,5,16]",233.04743615839999,52.649999999999999
1387,73794612603753,"[""hex-band"",23,5,17]",233.04743615839999,64.349999999999994
1388,34377423615616,"[""hex-band"",23,5,18]",233.04743615839999,76.049999999999997
1389,4278412918137,"[""hex-band"",23,5,19]",233.04743615839999,87.75
1390,100810415228201,"[""hex-band"",23,5,20]",233.04743615839999,99.450000000000003
1391,247926037506377,"[""hex-band"",23,5,21]",233.04743615839999,111.15000000000001
1392,71225400240847,"[""hex-band"",23,5,22]",233.04743615839999,122.84999999999999
1393,97090280383764,"[""hex-band"",24,0,0]",243.1799333827,140.40000000000001
1394,200438117846825,"[""hex-band"",24,0,1]",233.04743615839999,146.25
1395,123037105778435,"[""hex-band"",24,0,2]",222.91493893410001,152.09999999999999
1396,142390357419209,"[""hex-band"",24,0,3]",212.7824417098,157.94999999999999
1397,198552060791325,"[""hex-band"",24,0,4]",202.6499444856,163.80000000000001
1398,23475638210232,"[""hex-band"",24,0,5]",192.51744726129999,169.65000000000001
1399,269395381620292,"[""hex-band"",24,0,6]",182.38495003700001,175.5
1400,210730564605181,"[""hex-band"",24,0,7]",172.2524528127,181.34999999999999
1401,56853635209108,"[""hex-band"",24,0,8]",162.11995558839999,187.19999999999999
1402,20368984768061,"[""hex-band"",24,0,9]",151.98745836419999,193.05000000000001
1403,126510792487271,"[""hex-band"",24,0,10]",141.85496113990001,198.90000000000001
1404,120337858941185,"[""hex-band"",24,0,11]",131.7224639156,204.75
1405,112554372074396,"[""hex-band"",24,0,12]",121.58996669130001,210.59999999999999
1406,65260675545939,"[""hex-band"",24,0,13]",111.4574694671,216.44999999999999
1407,1573834027771,"[""hex-band"",24,0,14]",101.3249722428,222.30000000000001
1408,192746703039360,"[""hex-band"",24,0,15]",91.192475018500005,228.15000000000001
1409,186256929797364,"[""hex-band"",24,0,16]",81.059977794199995,234
1410,207997393523613,"[""hex-band"",24,0,17]",70.927480569899998,239.84999999999999
1411,189919191152605,"[""hex-band"",24,0,18]",60.794983345699997,245.69999999999999
1412,152154921633622,"[""hex-band"",24,0,19]",50.662486121400001,251.55000000000001
1413,161092183288952,"[""hex-band"",24,0,20]",40.529988897099997,257.39999999999998
1414,220726193492568,"[""hex-band"",24,0,21]",30.397491672800001,263.25
1415,102895006164590,"[""hex-band"",24,0,22]",20.2649944486,269.10000000000002
1416,125480157784277,"[""hex-band"",24,0,23]",10.1324972243,274.94999999999999
1417,105558677352863,"[""hex-band"",24,1,0]",0,280.80000000000001
1418,13655631617678,"[""hex-band"",24,1,1]",-10.1324972243,274.94999999999999
1419,70002181689833,"[""hex-band"",24,1,2]",-20.2649944486,269.10000000000002
1420,98956813059260,"[""hex-band"",24,1,3]",-30.397491672800001,263.25
1421,48421796925293,"[""hex-band"",24,1,4]",-40.529988897099997,257.39999999999998
1422,249800087733256,"[""hex-band"",24,1,5]",-50.662486121400001,251.55000000000001
1423,10029436317785,"[""hex-band"",24,1,6]",-60.794983345699997,245.69999999999999
1424,174367321112521,"[""hex-band"",24,1,7]",-70.927480569899998,239.84999999999999
1425,242739265537622,"[""hex-band"",24,1,8]",-81.059977794199995,234
1426,64637257548233,"[""hex-band"",24,1,9]",-91.192475018500005,228.15000000000001
1427,251621247511788,"[""hex-band"",24,1,10]",-101.3249722428,222.30000000000001
1428,259901070235962,"[""hex-band"",24,1,11]",-111.4574694671,216.44999999999999
1429,232063434000926,"[""hex-band"",24,1,12]",-121.58996669130001,210.59999999999999
1430,66498581826239,"[""hex-band"",24,1,13]",-131.7224639156,204.75
1431,12243329799866,"[""hex-band"",24,1,14]",-141.85496113990001,198.90000000000001
1432,146297134490478,"[""hex-band"",24,1,15]",-151.98745836419999,193.05000000000001
1433,212372959593179,"[""hex-band"",24,1,16]",-162.11995558839999,187.19999999999999
1434,83178544987009,"[""hex-band"",24,1,17]",-172.2524528127,181.34999999999999
1435,125165929430889,"[""hex-band"",24,1,18]",-182.38495003700001,175.5
1436,45315672000506,"[""hex-band"",24,1,19]",-192.51744726129999,169.65000000000001
1437,114350719226802,"[""hex-band"",24,1,20]",-202.6499444856,163.80000000000001
1438,190610968700884,"[""hex-band"",24,1,21]",-212.7824417098,157.94999999999999
1439,90340475738029,"[""hex-band"",24,1,22]",-222.91493893410001,152.09999999999999
1440,106452925942634,"[""hex-band"",24,1,23]",-233.04743615839999,146.25
1441,92546690286265,"[""hex-band"",24,2,0]",-243.1799333827,140.40000000000001
1442,163380725776199,"[""hex-band"",24,2,1]",-243.1799333827,128.69999999999999
1443,223595699098302,"[""hex-band"",24,2,2]",-243.1799333827,117
1444,101200600477146,"[""hex-band"",24,2,3]",-243.1799333827,105.3
1445,72975044859958,"[""hex-band"",24,2,4]",-243.1799333827,93.599999999999994
1446,208215753450175,"[""hex-band"",24,2,5]",-243.1799333827,81.900000000000006
1447,49226777822768,"[""hex-band"",24,2,6]",-243.1799333827,70.200000000000003
1448,238836533607642,"[""hex-band"",24,2,7]",-243.1799333827,58.5
1449,252539119647889,"[""hex-band"",24,2,8]",-243.1799333827,46.799999999999997
1450,219391786068594,"[""hex-band"",24,2,9]",-243.1799333827,35.100000000000001
1451,275628158807447,"[""hex-band"",24,2,10]",-243.1799333827,23.399999999999999
1452,17718602320111,"[""hex-band"",24,2,11]",-243.1799333827,11.699999999999999
1453,95920037026437,"[""hex-band"",24,2,12]",-243.1799333827,0
1454,28519716225786,"[""hex-band"",24,2,13]",-243.1799333827,-11.699999999999999
1455,161363416450650,"[""hex-band"",24,2,14]",-243.1799333827,-23.399999999999999
1456,261743977465356,"[""hex-band"",24,2,15]",-243.1799333827,-35.100000000000001
1457,159013982469882,"[""hex-band"",24,2,16]",-243.1799333827,-46.799999999999997
1458,155167541757734,"[""hex-band"",24,2,17]",-243.1799333827,-58.5
1459,237365846467170,"[""hex-band"",24,2,18]",-243.1799333827,-70.200000000000003
1460,271574780561386,"[""hex-band"",24,2,19]",-243.1799333827,-81.900000000000006
1461,75416033342255,"[""hex-band"",24,2,20]",-243.1799333827,-93.599999999999994
1462,271781361911755,"[""hex-band"",24,2,21]",-243.1799333827,-105.3
1463,223147235706990,"[""hex-band"",24,2,22]",-243.1799333827,-117
1464,127249624738645,"[""hex-band"",24,2,23]",-243.1799333827,-128.69999999999999
1465,194692991550470,"[""hex-band"",24,3,0]",-243.1799333827,-140.40000000000001
1466,72027208790167,"[""hex-band"",24,3,1]",-233.04743615839999,-146.25
1467,56300573088644,"[""hex-band"",24,3,2]",-222.91493893410001,-152.09999999999999
1468,81386290237949,"[""hex-band"",24,3,3]",-212.7824417098,-157.94999999999999
1469,141827699576195,"[""hex-band"",24,3,4]",-202.6499444856,-163.80000000000001
1470,244915621068159,"[""hex-band"",24,3,5]",-192.51744726129999,-169.65000000000001
1471,59828257760768,"[""hex-band"",24,3,6]",-182.38495003700001,-175.5
1472,202305882826554,"[""hex-band"",24,3,7]",-172.2524528127,-181.34999999999999
1473,14948925957626,"[""hex-band"",24,3,8]",-162.11995558839999,-187.19999999999999
1474,86953393370391,"[""hex-band"",24,3,9]",-151.98745836419999,-193.05000000000001
1475,200409141060028,"[""hex-band"",24,3,10]",-141.85496113990001,-198.90000000000001
1476,133498694006121,"[""hex-band"",24,3,11]",-131.7224639156,-204.75
1477,90091199443384,"[""hex-band"",24,3,12]",-121.58996669130001,-210.59999999999999
1478,269530556940333,"[""hex-band"",24,3,13]",-111.4574694671,-216.44999999999999
1479,6138630284650,"[""hex-band"",24,3,14]",-101.3249722428,-222.30000000000001
1480,172587573972156,"[""hex-band"",24,3,15]",-91.192475018500005,-228.15000000000001
1481,222311473898665,"[""hex-band"",24,3,16]",-81.059977794199995,-234
1482,160720116887051,"[""hex-band"",24,3,17]",-70.927480569899998,-239.84999999999999
1483,35962962270686,"[""hex-band"",24,3,18]",-60.794983345699997,-245.69999999999999
1484,20631829799493,"[""hex-band"",24,3,19]",-50.662486121400001,-251.55000000000001
1485,170483892164126,"[""hex-band"",24,3,20]",-40.529988897099997,-257.39999999999998
1486,125470544092325,"[""hex-band"",24,3,21]",-30.397491672800001,-263.25
1487,231674932006943,"[""hex-band"",24,3,22]",-20.2649944486,-269.10000000000002
1488,181988078167103,"[""hex-band"",24,3,23]",-10.1324972243,-274.94999999999999
1489,53324010093489,"[""hex-band"",24,4,0]",-0,-280.80000000000001
1490,135844409320002,"[""hex-band"",24,4,1]",10.1324972243,-274.94999999999999
1491,97424308305814,"[""hex-band"",24,4,2]",20.2649944486,-269.10000000000002
1492,225815594018163,"[""hex-band"",24,4,3]",30.397491672800001,-263.25
1493,247215295005923,"[""hex-band"",24,4,4]",40.529988897099997,-257.39999999999998
1494,43191319040342,"[""hex-band"",24,4,5]",50.662486121400001,-251.55000000000001
1495,224638452556093,"[""hex-band"",24,4,6]",60.794983345699997,-245.69999999999999
1496,206219896721031,"[""hex-band"",24,4,7]",70.927480569899998,-239.84999999999999
1497,113977292991352,"[""hex-band"",24,4,8]",81.059977794199995,-234
1498,15307743301410,"[""hex-band"",24,4,9]",91.192475018500005,-228.15000000000001
1499,238856307279215,"[""hex-band"",24,4,10]",101.3249722428,-222.30000000000001
1500,224552457157827,"[""hex-band"",24,4,11]",111.4574694671,-216.44999999999999
1501,208150509645738,"[""hex-band"",24,4,12]",121.58996669130001,-210.59999999999999
1502,233021552402697,"[""hex-band"",24,4,13]",131.7224639156,-204.75
1503,43327434888943,"[""hex-band"",24,4,14]",141.85496113990001,-198.90000000000001
1504,59915456332425,"[""hex-band"",24,4,15]",151.98745836419999,-193.05000000000001
1505,165975849282057,"[""hex-band"",24,4,16]",162.11995558839999,-187.19999999999999
1506,89979378979070,"[""hex-band"",24,4,17]",172.2524528127,-181.34999999999999
1507,209759308314073,"[""hex-band"",24,4,18]",182.38495003700001,-175.5
1508,120717964991398,"[""hex-band"",24,4,19]",192.51744726129999,-169.65000000000001
1509,185222384298912,"[""hex-band"",24,4,20]",202.6499444856,-163.80000000000001
1510,163640290260457,"[""hex-band"",24,4,21]",212.7824417098,-157.94999999999999
1511,141930279214213,"[""hex-band"",24,4,22]",222.91493893410001,-152.09999999999999
1512,95583315750838,"[""hex-band"",24,4,23]",233.04743615839999,-146.25
1513,27470497177783,"[""hex-band"",24,5,0]",243.1799333827,-140.40000000000001
1514,63534525413447,"[""hex-band"",24,5,1]",243.1799333827,-128.69999999999999
1515,145047197785205,"[""hex-band"",24,5,2]",243.1799333827,-117
1516,44576673923680,"[""hex-band"",24,5,3]",243.1799333827,-105.3
1517,78258052202827,"[""hex-band"",24,5,4]",243.1799333827,-93.599999999999994
1518,266118324125583,"[""hex-band"",24,5,5]",243.1799333827,-81.900000000000006
1519,221857530734223,"[""hex-band"",24,5,6]",243.1799333827,-70.200000000000003
1520,240265108908019,"[""hex-band"",24,5,7]",243.1799333827,-58.5
1521,27118273139711,"[""hex-band"",24,5,8]",243.1799333827,-46.799999999999997
1522,96775361641291,"[""hex-band"",24,5,9]",243.1799333827,-35.100000000000001
1523,218675801947885,"[""hex-band"",24,5,10]",243.1799333827,-23.399999999999999
1524,171289819547550,"[""hex-band"",24,5,11]",243.1799333827,-11.699999999999999
1525,250310996392181,"[""hex-band"",24,5,12]",243.1799333827,-0
1526,134427986415621,"[""hex-band"",24,5,13]",243.1799333827,11.699999999999999
1527,79010216337554,"[""hex-band"",24,5,14]",243.1799333827,23.399999999999999
1528,182027169235011,"[""hex-band"",24,5,15]",243.1799333827,35.100000000000001
1529,77559840111831,"[""hex-band"",24,5,16]",243.1799333827,46.799999999999997
1530,189144616472591,"[""hex-band"",24,5,17]",243.1799333827,58.5
1531,195292819269623,"[""hex-band"",24,5,18]",243.1799333827,70.200000000000003
1532,200231264833194,"[""hex-band"",24,5,19]",243.1799333827,81.900000000000006
1533,112301328457565,"[""hex-band"",24,5,20]",243.1799333827,93.599999999999994
1534,120361932561566,"[""hex-band"",24,5,21]",243.1799333827,105.3
1535,141941026065987,"[""hex-band"",24,5,22]",243.1799333827,117
1536,188469067555357,"[""hex-band"",24,5,23]",243.1799333827,128.69999999999999
1537,265350312447465,"[""hex-band"",25,0,0]",253.31243060689999,146.25
1538,236314552606490,"[""hex-band"",25,0,1]",243.1799333827,152.09999999999999
1539,229355149045002,"[""hex-band"",25,0,2]",233.04743615839999,157.94999999999999
1540,68127357133369,"[""hex-band"",25,0,3]",222.91493893410001,163.80000000000001
1541,43374987373111,"[""hex-band"",25,0,4]",212.7824417098,169.65000000000001
1542,82955995728197,"[""hex-band"",25,0,5]",202.6499444856,175.5
1543,188781992156566,"[""hex-band"",25,0,6]",192.51744726129999,181.34999999999999
1544,7856425765976,"[""hex-band"",25,0,7]",182.38495003700001,187.19999999999999
1545,125393412620044,"[""hex-band"",25,0,8]",172.2524528127,193.05000000000001
1546,62555287211715,"[""hex-band"",25,0,9]",162.11995558839999,198.90000000000001
1547,83342837108471,"[""hex-band"",25,0,10]",151.98745836419999,204.75
1548,154490478800798,"[""hex-band"",25,0,11]",141.85496113990001,210.59999999999999
1549,174567285536798,"[""hex-band"",25,0,12]",131.7224639156,216.44999999999999
1550,122875080629137,"[""hex-band"",25,0,13]",121.58996669130001,222.30000000000001
1551,11624415148264,"[""hex-band"",25,0,14]",111.4574694671,228.15000000000001
1552,202709942476518,"[""hex-band"",25,0,15]",101.3249722428,234
1553,257138780596248,"[""hex-band"",25,0,16]",91.192475018500005,239.84999999999999
1554,76034695465907,"[""hex-band"",25,0,17]",81.059977794199995,245.69999999999999
1555,250275508756278,"[""hex-band"",25,0,18]",70.927480569899998,251.55000000000001
1556,102179641636374,"[""hex-band"",25,0,19]",60.794983345699997,257.39999999999998
1557,198475614439618,"[""hex-band"",25,0,20]",50.662486121400001,263.25
1558,10229838212552,"[""hex-band"",25,0,21]",40.529988897099997,269.10000000000002
1559,89024198100373,"[""hex-band"",25,0,22]",30.397491672800001,274.94999999999999
1560,45878380820286,"[""hex-band"",25,0,23]",20.2649944486,280.80000000000001
1561,83251797502063,"[""hex-band"",25,0,24]",10.1324972243,286.64999999999998
1562,112310148787021,"[""hex-band"",25,1,0]",0,292.5
1563,89146777350423,"[""hex-band"",25,1,1]",-10.1324972243,286.64999999999998
1564,274048475263916,"[""hex-band"",25,1,2]",-20.2649944486,280.80000000000001
1565,227852860053478,"[""hex-band"",25,1,3]",-30.397491672800001,274.94999999999999
1566,147760594039404,"[""hex-band"",25,1,4]",-40.529988897099997,269.10000000000002
1567,120876258134047,"[""hex-band"",25,1,5]",-50.662486121400001,263.25
1568,192615171548876,"[""hex-band"",25,1,6]",-60.794983345699997,257.39999999999998
1569,57924545985765,"[""hex-band"",25,1,7]",-70.927480569899998,251.55000000000001
1570,166360673041764,"[""hex-band"",25,1,8]",-81.059977794199995,245.69999999999999
1571,253620628463717,"[""hex-band"",25,1,9]",-91.192475018500005,239.84999999999999
1572,139342339988474,"[""hex-band"",25,1,10]",-101.3249722428,234
1573,86643304147101,"[""hex-band"",25,1,11]",-111.4574694671,228.15000000000001
1574,77667908549784,"[""hex-band"",25,1,12]",-121.58996669130001,222.30000000000001
1575,3294113662111,"[""hex-band"",25,1,13]",-131.7224639156,216.44999999999999
1576,21483816956941,"[""hex-band"",25,1,14]",-141.85496113990001,210.59999999999999
1577,124093249570699,"[""hex-band"",25,1,15]",-151.98745836419999,204.75
1578,245974850002732,"[""hex-band"",25,1,16]",-162.11995558839999,198.90000000000001
1579,73819127864362,"[""hex-band"",25,1,17]",-172.2524528127,193.05000000000001
1580,32011782053260,"[""hex-band"",25,1,18]",-182.38495003700001,187.19999999999999
1581,268727885068588,"[""hex-band"",25,1,19]",-192.51744726129999,181.34999999999999
1582,169772417772480,"[""hex-band"",25,1,20]",-202.6499444856,175.5
1583,119066861415204,"[""hex-band"",25,1,21]",-212.7824417098,169.65000000000001
1584,200644892253010,"[""hex-band"",25,1,22]",-222.91493893410001,163.80000000000001
1585,192478587752777,"[""hex-band"",25,1,23]",-233.04743615839999,157.94999999999999
1586,73765945969677,"[""hex-band"",25,1,24]",-243.1799333827,152.09999999999999
1587,145547607898210,"[""hex-band"",25,2,0]",-253.31243060689999,146.25
1588,222751877726648,"[""hex-band"",25,2,1]",-253.31243060689999,134.55000000000001
1589,40591730877760,"[""hex-band"",25,2,2]",-253.31243060689999,122.84999999999999
1590,53198516294695,"[""hex-band"",25,2,3]",-253.31243060689999,111.15000000000001
1591,151940228765196,"[""hex-band"",25,2,4]",-253.31243060689999,99.450000000000003
1592,108377054935727,"[""hex-band"",25,2,5]",-253.31243060689999,87.75
1593,202106114666163,"[""hex-band"",25,2,6]",-253.31243060689999,76.049999999999997
1594,191124601432387,"[""hex-band"",25,2,7]",-253.31243060689999,64.349999999999994
1595,93452722466732,"[""hex-band"",25,2,8]",-253.31243060689999,52.649999999999999
1596,166461462010690,"[""hex-band"",25,2,9]",-253.31243060689999,40.950000000000003
1597,269200962066230,"[""hex-band"",25,2,10]",-253.31243060689999,29.25
1598,265159746094054,"[""hex-band"",25,2,11]",-253.31243060689999,17.550000000000001
1599,55032297342989,"[""hex-band"",25,2,12]",-253.31243060689999,5.8499999999999996
1600,220797193093647,"[""hex-band"",25,2,13]",-253.31243060689999,-5.8499999999999996
1601,83124206203585,"[""hex-band"",25,2,14]",-253.31243060689999,-17.550000000000001
1602,274944259394161,"[""hex-band"",25,2,15]",-253.31243060689999,-29.25
1603,52736104517027,"[""hex-band"",25,2,16]",-253.31243060689999,-40.950000000000003
1604,57083064952705,"[""hex-band"",25,2,17]",-253.31243060689999,-52.649999999999999
1605,90516333661247,"[""hex-band"",25,2,18]",-253.31243060689999,-64.349999999999994
1606,60304865644622,"[""hex-band"",25,2,19]",-253.31243060689999,-76.049999999999997
1607,116107762474750,"[""hex-band"",25,2,20]",-253.31243060689999,-87.75
1608,12033030484263,"[""hex-band"",25,2,21]",-253.31243060689999,-99.450000000000003
1609,112268298487712,"[""hex-band"",25,2,22]",-253.31243060689999,-111.15000000000001
1610,3706530700216,"[""hex-band"",25,2,23]",-253.31243060689999,-122.84999999999999
1611,159970817350520,"[""hex-band"",25,2,24]",-253.31243060689999,-134.55000000000001
1612,249843654131678,"[""hex-band"",25,3,0]",-253.31243060689999,-146.25
1613,135217216649062,"[""hex-band"",25,3,1]",-243.1799333827,-152.09999999999999
1614,223619346316585,"[""hex-band"",25,3,2]",-233.04743615839999,-157.94999999999999
1615,82208137994064,"[""hex-band"",25,3,3]",-222.91493893410001,-163.80000000000001
1616,21724856705078,"[""hex-band"",25,3,4]",-212.7824417098,-169.65000000000001
1617,53362838971988,"[""hex-band"",25,3,5]",-202.6499444856,-175.5
1618,76915408344054,"[""hex-band"",25,3,6]",-192.51744726129999,-181.34999999999999
1619,266274375547809,"[""hex-band"",25,3,7]",-182.38495003700001,-187.19999999999999
1620,142677309571541,"[""hex-band"",25,3,8]",-172.2524528127,-193.05000000000001
1621,226881399980685,"[""hex-band"",25,3,9]",-162.11995558839999,-198.90000000000001
1622,68647664900918,"[""hex-band"",25,3,10]",-151.98745836419999,-204.75
1623,10966644342566,"[""hex-band"",25,3,11]",-141.85496113990001,-210.59999999999999
1624,162099205700673,"[""hex-band"",25,3,12]",-131.7224639156,-216.44999999999999
1625,186246373742623,"[""hex-band"",25,3,13]",-121.58996669130001,-222.30000000000001
1626,128065501470667,"[""hex-band"",25,3,14]",-111.4574694671,-228.15000000000001
1627,241041660102477,"[""hex-band"",25,3,15]",-101.3249722428,-234
1628,74543491678322,"[""hex-band"",25,3,16]",-91.192475018500005,-239.84999999999999
1629,255557765460423,"[""hex-band"",25,3,17]",-81.059977794199995,-245.69999999999999
1630,265924525949247,"[""hex-band"",25,3,18]",-70.927480569899998,-251.55000000000001
1631,113725916132447,"[""hex-band"",25,3,19]",-60.794983345699997,-257.39999999999998
1632,246226686948855,"[""hex-band"",25,3,20]",-50.662486121400001,-263.25
1633,148750877836776,"[""hex-band"",25,3,21]",-40.529988897099997,-269.10000000000002
1634,187545383002851,"[""hex-band"",25,3,22]",-30.397491672800001,-274.94999999999999
1635,195589594956408,"[""hex-band"",25,3,23]",-20.2649944486,-280.80000000000001
1636,925542601973,"[""hex-band"",25,3,24]",-10.1324972243,-286.64999999999998
1637,187027846113432,"[""hex-band"",25,4,0]",-0,-292.5
1638,212095859948858,"[""hex-band"",25,4,1]",10.1324972243,-286.64999999999998
1639,58105232687254,"[""hex-band"",25,4,2]",20.2649944486,-280.80000000000001
1640,23240051740359,"[""hex-band"",25,4,3]",30.397491672800001,-274.94999999999999
1641,129212705050137,"[""hex-band"",25,4,4]",40.529988897099997,-269.10000000000002
1642,166375425257403,"[""hex-band"",25,4,5]",50.662486121400001,-263.25
1643,224174271221720,"[""hex-band"",25,4,6]",60.794983345699997,-257.39999999999998
1644,189434866659715,"[""hex-band"",25,4,7]",70.927480569899998,-251.55000000000001
1645,181754241830437,"[""hex-band"",25,4,8]",81.059977794199995,-245.69999999999999
1646,255057069210012,"[""hex-band"",25,4,9]",91.192475018500005,-239.84999999999999
1647,5162932515086,"[""hex-band"",25,4,10]",101.3249722428,-234
1648,29601134700682,"[""hex-band"",25,4,11]",111.4574694671,-228.15000000000001
1649,202096196403192,"[""hex-band"",25,4,12]",121.58996669130001,-222.30000000000001
1650,147931235782738,"[""hex-band"",25,4,13]",131.7224639156,-216.44999999999999
1651,210133429004438,"[""hex-band"",25,4,14]",141.85496113990001,-210.59999999999999
1652,10366313658884,"[""hex-band"",25,4,15]",151.98745836419999,-204.75
1653,243499259585707,"[""hex-band"",25,4,16]",162.11995558839999,-198.90000000000001
1654,159287326425373,"[""hex-band"",25,4,17]",172.2524528127,-193.05000000000001
1655,159392778931570,"[""hex-band"",25,4,18]",182.38495003700001,-187.19999999999999
1656,68503198233091,"[""hex-band"",25,4,19]",192.51744726129999,-181.34999999999999
1657,93028944142399,"[""hex-band"",25,4,20]",202.6499444856,-175.5
1658,175309435030512,"[""hex-band"",25,4,21]",212.7824417098,-169.65000000000001
1659,246866763303716,"[""hex-band"",25,4,22]",222.91493893410001,-163.80000000000001
1660,111747995596724,"[""hex-band"",25,4,23]",233.04743615839999,-157.94999999999999
1661,142395397444727,"[""hex-band"",25,4,24]",243.1799333827,-152.09999999999999
1662,139885478143578,"[""hex-band"",25,5,0]",253.31243060689999,-146.25
1663,273614877498855,"[""hex-band"",25,5,1]",253.31243060689999,-134.55000000000001
1664,123413093432353,"[""hex-band"",25,5,2]",253.31243060689999,-122.84999999999999
1665,44074579671627,"[""hex-band"",25,5,3]",253.31243060689999,-111.15000000000001
1666,131142209267464,"[""hex-band"",25,5,4]",253.31243060689999,-99.450000000000003
1667,79234216303162,"[""hex-band"",25,5,5]",253.31243060689999,-87.75
1668,151243713755743,"[""hex-band"",25,5,6]",253.31243060689999,-76.049999999999997
1669,195717970487846,"[""hex-band"",25,5,7]",253.31243060689999,-64.349999999999994
1670,37220689307127,"[""hex-band"",25,5,8]",253.31243060689999,-52.649999999999999
1671,40796707813041,"[""hex-band"",25,5,9]",253.31243060689999,-40.950000000000003
1672,153338808794591,"[""hex-band"",25,5,10]",253.31243060689999,-29.25
1673,227827010187262,"[""hex-band"",25,5,11]",253.31243060689999,-17.550000000000001
1674,136690269579314,"[""hex-band"",25,5,12]",253.31243060689999,-5.8499999999999996
1675,190375276150571,"[""hex-band"",25,5,13]",253.31243060689999,5.8499999999999996
1676,141103568156314,"[""hex-band"",25,5,14]",253.31243060689999,17.550000000000001
1677,256269079708071,"[""hex-band"",25,5,15]",253.31243060689999,29.25
1678,198774638261062,"[""hex-band"",25,5,16]",253.31243060689999,40.950000000000003
1679,186186020030265,"[""hex-band"",25,5,17]",253.31243060689999,52.649999999999999
1680,177482755311453,"[""hex-band"",25,5,18]",253.31243060689999,64.349999999999994
1681,1223502749451,"[""hex-band"",25,5,19]",253.31243060689999,76.049999999999997
1682,76232755797615,"[""hex-band"",25,5,20]",253.31243060689999,87.75
1683,38665373827509,"[""hex-band"",25,5,21]",253.31243060689999,99.450000000000003
1684,53899667432020,"[""hex-band"",25,5,22]",253.31243060689999,111.15000000000001
1685,73915109661128,"[""hex-band"",25,5,23]",253.31243060689999,122.84999999999999
1686,137665981173745,"[""hex-band"",25,5,24]",253.31243060689999,134.55000000000001
1687,152051574420899,"[""hex-band"",26,0,0]",263.4449278312,152.09999999999999
1688,51865206062296,"[""hex-band"",26,0,1]",253.31243060689999,157.94999999999999
1689,160085021682821,"[""hex-band"",26,0,2]",243.1799333827,163.80000000000001
1690,153060808078214,"[""hex-band"",26,0,3]",233.04743615839999,169.65000000000001
1691,40151378940769,"[""hex-band"",26,0,4]",222.91493893410001,175.5
1692,176470050402701,"[""hex-band"",26,0,5]",212.7824417098,181.34999999999999
1693,278006982648481,"[""hex-band"",26,0,6]",202.6499444856,187.19999999999999
1694,75989382027062,"[""hex-band"",26,0,7]",192.51744726129999,193.05000000000001
1695,45289761453467,"[""hex-band"",26,0,8]",182.38495003700001,198.90000000000001
1696,37015292494938,"[""hex-band"",26,0,9]",172.2524528127,204.75
1697,173618701980111,"[""hex-band"",26,0,10]",162.11995558839999,210.59999999999999
1698,58835570429075,"[""hex-band"",26,0,11]",151.98745836419999,216.44999999999999
1699,235402872295811,"[""hex-band"",26,0,12]",141.85496113990001,222.30000000000001
1700,273070829473329,"[""hex-band"",26,0,13]",131.7224639156,228.15000000000001
1701,216815965639004,"[""hex-band"",26,0,14]",121.58996669130001,234
1702,8601830814698,"[""hex-band"",26,0,15]",111.4574694671,239.84999999999999
1703,155916704886020,"[""hex-band"",26,0,16]",101.3249722428,245.69999999999999
1704,33052469850587,"[""hex-band"",26,0,17]",91.192475018500005,251.55000000000001
1705,24189377237167,"[""hex-band"",26,0,18]",81.059977794199995,257.39999999999998
1706,55110312960382,"[""hex-band"",26,0,19]",70.927480569899998,263.25
1707,23768620455991,"[""hex-band"",26,0,20]",60.794983345699997,269.10000000000002
1708,108302542529501,"[""hex-band"",26,0,21]",50.662486121400001,274.94999999999999
1709,106322006762113,"[""hex-band"",26,0,22]",40.529988897099997,280.80000000000001
1710,266800422202893,"[""hex-band"",26,0,23]",30.397491672800001,286.64999999999998
1711,128135226568606,"[""hex-band"",26,0,24]",20.2649944486,292.5
1712,105776716183786,"[""hex-band"",26,0,25]",10.1324972243,298.35000000000002
1713,59606249507082,"[""hex-band"",26,1,0]",0,304.19999999999999
1714,126090607060637,"[""hex-band"",26,1,1]",-10.1324972243,298.35000000000002
1715,175981511860601,"[""hex-band"",26,1,2]",-20.2649944486,292.5
1716,135406292564914,"[""hex-band"",26,1,3]",-30.397491672800001,286.64999999999998
1717,32175787342391,"[""hex-band"",26,1,4]",-40.529988897099997,280.80000000000001
1718,150525091986754,"[""hex-band"",26,1,5]",-50.662486121400001,274.94999999999999
1719,39845287016865,"[""hex-band"",26,1,6]",-60.794983345699997,269.10000000000002
1720,151158266407435,"[""hex-band"",26,1,7]",-70.927480569899998,263.25
1721,62794741272618,"[""hex-band"",26,1,8]",-81.059977794199995,257.39999999999998
1722,13470354069314,"[""hex-band"",26,1,9]",-91.192475018500005,251.55000000000001
1723,194008110801994,"[""hex-band"",26,1,10]",-101.3249722428,245.69999999999999
1724,192436185215976,"[""hex-band"",26,1,11]",-111.4574694671,239.84999999999999
1725,207820090795540,"[""hex-band"",26,1,12]",-121.58996669130001,234
1726,220754637072361,"[""hex-band"",26,1,13]",-131.7224639156,228.15000000000001
1727,249662204280713,"[""hex-band"",26,1,14]",-141.85496113990001,222.30000000000001
1728,275784949661797,"[""hex-band"",26,1,15]",-151.98745836419999,216.44999999999999
1729,198027685669264,"[""hex-band"",26,1,16]",-162.11995558839999,210.59999999999999
1730,269657857930179,"[""hex-band"",26,1,17]",-172.2524528127,204.75
1731,180599754730702,"[""hex-band"",26,1,18]",-182.38495003700001,198.90000000000001
1732,278622880201570,"[""hex-band"",26,1,19]",-192.51744726129999,193.05000000000001
1733,102667307885597,"[""hex-band"",26,1,20]",-202.6499444856,187.19999999999999
1734,207826069023972,"[""hex-band"",26,1,21]",-212.7824417098,181.34999999999999
1735,142281807444487,"[""hex-band"",26,1,22]",-222.91493893410001,175.5
1736,30884554275414,"[""hex-band"",26,1,23]",-233.04743615839999,169.65000000000001
1737,132812823782933,"[""hex-band"",26,1,24]",-243.1799333827,163.80000000000001
1738,215646144377841,"[""hex-band"",26,1,25]",-253.31243060689999,157.94999999999999
1739,232760403416770,"[""hex-band"",26,2,0]",-263.4449278312,152.09999999999999
1740,72741209987324,"[""hex-band"",26,2,1]",-263.4449278312,140.40000000000001
1741,3571281614340,"[""hex-band"",26,2,2]",-263.4449278312,128.69999999999999
1742,11752712561286,"[""hex-band"",26,2,3]",-263.4449278312,117
1743,279500639477354,"[""hex-band"",26,2,4]",-263.4449278312,105.3
1744,88913656494160,"[""hex-band"",26,2,5]",-263.4449278312,93.599999999999994
1745,87628117043449,"[""hex-band"",26,2,6]",-263.4449278312,81.900000000000006
1746,202828620189806,"[""hex-band"",26,2,7]",-263.4449278312,70.200000000000003
1747,234244701236052,"[""hex-band"",26,2,8]",-263.4449278312,58.5
1748,176540686274561,"[""hex-band"",26,2,9]",-263.4449278312,46.799999999999997
1749,62220547825348,"[""hex-band"",26,2,10]",-263.4449278312,35.100000000000001
1750,22948335389524,"[""hex-band"",26,2,11]",-263.4449278312,23.399999999999999
1751,267322684789344,"[""hex-band"",26,2,12]",-263.4449278312,11.699999999999999
1752,260146150524438,"[""hex-band"",26,2,13]",-263.4449278312,0
1753,241181674171408,"[""hex-band"",26,2,14]",-263.4449278312,-11.699999999999999
1754,203190548177263,"[""hex-band"",26,2,15]",-263.4449278312,-23.399999999999999
1755,238875168659286,"[""hex-band"",26,2,16]",-263.4449278312,-35.100000000000001
1756,153514361886361,"[""hex-band"",26,2,17]",-263.4449278312,-46.799999999999997
1757,261367166101719,"[""hex-band"",26,2,18]",-263.4449278312,-58.5
1758,196454183873217,"[""hex-band"",26,2,19]",-263.4449278312,-70.200000000000003
1759,85124081106954,"[""hex-band"",26,2,20]",-263.4449278312,-81.900000000000006
1760,221713175354270,"[""hex-band"",26,2,21]",-263.4449278312,-93.599999999999994
1761,211786403551550,"[""hex-band"",26,2,22]",-263.4449278312,-105.3
1762,277584744382349,"[""hex-band"",26,2,23]",-263.4449278312,-117
1763,175289474833681,"[""hex-band"",26,2,24]",-263.4449278312,-128.69999999999999
1764,47415492986369,"[""hex-band"",26,2,25]",-263.4449278312,-140.40000000000001
1765,58274339705314,"[""hex-band"",26,3,0]",-263.4449278312,-152.09999999999999
1766,279125141069524,"[""hex-band"",26,3,1]",-253.31243060689999,-157.94999999999999
1767,107438523518586,"[""hex-band"",26,3,2]",-243.1799333827,-163.80000000000001
1768,14351986646272,"[""hex-band"",26,3,3]",-233.04743615839999,-169.65000000000001
1769,115715122963067,"[""hex-band"",26,3,4]",-222.91493893410001,-175.5
1770,205338194008465,"[""hex-band"",26,3,5]",-212.7824417098,-181.34999999999999
1771,201623511982976,"[""hex-band"",26,3,6]",-202.6499444856,-187.19999999999999
1772,11651841299603,"[""hex-band"",26,3,7]",-192.51744726129999,-193.05000000000001
1773,239938865553383,"[""hex-band"",26,3,8]",-182.38495003700001,-198.90000000000001
1774,140885899397871,"[""hex-band"",26,3,9]",-172.2524528127,-204.75
1775,13322800928421,"[""hex-band"",26,3,10]",-162.11995558839999,-210.59999999999999
1776,170364082468239,"[""hex-band"",26,3,11]",-151.98745836419999,-216.44999999999999
1777,99958785052062,"[""hex-band"",26,3,12]",-141.85496113990001,-222.30000000000001
1778,229900105502398,"[""hex-band"",26,3,13]",-131.7224639156,-228.15000000000001
1779,9079167277196,"[""hex-band"",26,3,14]",-121.58996669130001,-234
1780,167509789608261,"[""hex-band"",26,3,15]",-111.4574694671,-239.84999999999999
1781,214798659968316,"[""hex-band"",26,3,16]",-101.3249722428,-245.69999999999999
1782,174203001497005,"[""hex-band"",26,3,17]",-91.192475018500005,-251.55000000000001
1783,85202215436381,"[""hex-band"",26,3,18]",-81.059977794199995,-257.39999999999998
1784,28506186567326,"[""hex-band"",26,3,19]",-70.927480569899998,-263.25
1785,22948452532708,"[""hex-band"",26,3,20]",-60.794983345699997,-269.10000000000002
1786,142166884244123,"[""hex-band"",26,3,21]",-50.662486121400001,-274.94999999999999
1787,16690446521213,"[""hex-band"",26,3,22]",-40.529988897099997,-280.80000000000001
1788,195117236815218,"[""hex-band"",26,3,23]",-30.397491672800001,-286.64999999999998
1789,65831771500915,"[""hex-band"",26,3,24]",-20.2649944486,-292.5
1790,207573282742593,"[""hex-band"",26,3,25]",-10.1324972243,-298.35000000000002
1791,113794410630338,"[""hex-band"",26,4,0]",-0,-304.19999999999999
1792,203351959729076,"[""hex-band"",26,4,1]",10.1324972243,-298.35000000000002
1793,168919702709171,"[""hex-band"",26,4,2]",20.2649944486,-292.5
1794,56764533477407,"[""hex-band"",26,4,3]",30.397491672800001,-286.64999999999998
1795,31659726974175,"[""hex-band"",26,4,4]",40.529988897099997,-280.80000000000001
1796,212149750182175,"[""hex-band"",26,4,5]",50.662486121400001,-274.94999999999999
1797,53467016510020,"[""hex-band"",26,4,6]",60.794983345699997,-269.10000000000002
1798,244925513570681,"[""hex-band"",26,4,7]",70.927480569899998,-263.25
1799,51167846256617,"[""hex-band"",26,4,8]",81.059977794199995,-257.39999999999998
1800,145176942001985,"[""hex-band"",26,4,9]",91.192475018500005,-251.55000000000001
1801,91716761610018,"[""hex-band"",26,4,10]",101.3249722428,-245.69999999999999
1802,158919210274792,"[""hex-band"",26,4,11]",111.4574694671,-239.84999999999999
1803,210766739953842,"[""hex-band"",26,4,12]",121.58996669130001,-234
1804,233582428176176,"[""hex-band"",26,4,13]",131.7224639156,-228.15000000000001
1805,184629586684730,"[""hex-band"",26,4,14]",141.85496113990001,-222.30000000000001
1806,29104933260005,"[""hex-band"",26,4,15]",151.98745836419999,-216.44999999999999
1807,113101630966724,"[""hex-band"",26,4,16]",162.11995558839999,-210.59999999999999
1808,33651365304873,"[""hex-band"",26,4,17]",172.2524528127,-204.75
1809,46611686934274,"[""hex-band"",26,4,18]",182.38495003700001,-198.90000000000001
1810,175725981405340,"[""hex-band"",26,4,19]",192.51744726129999,-193.05000000000001
1811,278069541013773,"[""hex-band"",26,4,20]",202.6499444856,-187.19999999999999
1812,47104825466035,"[""hex-band"",26,4,21]",212.7824417098,-181.34999999999999
1813,355660895134,"[""hex-band"",26,4,22]",222.91493893410001,-175.5
1814,55539906418400,"[""hex-band"",26,4,23]",233.04743615839999,-169.65000000000001
1815,262327455871484,"[""hex-band"",26,4,24]",243.1799333827,-163.80000000000001
1816,202325692375915,"[""hex-band"",26,4,25]",253.31243060689999,-157.94999999999999
1817,258214317453396,"[""hex-band"",26,5,0]",263.4449278312,-152.09999999999999
1818,251675934650875,"[""hex-band"",26,5,1]",263.4449278312,-140.40000000000001
1819,154566388785107,"[""hex-band"",26,5,2]",263.4449278312,-128.69999999999999
1820,55441109532572,"[""hex-band"",26,5,3]",263.4449278312,-117
1821,25333845308663,"[""hex-band"",26,5,4]",263.4449278312,-105.3
1822,81589562952181,"[""hex-band"",26,5,5]",263.4449278312,-93.599999999999994
1823,80470508889102,"[""hex-band"",26,5,6]",263.4449278312,-81.900000000000006
1824,111212050536923,"[""hex-band"",26,5,7]",263.4449278312,-70.200000000000003
1825,96948091491241,"[""hex-band"",26,5,8]",263.4449278312,-58.5
1826,40765193863074,"[""hex-band"",26,5,9]",263.4449278312,-46.799999999999997
1827,271142626441641,"[""hex-band"",26,5,10]",263.4449278312,-35.100000000000001
1828,173514204840173,"[""hex-band"",26,5,11]",263.4449278312,-23.399999999999999
1829,31859152009208,"[""hex-band"",26,5,12]",263.4449278312,-11.699999999999999
1830,40165410284138,"[""hex-band"",26,5,13]",263.4449278312,-0
1831,20614437678183,"[""hex-band"",26,5,14]",263.4449278312,11.699999999999999
1832,140429010714839,"[""hex-band"",26,5,15]",263.4449278312,23.399999999999999
1833,116702515912985,"[""hex-band"",26,5,16]",263.4449278312,35.100000000000001
1834,123295036102888,"[""hex-band"",26,5,17]",263.4449278312,46.799999999999997
1835,280969643305223,"[""hex-band"",26,5,18]",263.4449278312,58.5
1836,147516515699618,"[""hex-band"",26,5,19]",263.4449278312,70.200000000000003
1837,196135880508765,"[""hex-band"",26,5,20]",263.4449278312,81.900000000000006
1838,108580813032673,"[""hex-band"",26,5,21]",263.4449278312,93.599999999999994
1839,14604653556279,"[""hex-band"",26,5,22]",263.4449278312,105.3
1840,34929716340152,"[""hex-band"",26,5,23]",263.4449278312,117
1841,42849732622629,"[""hex-band"",26,5,24]",263.4449278312,128.69999999999999
1842,69717153694203,"[""hex-band"",26,5,25]",263.4449278312,140.40000000000001
1843,135250098656809,"[""hex-band"",27,0,0]",273.57742505549999,157.94999999999999
1844,252127737154968,"[""hex-band"",27,0,1]",263.4449278312,163.80000000000001
1845,165532965634199,"[""hex-band"",27,0,2]",253.31243060689999,169.65000000000001
1846,179742370144875,"[""hex-band"",27,0,3]",243.1799333827,175.5
1847,275793529192403,"[""hex-band"",27,0,4]",233.04743615839999,181.34999999999999
1848,175764504751812,"[""hex-band"",27,0,5]",222.91493893410001,187.19999999999999
1849,126349282525022,"[""hex-band"",27,0,6]",212.7824417098,193.05000000000001
1850,29160077948412,"[""hex-band"",27,0,7]",202.6499444856,198.90000000000001
1851,4636443331077,"[""hex-band"",27,0,8]",192.51744726129999,204.75
1852,77852843518939,"[""hex-band"",27,0,9]",182.38495003700001,210.59999999999999
1853,280014612600126,"[""hex-band"",27,0,10]",172.2524528127,216.44999999999999
1854,198227700366175,"[""hex-band"",27,0,11]",162.11995558839999,222.30000000000001
1855,272341908253472,"[""hex-band"",27,0,12]",151.98745836419999,228.15000000000001
1856,121626544125555,"[""hex-band"",27,0,13]",141.85496113990001,234
1857,275455839711524,"[""hex-band"",27,0,14]",131.7224639156,239.84999999999999
1858,110365869440769,"[""hex-band"",27,0,15]",121.58996669130001,245.69999999999999
1859,79488813052868,"[""hex-band"",27,0,16]",111.4574694671,251.55000000000001
1860,175004138866999,"[""hex-band"",27,0,17]",101.3249722428,257.39999999999998
1861,26429123532797,"[""hex-band"",27,0,18]",91.192475018500005,263.25
1862,193960304164039,"[""hex-band"",27,0,19]",81.059977794199995,269.10000000000002
1863,42427626477195,"[""hex-band"",27,0,20]",70.927480569899998,274.94999999999999
1864,218604097517195,"[""hex-band"",27,0,21]",60.794983345699997,280.80000000000001
1865,75819280134117,"[""hex-band"",27,0,22]",50.662486121400001,286.64999999999998
1866,167794101988757,"[""hex-band"",27,0,23]",40.529988897099997,292.5
1867,86904186805216,"[""hex-band"",27,0,24]",30.397491672800001,298.35000000000002
1868,99065007561720,"[""hex-band"",27,0,25]",20.2649944486,304.19999999999999
1869,13508589745191,"[""hex-band"",27,0,26]",10.1324972243,310.05000000000001
1870,258755757859973,"[""hex-band"",27,1,0]",0,315.89999999999998
1871,18058191138410,"[""hex-band"",27,1,1]",-10.1324972243,310.05000000000001
1872,257780999892175,"[""hex-band"",27,1,2]",-20.2649944486,304.19999999999999
1873,86134966262939,"[""hex-band"",27,1,3]",-30.397491672800001,298.35000000000002
1874,143772088542411,"[""hex-band"",27,1,4]",-40.529988897099997,292.5
1875,52185589085971,"[""hex-band"",27,1,5]",-50.662486121400001,286.64999999999998
1876,173205940605070,"[""hex-band"",27,1,6]",-60.794983345699997,280.80000000000001
1877,193873194093487,"[""hex-band"",27,1,7]",-70.927480569899998,274.94999999999999
1878,217653031411026,"[""hex-band"",27,1,8]",-81.059977794199995,269.10000000000002
1879,120894776330380,"[""hex-band"",27,1,9]",-91.192475018500005,263.25
1880,56518778232062,"[""hex-band"",27,1,10]",-101.3249722428,257.39999999999998
1881,187631132844625,"[""hex-band"",27,1,11]",-111.4574694671,251.55000000000001
1882,18370988535184,"[""hex-band"",27,1,12]",-121.58996669130001,245.69999999999999
1883,38973118595625,"[""hex-band"",27,1,13]",-131.7224639156,239.84999999999999
1884,146916449762024,"[""hex-band"",27,1,14]",-141.85496113990001,234
1885,273035151471262,"[""hex-band"",27,1,15]",-151.98745836419999,228.15000000000001
1886,126936941860651,"[""hex-band"",27,1,16]",-162.11995558839999,222.30000000000001
1887,86629469259654,"[""hex-band"",27,1,17]",-172.2524528127,216.44999999999999
1888,144655169042527,"[""hex-band"",27,1,18]",-182.38495003700001,210.59999999999999
1889,271968221661832,"[""hex-band"",27,1,19]",-192.51744726129999,204.75
1890,4787810012109,"[""hex-band"",27,1,20]",-202.6499444856,198.90000000000001
1891,79518002202911,"[""hex-band"",27,1,21]",-212.7824417098,193.05000000000001
1892,186814229660751,"[""hex-band"",27,1,22]",-222.91493893410001,187.19999999999999
1893,120308474968878,"[""hex-band"",27,1,23]",-233.04743615839999,181.34999999999999
1894,70171234793999,"[""hex-band"",27,1,24]",-243.1799333827,175.5
1895,83509722095678,"[""hex-band"",27,1,25]",-253.31243060689999,169.65000000000001
1896,253941599165531,"[""hex-band"",27,1,26]",-263.4449278312,163.80000000000001
1897,87998140449711,"[""hex-band"",27,2,0]",-273.57742505549999,157.94999999999999
1898,166372342910036,"[""hex-band"",27,2,1]",-273.57742505549999,146.25
1899,251467805130431,"[""hex-band"",27,2,2]",-273.57742505549999,134.55000000000001
1900,275614885742915,"[""hex-band"",27,2,3]",-273.57742505549999,122.84999999999999
1901,236909808079343,"[""hex-band"",27,2,4]",-273.57742505549999,111.15000000000001
1902,54276557201495,"[""hex-band"",27,2,5]",-273.57742505549999,99.450000000000003
1903,149441054294728,"[""hex-band"",27,2,6]",-273.57742505549999,87.75
1904,88878413364973,"[""hex-band"",27,2,7]",-273.57742505549999,76.049999999999997
1905,150000658949318,"[""hex-band"",27,2,8]",-273.57742505549999,64.349999999999994
1906,169344303030496,"[""hex-band"",27,2,9]",-273.57742505549999,52.649999999999999
1907,274597666803423,"[""hex-band"",27,2,10]",-273.57742505549999,40.950000000000003
1908,75423768695512,"[""hex-band"",27,2,11]",-273.57742505549999,29.25
1909,175398543666284,"[""hex-band"",27,2,12]",-273.57742505549999,17.550000000000001
1910,159321245234602,"[""hex-band"",27,2,13]",-273.57742505549999,5.8499999999999996
1911,175486497441549,"[""hex-band"",27,2,14]",-273.57742505549999,-5.8499999999999996
1912,109371374320675,"[""hex-band"",27,2,15]",-273.57742505549999,-17.550000000000001
1913,207983718009876,"[""hex-band"",27,2,16]",-273.57742505549999,-29.25
1914,4489315262131,"[""hex-band"",27,2,17]",-273.57742505549999,-40.950000000000003
1915,266180963907741,"[""hex-band"",27,2,18]",-273.57742505549999,-52.649999999999999
1916,94203554702721,"[""hex-band"",27,2,19]",-273.57742505549999,-64.349999999999994
1917,122017920035076,"[""hex-band"",27,2,20]",-273.57742505549999,-76.049999999999997
1918,52017609856679,"[""hex-band"",27,2,21]",-273.57742505549999,-87.75
1919,155568851964375,"[""hex-band"",27,2,22]",-273.57742505549999,-99.450000000000003
1920,271329537281505,"[""hex-band"",27,2,23]",-273.57742505549999,-111.15000000000001
1921,260631826522349,"[""hex-band"",27,2,24]",-273.57742505549999,-122.84999999999999
1922,271417454888089,"[""hex-band"",27,2,25]",-273.57742505549999,-134.55000000000001
1923,229584523421293,"[""hex-band"",27,2,26]",-273.57742505549999,-146.25
1924,92491197050742,"[""hex-band"",27,3,0]",-273.57742505549999,-157.94999999999999
1925,234640029505012,"[""hex-band"",27,3,1]",-263.4449278312,-163.80000000000001
1926,92408143145606,"[""hex-band"",27,3,2]",-253.31243060689999,-169.65000000000001
1927,228936755397812,"[""hex-band"",27,3,3]",-243.1799333827,-175.5
1928,35431793528800,"[""hex-band"",27,3,4]",-233.04743615839999,-181.34999999999999
1929,80255352734366,"[""hex-band"",27,3,5]",-222.91493893410001,-187.19999999999999
1930,156979878475416,"[""hex-band"",27,3,6]",-212.7824417098,-193.05000000000001
1931,187185884954028,"[""hex-band"",27,3,7]",-202.6499444856,-198.90000000000001
1932,87519793842640,"[""hex-band"",27,3,8]",-192.51744726129999,-204.75
1933,87984564436431,"[""hex-band"",27,3,9]",-182.38495003700001,-210.59999999999999
1934,1383941574327,"[""hex-band"",27,3,10]",-172.2524528127,-216.44999999999999
1935,126513521355237,"[""hex-band"",27,3,11]",-162.11995558839999,-222.30000000000001
1936,251436708764852,"[""hex-band"",27,3,12]",-151.98745836419999,-228.15000000000001
1937,51338276177890,"[""hex-band"",27,3,13]",-141.85496113990001,-234
1938,280561403952041,"[""hex-band"",27,3,14]",-131.7224639156,-239.84999999999999
1939,14961135809748,"[""hex-band"",27,3,15]",-121.58996669130001,-245.69999999999999
1940,262794873829197,"[""hex-band"",27,3,16]",-111.4574694671,-251.55000000000001
1941,231057891474865,"[""hex-band"",27,3,17]",-101.3249722428,-257.39999999999998
1942,146326645250470,"[""hex-band"",27,3,18]",-91.192475018500005,-263.25
1943,192416819949452,"[""hex-band"",27,3,19]",-81.059977794199995,-269.10000000000002
1944,35801534940921,"[""hex-band"",27,3,20]",-70.927480569899998,-274.94999999999999
1945,128326516311002,"[""hex-band"",27,3,21]",-60.794983345699997,-280.80000000000001
1946,84253546407357,"[""hex-band"",27,3,22]",-50.662486121400001,-286.64999999999998
1947,127471194221822,"[""hex-band"",27,3,23]",-40.529988897099997,-292.5
1948,119943051258127,"[""hex-band"",27,3,24]",-30.397491672800001,-298.35000000000002
1949,245230354629233,"[""hex-band"",27,3,25]",-20.2649944486,-304.19999999999999
1950,249865249840498,"[""hex-band"",27,3,26]",-10.1324972243,-310.05000000000001
1951,161353166721396,"[""hex-band"",27,4,0]",-0,-315.89999999999998
1952,216962950207020,"[""hex-band"",27,4,1]",10.1324972243,-310.05000000000001
1953,134100418490622,"[""hex-band"",27,4,2]",20.2649944486,-304.19999999999999
1954,234744724947835,"[""hex-band"",27,4,3]",30.397491672800001,-298.35000000000002
1955,2260319896511,"[""hex-band"",27,4,4]",40.529988897099997,-292.5
1956,73109699243099,"[""hex-band"",27,4,5]",50.662486121400001,-286.64999999999998
1957,32247009579788,"[""hex-band"",27,4,6]",60.794983345699997,-280.80000000000001
1958,155369407765607,"[""hex-band"",27,4,7]",70.927480569899998,-274.94999999999999
1959,277238574169012,"[""hex-band"",27,4,8]",81.059977794199995,-269.10000000000002
1960,275364210747982,"[""hex-band"",27,4,9]",91.192475018500005,-263.25
1961,275732929446582,"[""hex-band"",27,4,10]",101.3249722428,-257.39999999999998
1962,204975080674306,"[""hex-band"",27,4,11]",111.4574694671,-251.55000000000001
1963,197900268374923,"[""hex-band"",27,4,12]",121.58996669130001,-245.69999999999999
1964,5051527163561,"[""hex-band"",27,4,13]",131.7224639156,-239.84999999999999
1965,177930708959219,"[""hex-band"",27,4,14]",141.85496113990001,-234
1966,91014208599520,"[""hex-band"",27,4,15]",151.98745836419999,-228.15000000000001
1967,102289959735570,"[""hex-band"",27,4,16]",162.11995558839999,-222.30000000000001
1968,76096230711831,"[""hex-band"",27,4,17]",172.2524528127,-216.44999999999999
1969,92478125988554,"[""hex-band"",27,4,18]",182.38495003700001,-210.59999999999999
1970,204505950090393,"[""hex-band"",27,4,19]",192.51744726129999,-204.75
1971,42247656907973,"[""hex-band"",27,4,20]",202.6499444856,-198.90000000000001
1972,217578285058989,"[""hex-band"",27,4,21]",212.7824417098,-193.05000000000001
1973,101458144624982,"[""hex-band"",27,4,22]",222.91493893410001,-187.19999999999999
1974,121403081831305,"[""hex-band"",27,4,23]",233.04743615839999,-181.34999999999999
1975,115131255258931,"[""hex-band"",27,4,24]",243.1799333827,-175.5
1976,144918243811061,"[""hex-band"",27,4,25]",253.31243060689999,-169.65000000000001
1977,21491426531958,"[""hex-band"",27,4,26]",263.4449278312,-163.80000000000001
1978,9232505671676,"[""hex-band"",27,5,0]",273.57742505549999,-157.94999999999999
1979,123073596664081,"[""hex-band"",27,5,1]",273.57742505549999,-146.25
1980,227463009672711,"[""hex-band"",27,5,2]",273.57742505549999,-134.55000000000001
1981,103077742991269,"[""hex-band"",27,5,3]",273.57742505549999,-122.84999999999999
1982,75165223463531,"[""hex-band"",27,5,4]",273.57742505549999,-111.15000000000001
1983,234230822158058,"[""hex-band"",27,5,5]",273.57742505549999,-99.450000000000003
1984,237467965956447,"[""hex-band"",27,5,6]",273.57742505549999,-87.75
1985,176414883387072,"[""hex-band"",27,5,7]",273.57742505549999,-76.049999999999997
1986,46005584401253,"[""hex-band"",27,5,8]",273.57742505549999,-64.349999999999994
1987,189781600002300,"[""hex-band"",27,5,9]",273.57742505549999,-52.649999999999999
1988,277384739935071,"[""hex-band"",27,5,10]",273.57742505549999,-40.950000000000003
1989,205873383532737,"[""hex-band"",27,5,11]",273.57742505549999,-29.25
1990,94248723705310,"[""hex-band"",27,5,12]",273.57742505549999,-17.550000000000001
1991,187441387796744,"[""hex-band"",27,5,13]",273.57742505549999,-5.8499999999999996
1992,150317538204200,"[""hex-band"",27,5,14]",273.57742505549999,5.8499999999999996
1993,46052725292566,"[""hex-band"",27,5,15]",273.57742505549999,17.550000000000001
1994,152128702884554,"[""hex-band"",27,5,16]",273.57742505549999,29.25
1995,136008638560494,"[""hex-band"",27,5,17]",273.57742505549999,40.950000000000003
1996,96189080368084,"[""hex-band"",27,5,18]",273.57742505549999,52.649999999999999
1997,84021724647207,"[""hex-band"",27,5,19]",273.57742505549999,64.349999999999994
1998,235850649427546,"[""hex-band"",27,5,20]",273.57742505549999,76.049999999999997
1999,148156570041673,"[""hex-band"",27,5,21]",273.57742505549999,87.75
2000,172704382192007,"[""hex-band"",27,5,22]",273.57742505549999,99.450000000000003
2001,138595415777225,"[""hex-band"",27,5,23]",273.57742505549999,111.15000000000001
2002,254766425745641,"[""hex-band"",27,5,24]",273.57742505549999,122.84999999999999
2003,157540002193722,"[""hex-band"",27,5,25]",273.57742505549999,134.55000000000001
2004,151619490970797,"[""hex-band"",27,5,26]",273.57742505549999,146.25
2005,241913665311925,"[""hex-band"",28,0,0]",283.70992227980003,163.80000000000001
2006,185909873100317,"[""hex-band"",28,0,1]",273.57742505549999,169.65000000000001
2007,59453460452746,"[""hex-band"",28,0,2]",263.4449278312,175.5
2008,204569705773226,"[""hex-band"",28,0,3]",253.31243060689999,181.34999999999999
2009,273430644744039,"[""hex-band"",28,0,4]",243.1799333827,187.19999999999999
2010,18984208957895,"[""hex-band"",28,0,5]",233.04743615839999,193.05000000000001
2011,50981596173022,"[""hex-band"",28,0,6]",222.91493893410001,198.90000000000001
2012,266341942459007,"[""hex-band"",28,0,7]",212.7824417098,204.75
2013,2464944234445,"[""hex-band"",28,0,8]",202.6499444856,210.59999999999999
2014,228824576178654,"[""hex-band"",28,0,9]",192.51744726129999,216.44999999999999
2015,242656415715248,"[""hex-band"",28,0,10]",182.38495003700001,222.30000000000001
2016,151567822616954,"[""hex-band"",28,0,11]",172.2524528127,228.15000000000001
2017,101941597075790,"[""hex-band"",28,0,12]",162.11995558839999,234
2018,133333229881392,"[""hex-band"",28,0,13]",151.98745836419999,239.84999999999999
2019,212298836805356,"[""hex-band"",28,0,14]",141.85496113990001,245.69999999999999
2020,218703669163095,"[""hex-band"",28,0,15]",131.7224639156,251.55000000000001
2021,56271568470806,"[""hex-band"",28,0,16]",121.58996669130001,257.39999999999998
2022,122565239371444,"[""hex-band"",28,0,17]",111.4574694671,263.25
2023,154174639856705,"[""hex-band"",28,0,18]",101.3249722428,269.10000000000002
2024,242398158667920,"[""hex-band"",28,0,19]",91.192475018500005,274.94999999999999
2025,120948473316039,"[""hex-band"",28,0,20]",81.059977794199995,280.80000000000001
2026,68500651119497,"[""hex-band"",28,0,21]",70.927480569899998,286.64999999999998
2027,264758263416389,"[""hex-band"",28,0,22]",60.794983345699997,292.5
2028,126746374474664,"[""hex-band"",28,0,23]",50.662486121400001,298.35000000000002
2029,143901839514678,"[""hex-band"",28,0,24]",40.529988897099997,304.19999999999999
2030,21666934478187,"[""hex-band"",28,0,25]",30.397491672800001,310.05000000000001
2031,245614861792915,"[""hex-band"",28,0,26]",20.2649944486,315.89999999999998
2032,191371151878383,"[""hex-band"",28,0,27]",10.1324972243,321.75
2033,280508497539593,"[""hex-band"",28,1,0]",0,327.60000000000002
2034,192598447864365,"[""hex-band"",28,1,1]",-10.1324972243,321.75
2035,260764267025529,"[""hex-band"",28,1,2]",-20.2649944486,315.89999999999998
2036,206954684476222,"[""hex-band"",28,1,3]",-30.397491672800001,310.05000000000001
2037,176172916450262,"[""hex-band"",28,1,4]",-40.529988897099997,304.19999999999999
2038,103248749780575,"[""hex-band"",28,1,5]",-50.662486121400001,298.35000000000002
2039,124721333610413,"[""hex-band"",28,1,6]",-60.794983345699997,292.5
2040,112502028525993,"[""hex-band"",28,1,7]",-70.927480569899998,286.64999999999998
2041,31816476719484,"[""hex-band"",28,1,8]",-81.059977794199995,280.80000000000001
2042,23663355638113,"[""hex-band"",28,1,9]",-91.192475018500005,274.94999999999999
2043,103545868495130,"[""hex-band"",28,1,10]",-101.3249722428,269.10000000000002
2044,151494606142524,"[""hex-band"",28,1,11]",-111.4574694671,263.25
2045,259125466527559,"[""hex-band"",28,1,12]",-121.58996669130001,257.39999999999998
2046,136880418379360,"[""hex-band"",28,1,13]",-131.7224639156,251.55000000000001
2047,45282407474374,"[""hex-band"",28,1,14]",-141.85496113990001,245.69999999999999
2048,119036923277690,"[""hex-band"",28,1,15]",-151.98745836419999,239.84999999999999
2049,249084576648409,"[""hex-band"",28,1,16]",-162.11995558839999,234
2050,94945130163229,"[""hex-band"",28,1,17]",-172.2524528127,228.15000000000001
2051,128555651373370,"[""hex-band"",28,1,18]",-182.38495003700001,222.30000000000001
2052,161366421139985,"[""hex-band"",28,1,19]",-192.51744726129999,216.44999999999999
2053,41840299500969,"[""hex-band"",28,1,20]",-202.6499444856,210.59999999999999
2054,8525857149479,"[""hex-band"",28,1,21]",-212.7824417098,204.75
2055,262835773702884,"[""hex-band"",28,1,22]",-222.91493893410001,198.90000000000001
2056,248748224440027,"[""hex-band"",28,1,23]",-233.04743615839999,193.05000000000001
2057,43002317208238,"[""hex-band"",28,1,24]",-243.1799333827,187.19999999999999
2058,124707600679393,"[""hex-band"",28,1,25]",-253.31243060689999,181.34999999999999
2059,222912728198904,"[""hex-band"",28,1,26]",-263.4449278312,175.5
2060,250514361931999,"[""hex-band"",28,1,27]",-273.57742505549999,169.65000000000001
2061,49638779486646,"[""hex-band"",28,2,0]",-283.70992227980003,163.80000000000001
2062,220024262279807,"[""hex-band"",28,2,1]",-283.70992227980003,152.09999999999999
2063,115395470688406,"[""hex-band"",28,2,2]",-283.70992227980003,140.40000000000001
2064,161641980035027,"[""hex-band"",28,2,3]",-283.70992227980003,128.69999999999999
2065,138985008371343,"[""hex-band"",28,2,4]",-283.70992227980003,117
2066,70160795495425,"[""hex-band"",28,2,5]",-283.70992227980003,105.3
2067,154799398965366,"[""hex-band"",28,2,6]",-283.70992227980003,93.599999999999994
2068,252075690979798,"[""hex-band"",28,2,7]",-283.70992227980003,81.900000000000006
2069,219431462310961,"[""hex-band"",28,2,8]",-283.70992227980003,70.200000000000003
2070,15839542065225,"[""hex-band"",28,2,9]",-283.70992227980003,58.5
2071,124966939427650,"[""hex-band"",28,2,10]",-283.70992227980003,46.799999999999997
2072,192759618424518,"[""hex-band"",28,2,11]",-283.70992227980003,35.100000000000001
2073,78042744265546,"[""hex-band"",28,2,12]",-283.70992227980003,23.399999999999999
2074,180682301457562,"[""hex-band"",28,2,13]",-283.70992227980003,11.699999999999999
2075,115386012574354,"[""hex-band"",28,2,14]",-283.70992227980003,0
2076,130184833091773,"[""hex-band"",28,2,15]",-283.70992227980003,-11.699999999999999
2077,276768553866554,"[""hex-band"",28,2,16]",-283.70992227980003,-23.399999999999999
2078,163510705945755,"[""hex-band"",28,2,17]",-283.70992227980003,-35.100000000000001
2079,9199525360408,"[""hex-band"",28,2,18]",-283.70992227980003,-46.799999999999997
2080,245411838788051,"[""hex-band"",28,2,19]",-283.70992227980003,-58.5
2081,172447897213366,"[""hex-band"",28,2,20]",-283.70992227980003,-70.200000000000003
2082,41214214432695,"[""hex-band"",28,2,21]",-283.70992227980003,-81.900000000000006
2083,266835418398527,"[""hex-band"",28,2,22]",-283.70992227980003,-93.599999999999994
2084,73292285048838,"[""hex-band"",28,2,23]",-283.70992227980003,-105.3
2085,59659844853088,"[""hex-band"",28,2,24]",-283.70992227980003,-117
2086,228591039279414,"[""hex-band"",28,2,25]",-283.70992227980003,-128.69999999999999
2087,248258815693418,"[""hex-band"",28,2,26]",-283.70992227980003,-140.40000000000001
2088,178141287122889,"[""hex-band"",28,2,27]",-283.70992227980003,-152.09999999999999
2089,192792335147964,"[""hex-band"",28,3,0]",-283.70992227980003,-163.80000000000001
2090,210300816451486,"[""hex-band"",28,3,1]",-273.57742505549999,-169.65000000000001
2091,255588357949194,"[""hex-band"",28,3,2]",-263.4449278312,-175.5
2092,121299917274050,"[""hex-band"",28,3,3]",-253.31243060689999,-181.34999999999999
2093,218741097118796,"[""hex-band"",28,3,4]",-243.1799333827,-187.19999999999999
2094,154335337299576,"[""hex-band"",28,3,5]",-233.04743615839999,-193.05000000000001
2095,155682896834123,"[""hex-band"",28,3,6]",-222.91493893410001,-198.90000000000001
2096,87403100262956,"[""hex-band"",28,3,7]",-212.7824417098,-204.75
2097,94335384014438,"[""hex-band"",28,3,8]",-202.6499444856,-210.59999999999999
2098,258942243635822,"[""hex-band"",28,3,9]",-192.51744726129999,-216.44999999999999
2099,92942888656572,"[""hex-band"",28,3,10]",-182.38495003700001,-222.30000000000001
2100,142755183921340,"[""hex-band"",28,3,11]",-172.2524528127,-228.15000000000001
2101,199462796069741,"[""hex-band"",28,3,12]",-162.11995558839999,-234
2102,96503312419976,"[""hex-band"",28,3,13]",-151.98745836419999,-239.84999999999999
2103,122733446571275,"[""hex-band"",28,3,14]",-141.85496113990001,-245.69999999999999
2104,200758836181352,"[""hex-band"",28,3,15]",-131.7224639156,-251.55000000000001
2105,46417751732646,"[""hex-band"",28,3,16]",-121.58996669130001,-257.39999999999998
2106,149026465765043,"[""hex-band"",28,3,17]",-111.4574694671,-263.25
2107,90528618090375,"[""hex-band"",28,3,18]",-101.3249722428,-269.10000000000002
2108,190208720569580,"[""hex-band"",28,3,19]",-91.192475018500005,-274.94999999999999
2109,178074738081321,"[""hex-band"",28,3,20]",-81.059977794199995,-280.80000000000001
2110,227842321708078,"[""hex-band"",28,3,21]",-70.927480569899998,-286.64999999999998
2111,217601013228138,"[""hex-band"",28,3,22]",-60.794983345699997,-292.5
2112,214866142280947,"[""hex-band"",28,3,23]",-50.662486121400001,-298.35000000000002
2113,228900744690214,"[""hex-band"",28,3,24]",-40.529988897099997,-304.19999999999999
2114,29555076058313,"[""hex-band"",28,3,25]",-30.397491672800001,-310.05000000000001
2115,93226499055220,"[""hex-band"",28,3,26]",-20.2649944486,-315.89999999999998
2116,182669001938241,"[""hex-band"",28,3,27]",-10.1324972243,-321.75
2117,6179929428990,"[""hex-band"",28,4,0]",-0,-327.60000000000002
2118,70372644752885,"[""hex-band"",28,4,1]",10.1324972243,-321.75
2119,105107718654692,"[""hex-band"",28,4,2]",20.2649944486,-315.89999999999998
2120,178151198266650,"[""hex-band"",28,4,3]",30.397491672800001,-310.05000000000001
2121,80687602001095,"[""hex-band"",28,4,4]",40.529988897099997,-304.19999999999999
2122,41951293684706,"[""hex-band"",28,4,5]",50.662486121400001,-298.35000000000002
2123,17988671867340,"[""hex-band"",28,4,6]",60.794983345699997,-292.5
2124,39417918313918,"[""hex-band"",28,4,7]",70.927480569899998,-286.64999999999998
2125,82778046917424,"[""hex-band"",28,4,8]",81.059977794199995,-280.80000000000001
2126,264759406928336,"[""hex-band"",28,4,9]",91.192475018500005,-274.94999999999999
2127,1849109548116,"[""hex-band"",28,4,10]",101.3249722428,-269.10000000000002
2128,193074025542420,"[""hex-band"",28,4,11]",111.4574694671,-263.25
2129,213130103296715,"[""hex-band"",28,4,12]",121.58996669130001,-257.39999999999998
2130,41268274907450,"[""hex-band"",28,4,13]",131.7224639156,-251.55000000000001
2131,125130245848090,"[""hex-band"",28,4,14]",141.85496113990001,-245.69999999999999
2132,179365783182927,"[""hex-band"",28,4,15]",151.98745836419999,-239.84999999999999
2133,242789430213156,"[""hex-band"",28,4,16]",162.11995558839999,-234
2134,12229414264051,"[""hex-band"",28,4,17]",172.2524528127,-228.15000000000001
2135,162266528205731,"[""hex-band"",28,4,18]",182.38495003700001,-222.30000000000001
2136,242261131566971,"[""hex-band"",28,4,19]",192.51744726129999,-216.44999999999999
2137,26820368808101,"[""hex-band"",28,4,20]",202.6499444856,-210.59999999999999
2138,138604068812412,"[""hex-band"",28,4,21]",212.7824417098,-204.75
2139,93092012739751,"[""hex-band"",28,4,22]",222.91493893410001,-198.90000000000001
2140,5660223513564,"[""hex-band"",28,4,23]",233.04743615839999,-193.05000000000001
2141,200252914965611,"[""hex-band"",28,4,24]",243.1799333827,-187.19999999999999
2142,46989282163459,"[""hex-band"",28,4,25]",253.31243060689999,-181.34999999999999
2143,109096818840038,"[""hex-band"",28,4,26]",263.4449278312,-175.5
2144,98185238910458,"[""hex-band"",28,4,27]",273.57742505549999,-169.65000000000001
2145,268663802076825,"[""hex-band"",28,5,0]",283.70992227980003,-163.80000000000001
2146,225243648600092,"[""hex-band"",28,5,1]",283.70992227980003,-152.09999999999999
2147,158179882193155,"[""hex-band"",28,5,2]",283.70992227980003,-140.40000000000001
2148,20369078891216,"[""hex-band"",28,5,3]",283.70992227980003,-128.69999999999999
2149,220446319031261,"[""hex-band"",28,5,4]",283.70992227980003,-117
2150,126752527373384,"[""hex-band"",28,5,5]",283.70992227980003,-105.3
2151,238294572256163,"[""hex-band"",28,5,6]",283.70992227980003,-93.599999999999994
2152,235279550573888,"[""hex-band"",28,5,7]",283.70992227980003,-81.900000000000006
2153,270127448693083,"[""hex-band"",28,5,8]",283.70992227980003,-70.200000000000003
2154,12139811813872,"[""hex-band"",28,5,9]",283.70992227980003,-58.5
2155,63000112469192,"[""hex-band"",28,5,10]",283.70992227980003,-46.799999999999997
2156,61561866297627,"[""hex-band"",28,5,11]",283.70992227980003,-35.100000000000001
2157,147486236069403,"[""hex-band"",28,5,12]",283.70992227980003,-23.399999999999999
2158,184161088803392,"[""hex-band"",28,5,13]",283.70992227980003,-11.699999999999999
2159,194434511781177,"[""hex-band"",28,5,14]",283.70992227980003,-0
2160,227998635762061,"[""hex-band"",28,5,15]",283.70992227980003,11.699999999999999
2161,96580811522699,"[""hex-band"",28,5,16]",283.70992227980003,23.399999999999999
2162,80882907793975,"[""hex-band"",28,5,17]",283.70992227980003,35.100000000000001
2163,272406112468482,"[""hex-band"",28,5,18]",283.70992227980003,46.799999999999997
2164,173460908635461,"[""hex-band"",28,5,19]",283.70992227980003,58.5
2165,155246903478326,"[""hex-band"",28,5,20]",283.70992227980003,70.200000000000003
2166,228946722365483,"[""hex-band"",28,5,21]",283.70992227980003,81.900000000000006
2167,59779447784151,"[""hex-band"",28,5,22]",283.70992227980003,93.599999999999994
2168,103114953491727,"[""hex-band"",28,5,23]",283.70992227980003,105.3
2169,247446883355943,"[""hex-band"",28,5,24]",283.70992227980003,117
2170,238383690733646,"[""hex-band"",28,5,25]",283.70992227980003,128.69999999999999
2171,230732335018974,"[""hex-band"",28,5,26]",283.70992227980003,140.40000000000001
2172,172562899626254,"[""hex-band"",28,5,27]",283.70992227980003,152.09999999999999
2173,72788082479197,"[""hex-band"",29,0,0]",293.84241950410001,169.65000000000001
2174,252804408881463,"[""hex-band"",29,0,1]",283.70992227980003,175.5
2175,65948027456798,"[""hex-band"",29,0,2]",273.57742505549999,181.34999999999999
2176,221096260429032,"[""hex-band"",29,0,3]",263.4449278312,187.19999999999999
2177,90197423977338,"[""hex-band"",29,0,4]",253.31243060689999,193.05000000000001
2178,135845149111847,"[""hex-band"",29,0,5]",243.1799333827,198.90000000000001
2179,88966101573607,"[""hex-band"",29,0,6]",233.04743615839999,204.75
2180,138804691675088,"[""hex-band"",29,0,7]",222.91493893410001,210.59999999999999
2181,119998192522338,"[""hex-band"",29,0,8]",212.7824417098,216.44999999999999
2182,128699900982036,"[""hex-band"",29,0,9]",202.6499444856,222.30000000000001
2183,53080984349441,"[""hex-band"",29,0,10]",192.51744726129999,228.15000000000001
2184,197095123886024,"[""hex-band"",29,0,11]",182.38495003700001,234
2185,245244480398332,"[""hex-band"",29,0,12]",172.2524528127,239.84999999999999
2186,227629379336115,"[""hex-band"",29,0,13]",162.11995558839999,245.69999999999999
2187,218838086551649,"[""hex-band"",29,0,14]",151.98745836419999,251.55000000000001
2188,49408672671129,"[""hex-band"",29,0,15]",141.85496113990001,257.39999999999998
2189,15733868510544,"[""hex-band"",29,0,16]",131.7224639156,263.25
2190,22930464900357,"[""hex-band"",29,0,17]",121.58996669130001,269.10000000000002
2191,152251904954678,"[""hex-band"",29,0,18]",111.4574694671,274.94999999999999
2192,241266099116186,"[""hex-band"",29,0,19]",101.3249722428,280.80000000000001
2193,48753686706693,"[""hex-band"",29,0,20]",91.192475018500005,286.64999999999998
2194,149349189445645,"[""hex-band"",29,0,21]",81.059977794199995,292.5
2195,169958447004498,"[""hex-band"",29,0,22]",70.927480569899998,298.35000000000002
2196,35215831437265,"[""hex-band"",29,0,23]",60.794983345699997,304.19999999999999
2197,228124885981485,"[""hex-band"",29,0,24]",50.662486121400001,310.05000000000001
2198,180480084196641,"[""hex-band"",29,0,25]",40.529988897099997,315.89999999999998
2199,3252422526644,"[""hex-band"",29,0,26]",30.397491672800001,321.75
2200,219878645059339,"[""hex-band"",29,0,27]",20.2649944486,327.60000000000002
2201,271831011917515,"[""hex-band"",29,0,28]",10.1324972243,333.44999999999999
2202,207862153853753,"[""hex-band"",29,1,0]",0,339.30000000000001
2203,150028308697362,"[""hex-band"",29,1,1]",-10.1324972243,333.44999999999999
2204,191122820189258,"[""hex-band"",29,1,2]",-20.2649944486,327.60000000000002
2205,44879263445132,"[""hex-band"",29,1,3]",-30.397491672800001,321.75
2206,229914264285779,"[""hex-band"",29,1,4]",-40.529988897099997,315.89999999999998
2207,92737048993905,"[""hex-band"",29,1,5]",-50.662486121400001,310.05000000000001
2208,210100694917053,"[""hex-band"",29,1,6]",-60.794983345699997,304.19999999999999
2209,217338250448955,"[""hex-band"",29,1,7]",-70.927480569899998,298.35000000000002
2210,26843438858963,"[""hex-band"",29,1,8]",-81.059977794199995,292.5
2211,249175780648275,"[""hex-band"",29,1,9]",-91.192475018500005,286.64999999999998
2212,144422075445245,"[""hex-band"",29,1,10]",-101.3249722428,280.80000000000001
2213,21710872180111,"[""hex-band"",29,1,11]",-111.4574694671,274.94999999999999
2214,49281263876610,"[""hex-band"",29,1,12]",-121.58996669130001,269.10000000000002
2215,214569128470893,"[""hex-band"",29,1,13]",-131.7224639156,263.25
2216,160552651402593,"[""hex-band"",29,1,14]",-141.85496113990001,257.39999999999998
2217,199733568895265,"[""hex-band"",29,1,15]",-151.98745836419999,251.55000000000001
2218,168086015965516,"[""hex-band"",29,1,16]",-162.11995558839999,245.69999999999999
2219,239375313878313,"[""hex-band"",29,1,17]",-172.2524528127,239.84999999999999
2220,229010240302516,"[""hex-band"",29,1,18]",-182.38495003700001,234
2221,66331910243533,"[""hex-band"",29,1,19]",-192.51744726129999,228.15000000000001
2222,178262514833034,"[""hex-band"",29,1,20]",-202.6499444856,222.30000000000001
2223,204135867305921,"[""hex-band"",29,1,21]",-212.7824417098,216.44999999999999
2224,60291319982685,"[""hex-band"",29,1,22]",-222.91493893410001,210.59999999999999
2225,46713947896291,"[""hex-band"",29,1,23]",-233.04743615839999,204.75
2226,148997801013291,"[""hex-band"",29,1,24]",-243.1799333827,198.90000000000001
2227,187652090234695,"[""hex-band"",29,1,25]",-253.31243060689999,193.05000000000001
2228,268983044474297,"[""hex-band"",29,1,26]",-263.4449278312,187.19999999999999
2229,116110246175205,"[""hex-band"",29,1,27]",-273.57742505549999,181.34999999999999
2230,159859693831354,"[""hex-band"",29,1,28]",-283.70992227980003,175.5
2231,161265824518828,"[""hex-band"",29,2,0]",-293.84241950410001,169.65000000000001
2232,220792814479121,"[""hex-band"",29,2,1]",-293.84241950410001,157.94999999999999
2233,195869328389637,"[""hex-band"",29,2,2]",-293.84241950410001,146.25
2234,251755989231564,"[""hex-band"",29,2,3]",-293.84241950410001,134.55000000000001
2235,221149979039621,"[""hex-band"",29,2,4]",-293.84241950410001,122.84999999999999
2236,78084833327586,"[""hex-band"",29,2,5]",-293.84241950410001,111.15000000000001
2237,94981375827544,"[""hex-band"",29,2,6]",-293.84241950410001,99.450000000000003
2238,87061351023414,"[""hex-band"",29,2,7]",-293.84241950410001,87.75
2239,162862500127479,"[""hex-band"",29,2,8]",-293.84241950410001,76.049999999999997
2240,32299726838926,"[""hex-band"",29,2,9]",-293.84241950410001,64.349999999999994
2241,64843338085593,"[""hex-band"",29,2,10]",-293.84241950410001,52.649999999999999
2242,52102871474320,"[""hex-band"",29,2,11]",-293.84241950410001,40.950000000000003
2243,146146848703088,"[""hex-band"",29,2,12]",-293.84241950410001,29.25
2244,251857364238034,"[""hex-band"",29,2,13]",-293.84241950410001,17.550000000000001
2245,159948159886061,"[""hex-band"",29,2,14]",-293.84241950410001,5.8499999999999996
2246,139885635903852,"[""hex-band"",29,2,15]",-293.84241950410001,-5.8499999999999996
2247,206462480114905,"[""hex-band"",29,2,16]",-293.84241950410001,-17.550000000000001
2248,199792101794139,"[""hex-band"",29,2,17]",-293.84241950410001,-29.25
2249,56308739929623,"[""hex-band"",29,2,18]",-293.84241950410001,-40.950000000000003
2250,24711197109991,"[""hex-band"",29,2,19]",-293.84241950410001,-52.649999999999999
2251,134421424287503,"[""hex-band"",29,2,20]",-293.84241950410001,-64.349999999999994
2252,72416738633356,"[""hex-band"",29,2,21]",-293.84241950410001,-76.049999999999997
2253,47992917956693,"[""hex-band"",29,2,22]",-293.84241950410001,-87.75
2254,29938404841091,"[""hex-band"",29,2,23]",-293.84241950410001,-99.450000000000003
2255,181634305974108,"[""hex-band"",29,2,24]",-293.84241950410001,-111.15000000000001
2256,47796772495437,"[""hex-band"",29,2,25]",-293.84241950410001,-122.84999999999999
2257,51445197964881,"[""hex-band"",29,2,26]",-293.84241950410001,-134.55000000000001
2258,200869292499785,"[""hex-band"",29,2,27]",-293.84241950410001,-146.25
2259,162491803362991,"[""hex-band"",29,2,28]",-293.84241950410001,-157.94999999999999
2260,49675904587153,"[""hex-band"",29,3,0]",-293.84241950410001,-169.65000000000001
2261,197303363224374,"[""hex-band"",29,3,1]",-283.70992227980003,-175.5
2262,159448362166918,"[""hex-band"",29,3,2]",-273.57742505549999,-181.34999999999999
2263,28077759667759,"[""hex-band"",29,3,3]",-263.4449278312,-187.19999999999999
2264,130372040805809,"[""hex-band"",29,3,4]",-253.31243060689999,-193.05000000000001
2265,210005884966088,"[""hex-band"",29,3,5]",-243.1799333827,-198.90000000000001
2266,143060750545317,"[""hex-band"",29,3,6]",-233.04743615839999,-204.75
2267,108405010028110,"[""hex-band"",29,3,7]",-222.91493893410001,-210.59999999999999
2268,167056425578842,"[""hex-band"",29,3,8]",-212.7824417098,-216.44999999999999
2269,219883801609675,"[""hex-band"",29,3,9]",-202.6499444856,-222.30000000000001
2270,86169724794655,"[""hex-band"",29,3,10]",-192.51744726129999,-228.15000000000001
2271,196757653566962,"[""hex-band"",29,3,11]",-182.38495003700001,-234
2272,260200571681801,"[""hex-band"",29,3,12]",-172.2524528127,-239.84999999999999
2273,26817817992689,"[""hex-band"",29,3,13]",-162.11995558839999,-245.69999999999999
2274,273610004314173,"[""hex-band"",29,3,14]",-151.98745836419999,-251.55000000000001
2275,8533964073478,"[""hex-band"",29,3,15]",-141.85496113990001,-257.39999999999998
2276,59032891479816,"[""hex-band"",29,3,16]",-131.7224639156,-263.25
2277,50438755270204,"[""hex-band"",29,3,17]",-121.58996669130001,-269.10000000000002
2278,67768071948947,"[""hex-band"",29,3,18]",-111.4574694671,-274.94999999999999
2279,112541591509196,"[""hex-band"",29,3,19]",-101.3249722428,-280.80000000000001
2280,40899163666660,"[""hex-band"",29,3,20]",-91.192475018500005,-286.64999999999998
2281,226011087935776,"[""hex-band"",29,3,21]",-81.059977794199995,-292.5
2282,177285822548989,"[""hex-band"",29,3,22]",-70.927480569899998,-298.35000000000002
2283,97048300062751,"[""hex-band"",29,3,23]",-60.794983345699997,-304.19999999999999
2284,4931705474886,"[""hex-band"",29,3,24]",-50.662486121400001,-310.05000000000001
2285,60715351819988,"[""hex-band"",29,3,25]",-40.529988897099997,-315.89999999999998
2286,57244900056821,"[""hex-band"",29,3,26]",-30.397491672800001,-321.75
2287,278183663862795,"[""hex-band"",29,3,27]",-20.2649944486,-327.60000000000002
2288,84529520216430,"[""hex-band"",29,3,28]",-10.1324972243,-333.44999999999999
2289,112070763266835,"[""hex-band"",29,4,0]",-0,-339.30000000000001
2290,205459103567712,"[""hex-band"",29,4,1]",10.1324972243,-333.44999999999999
2291,124034381923606,"[""hex-band"",29,4,2]",20.2649944486,-327.60000000000002
2292,161038054572836,"[""hex-band"",29,4,3]",30.397491672800001,-321.75
2293,137635503340240,"[""hex-band"",29,4,4]",40.529988897099997,-315.89999999999998
2294,78422519517189,"[""hex-band"",29,4,5]",50.662486121400001,-310.05000000000001
2295,263534507103387,"[""hex-band"",29,4,6]",60.794983345699997,-304.19999999999999
2296,178708383501248,"[""hex-band"",29,4,7]",70.927480569899998,-298.35000000000002
2297,53773313304635,"[""hex-band"",29,4,8]",81.059977794199995,-292.5
2298,93424755750626,"[""hex-band"",29,4,9]",91.192475018500005,-286.64999999999998
2299,114705452726420,"[""hex-band"",29,4,10]",101.3249722428,-280.80000000000001
2300,648065077914,"[""hex-band"",29,4,11]",111.4574694671,-274.94999999999999
2301,20095321300559,"[""hex-band"",29,4,12]",121.58996669130001,-269.10000000000002
2302,74542349225618,"[""hex-band"",29,4,13]",131.7224639156,-263.25
2303,276658582414333,"[""hex-band"",29,4,14]",141.85496113990001,-257.39999999999998
2304,123936279296045,"[""hex-band"",29,4,15]",151.98745836419999,-251.55000000000001
2305,137597705016378,"[""hex-band"",29,4,16]",162.11995558839999,-245.69999999999999
2306,109842077585045,"[""hex-band"",29,4,17]",172.2524528127,-239.84999999999999
2307,280516673938391,"[""hex-band"",29,4,18]",182.38495003700001,-234
2308,166930830703663,"[""hex-band"",29,4,19]",192.51744726129999,-228.15000000000001
2309,7737922341390,"[""hex-band"",29,4,20]",202.6499444856,-222.30000000000001
2310,85362876012514,"[""hex-band"",29,4,21]",212.7824417098,-216.44999999999999
2311,268384901466978,"[""hex-band"",29,4,22]",222.91493893410001,-210.59999999999999
2312,183419031469730,"[""hex-band"",29,4,23]",233.04743615839999,-204.75
2313,23212422405947,"[""hex-band"",29,4,24]",243.1799333827,-198.90000000000001
2314,277877733431681,"[""hex-band"",29,4,25]",253.31243060689999,-193.05000000000001
2315,151957890168937,"[""hex-band"",29,4,26]",263.4449278312,-187.19999999999999
2316,105295254629349,"[""hex-band"",29,4,27]",273.57742505549999,-181.34999999999999
2317,1981513235553,"[""hex-band"",29,4,28]",283.70992227980003,-175.5
2318,18744462743497,"[""hex-band"",29,5,0]",293.84241950410001,-169.65000000000001
2319,249076566302286,"[""hex-band"",29,5,1]",293.84241950410001,-157.94999999999999
2320,73090746610669,"[""hex-band"",29,5,2]",293.84241950410001,-146.25
2321,198906432104049,"[""hex-band"",29,5,3]",293.84241950410001,-134.55000000000001
2322,55677322550688,"[""hex-band"",29,5,4]",293.84241950410001,-122.84999999999999
2323,31867277399540,"[""hex-band"",29,5,5]",293.84241950410001,-111.15000000000001
2324,109604044449636,"[""hex-band"",29,5,6]",293.84241950410001,-99.450000000000003
2325,17941824855393,"[""hex-band"",29,5,7]",293.84241950410001,-87.75
2326,254346002690014,"[""hex-band"",29,5,8]",293.84241950410001,-76.049999999999997
2327,141430160906503,"[""hex-band"",29,5,9]",293.84241950410001,-64.349999999999994
2328,98303005814752,"[""hex-band"",29,5,10]",293.84241950410001,-52.649999999999999
2329,89885894852902,"[""hex-band"",29,5,11]",293.84241950410001,-40.950000000000003
2330,230450445716394,"[""hex-band"",29,5,12]",293.84241950410001,-29.25
2331,211620525180899,"[""hex-band"",29,5,13]",293.84241950410001,-17.550000000000001
2332,2553211437725,"[""hex-band"",29,5,14]",293.84241950410001,-5.8499999999999996
2333,96289912451133,"[""hex-band"",29,5,15]",293.84241950410001,5.8499999999999996
2334,38344052819020,"[""hex-band"",29,5,16]",293.84241950410001,17.550000000000001
2335,137183393534156,"[""hex-band"",29,5,17]",293.84241950410001,29.25
2336,272332826983588,"[""hex-band"",29,5,18]",293.84241950410001,40.950000000000003
2337,83422290468108,"[""hex-band"",29,5,19]",293.84241950410001,52.649999999999999
2338,126835833598502,"[""hex-band"",29,5,20]",293.84241950410001,64.349999999999994
2339,61868356854509,"[""hex-band"",29,5,21]",293.84241950410001,76.049999999999997
2340,229502597995060,"[""hex-band"",29,5,22]",293.84241950410001,87.75
2341,42225686492585,"[""hex-band"",29,5,23]",293.84241950410001,99.450000000000003
2342,32823849669021,"[""hex-band"",29,5,24]",293.84241950410001,111.15000000000001
2343,213975785389310,"[""hex-band"",29,5,25]",293.84241950410001,122.84999999999999
2344,175005409242039,"[""hex-band"",29,5,26]",293.84241950410001,134.55000000000001
2345,231756520343084,"[""hex-band"",29,5,27]",293.84241950410001,146.25
2346,102543113031912,"[""hex-band"",29,5,28]",293.84241950410001,157.94999999999999
2347,34637114320301,"[""hex-band"",30,0,1]",293.84241950410001,181.34999999999999
2348,230013457741940,"[""hex-band"",30,0,2]",283.70992227980003,187.19999999999999
2349,65041924352571,"[""hex-band"",30,0,3]",273.57742505549999,193.05000000000001
2350,210704262205094,"[""hex-band"",30,0,4]",263.4449278312,198.90000000000001
2351,143885419271902,"[""hex-band"",30,0,5]",253.31243060689999,204.75
2352,233384184084709,"[""hex-band"",30,0,6]",243.1799333827,210.59999999999999
2353,44511718365905,"[""hex-band"",30,0,7]",233.04743615839999,216.44999999999999
2354,66936187003040,"[""hex-band"",30,0,8]",222.91493893410001,222.30000000000001
2355,198428107478305,"[""hex-band"",30,0,9]",212.7824417098,228.15000000000001
2356,56841342308646,"[""hex-band"",30,0,10]",202.6499444856,234
2357,281068538449441,"[""hex-band"",30,0,11]",192.51744726129999,239.84999999999999
2358,56470600828162,"[""hex-band"",30,0,12]",182.38495003700001,245.69999999999999
2359,236180496867158,"[""hex-band"",30,0,13]",172.2524528127,251.55000000000001
2360,280685506835027,"[""hex-band"",30,0,14]",162.11995558839999,257.39999999999998
2361,244012997195849,"[""hex-band"",30,0,15]",151.98745836419999,263.25
2362,89796191618323,"[""hex-band"",30,0,16]",141.85496113990001,269.10000000000002
2363,279780066635296,"[""hex-band"",30,0,17]",131.7224639156,274.94999999999999
2364,133498462495909,"[""hex-band"",30,0,18]",121.58996669130001,280.80000000000001
2365,7288964996767,"[""hex-band"",30,0,19]",111.4574694671,286.64999999999998
2366,132962290980610,"[""hex-band"",30,0,20]",101.3249722428,292.5
2367,117299662610227,"[""hex-band"",30,0,21]",91.192475018500005,298.35000000000002
2368,134041779858761,"[""hex-band"",30,0,22]",81.059977794199995,304.19999999999999
2369,6411548072285,"[""hex-band"",30,0,23]",70.927480569899998,310.05000000000001
2370,105206609904012,"[""hex-band"",30,0,24]",60.794983345699997,315.89999999999998
2371,10485417162456,"[""hex-band"",30,0,25]",50.662486121400001,321.75
2372,41152143285903,"[""hex-band"",30,0,26]",40.529988897099997,327.60000000000002
2373,278094233392947,"[""hex-band"",30,0,27]",30.397491672800001,333.44999999999999
2374,51686060994937,"[""hex-band"",30,0,28]",20.2649944486,339.30000000000001
2375,201207700800792,"[""hex-band"",30,0,29]",10.1324972243,345.14999999999998
2376,257115202091941,"[""hex-band"",30,1,1]",-10.1324972243,345.14999999999998
2377,240831404902881,"[""hex-band"",30,1,2]",-20.2649944486,339.30000000000001
2378,225480780660060,"[""hex-band"",30,1,3]",-30.397491672800001,333.44999999999999
2379,214789293318716,"[""hex-band"",30,1,4]",-40.529988897099997,327.60000000000002
2380,137483746903648,"[""hex-band"",30,1,5]",-50.662486121400001,321.75
2381,107468491210019,"[""hex-band"",30,1,6]",-60.794983345699997,315.89999999999998
2382,175032254367011,"[""hex-band"",30,1,7]",-70.927480569899998,310.05000000000001
2383,74254175066738,"[""hex-band"",30,1,8]",-81.059977794199995,304.19999999999999
2384,219109841425680,"[""hex-band"",30,1,9]",-91.192475018500005,298.35000000000002
2385,181116639330586,"[""hex-band"",30,1,10]",-101.3249722428,292.5
2386,42783344777345,"[""hex-band"",30,1,11]",-111.4574694671,286.64999999999998
2387,230796814141745,"[""hex-band"",30,1,12]",-121.58996669130001,280.80000000000001
2388,36352472256084,"[""hex-band"",30,1,13]",-131.7224639156,274.94999999999999
2389,43981794564633,"[""hex-band"",30,1,14]",-141.85496113990001,269.10000000000002
2390,271918488156855,"[""hex-band"",30,1,15]",-151.98745836419999,263.25
2391,24051048878794,"[""hex-band"",30,1,16]",-162.11995558839999,257.39999999999998
2392,95802212633954,"[""hex-band"",30,1,17]",-172.2524528127,251.55000000000001
2393,169666025435208,"[""hex-band"",30,1,18]",-182.38495003700001,245.69999999999999
2394,154412273708247,"[""hex-band"",30,1,19]",-192.51744726129999,239.84999999999999
2395,267429500541141,"[""hex-band"",30,1,20]",-202.6499444856,234
2396,195750069282714,"[""hex-band"",30,1,21]",-212.7824417098,228.15000000000001
2397,68504293784917,"[""hex-band"",30,1,22]",-222.91493893410001,222.30000000000001
2398,255471181338629,"[""hex-band"",30,1,23]",-233.04743615839999,216.44999999999999
2399,23345038022736,"[""hex-band"",30,1,24]",-243.1799333827,210.59999999999999
2400,277791333906903,"[""hex-band"",30,1,25]",-253.31243060689999,204.75
2401,203512066417829,"[""hex-band"",30,1,26]",-263.4449278312,198.90000000000001
2402,154967648009281,"[""hex-band"",30,1,27]",-273.57742505549999,193.05000000000001
2403,90688670530079,"[""hex-band"",30,1,28]",-283.70992227980003,187.19999999999999
2404,57715493849543,"[""hex-band"",30,1,29]",-293.84241950410001,181.34999999999999
2405,27044526336519,"[""hex-band"",30,2,1]",-303.9749167283,163.80000000000001
2406,257664277370342,"[""hex-band"",30,2,2]",-303.9749167283,152.09999999999999
2407,20264030909834,"[""hex-band"",30,2,3]",-303.9749167283,140.40000000000001
2408,240882145780792,"[""hex-band"",30,2,4]",-303.9749167283,128.69999999999999
2409,130004123891494,"[""hex-band"",30,2,5]",-303.9749167283,117
2410,229161000809529,"[""hex-band"",30,2,6]",-303.9749167283,105.3
2411,2860831566072,"[""hex-band"",30,2,7]",-303.9749167283,93.599999999999994
2412,170306177686425,"[""hex-band"",30,2,8]",-303.9749167283,81.900000000000006
2413,221406503144152,"[""hex-band"",30,2,9]",-303.9749167283,70.200000000000003
2414,4506839751611,"[""hex-band"",30,2,10]",-303.9749167283,58.5
2415,219642633791158,"[""hex-band"",30,2,11]",-303.9749167283,46.799999999999997
2416,68508075089080,"[""hex-band"",30,2,12]",-303.9749167283,35.100000000000001
2417,143891034039701,"[""hex-band"",30,2,13]",-303.9749167283,23.399999999999999
2418,88782004972613,"[""hex-band"",30,2,14]",-303.9749167283,11.699999999999999
2419,109812513755338,"[""hex-band"",30,2,15]",-303.9749167283,0
2420,141674628085976,"[""hex-band"",30,2,16]",-303.9749167283,-11.699999999999999
2421,42134107893080,"[""hex-band"",30,2,17]",-303.9749167283,-23.399999999999999
2422,177889344955017,"[""hex-band"",30,2,18]",-303.9749167283,-35.100000000000001
2423,26593624129343,"[""hex-band"",30,2,19]",-303.9749167283,-46.799999999999997
2424,237652502080500,"[""hex-band"",30,2,20]",-303.9749167283,-58.5
2425,138470168605249,"[""hex-band"",30,2,21]",-303.9749167283,-70.200000000000003
2426,28505507732177,"[""hex-band"",30,2,22]",-303.9749167283,-81.900000000000006
2427,102050310591741,"[""hex-band"",30,2,23]",-303.9749167283,-93.599999999999994
2428,263146486937429,"[""hex-band"",30,2,24]",-303.9749167283,-105.3
2429,39723001518239,"[""hex-band"",30,2,25]",-303.9749167283,-117
2430,231843037530026,"[""hex-band"",30,2,26]",-303.9749167283,-128.69999999999999
2431,103120434425006,"[""hex-band"",30,2,27]",-303.9749167283,-140.40000000000001
2432,245379483303253,"[""hex-band"",30,2,28]",-303.9749167283,-152.09999999999999
2433,267223615768912,"[""hex-band"",30,2,29]",-303.9749167283,-163.80000000000001
2434,72179340115176,"[""hex-band"",30,3,1]",-293.84241950410001,-181.34999999999999
2435,19034456127269,"[""hex-band"",30,3,2]",-283.70992227980003,-187.19999999999999
2436,49297686984301,"[""hex-band"",30,3,3]",-273.57742505549999,-193.05000000000001
2437,200655020398383,"[""hex-band"",30,3,4]",-263.4449278312,-198.90000000000001
2438,172127031605744,"[""hex-band"",30,3,5]",-253.31243060689999,-204.75
2439,142273390923343,"[""hex-band"",30,3,6]",-243.1799333827,-210.59999999999999
2440,67515336404647,"[""hex-band"",30,3,7]",-233.04743615839999,-216.44999999999999
2441,1052761549574,"[""hex-band"",30,3,8]",-222.91493893410001,-222.30000000000001
2442,224500309003532,"[""hex-band"",30,3,9]",-212.7824417098,-228.15000000000001
2443,195587325142629,"[""hex-band"",30,3,10]",-202.6499444856,-234
2444,49228086324589,"[""hex-band"",30,3,11]",-192.51744726129999,-239.84999999999999
2445,253957608452049,"[""hex-band"",30,3,12]",-182.38495003700001,-245.69999999999999
2446,111117611195437,"[""hex-band"",30,3,13]",-172.2524528127,-251.55000000000001
2447,159813612570175,"[""hex-band"",30,3,14]",-162.11995558839999,-257.39999999999998
2448,232635028123057,"[""hex-band"",30,3,15]",-151.98745836419999,-263.25
2449,43989994163381,"[""hex-band"",30,3,16]",-141.85496113990001,-269.10000000000002
2450,37142857869657,"[""hex-band"",30,3,17]",-131.7224639156,-274.94999999999999
2451,176977368604549,"[""hex-band"",30,3,18]",-121.58996669130001,-280.80000000000001
2452,162907027271421,"[""hex-band"",30,3,19]",-111.4574694671,-286.64999999999998
2453,236203184178697,"[""hex-band"",30,3,20]",-101.3249722428,-292.5
2454,232222406896175,"[""hex-band"",30,3,21]",-91.192475018500005,-298.35000000000002
2455,156951452180384,"[""hex-band"",30,3,22]",-81.059977794199995,-304.19999999999999
2456,269328610085241,"[""hex-band"",30,3,23]",-70.927480569899998,-310.05000000000001
2457,24469302354562,"[""hex-band"",30,3,24]",-60.794983345699997,-315.89999999999998
2458,124977352345642,"[""hex-band"",30,3,25]",-50.662486121400001,-321.75
2459,276842841797295,"[""hex-band"",30,3,26]",-40.529988897099997,-327.60000000000002
2460,68283745498735,"[""hex-band"",30,3,27]",-30.397491672800001,-333.44999999999999
2461,175803361227619,"[""hex-band"",30,3,28]",-20.2649944486,-339.30000000000001
2462,58056319131064,"[""hex-band"",30,3,29]",-10.1324972243,-345.14999999999998
2463,205339996586902,"[""hex-band"",30,4,1]",10.1324972243,-345.14999999999998
2464,52764340343097,"[""hex-band"",30,4,2]",20.2649944486,-339.30000000000001
2465,171276887332349,"[""hex-band"",30,4,3]",30.397491672800001,-333.44999999999999
2466,223784116273192,"[""hex-band"",30,4,4]",40.529988897099997,-327.60000000000002
2467,144083586991687,"[""hex-band"",30,4,5]",50.662486121400001,-321.75
2468,114048596737867,"[""hex-band"",30,4,6]",60.794983345699997,-315.89999999999998
2469,40885376133743,"[""hex-band"",30,4,7]",70.927480569899998,-310.05000000000001
2470,136281169061131,"[""hex-band"",30,4,8]",81.059977794199995,-304.19999999999999
2471,240631730286053,"[""hex-band"",30,4,9]",91.192475018500005,-298.35000000000002
2472,164383406868546,"[""hex-band"",30,4,10]",101.3249722428,-292.5
2473,225557725012173,"[""hex-band"",30,4,11]",111.4574694671,-286.64999999999998
2474,210827977379899,"[""hex-band"",30,4,12]",121.58996669130001,-280.80000000000001
2475,13510289813301,"[""hex-band"",30,4,13]",131.7224639156,-274.94999999999999
2476,97651815073715,"[""hex-band"",30,4,14]",141.85496113990001,-269.10000000000002
2477,280140558584810,"[""hex-band"",30,4,15]",151.98745836419999,-263.25
2478,209118809869751,"[""hex-band"",30,4,16]",162.11995558839999,-257.39999999999998
2479,35886614409312,"[""hex-band"",30,4,17]",172.2524528127,-251.55000000000001
2480,218686700327887,"[""hex-band"",30,4,18]",182.38495003700001,-245.69999999999999
2481,7341118922520,"[""hex-band"",30,4,19]",192.51744726129999,-239.84999999999999
2482,271538564398669,"[""hex-band"",30,4,20]",202.6499444856,-234
2483,100674830775922,"[""hex-band"",30,4,21]",212.7824417098,-228.15000000000001
2484,255674623125718,"[""hex-band"",30,4,22]",222.91493893410001,-222.30000000000001
2485,87280971430292,"[""hex-band"",30,4,23]",233.04743615839999,-216.44999999999999
2486,87165810108672,"[""hex-band"",30,4,24]",243.1799333827,-210.59999999999999
2487,167348991367107,"[""hex-band"",30,4,25]",253.31243060689999,-204.75
2488,255487314940145,"[""hex-band"",30,4,26]",263.4449278312,-198.90000000000001
2489,85610491784043,"[""hex-band"",30,4,27]",273.57742505549999,-193.05000000000001
2490,108493842229948,"[""hex-band"",30,4,28]",283.70992227980003,-187.19999999999999
2491,224623096106257,"[""hex-band"",30,4,29]",293.84241950410001,-181.34999999999999
2492,6561565093956,"[""hex-band"",30,5,1]",303.9749167283,-163.80000000000001
2493,11650513450989,"[""hex-band"",30,5,2]",303.9749167283,-152.09999999999999
2494,255243847474193,"[""hex-band"",30,5,3]",303.9749167283,-140.40000000000001
2495,212740333672007,"[""hex-band"",30,5,4]",303.9749167283,-128.69999999999999
2496,240595772558975,"[""hex-band"",30,5,5]",303.9749167283,-117
2497,72458659616338,"[""hex-band"",30,5,6]",303.9749167283,-105.3
2498,254107951859877,"[""hex-band"",30,5,7]",303.9749167283,-93.599999999999994
2499,162400820252322,"[""hex-band"",30,5,8]",303.9749167283,-81.900000000000006
2500,180636600920911,"[""hex-band"",30,5,9]",303.9749167283,-70.200000000000003
2501,76784729643024,"[""hex-band"",30,5,10]",303.9749167283,-58.5
2502,164533746022025,"[""hex-band"",30,5,11]",303.9749167283,-46.799999999999997
2503,164576949733264,"[""hex-band"",30,5,12]",303.9749167283,-35.100000000000001
2504,218389020062216,"[""hex-band"",30,5,13]",303.9749167283,-23.399999999999999
2505,54680435302947,"[""hex-band"",30,5,14]",303.9749167283,-11.699999999999999
2506,111880640133353,"[""hex-band"",30,5,15]",303.9749167283,-0
2507,169347941518870,"[""hex-band"",30,5,16]",303.9749167283,11.699999999999999
2508,133519894130905,"[""hex-band"",30,5,17]",303.9749167283,23.399999999999999
2509,64122037019112,"[""hex-band"",30,5,18]",303.9749167283,35.100000000000001
2510,248854786852495,"[""hex-band"",30,5,19]",303.9749167283,46.799999999999997
2511,11117047609953,"[""hex-band"",30,5,20]",303.9749167283,58.5
2512,92568024520898,"[""hex-band"",30,5,21]",303.9749167283,70.200000000000003
2513,179789366115905,"[""hex-band"",30,5,22]",303.9749167283,81.900000000000006
2514,204035565857239,"[""hex-band"",30,5,23]",303.9749167283,93.599999999999994
2515,128459275134576,"[""hex-band"",30,5,24]",303.9749167283,105.3
2516,18078910522515,"[""hex-band"",30,5,25]",303.9749167283,117
2517,20905987716282,"[""hex-band"",30,5,26]",303.9749167283,128.69999999999999
2518,84979573502456,"[""hex-band"",30,5,27]",303.9749167283,140.40000000000001
2519,257035786909728,"[""hex-band"",30,5,28]",303.9749167283,152.09999999999999
2520,138370247588225,"[""hex-band"",30,5,29]",303.9749167283,163.80000000000001
2521,22039270237624,"[""hex-band"",31,0,3]",283.70992227980003,198.90000000000001
2522,241578518220069,"[""hex-band"",31,0,4]",273.57742505549999,204.75
2523,276398600067042,"[""hex-band"",31,0,5]",263.4449278312,210.59999999999999
2524,112787469465631,"[""hex-band"",31,0,6]",253.31243060689999,216.44999999999999
2525,177339118477728,"[""hex-band"",31,0,7]",243.1799333827,222.30000000000001
2526,66455292783250,"[""hex-band"",31,0,8]",233.04743615839999,228.15000000000001
2527,212744198248813,"[""hex-band"",31,0,9]",222.91493893410001,234
2528,248118691885528,"[""hex-band"",31,0,10]",212.7824417098,239.84999999999999
2529,180344100245964,"[""hex-band"",31,0,11]",202.6499444856,245.69999999999999
2530,8857336068102,"[""hex-band"",31,0,12]",192.51744726129999,251.55000000000001
2531,113750938785606,"[""hex-band"",31,0,13]",182.38495003700001,257.39999999999998
2532,107971238307149,"[""hex-band"",31,0,14]",172.2524528127,263.25
2533,175835427491701,"[""hex-band"",31,0,15]",162.11995558839999,269.10000000000002
2534,216618114449772,"[""hex-band"",31,0,16]",151.98745836419999,274.94999999999999
2535,45929685085535,"[""hex-band"",31,0,17]",141.85496113990001,280.80000000000001
2536,220853885505031,"[""hex-band"",31,0,18]",131.7224639156,286.64999999999998
2537,74942279032811,"[""hex-band"",31,0,19]",121.58996669130001,292.5
2538,21393788999927,"[""hex-band"",31,0,20]",111.4574694671,298.35000000000002
2539,129798431357021,"[""hex-band"",31,0,21]",101.3249722428,304.19999999999999
2540,212862595591738,"[""hex-band"",31,0,22]",91.192475018500005,310.05000000000001
2541,187187851771007,"[""hex-band"",31,0,23]",81.059977794199995,315.89999999999998
2542,133968037143930,"[""hex-band"",31,0,24]",70.927480569899998,321.75
2543,266157175777430,"[""hex-band"",31,0,25]",60.794983345699997,327.60000000000002
2544,169779339968771,"[""hex-band"",31,0,26]",50.662486121400001,333.44999999999999
2545,24715251672367,"[""hex-band"",31,0,27]",40.529988897099997,339.30000000000001
2546,232374459514595,"[""hex-band"",31,0,28]",30.397491672800001,345.14999999999998
2547,254369185121987,"[""hex-band"",31,1,3]",-30.397491672800001,345.14999999999998
2548,51995312677757,"[""hex-band"",31,1,4]",-40.529988897099997,339.30000000000001
2549,20428504047947,"[""hex-band"",31,1,5]",-50.662486121400001,333.44999999999999
2550,191826127570262,"[""hex-band"",31,1,6]",-60.794983345699997,327.60000000000002
2551,263655578940124,"[""hex-band"",31,1,7]",-70.927480569899998,321.75
2552,275255075766245,"[""hex-band"",31,1,8]",-81.059977794199995,315.89999999999998
2553,75220201613933,"[""hex-band"",31,1,9]",-91.192475018500005,310.05000000000001
2554,148709669257654,"[""hex-band"",31,1,10]",-101.3249722428,304.19999999999999
2555,56382611445941,"[""hex-band"",31,1,11]",-111.4574694671,298.35000000000002
2556,151137003921703,"[""hex-band"",31,1,12]",-121.58996669130001,292.5
2557,183442561743210,"[""hex-band"",31,1,13]",-131.7224639156,286.64999999999998
2558,182970493072288,"[""hex-band"",31,1,14]",-141.85496113990001,280.80000000000001
2559,221824349916222,"[""hex-band"",31,1,15]",-151.98745836419999,274.94999999999999
2560,28357230382193,"[""hex-band"",31,1,16]",-162.11995558839999,269.10000000000002
2561,68235509017306,"[""hex-band"",31,1,17]",-172.2524528127,263.25
2562,245230544139112,"[""hex-band"",31,1,18]",-182.38495003700001,257.39999999999998
2563,144405214771241,"[""hex-band"",31,1,19]",-192.51744726129999,251.55000000000001
2564,102376915437176,"[""hex-band"",31,1,20]",-202.6499444856,245.69999999999999
2565,143005398799892,"[""hex-band"",31,1,21]",-212.7824417098,239.84999999999999
2566,122916343017585,"[""hex-band"",31,1,22]",-222.91493893410001,234
2567,99057173134806,"[""hex-band"",31,1,23]",-233.04743615839999,228.15000000000001
2568,57204353688738,"[""hex-band"",31,1,24]",-243.1799333827,222.30000000000001
2569,119654983753142,"[""hex-band"",31,1,25]",-253.31243060689999,216.44999999999999
2570,93017453245808,"[""hex-band"",31,1,26]",-263.4449278312,210.59999999999999
2571,258026716695005,"[""hex-band"",31,1,27]",-273.57742505549999,204.75
2572,255141059327750,"[""hex-band"",31,1,28]",-283.70992227980003,198.90000000000001
2573,268569921455224,"[""hex-band"",31,2,3]",-314.10741395259998,146.25
2574,28402071345401,"[""hex-band"",31,2,4]",-314.10741395259998,134.55000000000001
2575,164820088546764,"[""hex-band"",31,2,5]",-314.10741395259998,122.84999999999999
2576,31058456801260,"[""hex-band"",31,2,6]",-314.10741395259998,111.15000000000001
2577,128184681099680,"[""hex-band"",31,2,7]",-314.10741395259998,99.450000000000003
2578,137446317389747,"[""hex-band"",31,2,8]",-314.10741395259998,87.75
2579,274053032169261,"[""hex-band"",31,2,9]",-314.10741395259998,76.049999999999997
2580,49371494733941,"[""hex-band"",31,2,10]",-314.10741395259998,64.349999999999994
2581,116082226467299,"[""hex-band"",31,2,11]",-314.10741395259998,52.649999999999999
2582,145171517231413,"[""hex-band"",31,2,12]",-314.10741395259998,40.950000000000003
2583,266993074167665,"[""hex-band"",31,2,13]",-314.10741395259998,29.25
2584,22610257488135,"[""hex-band"",31,2,14]",-314.10741395259998,17.550000000000001
2585,70319689082112,"[""hex-band"",31,2,15]",-314.10741395259998,5.8499999999999996
2586,244549291371042,"[""hex-band"",31,2,16]",-314.10741395259998,-5.8499999999999996
2587,28476551041850,"[""hex-band"",31,2,17]",-314.10741395259998,-17.550000000000001
2588,45753650700935,"[""hex-band"",31,2,18]",-314.10741395259998,-29.25
2589,76516675616784,"[""hex-band"",31,2,19]",-314.10741395259998,-40.950000000000003
2590,203270018216885,"[""hex-band"",31,2,20]",-314.10741395259998,-52.649999999999999
2591,102554922899948,"[""hex-band"",31,2,21]",-314.10741395259998,-64.349999999999994
2592,265307362234162,"[""hex-band"",31,2,22]",-314.10741395259998,-76.049999999999997
2593,154705259784475,"[""hex-band"",31,2,23]",-314.10741395259998,-87.75
2594,146112501981610,"[""hex-band"",31,2,24]",-314.10741395259998,-99.450000000000003
2595,172867206013313,"[""hex-band"",31,2,25]",-314.10741395259998,-111.15000000000001
2596,15034487049222,"[""hex-band"",31,2,26]",-314.10741395259998,-122.84999999999999
2597,249109943562928,"[""hex-band"",31,2,27]",-314.10741395259998,-134.55000000000001
2598,191121325047154,"[""hex-band"",31,2,28]",-314.10741395259998,-146.25
2599,16384173597439,"[""hex-band"",31,3,3]",-283.70992227980003,-198.90000000000001
2600,262158218725468,"[""hex-band"",31,3,4]",-273.57742505549999,-204.75
2601,157476256771961,"[""hex-band"",31,3,5]",-263.4449278312,-210.59999999999999
2602,56211176584510,"[""hex-band"",31,3,6]",-253.31243060689999,-216.44999999999999
2603,34303879857452,"[""hex-band"",31,3,7]",-243.1799333827,-222.30000000000001
2604,280928824644332,"[""hex-band"",31,3,8]",-233.04743615839999,-228.15000000000001
2605,17273085655056,"[""hex-band"",31,3,9]",-222.91493893410001,-234
2606,6310730676853,"[""hex-band"",31,3,10]",-212.7824417098,-239.84999999999999
2607,144949919160052,"[""hex-band"",31,3,11]",-202.6499444856,-245.69999999999999
2608,167323833960816,"[""hex-band"",31,3,12]",-192.51744726129999,-251.55000000000001
2609,265419005136414,"[""hex-band"",31,3,13]",-182.38495003700001,-257.39999999999998
2610,99023548974424,"[""hex-band"",31,3,14]",-172.2524528127,-263.25
2611,1103795066155,"[""hex-band"",31,3,15]",-162.11995558839999,-269.10000000000002
2612,205156397597656,"[""hex-band"",31,3,16]",-151.98745836419999,-274.94999999999999
2613,20488416723236,"[""hex-band"",31,3,17]",-141.85496113990001,-280.80000000000001
2614,148260594262545,"[""hex-band"",31,3,18]",-131.7224639156,-286.64999999999998
2615,244126790302757,"[""hex-band"",31,3,19]",-121.58996669130001,-292.5
2616,1838308513128,"[""hex-band"",31,3,20]",-111.4574694671,-298.35000000000002
2617,202749225684257,"[""hex-band"",31,3,21]",-101.3249722428,-304.19999999999999
2618,168703630308170,"[""hex-band"",31,3,22]",-91.192475018500005,-310.05000000000001
2619,243090290117910,"[""hex-band"",31,3,23]",-81.059977794199995,-315.89999999999998
2620,204839443745810,"[""hex-band"",31,3,24]",-70.927480569899998,-321.75
2621,35523171359683,"[""hex-band"",31,3,25]",-60.794983345699997,-327.60000000000002
2622,87541265724984,"[""hex-band"",31,3,26]",-50.662486121400001,-333.44999999999999
2623,72718362040898,"[""hex-band"",31,3,27]",-40.529988897099997,-339.30000000000001
2624,204909752360119,"[""hex-band"",31,3,28]",-30.397491672800001,-345.14999999999998
2625,200233244440325,"[""hex-band"",31,4,3]",30.397491672800001,-345.14999999999998
2626,9696868077096,"[""hex-band"",31,4,4]",40.529988897099997,-339.30000000000001
2627,156505647962193,"[""hex-band"",31,4,5]",50.662486121400001,-333.44999999999999
2628,50316023392037,"[""hex-band"",31,4,6]",60.794983345699997,-327.60000000000002
2629,259718463221888,"[""hex-band"",31,4,7]",70.927480569899998,-321.75
2630,79996103878536,"[""hex-band"",31,4,8]",81.059977794199995,-315.89999999999998
2631,85312342357832,"[""hex-band"",31,4,9]",91.192475018500005,-310.05000000000001
2632,99666723925957,"[""hex-band"",31,4,10]",101.3249722428,-304.19999999999999
2633,179445766522314,"[""hex-band"",31,4,11]",111.4574694671,-298.35000000000002
2634,152323760891346,"[""hex-band"",31,4,12]",121.58996669130001,-292.5
2635,154179780509547,"[""hex-band"",31,4,13]",131.7224639156,-286.64999999999998
2636,44790626910393,"[""hex-band"",31,4,14]",141.85496113990001,-280.80000000000001
2637,94126570141231,"[""hex-band"",31,4,15]",151.98745836419999,-274.94999999999999
2638,2709598437118,"[""hex-band"",31,4,16]",162.11995558839999,-269.10000000000002
2639,261184825199881,"[""hex-band"",31,4,17]",172.2524528127,-263.25
2640,50049875080993,"[""hex-band"",31,4,18]",182.38495003700001,-257.39999999999998
2641,185354291548434,"[""hex-band"",31,4,19]",192.51744726129999,-251.55000000000001
2642,228680470719174,"[""hex-band"",31,4,20]",202.6499444856,-245.69999999999999
2643,116790785441832,"[""hex-band"",31,4,21]",212.7824417098,-239.84999999999999
2644,114047939121260,"[""hex-band"",31,4,22]",222.91493893410001,-234
2645,7962398627173,"[""hex-band"",31,4,23]",233.04743615839999,-228.15000000000001
2646,162886820971923,"[""hex-band"",31,4,24]",243.1799333827,-222.30000000000001
2647,260865249784824,"[""hex-band"",31,4,25]",253.31243060689999,-216.44999999999999
2648,147765854312978,"[""hex-band"",31,4,26]",263.4449278312,-210.59999999999999
2649,112384096613151,"[""hex-band"",31,4,27]",273.57742505549999,-204.75
2650,101785490568125,"[""hex-band"",31,4,28]",283.70992227980003,-198.90000000000001
2651,139210286660426,"[""hex-band"",31,5,3]",314.10741395259998,-146.25
2652,248432207334046,"[""hex-band"",31,5,4]",314.10741395259998,-134.55000000000001
2653,1610374376329,"[""hex-band"",31,5,5]",314.10741395259998,-122.84999999999999
2654,103669601440218,"[""hex-band"",31,5,6]",314.10741395259998,-111.15000000000001
2655,113488970874595,"[""hex-band"",31,5,7]",314.10741395259998,-99.450000000000003
2656,184261868913706,"[""hex-band"",31,5,8]",314.10741395259998,-87.75
2657,40230155742721,"[""hex-band"",31,5,9]",314.10741395259998,-76.049999999999997
2658,258050382424089,"[""hex-band"",31,5,10]",314.10741395259998,-64.349999999999994
2659,114795824770205,"[""hex-band"",31,5,11]",314.10741395259998,-52.649999999999999
2660,32016143705296,"[""hex-band"",31,5,12]",314.10741395259998,-40.950000000000003
2661,17070824973532,"[""hex-band"",31,5,13]",314.10741395259998,-29.25
2662,200290753238743,"[""hex-band"",31,5,14]",314.10741395259998,-17.550000000000001
2663,85033972910443,"[""hex-band"",31,5,15]",314.10741395259998,-5.8499999999999996
2664,106728665529638,"[""hex-band"",31,5,16]",314.10741395259998,5.8499999999999996
2665,89011114909685,"[""hex-band"",31,5,17]",314.10741395259998,17.550000000000001
2666,195095619383330,"[""hex-band"",31,5,18]",314.10741395259998,29.25
2667,205410316600186,"[""hex-band"",31,5,19]",314.10741395259998,40.950000000000003
2668,184266664301323,"[""hex-band"",31,5,20]",314.10741395259998,52.649999999999999
2669,245705020315062,"[""hex-band"",31,5,21]",314.10741395259998,64.349999999999994
2670,199836726994659,"[""hex-band"",31,5,22]",314.10741395259998,76.049999999999997
2671,192828116120642,"[""hex-band"",31,5,23]",314.10741395259998,87.75
2672,105679134044281,"[""hex-band"",31,5,24]",314.10741395259998,99.450000000000003
2673,75352950145052,"[""hex-band"",31,5,25]",314.10741395259998,111.15000000000001
2674,251524007153741,"[""hex-band"",31,5,26]",314.10741395259998,122.84999999999999
2675,197212973478584,"[""hex-band"",31,5,27]",314.10741395259998,134.55000000000001
2676,187521514315473,"[""hex-band"",31,5,28]",314.10741395259998,146.25
2677,108559454820478,"[""hex-band"",32,0,5]",273.57742505549999,216.44999999999999
2678,38040414528243,"[""hex-band"",32,0,6]",263.4449278312,222.30000000000001
2679,98477017247099,"[""hex-band"",32,0,7]",253.31243060689999,228.15000000000001
2680,280980749835482,"[""hex-band"",32,0,8]",243.1799333827,234
2681,121078137487215,"[""hex-band"",32,0,9]",233.04743615839999,239.84999999999999
2682,157754354298119,"[""hex-band"",32,0,10]",222.91493893410001,245.69999999999999
2683,104862679663735,"[""hex-band"",32,0,11]",212.7824417098,251.55000000000001
2684,52694429784581,"[""hex-band"",32,0,12]",202.6499444856,257.39999999999998
2685,76256144994779,"[""hex-band"",32,0,13]",192.51744726129999,263.25
2686,177461361272981,"[""hex-band"",32,0,14]",182.38495003700001,269.10000000000002
2687,206069230532630,"[""hex-band"",32,0,15]",172.2524528127,274.94999999999999
2688,108779100689840,"[""hex-band"",32,0,16]",162.11995558839999,280.80000000000001
2689,215763050722111,"[""hex-band"",32,0,17]",151.98745836419999,286.64999999999998
2690,52948007016464,"[""hex-band"",32,0,18]",141.85496113990001,292.5
2691,70491805409975,"[""hex-band"",32,0,19]",131.7224639156,298.35000000000002
2692,51517649169465,"[""hex-band"",32,0,20]",121.58996669130001,304.19999999999999
2693,270240305656592,"[""hex-band"",32,0,21]",111.4574694671,310.05000000000001
2694,229959379702199,"[""hex-band"",32,0,22]",101.3249722428,315.89999999999998
2695,129791291745687,"[""hex-band"",32,0,23]",91.192475018500005,321.75
2696,233951594271654,"[""hex-band"",32,0,24]",81.059977794199995,327.60000000000002
2697,213200988364214,"[""hex-band"",32,0,25]",70.927480569899998,333.44999999999999
2698,267826139234001,"[""hex-band"",32,0,26]",60.794983345699997,339.30000000000001
2699,240390396457769,"[""hex-band"",32,0,27]",50.662486121400001,345.14999999999998
2700,185347691842737,"[""hex-band"",32,1,5]",-50.662486121400001,345.14999999999998
2701,203093987693817,"[""hex-band"",32,1,6]",-60.794983345699997,339.30000000000001
2702,126913119409251,"[""hex-band"",32,1,7]",-70.927480569899998,333.44999999999999
2703,20292995706693,"[""hex-band"",32,1,8]",-81.059977794199995,327.60000000000002
2704,26323384921027,"[""hex-band"",32,1,9]",-91.192475018500005,321.75
2705,141299147212795,"[""hex-band"",32,1,10]",-101.3249722428,315.89999999999998
2706,257882487253839,"[""hex-band"",32,1,11]",-111.4574694671,310.05000000000001
2707,88046986693401,"[""hex-band"",32,1,12]",-121.58996669130001,304.19999999999999
2708,181161398392393,"[""hex-band"",32,1,13]",-131.7224639156,298.35000000000002
2709,27371058700823,"[""hex-band"",32,1,14]",-141.85496113990001,292.5
2710,105348318570235,"[""hex-band"",32,1,15]",-151.98745836419999,286.64999999999998
2711,204661891931008,"[""hex-band"",32,1,16]",-162.11995558839999,280.80000000000001
2712,243193116744938,"[""hex-band"",32,1,17]",-172.2524528127,274.94999999999999
2713,65652918424116,"[""hex-band"",32,1,18]",-182.38495003700001,269.10000000000002
2714,188231852298471,"[""hex-band"",32,1,19]",-192.51744726129999,263.25
2715,204659999024935,"[""hex-band"",32,1,20]",-202.6499444856,257.39999999999998
2716,140931420243406,"[""hex-band"",32,1,21]",-212.7824417098,251.55000000000001
2717,33041738530283,"[""hex-band"",32,1,22]",-222.91493893410001,245.69999999999999
2718,33991069097952,"[""hex-band"",32,1,23]",-233.04743615839999,239.84999999999999
2719,262730077810695,"[""hex-band"",32,1,24]",-243.1799333827,234
2720,212250976510474,"[""hex-band"",32,1,25]",-253.31243060689999,228.15000000000001
2721,207460794012936,"[""hex-band"",32,1,26]",-263.4449278312,222.30000000000001
2722,9128574063477,"[""hex-band"",32,1,27]",-273.57742505549999,216.44999999999999
2723,240714881828495,"[""hex-band"",32,2,5]",-324.23991117690002,128.69999999999999
2724,61304747769953,"[""hex-band"",32,2,6]",-324.23991117690002,117
2725,173003147132172,"[""hex-band"",32,2,7]",-324.23991117690002,105.3
2726,168229310791375,"[""hex-band"",32,2,8]",-324.23991117690002,93.599999999999994
2727,73769543281061,"[""hex-band"",32,2,9]",-324.23991117690002,81.900000000000006
2728,66441827998627,"[""hex-band"",32,2,10]",-324.23991117690002,70.200000000000003
2729,24184592093396,"[""hex-band"",32,2,11]",-324.23991117690002,58.5
2730,133835167677600,"[""hex-band"",32,2,12]",-324.23991117690002,46.799999999999997
2731,260744713724296,"[""hex-band"",32,2,13]",-324.23991117690002,35.100000000000001
2732,266134807100801,"[""hex-band"",32,2,14]",-324.23991117690002,23.399999999999999
2733,267880994551154,"[""hex-band"",32,2,15]",-324.23991117690002,11.699999999999999
2734,56353756868798,"[""hex-band"",32,2,16]",-324.23991117690002,0
2735,136516058854727,"[""hex-band"",32,2,17]",-324.23991117690002,-11.699999999999999
2736,131339389931272,"[""hex-band"",32,2,18]",-324.23991117690002,-23.399999999999999
2737,82220291165009,"[""hex-band"",32,2,19]",-324.23991117690002,-35.100000000000001
2738,179624977962512,"[""hex-band"",32,2,20]",-324.23991117690002,-46.799999999999997
2739,37500256728522,"[""hex-band"",32,2,21]",-324.23991117690002,-58.5
2740,29756753661177,"[""hex-band"",32,2,22]",-324.23991117690002,-70.200000000000003
2741,58883001028370,"[""hex-band"",32,2,23]",-324.23991117690002,-81.900000000000006
2742,245798890890959,"[""hex-band"",32,2,24]",-324.23991117690002,-93.599999999999994
2743,70688135324562,"[""hex-band"",32,2,25]",-324.23991117690002,-105.3
2744,49717173358770,"[""hex-band"",32,2,26]",-324.23991117690002,-117
2745,78939970763431,"[""hex-band"",32,2,27]",-324.23991117690002,-128.69999999999999
2746,167520582456100,"[""hex-band"",32,3,5]",-273.57742505549999,-216.44999999999999
2747,203154745613552,"[""hex-band"",32,3,6]",-263.4449278312,-222.30000000000001
2748,234744544747849,"[""hex-band"",32,3,7]",-253.31243060689999,-228.15000000000001
2749,240377959107277,"[""hex-band"",32,3,8]",-243.1799333827,-234
2750,205771560083409,"[""hex-band"",32,3,9]",-233.04743615839999,-239.84999999999999
2751,43606643590508,"[""hex-band"",32,3,10]",-222.91493893410001,-245.69999999999999
2752,19071947637416,"[""hex-band"",32,3,11]",-212.7824417098,-251.55000000000001
2753,222322209343724,"[""hex-band"",32,3,12]",-202.6499444856,-257.39999999999998
2754,135868420598885,"[""hex-band"",32,3,13]",-192.51744726129999,-263.25
2755,257184433232332,"[""hex-band"",32,3,14]",-182.38495003700001,-269.10000000000002
2756,250034881458540,"[""hex-band"",32,3,15]",-172.2524528127,-274.94999999999999
2757,203960323296465,"[""hex-band"",32,3,16]",-162.11995558839999,-280.80000000000001
2758,118161795467655,"[""hex-band"",32,3,17]",-151.98745836419999,-286.64999999999998
2759,204458042817255,"[""hex-band"",32,3,18]",-141.85496113990001,-292.5
2760,257722876268714,"[""hex-band"",32,3,19]",-131.7224639156,-298.35000000000002
2761,271682617117611,"[""hex-band"",32,3,20]",-121.58996669130001,-304.19999999999999
2762,79654228211172,"[""hex-band"",32,3,21]",-111.4574694671,-310.05000000000001
2763,102903409106468,"[""hex-band"",32,3,22]",-101.3249722428,-315.89999999999998
2764,72198184129461,"[""hex-band"",32,3,23]",-91.192475018500005,-321.75
2765,174665320240823,"[""hex-band"",32,3,24]",-81.059977794199995,-327.60000000000002
2766,114227557786433,"[""hex-band"",32,3,25]",-70.927480569899998,-333.44999999999999
2767,130127227267003,"[""hex-band"",32,3,26]",-60.794983345699997,-339.30000000000001
2768,250718913729246,"[""hex-band"",32,3,27]",-50.662486121400001,-345.14999999999998
2769,279617349259528,"[""hex-band"",32,4,5]",50.662486121400001,-345.14999999999998
2770,169221077728121,"[""hex-band"",32,4,6]",60.794983345699997,-339.30000000000001
2771,119766194927796,"[""hex-band"",32,4,7]",70.927480569899998,-333.44999999999999
2772,280850099307416,"[""hex-band"",32,4,8]",81.059977794199995,-327.60000000000002
2773,154244215162230,"[""hex-band"",32,4,9]",91.192475018500005,-321.75
2774,67217519991530,"[""hex-band"",32,4,10]",101.3249722428,-315.89999999999998
2775,47922603701172,"[""hex-band"",32,4,11]",111.4574694671,-310.05000000000001
2776,104629160195277,"[""hex-band"",32,4,12]",121.58996669130001,-304.19999999999999
2777,15103265914644,"[""hex-band"",32,4,13]",131.7224639156,-298.35000000000002
2778,268402067608876,"[""hex-band"",32,4,14]",141.85496113990001,-292.5
2779,237827019045215,"[""hex-band"",32,4,15]",151.98745836419999,-286.64999999999998
2780,243528092865899,"[""hex-band"",32,4,16]",162.11995558839999,-280.80000000000001
2781,128867988820922,"[""hex-band"",32,4,17]",172.2524528127,-274.94999999999999
2782,81177437040541,"[""hex-band"",32,4,18]",182.38495003700001,-269.10000000000002
2783,118504325102298,"[""hex-band"",32,4,19]",192.51744726129999,-263.25
2784,21068855723401,"[""hex-band"",32,4,20]",202.6499444856,-257.39999999999998
2785,263972757238809,"[""hex-band"",32,4,21]",212.7824417098,-251.55000000000001
2786,206423535407454,"[""hex-band"",32,4,22]",222.91493893410001,-245.69999999999999
2787,115459419364672,"[""hex-band"",32,4,23]",233.04743615839999,-239.84999999999999
2788,34188298985161,"[""hex-band"",32,4,24]",243.1799333827,-234
2789,217710342640203,"[""hex-band"",32,4,25]",253.31243060689999,-228.15000000000001
2790,72366064008247,"[""hex-band"",32,4,26]",263.4449278312,-222.30000000000001
2791,78424834970760,"[""hex-band"",32,4,27]",273.57742505549999,-216.44999999999999
2792,172703667725532,"[""hex-band"",32,5,5]",324.23991117690002,-128.69999999999999
2793,115650621072301,"[""hex-band"",32,5,6]",324.23991117690002,-117
2794,137400823558216,"[""hex-band"",32,5,7]",324.23991117690002,-105.3
2795,71837341639407,"[""hex-band"",32,5,8]",324.23991117690002,-93.599999999999994
2796,66076794359376,"[""hex-band"",32,5,9]",324.23991117690002,-81.900000000000006
2797,281247754906529,"[""hex-band"",32,5,10]",324.23991117690002,-70.200000000000003
2798,126537264573495,"[""hex-band"",32,5,11]",324.23991117690002,-58.5
2799,75016709236383,"[""hex-band"",32,5,12]",324.23991117690002,-46.799999999999997
2800,34276829044318,"[""hex-band"",32,5,13]",324.23991117690002,-35.100000000000001
2801,93643397029157,"[""hex-band"",32,5,14]",324.23991117690002,-23.399999999999999
2802,75235966384260,"[""hex-band"",32,5,15]",324.23991117690002,-11.699999999999999
2803,121509596515378,"[""hex-band"",32,5,16]",324.23991117690002,-0
2804,220976005505545,"[""hex-band"",32,5,17]",324.23991117690002,11.699999999999999
2805,97943284500385,"[""hex-band"",32,5,18]",324.23991117690002,23.399999999999999
2806,135506007467947,"[""hex-band"",32,5,19]",324.23991117690002,35.100000000000001
2807,16711919131012,"[""hex-band"",32,5,20]",324.23991117690002,46.799999999999997
2808,55020418856360,"[""hex-band"",32,5,21]",324.23991117690002,58.5
2809,73320057056398,"[""hex-band"",32,5,22]",324.23991117690002,70.200000000000003
2810,221406160453267,"[""hex-band"",32,5,23]",324.23991117690002,81.900000000000006
2811,84623322427916,"[""hex-band"",32,5,24]",324.23991117690002,93.599999999999994
2812,73854758680954,"[""hex-band"",32,5,25]",324.23991117690002,105.3
2813,101007182263649,"[""hex-band"",32,5,26]",324.23991117690002,117
2814,68946595195786,"[""hex-band"",32,5,27]",324.23991117690002,128.69999999999999
2815,232055013626807,"[""hex-band"",33,0,8]",253.31243060689999,239.84999999999999
2816,236993308822652,"[""hex-band"",33,0,9]",243.1799333827,245.69999999999999
2817,182779056239304,"[""hex-band"",33,0,10]",233.04743615839999,251.55000000000001
2818,160054415288373,"[""hex-band"",33,0,11]",222.91493893410001,257.39999999999998
2819,19776037858515,"[""hex-band"",33,0,12]",212.7824417098,263.25
2820,69266696493335,"[""hex-band"",33,0,13]",202.6499444856,269.10000000000002
2821,257266265047165,"[""hex-band"",33,0,14]",192.51744726129999,274.94999999999999
2822,217433327453478,"[""hex-band"",33,0,15]",182.38495003700001,280.80000000000001
2823,1259350294151,"[""hex-band"",33,0,16]",172.2524528127,286.64999999999998
2824,229223953333444,"[""hex-band"",33,0,17]",162.11995558839999,292.5
2825,57324497189921,"[""hex-band"",33,0,18]",151.98745836419999,298.35000000000002
2826,219465544374382,"[""hex-band"",33,0,19]",141.85496113990001,304.19999999999999
2827,243213593078093,"[""hex-band"",33,0,20]",131.7224639156,310.05000000000001
2828,35808683157302,"[""hex-band"",33,0,21]",121.58996669130001,315.89999999999998
2829,77037160073251,"[""hex-band"",33,0,22]",111.4574694671,321.75
2830,182021357538245,"[""hex-band"",33,0,23]",101.3249722428,327.60000000000002
2831,264335425098559,"[""hex-band"",33,0,24]",91.192475018500005,333.44999999999999
2832,60855831790706,"[""hex-band"",33,0,25]",81.059977794199995,339.30000000000001
2833,43606011448079,"[""hex-band"",33,1,8]",-81.059977794199995,339.30000000000001
2834,243956627578119,"[""hex-band"",33,1,9]",-91.192475018500005,333.44999999999999
2835,244442049990195,"[""hex-band"",33,1,10]",-101.3249722428,327.60000000000002
2836,50590781974068,"[""hex-band"",33,1,11]",-111.4574694671,321.75
2837,229451740235782,"[""hex-band"",33,1,12]",-121.58996669130001,315.89999999999998
2838,195923268608351,"[""hex-band"",33,1,13]",-131.7224639156,310.05000000000001
2839,132441556286760,"[""hex-band"",33,1,14]",-141.85496113990001,304.19999999999999
2840,184575209530852,"[""hex-band"",33,1,15]",-151.98745836419999,298.35000000000002
2841,199313936555418,"[""hex-band"",33,1,16]",-162.11995558839999,292.5
2842,133290472626565,"[""hex-band"",33,1,17]",-172.2524528127,286.64999999999998
2843,115743866705683,"[""hex-band"",33,1,18]",-182.38495003700001,280.80000000000001
2844,246412952992151,"[""hex-band"",33,1,19]",-192.51744726129999,274.94999999999999
2845,48194953253397,"[""hex-band"",33,1,20]",-202.6499444856,269.10000000000002
2846,246829039817568,"[""hex-band"",33,1,21]",-212.7824417098,263.25
2847,145327456071176,"[""hex-band"",33,1,22]",-222.91493893410001,257.39999999999998
2848,172140791820912,"[""hex-band"",33,1,23]",-233.04743615839999,251.55000000000001
2849,60427695086804,"[""hex-band"",33,1,24]",-243.1799333827,245.69999999999999
2850,134695776604266,"[""hex-band"",33,1,25]",-253.31243060689999,239.84999999999999
2851,159673271317927,"[""hex-band"",33,2,8]",-334.3724084012,99.450000000000003
2852,36296775057083,"[""hex-band"",33,2,9]",-334.3724084012,87.75
2853,145107898736390,"[""hex-band"",33,2,10]",-334.3724084012,76.049999999999997
2854,221989145655405,"[""hex-band"",33,2,11]",-334.3724084012,64.349999999999994
2855,20125028821049,"[""hex-band"",33,2,12]",-334.3724084012,52.649999999999999
2856,239373628091953,"[""hex-band"",33,2,13]",-334.3724084012,40.950000000000003
2857,183320577857832,"[""hex-band"",33,2,14]",-334.3724084012,29.25
2858,274200358621209,"[""hex-band"",33,2,15]",-334.3724084012,17.550000000000001
2859,146018185393922,"[""hex-band"",33,2,16]",-334.3724084012,5.8499999999999996
2860,280978683454947,"[""hex-band"",33,2,17]",-334.3724084012,-5.8499999999999996
2861,124078403609157,"[""hex-band"",33,2,18]",-334.3724084012,-17.550000000000001
2862,261198353628138,"[""hex-band"",33,2,19]",-334.3724084012,-29.25
2863,59867564834552,"[""hex-band"",33,2,20]",-334.3724084012,-40.950000000000003
2864,53361458494614,"[""hex-band"",33,2,21]",-334.3724084012,-52.649999999999999
2865,240747561572311,"[""hex-band"",33,2,22]",-334.3724084012,-64.349999999999994
2866,14688822944280,"[""hex-band"",33,2,23]",-334.3724084012,-76.049999999999997
2867,78098082719850,"[""hex-band"",33,2,24]",-334.3724084012,-87.75
2868,278839755888013,"[""hex-band"",33,2,25]",-334.3724084012,-99.450000000000003
2869,99591191521171,"[""hex-band"",33,3,8]",-253.31243060689999,-239.84999999999999
2870,277085422046148,"[""hex-band"",33,3,9]",-243.1799333827,-245.69999999999999
2871,249222596894971,"[""hex-band"",33,3,10]",-233.04743615839999,-251.55000000000001
2872,142543601209973,"[""hex-band"",33,3,11]",-222.91493893410001,-257.39999999999998
2873,26820026545349,"[""hex-band"",33,3,12]",-212.7824417098,-263.25
2874,208566290325374,"[""hex-band"",33,3,13]",-202.6499444856,-269.10000000000002
2875,51826730595906,"[""hex-band"",33,3,14]",-192.51744726129999,-274.94999999999999
2876,120872464781452,"[""hex-band"",33,3,15]",-182.38495003700001,-280.80000000000001
2877,234469456361399,"[""hex-band"",33,3,16]",-172.2524528127,-286.64999999999998
2878,217043036596275,"[""hex-band"",33,3,17]",-162.11995558839999,-292.5
2879,71978752894290,"[""hex-band"",33,3,18]",-151.98745836419999,-298.35000000000002
2880,278270251993938,"[""hex-band"",33,3,19]",-141.85496113990001,-304.19999999999999
2881,222016032568511,"[""hex-band"",33,3,20]",-131.7224639156,-310.05000000000001
2882,266214129410777,"[""hex-band"",33,3,21]",-121.58996669130001,-315.89999999999998
2883,16042564858935,"[""hex-band"",33,3,22]",-111.4574694671,-321.75
2884,258411513698151,"[""hex-band"",33,3,23]",-101.3249722428,-327.60000000000002
2885,26835029732465,"[""hex-band"",33,3,24]",-91.192475018500005,-333.44999999999999
2886,9625993751583,"[""hex-band"",33,3,25]",-81.059977794199995,-339.30000000000001
2887,31299796313440,"[""hex-band"",33,4,8]",81.059977794199995,-339.30000000000001
2888,32148318619927,"[""hex-band"",33,4,9]",91.192475018500005,-333.44999999999999
2889,157723284021814,"[""hex-band"",33,4,10]",101.3249722428,-327.60000000000002
2890,260696431755081,"[""hex-band"",33,4,11]",111.4574694671,-321.75
2891,161959410377844,"[""hex-band"",33,4,12]",121.58996669130001,-315.89999999999998
2892,268063307648569,"[""hex-band"",33,4,13]",131.7224639156,-310.05000000000001
2893,19549631899482,"[""hex-band"",33,4,14]",141.85496113990001,-304.19999999999999
2894,19072755596268,"[""hex-band"",33,4,15]",151.98745836419999,-298.35000000000002
2895,175768703174714,"[""hex-band"",33,4,16]",162.11995558839999,-292.5
2896,187071990770793,"[""hex-band"",33,4,17]",172.2524528127,-286.64999999999998
2897,13555516851410,"[""hex-band"",33,4,18]",182.38495003700001,-280.80000000000001
2898,272079457893028,"[""hex-band"",33,4,19]",192.51744726129999,-274.94999999999999
2899,97648491283022,"[""hex-band"",33,4,20]",202.6499444856,-269.10000000000002
2900,79991465539217,"[""hex-band"",33,4,21]",212.7824417098,-263.25
2901,92162108237887,"[""hex-band"",33,4,22]",222.91493893410001,-257.39999999999998
2902,168223192617368,"[""hex-band"",33,4,23]",233.04743615839999,-251.55000000000001
2903,208607916576421,"[""hex-band"",33,4,24]",243.1799333827,-245.69999999999999
2904,130050548614564,"[""hex-band"",33,4,25]",253.31243060689999,-239.84999999999999
2905,174217414958723,"[""hex-band"",33,5,8]",334.3724084012,-99.450000000000003
2906,25784490912632,"[""hex-band"",33,5,9]",334.3724084012,-87.75
2907,226899873214647,"[""hex-band"",33,5,10]",334.3724084012,-76.049999999999997
2908,266252201272777,"[""hex-band"",33,5,11]",334.3724084012,-64.349999999999994
2909,100811242408466,"[""hex-band"",33,5,12]",334.3724084012,-52.649999999999999
2910,217551855377035,"[""hex-band"",33,5,13]",334.3724084012,-40.950000000000003
2911,195525420778985,"[""hex-band"",33,5,14]",334.3724084012,-29.25
2912,159885236521288,"[""hex-band"",33,5,15]",334.3724084012,-17.550000000000001
2913,3432552840601,"[""hex-band"",33,5,16]",334.3724084012,-5.8499999999999996
2914,34435143417064,"[""hex-band"",33,5,17]",334.3724084012,5.8499999999999996
2915,39389059514206,"[""hex-band"",33,5,18]",334.3724084012,17.550000000000001
2916,102490226070103,"[""hex-band"",33,5,19]",334.3724084012,29.25
2917,255600467360484,"[""hex-band"",33,5,20]",334.3724084012,40.950000000000003
2918,167898786245082,"[""hex-band"",33,5,21]",334.3724084012,52.649999999999999
2919,127350439833770,"[""hex-band"",33,5,22]",334.3724084012,64.349999999999994
2920,147035903447721,"[""hex-band"",33,5,23]",334.3724084012,76.049999999999997
2921,97127840136559,"[""hex-band"",33,5,24]",334.3724084012,87.75
2922,54126240379243,"[""hex-band"",33,5,25]",334.3724084012,99.450000000000003
2923,260956680507564,"[""hex-band"",34,0,12]",222.91493893410001,269.10000000000002
2924,266052300814365,"[""hex-band"",34,0,13]",212.7824417098,274.94999999999999
2925,4535353101909,"[""hex-band"",34,0,14]",202.6499444856,280.80000000000001
2926,102632351166259,"[""hex-band"",34,0,15]",192.51744726129999,286.64999999999998
2927,275165588195546,"[""hex-band"",34,0,16]",182.38495003700001,292.5
2928,226523432713628,"[""hex-band"",34,0,17]",172.2524528127,298.35000000000002
2929,147334605130333,"[""hex-band"",34,0,18]",162.11995558839999,304.19999999999999
2930,44106286819726,"[""hex-band"",34,0,19]",151.98745836419999,310.05000000000001
2931,160522517277634,"[""hex-band"",34,0,20]",141.85496113990001,315.89999999999998
2932,95245627910000,"[""hex-band"",34,0,21]",131.7224639156,321.75
2933,163060510364033,"[""hex-band"",34,0,22]",121.58996669130001,327.60000000000002
2934,244917382412013,"[""hex-band"",34,1,12]",-121.58996669130001,327.60000000000002
2935,52369203734759,"[""hex-band"",34,1,13]",-131.7224639156,321.75
2936,224020741635293,"[""hex-band"",34,1,14]",-141.85496113990001,315.89999999999998
2937,172960336946895,"[""hex-band"",34,1,15]",-151.98745836419999,310.05000000000001
2938,209258842195282,"[""hex-band"",34,1,16]",-162.11995558839999,304.19999999999999
2939,178699500846945,"[""hex-band"",34,1,17]",-172.2524528127,298.35000000000002
2940,208153489978075,"[""hex-band"",34,1,18]",-182.38495003700001,292.5
2941,123104171522900,"[""hex-band"",34,1,19]",-192.51744726129999,286.64999999999998
2942,93725857769091,"[""hex-band"",34,1,20]",-202.6499444856,280.80000000000001
2943,116137552732497,"[""hex-band"",34,1,21]",-212.7824417098,274.94999999999999
2944,192846692953970,"[""hex-band"",34,1,22]",-222.91493893410001,269.10000000000002
2945,256425797285420,"[""hex-band"",34,2,12]",-344.5049056254,58.5
2946,224264735459355,"[""hex-band"",34,2,13]",-344.5049056254,46.799999999999997
2947,245460474530440,"[""hex-band"",34,2,14]",-344.5049056254,35.100000000000001
2948,196136334658298,"[""hex-band"",34,2,15]",-344.5049056254,23.399999999999999
2949,41922794110883,"[""hex-band"",34,2,16]",-344.5049056254,11.699999999999999
2950,248210922232778,"[""hex-band"",34,2,17]",-344.5049056254,0
2951,256974775032990,"[""hex-band"",34,2,18]",-344.5049056254,-11.699999999999999
2952,74641492942580,"[""hex-band"",34,2,19]",-344.5049056254,-23.399999999999999
2953,9707505593210,"[""hex-band"",34,2,20]",-344.5049056254,-35.100000000000001
2954,78730957963749,"[""hex-band"",34,2,21]",-344.5049056254,-46.799999999999997
2955,111714331506604,"[""hex-band"",34,2,22]",-344.5049056254,-58.5
2956,229839385988830,"[""hex-band"",34,3,12]",-222.91493893410001,-269.10000000000002
2957,183487812800276,"[""hex-band"",34,3,13]",-212.7824417098,-274.94999999999999
2958,51211665189574,"[""hex-band"",34,3,14]",-202.6499444856,-280.80000000000001
2959,227000786128952,"[""hex-band"",34,3,15]",-192.51744726129999,-286.64999999999998
2960,232801765383682,"[""hex-band"",34,3,16]",-182.38495003700001,-292.5
2961,63756915949646,"[""hex-band"",34,3,17]",-172.2524528127,-298.35000000000002
2962,204015035271126,"[""hex-band"",34,3,18]",-162.11995558839999,-304.19999999999999
2963,42701396261200,"[""hex-band"",34,3,19]",-151.98745836419999,-310.05000000000001
2964,45585634080361,"[""hex-band"",34,3,20]",-141.85496113990001,-315.89999999999998
2965,2313525519674,"[""hex-band"",34,3,21]",-131.7224639156,-321.75
2966,165860116722122,"[""hex-band"",34,3,22]",-121.58996669130001,-327.60000000000002
2967,50451096116245,"[""hex-band"",34,4,12]",121.58996669130001,-327.60000000000002
2968,40302090771100,"[""hex-band"",34,4,13]",131.7224639156,-321.75
2969,94989108522293,"[""hex-band"",34,4,14]",141.85496113990001,-315.89999999999998
2970,142077287676496,"[""hex-band"",34,4,15]",151.98745836419999,-310.05000000000001
2971,265924002558084,"[""hex-band"",34,4,16]",162.11995558839999,-304.19999999999999
2972,166676644451146,"[""hex-band"",34,4,17]",172.2524528127,-298.35000000000002
2973,102974471732674,"[""hex-band"",34,4,18]",182.38495003700001,-292.5
2974,26450357122138,"[""hex-band"",34,4,19]",192.51744726129999,-286.64999999999998
2975,269898475003580,"[""hex-band"",34,4,20]",202.6499444856,-280.80000000000001
2976,56525103728670,"[""hex-band"",34,4,21]",212.7824417098,-274.94999999999999
2977,183435353036262,"[""hex-band"",34,4,22]",222.91493893410001,-269.10000000000002
2978,175274018197273,"[""hex-band"",34,5,12]",344.5049056254,-58.5
2979,215374678460750,"[""hex-band"",34,5,13]",344.5049056254,-46.799999999999997
2980,142564959579582,"[""hex-band"",34,5,14]",344.5049056254,-35.100000000000001
2981,231679840279412,"[""hex-band"",34,5,15]",344.5049056254,-23.399999999999999
2982,140430828419319,"[""hex-band"",34,5,16]",344.5049056254,-11.699999999999999
2983,219272372085122,"[""hex-band"",34,5,17]",344.5049056254,-0
2984,47241385309595,"[""hex-band"",34,5,18]",344.5049056254,11.699999999999999
2985,31304856385250,"[""hex-band"",34,5,19]",344.5049056254,23.399999999999999
2986,175791550991735,"[""hex-band"",34,5,20]",344.5049056254,35.100000000000001
2987,111628047385328,"[""hex-band"",34,5,21]",344.5049056254,46.799999999999997
2988,182574291429223,"[""hex-band"",34,5,22]",344.5049056254,58.5
