export_index,mirror_id,position_key,x,y
1,225977427565346,"[""ring1"",""active"",0]",100.3166431994,-93.931961009099993
2,98461791273696,"[""ring1"",""active"",1]",98.853800648199993,-81.884368699700005
3,146546269447317,"[""ring1"",""active"",2]",95.949447084100001,-70.100943087600001
4,91816430395141,"[""ring1"",""active"",3]",91.645934522199994,-58.753513052000002
5,231364419112210,"[""ring1"",""active"",4]",86.006017866299999,-48.007549675100002
6,186914820487113,"[""ring1"",""active"",5]",79.111939801199995,-38.019753300799998
7,218691133102543,"[""ring1"",""active"",6]",71.064231509199999,-28.935768490800001
8,249518401681586,"[""ring1"",""active"",7]",61.980246699200002,-20.888060198800002
9,257081424862060,"[""ring1"",""active"",8]",51.992450324899998,-13.993982133699999
10,462329393670,"[""ring1"",""active"",9]",41.246486947999998,-8.3540654778000007
11,136638878541845,"[""ring1"",""active"",10]",29.899056912399999,-4.0505529159
12,113440114950139,"[""ring1"",""active"",11]",18.115631300299999,-1.1461993518
13,189893974123011,"[""ring1"",""active"",12]",6.0680389908999999,0.31664319940000002
14,259292959545620,"[""ring1"",""active"",13]",-6.0680389908999999,0.31664319940000002
15,199461450372935,"[""ring1"",""active"",14]",-18.115631300299999,-1.1461993518
16,53150555964577,"[""ring1"",""active"",15]",-29.899056912399999,-4.0505529159
17,182181300776484,"[""ring1"",""active"",16]",-41.246486947999998,-8.3540654778000007
18,36828647183504,"[""ring1"",""active"",17]",-51.992450324899998,-13.993982133699999
19,245044142097057,"[""ring1"",""active"",18]",-61.980246699200002,-20.888060198800002
20,164989153111639,"[""ring1"",""active"",19]",-71.064231509199999,-28.935768490800001
21,82757952312123,"[""ring1"",""active"",20]",-79.111939801199995,-38.019753300799998
22,264367324792324,"[""ring1"",""active"",21]",-86.006017866299999,-48.007549675100002
23,96077426024455,"[""ring1"",""active"",22]",-91.645934522199994,-58.753513052000002
24,175280640722083,"[""ring1"",""active"",23]",-95.949447084100001,-70.100943087600001
25,271289438101252,"[""ring1"",""active"",24]",-98.853800648199993,-81.884368699700005
26,22151644413009,"[""ring1"",""active"",25]",-100.3166431994,-93.931961009099993
27,54785332350034,"[""ring1"",""active"",26]",-100.3166431994,-106.06803899090001
28,37097415433566,"[""ring1"",""active"",27]",-98.853800648199993,-118.1156313003
29,7974149837147,"[""ring1"",""active"",28]",-95.949447084100001,-129.8990569124
30,159066063835249,"[""ring1"",""active"",29]",-91.645934522199994,-141.24648694800001
31,227814935923795,"[""ring1"",""active"",30]",-86.006017866299999,-151.99245032490001
32,112737315580354,"[""ring1"",""active"",31]",-79.111939801199995,-161.98024669919999
33,279057199714791,"[""ring1"",""active"",32]",-71.064231509199999,-171.0642315092
34,104555532071604,"[""ring1"",""active"",33]",-61.980246699200002,-179.11193980120001
35,114636202083057,"[""ring1"",""active"",34]",-51.992450324899998,-186.0060178663
36,166816355597687,"[""ring1"",""active"",35]",-41.246486947999998,-191.64593452220001
37,196871639851600,"[""ring1"",""active"",36]",-29.899056912399999,-195.9494470841
38,163201643135464,"[""ring1"",""active"",37]",-18.115631300299999,-198.85380064820001
39,141087017475327,"[""ring1"",""active"",38]",-6.0680389908999999,-200.3166431994
40,274460507970912,"[""ring1"",""active"",39]",6.0680389908999999,-200.3166431994
41,211658257369416,"[""ring1"",""active"",40]",18.115631300299999,-198.85380064820001
42,25256560694987,"[""ring1"",""active"",41]",29.899056912399999,-195.9494470841
43,111109889874469,"[""ring1"",""active"",42]",41.246486947999998,-191.64593452220001
44,248359595964128,"[""ring1"",""active"",43]",51.992450324899998,-186.0060178663
45,232550607584963,"[""ring1"",""active"",44]",61.980246699200002,-179.11193980120001
46,8954556596020,"[""ring1"",""active"",45]",71.064231509199999,-171.0642315092
47,16077873566104,"[""ring1"",""active"",46]",79.111939801199995,-161.98024669919999
48,82931331611565,"[""ring1"",""active"",47]",86.006017866299999,-151.99245032490001
49,126224545870466,"[""ring1"",""active"",48]",91.645934522199994,-141.24648694800001
50,166042599386754,"[""ring1"",""active"",49]",95.949447084100001,-129.8990569124
51,251037322716503,"[""ring1"",""active"",50]",98.853800648199993,-118.1156313003
52,31188186379726,"[""ring1"",""active"",51]",100.3166431994,-106.06803899090001
53,118963306441431,"[""ring2"",""active"",0]",112.4450973671,-93.903403969500005
54,166210091923763,"[""ring2"",""active"",1]",111.12678141000001,-81.781688922699999
55,117307025828046,"[""ring2"",""active"",2]",108.5056055451,-69.873566916100003
56,31761126237247,"[""ring2"",""active"",3]",104.61230066269999,-58.318649792599999
57,8755066053518,"[""ring2"",""active"",4]",99.492512203100006,-47.252408390699998
58,26147884959761,"[""ring2"",""active"",5]",93.206265004700001,-36.8045842728
59,113321123638128,"[""ring2"",""active"",6]",85.827259568399995,-27.097668624099999
60,146421478213383,"[""ring2"",""active"",7]",77.442007986299998,-18.245466155700001
61,209994560452606,"[""ring2"",""active"",8]",68.148819666500003,-10.3517608476
62,52342416943538,"[""ring2"",""active"",9]",58.0566487452,-3.5090991775
63,200784994231433,"[""ring2"",""active"",10]",47.283816698999999,2.2022949029999999
64,91357866436445,"[""ring2"",""active"",11]",35.956625133999999,6.7154605201999997
65,198849746917301,"[""ring2"",""active"",12]",24.207875014799999,9.9774849336999996
66,195368130266985,"[""ring2"",""active"",13]",12.175309694499999,11.9501238896
67,150101175004650,"[""ring2"",""active"",14]",0,12.610250000000001
68,24350496598495,"[""ring2"",""active"",15]",-12.175309694499999,11.9501238896
69,111513192711181,"[""ring2"",""active"",16]",-24.207875014799999,9.9774849336999996
70,183037382441518,"[""ring2"",""active"",17]",-35.956625133999999,6.7154605201999997
71,224334105978858,"[""ring2"",""active"",18]",-47.283816698999999,2.2022949029999999
72,240661364293959,"[""ring2"",""active"",19]",-58.0566487452,-3.5090991775
73,206103613447385,"[""ring2"",""active"",20]",-68.148819666500003,-10.3517608476
74,205049209907177,"[""ring2"",""active"",21]",-77.442007986299998,-18.245466155700001
75,140036588241521,"[""ring2"",""active"",22]",-85.827259568399995,-27.097668624099999
76,178109332024333,"[""ring2"",""active"",23]",-93.206265004700001,-36.8045842728
77,147447801650378,"[""ring2"",""active"",24]",-99.492512203100006,-47.252408390699998
78,186058987222788,"[""ring2"",""active"",25]",-104.61230066269999,-58.318649792599999
79,15063983504382,"[""ring2"",""active"",26]",-108.5056055451,-69.873566916100003
80,82820283973980,"[""ring2"",""active"",27]",-111.12678141000001,-81.781688922699999
81,4812291460678,"[""ring2"",""active"",28]",-112.4450973671,-93.903403969500005
82,254876129109843,"[""ring2"",""active"",29]",-112.4450973671,-106.0965960305
83,52090938489001,"[""ring2"",""active"",30]",-111.12678141000001,-118.2183110773
84,276426639245006,"[""ring2"",""active"",31]",-108.5056055451,-130.1264330839
85,150770518482208,"[""ring2"",""active"",32]",-104.61230066269999,-141.68135020739999
86,65908650420079,"[""ring2"",""active"",33]",-99.492512203100006,-152.7475916093
87,238391778599238,"[""ring2"",""active"",34]",-93.206265004700001,-163.19541572719999
88,187322721507181,"[""ring2"",""active"",35]",-85.827259568399995,-172.90233137589999
89,75900330232157,"[""ring2"",""active"",36]",-77.442007986299998,-181.7545338443
90,56946199260712,"[""ring2"",""active"",37]",-68.148819666500003,-189.64823915240001
91,155089634456550,"[""ring2"",""active"",38]",-58.0566487452,-196.49090082250001
92,273285650791107,"[""ring2"",""active"",39]",-47.283816698999999,-202.20229490299999
93,251067079882723,"[""ring2"",""active"",40]",-35.956625133999999,-206.7154605202
94,13564978797403,"[""ring2"",""active"",41]",-24.207875014799999,-209.9774849337
95,94878253318120,"[""ring2"",""active"",42]",-12.175309694499999,-211.95012388960001
96,207197014732390,"[""ring2"",""active"",43]",-0,-212.61025000000001
97,203533647948113,"[""ring2"",""active"",44]",12.175309694499999,-211.95012388960001
98,82706652683496,"[""ring2"",""active"",45]",24.207875014799999,-209.9774849337
99,5167778211505,"[""ring2"",""active"",46]",35.956625133999999,-206.7154605202
100,255403182698697,"[""ring2"",""active"",47]",47.283816698999999,-202.20229490299999
101,82825078268065,"[""ring2"",""active"",48]",58.0566487452,-196.49090082250001
102,260003801076989,"[""ring2"",""active"",49]",68.148819666500003,-189.64823915240001
103,100092810805523,"[""ring2"",""active"",50]",77.442007986299998,-181.7545338443
104,29530510557746,"[""ring2"",""active"",51]",85.827259568399995,-172.90233137589999
105,197980779087096,"[""ring2"",""active"",52]",93.206265004700001,-163.19541572719999
106,226745184831197,"[""ring2"",""active"",53]",99.492512203100006,-152.7475916093
107,72278781839760,"[""ring2"",""active"",54]",104.61230066269999,-141.68135020739999
108,58047453449443,"[""ring2"",""active"",55]",108.5056055451,-130.1264330839
109,234423215575746,"[""ring2"",""active"",56]",111.12678141000001,-118.2183110773
110,209822820493380,"[""ring2"",""active"",57]",112.4450973671,-106.0965960305
111,59555902021457,"[""ring3"",""active"",0]",124.57026869560001,-93.880255124000001
112,155037580514219,"[""ring3"",""active"",1]",123.3705889111,-81.699701860700003
113,110538863576565,"[""ring3"",""active"",2]",120.9827829141,-69.695390472400007
114,21100493715803,"[""ring3"",""active"",3]",117.42984658170001,-57.982929040000002
115,269401024120553,"[""ring3"",""active"",4]",112.745996633,-46.675114969799999
116,24001370476862,"[""ring3"",""active"",5]",106.9763411035,-35.880848692800001
117,85543209124447,"[""ring3"",""active"",6]",100.17644493,-25.704084894099999
118,43223118027071,"[""ring3"",""active"",7]",92.411794829800002,-16.242831372000001
119,25623575773241,"[""ring3"",""active"",8]",83.757168628000002,-7.5882051702000002
120,42003389714630,"[""ring3"",""active"",9]",74.295915105899994,0.17644493
121,173233600349033,"[""ring3"",""active"",10]",64.119151307199999,6.9763411035000003
122,166617546774744,"[""ring3"",""active"",11]",53.324885030200001,12.745996633000001
123,178831113494194,"[""ring3"",""active"",12]",42.017070959999998,17.429846581700001
124,28095630898990,"[""ring3"",""active"",13]",30.3046095276,20.9827829141
125,19801002341314,"[""ring3"",""active"",14]",18.300298139300001,23.3705889111
126,58685437539979,"[""ring3"",""active"",15]",6.1197448760000004,24.570268695599999
127,17543371511003,"[""ring3"",""active"",16]",-6.1197448760000004,24.570268695599999
128,46877405992558,"[""ring3"",""active"",17]",-18.300298139300001,23.3705889111
129,273908240264989,"[""ring3"",""active"",18]",-30.3046095276,20.9827829141
130,161842297312095,"[""ring3"",""active"",19]",-42.017070959999998,17.429846581700001
131,231218104024720,"[""ring3"",""active"",20]",-53.324885030200001,12.745996633000001
132,205055244769105,"[""ring3"",""active"",21]",-64.119151307199999,6.9763411035000003
133,191462345087505,"[""ring3"",""active"",22]",-74.295915105899994,0.17644493
134,265632588695131,"[""ring3"",""active"",23]",-83.757168628000002,-7.5882051702000002
135,276076003264301,"[""ring3"",""active"",24]",-92.411794829800002,-16.242831372000001
136,130320065610047,"[""ring3"",""active"",25]",-100.17644493,-25.704084894099999
137,59230288788533,"[""ring3"",""active"",26]",-106.9763411035,-35.880848692800001
138,226518258385086,"[""ring3"",""active"",27]",-112.745996633,-46.675114969799999
139,81015478178530,"[""ring3"",""active"",28]",-117.42984658170001,-57.982929040000002
140,210566870952543,"[""ring3"",""active"",29]",-120.9827829141,-69.695390472400007
141,3505673751328,"[""ring3"",""active"",30]",-123.3705889111,-81.699701860700003
142,253362427386527,"[""ring3"",""active"",31]",-124.57026869560001,-93.880255124000001
143,76531743404135,"[""ring3"",""active"",32]",-124.57026869560001,-106.119744876
144,195453761152477,"[""ring3"",""active"",33]",-123.3705889111,-118.3002981393
145,63322776522913,"[""ring3"",""active"",34]",-120.9827829141,-130.30460952760001
146,113370853181240,"[""ring3"",""active"",35]",-117.42984658170001,-142.01707096000001
147,268794731500274,"[""ring3"",""active"",36]",-112.745996633,-153.32488503019999
148,48292612333692,"[""ring3"",""active"",37]",-106.9763411035,-164.11915130720001
149,104208630898379,"[""ring3"",""active"",38]",-100.17644493,-174.29591510590001
150,127018589188985,"[""ring3"",""active"",39]",-92.411794829800002,-183.75716862799999
151,244169488799987,"[""ring3"",""active"",40]",-83.757168628000002,-192.41179482979999
152,148935662595744,"[""ring3"",""active"",41]",-74.295915105899994,-200.17644493
153,199967798838602,"[""ring3"",""active"",42]",-64.119151307199999,-206.9763411035
154,121681998251905,"[""ring3"",""active"",43]",-53.324885030200001,-212.745996633
155,182935117419065,"[""ring3"",""active"",44]",-42.017070959999998,-217.42984658169999
156,86274112702088,"[""ring3"",""active"",45]",-30.3046095276,-220.9827829141
157,244499907031112,"[""ring3"",""active"",46]",-18.300298139300001,-223.37058891109999
158,222166567313161,"[""ring3"",""active"",47]",-6.1197448760000004,-224.57026869559999
159,267749192257242,"[""ring3"",""active"",48]",6.1197448760000004,-224.57026869559999
160,13950193364604,"[""ring3"",""active"",49]",18.300298139300001,-223.37058891109999
161,272467347277926,"[""ring3"",""active"",50]",30.3046095276,-220.9827829141
162,11858837470873,"[""ring3"",""active"",51]",42.017070959999998,-217.42984658169999
163,189466156649008,"[""ring3"",""active"",52]",53.324885030200001,-212.745996633
164,76442142729759,"[""ring3"",""active"",53]",64.119151307199999,-206.9763411035
165,250969228161012,"[""ring3"",""active"",54]",74.295915105899994,-200.17644493
166,184232455508123,"[""ring3"",""active"",55]",83.757168628000002,-192.41179482979999
167,42226490475413,"[""ring3"",""active"",56]",92.411794829800002,-183.75716862799999
168,144422509818658,"[""ring3"",""active"",57]",100.17644493,-174.29591510590001
169,98077237719699,"[""ring3"",""active"",58]",106.9763411035,-164.11915130720001
170,120457024512250,"[""ring3"",""active"",59]",112.745996633,-153.32488503019999
171,70055427451954,"[""ring3"",""active"",60]",117.42984658170001,-142.01707096000001
172,36840563366514,"[""ring3"",""active"",61]",120.9827829141,-130.30460952760001
173,15496700609840,"[""ring3"",""active"",62]",123.3705889111,-118.3002981393
174,177451241642885,"[""ring3"",""active"",63]",124.57026869560001,-106.119744876
175,5424059042925,"[""ring4"",""active"",0]",136.6929705396,-93.861111614500004
176,184631012827970,"[""ring4"",""active"",1]",135.59239911500001,-81.632761563200006
177,190689089557200,"[""ring4"",""active"",2]",133.40011741980001,-69.552293716099996
178,236894004599218,"[""ring4"",""active"",3]",130.13377641709999,-57.716972896900003
179,146448383842108,"[""ring4"",""active"",4]",125.819674764,-46.22209015
180,104860549194081,"[""ring4"",""active"",5]",120.4925470706,-35.1601955123
181,5389593131496,"[""ring4"",""active"",6]",114.1952842366,-24.6203528552
182,88418679951807,"[""ring4"",""active"",7]",106.97858811970001,-14.6874227943
183,249409769455279,"[""ring4"",""active"",8]",98.900563313600003,-5.4413794420999997
184,44101727948432,"[""ring4"",""active"",9]",90.026249324399998,3.0433334968999999
185,61639682505539,"[""ring4"",""active"",10]",80.427096910100005,10.698402103099999
186,48148122241354,"[""ring4"",""active"",11]",70.180392801899998,17.462192265100001
187,229813584610610,"[""ring4"",""active"",12]",59.368637436299998,23.280245921700001
188,192150591661156,"[""ring4"",""active"",13]",48.078880710200004,28.105719525800001
189,21417868438074,"[""ring4"",""active"",14]",36.402021106500001,31.8997612012
190,178315088531963,"[""ring4"",""active"",15]",24.432073833,34.631823555099999
191,197963288963277,"[""ring4"",""active"",16]",12.265413866699999,36.2799096281
192,212266651691770,"[""ring4"",""active"",17]",0,36.830750000000002
193,143717716437285,"[""ring4"",""active"",18]",-12.265413866699999,36.2799096281
194,154191620653451,"[""ring4"",""active"",19]",-24.432073833,34.631823555099999
195,243286050297014,"[""ring4"",""active"",20]",-36.402021106500001,31.8997612012
196,135187365860870,"[""ring4"",""active"",21]",-48.078880710200004,28.105719525800001
197,84394000815830,"[""ring4"",""active"",22]",-59.368637436299998,23.280245921700001
198,196795816969926,"[""ring4"",""active"",23]",-70.180392801899998,17.462192265100001
199,62752732012976,"[""ring4"",""active"",24]",-80.427096910100005,10.698402103099999
200,262689507356988,"[""ring4"",""active"",25]",-90.026249324399998,3.0433334968999999
201,231588664315353,"[""ring4"",""active"",26]",-98.900563313600003,-5.4413794420999997
202,58670018595032,"[""ring4"",""active"",27]",-106.97858811970001,-14.6874227943
203,56146106527894,"[""ring4"",""active"",28]",-114.1952842366,-24.6203528552
204,98821130631326,"[""ring4"",""active"",29]",-120.4925470706,-35.1601955123
205,167574568333979,"[""ring4"",""active"",30]",-125.819674764,-46.22209015
206,28634006172748,"[""ring4"",""active"",31]",-130.13377641709999,-57.716972896900003
207,271869694795325,"[""ring4"",""active"",32]",-133.40011741980001,-69.552293716099996
208,137894532284547,"[""ring4"",""active"",33]",-135.59239911500001,-81.632761563200006
209,109821404521477,"[""ring4"",""active"",34]",-136.6929705396,-93.861111614500004
210,164092274472377,"[""ring4"",""active"",35]",-136.6929705396,-106.1388883855
211,177578951612703,"[""ring4"",""active"",36]",-135.59239911500001,-118.36723843679999
212,102808210306553,"[""ring4"",""active"",37]",-133.40011741980001,-130.4477062839
213,186356616046128,"[""ring4"",""active"",38]",-130.13377641709999,-142.28302710310001
214,90336894231343,"[""ring4"",""active"",39]",-125.819674764,-153.77790984999999
215,110974730378632,"[""ring4"",""active"",40]",-120.4925470706,-164.83980448770001
216,189460664477081,"[""ring4"",""active"",41]",-114.1952842366,-175.3796471448
217,174627487827072,"[""ring4"",""active"",42]",-106.97858811970001,-185.31257720569999
218,12666634866111,"[""ring4"",""active"",43]",-98.900563313600003,-194.55862055790001
219,264137056305333,"[""ring4"",""active"",44]",-90.026249324399998,-203.0433334969
220,157926074659033,"[""ring4"",""active"",45]",-80.427096910100005,-210.69840210309999
221,188394866474283,"[""ring4"",""active"",46]",-70.180392801899998,-217.46219226509999
222,273110110346102,"[""ring4"",""active"",47]",-59.368637436299998,-223.28024592169999
223,86286860731454,"[""ring4"",""active"",48]",-48.078880710200004,-228.1057195258
224,213624765757933,"[""ring4"",""active"",49]",-36.402021106500001,-231.89976120119999
225,134127273969171,"[""ring4"",""active"",50]",-24.432073833,-234.6318235551
226,117092707444576,"[""ring4"",""active"",51]",-12.265413866699999,-236.2799096281
227,89888352884877,"[""ring4"",""active"",52]",-0,-236.83074999999999
228,148741488918137,"[""ring4"",""active"",53]",12.265413866699999,-236.2799096281
229,31140464893598,"[""ring4"",""active"",54]",24.432073833,-234.6318235551
230,157861437555367,"[""ring4"",""active"",55]",36.402021106500001,-231.89976120119999
231,174967414936778,"[""ring4"",""active"",56]",48.078880710200004,-228.1057195258
232,158805511150832,"[""ring4"",""active"",57]",59.368637436299998,-223.28024592169999
233,31065264203047,"[""ring4"",""active"",58]",70.180392801899998,-217.46219226509999
234,107117089717890,"[""ring4"",""active"",59]",80.427096910100005,-210.69840210309999
235,166642483298093,"[""ring4"",""active"",60]",90.026249324399998,-203.0433334969
236,138840614426827,"[""ring4"",""active"",61]",98.900563313600003,-194.55862055790001
237,193394635713193,"[""ring4"",""active"",62]",106.97858811970001,-185.31257720569999
238,274420313286902,"[""ring4"",""active"",63]",114.1952842366,-175.3796471448
239,176401512941857,"[""ring4"",""active"",64]",120.4925470706,-164.83980448770001
240,169552146916756,"[""ring4"",""active"",65]",125.819674764,-153.77790984999999
241,156877805788582,"[""ring4"",""active"",66]",130.13377641709999,-142.28302710310001
242,37237403591882,"[""ring4"",""active"",67]",133.40011741980001,-130.4477062839
243,231606670454445,"[""ring4"",""active"",68]",135.59239911500001,-118.36723843679999
244,2874962104474,"[""ring4"",""active"",69]",136.6929705396,-106.1388883855
245,23520626475590,"[""ring5"",""active"",0]",148.81705120219999,-93.924907203399997
246,222353045440909,"[""ring5"",""active"",1]",147.82669827949999,-81.815150350400003
247,13627925224066,"[""ring5"",""active"",2]",145.85258306950001,-69.826410671600001
248,261600412324865,"[""ring5"",""active"",3]",142.90784298310001,-58.038471251499999
249,155123218978573,"[""ring5"",""active"",4]",139.0120747798,-46.529778882000002
250,139126295387140,"[""ring5"",""active"",5]",134.19120415430001,-35.376922012100003
251,17104254734932,"[""ring5"",""active"",6]",128.477313205,-24.6541210641
252,257202337253132,"[""ring5"",""active"",7]",121.9084269337,-14.432734509299999
253,20256286585924,"[""ring5"",""active"",8]",114.52826019459999,-4.7807839886999997
254,226842049771351,"[""ring5"",""active"",9]",106.3859267797,4.2374983594
255,22306274976552,"[""ring5"",""active"",10]",97.535612574500007,12.5620973539
256,8522133503955,"[""ring5"",""active"",11]",88.036214959999995,20.1376141619
257,109224736450407,"[""ring5"",""active"",12]",77.950950859800002,26.913634969099999
258,192014594872712,"[""ring5"",""active"",13]",67.346936042600007,32.845066474699998
259,5788196010393,"[""ring5"",""active"",14]",56.294738477499997,37.892435980899997
260,227952558828436,"[""ring5"",""active"",15]",44.867908715900001,42.022154076299998
261,152308738858516,"[""ring5"",""active"",16]",33.142490424400002,45.206738168299999
262,213125153228881,"[""ring5"",""active"",17]",21.196514327300001,47.424995375199998
263,71269691663161,"[""ring5"",""active"",18]",9.1094789244999994,48.662163561299998
264,156249175796049,"[""ring5"",""active"",19]",-3.0381785576000002,48.9100095764
265,202748898602645,"[""ring5"",""active"",20]",-15.1656174627,48.166884046299998
266,43945525603687,"[""ring5"",""active"",21]",-27.1921316856,46.437732348600001
267,73207654735822,"[""ring5"",""active"",22]",-39.037686758600003,43.734061702600002
268,5758917734907,"[""ring5"",""active"",23]",-50.623452467,40.073864590500001
269,97876239973797,"[""ring5"",""active"",24]",-61.872327451499999,35.481499020100003
270,33095221570398,"[""ring5"",""active"",25]",-72.709452304999999,29.987526426599999
271,277111629805253,"[""ring5"",""active"",26]",-83.062707749699996,23.628508291100001
272,52709217833209,"[""ring5"",""active"",27]",-92.863194578600002,16.446762830299999
273,245682835225288,"[""ring5"",""active"",28]",-102.04569216900001,8.4900833750999993
274,125292141479106,"[""ring5"",""active"",29]",-110.5490925144,-0.18857968529999999
275,94762750622421,"[""ring5"",""active"",30]",-118.3168068884,-9.5314712800999999
276,75994957899253,"[""ring5"",""active"",31]",-125.2971424334,-19.476416007299999
277,20004688814997,"[""ring5"",""active"",32]",-131.4436461681,-29.9572319006
278,175860044824892,"[""ring5"",""active"",33]",-136.7154141243,-40.904170859300002
279,183972625240563,"[""ring5"",""active"",34]",-141.07736355590001,-52.244382810799998
280,238480623597105,"[""ring5"",""active"",35]",-144.50046640919999,-63.9024005156
281,123379877610518,"[""ring5"",""active"",36]",-146.96194249940001,-75.800641789300002
282,239283752301026,"[""ring5"",""active"",37]",-148.44541110930001,-87.859925799199999
283,183370882837706,"[""ring5"",""active"",38]",-148.941,-100
284,175759257811417,"[""ring5"",""active"",39]",-148.44541110930001,-112.1400742008
285,85670323711507,"[""ring5"",""active"",40]",-146.96194249940001,-124.1993582107
286,192077555300193,"[""ring5"",""active"",41]",-144.50046640919999,-136.09759948440001
287,72709185471645,"[""ring5"",""active"",42]",-141.07736355590001,-147.7556171892
288,72248347403569,"[""ring5"",""active"",43]",-136.7154141243,-159.0958291407
289,191260267335111,"[""ring5"",""active"",44]",-131.4436461681,-170.04276809940001
290,83628581397731,"[""ring5"",""active"",45]",-125.2971424334,-180.5235839927
291,83195177570344,"[""ring5"",""active"",46]",-118.3168068884,-190.46852871990001
292,60631607472577,"[""ring5"",""active"",47]",-110.5490925144,-199.8114203147
293,52503766025382,"[""ring5"",""active"",48]",-102.04569216900001,-208.4900833751
294,217241937472025,"[""ring5"",""active"",49]",-92.863194578600002,-216.4467628303
295,121174415326769,"[""ring5"",""active"",50]",-83.062707749699996,-223.62850829109999
296,104047867091438,"[""ring5"",""active"",51]",-72.709452304999999,-229.9875264266
297,214778283416061,"[""ring5"",""active"",52]",-61.872327451499999,-235.48149902009999
298,234678724139405,"[""ring5"",""active"",53]",-50.623452467,-240.07386459049999
299,173585238361232,"[""ring5"",""active"",54]",-39.037686758600003,-243.7340617026
300,270449284997860,"[""ring5"",""active"",55]",-27.1921316856,-246.43773234860001
301,256100742887971,"[""ring5"",""active"",56]",-15.1656174627,-248.1668840463
302,81250924882693,"[""ring5"",""active"",57]",-3.0381785576000002,-248.9100095764
303,155366379369128,"[""ring5"",""active"",58]",9.1094789244999994,-248.66216356129999
304,250091917024527,"[""ring5"",""active"",59]",21.196514327300001,-247.42499537520001
305,161047720681361,"[""ring5"",""active"",60]",33.142490424400002,-245.20673816830001
306,271279813364339,"[""ring5"",""active"",61]",44.867908715900001,-242.02215407630001
307,55992506942994,"[""ring5"",""active"",62]",56.294738477499997,-237.89243598089999
308,98626777492812,"[""ring5"",""active"",63]",67.346936042600007,-232.84506647469999
309,280366544408847,"[""ring5"",""active"",64]",77.950950859800002,-226.9136349691
310,247862487429520,"[""ring5"",""active"",65]",88.036214959999995,-220.13761416189999
311,113428781052480,"[""ring5"",""active"",66]",97.535612574500007,-212.56209735389999
312,186944288805866,"[""ring5"",""active"",67]",106.3859267797,-204.23749835940001
313,62639937718710,"[""ring5"",""active"",68]",114.52826019459999,-195.21921601130001
314,181048829255108,"[""ring5"",""active"",69]",121.9084269337,-185.56726549070001
315,238349268831454,"[""ring5"",""active"",70]",128.477313205,-175.3458789359
316,204699139529072,"[""ring5"",""active"",71]",134.19120415430001,-164.62307798789999
317,115322783196771,"[""ring5"",""active"",72]",139.0120747798,-153.47022111800001
318,148337182612635,"[""ring5"",""active"",73]",142.90784298310001,-141.9615287485
319,169157689489241,"[""ring5"",""active"",74]",145.85258306950001,-130.1735893284
320,22345992950901,"[""ring5"",""active"",75]",147.82669827949999,-118.1848496496
321,214967003722671,"[""ring5"",""active"",76]",148.81705120219999,-106.0750927966
322,15633397888638,"[""ring6"",""active"",0]",160.93589781790001,-93.905582872799997
323,3618394902825,"[""ring6"",""active"",1]",160.01407156939999,-81.751656887699994
324,66424263510672,"[""ring6"",""active"",2]",158.1756992098,-69.702255759500005
325,257966886653104,"[""ring6"",""active"",3]",155.43131076930001,-57.826397366499997
326,153079224300172,"[""ring6"",""active"",4]",151.7966258566,-46.192105550100003
327,172708008851399,"[""ring6"",""active"",5]",147.2924636175,-34.866020480400003
328,201027126862124,"[""ring6"",""active"",6]",141.94462348549999,-23.913016946900001
329,97077543497017,"[""ring6"",""active"",7]",135.7837374046,-13.395832761899999
330,173356775268481,"[""ring6"",""active"",8]",128.8450943723,-3.3747094040999999
331,203453305678702,"[""ring6"",""active"",9]",121.1684383076,6.0929530396000002
332,30604529686480,"[""ring6"",""active"",10]",112.7977404012,14.9529246559
333,74175571152741,"[""ring6"",""active"",11]",103.7809472527,23.1544563299
334,7294419471254,"[""ring6"",""active"",12]",94.169706236600007,30.6505704307
335,72501091431243,"[""ring6"",""active"",13]",84.019069671099999,37.398329895800003
336,125008252351536,"[""ring6"",""active"",14]",73.387179483300002,43.359084170000003
337,82741542558678,"[""ring6"",""active"",15]",62.334934177299999,48.498690592499997
338,136347579096247,"[""ring6"",""active"",16]",50.925640013299997,52.787709963200001
339,204917347607831,"[""ring6"",""active"",17]",39.224648395099997,56.201575167599998
340,90721195782871,"[""ring6"",""active"",18]",27.298981543099998,58.720731895
341,19437795711162,"[""ring6"",""active"",19]",15.216948597,60.3307506437
342,8742095329409,"[""ring6"",""active"",20]",3.0477543473000002,61.0224093721
343,171071219876311,"[""ring6"",""active"",21]",-9.1388971631999993,60.791746321799998
344,193133937668178,"[""ring6"",""active"",22]",-21.2732018984,59.640082709700003
345,46566491873461,"[""ring6"",""active"",23]",-33.285655659699998,57.5740151607
346,31492300519486,"[""ring6"",""active"",24]",-45.107452199599997,54.605377922700001
347,24546376086534,"[""ring6"",""active"",25]",-56.670877338300002,50.751175080899998
348,133965456100379,"[""ring6"",""active"",26]",-67.909696823600001,46.033483160199999
349,278872408392949,"[""ring6"",""active"",27]",-78.759535715300004,40.479324672600001
350,190393026479347,"[""ring6"",""active"",28]",-89.158247118899993,34.120513334999998
351,170312264844696,"[""ring6"",""active"",29]",-99.046268157100002,26.9934718429
352,192903510103468,"[""ring6"",""active"",30]",-108.3669611409,19.139023244499999
353,204096031368815,"[""ring6"",""active"",31]",-117.06693798489999,10.6021571101
354,68236790755907,"[""ring6"",""active"",32]",-125.0963660096,1.4317718358
355,175706828718013,"[""ring6"",""active"",33]",-132.40925337850001,-8.3196054419000003
356,152553411453083,"[""ring6"",""active"",34]",-138.9637125349,-18.596119717200001
357,136600615361312,"[""ring6"",""active"",35]",-144.7222001303,-29.338908046899999
358,62373048652962,"[""ring6"",""active"",36]",-149.65173206930001,-40.486436712200003
359,181856645093371,"[""ring6"",""active"",37]",-153.7240724394,-51.974853678499997
360,130293704323625,"[""ring6"",""active"",38]",-156.91589524380001,-63.738354333899998
361,61753894552097,"[""ring6"",""active"",39]",-159.20891801030001,-75.709558411800003
362,89052692619480,"[""ring6"",""active"",40]",-160.59000651229999,-87.819895939399998
363,110421658250941,"[""ring6"",""active"",41]",-161.05125000000001,-100
364,237887334612196,"[""ring6"",""active"",42]",-160.59000651229999,-112.1801040606
365,6774256656513,"[""ring6"",""active"",43]",-159.20891801030001,-124.2904415882
366,1461599247815,"[""ring6"",""active"",44]",-156.91589524380001,-136.26164566610001
367,113080086478275,"[""ring6"",""active"",45]",-153.7240724394,-148.02514632149999
368,275076801571628,"[""ring6"",""active"",46]",-149.65173206930001,-159.5135632878
369,219525186125527,"[""ring6"",""active"",47]",-144.7222001303,-170.6610919531
370,256415157047643,"[""ring6"",""active"",48]",-138.9637125349,-181.4038802828
371,105765501990854,"[""ring6"",""active"",49]",-132.40925337850001,-191.68039455810001
372,233392164539072,"[""ring6"",""active"",50]",-125.0963660096,-201.43177183579999
373,121780138828961,"[""ring6"",""active"",51]",-117.06693798489999,-210.60215711009999
374,123535355556610,"[""ring6"",""active"",52]",-108.3669611409,-219.13902324450001
375,41644475214493,"[""ring6"",""active"",53]",-99.046268157100002,-226.99347184289999
376,232600081420609,"[""ring6"",""active"",54]",-89.158247118899993,-234.120513335
377,184013294735046,"[""ring6"",""active"",55]",-78.759535715300004,-240.4793246726
378,246913989650040,"[""ring6"",""active"",56]",-67.909696823600001,-246.03348316020001
379,142277293781531,"[""ring6"",""active"",57]",-56.670877338300002,-250.7511750809
380,15539963977653,"[""ring6"",""active"",58]",-45.107452199599997,-254.6053779227
381,50027054714596,"[""ring6"",""active"",59]",-33.285655659699998,-257.57401516070001
382,8968266447559,"[""ring6"",""active"",60]",-21.2732018984,-259.64008270969998
383,249035387025584,"[""ring6"",""active"",61]",-9.1388971631999993,-260.79174632180002
384,76221010187168,"[""ring6"",""active"",62]",3.0477543473000002,-261.02240937210001
385,148413189653386,"[""ring6"",""active"",63]",15.216948597,-260.33075064370001
386,176562161909927,"[""ring6"",""active"",64]",27.298981543099998,-258.72073189499997
387,46369425058666,"[""ring6"",""active"",65]",39.224648395099997,-256.20157516760003
388,85685822949842,"[""ring6"",""active"",66]",50.925640013299997,-252.7877099632
389,148816550349384,"[""ring6"",""active"",67]",62.334934177299999,-248.4986905925
390,51096767258723,"[""ring6"",""active"",68]",73.387179483300002,-243.35908416999999
391,174982740500412,"[""ring6"",""active"",69]",84.019069671099999,-237.3983298958
392,156109459724971,"[""ring6"",""active"",70]",94.169706236600007,-230.65057043069999
393,279829217726053,"[""ring6"",""active"",71]",103.7809472527,-223.1544563299
394,159198802282531,"[""ring6"",""active"",72]",112.7977404012,-214.95292465590001
395,170710736352246,"[""ring6"",""active"",73]",121.1684383076,-206.09295303959999
396,109619617615190,"[""ring6"",""active"",74]",128.8450943723,-196.6252905959
397,96667164186716,"[""ring6"",""active"",75]",135.7837374046,-186.60416723809999
398,259606036457484,"[""ring6"",""active"",76]",141.94462348549999,-176.0869830531
399,196804299156461,"[""ring6"",""active"",77]",147.2924636175,-165.13397951959999
400,243713746614021,"[""ring6"",""active"",78]",151.7966258566,-153.8078944499
401,268776510235903,"[""ring6"",""active"",79]",155.43131076930001,-142.1736026335
402,145901672624066,"[""ring6"",""active"",80]",158.1756992098,-130.29774424050001
403,150284606020043,"[""ring6"",""active"",81]",160.01407156939999,-118.24834311230001
404,159636096767033,"[""ring6"",""active"",82]",160.93589781790001,-106.0944171272
405,98704091431607,"[""ring7"",""active"",0]",173.0536311669,-93.888877172899996
406,139223695998237,"[""ring7"",""active"",1]",172.19148668130001,-81.697076825099998
407,3815330794391,"[""ring7"",""active"",2]",170.47149287049999,-69.596460719999996
408,168939197208594,"[""ring7"",""active"",3]",167.9022186572,-57.647313518200001
409,257718557202517,"[""ring7"",""active"",4]",164.4964640364,-45.909165270000003
410,197611875643245,"[""ring7"",""active"",5]",160.27119630609999,-34.440494839599999
411,277769438802380,"[""ring7"",""active"",6]",155.24746553770001,-23.298438566200002
412,10407145213078,"[""ring7"",""active"",7]",149.4502997052,-12.5385056137
413,79668007178407,"[""ring7"",""active"",8]",142.90857999709999,-2.2143014267000001
414,216898390126945,"[""ring7"",""active"",9]",135.65489693200001,7.6227393286999998
415,195311553297786,"[""ring7"",""active"",10]",127.725387994,16.9236090104
416,6707637656343,"[""ring7"",""active"",11]",119.1595575979,25.641971153499998
417,113547112726121,"[""ring7"",""active"",12]",110.0000802796,33.734391316200004
418,111992766214480,"[""ring7"",""active"",13]",100.29258809460001,41.160553468499998
419,154388842427142,"[""ring7"",""active"",14]",90.085443280600003,47.883460843899996
420,188844447436172,"[""ring7"",""active"",15]",79.429497319600003,53.869620256200001
421,240676286273810,"[""ring7"",""active"",16]",68.377837598400006,59.089208960299999
422,193077115442914,"[""ring7"",""active"",17]",56.985522929799998,63.516223227799998
423,165270732462952,"[""ring7"",""active"",18]",45.309309252399999,67.128607896199995
424,112275944231314,"[""ring7"",""active"",19]",33.407366875400001,69.908366246900002
425,245752944709934,"[""ring7"",""active"",20]",21.3389906771,71.841649663699997
426,202662447900705,"[""ring7"",""active"",21]",9.1643047006000007,72.918826625700007
427,154415203091408,"[""ring7"",""active"",22]",-3.0560373808999999,73.134530691500004
428,249000034967445,"[""ring7"",""active"",23]",-15.2611544379,72.487687234399999
429,105432625421735,"[""ring7"",""active"",24]",-27.390241191099999,70.981518795900001
430,64235322929390,"[""ring7"",""active"",25]",-39.382871140600002,68.623529031299995
431,80583806395388,"[""ring7"",""active"",26]",-51.179297607000002,65.425465327200001
432,221514684970239,"[""ring7"",""active"",27]",-62.720751387100002,61.403260275900003
433,204545893520169,"[""ring7"",""active"",28]",-73.949733538800004,56.576952300800002
434,97550895784992,"[""ring7"",""active"",29]",-84.810301837699996,50.970585825299999
435,179768472648573,"[""ring7"",""active"",30]",-95.248349478999998,44.612091485400001
436,4663288236199,"[""ring7"",""active"",31]",-105.2118746343,37.533146979800001
437,278056749230886,"[""ring7"",""active"",32]",-114.65123952259999,29.7690192542
438,49078469715113,"[""ring7"",""active"",33]",-123.51941770259999,21.3583888022
439,209456995452956,"[""ring7"",""active"",34]",-131.7722283569,12.3431569617
440,281391758338618,"[""ring7"",""active"",35]",-139.36855639780001,2.7682371641999999
441,39867733414405,"[""ring7"",""active"",36]",-146.2705573012,-7.3186688214000002
442,221665518473018,"[""ring7"",""active"",37]",-152.4438456458,-17.867308536900001
443,235395455773571,"[""ring7"",""active"",38]",-157.85766641949999,-28.8251291899
444,248140748251892,"[""ring7"",""active"",39]",-162.48504823959999,-40.137539469099998
445,130737922101960,"[""ring7"",""active"",40]",-166.30293772260001,-51.748181515399999
446,142947773551174,"[""ring7"",""active"",41]",-169.29231433519999,-63.599211694300003
447,246134825458202,"[""ring7"",""active"",42]",-171.43828515339999,-75.6315887696
448,112355342081427,"[""ring7"",""active"",43]",-172.73015905860001,-87.785368043800005
449,168562849537525,"[""ring7"",""active"",44]",-173.16149999999999,-100
450,240623476709370,"[""ring7"",""active"",45]",-172.73015905860001,-112.21463195619999
451,179552823553090,"[""ring7"",""active"",46]",-171.43828515339999,-124.3684112304
452,20451532741646,"[""ring7"",""active"",47]",-169.29231433519999,-136.40078830569999
453,44138025319731,"[""ring7"",""active"",48]",-166.30293772260001,-148.25181848459999
454,87526950589628,"[""ring7"",""active"",49]",-162.48504823959999,-159.86246053089999
455,271874786952402,"[""ring7"",""active"",50]",-157.85766641949999,-171.1748708101
456,99017401013374,"[""ring7"",""active"",51]",-152.4438456458,-182.1326914631
457,107612685271568,"[""ring7"",""active"",52]",-146.2705573012,-192.6813311786
458,210097438333945,"[""ring7"",""active"",53]",-139.36855639780001,-202.7682371642
459,201864549490165,"[""ring7"",""active"",54]",-131.7722283569,-212.3431569617
460,120445623188901,"[""ring7"",""active"",55]",-123.51941770259999,-221.35838880220001
461,195350791113158,"[""ring7"",""active"",56]",-114.65123952259999,-229.7690192542
462,101971248769460,"[""ring7"",""active"",57]",-105.2118746343,-237.53314697979999
463,158861748357609,"[""ring7"",""active"",58]",-95.248349478999998,-244.61209148539999
464,4014003715286,"[""ring7"",""active"",59]",-84.810301837699996,-250.97058582529999
465,14706700728349,"[""ring7"",""active"",60]",-73.949733538800004,-256.57695230079997
466,74070345870799,"[""ring7"",""active"",61]",-62.720751387100002,-261.40326027589998
467,162208365690802,"[""ring7"",""active"",62]",-51.179297607000002,-265.42546532720002
468,240940228290301,"[""ring7"",""active"",63]",-39.382871140600002,-268.6235290313
469,35689871892062,"[""ring7"",""active"",64]",-27.390241191099999,-270.9815187959
470,102525601656100,"[""ring7"",""active"",65]",-15.2611544379,-272.48768723440003
471,228865871761749,"[""ring7"",""active"",66]",-3.0560373808999999,-273.1345306915
472,269494860956806,"[""ring7"",""active"",67]",9.1643047006000007,-272.91882662569998
473,97910135213203,"[""ring7"",""active"",68]",21.3389906771,-271.84164966370003
474,194550140205816,"[""ring7"",""active"",69]",33.407366875400001,-269.90836624690002
475,126511770896516,"[""ring7"",""active"",70]",45.309309252399999,-267.12860789619998
476,231552121987345,"[""ring7"",""active"",71]",56.985522929799998,-263.51622322780003
477,247506303056146,"[""ring7"",""active"",72]",68.377837598400006,-259.08920896030003
478,102684164402542,"[""ring7"",""active"",73]",79.429497319600003,-253.86962025619999
479,278706186294013,"[""ring7"",""active"",74]",90.085443280600003,-247.8834608439
480,85489333571197,"[""ring7"",""active"",75]",100.29258809460001,-241.16055346850001
481,208130067677265,"[""ring7"",""active"",76]",110.0000802796,-233.7343913162
482,64146519403722,"[""ring7"",""active"",77]",119.1595575979,-225.64197115350001
483,222194219887615,"[""ring7"",""active"",78]",127.725387994,-216.92360901040001
484,95507527291869,"[""ring7"",""active"",79]",135.65489693200001,-207.62273932869999
485,41593819833030,"[""ring7"",""active"",80]",142.90857999709999,-197.78569857330001
486,148418666345158,"[""ring7"",""active"",81]",149.4502997052,-187.46149438629999
487,181422169739776,"[""ring7"",""active"",82]",155.24746553770001,-176.70156143380001
488,26420087111766,"[""ring7"",""active"",83]",160.27119630609999,-165.55950516039999
489,110309838343784,"[""ring7"",""active"",84]",164.4964640364,-154.09083473000001
490,197744873701911,"[""ring7"",""active"",85]",167.9022186572,-142.35268648179999
491,33707646936412,"[""ring7"",""active"",86]",170.47149287049999,-130.40353927999999
492,30292026309958,"[""ring7"",""active"",87]",172.19148668130001,-118.3029231749
493,173965027062705,"[""ring7"",""active"",88]",173.0536311669,-106.1111228271
494,103035038586406,"[""ring8"",""active"",0]",185.17255318479999,-93.938078267199998
495,47162301186622,"[""ring8"",""active"",1]",184.3796158838,-81.840192881099995
496,24425660975383,"[""ring8"",""active"",2]",182.79713676119999,-69.820070577099997
497,153621519479959,"[""ring8"",""active"",3]",180.4318922354,-57.9291833642
498,140424434400610,"[""ring8"",""active"",4]",177.2940106467,-46.2184498469
499,40460452271116,"[""ring8"",""active"",5]",173.39692888569999,-34.738017184
500,253726371640365,"[""ring8"",""active"",6]",168.75733485480001,-23.537046350800001
501,118483385141232,"[""ring8"",""active"",7]",163.395096008,-12.663501624
502,80665172016646,"[""ring8"",""active"",8]",157.33317427520001,-2.1639451912999998
503,230879612048369,"[""ring8"",""active"",9]",150.59752773599999,7.9166622347000004
504,256672054013719,"[""ring8"",""active"",10]",143.2169994628,17.535153945200001
505,118704804263222,"[""ring8"",""active"",11]",135.22319401089999,26.6503420823
506,141175085968341,"[""ring8"",""active"",12]",126.6503420823,35.223194010900002
507,211148652082234,"[""ring8"",""active"",13]",117.53515394519999,43.216999462799997
508,183297492580179,"[""ring8"",""active"",14]",107.9166622347,50.597527736000004
509,56077620833608,"[""ring8"",""active"",15]",97.836054808699998,57.333174275200001
510,227864090595258,"[""ring8"",""active"",16]",87.336498375999994,63.395096008000003
511,149823144396876,"[""ring8"",""active"",17]",76.462953649200003,68.757334854800007
512,212903673864193,"[""ring8"",""active"",18]",65.261982816,73.396928885700007
513,135359725410911,"[""ring8"",""active"",19]",53.7815501531,77.294010646700002
514,148039290650802,"[""ring8"",""active"",20]",42.0708166358,80.431892235399999
515,153477916426313,"[""ring8"",""active"",21]",30.179929422899999,82.797136761199994
516,11663329182261,"[""ring8"",""active"",22]",18.159807118900002,84.3796158838
517,55124408669199,"[""ring8"",""active"",23]",6.0619217328000001,85.172553184799995
518,156367101167981,"[""ring8"",""active"",24]",-6.0619217328000001,85.172553184799995
519,109111027470527,"[""ring8"",""active"",25]",-18.159807118900002,84.3796158838
520,186589492827295,"[""ring8"",""active"",26]",-30.179929422899999,82.797136761199994
521,234973109690632,"[""ring8"",""active"",27]",-42.0708166358,80.431892235399999
522,159068333180735,"[""ring8"",""active"",28]",-53.7815501531,77.294010646700002
523,3553896438682,"[""ring8"",""active"",29]",-65.261982816,73.396928885700007
524,125490996073539,"[""ring8"",""active"",30]",-76.462953649200003,68.757334854800007
525,197296522472290,"[""ring8"",""active"",31]",-87.336498375999994,63.395096008000003
526,15471845928098,"[""ring8"",""active"",32]",-97.836054808699998,57.333174275200001
527,221332755877106,"[""ring8"",""active"",33]",-107.9166622347,50.597527736000004
528,142716136045108,"[""ring8"",""active"",34]",-117.53515394519999,43.216999462799997
529,113991812987888,"[""ring8"",""active"",35]",-126.6503420823,35.223194010900002
530,137127856256707,"[""ring8"",""active"",36]",-135.22319401089999,26.6503420823
531,275724049879911,"[""ring8"",""active"",37]",-143.2169994628,17.535153945200001
532,216476624374123,"[""ring8"",""active"",38]",-150.59752773599999,7.9166622347000004
533,276855416670102,"[""ring8"",""active"",39]",-157.33317427520001,-2.1639451912999998
534,63086328637961,"[""ring8"",""active"",40]",-163.395096008,-12.663501624
535,80180257145509,"[""ring8"",""active"",41]",-168.75733485480001,-23.537046350800001
536,201068241412195,"[""ring8"",""active"",42]",-173.39692888569999,-34.738017184
537,89479408681291,"[""ring8"",""active"",43]",-177.2940106467,-46.2184498469
538,26501276598608,"[""ring8"",""active"",44]",-180.4318922354,-57.9291833642
539,252764545910328,"[""ring8"",""active"",45]",-182.79713676119999,-69.820070577099997
540,237539323347336,"[""ring8"",""active"",46]",-184.3796158838,-81.840192881099995
541,75029977817500,"[""ring8"",""active"",47]",-185.17255318479999,-93.938078267199998
542,224607538536195,"[""ring8"",""active"",48]",-185.17255318479999,-106.0619217328
543,210764997604661,"[""ring8"",""active"",49]",-184.3796158838,-118.15980711890001
544,46772381161956,"[""ring8"",""active"",50]",-182.79713676119999,-130.17992942289999
545,62421198131876,"[""ring8"",""active"",51]",-180.4318922354,-142.07081663580001
546,235643662284623,"[""ring8"",""active"",52]",-177.2940106467,-153.7815501531
547,262819177905100,"[""ring8"",""active"",53]",-173.39692888569999,-165.261982816
548,252552166573107,"[""ring8"",""active"",54]",-168.75733485480001,-176.46295364919999
549,42675663034389,"[""ring8"",""active"",55]",-163.395096008,-187.33649837600001
550,228157238553140,"[""ring8"",""active"",56]",-157.33317427520001,-197.8360548087
551,34098461380809,"[""ring8"",""active"",57]",-150.59752773599999,-207.9166622347
552,60965590524995,"[""ring8"",""active"",58]",-143.2169994628,-217.53515394519999
553,244959290494479,"[""ring8"",""active"",59]",-135.22319401089999,-226.6503420823
554,60173186848283,"[""ring8"",""active"",60]",-126.6503420823,-235.22319401089999
555,253936474644625,"[""ring8"",""active"",61]",-117.53515394519999,-243.2169994628
556,116280888669318,"[""ring8"",""active"",62]",-107.9166622347,-250.59752773599999
557,114106914944888,"[""ring8"",""active"",63]",-97.836054808699998,-257.33317427520001
558,40740589002729,"[""ring8"",""active"",64]",-87.336498375999994,-263.395096008
559,51205540404889,"[""ring8"",""active"",65]",-76.462953649200003,-268.75733485479998
560,19872357901552,"[""ring8"",""active"",66]",-65.261982816,-273.39692888569999
561,189715827529505,"[""ring8"",""active"",67]",-53.7815501531,-277.29401064669997
562,63005344182816,"[""ring8"",""active"",68]",-42.0708166358,-280.43189223540003
563,128083550342654,"[""ring8"",""active"",69]",-30.179929422899999,-282.79713676120002
564,138766779980065,"[""ring8"",""active"",70]",-18.159807118900002,-284.3796158838
565,187394656298656,"[""ring8"",""active"",71]",-6.0619217328000001,-285.17255318479999
566,201676767879538,"[""ring8"",""active"",72]",6.0619217328000001,-285.17255318479999
567,74078940039340,"[""ring8"",""active"",73]",18.159807118900002,-284.3796158838
568,12482717360514,"[""ring8"",""active"",74]",30.179929422899999,-282.79713676120002
569,12895439530384,"[""ring8"",""active"",75]",42.0708166358,-280.43189223540003
570,81516970422050,"[""ring8"",""active"",76]",53.7815501531,-277.29401064669997
571,119517088957190,"[""ring8"",""active"",77]",65.261982816,-273.39692888569999
572,99429861058485,"[""ring8"",""active"",78]",76.462953649200003,-268.75733485479998
573,232376188121005,"[""ring8"",""active"",79]",87.336498375999994,-263.395096008
574,241242393035060,"[""ring8"",""active"",80]",97.836054808699998,-257.33317427520001
575,19805932009010,"[""ring8"",""active"",81]",107.9166622347,-250.59752773599999
576,233273024537107,"[""ring8"",""active"",82]",117.53515394519999,-243.2169994628
577,48147940526515,"[""ring8"",""active"",83]",126.6503420823,-235.22319401089999
578,2159862752157,"[""ring8"",""active"",84]",135.22319401089999,-226.6503420823
579,159032990764413,"[""ring8"",""active"",85]",143.2169994628,-217.53515394519999
580,249691745359107,"[""ring8"",""active"",86]",150.59752773599999,-207.9166622347
581,167953906478754,"[""ring8"",""active"",87]",157.33317427520001,-197.8360548087
582,91552215359534,"[""ring8"",""active"",88]",163.395096008,-187.33649837600001
583,106578588540520,"[""ring8"",""active"",89]",168.75733485480001,-176.46295364919999
584,185343818846557,"[""ring8"",""active"",90]",173.39692888569999,-165.261982816
585,35243663952562,"[""ring8"",""active"",91]",177.2940106467,-153.7815501531
586,36757029982399,"[""ring8"",""active"",92]",180.4318922354,-142.07081663580001
587,28047153191437,"[""ring8"",""active"",93]",182.79713676119999,-130.17992942289999
588,135667696979217,"[""ring8"",""active"",94]",184.3796158838,-118.15980711890001
589,99812412252405,"[""ring8"",""active"",95]",185.17255318479999,-106.0619217328
590,125797870279228,"[""ring9"",""active"",0]",197.28838560849999,-93.921609752099997
591,194797963855147,"[""ring9"",""active"",1]",196.54000318550001,-81.787886672400006
592,89571561756875,"[""ring9"",""active"",2]",195.04607721030001,-69.723248376699999
593,168223872581822,"[""ring9"",""active"",3]",192.812274656,-57.773460170500002
594,270332021443703,"[""ring9"",""active"",4]",189.8470691007,-45.983851693600002
595,3423682913562,"[""ring9"",""active"",5]",186.16170858480001,-34.3991449691
596,250743824423220,"[""ring9"",""active"",6]",181.77017294300001,-23.0632847577
597,123984057099878,"[""ring9"",""active"",7]",176.68912077420001,-12.0192718601
598,109131239212470,"[""ring9"",""active"",8]",170.9378262498,-1.3089999999999999
599,60007292473724,"[""ring9"",""active"",9]",164.53810599970001,9.0269030928999996
600,183922960676722,"[""ring9"",""active"",10]",157.51423635500001,18.949229797800001
601,244026363009533,"[""ring9"",""active"",11]",149.89286125909999,28.420341330900001
602,134526403365745,"[""ring9"",""active"",12]",141.70289119829999,37.404310522099998
603,271629929750622,"[""ring9"",""active"",13]",132.97539353420001,45.867058098800001
604,91866714086023,"[""ring9"",""active"",14]",123.743474655,53.776481961000002
605,252673504642266,"[""ring9"",""active"",15]",114.042154391,61.1025789547
606,182925999859411,"[""ring9"",""active"",16]",103.9082331731,67.817558684600002
607,74309374254258,"[""ring9"",""active"",17]",93.380152435400007,73.895948932500005
608,230210593372475,"[""ring9"",""active"",18]",82.497848794399999,79.314692282300001
609,13443920988055,"[""ring9"",""active"",19]",71.3026025554,84.053233584300003
610,208622677056872,"[""ring9"",""active"",20]",59.836881121799998,88.093597928299999
611,39592251780274,"[""ring9"",""active"",21]",48.144177902400003,91.420458828500003
612,12335931589554,"[""ring9"",""active"",22]",36.268847325700001,94.021196361799994
613,37921723584664,"[""ring9"",""active"",23]",24.255936588000001,95.885945040099998
614,46532540838939,"[""ring9"",""active"",24]",12.1510147745,97.007631232799994
615,221836744379569,"[""ring9"",""active"",25]",0,97.382000000000005
616,163801405267883,"[""ring9"",""active"",26]",-12.1510147745,97.007631232799994
617,238982923778748,"[""ring9"",""active"",27]",-24.255936588000001,95.885945040099998
618,205745359222780,"[""ring9"",""active"",28]",-36.268847325700001,94.021196361799994
619,162046055810862,"[""ring9"",""active"",29]",-48.144177902400003,91.420458828500003
620,16135229903257,"[""ring9"",""active"",30]",-59.836881121799998,88.093597928299999
621,219961057606929,"[""ring9"",""active"",31]",-71.3026025554,84.053233584300003
622,38238546939468,"[""ring9"",""active"",32]",-82.497848794399999,79.314692282300001
623,275681201462891,"[""ring9"",""active"",33]",-93.380152435400007,73.895948932500005
624,211355088550619,"[""ring9"",""active"",34]",-103.9082331731,67.817558684600002
625,221360357038448,"[""ring9"",""active"",35]",-114.042154391,61.1025789547
626,223009927988812,"[""ring9"",""active"",36]",-123.743474655,53.776481961000002
627,210617608994225,"[""ring9"",""active"",37]",-132.97539353420001,45.867058098800001
628,15081599663134,"[""ring9"",""active"",38]",-141.70289119829999,37.404310522099998
629,46320946312222,"[""ring9"",""active"",39]",-149.89286125909999,28.420341330900001
630,225269520396524,"[""ring9"",""active"",40]",-157.51423635500001,18.949229797800001
631,173457709519417,"[""ring9"",""active"",41]",-164.53810599970001,9.0269030928999996
632,154323244090370,"[""ring9"",""active"",42]",-170.9378262498,-1.3089999999999999
633,179984352001694,"[""ring9"",""active"",43]",-176.68912077420001,-12.0192718601
634,103164462862684,"[""ring9"",""active"",44]",-181.77017294300001,-23.0632847577
635,213722942061737,"[""ring9"",""active"",45]",-186.16170858480001,-34.3991449691
636,277505777930000,"[""ring9"",""active"",46]",-189.8470691007,-45.983851693600002
637,270924983377453,"[""ring9"",""active"",47]",-192.812274656,-57.773460170500002
638,181821888419372,"[""ring9"",""active"",48]",-195.04607721030001,-69.723248376699999
639,156532336352418,"[""ring9"",""active"",49]",-196.54000318550001,-81.787886672400006
640,227955277581842,"[""ring9"",""active"",50]",-197.28838560849999,-93.921609752099997
641,11340136088227,"[""ring9"",""active"",51]",-197.28838560849999,-106.0783902479
642,57652450693941,"[""ring9"",""active"",52]",-196.54000318550001,-118.21211332759999
643,123785471648349,"[""ring9"",""active"",53]",-195.04607721030001,-130.27675162329999
644,75091553331911,"[""ring9"",""active"",54]",-192.812274656,-142.22653982950001
645,272340083496617,"[""ring9"",""active"",55]",-189.8470691007,-154.0161483064
646,209873485150225,"[""ring9"",""active"",56]",-186.16170858480001,-165.60085503089999
647,60973697421276,"[""ring9"",""active"",57]",-181.77017294300001,-176.93671524230001
648,91243862051056,"[""ring9"",""active"",58]",-176.68912077420001,-187.98072813990001
649,107611000919233,"[""ring9"",""active"",59]",-170.9378262498,-198.691
650,86254612139789,"[""ring9"",""active"",60]",-164.53810599970001,-209.0269030929
651,270522535005507,"[""ring9"",""active"",61]",-157.51423635500001,-218.9492297978
652,74320493226543,"[""ring9"",""active"",62]",-149.89286125909999,-228.42034133089999
653,196184725122870,"[""ring9"",""active"",63]",-141.70289119829999,-237.40431052209999
654,11587045354879,"[""ring9"",""active"",64]",-132.97539353420001,-245.86705809879999
655,203586314635190,"[""ring9"",""active"",65]",-123.743474655,-253.776481961
656,227591073418422,"[""ring9"",""active"",66]",-114.042154391,-261.10257895469999
657,157083688824109,"[""ring9"",""active"",67]",-103.9082331731,-267.81755868459999
658,185510044971820,"[""ring9"",""active"",68]",-93.380152435400007,-273.8959489325
659,18749223168059,"[""ring9"",""active"",69]",-82.497848794399999,-279.31469228229997
660,192505269951683,"[""ring9"",""active"",70]",-71.3026025554,-284.05323358430002
661,149755163902934,"[""ring9"",""active"",71]",-59.836881121799998,-288.09359792830003
662,268581028682212,"[""ring9"",""active"",72]",-48.144177902400003,-291.42045882849999
663,187245590747074,"[""ring9"",""active"",73]",-36.268847325700001,-294.02119636179998
664,99094017082654,"[""ring9"",""active"",74]",-24.255936588000001,-295.88594504010001
665,241208998722174,"[""ring9"",""active"",75]",-12.1510147745,-297.00763123280001
666,132733550750949,"[""ring9"",""active"",76]",-0,-297.38200000000001
667,147102363113430,"[""ring9"",""active"",77]",12.1510147745,-297.00763123280001
668,248640178524843,"[""ring9"",""active"",78]",24.255936588000001,-295.88594504010001
669,151007083847908,"[""ring9"",""active"",79]",36.268847325700001,-294.02119636179998
670,182641311822839,"[""ring9"",""active"",80]",48.144177902400003,-291.42045882849999
671,89551781189199,"[""ring9"",""active"",81]",59.836881121799998,-288.09359792830003
672,42228713324520,"[""ring9"",""active"",82]",71.3026025554,-284.05323358430002
673,259212033993984,"[""ring9"",""active"",83]",82.497848794399999,-279.31469228229997
674,81821775887024,"[""ring9"",""active"",84]",93.380152435400007,-273.8959489325
675,223961144654042,"[""ring9"",""active"",85]",103.9082331731,-267.81755868459999
676,29854241787711,"[""ring9"",""active"",86]",114.042154391,-261.10257895469999
677,102537577230001,"[""ring9"",""active"",87]",123.743474655,-253.776481961
678,276435026690437,"[""ring9"",""active"",88]",132.97539353420001,-245.86705809879999
679,156943680986413,"[""ring9"",""active"",89]",141.70289119829999,-237.40431052209999
680,203154318715974,"[""ring9"",""active"",90]",149.89286125909999,-228.42034133089999
681,145621433959359,"[""ring9"",""active"",91]",157.51423635500001,-218.9492297978
682,5914374245098,"[""ring9"",""active"",92]",164.53810599970001,-209.0269030929
683,201446661129401,"[""ring9"",""active"",93]",170.9378262498,-198.691
684,201054203457862,"[""ring9"",""active"",94]",176.68912077420001,-187.98072813990001
685,250695471417951,"[""ring9"",""active"",95]",181.77017294300001,-176.93671524230001
686,173283086101942,"[""ring9"",""active"",96]",186.16170858480001,-165.60085503089999
687,55538106196645,"[""ring9"",""active"",97]",189.8470691007,-154.0161483064
688,113832786604775,"[""ring9"",""active"",98]",192.812274656,-142.22653982950001
689,263697009540772,"[""ring9"",""active"",99]",195.04607721030001,-130.27675162329999
690,216671854054060,"[""ring9"",""active"",100]",196.54000318550001,-118.21211332759999
691,210970723892081,"[""ring9"",""active"",101]",197.28838560849999,-106.0783902479
692,172474163115530,"[""ring10"",""active"",0]",209.40362432090001,-93.906976829900003
693,199925557887058,"[""ring10"",""active"",1]",208.69506874129999,-81.741547351400001
694,279228618000839,"[""ring10"",""active"",2]",207.28035510999999,-69.637898696999997
695,42309364814537,"[""ring10"",""active"",3]",205.16427037010001,-57.6369857826
696,269370549870250,"[""ring10"",""active"",4]",202.35397468240001,-45.7794158986
697,177128027911657,"[""ring10"",""active"",5]",198.85897719810001,-34.105311308099999
698,140196495955528,"[""ring10"",""active"",6]",194.6911038822,-22.654173485600001
699,77902284120045,"[""ring10"",""active"",7]",189.86445749879999,-11.4647494569
700,274383146580543,"[""ring10"",""active"",8]",184.3953698915,-0.57490069070000005
701,233739275243107,"[""ring10"",""active"",9]",178.30234672130001,9.9785250116000004
702,173313357515596,"[""ring10"",""active"",10]",171.60600485020001,20.1598181982
703,49304209612529,"[""ring10"",""active"",11]",164.32900257919999,29.9345285956
704,265830952138703,"[""ring10"",""active"",12]",156.4959629807,39.269581678199998
705,183373277524924,"[""ring10"",""active"",13]",148.13339058099999,48.133390581
706,5637792400540,"[""ring10"",""active"",14]",139.26958167820001,56.4959629807
707,269084107532656,"[""ring10"",""active"",15]",129.9345285956,64.329002579199994
708,277164273177310,"[""ring10"",""active"",16]",120.1598181982,71.606004850199994
709,159639930345126,"[""ring10"",""active"",17]",109.9785250116,78.302346721299998
710,25205170815886,"[""ring10"",""active"",18]",99.425099309299995,84.395369891499996
711,51186292520246,"[""ring10"",""active"",19]",88.535250543100005,89.864457498799993
712,55975604336411,"[""ring10"",""active"",20]",77.345826514400002,94.691103882199997
713,44345853330234,"[""ring10"",""active"",21]",65.894688691900001,98.858977198100007
714,142948145984137,"[""ring10"",""active"",22]",54.2205841014,102.35397468239999
715,38917648349763,"[""ring10"",""active"",23]",42.3630142174,105.1642703701
716,167132142782736,"[""ring10"",""active"",24]",30.362101302999999,107.28035511
717,172575138973074,"[""ring10"",""active"",25]",18.258452648599999,108.69506874130001
718,206709984788430,"[""ring10"",""active"",26]",6.0930231701000004,109.40362432089999
719,23020641473524,"[""ring10"",""active"",27]",-6.0930231701000004,109.40362432089999
720,34433825127062,"[""ring10"",""active"",28]",-18.258452648599999,108.69506874130001
721,110094276154620,"[""ring10"",""active"",29]",-30.362101302999999,107.28035511
722,227745589159590,"[""ring10"",""active"",30]",-42.3630142174,105.1642703701
723,11255515374092,"[""ring10"",""active"",31]",-54.2205841014,102.35397468239999
724,270450823204176,"[""ring10"",""active"",32]",-65.894688691900001,98.858977198100007
725,239794502843318,"[""ring10"",""active"",33]",-77.345826514400002,94.691103882199997
726,123345788251926,"[""ring10"",""active"",34]",-88.535250543100005,89.864457498799993
727,86620170567299,"[""ring10"",""active"",35]",-99.425099309299995,84.395369891499996
728,278948417656352,"[""ring10"",""active"",36]",-109.9785250116,78.302346721299998
729,153329039887504,"[""ring10"",""active"",37]",-120.1598181982,71.606004850199994
730,244852078210318,"[""ring10"",""active"",38]",-129.9345285956,64.329002579199994
731,236665206409186,"[""ring10"",""active"",39]",-139.26958167820001,56.4959629807
732,238818893321525,"[""ring10"",""active"",40]",-148.13339058099999,48.133390581
733,233169623684519,"[""ring10"",""active"",41]",-156.4959629807,39.269581678199998
734,266925950329579,"[""ring10"",""active"",42]",-164.32900257919999,29.9345285956
735,223340820183600,"[""ring10"",""active"",43]",-171.60600485020001,20.1598181982
736,147184792139813,"[""ring10"",""active"",44]",-178.30234672130001,9.9785250116000004
737,249082231839352,"[""ring10"",""active"",45]",-184.3953698915,-0.57490069070000005
738,142449631629575,"[""ring10"",""active"",46]",-189.86445749879999,-11.4647494569
739,55790143994605,"[""ring10"",""active"",47]",-194.6911038822,-22.654173485600001
740,58116577585164,"[""ring10"",""active"",48]",-198.85897719810001,-34.105311308099999
741,203524580081841,"[""ring10"",""active"",49]",-202.35397468240001,-45.7794158986
742,121511660269856,"[""ring10"",""active"",50]",-205.16427037010001,-57.6369857826
743,137924173292362,"[""ring10"",""active"",51]",-207.28035510999999,-69.637898696999997
744,127642190415742,"[""ring10"",""active"",52]",-208.69506874129999,-81.741547351400001
745,263568781339220,"[""ring10"",""active"",53]",-209.40362432090001,-93.906976829900003
746,132280700110107,"[""ring10"",""active"",54]",-209.40362432090001,-106.0930231701
747,155529656779273,"[""ring10"",""active"",55]",-208.69506874129999,-118.2584526486
748,255689862235959,"[""ring10"",""active"",56]",-207.28035510999999,-130.362101303
749,194032139333679,"[""ring10"",""active"",57]",-205.16427037010001,-142.36301421740001
750,63692208333685,"[""ring10"",""active"",58]",-202.35397468240001,-154.22058410139999
751,227404135121849,"[""ring10"",""active"",59]",-198.85897719810001,-165.8946886919
752,249406166904954,"[""ring10"",""active"",60]",-194.6911038822,-177.34582651439999
753,85426733846450,"[""ring10"",""active"",61]",-189.86445749879999,-188.53525054310001
754,11883891431356,"[""ring10"",""active"",62]",-184.3953698915,-199.42509930930001
755,14450273945529,"[""ring10"",""active"",63]",-178.30234672130001,-209.9785250116
756,257643605249143,"[""ring10"",""active"",64]",-171.60600485020001,-220.15981819820001
757,95578123324507,"[""ring10"",""active"",65]",-164.32900257919999,-229.9345285956
758,223318424710327,"[""ring10"",""active"",66]",-156.4959629807,-239.26958167820001
759,157274789700213,"[""ring10"",""active"",67]",-148.13339058099999,-248.13339058099999
760,238033804364506,"[""ring10"",""active"",68]",-139.26958167820001,-256.49596298070003
761,211626795745911,"[""ring10"",""active"",69]",-129.9345285956,-264.32900257919999
762,94246836274515,"[""ring10"",""active"",70]",-120.1598181982,-271.60600485020001
763,279877602851949,"[""ring10"",""active"",71]",-109.9785250116,-278.30234672130001
764,279986596671727,"[""ring10"",""active"",72]",-99.425099309299995,-284.39536989150002
765,170392112000190,"[""ring10"",""active"",73]",-88.535250543100005,-289.86445749879999
766,177354929160852,"[""ring10"",""active"",74]",-77.345826514400002,-294.69110388220003
767,138858386300720,"[""ring10"",""active"",75]",-65.894688691900001,-298.85897719809998
768,67114489787986,"[""ring10"",""active"",76]",-54.2205841014,-302.35397468240001
769,90377669861419,"[""ring10"",""active"",77]",-42.3630142174,-305.16427037009998
770,264504839112860,"[""ring10"",""active"",78]",-30.362101302999999,-307.28035511000002
771,34889752875108,"[""ring10"",""active"",79]",-18.258452648599999,-308.69506874130002
772,25443323091142,"[""ring10"",""active"",80]",-6.0930231701000004,-309.40362432090001
773,18903049302519,"[""ring10"",""active"",81]",6.0930231701000004,-309.40362432090001
774,191207807449243,"[""ring10"",""active"",82]",18.258452648599999,-308.69506874130002
775,207907828713153,"[""ring10"",""active"",83]",30.362101302999999,-307.28035511000002
776,226224473190248,"[""ring10"",""active"",84]",42.3630142174,-305.16427037009998
777,60883834291409,"[""ring10"",""active"",85]",54.2205841014,-302.35397468240001
778,233430294875271,"[""ring10"",""active"",86]",65.894688691900001,-298.85897719809998
779,279322100995832,"[""ring10"",""active"",87]",77.345826514400002,-294.69110388220003
780,272633075433432,"[""ring10"",""active"",88]",88.535250543100005,-289.86445749879999
781,6454662654908,"[""ring10"",""active"",89]",99.425099309299995,-284.39536989150002
782,52996592054251,"[""ring10"",""active"",90]",109.9785250116,-278.30234672130001
783,272114709703238,"[""ring10"",""active"",91]",120.1598181982,-271.60600485020001
784,229685360108091,"[""ring10"",""active"",92]",129.9345285956,-264.32900257919999
785,130139810655057,"[""ring10"",""active"",93]",139.26958167820001,-256.49596298070003
786,254315922779276,"[""ring10"",""active"",94]",148.13339058099999,-248.13339058099999
787,259683155172694,"[""ring10"",""active"",95]",156.4959629807,-239.26958167820001
788,194933884746118,"[""ring10"",""active"",96]",164.32900257919999,-229.9345285956
789,251885263781592,"[""ring10"",""active"",97]",171.60600485020001,-220.15981819820001
790,254981362410777,"[""ring10"",""active"",98]",178.30234672130001,-209.9785250116
791,70650623938862,"[""ring10"",""active"",99]",184.3953698915,-199.42509930930001
792,111597398850170,"[""ring10"",""active"",100]",189.86445749879999,-188.53525054310001
793,33206401265888,"[""ring10"",""active"",101]",194.6911038822,-177.34582651439999
794,124499559175476,"[""ring10"",""active"",102]",198.85897719810001,-165.8946886919
795,211767509360928,"[""ring10"",""active"",103]",202.35397468240001,-154.22058410139999
796,109634888417978,"[""ring10"",""active"",104]",205.16427037010001,-142.36301421740001
797,213490727952,"[""ring10"",""active"",105]",207.28035510999999,-130.362101303
798,3697169544841,"[""ring10"",""active"",106]",208.69506874129999,-118.2584526486
799,231073600622923,"[""ring10"",""active"",107]",209.40362432090001,-106.0930231701
800,232479309947301,"[""ring11"",""active"",0]",221.51835908749999,-93.893888845399999
801,50860905246844,"[""ring11"",""active"",1]",220.8456151115,-81.700210595000001
802,143329153940912,"[""ring11"",""active"",2]",219.50217026089999,-69.562108203500003
803,3919468611562,"[""ring11"",""active"",3]",217.4921045335,-57.516444689099998
804,230294396515493,"[""ring11"",""active"",4]",214.82152243280001,-45.599802335900002
805,149700328576904,"[""ring11"",""active"",5]",211.49853442899999,-33.848371595000003
806,664180320899,"[""ring11"",""active"",6]",207.53323232739999,-22.297841175399999
807,115375702687656,"[""ring11"",""active"",7]",202.9376586201,-10.9832896583
808,215832399220657,"[""ring11"",""active"",8]",197.7257699134,0.0609210351
809,22825761017195,"[""ring11"",""active"",9]",191.91339454210001,10.80125
810,210615559996919,"[""ring11"",""active"",10]",185.5181844992,21.205079210299999
811,31872758005241,"[""ring11"",""active"",11]",178.55956182720001,31.240812578700002
812,221025727242852,"[""ring11"",""active"",12]",171.05865963470001,40.877971912699998
813,225771381567190,"[""ring11"",""active"",13]",163.03825791489999,50.087289476199999
814,9006412514781,"[""ring11"",""active"",14]",154.5227143644,58.840796874399999
815,148011200851181,"[""ring11"",""active"",15]",145.537890409,67.111909993099999
816,135996081291481,"[""ring11"",""active"",16]",136.1110726638,74.875509733499996
817,271030481597108,"[""ring11"",""active"",17]",126.27089006440001,82.108018298499999
818,81300645859808,"[""ring11"",""active"",18]",116.04722692199999,88.787470797099999
819,104310201120189,"[""ring11"",""active"",19]",105.47113216549999,94.8935819517
820,203883247483410,"[""ring11"",""active"",20]",94.574725047100003,100.4078077035
821,14709532842178,"[""ring11"",""active"",21]",83.3910975971,105.31340152999999
822,52305640921682,"[""ring11"",""active"",22]",71.954214124399996,109.595465304
823,56159762189962,"[""ring11"",""active"",23]",60.2988080684,113.2409945385
824,32249758069300,"[""ring11"",""active"",24]",48.460276514100002,116.2389178812
825,244462011710435,"[""ring11"",""active"",25]",36.474572692700001,118.5801307373
826,75668972759819,"[""ring11"",""active"",26]",24.378096792800001,120.25752292040001
827,100936505335710,"[""ring11"",""active"",27]",12.2075854143,121.26600024539999
828,66324793799683,"[""ring11"",""active"",28]",0,121.60250000000001
829,191337993838044,"[""ring11"",""active"",29]",-12.2075854143,121.26600024539999
830,1073285995238,"[""ring11"",""active"",30]",-24.378096792800001,120.25752292040001
831,240691178521803,"[""ring11"",""active"",31]",-36.474572692700001,118.5801307373
832,192207009879479,"[""ring11"",""active"",32]",-48.460276514100002,116.2389178812
833,103074661770529,"[""ring11"",""active"",33]",-60.2988080684,113.2409945385
834,14045776964446,"[""ring11"",""active"",34]",-71.954214124399996,109.595465304
835,70529921752921,"[""ring11"",""active"",35]",-83.3910975971,105.31340152999999
836,9662780048332,"[""ring11"",""active"",36]",-94.574725047100003,100.4078077035
837,103980759562146,"[""ring11"",""active"",37]",-105.47113216549999,94.8935819517
838,280440000870112,"[""ring11"",""active"",38]",-116.04722692199999,88.787470797099999
839,132900369217242,"[""ring11"",""active"",39]",-126.27089006440001,82.108018298499999
840,87791505369010,"[""ring11"",""active"",40]",-136.1110726638,74.875509733499996
841,128219859946054,"[""ring11"",""active"",41]",-145.537890409,67.111909993099999
842,138724918645793,"[""ring11"",""active"",42]",-154.5227143644,58.840796874399999
843,190207085053315,"[""ring11"",""active"",43]",-163.03825791489999,50.087289476199999
844,14715469083712,"[""ring11"",""active"",44]",-171.05865963470001,40.877971912699998
845,209780806195365,"[""ring11"",""active"",45]",-178.55956182720001,31.240812578700002
846,85778706310978,"[""ring11"",""active"",46]",-185.5181844992,21.205079210299999
847,94854430522564,"[""ring11"",""active"",47]",-191.91339454210001,10.80125
848,8568384943035,"[""ring11"",""active"",48]",-197.7257699134,0.0609210351
849,167724292612319,"[""ring11"",""active"",49]",-202.9376586201,-10.9832896583
850,183752988734648,"[""ring11"",""active"",50]",-207.53323232739999,-22.297841175399999
851,219427054293820,"[""ring11"",""active"",51]",-211.49853442899999,-33.848371595000003
852,229158023095686,"[""ring11"",""active"",52]",-214.82152243280001,-45.599802335900002
853,273403135210151,"[""ring11"",""active"",53]",-217.4921045335,-57.516444689099998
854,250221646710141,"[""ring11"",""active"",54]",-219.50217026089999,-69.562108203500003
855,79821941779339,"[""ring11"",""active"",55]",-220.8456151115,-81.700210595000001
856,184232025959448,"[""ring11"",""active"",56]",-221.51835908749999,-93.893888845399999
857,14493196065562,"[""ring11"",""active"",57]",-221.51835908749999,-106.1061111546
858,281234359718790,"[""ring11"",""active"",58]",-220.8456151115,-118.299789405
859,154672153942259,"[""ring11"",""active"",59]",-219.50217026089999,-130.4378917965
860,192757230556453,"[""ring11"",""active"",60]",-217.4921045335,-142.48355531089999
861,212199831827710,"[""ring11"",""active"",61]",-214.82152243280001,-154.40019766410001
862,60603431078269,"[""ring11"",""active"",62]",-211.49853442899999,-166.151628405
863,126538151549551,"[""ring11"",""active"",63]",-207.53323232739999,-177.70215882459999
864,146495590976733,"[""ring11"",""active"",64]",-202.9376586201,-189.01671034169999
865,50984545312830,"[""ring11"",""active"",65]",-197.7257699134,-200.06092103509999
866,114948843564819,"[""ring11"",""active"",66]",-191.91339454210001,-210.80125000000001
867,97039671693358,"[""ring11"",""active"",67]",-185.5181844992,-221.2050792103
868,205412286443043,"[""ring11"",""active"",68]",-178.55956182720001,-231.2408125787
869,177994386183626,"[""ring11"",""active"",69]",-171.05865963470001,-240.87797191269999
870,116775653627168,"[""ring11"",""active"",70]",-163.03825791489999,-250.0872894762
871,242577475189343,"[""ring11"",""active"",71]",-154.5227143644,-258.84079687439998
872,141227925571676,"[""ring11"",""active"",72]",-145.537890409,-267.11190999310003
873,224474531022220,"[""ring11"",""active"",73]",-136.1110726638,-274.8755097335
874,221649901822275,"[""ring11"",""active"",74]",-126.27089006440001,-282.10801829849999
875,21635422337719,"[""ring11"",""active"",75]",-116.04722692199999,-288.78747079710001
876,265241412869527,"[""ring11"",""active"",76]",-105.47113216549999,-294.89358195170001
877,202357802237107,"[""ring11"",""active"",77]",-94.574725047100003,-300.4078077035
878,174430358125708,"[""ring11"",""active"",78]",-83.3910975971,-305.31340153000002
879,85469451193117,"[""ring11"",""active"",79]",-71.954214124399996,-309.59546530400002
880,160923453275381,"[""ring11"",""active"",80]",-60.2988080684,-313.24099453849999
881,203036847881288,"[""ring11"",""active"",81]",-48.460276514100002,-316.2389178812
882,61049107394931,"[""ring11"",""active"",82]",-36.474572692700001,-318.58013073730001
883,175072175491814,"[""ring11"",""active"",83]",-24.378096792800001,-320.25752292039999
884,189770622283281,"[""ring11"",""active"",84]",-12.2075854143,-321.26600024539999
885,250801272459662,"[""ring11"",""active"",85]",-0,-321.60250000000002
886,189062369803687,"[""ring11"",""active"",86]",12.2075854143,-321.26600024539999
887,109864598712152,"[""ring11"",""active"",87]",24.378096792800001,-320.25752292039999
888,260021851945382,"[""ring11"",""active"",88]",36.474572692700001,-318.58013073730001
889,254776523053778,"[""ring11"",""active"",89]",48.460276514100002,-316.2389178812
890,3827488127292,"[""ring11"",""active"",90]",60.2988080684,-313.24099453849999
891,50039479609044,"[""ring11"",""active"",91]",71.954214124399996,-309.59546530400002
892,206304457823327,"[""ring11"",""active"",92]",83.3910975971,-305.31340153000002
893,241522368853595,"[""ring11"",""active"",93]",94.574725047100003,-300.4078077035
894,272460952974965,"[""ring11"",""active"",94]",105.47113216549999,-294.89358195170001
895,71188371819745,"[""ring11"",""active"",95]",116.04722692199999,-288.78747079710001
896,178633431209095,"[""ring11"",""active"",96]",126.27089006440001,-282.10801829849999
897,37158976091471,"[""ring11"",""active"",97]",136.1110726638,-274.8755097335
898,15717292378236,"[""ring11"",""active"",98]",145.537890409,-267.11190999310003
899,275154700834855,"[""ring11"",""active"",99]",154.5227143644,-258.84079687439998
900,191439786176492,"[""ring11"",""active"",100]",163.03825791489999,-250.0872894762
901,58724142858365,"[""ring11"",""active"",101]",171.05865963470001,-240.87797191269999
902,99354851501123,"[""ring11"",""active"",102]",178.55956182720001,-231.2408125787
903,208909764743883,"[""ring11"",""active"",103]",185.5181844992,-221.2050792103
904,181970186264977,"[""ring11"",""active"",104]",191.91339454210001,-210.80125000000001
905,131657036157416,"[""ring11"",""active"",105]",197.7257699134,-200.06092103509999
906,131889163410686,"[""ring11"",""active"",106]",202.9376586201,-189.01671034169999
907,174703455648911,"[""ring11"",""active"",107]",207.53323232739999,-177.70215882459999
908,122741607093549,"[""ring11"",""active"",108]",211.49853442899999,-166.151628405
909,187924930219905,"[""ring11"",""active"",109]",214.82152243280001,-154.40019766410001
910,146353207637316,"[""ring11"",""active"",110]",217.4921045335,-142.48355531089999
911,249331279351647,"[""ring11"",""active"",111]",219.50217026089999,-130.4378917965
912,78849532106688,"[""ring11"",""active"",112]",220.8456151115,-118.299789405
913,267361507237740,"[""ring11"",""active"",113]",221.51835908749999,-106.1061111546
914,269190325658942,"[""ring12"",""active"",0]",233.63398069420001,-93.932663061400007
915,221256282841499,"[""ring12"",""active"",1]",233.00414478819999,-81.814345651799997
916,15095316137380,"[""ring12"",""active"",2]",231.7461709024,-69.745053551200002
917,21284940582560,"[""ring12"",""active"",3]",229.86345031210001,-57.757323437300002
918,104244924606252,"[""ring12"",""active"",4]",227.36105849899999,-45.883472110900001
919,43693989809466,"[""ring12"",""active"",5]",224.24574146910001,-34.155509376099999
920,241596496230020,"[""ring12"",""active"",6]",220.52589756629999,-22.605051746800001
921,181193497203570,"[""ring12"",""active"",7]",216.21155483219999,-11.2632372147
922,67595663728408,"[""ring12"",""active"",8]",211.3143439719,-0.16064130669999999
923,144704543391314,"[""ring12"",""active"",9]",205.8474670002,10.6728053416
924,25630916321626,"[""ring12"",""active"",10]",199.8256616507,21.2078976735
925,198287664105918,"[""ring12"",""active"",11]",193.2651616462,31.416234942399999
926,98297547837049,"[""ring12"",""active"",12]",186.18365293470001,41.270297276100003
927,167442685379849,"[""ring12"",""active"",13]",178.60022601169999,50.743519864500001
928,43722190179802,"[""ring12"",""active"",14]",170.5353244554,59.810364574499999
929,149792332955911,"[""ring12"",""active"",15]",162.01068981469999,68.446388795700003
930,271968116210543,"[""ring12"",""active"",16]",153.04930299739999,76.628311333699997
931,18830141797848,"[""ring12"",""active"",17]",143.6753223179,84.334075171699993
932,155746111806125,"[""ring12"",""active"",18]",133.91401837090001,91.542906932899996
933,260616336067978,"[""ring12"",""active"",19]",123.79170590610001,98.235372881399996
934,91602902997760,"[""ring12"",""active"",20]",113.33567288819999,104.39343131210001
935,224297049614986,"[""ring12"",""active"",21]",102.57410693369999,110.0004811883
936,196350846926909,"[""ring12"",""active"",22]",91.536019321799998,115.04140689480001
937,49739719040863,"[""ring12"",""active"",23]",80.251166785199999,119.50261898710001
938,216886670514881,"[""ring12"",""active"",24]",68.749971291099996,123.37209082610001
939,88316470805252,"[""ring12"",""active"",25]",57.0634380292,126.639391
940,198631377282869,"[""ring12"",""active"",26]",45.2230718271,129.29571144499999
941,134918750124482,"[""ring12"",""active"",27]",33.260792218699997,131.33389119099999
942,136285100735002,"[""ring12"",""active"",28]",21.208847394799999,132.74843566550001
943,188667730959992,"[""ring12"",""active"",29]",9.0997272681000005,133.53553150690001
944,106995176848617,"[""ring12"",""active"",30]",-3.0339241145,133.6930568439
945,231353215825364,"[""ring12"",""active"",31]",-15.159396574100001,133.220587016
946,58669025125971,"[""ring12"",""active"",32]",-27.244001980699998,132.11939571830001
947,275876603261418,"[""ring12"",""active"",33]",-39.255162374599998,130.39245156800001
948,121581170320119,"[""ring12"",""active"",34]",-51.160497790999997,128.0444101011
949,195777189040132,"[""ring12"",""active"",35]",-62.9279135504,125.08160122220001
950,141670809921506,"[""ring12"",""active"",36]",-74.525686780300006,121.5120121404
951,159062754341843,"[""ring12"",""active"",37]",-85.922551934699996,117.34526583660001
952,60045675090491,"[""ring12"",""active"",38]",-97.087785080000003,112.5925951223
953,45078197210876,"[""ring12"",""active"",39]",-107.9912867215,107.2668123574
954,95413172796324,"[""ring12"",""active"",40]",-118.6036629467,101.3822749106
955,240700718671888,"[""ring12"",""active"",41]",-128.89630466540001,94.954846454700004
956,191455264063925,"[""ring12"",""active"",42]",-138.84146473530001,88.0018542002
957,10916194490280,"[""ring12"",""active"",43]",-148.4123327632,80.542042185100001
958,219377941947507,"[""ring12"",""active"",44]",-157.58310738079999,72.595520743600005
959,77593315184034,"[""ring12"",""active"",45]",-166.3290658013,64.183712292799996
960,58681086670728,"[""ring12"",""active"",46]",-174.6266304669,55.329293580799998
961,249342145052635,"[""ring12"",""active"",47]",-182.4534326104,46.056134555299998
962,145178005254912,"[""ring12"",""active"",48]",-189.788372557,36.389234013299998
963,44980537554465,"[""ring12"",""active"",49]",-196.61167660519999,26.354652209800001
964,46456468654295,"[""ring12"",""active"",50]",-202.9049503338,15.9794406031
965,249442802094454,"[""ring12"",""active"",51]",-208.6512281894,5.2915689294000003
966,249608969179111,"[""ring12"",""active"",52]",-213.8350192229,-5.6801501987999998
967,20616595894406,"[""ring12"",""active"",53]",-218.44234885,-16.906138966499999
968,264769390966077,"[""ring12"",""active"",54]",-222.4607965248,-28.356134092800001
969,31999187835031,"[""ring12"",""active"",55]",-225.87952922260001,-39.999268415099998
970,227396253847991,"[""ring12"",""active"",56]",-228.68933064469999,-51.804154101800002
971,165501752665255,"[""ring12"",""active"",57]",-230.88262606309999,-63.738967268099998
972,95266915561523,"[""ring12"",""active"",58]",-232.45350274110001,-75.771533767799994
973,166404974261654,"[""ring12"",""active"",59]",-233.3977258729,-87.869415928899997
974,10201852040239,"[""ring12"",""active"",60]",-233.71275,-100
975,205465049660772,"[""ring12"",""active"",61]",-233.3977258729,-112.1305840711
976,10344509672464,"[""ring12"",""active"",62]",-232.45350274110001,-124.22846623220001
977,230525511777620,"[""ring12"",""active"",63]",-230.88262606309999,-136.2610327319
978,150971642869940,"[""ring12"",""active"",64]",-228.68933064469999,-148.19584589819999
979,27433145668803,"[""ring12"",""active"",65]",-225.87952922260001,-160.0007315849
980,98516881441238,"[""ring12"",""active"",66]",-222.4607965248,-171.6438659072
981,114603262057233,"[""ring12"",""active"",67]",-218.44234885,-183.09386103349999
982,140207872446827,"[""ring12"",""active"",68]",-213.8350192229,-194.31984980120001
983,149562009251788,"[""ring12"",""active"",69]",-208.6512281894,-205.2915689294
984,236784146795693,"[""ring12"",""active"",70]",-202.9049503338,-215.97944060309999
985,234297305485642,"[""ring12"",""active"",71]",-196.61167660519999,-226.35465220980001
986,209156984760191,"[""ring12"",""active"",72]",-189.788372557,-236.38923401330001
987,174946711384915,"[""ring12"",""active"",73]",-182.4534326104,-246.05613455529999
988,118430693722699,"[""ring12"",""active"",74]",-174.6266304669,-255.3292935808
989,128304446077643,"[""ring12"",""active"",75]",-166.3290658013,-264.18371229280001
990,210022615229227,"[""ring12"",""active"",76]",-157.58310738079999,-272.59552074359999
991,154665226185820,"[""ring12"",""active"",77]",-148.4123327632,-280.5420421851
992,233373844302372,"[""ring12"",""active"",78]",-138.84146473530001,-288.0018542002
993,99582618091822,"[""ring12"",""active"",79]",-128.89630466540001,-294.95484645469998
994,243934654619073,"[""ring12"",""active"",80]",-118.6036629467,-301.38227491060002
995,47614242750233,"[""ring12"",""active"",81]",-107.9912867215,-307.2668123574
996,9279963809241,"[""ring12"",""active"",82]",-97.087785080000003,-312.5925951223
997,165811290820437,"[""ring12"",""active"",83]",-85.922551934699996,-317.34526583659999
998,265187751631559,"[""ring12"",""active"",84]",-74.525686780300006,-321.51201214039997
999,40422474913371,"[""ring12"",""active"",85]",-62.9279135504,-325.08160122219999
1000,239487686309002,"[""ring12"",""active"",86]",-51.160497790999997,-328.04441010110003
1001,122666795304571,"[""ring12"",""active"",87]",-39.255162374599998,-330.39245156800001
1002,75864942510999,"[""ring12"",""active"",88]",-27.244001980699998,-332.11939571829998
1003,263579081709917,"[""ring12"",""active"",89]",-15.159396574100001,-333.22058701600002
1004,161024714351662,"[""ring12"",""active"",90]",-3.0339241145,-333.69305684390002
1005,280030850197261,"[""ring12"",""active"",91]",9.0997272681000005,-333.53553150689999
1006,218253714635309,"[""ring12"",""active"",92]",21.208847394799999,-332.74843566549998
1007,217830259050576,"[""ring12"",""active"",93]",33.260792218699997,-331.33389119100002
1008,7694552399685,"[""ring12"",""active"",94]",45.2230718271,-329.29571144499999
1009,228174665817603,"[""ring12"",""active"",95]",57.0634380292,-326.63939099999999
1010,277705832341425,"[""ring12"",""active"",96]",68.749971291099996,-323.37209082610002
1011,97831994198355,"[""ring12"",""active"",97]",80.251166785199999,-319.50261898709999
1012,244131129918854,"[""ring12"",""active"",98]",91.536019321799998,-315.04140689479999
1013,194892250364782,"[""ring12"",""active"",99]",102.57410693369999,-310.0004811883
1014,109180435459956,"[""ring12"",""active"",100]",113.33567288819999,-304.39343131210001
1015,101382382657739,"[""ring12"",""active"",101]",123.79170590610001,-298.2353728814
1016,163383066976963,"[""ring12"",""active"",102]",133.91401837090001,-291.5429069329
1017,170653666858158,"[""ring12"",""active"",103]",143.6753223179,-284.33407517170002
1018,43744543950323,"[""ring12"",""active"",104]",153.04930299739999,-276.62831133370003
1019,276439940473265,"[""ring12"",""active"",105]",162.01068981469999,-268.44638879569999
1020,97667290093723,"[""ring12"",""active"",106]",170.5353244554,-259.8103645745
1021,65697387845285,"[""ring12"",""active"",107]",178.60022601169999,-250.7435198645
1022,151110095186405,"[""ring12"",""active"",108]",186.18365293470001,-241.2702972761
1023,61580402032051,"[""ring12"",""active"",109]",193.2651616462,-231.4162349424
1024,84770271152357,"[""ring12"",""active"",110]",199.8256616507,-221.20789767350001
1025,85122021844772,"[""ring12"",""active"",111]",205.8474670002,-210.6728053416
1026,144173032482230,"[""ring12"",""active"",112]",211.3143439719,-199.8393586933
1027,176244116972311,"[""ring12"",""active"",113]",216.21155483219999,-188.73676278529999
1028,110613808500423,"[""ring12"",""active"",114]",220.52589756629999,-177.3949482532
1029,275429855542782,"[""ring12"",""active"",115]",224.24574146910001,-165.84449062389999
1030,105562974288314,"[""ring12"",""active"",116]",227.36105849899999,-154.11652788910001
1031,139933923699319,"[""ring12"",""active"",117]",229.86345031210001,-142.24267656270001
1032,108402632954107,"[""ring12"",""active"",118]",231.7461709024,-130.25494644880001
1033,260543361718914,"[""ring12"",""active"",119]",233.00414478819999,-118.1856543482
1034,31543669104497,"[""ring12"",""active"",120]",233.63398069420001,-106.06733693859999
1035,213297009641175,"[""ring13"",""active"",0]",245.7477922361,-93.919708882699993
1036,75195992771248,"[""ring13"",""active"",1]",245.14640620820001,-81.774006139500003
1037,77756164280441,"[""ring13"",""active"",2]",243.94510584470001,-69.672905457400006
1038,114138200992416,"[""ring13"",""active"",3]",242.146830929,-57.6460202576
1039,75905514426929,"[""ring13"",""active"",4]",239.75598214120001,-45.7227823435
1040,79593789155106,"[""ring13"",""active"",5]",236.7784102887,-33.932369876300001
1041,224024464921948,"[""ring13"",""active"",6]",233.22140198899999,-22.303635971199999
1042,115358409673717,"[""ring13"",""active"",7]",229.0936618373,-10.8650380884
1043,253947070548006,"[""ring13"",""active"",8]",224.40529110560001,0.35543160600000001
1044,56640937062918,"[""ring13"",""active"",9]",219.16776302260001,11.330314742600001
1045,155964098212232,"[""ring13"",""active"",10]",213.39389469720001,22.032753943199999
1046,90079464318083,"[""ring13"",""active"",11]",207.0978157527,32.436558545700002
1047,171187211124927,"[""ring13"",""active"",12]",200.29493374949999,42.516268696899999
1048,136821204232748,"[""ring13"",""active"",13]",193.00189647959999,52.247217656899998
1049,115971082239510,"[""ring13"",""active"",14]",185.23655122740001,61.605592162999997
1050,72097578443091,"[""ring13"",""active"",15]",177.017901094,70.568490704599995
1051,28413221684397,"[""ring13"",""active"",16]",168.36605849349999,79.113979567100003
1052,278485981031859,"[""ring13"",""active"",17]",159.30219593449999,87.221146507100002
1053,96159390607854,"[""ring13"",""active"",18]",149.8484942076,94.870151928699997
1054,166539769967329,"[""ring13"",""active"",19]",140.02808810499999,102.0422774339
1055,179958761746142,"[""ring13"",""active"",20]",129.86500980599999,108.7199716296
1056,244866176847542,"[""ring13"",""active"",21]",119.38413006650001,114.88689307929999
1057,197072398286193,"[""ring13"",""active"",22]",108.6110973552,120.5279502927
1058,11412244382667,"[""ring13"",""active"",23]",97.572275088599994,125.6293386575
1059,221687157353772,"[""ring13"",""active"",24]",86.294677114600006,130.1785742216
1060,269278683033416,"[""ring13"",""active"",25]",74.805901605100004,134.16452424319999
1061,104067888206321,"[""ring13"",""active"",26]",63.134063519000001,137.5774344347
1062,254104218705053,"[""ring13"",""active"",27]",51.307725800100002,140.40895283290001
1063,181649543333504,"[""ring13"",""active"",28]",39.355829478399997,142.6521502379
1064,84778092386348,"[""ring13"",""active"",29]",27.307622847099999,144.30153716960001
1065,173373651370546,"[""ring13"",""active"",30]",15.1925898866,145.35307730189999
1066,155379072514124,"[""ring13"",""active"",31]",3.0403781129,145.80419733990001
1067,63542301426551,"[""ring13"",""active"",32]",-9.1192739755000005,145.6537933173
1068,237809870710852,"[""ring13"",""active"",33]",-21.2566096724,144.9022332978
1069,273607465278557,"[""ring13"",""active"",34]",-33.341926883399999,143.5513564748
1070,33764067025229,"[""ring13"",""active"",35]",-45.345650812199999,141.60446867019999
1071,110411429840760,"[""ring13"",""active"",36]",-57.238406334799997,139.0663342448
1072,58712024746136,"[""ring13"",""active"",37]",-68.991089885600005,135.94316443880001
1073,166870077349135,"[""ring13"",""active"",38]",-80.574940678499999,132.24260217209999
1074,119094303591965,"[""ring13"",""active"",39]",-91.961611089499996,127.9737033406
1075,220178697738434,"[""ring13"",""active"",40]",-103.12323602799999,123.14691465510001
1076,219966376844426,"[""ring13"",""active"",41]",-114.0325011275,117.77404807649999
1077,205134850792663,"[""ring13"",""active"",42]",-124.6627095881,111.8682519094
1078,27691301402871,"[""ring13"",""active"",43]",-134.98784750839999,105.44397862690001
1079,220607542025826,"[""ring13"",""active"",44]",-144.98264754569999,98.516949502100005
1080,37495623747716,"[""ring13"",""active"",45]",-154.62265074960001,91.104116136200005
1081,198694389500383,"[""ring13"",""active"",46]",-163.8842664167,83.223618974399997
1082,257225471507128,"[""ring13"",""active"",47]",-172.74482982149999,74.894742913900004
1083,258198880208190,"[""ring13"",""active"",48]",-181.1826576807,66.137870110199998
1084,269062723872836,"[""ring13"",""active"",49]",-189.17710121549999,56.974430098299997
1085,262626287242684,"[""ring13"",""active"",50]",-196.708596683,47.426847351600003
1086,192097914777951,"[""ring13"",""active"",51]",-203.7587132516,37.518486404800001
1087,199714151705518,"[""ring13"",""active"",52]",-210.31019810469999,27.2735946777
1088,62427143292944,"[""ring13"",""active"",53]",-216.34701866110001,16.717243136899999
1089,46873906860480,"[""ring13"",""active"",54]",-221.8544018092,5.8752649437000004
1090,20284609643554,"[""ring13"",""active"",55]",-226.81887005959999,-5.2258077644999998
1091,233189163668774,"[""ring13"",""active"",56]",-231.22827452659999,-16.558808802600002
1092,237793420755871,"[""ring13"",""active"",57]",-235.07182465860001,-28.0960044178
1093,136116521257291,"[""ring13"",""active"",58]",-238.3401146443,-39.809161159299997
1094,260100402853990,"[""ring13"",""active"",59]",-241.0251464305,-51.669614969800001
1095,242212528664118,"[""ring13"",""active"",60]",-243.1203492944,-63.648341331200001
1096,265805318521810,"[""ring13"",""active"",61]",-244.62059592349999,-75.716026292799995
1097,256763333786165,"[""ring13"",""active"",62]",-245.52221496300001,-87.843138207400003
1098,37956813547818,"[""ring13"",""active"",63]",-245.82300000000001,-100
1099,124903472850436,"[""ring13"",""active"",64]",-245.52221496300001,-112.1568617926
1100,228409984721145,"[""ring13"",""active"",65]",-244.62059592349999,-124.2839737072
1101,257845415292791,"[""ring13"",""active"",66]",-243.1203492944,-136.35165866880001
1102,172941068119887,"[""ring13"",""active"",67]",-241.0251464305,-148.33038503020001
1103,146714694009248,"[""ring13"",""active"",68]",-238.3401146443,-160.1908388407
1104,62281214065341,"[""ring13"",""active"",69]",-235.07182465860001,-171.9039955822
1105,123954796464206,"[""ring13"",""active"",70]",-231.22827452659999,-183.4411911974
1106,269529217296095,"[""ring13"",""active"",71]",-226.81887005959999,-194.77419223550001
1107,182698035263456,"[""ring13"",""active"",72]",-221.8544018092,-205.87526494369999
1108,193261455930841,"[""ring13"",""active"",73]",-216.34701866110001,-216.71724313690001
1109,240374523610471,"[""ring13"",""active"",74]",-210.31019810469999,-227.2735946777
1110,25847724206996,"[""ring13"",""active"",75]",-203.7587132516,-237.5184864048
1111,99900438958548,"[""ring13"",""active"",76]",-196.708596683,-247.4268473516
1112,41313077115241,"[""ring13"",""active"",77]",-189.17710121549999,-256.97443009829999
1113,93565013798631,"[""ring13"",""active"",78]",-181.1826576807,-266.13787011020003
1114,19412408499543,"[""ring13"",""active"",79]",-172.74482982149999,-274.89474291390002
1115,266037415184431,"[""ring13"",""active"",80]",-163.8842664167,-283.22361897439998
1116,256884819153012,"[""ring13"",""active"",81]",-154.62265074960001,-291.10411613619999
1117,208397139707786,"[""ring13"",""active"",82]",-144.98264754569999,-298.51694950209998
1118,28215220228214,"[""ring13"",""active"",83]",-134.98784750839999,-305.44397862689999
1119,234154651378130,"[""ring13"",""active"",84]",-124.6627095881,-311.86825190939999
1120,142766466290283,"[""ring13"",""active"",85]",-114.0325011275,-317.77404807649998
1121,36206299997569,"[""ring13"",""active"",86]",-103.12323602799999,-323.14691465509998
1122,262509828882602,"[""ring13"",""active"",87]",-91.961611089499996,-327.97370334060003
1123,109119713822066,"[""ring13"",""active"",88]",-80.574940678499999,-332.24260217210002
1124,262320498875310,"[""ring13"",""active"",89]",-68.991089885600005,-335.94316443880001
1125,159694436206282,"[""ring13"",""active"",90]",-57.238406334799997,-339.06633424479998
1126,198920033590915,"[""ring13"",""active"",91]",-45.345650812199999,-341.60446867019999
1127,16081388735045,"[""ring13"",""active"",92]",-33.341926883399999,-343.5513564748
1128,66372082212908,"[""ring13"",""active"",93]",-21.2566096724,-344.90223329780002
1129,137384082064061,"[""ring13"",""active"",94]",-9.1192739755000005,-345.65379331730003
1130,5731066425198,"[""ring13"",""active"",95]",3.0403781129,-345.80419733989999
1131,113270660518623,"[""ring13"",""active"",96]",15.1925898866,-345.35307730189999
1132,96340150202368,"[""ring13"",""active"",97]",27.307622847099999,-344.30153716960001
1133,159217049809917,"[""ring13"",""active"",98]",39.355829478399997,-342.6521502379
1134,214837968389671,"[""ring13"",""active"",99]",51.307725800100002,-340.40895283290001
1135,115268345248886,"[""ring13"",""active"",100]",63.134063519000001,-337.57743443470002
1136,158338418875060,"[""ring13"",""active"",101]",74.805901605100004,-334.16452424319999
1137,172741640759657,"[""ring13"",""active"",102]",86.294677114600006,-330.1785742216
1138,189051532114106,"[""ring13"",""active"",103]",97.572275088599994,-325.6293386575
1139,52087541888626,"[""ring13"",""active"",104]",108.6110973552,-320.52795029269998
1140,64583828452707,"[""ring13"",""active"",105]",119.38413006650001,-314.88689307930002
1141,246239122304271,"[""ring13"",""active"",106]",129.86500980599999,-308.71997162960002
1142,257474299046800,"[""ring13"",""active"",107]",140.02808810499999,-302.04227743389998
1143,150562822561842,"[""ring13"",""active"",108]",149.8484942076,-294.87015192870001
1144,65922793645812,"[""ring13"",""active"",109]",159.30219593449999,-287.2211465071
1145,190461575870470,"[""ring13"",""active"",110]",168.36605849349999,-279.11397956709999
1146,223181713130484,"[""ring13"",""active"",111]",177.017901094,-270.56849070459998
1147,182646617967587,"[""ring13"",""active"",112]",185.23655122740001,-261.60559216299998
1148,214047941104287,"[""ring13"",""active"",113]",193.00189647959999,-252.24721765690001
1149,85053400414174,"[""ring13"",""active"",114]",200.29493374949999,-242.5162686969
1150,174984015660313,"[""ring13"",""active"",115]",207.0978157527,-232.4365585457
1151,57468794985210,"[""ring13"",""active"",116]",213.39389469720001,-222.03275394319999
1152,121178945039635,"[""ring13"",""active"",117]",219.16776302260001,-211.3303147426
1153,51553472216118,"[""ring13"",""active"",118]",224.40529110560001,-200.355431606
1154,11545260115334,"[""ring13"",""active"",119]",229.0936618373,-189.13496191159999
1155,189116214371953,"[""ring13"",""active"",120]",233.22140198899999,-177.69636402879999
1156,154293181366446,"[""ring13"",""active"",121]",236.7784102887,-166.06763012370001
1157,96829031723895,"[""ring13"",""active"",122]",239.75598214120001,-154.2772176565
1158,111328353240243,"[""ring13"",""active"",123]",242.146830929,-142.35397974240001
1159,65982890458627,"[""ring13"",""active"",124]",243.94510584470001,-130.32709454260001
1160,120259490096867,"[""ring13"",""active"",125]",245.14640620820001,-118.2259938605
1161,208317114415217,"[""ring13"",""active"",126]",245.7477922361,-106.08029111730001
1162,165521876770160,"[""ring14"",""active"",0]",257.86129622150003,-93.907925924099999
1163,220781063234208,"[""ring14"",""active"",1]",257.28590683990001,-81.737371571699995
1164,277729416573949,"[""ring14"",""active"",2]",256.13641199559999,-69.607568284400003
1165,116124002375182,"[""ring14"",""active"",3]",254.41537666089999,-57.545582396500002
1166,89963099715261,"[""ring14"",""active"",4]",252.12664113869999,-45.578328914799997
1167,37844420093744,"[""ring14"",""active"",5]",249.2753124928,-33.732511461500003
1168,42964507451191,"[""ring14"",""active"",6]",245.8677531523,-22.034562687200001
1169,247535241469648,"[""ring14"",""active"",7]",241.9115667147,-10.5105852898
1170,88950734206602,"[""ring14"",""active"",8]",237.41558097890001,0.81370623099999995
1171,164070270869329,"[""ring14"",""active"",9]",232.38982824690001,11.9130429527
1172,163899520792589,"[""ring14"",""active"",10]",226.84552293839999,22.7626579151
1173,12640003296592,"[""ring14"",""active"",11]",220.7950365664,33.3383413846
1174,5255470547261,"[""ring14"",""active"",12]",214.25187013199999,43.616494876200001
1175,6779128017491,"[""ring14"",""active"",13]",207.23062399790001,53.574183810299999
1176,108190285495901,"[""ring14"",""active"",14]",199.7469653098,63.189188689399998
1177,39848678046352,"[""ring14"",""active"",15]",191.81759303640001,72.440054677800006
1178,104440436143463,"[""ring14"",""active"",16]",183.46020070789999,81.306139476200002
1179,196974781915655,"[""ring14"",""active"",17]",174.6934369345,89.767659382600002
1180,11351353555516,"[""ring14"",""active"",18]",165.5368637942,97.805733437499995
1181,222776227942792,"[""ring14"",""active"",19]",156.01091318210001,105.4024255544
1182,13049090244020,"[""ring14"",""active"",20]",146.13684121879999,112.540784543
1183,101300716087733,"[""ring14"",""active"",21]",135.93668081999999,119.20488193289999
1184,80693098301653,"[""ring14"",""active"",22]",125.4331925318,125.3798475171
1185,160012145064261,"[""ring14"",""active"",23]",114.6498137439,131.0519025328
1186,51468201348844,"[""ring14"",""active"",24]",103.6106063909,136.20839040749999
1187,169438365934401,"[""ring14"",""active"",25]",92.340203260799996,140.83780500020001
1188,44297045969110,"[""ring14"",""active"",26]",80.863753030200002,144.9298162769
1189,226955197929705,"[""ring14"",""active"",27]",69.206864147000005,148.47529336029999
1190,198014312129454,"[""ring14"",""active"",28]",57.395547688400001,151.46632490479999
1191,180640409003371,"[""ring14"",""active"",29]",45.456159319900003,153.89623674929999
1192,133818827219190,"[""ring14"",""active"",30]",33.415340485599998,155.75960681039999
1193,127403532046269,"[""ring14"",""active"",31]",21.299958960600001,157.05227718079999
1194,36785821662829,"[""ring14"",""active"",32]",9.1370488982999998,157.77136340760001
1195,203342938881546,"[""ring14"",""active"",33]",-3.0462494928999999,157.9152609281
1196,231496839406695,"[""ring14"",""active"",34]",-15.222750510299999,157.48364865069999
1197,192153151333618,"[""ring14"",""active"",35]",-27.365283618900001,156.4774896712
1198,210943705361219,"[""ring14"",""active"",36]",-39.4467540793,154.8990291236
1199,108143700784386,"[""ring14"",""active"",37]",-51.4402034067,152.75178917080001
1200,76865928448142,"[""ring14"",""active"",38]",-63.318869526100002,150.04056114459999
1201,200059509651920,"[""ring14"",""active"",39]",-75.056246488400006,146.7713948549
1202,72724369807386,"[""ring14"",""active"",40]",-86.626143616099995,142.9515850901
1203,167711516952786,"[""ring14"",""active"",41]",-98.002743944499997,138.58965533930001
1204,109031202809065,"[""ring14"",""active"",42]",-109.16066183,133.69533877340001
1205,142206005456204,"[""ring14"",""active"",43]",-120.0749995945,128.27955652649999
1206,80172088093958,"[""ring14"",""active"",44]",-130.72140308300001,122.3543933265
1207,230951571330593,"[""ring14"",""active"",45]",-141.07611600600001,115.9330705293
1208,267854983090524,"[""ring14"",""active"",46]",-151.1160329503,109.029916617
1209,262115093678066,"[""ring14"",""active"",47]",-160.81875093529999,101.6603352253
1210,264510882229136,"[""ring14"",""active"",48]",-170.1626194031,93.840770771899997
1211,125975122494763,"[""ring14"",""active"",49]",-179.12678852959999,85.588671762700002
1212,154642961588767,"[""ring14"",""active"",50]",-187.69125574809999,76.922451857400006
1213,119322581839012,"[""ring14"",""active"",51]",-195.83691038360001,67.861448781299998
1214,123848728733568,"[""ring14"",""active"",52]",-203.54557629530001,58.425881175400001
1215,179482561833507,"[""ring14"",""active"",53]",-210.80005243529999,48.636803480300003
1216,33015343834190,"[""ring14"",""active"",54]",-217.58415123060001,38.516058956400002
1217,126957954850566,"[""ring14"",""active"",55]",-223.88273470429999,28.086230941899998
1218,91554095515787,"[""ring14"",""active"",56]",-229.68174825349999,17.370592461600001
1219,233918787006458,"[""ring14"",""active"",57]",-234.9682520115,6.3930542948999998
1220,93963281763917,"[""ring14"",""active"",58]",-239.73044972139999,-4.8218883779999997
1221,212226544833028,"[""ring14"",""active"",59]",-243.9577150579,-16.249210634800001
1222,121944945474230,"[""ring14"",""active"",60]",-247.64061533899999,-27.8634136511
1223,244875630498560,"[""ring14"",""active"",61]",-250.7709325742,-39.638581598599998
1224,168307710207132,"[""ring14"",""active"",62]",-253.3416818016,-51.548439473199998
1225,278578927113112,"[""ring14"",""active"",63]",-255.34712667459999,-63.566411725099996
1226,48423019669204,"[""ring14"",""active"",64]",-256.7827922614,-75.665681558800003
1227,213564933028245,"[""ring14"",""active"",65]",-257.64547503070003,-87.819250772100006
1228,25205538278220,"[""ring14"",""active"",66]",-257.93324999999999,-100
1229,153992992233852,"[""ring14"",""active"",67]",-257.64547503070003,-112.18074922789999
1230,86422131754859,"[""ring14"",""active"",68]",-256.7827922614,-124.3343184412
1231,273623864397578,"[""ring14"",""active"",69]",-255.34712667459999,-136.43358827489999
1232,249484876394297,"[""ring14"",""active"",70]",-253.3416818016,-148.45156052679999
1233,66858818865940,"[""ring14"",""active"",71]",-250.7709325742,-160.36141840139999
1234,190491352311633,"[""ring14"",""active"",72]",-247.64061533899999,-172.13658634890001
1235,110628173690996,"[""ring14"",""active"",73]",-243.9577150579,-183.75078936520001
1236,240500657153407,"[""ring14"",""active"",74]",-239.73044972139999,-195.17811162199999
1237,238403072576231,"[""ring14"",""active"",75]",-234.9682520115,-206.3930542949
1238,102593657771864,"[""ring14"",""active"",76]",-229.68174825349999,-217.37059246160001
1239,231658491970914,"[""ring14"",""active"",77]",-223.88273470429999,-228.0862309419
1240,142032638776788,"[""ring14"",""active"",78]",-217.58415123060001,-238.5160589564
1241,234397770208937,"[""ring14"",""active"",79]",-210.80005243529999,-248.63680348029999
1242,139913802883354,"[""ring14"",""active"",80]",-203.54557629530001,-258.42588117539998
1243,153925458068499,"[""ring14"",""active"",81]",-195.83691038360001,-267.8614487813
1244,55754587224573,"[""ring14"",""active"",82]",-187.69125574809999,-276.92245185740001
1245,94593199519989,"[""ring14"",""active"",83]",-179.12678852959999,-285.58867176270002
1246,23295052439916,"[""ring14"",""active"",84]",-170.1626194031,-293.8407707719
1247,73030158914170,"[""ring14"",""active"",85]",-160.81875093529999,-301.6603352253
1248,60069928433582,"[""ring14"",""active"",86]",-151.1160329503,-309.02991661700003
1249,168594754478742,"[""ring14"",""active"",87]",-141.07611600600001,-315.93307052929998
1250,88588187381472,"[""ring14"",""active"",88]",-130.72140308300001,-322.35439332649997
1251,4235587694370,"[""ring14"",""active"",89]",-120.0749995945,-328.27955652650002
1252,56736207360768,"[""ring14"",""active"",110]",125.4331925318,-325.37984751710002
1253,60634598257175,"[""ring14"",""active"",111]",135.93668081999999,-319.20488193289998
1254,105940736597232,"[""ring14"",""active"",112]",146.13684121879999,-312.54078454299997
1255,117761648078679,"[""ring14"",""active"",113]",156.01091318210001,-305.4024255544
1256,5086298317043,"[""ring14"",""active"",114]",165.5368637942,-297.80573343750001
1257,261058592629171,"[""ring14"",""active"",115]",174.6934369345,-289.76765938260002
1258,269911043411629,"[""ring14"",""active"",116]",183.46020070789999,-281.30613947619997
1259,118175019741976,"[""ring14"",""active"",117]",191.81759303640001,-272.44005467779999
1260,104705800302701,"[""ring14"",""active"",118]",199.7469653098,-263.1891886894
1261,214683212472702,"[""ring14"",""active"",119]",207.23062399790001,-253.57418381030001
1262,52846934536192,"[""ring14"",""active"",120]",214.25187013199999,-243.61649487619999
1263,128678306911609,"[""ring14"",""active"",121]",220.7950365664,-233.3383413846
1264,87512828126621,"[""ring14"",""active"",122]",226.84552293839999,-222.76265791509999
1265,217054029818238,"[""ring14"",""active"",123]",232.38982824690001,-211.91304295270001
1266,65949936761626,"[""ring14"",""active"",124]",237.41558097890001,-200.813706231
1267,116056289881208,"[""ring14"",""active"",125]",241.9115667147,-189.48941471020001
1268,75109967983850,"[""ring14"",""active"",126]",245.8677531523,-177.96543731279999
1269,195353107458117,"[""ring14"",""active"",127]",249.2753124928,-166.2674885385
1270,473120660121,"[""ring14"",""active"",128]",252.12664113869999,-154.42167108519999
1271,189453038868993,"[""ring14"",""active"",129]",254.41537666089999,-142.45441760349999
1272,95886218242729,"[""ring14"",""active"",130]",256.13641199559999,-130.3924317156
1273,238810692230821,"[""ring14"",""active"",131]",257.28590683990001,-118.2626284283
1274,59624284777940,"[""ring14"",""active"",132]",257.86129622150003,-106.0920740759
1275,259212103618568,"[""ring15"",""active"",0]",269.97551248270003,-93.940746584300001
1276,133443344161279,"[""ring15"",""active"",1]",269.43181772960003,-81.834442283000001
1277,197648184705491,"[""ring15"",""active"",2]",268.34552315230002,-69.764720997400005
1278,52106100998113,"[""ring15"",""active"",3]",266.7188164035,-57.755889539899997
1279,56875388605354,"[""ring15"",""active"",4]",264.55497345409998,-45.832132098899997
1280,93860728925624,"[""ring15"",""active"",5]",261.85835199579998,-34.017461535099997
1281,250866175170411,"[""ring15"",""active"",6]",258.63438266550003,-22.3356710226
1282,81684147593473,"[""ring15"",""active"",7]",254.8895581081,-10.8102861329
1283,97992445606301,"[""ring15"",""active"",8]",250.63141990209999,0.53548254269999995
1284,230829756256160,"[""ring15"",""active"",9]",245.86854337119999,11.678786135899999
1285,43377485708803,"[""ring15"",""active"",10]",240.61052031470001,22.597183516400001
1286,81120339377481,"[""ring15"",""active"",11]",234.86793969129999,33.268686484900002
1287,279364788569901,"[""ring15"",""active"",12]",228.65236629430001,43.671804054500001
1288,5194909739840,"[""ring15"",""active"",13]",221.97631746120001,53.785585730900003
1289,267305865248056,"[""ring15"",""active"",14]",214.853237866,63.589663703900001
1290,105954157304361,"[""ring15"",""active"",15]",207.29747244289999,73.0642938652
1291,174576859448037,"[""ring15"",""active"",16]",199.324237498,82.1903955704
1292,160207716641544,"[""ring15"",""active"",17]",190.94959006529999,90.949590065300001
1293,73520737797048,"[""ring15"",""active"",18]",182.1903955704,99.324237498000002
1294,6713702698585,"[""ring15"",""active"",19]",173.0642938652,107.2974724429
1295,195301154799590,"[""ring15"",""active"",20]",163.58966370389999,114.853237866
1296,201669159287225,"[""ring15"",""active"",21]",153.78558573090001,121.9763174612
1297,209990551669753,"[""ring15"",""active"",22]",143.6718040545,128.65236629430001
1298,32571105795623,"[""ring15"",""active"",23]",133.2686864849,134.86793969129999
1299,262300684399781,"[""ring15"",""active"",24]",122.59718351639999,140.61052031470001
1300,200861100011056,"[""ring15"",""active"",25]",111.6787861359,145.86854337119999
1301,26128418700104,"[""ring15"",""active"",26]",100.5354825427,150.63141990209999
1302,234574533317925,"[""ring15"",""active"",27]",89.189713867099996,154.8895581081
1303,263796972873561,"[""ring15"",""active"",28]",77.664328977400004,158.6343826655
1304,81482977543357,"[""ring15"",""active"",29]",65.982538464900003,161.85835199580001
1305,165450055074352,"[""ring15"",""active"",30]",54.167867901100003,164.55497345410001
1306,228344882376100,"[""ring15"",""active"",31]",42.244110460100003,166.7188164035
1307,94268610072374,"[""ring15"",""active"",32]",30.235279002599999,168.34552315229999
1308,197372566965640,"[""ring15"",""active"",33]",18.165557716999999,169.4318177296
1309,132585554488954,"[""ring15"",""active"",34]",6.0592534156999998,169.9755124827
1310,97263302824896,"[""ring15"",""active"",35]",-6.0592534156999998,169.9755124827
1311,232469024281685,"[""ring15"",""active"",36]",-18.165557716999999,169.4318177296
1312,159699280532894,"[""ring15"",""active"",37]",-30.235279002599999,168.34552315229999
1313,191122481008251,"[""ring15"",""active"",38]",-42.244110460100003,166.7188164035
1314,220089412287740,"[""ring15"",""active"",39]",-54.167867901100003,164.55497345410001
1315,276276095719582,"[""ring15"",""active"",40]",-65.982538464900003,161.85835199580001
1316,167553349737317,"[""ring15"",""active"",41]",-77.664328977400004,158.6343826655
1317,253158467848667,"[""ring15"",""active"",42]",-89.189713867099996,154.8895581081
1318,30989953454086,"[""ring15"",""active"",43]",-100.5354825427,150.63141990209999
1319,66403068318291,"[""ring15"",""active"",44]",-111.6787861359,145.86854337119999
1320,57035283632322,"[""ring15"",""active"",45]",-122.59718351639999,140.61052031470001
1321,20564325801018,"[""ring15"",""active"",46]",-133.2686864849,134.86793969129999
1322,111532104877773,"[""ring15"",""active"",47]",-143.6718040545,128.65236629430001
1323,66990161067564,"[""ring15"",""active"",48]",-153.78558573090001,121.9763174612
1324,91916441936778,"[""ring15"",""active"",49]",-163.58966370389999,114.853237866
1325,273418900851785,"[""ring15"",""active"",50]",-173.0642938652,107.2974724429
1326,92957508625192,"[""ring15"",""active"",51]",-182.1903955704,99.324237498000002
1327,275605062085477,"[""ring15"",""active"",52]",-190.94959006529999,90.949590065300001
1328,130013491045549,"[""ring15"",""active"",53]",-199.324237498,82.1903955704
1329,119163007092565,"[""ring15"",""active"",54]",-207.29747244289999,73.0642938652
1330,191958207238798,"[""ring15"",""active"",55]",-214.853237866,63.589663703900001
1331,106294614914250,"[""ring15"",""active"",56]",-221.97631746120001,53.785585730900003
1332,196740456360525,"[""ring15"",""active"",57]",-228.65236629430001,43.671804054500001
1333,111219419266340,"[""ring15"",""active"",58]",-234.86793969129999,33.268686484900002
1334,130464597535559,"[""ring15"",""active"",59]",-240.61052031470001,22.597183516400001
1335,199716584153140,"[""ring15"",""active"",60]",-245.86854337119999,11.678786135899999
1336,182892645988234,"[""ring15"",""active"",61]",-250.63141990209999,0.53548254269999995
1337,221054123772071,"[""ring15"",""active"",62]",-254.8895581081,-10.8102861329
1338,3324005652176,"[""ring15"",""active"",63]",-258.63438266550003,-22.3356710226
1339,46892702591934,"[""ring15"",""active"",64]",-261.85835199579998,-34.017461535099997
1340,121264571975823,"[""ring15"",""active"",65]",-264.55497345409998,-45.832132098899997
1341,264643561389576,"[""ring15"",""active"",66]",-266.7188164035,-57.755889539899997
1342,6104868983332,"[""ring15"",""active"",67]",-268.34552315230002,-69.764720997400005
1343,137290986780193,"[""ring15"",""active"",68]",-269.43181772960003,-81.834442283000001
1344,91204338331379,"[""ring15"",""active"",69]",-269.97551248270003,-93.940746584300001
1345,150304764922938,"[""ring15"",""active"",70]",-269.97551248270003,-106.0592534157
1346,52830853654258,"[""ring15"",""active"",71]",-269.43181772960003,-118.165557717
1347,99525184265806,"[""ring15"",""active"",72]",-268.34552315230002,-130.23527900260001
1348,228315376663278,"[""ring15"",""active"",73]",-266.7188164035,-142.24411046009999
1349,114321155340225,"[""ring15"",""active"",74]",-264.55497345409998,-154.16786790110001
1350,39233505499888,"[""ring15"",""active"",75]",-261.85835199579998,-165.98253846489999
1351,22726234347156,"[""ring15"",""active"",76]",-258.63438266550003,-177.6643289774
1352,262613881902835,"[""ring15"",""active"",77]",-254.8895581081,-189.18971386710001
1353,66265991293552,"[""ring15"",""active"",78]",-250.63141990209999,-200.53548254270001
1354,229075944153635,"[""ring15"",""active"",79]",-245.86854337119999,-211.6787861359
1355,214154437290567,"[""ring15"",""active"",80]",-240.61052031470001,-222.59718351640001
1356,74016198572246,"[""ring15"",""active"",81]",-234.86793969129999,-233.2686864849
1357,219306611378044,"[""ring15"",""active"",82]",-228.65236629430001,-243.6718040545
1358,214206830998113,"[""ring15"",""active"",83]",-221.97631746120001,-253.78558573090001
1359,185425079044593,"[""ring15"",""active"",84]",-214.853237866,-263.58966370389999
1360,88980372223594,"[""ring15"",""active"",85]",-207.29747244289999,-273.0642938652
1361,238122011130581,"[""ring15"",""active"",86]",-199.324237498,-282.19039557040003
1362,227444938917402,"[""ring15"",""active"",87]",-190.94959006529999,-290.94959006530001
1363,172827283982721,"[""ring15"",""active"",122]",190.94959006529999,-290.94959006530001
1364,170432097981546,"[""ring15"",""active"",123]",199.324237498,-282.19039557040003
1365,139660057820024,"[""ring15"",""active"",124]",207.29747244289999,-273.0642938652
1366,189874177124259,"[""ring15"",""active"",125]",214.853237866,-263.58966370389999
1367,206231192438809,"[""ring15"",""active"",126]",221.97631746120001,-253.78558573090001
1368,213772904359274,"[""ring15"",""active"",127]",228.65236629430001,-243.6718040545
1369,120788764153735,"[""ring15"",""active"",128]",234.86793969129999,-233.2686864849
1370,21664756132764,"[""ring15"",""active"",129]",240.61052031470001,-222.59718351640001
1371,221566204865194,"[""ring15"",""active"",130]",245.86854337119999,-211.6787861359
1372,169639666653311,"[""ring15"",""active"",131]",250.63141990209999,-200.53548254270001
1373,205599993332939,"[""ring15"",""active"",132]",254.8895581081,-189.18971386710001
1374,144433080557057,"[""ring15"",""active"",133]",258.63438266550003,-177.6643289774
1375,169805117689061,"[""ring15"",""active"",134]",261.85835199579998,-165.98253846489999
1376,263173312980897,"[""ring15"",""active"",135]",264.55497345409998,-154.16786790110001
1377,281188446599690,"[""ring15"",""active"",136]",266.7188164035,-142.24411046009999
1378,22544384766461,"[""ring15"",""active"",137]",268.34552315230002,-130.23527900260001
1379,213900797709529,"[""ring15"",""active"",138]",269.43181772960003,-118.165557717
1380,239002340472013,"[""ring15"",""active"",139]",269.97551248270003,-106.0592534157
1381,193447473720018,"[""ring16"",""active"",0]",282.08843196549998,-93.929152423000005
1382,87265361536470,"[""ring16"",""active"",1]",281.56606912749999,-81.798699081199999
1383,76753201431482,"[""ring16"",""active"",2]",280.52231074730003,-69.701950358700003
1384,244633680785605,"[""ring16"",""active"",3]",278.95908962499999,-57.661306649300002
1385,171089089649091,"[""ring16"",""active"",4]",276.87930048639998,-45.6990644535
1386,75222676762851,"[""ring16"",""active"",5]",274.28679462209999,-33.837375090000002
1387,159687415027606,"[""ring16"",""active"",6]",271.18637275629999,-22.098203676899999
1388,205870072698856,"[""ring16"",""active"",7]",267.58377615640001,-10.5032884573
1389,16864311046591,"[""ring16"",""active"",8]",263.48567600199999,0.92589945520000005
1390,204981441336373,"[""ring16"",""active"",9]",258.89966103130001,12.168195835400001
1391,103723275366416,"[""ring16"",""active"",10]",253.83422348810001,23.202782538499999
1392,135248353464592,"[""ring16"",""active"",11]",248.29874339689999,34.009226050199999
1393,273325127549535,"[""ring16"",""active"",12]",242.3034711924,44.567515324799999
1394,228939531969834,"[""ring16"",""active"",13]",235.85950873850001,54.858098841100002
1395,136619400440251,"[""ring16"",""active"",14]",228.9787887704,64.861920807399997
1396,19320977857301,"[""ring16"",""active"",15]",221.67405279740001,74.560456448300002
1397,137174363616339,"[""ring16"",""active"",16]",213.958827509,83.935746308399999
1398,116954962661799,"[""ring16"",""active"",17]",205.84739972630001,92.970429509200002
1399,142161348478028,"[""ring16"",""active"",18]",197.3547899463,101.64777589720001
1400,50842970292472,"[""ring16"",""active"",19]",188.49672452729999,109.9517170245
1401,267570022784505,"[""ring16"",""active"",20]",179.28960656730001,117.8668759036
1402,13864981062684,"[""ring16"",""active"",21]",169.75048552909999,125.3785954825
1403,130420148558664,"[""ring16"",""active"",22]",159.8970256691,132.4729657858
1404,55930330310476,"[""ring16"",""active"",23]",149.74747332659999,139.13684967270001
1405,73577390635375,"[""ring16"",""active"",24]",139.32062313599999,145.35790716439999
1406,149399166553063,"[""ring16"",""active"",25]",128.6357832235,151.12461829450001
1407,279402197812434,"[""ring16"",""active"",26]",117.7127394531,156.42630444150001
1408,264334776305930,"[""ring16"",""active"",27]",106.5717187872,161.2531481032
1409,196885275650974,"[""ring16"",""active"",28]",95.2333518314,165.59621107620001
1410,42941508145883,"[""ring16"",""active"",29]",83.718634631100002,169.44745100770001
1411,115921171693836,"[""ring16"",""active"",30]",72.048889791899995,172.79973628799999
1412,99080569954259,"[""ring16"",""active"",31]",60.245726994800002,175.64685925640001
1413,154937969768674,"[""ring16"",""active"",32]",48.331002980100003,177.9835476966
1414,225736060795511,"[""ring16"",""active"",33]",36.326781073900001,179.8054745995
1415,157898677119004,"[""ring16"",""active"",34]",24.255290331800001,181.10926617600001
1416,59551296272313,"[""ring16"",""active"",35]",12.1388843756,181.892508104
1417,274313755171394,"[""ring16"",""active"",36]",0,182.15375
1418,82259964132185,"[""ring16"",""active"",37]",-12.1388843756,181.892508104
1419,89028808034281,"[""ring16"",""active"",38]",-24.255290331800001,181.10926617600001
1420,71214580142678,"[""ring16"",""active"",39]",-36.326781073900001,179.8054745995
1421,209832996406320,"[""ring16"",""active"",40]",-48.331002980100003,177.9835476966
1422,245758326240794,"[""ring16"",""active"",41]",-60.245726994800002,175.64685925640001
1423,224307788764112,"[""ring16"",""active"",42]",-72.048889791899995,172.79973628799999
1424,444633846910,"[""ring16"",""active"",43]",-83.718634631100002,169.44745100770001
1425,32576038785920,"[""ring16"",""active"",44]",-95.2333518314,165.59621107620001
1426,33234973475922,"[""ring16"",""active"",45]",-106.5717187872,161.2531481032
1427,238501059863328,"[""ring16"",""active"",46]",-117.7127394531,156.42630444150001
1428,14330179294251,"[""ring16"",""active"",47]",-128.6357832235,151.12461829450001
1429,108102254257362,"[""ring16"",""active"",48]",-139.32062313599999,145.35790716439999
1430,16631441601829,"[""ring16"",""active"",49]",-149.74747332659999,139.13684967270001
1431,234907186680731,"[""ring16"",""active"",50]",-159.8970256691,132.4729657858
1432,179552535594046,"[""ring16"",""active"",51]",-169.75048552909999,125.3785954825
1433,258165220027317,"[""ring16"",""active"",52]",-179.28960656730001,117.8668759036
1434,155003283069244,"[""ring16"",""active"",53]",-188.49672452729999,109.9517170245
1435,7335489149434,"[""ring16"",""active"",54]",-197.3547899463,101.64777589720001
1436,87164892262637,"[""ring16"",""active"",55]",-205.84739972630001,92.970429509200002
1437,248931544040157,"[""ring16"",""active"",56]",-213.958827509,83.935746308399999
1438,272615998927664,"[""ring16"",""active"",57]",-221.67405279740001,74.560456448300002
1439,94315279257914,"[""ring16"",""active"",58]",-228.9787887704,64.861920807399997
1440,190751843800270,"[""ring16"",""active"",59]",-235.85950873850001,54.858098841100002
1441,176357689890001,"[""ring16"",""active"",60]",-242.3034711924,44.567515324799999
1442,270298400263533,"[""ring16"",""active"",61]",-248.29874339689999,34.009226050199999
1443,257840753784473,"[""ring16"",""active"",62]",-253.83422348810001,23.202782538499999
1444,209845167553271,"[""ring16"",""active"",63]",-258.89966103130001,12.168195835400001
1445,77772483715893,"[""ring16"",""active"",64]",-263.48567600199999,0.92589945520000005
1446,148848413995031,"[""ring16"",""active"",65]",-267.58377615640001,-10.5032884573
1447,5015204120109,"[""ring16"",""active"",66]",-271.18637275629999,-22.098203676899999
1448,192847377889347,"[""ring16"",""active"",67]",-274.28679462209999,-33.837375090000002
1449,178399702431466,"[""ring16"",""active"",68]",-276.87930048639998,-45.6990644535
1450,24408035345326,"[""ring16"",""active"",69]",-278.95908962499999,-57.661306649300002
1451,37622008485791,"[""ring16"",""active"",70]",-280.52231074730003,-69.701950358700003
1452,32406834867674,"[""ring16"",""active"",71]",-281.56606912749999,-81.798699081199999
1453,151002547788672,"[""ring16"",""active"",72]",-282.08843196549998,-93.929152423000005
1454,238959383580873,"[""ring16"",""active"",73]",-282.08843196549998,-106.07084757699999
1455,141409688199073,"[""ring16"",""active"",74]",-281.56606912749999,-118.2013009188
1456,10321860085575,"[""ring16"",""active"",75]",-280.52231074730003,-130.2980496413
1457,224933793133217,"[""ring16"",""active"",76]",-278.95908962499999,-142.3386933507
1458,217216644954539,"[""ring16"",""active"",77]",-276.87930048639998,-154.3009355465
1459,131817295067948,"[""ring16"",""active"",78]",-274.28679462209999,-166.16262491000001
1460,131447070494517,"[""ring16"",""active"",79]",-271.18637275629999,-177.9017963231
1461,140870330439689,"[""ring16"",""active"",80]",-267.58377615640001,-189.49671154270001
1462,209720119376888,"[""ring16"",""active"",81]",-263.48567600199999,-200.92589945520001
1463,102587553866632,"[""ring16"",""active"",82]",-258.89966103130001,-212.16819583540001
1464,123520448655837,"[""ring16"",""active"",83]",-253.83422348810001,-223.2027825385
1465,175469797535929,"[""ring16"",""active"",84]",-248.29874339689999,-234.0092260502
1466,110920405379085,"[""ring16"",""active"",85]",-242.3034711924,-244.56751532480001
1467,18758428725497,"[""ring16"",""active"",86]",-235.85950873850001,-254.8580988411
1468,106438360706500,"[""ring16"",""active"",132]",235.85950873850001,-254.8580988411
1469,48654103769125,"[""ring16"",""active"",133]",242.3034711924,-244.56751532480001
1470,281172161546770,"[""ring16"",""active"",134]",248.29874339689999,-234.0092260502
1471,133145961371623,"[""ring16"",""active"",135]",253.83422348810001,-223.2027825385
1472,57767020510651,"[""ring16"",""active"",136]",258.89966103130001,-212.16819583540001
1473,213258274086803,"[""ring16"",""active"",137]",263.48567600199999,-200.92589945520001
1474,2608047645654,"[""ring16"",""active"",138]",267.58377615640001,-189.49671154270001
1475,144559940529482,"[""ring16"",""active"",139]",271.18637275629999,-177.9017963231
1476,126826221860251,"[""ring16"",""active"",140]",274.28679462209999,-166.16262491000001
1477,216889800911452,"[""ring16"",""active"",141]",276.87930048639998,-154.3009355465
1478,234439771041031,"[""ring16"",""active"",142]",278.95908962499999,-142.3386933507
1479,66462610983039,"[""ring16"",""active"",143]",280.52231074730003,-130.2980496413
1480,208756305921946,"[""ring16"",""active"",144]",281.56606912749999,-118.2013009188
1481,8227282608811,"[""ring16"",""active"",145]",282.08843196549998,-106.07084757699999
1482,152332581738467,"[""ring17"",""active"",0]",294.20115014970003,-93.918474977200006
1483,199053255616929,"[""ring17"",""active"",1]",293.69851241980001,-81.765815114999995
1484,266339809339803,"[""ring17"",""active"",2]",292.69409570800002,-69.644308051899998
1485,146226846484379,"[""ring17"",""active"",3]",291.18961604359998,-57.574663179200002
1486,129508688164245,"[""ring17"",""active"",4]",289.18764380480002,-45.5775012828
1487,116112618666332,"[""ring17"",""active"",5]",286.6915993275,-33.6733193126
1488,257123315037316,"[""ring17"",""active"",6]",283.705747062,-21.8824553637
1489,272980153295873,"[""ring17"",""active"",7]",280.23518828660002,-10.2250539294
1490,116117485616113,"[""ring17"",""active"",8]",276.28585239289998,1.2789685153999999
1491,198106948524149,"[""ring17"",""active"",9]",271.86448675489999,12.6099575415
1492,208443878535548,"[""ring17"",""active"",10]",266.97864520169998,23.7485543441
1493,120943244017986,"[""ring17"",""active"",11]",261.63667511170001,34.6757288174
1494,30958100787413,"[""ring17"",""active"",12]",255.84770315110001,45.3728120671
1495,201247811876415,"[""ring17"",""active"",13]",249.62161968140001,55.821528305999998
1496,143384296230983,"[""ring17"",""active"",14]",242.96906186179999,66.004026077700004
1497,248604990759548,"[""ring17"",""active"",15]",235.90139547570001,75.902908755400006
1498,237911829236964,"[""ring17"",""active"",16]",228.43069551260001,85.501264264300005
1499,108597255970984,"[""ring17"",""active"",17]",220.569725538,94.782693974799997
1500,23798040952883,"[""ring17"",""active"",18]",212.3319158873,103.73134072009999
1501,110316593108706,"[""ring17"",""active"",19]",203.73134072010001,112.3319158873
1502,185556115726987,"[""ring17"",""active"",20]",194.7826939748,120.569725538
1503,90738966461833,"[""ring17"",""active"",21]",185.5012642643,128.43069551260001
1504,8346490300935,"[""ring17"",""active"",22]",175.90290875540001,135.90139547570001
1505,234128383958195,"[""ring17"",""active"",23]",166.00402607769999,142.96906186179999
1506,28859929127715,"[""ring17"",""active"",24]",155.821528306,149.62161968140001
1507,23726128480770,"[""ring17"",""active"",25]",145.3728120671,155.84770315110001
1508,271409770005992,"[""ring17"",""active"",26]",134.6757288174,161.63667511169999
1509,22478568156834,"[""ring17"",""active"",27]",123.7485543441,166.9786452017
1510,211153487037457,"[""ring17"",""active"",28]",112.60995754149999,171.86448675490001
1511,36648644039662,"[""ring17"",""active"",29]",101.2789685154,176.28585239290001
1512,257938817487333,"[""ring17"",""active"",30]",89.774946070599995,180.23518828659999
1513,268477681315656,"[""ring17"",""active"",31]",78.117544636299996,183.705747062
1514,197023921387560,"[""ring17"",""active"",32]",66.3266806874,186.6915993275
1515,221087366691279,"[""ring17"",""active"",33]",54.4224987172,189.18764380479999
1516,5622303700049,"[""ring17"",""active"",34]",42.425336820799998,191.18961604360001
1517,35400039421816,"[""ring17"",""active"",35]",30.355691948099999,192.69409570799999
1518,159025315117172,"[""ring17"",""active"",36]",18.234184885000001,193.69851241980001
1519,171344980200586,"[""ring17"",""active"",37]",6.0815250228000002,194.2011501497
1520,92313167300311,"[""ring17"",""active"",38]",-6.0815250228000002,194.2011501497
1521,224644992062927,"[""ring17"",""active"",39]",-18.234184885000001,193.69851241980001
1522,32131299766892,"[""ring17"",""active"",40]",-30.355691948099999,192.69409570799999
1523,72172651845139,"[""ring17"",""active"",41]",-42.425336820799998,191.18961604360001
1524,187894532517525,"[""ring17"",""active"",42]",-54.4224987172,189.18764380479999
1525,122817225486272,"[""ring17"",""active"",43]",-66.3266806874,186.6915993275
1526,71700088228001,"[""ring17"",""active"",44]",-78.117544636299996,183.705747062
1527,107023919264082,"[""ring17"",""active"",45]",-89.774946070599995,180.23518828659999
1528,141831917306643,"[""ring17"",""active"",46]",-101.2789685154,176.28585239290001
1529,219614657588130,"[""ring17"",""active"",47]",-112.60995754149999,171.86448675490001
1530,153750100346813,"[""ring17"",""active"",48]",-123.7485543441,166.9786452017
1531,247721869966835,"[""ring17"",""active"",49]",-134.6757288174,161.63667511169999
1532,218465199506569,"[""ring17"",""active"",50]",-145.3728120671,155.84770315110001
1533,236871194085760,"[""ring17"",""active"",51]",-155.821528306,149.62161968140001
1534,96106580541926,"[""ring17"",""active"",52]",-166.00402607769999,142.96906186179999
1535,63970671960349,"[""ring17"",""active"",53]",-175.90290875540001,135.90139547570001
1536,33902868893571,"[""ring17"",""active"",54]",-185.5012642643,128.43069551260001
1537,232869216563541,"[""ring17"",""active"",55]",-194.7826939748,120.569725538
1538,148247924972767,"[""ring17"",""active"",56]",-203.73134072010001,112.3319158873
1539,158256827859760,"[""ring17"",""active"",57]",-212.3319158873,103.73134072009999
1540,147922613123157,"[""ring17"",""active"",58]",-220.569725538,94.782693974799997
1541,50814025232388,"[""ring17"",""active"",59]",-228.43069551260001,85.501264264300005
1542,135727687250940,"[""ring17"",""active"",60]",-235.90139547570001,75.902908755400006
1543,167028907175436,"[""ring17"",""active"",61]",-242.96906186179999,66.004026077700004
1544,43485611768770,"[""ring17"",""active"",62]",-249.62161968140001,55.821528305999998
1545,82635219630128,"[""ring17"",""active"",63]",-255.84770315110001,45.3728120671
1546,156989152467440,"[""ring17"",""active"",64]",-261.63667511170001,34.6757288174
1547,178215120521680,"[""ring17"",""active"",65]",-266.97864520169998,23.7485543441
1548,82010388378724,"[""ring17"",""active"",66]",-271.86448675489999,12.6099575415
1549,219404492720106,"[""ring17"",""active"",67]",-276.28585239289998,1.2789685153999999
1550,108605301621107,"[""ring17"",""active"",68]",-280.23518828660002,-10.2250539294
1551,24092907508848,"[""ring17"",""active"",69]",-283.705747062,-21.8824553637
1552,238937182268067,"[""ring17"",""active"",70]",-286.6915993275,-33.6733193126
1553,44209357611909,"[""ring17"",""active"",71]",-289.18764380480002,-45.5775012828
1554,185626620875155,"[""ring17"",""active"",72]",-291.18961604359998,-57.574663179200002
1555,144131097326950,"[""ring17"",""active"",73]",-292.69409570800002,-69.644308051899998
1556,143793068460306,"[""ring17"",""active"",74]",-293.69851241980001,-81.765815114999995
1557,247738519839330,"[""ring17"",""active"",75]",-294.20115014970003,-93.918474977200006
1558,83298141352093,"[""ring17"",""active"",76]",-294.20115014970003,-106.08152502279999
1559,221388406430441,"[""ring17"",""active"",77]",-293.69851241980001,-118.234184885
1560,114729982555594,"[""ring17"",""active"",78]",-292.69409570800002,-130.3556919481
1561,135528691957711,"[""ring17"",""active"",79]",-291.18961604359998,-142.4253368208
1562,248627043291406,"[""ring17"",""active"",80]",-289.18764380480002,-154.4224987172
1563,56244365122025,"[""ring17"",""active"",81]",-286.6915993275,-166.3266806874
1564,210946985406917,"[""ring17"",""active"",82]",-283.705747062,-178.11754463630001
1565,241281173893893,"[""ring17"",""active"",83]",-280.23518828660002,-189.77494607060001
1566,278110400583338,"[""ring17"",""active"",84]",-276.28585239289998,-201.27896851540001
1567,196422725800613,"[""ring17"",""active"",85]",-271.86448675489999,-212.60995754149999
1568,196846397849689,"[""ring17"",""active"",86]",-266.97864520169998,-223.7485543441
1569,128777339931757,"[""ring17"",""active"",141]",266.97864520169998,-223.7485543441
1570,246907806449070,"[""ring17"",""active"",142]",271.86448675489999,-212.60995754149999
1571,275231421179683,"[""ring17"",""active"",143]",276.28585239289998,-201.27896851540001
1572,52829172164163,"[""ring17"",""active"",144]",280.23518828660002,-189.77494607060001
1573,85863643510885,"[""ring17"",""active"",145]",283.705747062,-178.11754463630001
1574,77224651492242,"[""ring17"",""active"",146]",286.6915993275,-166.3266806874
1575,25844157282951,"[""ring17"",""active"",147]",289.18764380480002,-154.4224987172
1576,241381922975707,"[""ring17"",""active"",148]",291.18961604359998,-142.4253368208
1577,115288915262702,"[""ring17"",""active"",149]",292.69409570800002,-130.3556919481
1578,241032463012634,"[""ring17"",""active"",150]",293.69851241980001,-118.234184885
1579,52047161130209,"[""ring17"",""active"",151]",294.20115014970003,-106.08152502279999
1580,5762012480086,"[""ring18"",""active"",0]",306.31368893159998,-93.9086096658
1581,129057732237894,"[""ring18"",""active"",1]",305.82934402799998,-81.735460737400004
1582,51662000541937,"[""ring18"",""active"",2]",304.86142006969999,-69.591191799900002
1583,161470488071468,"[""ring18"",""active"",3]",303.41144754340002,-57.495005438500002
1584,257999781074935,"[""ring18"",""active"",4]",301.4817191537,-45.466028210200001
1585,164472754128888,"[""ring18"",""active"",5]",299.07528619790003,-33.523280400499999
1586,200667525256665,"[""ring18"",""active"",6]",296.19595374099998,-21.685645948499999
1587,194821771349612,"[""ring18"",""active"",7]",292.84827459960002,-9.9718425873999994
1588,243893772504631,"[""ring18"",""active"",8]",289.03754214240001,1.5996077519
1589,108839338023775,"[""ring18"",""active"",9]",284.76978192069998,13.010408228099999
1590,46628578844218,"[""ring18"",""active"",10]",280.05174214070001,24.242516020099998
1591,191875740936992,"[""ring18"",""active"",11]",274.89088299309998,35.278170856800003
1592,64564087161774,"[""ring18"",""active"",12]",269.29536485680001,46.099923099500003
1593,150850869635148,"[""ring18"",""active"",13]",263.27403539630001,56.6906613337
1594,45627480635122,"[""ring18"",""active"",14]",256.83641557110002,67.033639425299995
1595,157516067797918,"[""ring18"",""active"",15]",249.99268458130001,77.112502999900002
1596,39262183685514,"[""ring18"",""active"",16]",242.75366377239999,86.911315302600002
1597,102511923753351,"[""ring18"",""active"",17]",235.13079952410001,96.414582397100006
1598,185400548692230,"[""ring18"",""active"",18]",227.13614515169999,105.60727766470001
1599,120160480246547,"[""ring18"",""active"",19]",218.78234184710001,114.4748655647
1600,206709256324027,"[""ring18"",""active"",20]",210.08259869029999,123.0033246178
1601,110112206687254,"[""ring18"",""active"",21]",201.0506717634,131.17916957750001
1602,116048700908079,"[""ring18"",""active"",22]",191.70084239939999,138.9894727523
1603,57082595673925,"[""ring18"",""active"",23]",182.04789460040001,146.4218844474
1604,165592498746466,"[""ring18"",""active"",24]",172.107091661,153.46465249240001
1605,64066666316926,"[""ring18"",""active"",25]",161.89415203370001,160.1066408232
1606,211214046366219,"[""ring18"",""active"",26]",151.4252244756,166.3373470912
1607,33930819274805,"[""ring18"",""active"",27]",140.7168625127,172.14691926910001
1608,231046789370253,"[""ring18"",""active"",28]",129.78599826659999,177.526171229
1609,166126953148753,"[""ring18"",""active"",29]",118.6499156802,182.46659726799999
1610,123197998121212,"[""ring18"",""active"",30]",107.32622318919999,186.960385557
1611,20760280086707,"[""ring18"",""active"",31]",95.832825878999998,191.00043049300001
1612,102876901691900,"[""ring18"",""active"",32]",84.187897172999996,194.58034393459999
1613,51205666606287,"[""ring18"",""active"",33]",72.409850097200007,197.6944653029
1614,278351613325182,"[""ring18"",""active"",34]",60.517308164799999,200.33787053169999
1615,214993254887475,"[""ring18"",""active"",35]",48.529075929199998,202.50637985419999
1616,115614104738572,"[""ring18"",""active"",36]",36.464109249700002,204.1965644114
1617,253931963245466,"[""ring18"",""active"",37]",24.341485318299998,205.40575167399999
1618,169345275459016,"[""ring18"",""active"",38]",12.1803724954,206.1320296685
1619,186816254639434,"[""ring18"",""active"",39]",0,206.37424999999999
1620,13293680560939,"[""ring18"",""active"",40]",-12.1803724954,206.1320296685
1621,7434663066545,"[""ring18"",""active"",41]",-24.341485318299998,205.40575167399999
1622,175362438616906,"[""ring18"",""active"",42]",-36.464109249700002,204.1965644114
1623,49667682937252,"[""ring18"",""active"",43]",-48.529075929199998,202.50637985419999
1624,236690274872400,"[""ring18"",""active"",44]",-60.517308164799999,200.33787053169999
1625,205901654929942,"[""ring18"",""active"",45]",-72.409850097200007,197.6944653029
1626,133038285563845,"[""ring18"",""active"",46]",-84.187897172999996,194.58034393459999
1627,97557644461165,"[""ring18"",""active"",47]",-95.832825878999998,191.00043049300001
1628,116287721881500,"[""ring18"",""active"",48]",-107.32622318919999,186.960385557
1629,123803214053936,"[""ring18"",""active"",49]",-118.6499156802,182.46659726799999
1630,228958550534608,"[""ring18"",""active"",50]",-129.78599826659999,177.526171229
1631,222332739817851,"[""ring18"",""active"",51]",-140.7168625127,172.14691926910001
1632,145186145822296,"[""ring18"",""active"",52]",-151.4252244756,166.3373470912
1633,190595490196150,"[""ring18"",""active"",53]",-161.89415203370001,160.1066408232
1634,100727241466520,"[""ring18"",""active"",54]",-172.107091661,153.46465249240001
1635,129661906765590,"[""ring18"",""active"",55]",-182.04789460040001,146.4218844474
1636,234850321170973,"[""ring18"",""active"",56]",-191.70084239939999,138.9894727523
1637,73234966483171,"[""ring18"",""active"",57]",-201.0506717634,131.17916957750001
1638,252365840156568,"[""ring18"",""active"",58]",-210.08259869029999,123.0033246178
1639,87153313961211,"[""ring18"",""active"",59]",-218.78234184710001,114.4748655647
1640,142409163373394,"[""ring18"",""active"",60]",-227.13614515169999,105.60727766470001
1641,48128680187867,"[""ring18"",""active"",61]",-235.13079952410001,96.414582397100006
1642,44462215873291,"[""ring18"",""active"",62]",-242.75366377239999,86.911315302600002
1643,60710795197036,"[""ring18"",""active"",63]",-249.99268458130001,77.112502999900002
1644,14029063300297,"[""ring18"",""active"",64]",-256.83641557110002,67.033639425299995
1645,66410244609533,"[""ring18"",""active"",65]",-263.27403539630001,56.6906613337
1646,91673403325969,"[""ring18"",""active"",66]",-269.29536485680001,46.099923099500003
1647,59860204061184,"[""ring18"",""active"",67]",-274.89088299309998,35.278170856800003
1648,162944862596564,"[""ring18"",""active"",68]",-280.05174214070001,24.242516020099998
1649,150477590376457,"[""ring18"",""active"",69]",-284.76978192069998,13.010408228099999
1650,65527687264022,"[""ring18"",""active"",70]",-289.03754214240001,1.5996077519
1651,249390348373101,"[""ring18"",""active"",71]",-292.84827459960002,-9.9718425873999994
1652,262921644860004,"[""ring18"",""active"",72]",-296.19595374099998,-21.685645948499999
1653,251842229762754,"[""ring18"",""active"",73]",-299.07528619790003,-33.523280400499999
1654,144017493423444,"[""ring18"",""active"",74]",-301.4817191537,-45.466028210200001
1655,100377099933099,"[""ring18"",""active"",75]",-303.41144754340002,-57.495005438500002
1656,147427115862132,"[""ring18"",""active"",76]",-304.86142006969999,-69.591191799900002
1657,162052305224799,"[""ring18"",""active"",77]",-305.82934402799998,-81.735460737400004
1658,177328063126791,"[""ring18"",""active"",78]",-306.31368893159998,-93.9086096658
1659,201306233856411,"[""ring18"",""active"",79]",-306.31368893159998,-106.0913903342
1660,159810078970497,"[""ring18"",""active"",80]",-305.82934402799998,-118.2645392626
1661,26286432051957,"[""ring18"",""active"",81]",-304.86142006969999,-130.4088082001
1662,106877602394727,"[""ring18"",""active"",82]",-303.41144754340002,-142.50499456150001
1663,102794912343445,"[""ring18"",""active"",83]",-301.4817191537,-154.53397178980001
1664,246876766591778,"[""ring18"",""active"",84]",-299.07528619790003,-166.4767195995
1665,67995143019354,"[""ring18"",""active"",85]",-296.19595374099998,-178.3143540515
1666,114118865286952,"[""ring18"",""active"",86]",-292.84827459960002,-190.0281574126
1667,239270968938449,"[""ring18"",""active"",150]",292.84827459960002,-190.0281574126
1668,80384939527472,"[""ring18"",""active"",151]",296.19595374099998,-178.3143540515
1669,160932634190881,"[""ring18"",""active"",152]",299.07528619790003,-166.4767195995
1670,86185192178947,"[""ring18"",""active"",153]",301.4817191537,-154.53397178980001
1671,242510706321133,"[""ring18"",""active"",154]",303.41144754340002,-142.50499456150001
1672,188817121249457,"[""ring18"",""active"",155]",304.86142006969999,-130.4088082001
1673,180769814796880,"[""ring18"",""active"",156]",305.82934402799998,-118.2645392626
1674,86144735613203,"[""ring18"",""active"",157]",306.31368893159998,-106.0913903342
1675,80417162532152,"[""ring19"",""active"",0]",318.4267732587,-93.936435676100004
1676,164174908366175,"[""ring19"",""active"",1]",317.96508487940002,-81.8180986168
1677,6909989444034,"[""ring19"",""active"",2]",317.04237752469999,-69.726123576299997
1678,198461130717884,"[""ring19"",""active"",3]",315.65998903219997,-57.678042762399997
1679,258789264602960,"[""ring19"",""active"",4]",313.819923733,-45.691324740500001
1680,42167234651988,"[""ring19"",""active"",5]",311.5248495459,-33.783349105799999
1681,2327218371915,"[""ring19"",""active"",6]",308.77809410899999,-21.9713812844
1682,6790610267480,"[""ring19"",""active"",7]",305.58363995510001,-10.2725475006
1683,133349311851532,"[""ring19"",""active"",8]",301.94611873740001,1.2961900551000001
1684,54768823658163,"[""ring19"",""active"",9]",297.87080451380001,12.7180578192
1685,57360425040979,"[""ring19"",""active"",10]",293.36360610050002,23.9764951754
1686,3265448839071,"[""ring19"",""active"",11]",288.43105850410001,35.055178466000001
1687,96812547267648,"[""ring19"",""active"",12]",283.08031344710002,45.938044659100001
1688,135766017480940,"[""ring19"",""active"",13]",277.31912899849999,56.609314639300003
1689,239300882133747,"[""ring19"",""active"",14]",271.15585832469998,67.053516085300004
1690,11427387278160,"[""ring19"",""active"",15]",264.59943757910003,77.255505903400007
1691,233906880639778,"[""ring19"",""active"",16]",257.65937294499997,87.200492183700007
1692,25519697885984,"[""ring19"",""active"",17]",250.3457268526,96.874055647000006
1693,35693125326166,"[""ring19"",""active"",18]",242.6691033896,106.2621705509
1694,254271760492824,"[""ring19"",""active"",19]",234.64063292599999,115.3512250263
1695,15342883159364,"[""ring19"",""active"",20]",226.2719559766,124.1280408133
1696,140087184077929,"[""ring19"",""active"",21]",217.5752063228,132.57989236789999
1697,133516759985974,"[""ring19"",""active"",22]",208.5629934202,140.69452531339999
1698,25664232707452,"[""ring19"",""active"",23]",199.24838411600001,148.4601742079
1699,87560163203732,"[""ring19"",""active"",24]",189.64488370320001,155.86557960280001
1700,93188402482093,"[""ring19"",""active"",25]",179.76641633919999,162.9000043682
1701,105712438482977,"[""ring19"",""active"",26]",169.6273048573,169.5532492609
1702,95390922516384,"[""ring19"",""active"",27]",159.24225000000001,175.81566771160001
1703,11752238171204,"[""ring19"",""active"",28]",148.62630910390001,181.6781798124
1704,156410186679370,"[""ring19"",""active"",29]",137.79487426829999,187.13228548110001
1705,226620961609507,"[""ring19"",""active"",30]",126.7636500385,192.1700767861
1706,204503545529657,"[""ring19"",""active"",31]",115.5486306347,196.7842494114
1707,200890586498772,"[""ring19"",""active"",32]",104.1660767632,200.96811324789999
1708,152803476474171,"[""ring19"",""active"",33]",92.632492038699993,204.71560209309999
1709,272708853521373,"[""ring19"",""active"",34]",80.964599056400004,208.02128244630001
1710,265837752506308,"[""ring19"",""active"",35]",69.179315145900006,210.88036138710001
1711,19477370167863,"[""ring19"",""active"",36]",57.293727842000003,213.2886935244
1712,38289667248126,"[""ring19"",""active"",37]",45.325070109999999,215.24278700670001
1713,245276864947409,"[""ring19"",""active"",38]",33.290695359600001,216.7398085854
1714,128528741801345,"[""ring19"",""active"",39]",21.208052283400001,217.77758772230001
1715,209397250092406,"[""ring19"",""active"",40]",9.0946595590000001,218.3546197368
1716,186912821600874,"[""ring19"",""active"",41]",-3.0319195523000002,218.47006798769999
1717,139553662965706,"[""ring19"",""active"",42]",-15.1541026702,218.12376508599999
1718,93806919789147,"[""ring19"",""active"",43]",-27.254313787899999,217.31621313790001
1719,163644871786656,"[""ring19"",""active"",44]",-39.315008756099999,216.0485830165
1720,137172614678648,"[""ring19"",""active"",45]",-51.318700720300001,214.32271266430001
1721,32485782020197,"[""ring19"",""active"",46]",-63.247985474399997,212.14110442820001
1722,152875726376527,"[""ring19"",""active"",47]",-75.085566696300006,209.50692143169999
1723,244155150709629,"[""ring19"",""active"",48]",-86.814281024600007,206.4239829883
1724,73235561139386,"[""ring19"",""active"",49]",-98.417122945000003,202.89675906400001
1725,130226342297397,"[""ring19"",""active"",50]",-109.8772694459,198.93036379630001
1726,12290890876818,"[""ring19"",""active"",51]",-121.1781044105,194.530548079
1727,207502900180019,"[""ring19"",""active"",52]",-132.30324270840001,189.70369122450001
1728,115215119629411,"[""ring19"",""active"",53]",-143.23655395270001,184.45679171360001
1729,41657173831006,"[""ring19"",""active"",54]",-153.9621858873,178.79745704909999
1730,268654797521524,"[""ring19"",""active"",55]",-164.4645873714,172.73389272520001
1731,34723539270648,"[""ring19"",""active"",56]",-174.72853092669999,166.27489033040001
1732,160236057663466,"[""ring19"",""active"",57]",-184.73913481630001,159.42981480079999
1733,9247724698969,"[""ring19"",""active"",58]",-194.48188462179999,152.2085908414
1734,99675956044625,"[""ring19"",""active"",59]",-203.9426542871,144.62168853680001
1735,170954525565605,"[""ring19"",""active"",60]",-213.10772660090001,136.68010816980001
1736,32464463123110,"[""ring19"",""active"",61]",-221.96381308439999,128.39536427280001
1737,60188997605917,"[""ring19"",""active"",62]",-230.49807325890001,119.77946893239999
1738,4210324774030,"[""ring19"",""active"",63]",-238.69813326299999,110.8449143732
1739,248007543782829,"[""ring19"",""active"",64]",-246.5521037936,101.6046548451
1740,203505867274245,"[""ring19"",""active"",65]",-254.04859734429999,92.0720878411
1741,50282950338760,"[""ring19"",""active"",66]",-261.17674471620001,82.261034671999994
1742,126918555497847,"[""ring19"",""active"",67]",-267.92621077699999,72.185720426900005
1743,64567352066092,"[""ring19"",""active"",68]",-274.28720944610001,61.860753348400003
1744,35410024593946,"[""ring19"",""active"",69]",-280.25051788370001,51.3011036515
1745,240389882602176,"[""ring19"",""active"",70]",-285.80748986259999,40.522081818899998
1746,190560676712574,"[""ring19"",""active"",71]",-290.95006830459999,29.539316401699999
1747,274949299100779,"[""ring19"",""active"",72]",-295.67079696270002,18.368731359800002
1748,123329586181351,"[""ring19"",""active"",73]",-299.96283123159998,7.0265229734999997
1749,185162908392774,"[""ring19"",""active"",74]",-303.8199480719,-4.4708636392000001
1750,207665246418798,"[""ring19"",""active"",75]",-307.236555033,-16.106758366899999
1751,54063286344905,"[""ring19"",""active"",76]",-310.20769836139999,-27.864290274799998
1752,154833855350422,"[""ring19"",""active"",77]",-312.72907018339998,-39.7264120655
1753,50713802602784,"[""ring19"",""active"",78]",-314.79701475069999,-51.675924796499999
1754,32112557538704,"[""ring19"",""active"",79]",-316.40853374160002,-63.695502816699999
1755,153387489493047,"[""ring19"",""active"",80]",-317.56129060749998,-75.767718887100003
1756,172892419274941,"[""ring19"",""active"",81]",-318.25361396120002,-87.8750694485
1757,270735859433160,"[""ring19"",""active"",82]",-318.48450000000003,-100
1758,132312952946540,"[""ring19"",""active"",83]",-318.25361396120002,-112.1249305515
1759,65659170498141,"[""ring19"",""active"",84]",-317.56129060749998,-124.2322811129
1760,17336838421526,"[""ring19"",""active"",85]",-316.40853374160002,-136.30449718329999
1761,131659654320323,"[""ring19"",""active"",86]",-314.79701475069999,-148.3240752035
1762,119283998772800,"[""ring19"",""active"",160]",313.819923733,-154.30867525950001
1763,177183242707390,"[""ring19"",""active"",161]",315.65998903219997,-142.3219572376
1764,87898585291779,"[""ring19"",""active"",162]",317.04237752469999,-130.27387642369999
1765,102540618994406,"[""ring19"",""active"",163]",317.96508487940002,-118.1819013832
1766,117336422054048,"[""ring19"",""active"",164]",318.4267732587,-106.0635643239
1767,196339814985697,"[""ring20"",""active"",0]",330.53895936999999,-93.926692318999997
1768,234080391320086,"[""ring20"",""active"",1]",330.0927473049,-81.7882756371
1769,129237540857754,"[""ring20"",""active"",2]",329.2009255401,-69.674443927400006
1770,183088262793326,"[""ring20"",""active"",3]",327.86469799299999,-57.601550293599999
1771,185682095003971,"[""ring20"",""active"",4]",326.08586850810002,-45.585892574799999
1772,154410032273212,"[""ring20"",""active"",5]",323.86683842159999,-33.643691344399997
1773,59575505862370,"[""ring20"",""active"",6]",321.2106033197,-21.791068013099999
1774,224170047728808,"[""ring20"",""active"",7]",318.12074899520002,-10.044023065299999
1775,78194818953670,"[""ring20"",""active"",8]",314.6014466062,1.5815855401000001
1776,122608968701962,"[""ring20"",""active"",9]",310.65744704560001,13.0700637777
1777,202598441108029,"[""ring20"",""active"",10]",306.29407452740003,24.405902741799999
1778,94934668134722,"[""ring20"",""active"",11]",301.51721939949999,35.573799582200003
1779,53729414262073,"[""ring20"",""active"",12]",296.33333019200001,46.558678163000003
1780,224944812445364,"[""ring20"",""active"",13]",290.74940491170003,57.345709414200002
1781,249173392196016,"[""ring20"",""active"",14]",284.7729815953,67.920331350500007
1782,165941016518796,"[""ring20"",""active"",15]",278.41212813359999,78.268268729100001
1783,57522986425160,"[""ring20"",""active"",16]",271.67543137989998,88.375552320599994
1784,80287007484599,"[""ring20"",""active"",17]",264.57198555830001,98.228537767199995
1785,165763592646768,"[""ring20"",""active"",18]",257.11137998679999,107.81392400129999
1786,169889807896768,"[""ring20"",""active"",19]",249.30368613249999,117.11877120210001
1787,66342759838077,"[""ring20"",""active"",20]",241.15944401530001,126.1305182628
1788,169736278969944,"[""ring20"",""active"",21]",232.68964797929999,134.83699974839999
1789,32796543426627,"[""ring20"",""active"",22]",223.90573185119999,143.22646231799999
1790,68332999914388,"[""ring20"",""active"",23]",214.81955350519999,151.2875805912
1791,194588380487749,"[""ring20"",""active"",24]",205.44337885499999,159.0094724372
1792,98954439059017,"[""ring20"",""active"",25]",195.78986529599999,166.38171366469999
1793,105731197563646,"[""ring20"",""active"",26]",185.87204461779999,173.39435209449999
1794,192113044057481,"[""ring20"",""active"",27]",175.7033054124,180.03792099410001
1795,267354279475119,"[""ring20"",""active"",28]",165.29737499999999,186.30345185780001
1796,231516307735255,"[""ring20"",""active"",29]",154.66830089769999,192.1824865131
1797,172206806907177,"[""ring20"",""active"",30]",143.83043185610001,197.6670885396
1798,149507773042685,"[""ring20"",""active"",31]",132.79839848930001,202.74985398219999
1799,200156666146780,"[""ring20"",""active"",32]",121.58709352389999,207.42392134639999
1800,18611197678508,"[""ring20"",""active"",33]",110.211651695,211.68298086070001
1801,177718223928633,"[""ring20"",""active"",34]",98.687429314400006,215.52128299509999
1802,256455196178599,"[""ring20"",""active"",35]",87.029983540999993,218.93364622190001
1803,235323863538756,"[""ring20"",""active"",36]",75.255051378900006,221.91546401119999
1804,15943802155415,"[""ring20"",""active"",37]",63.378528433200003,224.46271104889999
1805,185280901634515,"[""ring20"",""active"",38]",51.416447451899998,226.57194867129999
1806,79836920781692,"[""ring20"",""active"",39]",39.3849566823,228.24032950680001
1807,106353068916056,"[""ring20"",""active"",40]",27.3002980716,229.46560131940001
1808,137382016993202,"[""ring20"",""active"",41]",15.178785341199999,230.24611005
1809,124080633610874,"[""ring20"",""active"",42]",3.0367819638000002,230.5808020483
1810,72798260696514,"[""ring20"",""active"",43]",-9.1093209266000006,230.4692254958
1811,53669186850719,"[""ring20"",""active"",44]",-21.243126661800002,229.91153101579999
1812,81721533174650,"[""ring20"",""active"",45]",-33.348255174000002,228.9084714695
1813,188361387199280,"[""ring20"",""active"",46]",-45.408365108600002,227.46140094020001
1814,269629187836502,"[""ring20"",""active"",47]",-57.407175883800001,225.57227290509999
1815,70877225213662,"[""ring20"",""active"",48]",-69.328489668700001,223.2436375984
1816,224518187708682,"[""ring20"",""active"",49]",-81.156213249900006,220.4786385681
1817,55892366820952,"[""ring20"",""active"",50]",-92.874379756300002,217.2810084333
1818,102521658914127,"[""ring20"",""active"",51]",-104.4671702137,213.65506384419999
1819,56062407163641,"[""ring20"",""active"",52]",-115.9189348996,209.60569965569999
1820,137664004298440,"[""ring20"",""active"",53]",-127.2142144697,205.13838231930001
1821,61579366192012,"[""ring20"",""active"",54]",-138.3377608273,200.2591425034
1822,1950715800013,"[""ring20"",""active"",55]",-149.27455770739999,194.9745669525
1823,79442100847761,"[""ring20"",""active"",56]",-160.0098409483,189.2917895953
1824,141739552123550,"[""ring20"",""active"",57]",-170.52911842169999,183.2184819144
1825,66207696425752,"[""ring20"",""active"",58]",-180.81818959739999,176.76284258960001
1826,152948188147364,"[""ring20"",""active"",59]",-190.8631647128,169.93358643080001
1827,191647137491667,"[""ring20"",""active"",60]",-200.6504835234,162.7399326128
1828,58280605015421,"[""ring20"",""active"",61]",-210.16693360849999,155.19159223049999
1829,104286687855580,"[""ring20"",""active"",62]",-219.39966820789999,147.29875518860001
1830,52556045685329,"[""ring20"",""active"",63]",-228.33622356340001,139.07207644639999
1831,176751109349285,"[""ring20"",""active"",64]",-236.9645357453,130.52266163350001
1832,151869936480162,"[""ring20"",""active"",65]",-245.2729569375,121.66205205830001
1833,159404042683435,"[""ring20"",""active"",66]",-253.25027116179999,112.50220912739999
1834,58318370150846,"[""ring20"",""active"",67]",-260.88570941879999,103.0554981985
1835,230169472788567,"[""ring20"",""active"",68]",-268.16896422550002,93.334671887300004
1836,33426951964673,"[""ring20"",""active"",69]",-275.09020353019997,83.352852852799998
1837,125406603809863,"[""ring20"",""active"",70]",-281.64008398509998,73.123516081600002
1838,41483773868676,"[""ring20"",""active"",71]",-287.80976355910002,62.660470697699999
1839,139662029704486,"[""ring20"",""active"",72]",-293.59091347489999,51.977841320899998
1840,111518255249667,"[""ring20"",""active"",73]",-298.9757294515,41.0900489988
1841,228794599588889,"[""ring20"",""active"",74]",-303.95694224049998,30.0117917396
1842,128228961783974,"[""ring20"",""active"",75]",-308.5278274387,18.758024670000001
1843,98361663629905,"[""ring20"",""active"",76]",-312.68221456570001,7.3439398468999997
1844,168827426811671,"[""ring20"",""active"",77]",-316.4144953942,-4.2150542515999998
1845,8014908708169,"[""ring20"",""active"",78]",-319.71963152030003,-15.9033535265
1846,28451691466524,"[""ring20"",""active"",79]",-322.59316116560001,-27.705179322900001
1847,223310813535360,"[""ring20"",""active"",80]",-325.03120520009998,-39.604599730499999
1848,75216244663238,"[""ring20"",""active"",81]",-327.03047237890001,-51.585551090899997
1849,216093050985634,"[""ring20"",""active"",82]",-328.5882637853,-63.6318596825
1850,119764513011608,"[""ring20"",""active"",83]",-329.70247647389999,-75.727263554900006
1851,120012735270283,"[""ring20"",""active"",84]",-330.37160631009999,-87.855434481000003
1852,218373099640218,"[""ring20"",""active"",85]",-330.59474999999998,-100
1853,28249106700817,"[""ring20"",""active"",86]",-330.37160631009999,-112.144565519
1854,115766753121436,"[""ring20"",""active"",170]",330.53895936999999,-106.073307681
1855,187846842466036,"[""ring21"",""active"",2]",341.356351996,-69.6263604918
1856,102896117377068,"[""ring21"",""active"",3]",340.0633151852,-57.530496938900001
1857,110371266887418,"[""ring21"",""active"",4]",338.3418015048,-45.488144596799998
1858,29914931370337,"[""ring21"",""active"",5]",336.19398004729999,-33.514476726399998
1859,138082321436572,"[""ring21"",""active"",6]",333.62255704939997,-21.6245800469
1860,34993949294007,"[""ring21"",""active"",7]",330.63077248209999,-9.8334357263999994
1861,275515080803394,"[""ring21"",""active"",8]",327.22239596830002,1.844099494
1862,281389260332159,"[""ring21"",""active"",9]",323.40172203340001,13.3933120198
1863,190871916934041,"[""ring21"",""active"",10]",319.17356469380002,24.799649941999999
1864,143133634176524,"[""ring21"",""active"",11]",314.54325139159999,36.0487413723
1865,244690956127829,"[""ring21"",""active"",12]",309.51661628199997,47.1264125517
1866,204448031959903,"[""ring21"",""active"",13]",304.0999928823,58.018705709199999
1867,258294407032245,"[""ring21"",""active"",14]",298.3002060915,68.711896648600003
1868,177609762776696,"[""ring21"",""active"",15]",292.12456359160001,79.192512040599993
1869,105172938710935,"[""ring21"",""active"",16]",285.58084663919999,89.447346399599994
1870,127223541188007,"[""ring21"",""active"",17]",278.6773002617,99.463478721900003
1871,214406591817547,"[""ring21"",""active"",18]",271.4226228686,109.2282887664
1872,29583187833191,"[""ring21"",""active"",19]",263.82595529129998,118.729472956
1873,212140445188074,"[""ring21"",""active"",20]",255.8968692661,127.9550598798
1874,152734073453297,"[""ring21"",""active"",21]",247.64535537360001,136.89342537709999
1875,63523999754764,"[""ring21"",""active"",22]",239.08181045059999,145.53330718390001
1876,135574700611258,"[""ring21"",""active"",23]",230.21702449060001,153.86381912300001
1877,183238173394401,"[""ring21"",""active"",24]",221.06216704799999,161.87446482050001
1878,165259471032153,"[""ring21"",""active"",25]",211.6287731651,169.55515093130001
1879,257109685904341,"[""ring21"",""active"",26]",201.92872883749999,176.89619985670001
1880,277706360066451,"[""ring21"",""active"",27]",191.97425603790001,183.88836193770001
1881,238621239644679,"[""ring21"",""active"",28]",181.7778973172,190.52282710989999
1882,25746603470639,"[""ring21"",""active"",29]",171.35249999999999,196.7912360039
1883,2136767469297,"[""ring21"",""active"",30]",160.7111999979,202.6856904782
1884,266919169064262,"[""ring21"",""active"",31]",149.8674052579,208.1987635703
1885,187103468035798,"[""ring21"",""active"",32]",138.83477886860001,213.32350885549999
1886,108319536364705,"[""ring21"",""active"",33]",127.62722184490001,218.05346919839999
1887,151772599394285,"[""ring21"",""active"",34]",116.25885561299999,222.38268488950001
1888,252725651360732,"[""ring21"",""active"",35]",104.744004217,226.30570115399999
1889,81440726705628,"[""ring21"",""active"",36]",93.097176271199999,229.81757502490001
1890,82986948758250,"[""ring21"",""active"",37]",81.333046679299997,232.91388157130001
1891,257286547541682,"[""ring21"",""active"",38]",69.466438143999994,235.5907194733
1892,76379606568897,"[""ring21"",""active"",39]",57.5123024906,237.84471593800001
1893,192360787972710,"[""ring21"",""active"",40]",45.4857018278,239.67303094920001
1894,108887979063300,"[""ring21"",""active"",41]",33.401789569500004,241.07336084569999
1895,9707543976464,"[""ring21"",""active"",42]",21.275791342000002,242.0439412236
1896,235051967456065,"[""ring21"",""active"",43]",9.1229857993000003,242.58354916010001
1897,248568575966378,"[""ring21"",""active"",44]",-3.0413146274999998,242.6915047537
1898,56266112536894,"[""ring21"",""active"",45]",-15.201783023799999,242.36767198129999
1899,72309401645807,"[""ring21"",""active"",46]",-27.3430973036,241.61245886949999
1900,137706384511391,"[""ring21"",""active"",47]",-39.449959514500001,240.4268169803
1901,97473119878354,"[""ring21"",""active"",48]",-51.507115113700003,238.8122402123
1902,233950657086445,"[""ring21"",""active"",49]",-63.499372188300001,236.7707629185
1903,51430324629691,"[""ring21"",""active"",50]",-75.411620596800006,234.30495734280001
1904,138958469651518,"[""ring21"",""active"",51]",-87.228851008099994,231.41793037919999
1905,229986469746932,"[""ring21"",""active"",52]",-98.936173812999996,228.11331965689999
1906,211600126175996,"[""ring21"",""active"",53]",-110.51883788480001,224.39528895719999
1907,19476505624503,"[""ring21"",""active"",54]",-121.9622491658,220.26852296690001
1908,194052533287993,"[""ring21"",""active"",55]",-133.25198905560001,215.7382213761
1909,148123392631972,"[""ring21"",""active"",56]",-144.37383257849999,210.81009232580001
1910,234270516919715,"[""ring21"",""active"",57]",-155.31376630669999,205.49034521670001
1911,170295456254668,"[""ring21"",""active"",58]",-166.0580060174,199.78568288450001
1912,137666871444390,"[""ring21"",""active"",59]",-176.59301406020001,193.7032931551
1913,257621263878560,"[""ring21"",""active"",60]",-186.9055164152,187.2508397874
1914,65731315052332,"[""ring21"",""active"",61]",-196.98251941749999,180.43645281760001
1915,75842427205242,"[""ring21"",""active"",62]",-206.81132612959999,173.268718315
1916,258035917648931,"[""ring21"",""active"",63]",-216.37955233900001,165.75666756370001
1917,138750280357757,"[""ring21"",""active"",64]",-225.67514216250001,157.90976568350001
1918,163038539327807,"[""ring21"",""active"",65]",-234.68638323639999,149.73789970370001
1919,91528293230572,"[""ring21"",""active"",66]",-243.40192147389999,141.2513661056
1920,164722565347743,"[""ring21"",""active"",67]",-251.8107753715,132.4608578488
1921,18741108580529,"[""ring21"",""active"",68]",-259.90234984509999,123.3774508986
1922,22655680139135,"[""ring21"",""active"",69]",-267.66644958009999,114.0125902703
1923,209251381934845,"[""ring21"",""active"",70]",-275.0932918771,104.3780756079
1924,166984755071973,"[""ring21"",""active"",71]",-282.17351897840001,94.486046317800003
1925,209168461923326,"[""ring21"",""active"",72]",-288.89820985839998,84.3489662721
1926,269584347076417,"[""ring21"",""active"",73]",-295.25889146409997,73.979608105099999
1927,237349919418326,"[""ring21"",""active"",74]",-301.24754939090002,63.391037119400004
1928,112085597460893,"[""ring21"",""active"",75]",-306.85663798119998,52.596594824
1929,32976345520012,"[""ring21"",""active"",76]",-312.07908983120001,41.609882123799999
1930,38340988529189,"[""ring21"",""active"",77]",-316.90832469639997,30.444742182799999
1931,112378154584070,"[""ring21"",""active"",78]",-321.33825778189998,19.115242982000002
1932,37713005939272,"[""ring21"",""active"",79]",-325.36330741019998,7.6356595934999998
1933,179362524907513,"[""ring21"",""active"",80]",-328.97840205289998,-3.9795438058000001
1934,45583933521727,"[""ring21"",""active"",81]",-332.17898672180002,-15.715732159
1935,105957831844094,"[""ring21"",""active"",82]",-334.96102870750002,-27.558117969000001
1936,18620821620625,"[""ring21"",""active"",83]",-337.32102266099997,-39.491779931000004
1937,11570893606882,"[""ring21"",""active"",84]",-339.25599501009998,-51.501681732900003
1938,151715730149763,"[""ring21"",""active"",85]",-340.76350770599998,-63.572691001199999
1939,57533530488706,"[""ring22"",""active"",6]",346.1108399254,-21.890153509800001
1940,125595745758452,"[""ring22"",""active"",7]",343.24230817120002,-10.1190814809
1941,107845762377403,"[""ring22"",""active"",8]",339.97357123979998,1.5471934177
1942,116355921716325,"[""ring22"",""active"",9]",336.30844033210002,13.095068831200001
1943,193207473556417,"[""ring22"",""active"",10]",332.25118882689998,24.511080453400002
1944,33303182028197,"[""ring22"",""active"",11]",327.80654729790001,35.781917725500001
1945,224875896278474,"[""ring22"",""active"",12]",322.97969799830003,46.894439355300001
1946,228819173469228,"[""ring22"",""active"",13]",317.77626881840001,57.835688639899999
1947,66837460426742,"[""ring22"",""active"",14]",312.20232672399999,68.592908571799995
1948,59709388449451,"[""ring22"",""active"",15]",306.26437068220002,79.153556713900002
1949,194472066619383,"[""ring22"",""active"",16]",299.96932408399999,89.505319822800004
1950,52358747611243,"[""ring22"",""active"",17]",293.3245266724,99.636128205800006
1951,231475696044089,"[""ring22"",""active"",18]",286.33772598370001,109.5341697935
1952,118966798040174,"[""ring22"",""active"",19]",279.0170683151,119.1879039122
1953,9899031480923,"[""ring22"",""active"",20]",271.37108922589999,128.5860747397
1954,141502903083873,"[""ring22"",""active"",21]",263.40870358569998,137.71772442930001
1955,172862148257048,"[""ring22"",""active"",22]",255.13919518009999,146.57220588589999
1956,106659757751851,"[""ring22"",""active"",23]",246.57220588589999,155.13919518009999
1957,221208546924957,"[""ring22"",""active"",24]",237.71772442930001,163.40870358570001
1958,195504718181077,"[""ring22"",""active"",25]",228.5860747397,171.37108922589999
1959,10820651053037,"[""ring22"",""active"",26]",219.1879039122,179.0170683151
1960,237759111622489,"[""ring22"",""active"",27]",209.53416979350001,186.33772598370001
1961,139164730123232,"[""ring22"",""active"",28]",199.63612820579999,193.3245266724
1962,92300581925034,"[""ring22"",""active"",29]",189.5053198228,199.96932408399999
1963,122421230801569,"[""ring22"",""active"",30]",179.1535567139,206.2643706822
1964,53178161524911,"[""ring22"",""active"",31]",168.5929085718,212.20232672399999
1965,63467716104247,"[""ring22"",""active"",32]",157.83568863990001,217.77626881840001
1966,167751271623566,"[""ring22"",""active"",33]",146.89443935529999,222.9796979983
1967,182600265393067,"[""ring22"",""active"",34]",135.78191772549999,227.80654729790001
1968,101933987258619,"[""ring22"",""active"",35]",124.5110804534,232.25118882690001
1969,54673075798481,"[""ring22"",""active"",36]",113.0950688312,236.30844033209999
1970,74116476765210,"[""ring22"",""active"",37]",101.5471934177,239.97357123980001
1971,195055049209871,"[""ring22"",""active"",38]",89.880918519100007,243.24230817119999
1972,262792545052223,"[""ring22"",""active"",39]",78.109846490199999,246.1108399254
1973,220117885923027,"[""ring22"",""active"",40]",66.247701874200004,248.57582192250001
1974,183675946504112,"[""ring22"",""active"",41]",54.3083154013,250.63438010390001
1975,141117461512258,"[""ring22"",""active"",42]",42.305607862000002,252.2841142828
1976,126577995742743,"[""ring22"",""active"",43]",30.253573876299999,253.52310094289999
1977,218212375497753,"[""ring22"",""active"",44]",18.166265576800001,254.34989548120001
1978,270368623799371,"[""ring22"",""active"",45]",6.0577762243000004,254.76353389229999
1979,122966240122593,"[""ring22"",""active"",46]",-6.0577762243000004,254.76353389229999
1980,103981055132913,"[""ring22"",""active"",47]",-18.166265576800001,254.34989548120001
1981,107948464922574,"[""ring22"",""active"",48]",-30.253573876299999,253.52310094289999
1982,255949345494494,"[""ring22"",""active"",49]",-42.305607862000002,252.2841142828
1983,34877087260188,"[""ring22"",""active"",50]",-54.3083154013,250.63438010390001
1984,97377047622373,"[""ring22"",""active"",51]",-66.247701874200004,248.57582192250001
1985,277411555592790,"[""ring22"",""active"",52]",-78.109846490199999,246.1108399254
1986,220503518175765,"[""ring22"",""active"",53]",-89.880918519100007,243.24230817119999
1987,190787266779524,"[""ring22"",""active"",54]",-101.5471934177,239.97357123980001
1988,265597356022259,"[""ring22"",""active"",55]",-113.0950688312,236.30844033209999
1989,173042217884110,"[""ring22"",""active"",56]",-124.5110804534,232.25118882690001
1990,132618413168491,"[""ring22"",""active"",57]",-135.78191772549999,227.80654729790001
1991,210371789318722,"[""ring22"",""active"",58]",-146.89443935529999,222.9796979983
1992,160040212516831,"[""ring22"",""active"",59]",-157.83568863990001,217.77626881840001
1993,239005669868478,"[""ring22"",""active"",60]",-168.5929085718,212.20232672399999
1994,110916036668362,"[""ring22"",""active"",61]",-179.1535567139,206.2643706822
1995,26137534605234,"[""ring22"",""active"",62]",-189.5053198228,199.96932408399999
1996,166514487772148,"[""ring22"",""active"",63]",-199.63612820579999,193.3245266724
1997,238280713318919,"[""ring22"",""active"",64]",-209.53416979350001,186.33772598370001
1998,87541064405727,"[""ring22"",""active"",65]",-219.1879039122,179.0170683151
1999,155478646514206,"[""ring22"",""active"",66]",-228.5860747397,171.37108922589999
2000,108807271109195,"[""ring22"",""active"",67]",-237.71772442930001,163.40870358570001
2001,257725145122836,"[""ring22"",""active"",68]",-246.57220588589999,155.13919518009999
2002,139744908749103,"[""ring22"",""active"",69]",-255.13919518009999,146.57220588589999
2003,1822815595464,"[""ring22"",""active"",70]",-263.40870358569998,137.71772442930001
2004,147882436203894,"[""ring22"",""active"",71]",-271.37108922589999,128.5860747397
2005,28008124705650,"[""ring22"",""active"",72]",-279.0170683151,119.1879039122
2006,45220370675439,"[""ring22"",""active"",73]",-286.33772598370001,109.5341697935
2007,245567369293603,"[""ring22"",""active"",74]",-293.3245266724,99.636128205800006
2008,249354784235887,"[""ring22"",""active"",75]",-299.96932408399999,89.505319822800004
2009,11203696527796,"[""ring22"",""active"",76]",-306.26437068220002,79.153556713900002
2010,214726477187220,"[""ring22"",""active"",77]",-312.20232672399999,68.592908571799995
2011,3948429331338,"[""ring22"",""active"",78]",-317.77626881840001,57.835688639899999
2012,141866094328854,"[""ring22"",""active"",79]",-322.97969799830003,46.894439355300001
2013,243387832627363,"[""ring22"",""active"",80]",-327.80654729790001,35.781917725500001
2014,43433197093668,"[""ring22"",""active"",81]",-332.25118882689998,24.511080453400002
2015,240005994730323,"[""ring22"",""active"",82]",-336.30844033210002,13.095068831200001
2016,115446878856569,"[""ring22"",""active"",83]",-339.97357123979998,1.5471934177
2017,12876274420031,"[""ring22"",""active"",84]",-343.24230817120002,-10.1190814809
2018,190211983382022,"[""ring22"",""active"",85]",-346.1108399254,-21.890153509800001
2019,221062647073014,"[""ring23"",""active"",9]",348.96688776989998,13.3862151695
2020,233787263201833,"[""ring23"",""active"",10]",345.0271623781,24.8622431786
2021,19191759559274,"[""ring23"",""active"",11]",340.71015484989999,36.201736157900001
2022,101626627220455,"[""ring23"",""active"",12]",336.02058576960002,47.392294538500003
2023,182847117562454,"[""ring23"",""active"",13]",330.96358311220001,58.421681608999997
2024,149357216329356,"[""ring23"",""active"",14]",325.54467663579999,69.277836896500006
2025,260572544799711,"[""ring23"",""active"",15]",319.76979183510002,79.948889354800002
2026,175509771518871,"[""ring23"",""active"",16]",313.64524346180002,90.423170344499994
2027,278917884124648,"[""ring23"",""active"",17]",307.17772861970002,100.6892263932
2028,198605637543972,"[""ring23"",""active"",18]",300.37431944129997,110.73583171929999
2029,242252960866190,"[""ring23"",""active"",19]",293.24245535469998,120.5520005074
2030,16161931824324,"[""ring23"",""active"",20]",285.7899349484,130.12699892110001
2031,229833085620917,"[""ring23"",""active"",21]",278.02490744419998,139.4503568401
2032,17795509507080,"[""ring23"",""active"",22]",269.95586378569999,148.5118793096
2033,242947255580395,"[""ring23"",""active"",23]",261.59162735349997,157.3016576876
2034,170428988699174,"[""ring23"",""active"",24]",252.94134431750001,165.81008048059999
2035,106293823328493,"[""ring23"",""active"",25]",244.01447363520001,174.02784385309999
2036,111469565484485,"[""ring23"",""active"",26]",234.82077670850001,181.94596180170001
2037,76780221903879,"[""ring23"",""active"",27]",225.37030670999999,189.55577598049999
2038,25128352658261,"[""ring23"",""active"",28]",215.67339759000001,196.84896516949999
2039,134124510805259,"[""ring23"",""active"",29]",205.74065277630001,203.81755437339999
2040,229840037737798,"[""ring23"",""active"",30]",195.58293357939999,210.45392354219999
2041,106613257445133,"[""ring23"",""active"",31]",185.21134731609999,216.7508159036
2042,207198314463800,"[""ring23"",""active"",32]",174.6372351638,222.70134589829999
2043,166065304027098,"[""ring23"",""active"",33]",163.87215975890001,228.29900670910001
2044,265405380967139,"[""ring23"",""active"",34]",152.9278925532,233.53767737620001
2045,45186216161021,"[""ring23"",""active"",35]",141.8164009422,238.41162949
2046,4460143286361,"[""ring23"",""active"",36]",130.54983517900001,242.91553345540001
2047,37371492208123,"[""ring23"",""active"",37]",119.1405150877,247.0444643196
2048,26524453641855,"[""ring23"",""active"",38]",107.6009165923,250.79390715740001
2049,43334649312220,"[""ring23"",""active"",39]",95.943658074499993,254.159762008
2050,196867025681636,"[""ring23"",""active"",40]",84.181486575099996,257.13834835850002
2051,132559118074572,"[""ring23"",""active"",41]",72.327263856100004,259.72640916860001
2052,38204869768324,"[""ring23"",""active"",42]",60.3939523361,261.9211144317
2053,182710248943602,"[""ring23"",""active"",43]",48.394600915799998,263.72006426979999
2054,220362098886556,"[""ring23"",""active"",44]",36.342330709899997,265.12129155780002
2055,92680825303001,"[""ring23"",""active"",45]",24.250320699,266.12326407410001
2056,198407378591608,"[""ring23"",""active"",46]",12.1317933184,266.72488617639999
2057,92836036995502,"[""ring23"",""active"",47]",0,266.9255
2058,104822327260968,"[""ring23"",""active"",48]",-12.1317933184,266.72488617639999
2059,117623883448496,"[""ring23"",""active"",49]",-24.250320699,266.12326407410001
2060,276270131586084,"[""ring23"",""active"",50]",-36.342330709899997,265.12129155780002
2061,209741499560634,"[""ring23"",""active"",51]",-48.394600915799998,263.72006426979999
2062,143961677220138,"[""ring23"",""active"",52]",-60.3939523361,261.9211144317
2063,182942892498471,"[""ring23"",""active"",53]",-72.327263856100004,259.72640916860001
2064,16215891065952,"[""ring23"",""active"",54]",-84.181486575099996,257.13834835850002
2065,278744439925560,"[""ring23"",""active"",55]",-95.943658074499993,254.159762008
2066,273808916878422,"[""ring23"",""active"",56]",-107.6009165923,250.79390715740001
2067,56800991338401,"[""ring23"",""active"",57]",-119.1405150877,247.0444643196
2068,169617879114393,"[""ring23"",""active"",58]",-130.54983517900001,242.91553345540001
2069,121930626409342,"[""ring23"",""active"",59]",-141.8164009422,238.41162949
2070,120678061666484,"[""ring23"",""active"",60]",-152.9278925532,233.53767737620001
2071,247016266106142,"[""ring23"",""active"",61]",-163.87215975890001,228.29900670910001
2072,242738715196904,"[""ring23"",""active"",62]",-174.6372351638,222.70134589829999
2073,180753170342963,"[""ring23"",""active"",63]",-185.21134731609999,216.7508159036
2074,258950298849356,"[""ring23"",""active"",64]",-195.58293357939999,210.45392354219999
2075,134326307652931,"[""ring23"",""active"",65]",-205.74065277630001,203.81755437339999
2076,189743711453430,"[""ring23"",""active"",66]",-215.67339759000001,196.84896516949999
2077,56977596792422,"[""ring23"",""active"",67]",-225.37030670999999,189.55577598049999
2078,90851163978647,"[""ring23"",""active"",68]",-234.82077670850001,181.94596180170001
2079,42533723503559,"[""ring23"",""active"",69]",-244.01447363520001,174.02784385309999
2080,191561531231348,"[""ring23"",""active"",70]",-252.94134431750001,165.81008048059999
2081,275829676214121,"[""ring23"",""active"",71]",-261.59162735349997,157.3016576876
2082,112753908648638,"[""ring23"",""active"",72]",-269.95586378569999,148.5118793096
2083,163518635563795,"[""ring23"",""active"",73]",-278.02490744419998,139.4503568401
2084,161254553905642,"[""ring23"",""active"",74]",-285.7899349484,130.12699892110001
2085,50216016787134,"[""ring23"",""active"",75]",-293.24245535469998,120.5520005074
2086,84337015256086,"[""ring23"",""active"",76]",-300.37431944129997,110.73583171929999
2087,71043794003371,"[""ring23"",""active"",77]",-307.17772861970002,100.6892263932
2088,25814073397310,"[""ring23"",""active"",78]",-313.64524346180002,90.423170344499994
2089,178402572748525,"[""ring23"",""active"",79]",-319.76979183510002,79.948889354800002
2090,161556804407975,"[""ring23"",""active"",80]",-325.54467663579999,69.277836896500006
2091,253075921294888,"[""ring23"",""active"",81]",-330.96358311220001,58.421681608999997
2092,17096158131307,"[""ring23"",""active"",82]",-336.02058576960002,47.392294538500003
2093,79026160185063,"[""ring23"",""active"",83]",-340.71015484989999,36.201736157900001
2094,234648491051599,"[""ring23"",""active"",84]",-345.0271623781,24.8622431786
2095,227640016890489,"[""ring23"",""active"",85]",-348.96688776989998,13.3862151695
2096,200277070210553,"[""ring24"",""active"",13]",344.0914424641,58.962822700799997
2097,219323826949666,"[""ring24"",""active"",14]",338.81964461270002,69.909823737699995
2098,169908568020246,"[""ring24"",""active"",15]",333.19968667270001,80.682230945000001
2099,191613220790577,"[""ring24"",""active"",16]",327.23734353079999,91.268974946200004
2100,226070041896337,"[""ring24"",""active"",17]",320.93874189759998,101.659177146
2101,199844792966767,"[""ring24"",""active"",18]",314.31035401219998,111.8421609095
2102,262575420507553,"[""ring24"",""active"",19]",307.35899099099998,121.8074625324
2103,38027884145492,"[""ring24"",""active"",20]",300.09179582949997,131.5448419937
2104,73701012990134,"[""ring24"",""active"",21]",292.51623606200002,141.04429347769999
2105,74521510415387,"[""ring24"",""active"",22]",284.64009608830003,150.29605565590001
2106,148584988045990,"[""ring24"",""active"",23]",276.47146917449999,159.29062171730001
2107,240627842932181,"[""ring24"",""active"",24]",268.01874913709997,168.0187491371
2108,193773095316661,"[""ring24"",""active"",25]",259.29062171729998,176.47146917449999
2109,222980411534294,"[""ring24"",""active"",26]",250.29605565590001,184.6400960883
2110,141561099459772,"[""ring24"",""active"",27]",241.04429347769999,192.51623606199999
2111,196536086807655,"[""ring24"",""active"",28]",231.5448419937,200.0917958295
2112,197827550994298,"[""ring24"",""active"",29]",221.8074625324,207.35899099100001
2113,248074285415363,"[""ring24"",""active"",30]",211.8421609095,214.31035401220001
2114,60940640924950,"[""ring24"",""active"",31]",201.65917714599999,220.93874189760001
2115,252416097513859,"[""ring24"",""active"",32]",191.26897494619999,227.23734353079999
2116,74342450093514,"[""ring24"",""active"",33]",180.68223094499999,233.19968667270001
2117,20225666753970,"[""ring24"",""active"",34]",169.90982373770001,238.81964461269999
2118,151155694842940,"[""ring24"",""active"",35]",158.96282270079999,244.0914424641
2119,162328731185936,"[""ring24"",""active"",36]",147.85247661790001,249.0096630983
2120,166959468841107,"[""ring24"",""active"",37]",136.59020212070001,253.56925271110001
2121,5850206264174,"[""ring24"",""active"",38]",125.1875719575,257.76552601589998
2122,98472940468487,"[""ring24"",""active"",39]",113.6563031016,261.59417105829999
2123,19701828127026,"[""ring24"",""active"",40]",102.00824471120001,265.05125364669999
2124,221181631788393,"[""ring24"",""active"",41]",90.255365953799995,268.13322139489998
2125,182196156155851,"[""ring24"",""active"",42]",78.409743706699999,270.83690737289999
2126,210384393170808,"[""ring24"",""active"",43]",66.483550147599999,273.15953336050001
2127,52054821784230,"[""ring24"",""active"",44]",54.489040246499997,275.09871270249999
2128,137073483869227,"[""ring24"",""active"",45]",42.438539173199999,276.65245276100001
2129,236363147489794,"[""ring24"",""active"",46]",30.344429632099999,277.81915696319999
2130,185063562080671,"[""ring24"",""active"",47]",18.219139138199999,278.59762644149998
2131,125335396341710,"[""ring24"",""active"",48]",6.0751272474000002,278.98706126590002
2132,47660881120559,"[""ring24"",""active"",49]",-6.0751272474000002,278.98706126590002
2133,195681711238749,"[""ring24"",""active"",50]",-18.219139138199999,278.59762644149998
2134,146364132776263,"[""ring24"",""active"",51]",-30.344429632099999,277.81915696319999
2135,242006095312795,"[""ring24"",""active"",52]",-42.438539173199999,276.65245276100001
2136,24568865142898,"[""ring24"",""active"",53]",-54.489040246499997,275.09871270249999
2137,235637730874526,"[""ring24"",""active"",54]",-66.483550147599999,273.15953336050001
2138,43717075562995,"[""ring24"",""active"",55]",-78.409743706699999,270.83690737289999
2139,92826395622882,"[""ring24"",""active"",56]",-90.255365953799995,268.13322139489998
2140,100771691659703,"[""ring24"",""active"",57]",-102.00824471120001,265.05125364669999
2141,148853577847673,"[""ring24"",""active"",58]",-113.6563031016,261.59417105829999
2142,115338910477986,"[""ring24"",""active"",59]",-125.1875719575,257.76552601589998
2143,91085862702413,"[""ring24"",""active"",60]",-136.59020212070001,253.56925271110001
2144,180430180510315,"[""ring24"",""active"",61]",-147.85247661790001,249.0096630983
2145,242310311901251,"[""ring24"",""active"",62]",-158.96282270079999,244.0914424641
2146,174985283718676,"[""ring24"",""active"",63]",-169.90982373770001,238.81964461269999
2147,177304213362875,"[""ring24"",""active"",64]",-180.68223094499999,233.19968667270001
2148,280885304589792,"[""ring24"",""active"",65]",-191.26897494619999,227.23734353079999
2149,181707612634253,"[""ring24"",""active"",66]",-201.65917714599999,220.93874189760001
2150,272292974374781,"[""ring24"",""active"",67]",-211.8421609095,214.31035401220001
2151,197742970690053,"[""ring24"",""active"",68]",-221.8074625324,207.35899099100001
2152,225338406389378,"[""ring24"",""active"",69]",-231.5448419937,200.0917958295
2153,23481573933285,"[""ring24"",""active"",70]",-241.04429347769999,192.51623606199999
2154,27281225297101,"[""ring24"",""active"",71]",-250.29605565590001,184.6400960883
2155,184672686012349,"[""ring24"",""active"",72]",-259.29062171729998,176.47146917449999
2156,29410985394741,"[""ring24"",""active"",73]",-268.01874913709997,168.0187491371
2157,124396721192526,"[""ring24"",""active"",74]",-276.47146917449999,159.29062171730001
2158,247916299868933,"[""ring24"",""active"",75]",-284.64009608830003,150.29605565590001
2159,182331503111437,"[""ring24"",""active"",76]",-292.51623606200002,141.04429347769999
2160,21638397362788,"[""ring24"",""active"",77]",-300.09179582949997,131.5448419937
2161,147190922257799,"[""ring24"",""active"",78]",-307.35899099099998,121.8074625324
2162,23146289602364,"[""ring24"",""active"",79]",-314.31035401219998,111.8421609095
2163,195455105059769,"[""ring24"",""active"",80]",-320.93874189759998,101.659177146
2164,198527060137764,"[""ring24"",""active"",81]",-327.23734353079999,91.268974946200004
2165,175805957113319,"[""ring24"",""active"",82]",-333.19968667270001,80.682230945000001
2166,17432766208722,"[""ring24"",""active"",83]",-338.81964461270002,69.909823737699995
2167,23678890064662,"[""ring24"",""active"",84]",-344.0914424641,58.962822700799997
2168,124754183062825,"[""ring25"",""active"",17]",334.61431904929998,102.5548093805
2169,76964437138499,"[""ring25"",""active"",18]",328.15303350400001,112.86328926829999
2170,162660184732723,"[""ring25"",""active"",19]",321.37428109220002,122.96583767129999
2171,240057048377566,"[""ring25"",""active"",20]",314.28461981909999,132.85268102640001
2172,53890821004426,"[""ring25"",""active"",21]",306.8909084741,142.51425445109999
2173,126757585051374,"[""ring25"",""active"",22]",299.20029999529999,151.94121099719999
2174,171248947633630,"[""ring25"",""active"",23]",291.22023454980001,161.12443069299999
2175,26451376693814,"[""ring25"",""active"",24]",282.95843233559998,170.0550293666
2176,228454111711432,"[""ring25"",""active"",25]",274.42288611269998,178.7243672404
2177,156775336642785,"[""ring25"",""active"",26]",265.62185347079998,187.12405729010001
2178,67777379234803,"[""ring25"",""active"",27]",256.56384884049999,195.24597335799999
2179,47993321589188,"[""ring25"",""active"",28]",247.25763525639999,203.08225801489999
2180,125710786495711,"[""ring25"",""active"",29]",237.7122158791,210.62533016130001
2181,82504666956167,"[""ring25"",""active"",30]",227.9368252854,217.86789236230001
2182,88988495367815,"[""ring25"",""active"",31]",217.94092053419999,224.80293790650001
2183,118336863109641,"[""ring25"",""active"",32]",207.73417201789999,231.42375758540001
2184,33071995459555,"[""ring25"",""active"",33]",197.32645410649999,237.7239461835
2185,230431841370738,"[""ring25"",""active"",34]",186.72783559480001,243.69740867519999
2186,179199003408098,"[""ring25"",""active"",35]",175.94856996190001,249.33836612140001
2187,162669639183760,"[""ring25"",""active"",36]",164.9990854509,254.64136126
2188,210291710557967,"[""ring25"",""active"",37]",153.88997498110001,259.60126378569998
2189,244632226173872,"[""ring25"",""active"",38]",142.63198589940001,264.21327531330002
2190,36510009265828,"[""ring25"",""active"",39]",131.236009583,268.47293401920001
2191,222353969637681,"[""ring25"",""active"",40]",119.713070903,272.376118959
2192,193373059910139,"[""ring25"",""active"",41]",108.0743175586,275.9190540532
2193,253352043236311,"[""ring25"",""active"",42]",96.331009291699999,279.09831174099997
2194,266255656553962,"[""ring25"",""active"",43]",84.494506994800005,281.91081629579998
2195,173683184817233,"[""ring25"",""active"",44]",72.576261719399994,284.35384680110002
2196,51005463727040,"[""ring25"",""active"",45]",60.587803598000001,286.42503978280001
2197,140989840786449,"[""ring25"",""active"",46]",48.540730689699998,288.1223914954
2198,2255754440157,"[""ring25"",""active"",47]",36.446697759300001,289.44425986070001
2199,120286578660717,"[""ring25"",""active"",48]",24.317405002800001,290.38936605639998
2200,175793760023825,"[""ring25"",""active"",49]",12.1645867274,290.9567957534
2201,49137254083481,"[""ring25"",""active"",50]",0,291.14600000000002
2202,74374311193287,"[""ring25"",""active"",51]",-12.1645867274,290.9567957534
2203,276790812181886,"[""ring25"",""active"",52]",-24.317405002800001,290.38936605639998
2204,83644482308735,"[""ring25"",""active"",53]",-36.446697759300001,289.44425986070001
2205,163175264289921,"[""ring25"",""active"",54]",-48.540730689699998,288.1223914954
2206,205539540028178,"[""ring25"",""active"",55]",-60.587803598000001,286.42503978280001
2207,127466556638726,"[""ring25"",""active"",56]",-72.576261719399994,284.35384680110002
2208,221865701010109,"[""ring25"",""active"",57]",-84.494506994800005,281.91081629579998
2209,256100426937860,"[""ring25"",""active"",58]",-96.331009291699999,279.09831174099997
2210,122509725981241,"[""ring25"",""active"",59]",-108.0743175586,275.9190540532
2211,4993059664279,"[""ring25"",""active"",60]",-119.713070903,272.376118959
2212,125920944004859,"[""ring25"",""active"",61]",-131.236009583,268.47293401920001
2213,147317463386880,"[""ring25"",""active"",62]",-142.63198589940001,264.21327531330002
2214,260379782544562,"[""ring25"",""active"",63]",-153.88997498110001,259.60126378569998
2215,168476051491059,"[""ring25"",""active"",64]",-164.9990854509,254.64136126
2216,10616337233747,"[""ring25"",""active"",65]",-175.94856996190001,249.33836612140001
2217,154401146165217,"[""ring25"",""active"",66]",-186.72783559480001,243.69740867519999
2218,45326395321126,"[""ring25"",""active"",67]",-197.32645410649999,237.7239461835
2219,49507025687669,"[""ring25"",""active"",68]",-207.73417201789999,231.42375758540001
2220,259499417272873,"[""ring25"",""active"",69]",-217.94092053419999,224.80293790650001
2221,127792590929921,"[""ring25"",""active"",70]",-227.9368252854,217.86789236230001
2222,85960775799929,"[""ring25"",""active"",71]",-237.7122158791,210.62533016130001
2223,237889203989733,"[""ring25"",""active"",72]",-247.25763525639999,203.08225801489999
2224,80749341375228,"[""ring25"",""active"",73]",-256.56384884049999,195.24597335799999
2225,160382129159043,"[""ring25"",""active"",74]",-265.62185347079998,187.12405729010001
2226,98524383104815,"[""ring25"",""active"",75]",-274.42288611269998,178.7243672404
2227,138073781285841,"[""ring25"",""active"",76]",-282.95843233559998,170.0550293666
2228,225364036224745,"[""ring25"",""active"",77]",-291.22023454980001,161.12443069299999
2229,213444848349963,"[""ring25"",""active"",78]",-299.20029999529999,151.94121099719999
2230,197248888657997,"[""ring25"",""active"",79]",-306.8909084741,142.51425445109999
2231,234520780815631,"[""ring25"",""active"",80]",-314.28461981909999,132.85268102640001
2232,40120386119221,"[""ring25"",""active"",81]",-321.37428109220002,122.96583767129999
2233,199026175465389,"[""ring25"",""active"",82]",-328.15303350400001,112.86328926829999
2234,20015047127374,"[""ring25"",""active"",83]",-334.61431904929998,102.5548093805
2235,132867709972771,"[""ring26"",""active"",22]",314.46694262760002,152.44037941369999
2236,119997441145645,"[""ring26"",""active"",23]",306.73685328440001,161.77873481489999
2237,96286015332634,"[""ring26"",""active"",24]",298.72955935380003,170.88051523199999
2238,188165463825796,"[""ring26"",""active"",25]",290.45229719679998,179.7374951935
2239,57847421334900,"[""ring26"",""active"",26]",281.91254715060001,188.34167045909999
2240,236085594169207,"[""ring26"",""active"",27]",273.11802676790001,196.68526525339999
2241,255187241147926,"[""ring26"",""active"",28]",264.07668384300001,204.7607392932
2242,239632297238098,"[""ring26"",""active"",29]",254.79668922889999,212.5607946017
2243,1345173829075,"[""ring26"",""active"",30]",245.28642945319999,220.07838210380001
2244,40334484534805,"[""ring26"",""active"",31]",235.55449913890001,227.30670799640001
2245,7870127271612,"[""ring26"",""active"",32]",225.60969323750001,234.2392398886
2246,172889424647471,"[""ring26"",""active"",33]",215.4609990806,240.86971270449999
2247,80821069530537,"[""ring26"",""active"",34]",205.1175882579,247.19213434540001
2248,234719118302147,"[""ring26"",""active"",35]",194.5888083287,253.2007911051
2249,52045198113719,"[""ring26"",""active"",36]",183.88417437429999,258.8902528333
2250,183157162850742,"[""ring26"",""active"",37]",173.01336039910001,264.25537784289997
2251,136144764463232,"[""ring26"",""active"",38]",161.98619058770001,269.29131755690003
2252,205695171795823,"[""ring26"",""active"",39]",150.8126304269,273.9935208901
2253,127306246615159,"[""ring26"",""active"",40]",139.50277769959999,278.3577383617
2254,223806985894447,"[""ring26"",""active"",41]",128.06685335910001,282.38002593589999
2255,244354508444845,"[""ring26"",""active"",42]",116.5151922922,286.05674858650002
2256,120112043799369,"[""ring26"",""active"",43]",104.8582339796,289.38458358119999
2257,123297861072270,"[""ring26"",""active"",44]",93.106513061399994,292.36052348520002
2258,259328716769589,"[""ring26"",""active"",45]",81.270649816399995,294.98187887860001
2259,5540729977930,"[""ring26"",""active"",46]",69.361340564800003,297.24628078699999
2260,128817495286612,"[""ring26"",""active"",47]",57.389348001400002,299.15168282249999
2261,12621325375734,"[""ring26"",""active"",48]",45.3654914695,300.69636303290002
2262,178940822042277,"[""ring26"",""active"",49]",33.300637182599999,301.87892545800003
2263,23952590042241,"[""ring26"",""active"",50]",21.205688405,302.6983013912
2264,265132272943637,"[""ring26"",""active"",51]",9.0915755979000004,303.15375034499999
2265,43170172059622,"[""ring26"",""active"",52]",-3.0307534585,303.2448607206
2266,108109023426078,"[""ring26"",""active"",53]",-15.1503435589,302.9715501796
2267,212762680432467,"[""ring26"",""active"",54]",-27.2562419731,302.33406571850003
2268,94350295489601,"[""ring26"",""active"",55]",-39.337508344500002,301.33298344560001
2269,22781247148274,"[""ring26"",""active"",56]",-51.383224576800004,299.96920806000003
2270,278475121399491,"[""ring26"",""active"",57]",-63.382504701499997,298.24397203450002
2271,180306898735464,"[""ring26"",""active"",58]",-75.324504714900002,296.15883450140001
2272,165528706291514,"[""ring26"",""active"",59]",-87.198432378899994,293.71567984360001
2273,169032926491513,"[""ring26"",""active"",60]",-98.993556973799997,290.91671599170002
2274,228567730717014,"[""ring26"",""active"",61]",-110.69921899569999,287.76447242860002
2275,152993005518245,"[""ring26"",""active"",62]",-122.30483979020001,284.26179790340001
2276,227255859649199,"[""ring26"",""active"",63]",-133.79993111190001,280.41185785739998
2277,175780829443969,"[""ring26"",""active"",64]",-145.1741046036,276.21813156280001
2278,256210454338346,"[""ring26"",""active"",65]",-156.4170811839,271.68440897890002
2279,225598712263367,"[""ring26"",""active"",66]",-167.51870033680001,266.81478732670001
2280,161779759005630,"[""ring26"",""active"",67]",-178.4689292942,261.61366738639998
2281,45236188503151,"[""ring26"",""active"",68]",-189.2578721024,256.08574952020001
2282,9399744318143,"[""ring26"",""active"",69]",-199.87577856530001,250.23602942439999
2283,102463380670853,"[""ring26"",""active"",70]",-210.31305305609999,244.0697936151
2284,53989245944009,"[""ring26"",""active"",71]",-220.5602631889,237.59261464990001
2285,15520135910018,"[""ring26"",""active"",72]",-230.60814834300001,230.81034609260001
2286,190389931305045,"[""ring26"",""active"",73]",-240.4476280319,223.72911722289999
2287,43654941741493,"[""ring26"",""active"",74]",-250.0698101095,216.35532749719999
2288,161790738443597,"[""ring26"",""active"",75]",-259.4659988061,208.69564076539999
2289,78456227931250,"[""ring26"",""active"",76]",-268.62770258730001,200.7569792486
2290,238780504941595,"[""ring26"",""active"",77]",-277.54664182729999,192.5465172831
2291,24818322259541,"[""ring26"",""active"",78]",-286.21475629190002,184.07167483730001
2292,92380224551111,"[""ring26"",""active"",79]",-294.62421242260001,175.34011080560001
2293,56184222294224,"[""ring26"",""active"",80]",-302.76741041579999,166.35971608739999
2294,229405355343748,"[""ring26"",""active"",81]",-310.63699109129999,157.13860645540001
2295,150984949967478,"[""ring27"",""active"",28]",279.43460636330002,207.32007758820001
2296,123852879436854,"[""ring27"",""active"",29]",270.33540964029999,215.35392120099999
2297,268432866567497,"[""ring27"",""active"",30]",261.00534964740001,223.1184562629
2298,56858344578232,"[""ring27"",""active"",31]",251.45239414630001,230.60705195189999
2299,245355746991140,"[""ring27"",""active"",32]",241.68470124909999,237.81331309519999
2300,75733301734597,"[""ring27"",""active"",33]",231.710612451,244.73108563029999
2301,154829979102371,"[""ring27"",""active"",34]",221.53864550680001,251.35446186050001
2302,19822523146194,"[""ring27"",""active"",35]",211.17748715709999,257.67778550010001
2303,254073475126406,"[""ring27"",""active"",36]",200.63598570959999,263.69565650499999
2304,194937274182894,"[""ring27"",""active"",37]",189.9231434829,269.40293568380002
2305,106901706976003,"[""ring27"",""active"",38]",179.04810911870001,274.7947490871
2306,153609176206390,"[""ring27"",""active"",39]",168.02016976869999,279.86649216950002
2307,193882877176841,"[""ring27"",""active"",40]",156.84874316400001,284.61383372170002
2308,99205272389929,"[""ring27"",""active"",41]",145.5433695717,289.0327195699
2309,131687885082017,"[""ring27"",""active"",42]",134.11370364850001,293.11937603730001
2310,280656371384859,"[""ring27"",""active"",43]",122.5695061949,296.87031316709999
2311,6433185154926,"[""ring27"",""active"",44]",110.92063582030001,300.2823277032
2312,17702591530861,"[""ring27"",""active"",45]",99.177040523299993,303.35250582499998
2313,207703751107717,"[""ring27"",""active"",46]",87.348749196599996,306.07822563640002
2314,124822604665979,"[""ring27"",""active"",47]",75.445863062399994,308.4571594048
2315,251869692717977,"[""ring27"",""active"",48]",63.478547045699997,310.48727554850001
2316,31018589125576,"[""ring27"",""active"",49]",51.457021094200002,312.1668403722
2317,63111848319567,"[""ring27"",""active"",50]",39.391551450100003,313.49441954709999
2318,254144875854036,"[""ring27"",""active"",51]",27.2924418829,314.46887933630001
2319,59196330464688,"[""ring27"",""active"",52]",15.170024890400001,315.0893875626
2320,98638683206714,"[""ring27"",""active"",53]",3.0346528744999999,315.35541431910002
2321,130197156033417,"[""ring27"",""active"",54]",-9.1033106993999997,315.26673242210001
2322,100247184737288,"[""ring27"",""active"",55]",-21.2335001527,314.82341760499997
2323,108335536169590,"[""ring27"",""active"",56]",-33.3455564458,314.02584845339999
2324,15543082120689,"[""ring27"",""active"",57]",-45.4291360247,312.87470608199999
2325,266916126787362,"[""ring27"",""active"",58]",-57.473919654100001,311.37097355290001
2326,223408876383796,"[""ring27"",""active"",59]",-69.469621230100003,309.51593503599997
2327,79205212476643,"[""ring27"",""active"",60]",-81.405996564199995,307.31117471250002
2328,202531658477106,"[""ring27"",""active"",61]",-93.272852131700006,304.7585754218
2329,194118444900821,"[""ring27"",""active"",62]",-105.0600537772,301.86031705379997
2330,236512242270589,"[""ring27"",""active"",63]",-116.7575353687,298.61887468719999
2331,72233641107700,"[""ring27"",""active"",64]",-128.35530739399999,295.0370164757
2332,141523380396680,"[""ring27"",""active"",65]",-139.84346549200001,291.11780128430001
2333,80209661154055,"[""ring27"",""active"",66]",-151.2121989101,286.86457607670002
2334,151395764319031,"[""ring27"",""active"",67]",-162.4517988835,282.28097305749998
2335,239379562818066,"[""ring27"",""active"",68]",-173.55266692550001,277.37090656980001
2336,251382497807485,"[""ring27"",""active"",69]",-184.505323025,272.13856975290003
2337,150627451807774,"[""ring27"",""active"",70]",-195.30041374199999,266.58843096099997
2338,138431747966447,"[""ring27"",""active"",71]",-205.9287201958,260.72522994759998
2339,245297471447511,"[""ring27"",""active"",72]",-216.38116593730001,254.5539738176
2340,129175714092710,"[""ring27"",""active"",73]",-226.64882470020001,248.07993275140001
2341,78567026708758,"[""ring27"",""active"",74]",-236.72292802449999,241.3086355042
2342,47952322356204,"[""ring27"",""active"",75]",-246.5948727441,234.24586468429999
2343,156119172687886,"[""ring27"",""active"",76]",-256.25622833379998,226.89765181530001
2344,144027874464002,"[""ring27"",""active"",77]",-265.69874410929998,219.27027218480001
2345,187824591161979,"[""ring27"",""active"",78]",-274.91435627290002,211.37023948550001
2346,192700965531237,"[""ring27"",""active"",79]",-283.89519479990003,203.20430025280001
2347,188074156663549,"[""ring28"",""active"",34]",237.80905246820001,255.22278411549999
2348,157059084681422,"[""ring28"",""active"",35]",227.61507493959999,261.83939731710001
2349,15125313023537,"[""ring28"",""active"",36]",217.23712743249999,268.16355367609998
2350,18490783995317,"[""ring28"",""active"",37]",206.68359792730001,274.19014169050001
2351,233513517128641,"[""ring28"",""active"",38]",195.96301631860001,279.91429036810001
2352,255240873996256,"[""ring28"",""active"",39]",185.0840475208,285.33137316329999
2353,186769743697834,"[""ring28"",""active"",40]",174.05548446500001,290.43701171660001
2354,77902557157167,"[""ring28"",""active"",41]",162.8862409919,295.22707939370002
2355,198429291823163,"[""ring28"",""active"",42]",151.58534464709999,299.69770462039997
2356,23010110828555,"[""ring28"",""active"",43]",140.16192938469999,303.84527401190002
2357,120393727922906,"[""ring28"",""active"",44]",128.625228185,307.6664352935
2358,49658139137641,"[""ring28"",""active"",45]",116.9845655913,311.15810001019997
2359,256427614783314,"[""ring28"",""active"",46]",105.2493501741,314.31744602240002
2360,269661634736647,"[""ring28"",""active"",47]",93.429066926000004,317.14191978740001
2361,96317674869198,"[""ring28"",""active"",48]",81.533269595999997,319.62923842309999
2362,214976246230902,"[""ring28"",""active"",49]",69.571572967099996,321.7773915532
2363,134679166654450,"[""ring28"",""active"",50]",57.553645085500001,323.5846429321
2364,222141745582735,"[""ring28"",""active"",51]",45.489199446500002,325.0495318481
2365,111649138154959,"[""ring28"",""active"",52]",33.3879871432,326.17087430409998
2366,20081917327608,"[""ring28"",""active"",53]",21.259788985499998,326.94776397449999
2367,281395720134661,"[""ring28"",""active"",54]",9.1144075944999994,327.37957293810001
2368,246450227421195,"[""ring28"",""active"",55]",-3.0383405201999998,327.46595218499999
2369,209561618009177,"[""ring28"",""active"",56]",-15.1886328949,327.20683189919998
2370,204250433413820,"[""ring28"",""active"",57]",-27.326649050699999,326.60242151469998
2371,69860834360238,"[""ring28"",""active"",58]",-39.442578431199998,325.65320954650002
2372,9772799053764,"[""ring28"",""active"",59]",-51.526628331300003,324.35996319560002
2373,234410338133009,"[""ring28"",""active"",60]",-63.569031812799999,322.72372772879999
2374,244259245232002,"[""ring28"",""active"",61]",-75.560055598000005,320.7458256342
2375,39133175061423,"[""ring28"",""active"",62]",-87.490007937000001,318.4278555519
2376,125762146689910,"[""ring28"",""active"",63]",-99.349246440900004,315.77169098220003
2377,149603912000652,"[""ring28"",""active"",64]",-111.1281858752,312.77947877119999
2378,93605236897604,"[""ring28"",""active"",65]",-122.8173059073,309.45363737579999
2379,123286209481428,"[""ring28"",""active"",66]",-134.4071588011,305.79685490840001
2380,243091446896348,"[""ring28"",""active"",67]",-145.8883770532,301.81208696520002
2381,146041668069472,"[""ring28"",""active"",68]",-157.25168096409999,297.50255423649998
2382,158051517460197,"[""ring28"",""active"",69]",-168.4878861389,292.87173990380001
2383,66653958380104,"[""ring28"",""active"",70]",-179.58791090989999,287.9233868247
2384,145141625937140,"[""ring28"",""active"",71]",-190.54278367769999,282.6614945078
2385,141673816737420,"[""ring28"",""active"",72]",-201.3436501617,277.0903158795
2386,243996863326144,"[""ring28"",""active"",73]",-211.98178055720001,271.21435384749998
2387,44481414357302,"[""ring28"",""active"",74]",-222.4485765908,265.03835766029999
2388,20279132159157,"[""ring28"",""active"",75]",-232.7355784703,258.5673190695
2389,199061210730399,"[""ring28"",""active"",76]",-242.83447172219999,251.80646829470001
2390,20483206468802,"[""ring29"",""active"",42]",171.01663148559999,304.95684007599999
2391,47511876353937,"[""ring29"",""active"",43]",159.79337825619999,309.51533162319998
2392,87175963989216,"[""ring29"",""active"",44]",148.44878018049999,313.76284298119998
2393,19572073649518,"[""ring29"",""active"",45]",136.99145218679999,317.69614864969998
2394,6435646497747,"[""ring29"",""active"",46]",125.430094809,321.31226173139999
2395,899091079279,"[""ring29"",""active"",47]",113.7734875795,324.60843620089997
2396,135350869537607,"[""ring29"",""active"",48]",102.030482362,327.58216898969999
2397,270399870317226,"[""ring29"",""active"",49]",90.209996629800003,330.23120188690001
2398,83879236477514,"[""ring29"",""active"",50]",78.321006693499996,332.55352325410001
2399,277914845128285,"[""ring29"",""active"",51]",66.372540885199996,334.54736955300001
2400,270122376866487,"[""ring29"",""active"",52]",54.373672701799997,336.2112266849
2401,166627446970920,"[""ring29"",""active"",53]",42.333513915300003,337.54383113990002
2402,57066578708678,"[""ring29"",""active"",54]",30.2612076532,338.54417095700001
2403,245249401420489,"[""ring29"",""active"",55]",18.165921455100001,339.21148649219998
2404,264746105413582,"[""ring29"",""active"",56]",6.0568403115000002,339.54527099540002
2405,248055468547418,"[""ring29"",""active"",57]",-6.0568403115000002,339.54527099540002
2406,160846216893275,"[""ring29"",""active"",58]",-18.165921455100001,339.21148649219998
2407,57209191318873,"[""ring29"",""active"",59]",-30.2612076532,338.54417095700001
2408,227133744759832,"[""ring29"",""active"",60]",-42.333513915300003,337.54383113990002
2409,225571913483102,"[""ring29"",""active"",61]",-54.373672701799997,336.2112266849
2410,144809554799960,"[""ring29"",""active"",62]",-66.372540885199996,334.54736955300001
2411,12247266630010,"[""ring29"",""active"",63]",-78.321006693499996,332.55352325410001
2412,153897115011600,"[""ring29"",""active"",64]",-90.209996629800003,330.23120188690001
2413,153548783677452,"[""ring29"",""active"",65]",-102.030482362,327.58216898969999
2414,189314116080507,"[""ring29"",""active"",66]",-113.7734875795,324.60843620089997
2415,233876124835542,"[""ring29"",""active"",67]",-125.430094809,321.31226173139999
2416,21053002455077,"[""ring29"",""active"",68]",-136.99145218679999,317.69614864969998
2417,247824420903731,"[""ring29"",""active"",69]",-148.44878018049999,313.76284298119998
2418,23466497547996,"[""ring29"",""active"",70]",-159.79337825619999,309.51533162319998
2419,221128665394404,"[""ring29"",""active"",71]",-171.01663148559999,304.95684007599999
