export_index,mirror_id,position_key,x,y
1,225977427565346,"[""ring1"",""active"",0]",100.34189490929057,-94.364920052662228
2,98461791273696,"[""ring1"",""active"",1]",99.080037361082702,-83.165624557873997
3,146546269447317,"[""ring1"",""active"",2]",96.572190855482503,-72.178031101802645
4,91816430395141,"[""ring1"",""active"",3]",92.849893017384318,-61.540315047308475
5,231364419112210,"[""ring1"",""active"",4]",87.959953901829749,-51.386251845923404
6,186914820487113,"[""ring1"",""active"",5]",81.963867330405662,-41.843534733929538
7,218691133102543,"[""ring1"",""active"",6]",74.937037570758136,-33.03216891582359
8,249518401681586,"[""ring1"",""active"",7]",66.96783108417641,-25.062962429241864
9,257081424862060,"[""ring1"",""active"",8]",58.156465266070477,-18.036132669594352
10,462329393670,"[""ring1"",""active"",9]",48.613748154076603,-12.040046098170251
11,136638878541845,"[""ring1"",""active"",10]",38.459684952691532,-7.1501069826156822
12,113440114950139,"[""ring1"",""active"",11]",27.821968898197365,-3.4278091445174965
13,189893974123011,"[""ring1"",""active"",12]",16.834375442126014,-0.91996263891729768
14,259292959545620,"[""ring1"",""active"",13]",5.6350799473377808,0.34189490929057342
15,199461450372935,"[""ring1"",""active"",14]",-5.6350799473377684,0.34189490929057342
16,53150555964577,"[""ring1"",""active"",15]",-16.834375442125999,-0.91996263891729768
17,182181300776484,"[""ring1"",""active"",16]",-27.821968898197355,-3.4278091445174965
18,36828647183504,"[""ring1"",""active"",17]",-38.459684952691518,-7.1501069826156822
19,245044142097057,"[""ring1"",""active"",18]",-48.613748154076589,-12.040046098170251
20,164989153111639,"[""ring1"",""active"",19]",-58.156465266070477,-18.036132669594338
21,82757952312123,"[""ring1"",""active"",20]",-66.967831084176396,-25.06296242924185
22,264367324792324,"[""ring1"",""active"",21]",-74.937037570758136,-33.03216891582359
23,96077426024455,"[""ring1"",""active"",22]",-81.963867330405648,-41.843534733929516
24,175280640722083,"[""ring1"",""active"",23]",-87.959953901829749,-51.386251845923397
25,271289438101252,"[""ring1"",""active"",24]",-92.849893017384318,-61.540315047308468
26,22151644413009,"[""ring1"",""active"",25]",-96.572190855482503,-72.178031101802631
27,54785332350034,"[""ring1"",""active"",26]",-99.080037361082702,-83.165624557873983
28,37097415433566,"[""ring1"",""active"",27]",-100.34189490929057,-94.364920052662214
29,7974149837147,"[""ring1"",""active"",28]",-100.34189490929057,-105.63507994733776
30,159066063835249,"[""ring1"",""active"",29]",-99.080037361082702,-116.834375442126
31,227814935923795,"[""ring1"",""active"",30]",-96.572190855482503,-127.82196889819735
32,112737315580354,"[""ring1"",""active"",31]",-92.849893017384332,-138.4596849526915
33,279057199714791,"[""ring1"",""active"",32]",-87.959953901829763,-148.61374815407657
34,104555532071604,"[""ring1"",""active"",33]",-81.963867330405662,-158.15646526607046
35,114636202083057,"[""ring1"",""active"",34]",-74.93703757075815,-166.9678310841764
36,166816355597687,"[""ring1"",""active"",35]",-66.96783108417641,-174.93703757075815
37,196871639851600,"[""ring1"",""active"",36]",-58.156465266070519,-181.96386733040561
38,163201643135464,"[""ring1"",""active"",37]",-48.613748154076653,-187.95995390182969
39,141087017475327,"[""ring1"",""active"",38]",-38.459684952691497,-192.84989301738432
40,274460507970912,"[""ring1"",""active"",39]",-27.821968898197337,-196.57219085548252
41,211658257369416,"[""ring1"",""active"",40]",-16.834375442126071,-199.0800373610827
42,25256560694987,"[""ring1"",""active"",41]",-5.635079947337748,-200.34189490929057
43,111109889874469,"[""ring1"",""active"",42]",5.6350799473378004,-200.34189490929055
44,248359595964128,"[""ring1"",""active"",43]",16.834375442125946,-199.0800373610827
45,232550607584963,"[""ring1"",""active"",44]",27.821968898197387,-196.57219085548252
46,8954556596020,"[""ring1"",""active"",45]",38.459684952691461,-192.84989301738435
47,16077873566104,"[""ring1"",""active"",46]",48.613748154076546,-187.95995390182978
48,82931331611565,"[""ring1"",""active"",47]",58.156465266070498,-181.96386733040563
49,126224545870466,"[""ring1"",""active"",48]",66.967831084176353,-174.93703757075821
50,166042599386754,"[""ring1"",""active"",49]",74.93703757075815,-166.9678310841764
51,251037322716503,"[""ring1"",""active"",50]",81.963867330405662,-158.15646526607046
52,31188186379726,"[""ring1"",""active"",51]",87.959953901829707,-148.61374815407666
53,126661320454706,"[""ring1"",""active"",52]",92.849893017384332,-138.4596849526915
54,128981286295392,"[""ring1"",""active"",53]",96.572190855482489,-127.82196889819743
55,252776293597944,"[""ring1"",""active"",54]",99.080037361082702,-116.83437544212607
56,250461289762377,"[""ring1"",""active"",55]",100.34189490929057,-105.63507994733776
57,118963306441431,"[""ring2"",""active"",0]",111.46651588186815,-94.436937469366484
58,166210091923763,"[""ring2"",""active"",1]",110.35871156856204,-83.3661006228415
59,117307025828046,"[""ring2"",""active"",2]",108.15411279891781,-72.460578941425354
60,31761126237247,"[""ring2"",""active"",3]",104.87462986596651,-61.828756399102907
61,8755066053518,"[""ring2"",""active"",4]",100.55285574446647,-51.576296824850139
62,26147884959761,"[""ring2"",""active"",5]",95.231742167277162,-41.805093768030275
63,113321123638128,"[""ring2"",""active"",6]",88.964172751741089,-32.612257834522509
64,146421478213383,"[""ring2"",""active"",7]",81.812437418535737,-24.089151557892095
65,209994560452606,"[""ring2"",""active"",8]",73.847613326456894,-16.320481397485267
66,52342416943538,"[""ring2"",""active"",9]",65.148858475681806,-9.3834558875803964
67,200784994231433,"[""ring2"",""active"",10]",55.802624999999992,-3.3470183042867632
68,91357866436445,"[""ring2"",""active"",11]",45.901799966667703,1.7288385237073669
69,198849746917301,"[""ring2"",""active"",12]",35.54478222300181,5.7936684508192826
70,195368130266985,"[""ring2"",""active"",13]",24.834504464427965,8.8070733710304836
71,150101175004650,"[""ring2"",""active"",14]",13.877410243108757,10.739104712413862
72,24350496598495,"[""ring2"",""active"",15]",2.7823960841005757,11.570561079496613
73,111513192711181,"[""ring2"",""active"",16]",-8.3402707772362774,11.293179085354922
74,183037382441518,"[""ring2"",""active"",17]",-19.380048280562175,9.9097154768657418
75,224334105978858,"[""ring2"",""active"",18]",-30.227218157217113,7.4339197369178578
76,240661364293959,"[""ring2"",""active"",19]",-40.773976359667593,3.8903974358735951
77,206103613447385,"[""ring2"",""active"",20]",-50.915504466564052,-0.68563430964381666
78,205049209907177,"[""ring2"",""active"",21]",-60.551011415304046,-6.2486968402773471
79,140036588241521,"[""ring2"",""active"",22]",-69.584735208894429,-12.74350194128489
80,178109332024333,"[""ring2"",""active"",23]",-77.926894641700684,-20.105501321656789
81,147447801650378,"[""ring2"",""active"",24]",-85.494581585404319,-28.261528124031329
82,186058987222788,"[""ring2"",""active"",25]",-92.212584967230171,-37.130524089794925
83,15063983504382,"[""ring2"",""active"",26]",-98.014138251377716,-46.624345152473133
84,82820283973980,"[""ring2"",""active"",27]",-102.84158299484983,-56.648637453063635
85,4812291460678,"[""ring2"",""active"",28]",-106.64694188296367,-67.103775071077393
86,254876129109843,"[""ring2"",""active"",29]",-109.39239554945871,-77.885850151695422
87,52090938489001,"[""ring2"",""active"",30]",-111.05065844234947,-88.887705588712222
88,276426639245006,"[""ring2"",""active"",31]",-111.60525000000001,-99.999999999999986
89,150770518482208,"[""ring2"",""active"",32]",-111.05065844234947,-111.11229441128775
90,65908650420079,"[""ring2"",""active"",33]",-109.39239554945873,-122.11414984830455
91,238391778599238,"[""ring2"",""active"",34]",-106.6469418829637,-132.89622492892255
92,187322721507181,"[""ring2"",""active"",35]",-102.84158299484982,-143.3513625469364
93,75900330232157,"[""ring2"",""active"",36]",-98.01413825137773,-153.37565484752685
94,56946199260712,"[""ring2"",""active"",37]",-92.2125849672302,-162.86947591020507
95,155089634456550,"[""ring2"",""active"",38]",-85.494581585404333,-171.73847187596863
96,273285650791107,"[""ring2"",""active"",39]",-77.926894641700684,-179.89449867834318
97,251067079882723,"[""ring2"",""active"",40]",-69.584735208894443,-187.25649805871507
98,13564978797403,"[""ring2"",""active"",41]",-60.551011415304032,-193.75130315972265
99,94878253318120,"[""ring2"",""active"",42]",-50.915504466564123,-199.31436569035617
100,207197014732390,"[""ring2"",""active"",43]",-40.773976359667692,-203.89039743587358
101,203533647948113,"[""ring2"",""active"",44]",-30.22721815721707,-207.43391973691786
102,82706652683496,"[""ring2"",""active"",45]",-19.380048280562178,-209.90971547686576
103,5167778211505,"[""ring2"",""active"",46]",-8.3402707772363289,-211.29317908535492
104,255403182698697,"[""ring2"",""active"",47]",2.7823960841005482,-211.5705610794966
105,82825078268065,"[""ring2"",""active"",48]",13.877410243108681,-210.73910471241388
106,260003801076989,"[""ring2"",""active"",49]",24.83450446442794,-208.80707337103047
107,100092810805523,"[""ring2"",""active"",50]",35.544782223001825,-205.79366845081927
108,29530510557746,"[""ring2"",""active"",51]",45.90179996666766,-201.7288385237074
109,197980779087096,"[""ring2"",""active"",52]",55.80262500000002,-196.65298169571321
110,226745184831197,"[""ring2"",""active"",53]",65.148858475681749,-190.61654411241963
111,72278781839760,"[""ring2"",""active"",54]",73.847613326456823,-183.6795186025148
112,58047453449443,"[""ring2"",""active"",55]",81.812437418535765,-175.91084844210786
113,234423215575746,"[""ring2"",""active"",56]",88.964172751741074,-167.3877421654775
114,209822820493380,"[""ring2"",""active"",57]",95.231742167277176,-158.1949062319697
115,236217161036323,"[""ring2"",""active"",58]",100.55285574446647,-148.42370317514988
116,97422826446002,"[""ring2"",""active"",59]",104.87462986596648,-138.17124360089718
117,23605700022271,"[""ring2"",""active"",60]",108.15411279891781,-127.53942105857467
118,132338057296044,"[""ring2"",""active"",61]",110.35871156856204,-116.63389937715849
119,226357588493116,"[""ring2"",""active"",62]",111.46651588186815,-105.56306253063357
120,59555902021457,"[""ring3"",""active"",0]",122.58333187502679,-94.414880783094475
121,155037580514219,"[""ring3"",""active"",1]",121.56756778109118,-83.290922406075026
122,110538863576565,"[""ring3"",""active"",2]",119.54445653440398,-72.305420708304581
123,21100493715803,"[""ring3"",""active"",3]",116.53076227190765,-61.549405016591102
124,269401024120553,"[""ring3"",""active"",4]",112.55145741338492,-51.11200306442278
125,24001370476862,"[""ring3"",""active"",5]",107.63951573212357,-41.07970245149869
126,85543209124447,"[""ring3"",""active"",6]",101.83563912384639,-31.535633980239538
127,43223118027071,"[""ring3"",""active"",7]",95.187920337984735,-22.558882807777891
128,25623575773241,"[""ring3"",""active"",8]",87.751444466010398,-14.22383312143927
129,42003389714630,"[""ring3"",""active"",9]",79.587832489019533,-6.5995517679397295
130,173233600349033,"[""ring3"",""active"",10]",70.764730666876417,0.25078405625785649
131,166617546774744,"[""ring3"",""active"",11]",61.355250000000026,6.2704103110903731
132,178831113494194,"[""ring3"",""active"",12]",51.437360408589079,11.409446477607631
133,28095630898990,"[""ring3"",""active"",13]",41.09324464930782,15.625308883661532
134,19801002341314,"[""ring3"",""active"",14]",30.408617323081753,18.883063565624767
135,58685437539979,"[""ring3"",""active"",15]",19.472014616919846,21.155715742215264
136,17543371511003,"[""ring3"",""active"",16]",8.3740606651854623,22.424433501755672
137,46877405992558,"[""ring3"",""active"",17]",-2.7932833905216388,22.678703849324407
138,273908240264989,"[""ring3"",""active"",18]",-13.93748142034679,21.916419820742334
139,161842297312095,"[""ring3"",""active"",19]",-24.966189089695206,20.143897941541709
140,231218104024720,"[""ring3"",""active"",20]",-35.788019053471274,17.375825886246204
141,205055244769105,"[""ring3"",""active"",21]",-46.313298220401187,13.635140771674102
142,191462345087505,"[""ring3"",""active"",22]",-56.454810812508548,8.952839092764691
143,265632588695131,"[""ring3"",""active"",23]",-66.128521062518246,3.3677198758591516
144,276076003264301,"[""ring3"",""active"",24]",-75.254269560689949,-3.0739368222508574
145,130320065610047,"[""ring3"",""active"",25]",-83.756437480932647,-10.318753405449215
146,59230288788533,"[""ring3"",""active"",26]",-91.564573182212428,-18.306697041867181
147,226518258385086,"[""ring3"",""active"",27]",-98.613975993038125,-26.971577114834901
148,81015478178530,"[""ring3"",""active"",28]",-104.84623234160188,-36.241593699176875
149,210566870952543,"[""ring3"",""active"",29]",-110.20969978903184,-46.039932518004754
150,3505673751328,"[""ring3"",""active"",30]",-114.65993495490454,-56.285401450006844
151,253362427386527,"[""ring3"",""active"",31]",-118.16006178909214,-66.893103312935963
152,76531743404135,"[""ring3"",""active"",32]",-120.68107713832732,-77.775139348398696
153,195453761152477,"[""ring3"",""active"",33]",-122.20209107546549,-88.841337578650212
154,63322776522913,"[""ring3"",""active"",34]",-122.71050000000002,-99.999999999999986
155,113370853181240,"[""ring3"",""active"",35]",-122.20209107546549,-111.15866242134976
156,268794731500274,"[""ring3"",""active"",36]",-120.68107713832734,-122.22486065160122
157,48292612333692,"[""ring3"",""active"",37]",-118.16006178909215,-133.10689668706402
158,104208630898379,"[""ring3"",""active"",38]",-114.65993495490456,-143.71459854999313
159,127018589188985,"[""ring3"",""active"",39]",-110.20969978903186,-153.96006748199522
160,244169488799987,"[""ring3"",""active"",40]",-104.84623234160193,-163.75840630082303
161,148935662595744,"[""ring3"",""active"",41]",-98.61397599303811,-173.02842288516513
162,199967798838602,"[""ring3"",""active"",42]",-91.564573182212442,-181.69330295813279
163,121681998251905,"[""ring3"",""active"",43]",-83.756437480932718,-189.68124659455071
164,182935117419065,"[""ring3"",""active"",44]",-75.254269560689977,-196.92606317774914
165,86274112702088,"[""ring3"",""active"",45]",-66.12852106251826,-203.36771987585914
166,244499907031112,"[""ring3"",""active"",46]",-56.454810812508626,-208.95283909276466
167,222166567313161,"[""ring3"",""active"",47]",-46.313298220401215,-213.63514077167409
168,267749192257242,"[""ring3"",""active"",48]",-35.788019053471352,-217.37582588624616
169,13950193364604,"[""ring3"",""active"",49]",-24.966189089695209,-220.1438979415417
170,272467347277926,"[""ring3"",""active"",50]",-13.93748142034682,-221.91641982074231
171,11858837470873,"[""ring3"",""active"",51]",-2.7932833905217236,-222.67870384932439
172,189466156649008,"[""ring3"",""active"",52]",8.3740606651854588,-222.42443350175569
173,76442142729759,"[""ring3"",""active"",53]",19.472014616919786,-221.15571574221528
174,250969228161012,"[""ring3"",""active"",54]",30.408617323081671,-218.88306356562478
175,184232455508123,"[""ring3"",""active"",55]",41.093244649307792,-215.62530888366155
176,42226490475413,"[""ring3"",""active"",56]",51.437360408589022,-211.40944647760767
177,144422509818658,"[""ring3"",""active"",57]",61.355250000000026,-206.27041031109036
178,98077237719699,"[""ring3"",""active"",58]",70.764730666876403,-200.25078405625788
179,120457024512250,"[""ring3"",""active"",59]",79.587832489019476,-193.40044823206034
180,70055427451954,"[""ring3"",""active"",60]",87.751444466010398,-185.77616687856073
181,36840563366514,"[""ring3"",""active"",61]",95.187920337984693,-177.44111719222215
182,15496700609840,"[""ring3"",""active"",62]",101.83563912384635,-168.46436601976055
183,177451241642885,"[""ring3"",""active"",63]",107.63951573212356,-158.92029754850134
184,242004972208607,"[""ring3"",""active"",64]",112.5514574133849,-148.88799693557729
185,61691361368560,"[""ring3"",""active"",65]",116.53076227190765,-138.45059498340891
186,223249811484971,"[""ring3"",""active"",66]",119.54445653440396,-127.69457929169546
187,121439879456496,"[""ring3"",""active"",67]",121.56756778109117,-116.70907759392504
188,48618625841169,"[""ring3"",""active"",68]",122.58333187502679,-105.58511921690554
189,5424059042925,"[""ring4"",""active"",0]",133.69837085180137,-94.396377989486851
190,184631012827970,"[""ring4"",""active"",1]",132.7605728424229,-83.228439350667443
191,190689089557200,"[""ring4"",""active"",2]",130.89155480289483,-72.178141159453418
192,236894004599218,"[""ring4"",""active"",3]",128.1044265518768,-61.322993318027805
193,146448383842108,"[""ring4"",""active"",4]",124.41873779150085,-50.739136889085287
194,104860549194081,"[""ring4"",""active"",5]",119.86034098025728,-40.500810020984524
195,5389593131496,"[""ring4"",""active"",6]",114.46120999657339,-30.67982722047752
196,88418679951807,"[""ring4"",""active"",7]",108.25921586502943,-21.345075625543444
197,249409769455279,"[""ring4"",""active"",8]",101.29786111833157,-12.562031811611007
198,44101727948432,"[""ring4"",""active"",9]",93.625974658301445,-4.3923025204266679
199,61639682505539,"[""ring4"",""active"",10]",85.297369256213273,3.1068074669743737
200,48148122241354,"[""ring4"",""active"",11]",76.370464094868041,9.882697282133492
201,229813584610610,"[""ring4"",""active"",12]",66.907875000000018,15.887838926467566
202,192150591661156,"[""ring4"",""active"",13]",56.975975235248903,21.080110646029823
203,21417868438074,"[""ring4"",""active"",14]",46.644429941404226,25.423092385349634
204,178315088531963,"[""ring4"",""active"",15]",35.985707485497258,28.886321247953788
205,197963288963277,"[""ring4"",""active"",16]",25.074571147274707,31.44550517169759
206,212266651691770,"[""ring4"",""active"",17]",13.987554708508535,33.082693320127078
207,143717716437285,"[""ring4"",""active"",18]",2.8024256235063376,33.786401994699133
208,154191620653451,"[""ring4"",""active"",19]",-8.402360463704694,33.551695184675538
209,243286050297014,"[""ring4"",""active"",20]",-19.5482100293505,32.38021918969207
210,135187365860870,"[""ring4"",""active"",21]",-30.556942947009972,30.280191072149165
211,84394000815830,"[""ring4"",""active"",22]",-41.351340865029378,27.266341020423269
212,196795816969926,"[""ring4"",""active"",23]",-51.855688837778025,23.359809027178954
213,62752732012976,"[""ring4"",""active"",24]",-61.996306411590638,18.587996607509496
214,262689507356988,"[""ring4"",""active"",25]",-71.702064440210677,12.984374596996346
215,231588664315353,"[""ring4"",""active"",26]",-80.90488400464487,6.588248377846412
216,58670018595032,"[""ring4"",""active"",27]",-89.540213937865431,-0.55551782012332751
217,56146106527894,"[""ring4"",""active"",28]",-97.54748360486677,-8.3968156098230082
218,98821130631326,"[""ring4"",""active"",29]",-104.87052776215029,-16.880643921222628
219,167574568333979,"[""ring4"",""active"",30]",-111.45798051655254,-25.947494794339946
220,28634006172748,"[""ring4"",""active"",31]",-117.2636356200797,-35.533770784823375
221,271869694795325,"[""ring4"",""active"",32]",-122.24677057353792,-45.572231054329436
222,137894532284547,"[""ring4"",""active"",33]",-126.37243226560626,-55.992463016691389
223,109821404521477,"[""ring4"",""active"",34]",-129.61168214379867,-66.721376231619558
224,164092274472377,"[""ring4"",""active"",35]",-131.94179919761748,-77.68371508162474
225,177578951612703,"[""ring4"",""active"",36]",-133.34643933011694,-88.802586636103669
226,102808210306553,"[""ring4"",""active"",37]",-133.81575000000007,-99.999999999999986
227,186356616046128,"[""ring4"",""active"",38]",-133.34643933011694,-111.1974133638963
228,90336894231343,"[""ring4"",""active"",39]",-131.94179919761748,-122.31628491837529
229,110974730378632,"[""ring4"",""active"",40]",-129.6116821437987,-133.27862376838041
230,189460664477081,"[""ring4"",""active"",41]",-126.37243226560625,-144.00753698330863
231,174627487827072,"[""ring4"",""active"",42]",-122.24677057353793,-154.42776894567055
232,12666634866111,"[""ring4"",""active"",43]",-117.26363562007971,-164.46622921517661
233,264137056305333,"[""ring4"",""active"",44]",-111.45798051655252,-174.05250520566008
234,157926074659033,"[""ring4"",""active"",45]",-104.8705277621503,-183.11935607877734
235,188394866474283,"[""ring4"",""active"",46]",-97.547483604866841,-191.60318439017692
236,273110110346102,"[""ring4"",""active"",47]",-89.540213937865417,-199.44448217987667
237,86286860731454,"[""ring4"",""active"",48]",-80.904884004644956,-206.58824837784636
238,213624765757933,"[""ring4"",""active"",49]",-71.702064440210663,-212.98437459699636
239,134127273969171,"[""ring4"",""active"",50]",-61.996306411590709,-218.58799660750947
240,117092707444576,"[""ring4"",""active"",51]",-51.855688837778054,-223.35980902717893
241,89888352884877,"[""ring4"",""active"",52]",-41.351340865029407,-227.26634102042325
242,148741488918137,"[""ring4"",""active"",53]",-30.556942947010004,-230.28019107214917
243,31140464893598,"[""ring4"",""active"",54]",-19.548210029350649,-232.38021918969204
244,157861437555367,"[""ring4"",""active"",55]",-8.4023604637046976,-233.55169518467554
245,174967414936778,"[""ring4"",""active"",56]",2.8024256235062452,-233.78640199469913
246,158805511150832,"[""ring4"",""active"",57]",13.987554708508561,-233.08269332012708
247,31065264203047,"[""ring4"",""active"",58]",25.074571147274643,-231.44550517169759
248,107117089717890,"[""ring4"",""active"",59]",35.98570748549723,-228.88632124795379
249,166642483298093,"[""ring4"",""active"",60]",46.644429941404198,-225.42309238534966
250,138840614426827,"[""ring4"",""active"",61]",56.975975235248889,-221.08011064602982
251,193394635713193,"[""ring4"",""active"",62]",66.907874999999947,-215.88783892646762
252,274420313286902,"[""ring4"",""active"",63]",76.370464094868041,-209.88269728213351
253,176401512941857,"[""ring4"",""active"",64]",85.297369256213216,-203.10680746697443
254,169552146916756,"[""ring4"",""active"",65]",93.625974658301473,-195.60769747957329
255,156877805788582,"[""ring4"",""active"",66]",101.29786111833154,-187.43796818838905
256,37237403591882,"[""ring4"",""active"",67]",108.25921586502942,-178.65492437445658
257,231606670454445,"[""ring4"",""active"",68]",114.46120999657337,-169.32017277952249
258,2874962104474,"[""ring4"",""active"",69]",119.86034098025728,-159.49918997901548
259,216191919912110,"[""ring4"",""active"",70]",124.4187377915008,-149.26086311091481
260,183835343783928,"[""ring4"",""active"",71]",128.1044265518768,-138.67700668197216
261,245890584042283,"[""ring4"",""active"",72]",130.8915548028948,-127.82185884054667
262,74277142566443,"[""ring4"",""active"",73]",132.7605728424229,-116.77156064933249
263,123262250671128,"[""ring4"",""active"",74]",133.69837085180137,-105.60362201051319
264,23520626475590,"[""ring5"",""active"",0]",144.81201252486562,-94.380634422090864
265,222353045440909,"[""ring5"",""active"",1]",143.94109604232023,-83.175698792057489
266,13627925224066,"[""ring5"",""active"",2]",142.20450087143132,-72.071946489110275
267,261600412324865,"[""ring5"",""active"",3]",139.61267109989208,-61.136156786115656
268,155123218978573,"[""ring5"",""active"",4]",136.18119429691473,-50.434098809100725
269,139126295387140,"[""ring5"",""active"",5]",131.93070776775505,-40.03013599399069
270,17104254734932,"[""ring5"",""active"",6]",126.88677443853041,-29.986838997331802
271,257202337253132,"[""ring5"",""active"",7]",121.07972911777426,-20.364609389000663
272,20256286585924,"[""ring5"",""active"",8]",114.54449605932818,-11.22131639005579
273,226842049771351,"[""ring5"",""active"",9]",107.32037892377014,-2.6119488404330582
274,22306274976552,"[""ring5"",""active"",10]",99.45082440157482,5.4117155104078734
275,8522133503955,"[""ring5"",""active"",11]",90.983160919605282,12.80142140096126
276,109224736450407,"[""ring5"",""active"",12]",81.96831400238473,19.512726270495946
277,192014594872712,"[""ring5"",""active"",13]",72.460500000000067,25.505267541844717
278,5788196010393,"[""ring5"",""active"",14]",62.516900024592992,30.743005366692842
279,227952558828436,"[""ring5"",""active"",15]",52.197316056423489,35.194439373466338
280,152308738858516,"[""ring5"",""active"",16]",41.563811287723951,38.832798114273061
281,213125153228881,"[""ring5"",""active"",17]",30.68033686735847,41.636200071540458
282,71269691663161,"[""ring5"",""active"",18]",19.612347291088774,43.587785256036852
283,156249175796049,"[""ring5"",""active"",19]",8.426406750535083,44.675816604830572
284,202748898602645,"[""ring5"",""active"",20]",-2.8102111917045214,44.893750569367398
285,43945525603687,"[""ring5"",""active"",21]",-14.029928193175421,44.240276469141492
286,73207654735822,"[""ring5"",""active"",22]",-25.165267555669224,42.719324374282309
287,5758917734907,"[""ring5"",""active"",23]",-36.149260038026732,40.340041469650259
288,97876239973797,"[""ring5"",""active"",24]",-46.915846617033942,37.116737042590728
289,33095221570398,"[""ring5"",""active"",25]",-57.400275774160683,33.068796425196297
290,277111629805253,"[""ring5"",""active"",26]",-67.539492918811646,28.220564408638523
291,52709217833209,"[""ring5"",""active"",27]",-77.272519606053976,22.601198830729359
292,245682835225288,"[""ring5"",""active"",28]",-86.540820268159507,16.244495217253814
293,125292141479106,"[""ring5"",""active"",29]",-95.288654254397329,9.1886835317010309
294,94762750622421,"[""ring5"",""active"",30]",-103.46341106186534,1.4761982557659366
295,75994957899253,"[""ring5"",""active"",31]",-111.01592674124552,-6.846576816616988
296,20004688814997,"[""ring5"",""active"",32]",-117.9007795745796,-15.729587536867797
297,175860044824892,"[""ring5"",""active"",33]",-124.07656324682583,-25.1194104333008
298,183972625240563,"[""ring5"",""active"",34]",-129.50613586830931,-34.959574006168751
299,238480623597105,"[""ring5"",""active"",35]",-134.15684335041695,-45.190898353907336
300,123379877610518,"[""ring5"",""active"",36]",-138.00071579112858,-55.751851088026456
301,239283752301026,"[""ring5"",""active"",37]",-141.01463568929876,-66.578917396134784
302,183370882837706,"[""ring5"",""active"",38]",-143.18047697602876,-77.606982027494922
303,175759257811417,"[""ring5"",""active"",39]",-144.4852140269777,-88.769720903803062
304,85670323711507,"[""ring5"",""active"",40]",-144.92100000000011,-99.999999999999986
305,192077555300193,"[""ring5"",""active"",41]",-144.4852140269777,-111.23027909619697
306,72709185471645,"[""ring5"",""active"",42]",-143.18047697602876,-122.39301797250505
307,72248347403569,"[""ring5"",""active"",43]",-141.01463568929876,-133.4210826038651
308,191260267335111,"[""ring5"",""active"",44]",-138.00071579112858,-144.24814891197352
309,83628581397731,"[""ring5"",""active"",45]",-134.15684335041698,-154.80910164609261
310,83195177570344,"[""ring5"",""active"",46]",-129.50613586830934,-165.04042599383115
311,60631607472577,"[""ring5"",""active"",47]",-124.07656324682584,-174.88058956669917
312,52503766025382,"[""ring5"",""active"",48]",-117.90077957457962,-184.27041246313217
313,217241937472025,"[""ring5"",""active"",49]",-111.01592674124549,-193.15342318338304
314,121174415326769,"[""ring5"",""active"",50]",-103.46341106186537,-201.47619825576589
315,104047867091438,"[""ring5"",""active"",51]",-95.288654254397386,-209.18868353170095
316,214778283416061,"[""ring5"",""active"",52]",-86.540820268159536,-216.24449521725376
317,234678724139405,"[""ring5"",""active"",53]",-77.272519606053962,-222.60119883072937
318,173585238361232,"[""ring5"",""active"",54]",-67.539492918811789,-228.22056440863847
319,270449284997860,"[""ring5"",""active"",55]",-57.40027577416069,-233.0687964251963
320,256100742887971,"[""ring5"",""active"",56]",-46.915846617033971,-237.11673704259073
321,81250924882693,"[""ring5"",""active"",57]",-36.149260038026732,-240.34004146965026
322,155366379369128,"[""ring5"",""active"",58]",-25.165267555669228,-242.71932437428231
323,250091917024527,"[""ring5"",""active"",59]",-14.029928193175424,-244.24027646914149
324,161047720681361,"[""ring5"",""active"",60]",-2.8102111917045565,-244.8937505693674
325,271279813364339,"[""ring5"",""active"",61]",8.4264067505350795,-244.67581660483057
326,55992506942994,"[""ring5"",""active"",62]",19.612347291088646,-243.58778525603688
327,98626777492812,"[""ring5"",""active"",63]",30.680336867358466,-241.63620007154046
328,280366544408847,"[""ring5"",""active"",64]",41.563811287723951,-238.83279811427306
329,247862487429520,"[""ring5"",""active"",65]",52.197316056423489,-235.19443937346634
330,113428781052480,"[""ring5"",""active"",66]",62.516900024592992,-230.74300536669284
331,186944288805866,"[""ring5"",""active"",67]",72.460499999999954,-225.50526754184477
332,62639937718710,"[""ring5"",""active"",68]",81.96831400238473,-219.51272627049593
333,181048829255108,"[""ring5"",""active"",69]",90.983160919605282,-212.80142140096126
334,238349268831454,"[""ring5"",""active"",70]",99.450824401574735,-205.41171551040793
335,204699139529072,"[""ring5"",""active"",71]",107.32037892377014,-197.38805115956691
336,115322783196771,"[""ring5"",""active"",72]",114.54449605932814,-188.7786836099443
337,148337182612635,"[""ring5"",""active"",73]",121.07972911777426,-179.63539061099931
338,169157689489241,"[""ring5"",""active"",74]",126.88677443853041,-170.0131610026682
339,22345992950901,"[""ring5"",""active"",75]",131.930707767755,-159.9698640060094
340,214967003722671,"[""ring5"",""active"",76]",136.18119429691473,-149.56590119089924
341,164556796169936,"[""ring5"",""active"",77]",139.61267109989205,-138.86384321388445
342,7979051563092,"[""ring5"",""active"",78]",142.20450087143129,-127.92805351088982
343,201071420669625,"[""ring5"",""active"",79]",143.94109604232023,-116.82430120794248
344,60968676818937,"[""ring5"",""active"",80]",144.81201252486562,-105.61936557790924
345,15633397888638,"[""ring6"",""active"",0]",155.92683407666433,-94.431058997355777
346,3618394902825,"[""ring6"",""active"",1]",155.13226667183764,-83.321555038901309
347,66424263510672,"[""ring6"",""active"",2]",153.54718079554809,-72.297040612926992
348,257966886653104,"[""ring6"",""active"",3]",151.17965368208704,-61.4136941179028
349,153079224300172,"[""ring6"",""active"",4]",148.04174970693899,-50.72697459288117
350,172708008851399,"[""ring6"",""active"",5]",144.14945890948928,-40.29133911094636
351,201027126862124,"[""ring6"",""active"",6]",139.52261551144892,-30.159965278452631
352,97077543497017,"[""ring6"",""active"",7]",134.18479684620686,-20.384480254131745
353,173356775268481,"[""ring6"",""active"",8]",128.16320321414372,-11.01469766892599
354,203453305678702,"[""ring6"",""active"",9]",121.48851927613573,-2.0983637871432705
355,30604529686480,"[""ring6"",""active"",10]",114.19475769155655,6.3190857975614421
356,74175571152741,"[""ring6"",""active"",11]",106.31908579756144,14.194757691556546
357,7294419471254,"[""ring6"",""active"",12]",97.901636212856744,21.488519276135733
358,72501091431243,"[""ring6"",""active"",13]",88.985302331074024,28.163203214143721
359,125008252351536,"[""ring6"",""active"",14]",79.615519745868255,34.184796846206865
360,82741542558678,"[""ring6"",""active"",15]",69.840034721547369,39.522615511448919
361,136347579096247,"[""ring6"",""active"",16]",59.708660889053654,44.149458909489283
362,204917347607831,"[""ring6"",""active"",17]",49.273025407118844,48.041749706938987
363,90721195782871,"[""ring6"",""active"",18]",38.586305882097186,51.179653682087064
364,19437795711162,"[""ring6"",""active"",19]",27.702959387073037,53.547180795548087
365,8742095329409,"[""ring6"",""active"",20]",16.67844496109873,55.132266671837641
366,171071219876311,"[""ring6"",""active"",21]",5.5689410026442356,55.926834076664335
367,193133937668178,"[""ring6"",""active"",22]",-5.5689410026442161,55.926834076664363
368,46566491873461,"[""ring6"",""active"",23]",-16.678444961098709,55.132266671837641
369,31492300519486,"[""ring6"",""active"",24]",-27.702959387072987,53.547180795548087
370,24546376086534,"[""ring6"",""active"",25]",-38.586305882097172,51.179653682087064
371,133965456100379,"[""ring6"",""active"",26]",-49.273025407118816,48.041749706938987
372,278872408392949,"[""ring6"",""active"",27]",-59.708660889053661,44.149458909489283
373,190393026479347,"[""ring6"",""active"",28]",-69.840034721547354,39.522615511448919
374,170312264844696,"[""ring6"",""active"",29]",-79.615519745868241,34.184796846206865
375,192903510103468,"[""ring6"",""active"",30]",-88.985302331073996,28.163203214143749
376,204096031368815,"[""ring6"",""active"",31]",-97.901636212856772,21.488519276135705
377,68236790755907,"[""ring6"",""active"",32]",-106.31908579756141,14.194757691556589
378,175706828718013,"[""ring6"",""active"",33]",-114.19475769155652,6.3190857975614847
379,152553411453083,"[""ring6"",""active"",34]",-121.48851927613573,-2.0983637871432705
380,136600615361312,"[""ring6"",""active"",35]",-128.16320321414372,-11.01469766892599
381,62373048652962,"[""ring6"",""active"",36]",-134.18479684620686,-20.384480254131745
382,181856645093371,"[""ring6"",""active"",37]",-139.52261551144892,-30.159965278452617
383,130293704323625,"[""ring6"",""active"",38]",-144.14945890948928,-40.291339110946339
384,61753894552097,"[""ring6"",""active"",39]",-148.04174970693896,-50.726974592881149
385,89052692619480,"[""ring6"",""active"",40]",-151.17965368208704,-61.413694117902772
386,110421658250941,"[""ring6"",""active"",41]",-153.54718079554809,-72.29704061292702
387,237887334612196,"[""ring6"",""active"",42]",-155.13226667183764,-83.321555038901266
388,6774256656513,"[""ring6"",""active"",43]",-155.92683407666433,-94.43105899735572
389,1461599247815,"[""ring6"",""active"",44]",-155.92683407666433,-105.56894100264424
390,113080086478275,"[""ring6"",""active"",45]",-155.13226667183764,-116.67844496109871
391,275076801571628,"[""ring6"",""active"",46]",-153.54718079554809,-127.70295938707294
392,219525186125527,"[""ring6"",""active"",47]",-151.17965368208706,-138.58630588209721
393,256415157047643,"[""ring6"",""active"",48]",-148.04174970693899,-149.27302540711881
394,105765501990854,"[""ring6"",""active"",49]",-144.14945890948928,-159.7086608890537
395,233392164539072,"[""ring6"",""active"",50]",-139.52261551144892,-169.84003472154734
396,121780138828961,"[""ring6"",""active"",51]",-134.18479684620689,-179.61551974586826
397,123535355556610,"[""ring6"",""active"",52]",-128.16320321414372,-188.98530233107402
398,41644475214493,"[""ring6"",""active"",53]",-121.48851927613575,-197.90163621285672
399,232600081420609,"[""ring6"",""active"",54]",-114.19475769155659,-206.3190857975614
400,184013294735046,"[""ring6"",""active"",55]",-106.31908579756144,-214.19475769155656
401,246913989650040,"[""ring6"",""active"",56]",-97.901636212856801,-221.48851927613566
402,142277293781531,"[""ring6"",""active"",57]",-88.985302331074024,-228.16320321414372
403,15539963977653,"[""ring6"",""active"",58]",-79.615519745868326,-234.18479684620681
404,50027054714596,"[""ring6"",""active"",59]",-69.840034721547383,-239.52261551144889
405,8968266447559,"[""ring6"",""active"",60]",-59.708660889053604,-244.14945890948931
406,249035387025584,"[""ring6"",""active"",61]",-49.273025407118858,-248.04174970693896
407,76221010187168,"[""ring6"",""active"",62]",-38.586305882097307,-251.17965368208704
408,148413189653386,"[""ring6"",""active"",63]",-27.702959387073058,-253.54718079554809
409,176562161909927,"[""ring6"",""active"",64]",-16.67844496109868,-255.13226667183764
410,46369425058666,"[""ring6"",""active"",65]",-5.5689410026441513,-255.92683407666436
411,85685822949842,"[""ring6"",""active"",66]",5.568941002644233,-255.92683407666433
412,148816550349384,"[""ring6"",""active"",67]",16.67844496109862,-255.13226667183764
413,51096767258723,"[""ring6"",""active"",68]",27.702959387072998,-253.54718079554809
414,174982740500412,"[""ring6"",""active"",69]",38.586305882097122,-251.17965368208706
415,156109459724971,"[""ring6"",""active"",70]",49.273025407118801,-248.04174970693899
416,279829217726053,"[""ring6"",""active"",71]",59.708660889053682,-244.14945890948928
417,159198802282531,"[""ring6"",""active"",72]",69.84003472154734,-239.52261551144892
418,170710736352246,"[""ring6"",""active"",73]",79.615519745868298,-234.18479684620684
419,109619617615190,"[""ring6"",""active"",74]",88.985302331073967,-228.16320321414375
420,96667164186716,"[""ring6"",""active"",75]",97.901636212856644,-221.4885192761358
421,259606036457484,"[""ring6"",""active"",76]",106.3190857975614,-214.19475769155659
422,196804299156461,"[""ring6"",""active"",77]",114.19475769155655,-206.31908579756146
423,243713746614021,"[""ring6"",""active"",78]",121.48851927613568,-197.9016362128568
424,268776510235903,"[""ring6"",""active"",79]",128.16320321414372,-188.98530233107402
425,145901672624066,"[""ring6"",""active"",80]",134.18479684620681,-179.61551974586834
426,150284606020043,"[""ring6"",""active"",81]",139.52261551144889,-169.8400347215474
427,159636096767033,"[""ring6"",""active"",82]",144.14945890948925,-159.70866088905373
428,199496097941576,"[""ring6"",""active"",83]",148.04174970693902,-149.27302540711872
429,70909107850932,"[""ring6"",""active"",84]",151.17965368208706,-138.58630588209718
430,43534061734153,"[""ring6"",""active"",85]",153.54718079554809,-127.70295938707307
431,154244376608323,"[""ring6"",""active"",86]",155.13226667183764,-116.67844496109882
432,38225657462426,"[""ring6"",""active"",87]",155.92683407666433,-105.56894100264429
433,98704091431607,"[""ring7"",""active"",0]",167.03816770858325,-94.415304770241832
434,139223695998237,"[""ring7"",""active"",1]",166.29213470246449,-83.270856915326988
435,3815330794391,"[""ring7"",""active"",2]",164.80340065473465,-72.201125474489572
436,168939197208594,"[""ring7"",""active"",3]",162.57861461304648,-61.255550555562557
437,257718557202517,"[""ring7"",""active"",4]",159.62771301193726,-50.483017753212607
438,197611875643245,"[""ring7"",""active"",5]",155.96387529429978,-39.931639814007163
439,277769438802380,"[""ring7"",""active"",6]",151.60346504879112,-29.648541753208647
440,10407145213078,"[""ring7"",""active"",7]",146.56595692607348,-19.679650383016664
441,79668007178407,"[""ring7"",""active"",8]",140.87384966029657,-10.069489192275668
442,216898390126945,"[""ring7"",""active"",9]",134.55256558428945,-0.86097949376568295
443,195311553297786,"[""ring7"",""active"",10]",127.63033708725055,7.9047512728001124
444,6707637656343,"[""ring7"",""active"",11]",120.13808052204429,16.188553225904585
445,113547112726121,"[""ring7"",""active"",12]",112.10925812526375,23.953428895101766
446,111992766214480,"[""ring7"",""active"",13]",103.5797285667593,31.164698460700663
447,154388842427142,"[""ring7"",""active"",14]",94.587586796113953,37.790154642259068
448,188844447436172,"[""ring7"",""active"",15]",85.172993901351134,43.800206544116151
449,240676286273810,"[""ring7"",""active"",16]",75.377997739766016,49.168011815515911
450,193077115442914,"[""ring7"",""active"",17]",65.246345141987703,53.869596535061731
451,165270732462952,"[""ring7"",""active"",18]",54.823286528014002,57.883962284069042
452,112275944231314,"[""ring7"",""active"",19]",44.155373807850914,61.193179930600706
453,245752944709934,"[""ring7"",""active"",20]",33.290252469381841,63.782469705322484
454,202662447900705,"[""ring7"",""active"",21]",22.276448782052764,65.640267211540817
455,154415203091408,"[""ring7"",""active"",22]",11.163153066772809,66.758275074605706
456,249000034967445,"[""ring7"",""active"",23]",-2.6876795062443109e-14,67.131500000000187
457,105432625421735,"[""ring7"",""active"",24]",-11.163153066772754,66.758275074605706
458,64235322929390,"[""ring7"",""active"",25]",-22.276448782052739,65.640267211540817
459,80583806395388,"[""ring7"",""active"",26]",-33.290252469381826,63.782469705322512
460,221514684970239,"[""ring7"",""active"",27]",-44.155373807850893,61.193179930600706
461,204545893520169,"[""ring7"",""active"",28]",-54.823286528013981,57.883962284069071
462,97550895784992,"[""ring7"",""active"",29]",-65.246345141987689,53.869596535061731
463,179768472648573,"[""ring7"",""active"",30]",-75.37799773976603,49.168011815515882
464,4663288236199,"[""ring7"",""active"",31]",-85.172993901351163,43.800206544116122
465,278056749230886,"[""ring7"",""active"",32]",-94.587586796113939,37.790154642259097
466,49078469715113,"[""ring7"",""active"",33]",-103.57972856675924,31.164698460700691
467,209456995452956,"[""ring7"",""active"",34]",-112.10925812526371,23.95342889510178
468,281391758338618,"[""ring7"",""active"",35]",-120.13808052204425,16.188553225904627
469,39867733414405,"[""ring7"",""active"",36]",-127.63033708725054,7.9047512728001266
470,221665518473018,"[""ring7"",""active"",37]",-134.55256558428943,-0.86097949376564031
471,235395455773571,"[""ring7"",""active"",38]",-140.87384966029657,-10.069489192275668
472,248140748251892,"[""ring7"",""active"",39]",-146.56595692607348,-19.679650383016664
473,130737922101960,"[""ring7"",""active"",40]",-151.60346504879112,-29.648541753208647
474,142947773551174,"[""ring7"",""active"",41]",-155.96387529429978,-39.931639814007156
475,246134825458202,"[""ring7"",""active"",42]",-159.62771301193726,-50.483017753212607
476,112355342081427,"[""ring7"",""active"",43]",-162.57861461304648,-61.255550555562486
477,168562849537525,"[""ring7"",""active"",44]",-164.80340065473465,-72.201125474489572
478,240623476709370,"[""ring7"",""active"",45]",-166.29213470246452,-83.270856915327002
479,179552823553090,"[""ring7"",""active"",46]",-167.03816770858325,-94.415304770241775
480,20451532741646,"[""ring7"",""active"",47]",-167.03816770858325,-105.58469522975818
481,44138025319731,"[""ring7"",""active"",48]",-166.29213470246452,-116.72914308467296
482,87526950589628,"[""ring7"",""active"",49]",-164.80340065473465,-127.79887452551046
483,271874786952402,"[""ring7"",""active"",50]",-162.57861461304648,-138.74444944443741
484,99017401013374,"[""ring7"",""active"",51]",-159.62771301193729,-149.51698224678736
485,107612685271568,"[""ring7"",""active"",52]",-155.96387529429978,-160.0683601859929
486,210097438333945,"[""ring7"",""active"",53]",-151.60346504879115,-170.35145824679131
487,201864549490165,"[""ring7"",""active"",54]",-146.56595692607354,-180.32034961698326
488,120445623188901,"[""ring7"",""active"",55]",-140.8738496602966,-189.93051080772432
489,195350791113158,"[""ring7"",""active"",56]",-134.55256558428945,-199.13902050623432
490,101971248769460,"[""ring7"",""active"",57]",-127.63033708725057,-207.90475127280007
491,158861748357609,"[""ring7"",""active"",58]",-120.13808052204429,-216.18855322590457
492,4014003715286,"[""ring7"",""active"",59]",-112.10925812526381,-223.95342889510169
493,14706700728349,"[""ring7"",""active"",60]",-103.57972856675923,-231.16469846070072
494,74070345870799,"[""ring7"",""active"",61]",-94.587586796113953,-237.79015464225907
495,162208365690802,"[""ring7"",""active"",62]",-85.172993901351191,-243.80020654411612
496,240940228290301,"[""ring7"",""active"",63]",-75.377997739766002,-249.16801181551591
497,35689871892062,"[""ring7"",""active"",64]",-65.24634514198776,-253.8695965350617
498,102525601656100,"[""ring7"",""active"",65]",-54.823286528013981,-257.88396228406907
499,228865871761749,"[""ring7"",""active"",66]",-44.155373807850928,-261.19317993060071
500,269494860956806,"[""ring7"",""active"",67]",-33.290252469381933,-263.78246970532246
501,97910135213203,"[""ring7"",""active"",68]",-22.276448782052782,-265.64026721154084
502,194550140205816,"[""ring7"",""active"",69]",-11.163153066772905,-266.75827507460571
503,126511770896516,"[""ring7"",""active"",70]",-3.0701558476754413e-14,-267.13150000000019
504,231552121987345,"[""ring7"",""active"",71]",11.163153066772844,-266.75827507460571
505,247506303056146,"[""ring7"",""active"",72]",22.276448782052721,-265.64026721154084
506,102684164402542,"[""ring7"",""active"",73]",33.290252469381876,-263.78246970532246
507,278706186294013,"[""ring7"",""active"",74]",44.155373807850872,-261.19317993060071
508,85489333571197,"[""ring7"",""active"",75]",54.823286528013931,-257.88396228406907
509,208130067677265,"[""ring7"",""active"",76]",65.246345141987703,-253.86959653506173
510,64146519403722,"[""ring7"",""active"",77]",75.377997739765945,-249.16801181551594
511,222194219887615,"[""ring7"",""active"",78]",85.172993901351006,-243.80020654411621
512,95507527291869,"[""ring7"",""active"",79]",94.587586796113925,-237.7901546422591
513,41593819833030,"[""ring7"",""active"",80]",103.5797285667593,-231.16469846070066
514,148418666345158,"[""ring7"",""active"",81]",112.10925812526369,-223.95342889510181
515,181422169739776,"[""ring7"",""active"",82]",120.13808052204419,-216.18855322590468
516,26420087111766,"[""ring7"",""active"",83]",127.63033708725062,-207.90475127280001
517,110309838343784,"[""ring7"",""active"",84]",134.55256558428945,-199.13902050623432
518,197744873701911,"[""ring7"",""active"",85]",140.87384966029654,-189.93051080772435
519,33707646936412,"[""ring7"",""active"",86]",146.56595692607343,-180.32034961698344
520,30292026309958,"[""ring7"",""active"",87]",151.60346504879107,-170.35145824679151
521,173965027062705,"[""ring7"",""active"",88]",155.96387529429978,-160.06836018599279
522,143290150114488,"[""ring7"",""active"",89]",159.62771301193726,-149.51698224678742
523,137765377100470,"[""ring7"",""active"",90]",162.57861461304648,-138.74444944443752
524,192637971276496,"[""ring7"",""active"",91]",164.80340065473465,-127.79887452551044
525,72064232316587,"[""ring7"",""active"",92]",166.29213470246449,-116.7291430846731
526,120717943435933,"[""ring7"",""active"",93]",167.03816770858325,-105.58469522975818
527,103035038586406,"[""ring8"",""active"",0]",178.14880092326703,-94.401448386881412
528,47162301186622,"[""ring8"",""active"",1]",177.44572899446825,-83.226440086126274
529,24425660975383,"[""ring8"",""active"",2]",176.04235984057064,-72.117629363240596
530,153621519479959,"[""ring8"",""active"",3]",173.94423191848625,-61.118857619014747
531,140424434400610,"[""ring8"",""active"",4]",171.1596255805801,-50.273531980662341
532,40460452271116,"[""ring8"",""active"",5]",167.69953039590226,-39.624453993719989
533,253726371640365,"[""ring8"",""active"",6]",163.57760177937953,-29.21365070390118
534,118483385141232,"[""ring8"",""active"",7]",158.81010710013129,-19.082208795547231
535,80665172016646,"[""ring8"",""active"",8]",153.41586148159536,-9.270112441254895
536,230879612048369,"[""ring8"",""active"",9]",147.41615354683171,0.18391449738587085
537,256672054013719,"[""ring8"",""active"",10]",140.83466140205303,9.2425612951822984
538,118704804263222,"[""ring8"",""active"",11]",133.69735918995698,17.870077611725549
539,141175085968341,"[""ring8"",""active"",12]",126.03241458165155,26.032414581651551
540,211148652082234,"[""ring8"",""active"",13]",117.87007761172558,33.697359189956984
541,183297492580179,"[""ring8"",""active"",14]",109.2425612951823,40.83466140205303
542,56077620833608,"[""ring8"",""active"",15]",100.18391449738589,47.416153546831708
543,227864090595258,"[""ring8"",""active"",16]",90.729887558745091,53.415861481595357
544,149823144396876,"[""ring8"",""active"",17]",80.917791204452769,58.810107100131262
545,212903673864193,"[""ring8"",""active"",18]",70.78634929609882,63.577601779379535
546,135359725410911,"[""ring8"",""active"",19]",60.375546006280032,67.699530395902258
547,148039290650802,"[""ring8"",""active"",20]",49.726468019337702,71.159625580580069
548,153477916426313,"[""ring8"",""active"",21]",38.881142380985281,73.944231918486253
549,11663329182261,"[""ring8"",""active"",22]",27.882370636759415,76.04235984057064
550,55124408669199,"[""ring8"",""active"",23]",16.773559913873722,77.445728994468254
551,156367101167981,"[""ring8"",""active"",24]",5.5985516131186088,78.148800923267032
552,109111027470527,"[""ring8"",""active"",25]",-5.5985516131185875,78.148800923267032
553,186589492827295,"[""ring8"",""active"",26]",-16.77355991387374,77.445728994468254
554,234973109690632,"[""ring8"",""active"",27]",-27.882370636759394,76.04235984057064
555,159068333180735,"[""ring8"",""active"",28]",-38.881142380985217,73.944231918486253
556,3553896438682,"[""ring8"",""active"",29]",-49.726468019337645,71.159625580580098
557,125490996073539,"[""ring8"",""active"",30]",-60.375546006280011,67.699530395902258
558,197296522472290,"[""ring8"",""active"",31]",-70.786349296098834,63.577601779379535
559,15471845928098,"[""ring8"",""active"",32]",-80.917791204452769,58.81010710013129
560,221332755877106,"[""ring8"",""active"",33]",-90.729887558745105,53.415861481595357
561,142716136045108,"[""ring8"",""active"",34]",-100.18391449738589,47.41615354683168
562,113991812987888,"[""ring8"",""active"",35]",-109.24256129518231,40.834661402053001
563,137127856256707,"[""ring8"",""active"",36]",-117.87007761172553,33.697359189956984
564,275724049879911,"[""ring8"",""active"",37]",-126.03241458165152,26.032414581651551
565,216476624374123,"[""ring8"",""active"",38]",-133.69735918995698,17.870077611725549
566,276855416670102,"[""ring8"",""active"",39]",-140.83466140205303,9.24256129518227
567,63086328637961,"[""ring8"",""active"",40]",-147.41615354683165,0.18391449738589927
568,80180257145509,"[""ring8"",""active"",41]",-153.41586148159536,-9.2701124412549234
569,201068241412195,"[""ring8"",""active"",42]",-158.81010710013126,-19.082208795547217
570,89479408681291,"[""ring8"",""active"",43]",-163.57760177937951,-29.213650703901095
571,26501276598608,"[""ring8"",""active"",44]",-167.69953039590226,-39.624453993719996
572,252764545910328,"[""ring8"",""active"",45]",-171.15962558058007,-50.273531980662291
573,237539323347336,"[""ring8"",""active"",46]",-173.94423191848625,-61.118857619014705
574,75029977817500,"[""ring8"",""active"",47]",-176.04235984057064,-72.117629363240582
575,224607538536195,"[""ring8"",""active"",48]",-177.44572899446825,-83.226440086126274
576,210764997604661,"[""ring8"",""active"",49]",-178.14880092326703,-94.401448386881412
577,46772381161956,"[""ring8"",""active"",50]",-178.14880092326703,-105.59855161311853
578,62421198131876,"[""ring8"",""active"",51]",-177.44572899446825,-116.7735599138737
579,235643662284623,"[""ring8"",""active"",52]",-176.04235984057064,-127.88237063675938
580,262819177905100,"[""ring8"",""active"",53]",-173.94423191848625,-138.88114238098524
581,252552166573107,"[""ring8"",""active"",54]",-171.15962558058013,-149.7264680193376
582,42675663034389,"[""ring8"",""active"",55]",-167.69953039590226,-160.37554600628005
583,228157238553140,"[""ring8"",""active"",56]",-163.57760177937956,-170.78634929609879
584,34098461380809,"[""ring8"",""active"",57]",-158.81010710013123,-180.91779120445284
585,60965590524995,"[""ring8"",""active"",58]",-153.41586148159536,-190.72988755874508
586,244959290494479,"[""ring8"",""active"",59]",-147.41615354683174,-200.18391449738579
587,60173186848283,"[""ring8"",""active"",60]",-140.834661402053,-209.24256129518233
588,253936474644625,"[""ring8"",""active"",61]",-133.69735918995701,-217.87007761172555
589,116280888669318,"[""ring8"",""active"",62]",-126.03241458165161,-226.03241458165147
590,114106914944888,"[""ring8"",""active"",63]",-117.87007761172558,-233.69735918995698
591,40740589002729,"[""ring8"",""active"",64]",-109.2425612951823,-240.83466140205303
592,51205540404889,"[""ring8"",""active"",65]",-100.18391449738593,-247.41615354683165
593,19872357901552,"[""ring8"",""active"",66]",-90.729887558745077,-253.41586148159536
594,189715827529505,"[""ring8"",""active"",67]",-80.917791204452797,-258.81010710013129
595,63005344182816,"[""ring8"",""active"",68]",-70.786349296098763,-263.57760177937956
596,128083550342654,"[""ring8"",""active"",69]",-60.375546006280011,-267.69953039590223
597,138766779980065,"[""ring8"",""active"",70]",-49.726468019337723,-271.15962558058004
598,187394656298656,"[""ring8"",""active"",71]",-38.881142380985224,-273.94423191848625
599,201676767879538,"[""ring8"",""active"",72]",-27.882370636759436,-276.04235984057061
600,74078940039340,"[""ring8"",""active"",73]",-16.773559913873665,-277.44572899446825
601,12482717360514,"[""ring8"",""active"",74]",-5.5985516131185911,-278.148800923267
602,12895439530384,"[""ring8"",""active"",75]",5.5985516131185253,-278.148800923267
603,81516970422050,"[""ring8"",""active"",76]",16.773559913873758,-277.44572899446825
604,119517088957190,"[""ring8"",""active"",77]",27.882370636759369,-276.04235984057061
605,99429861058485,"[""ring8"",""active"",78]",38.88114238098516,-273.94423191848625
606,232376188121005,"[""ring8"",""active"",79]",49.726468019337652,-271.1596255805801
607,241242393035060,"[""ring8"",""active"",80]",60.375546006279954,-267.69953039590229
608,19805932009010,"[""ring8"",""active"",81]",70.786349296098706,-263.57760177937962
609,233273024537107,"[""ring8"",""active"",82]",80.917791204452598,-258.8101071001314
610,48147940526515,"[""ring8"",""active"",83]",90.729887558745148,-253.4158614815953
611,2159862752157,"[""ring8"",""active"",84]",100.18391449738587,-247.41615354683171
612,159032990764413,"[""ring8"",""active"",85]",109.24256129518224,-240.83466140205306
613,249691745359107,"[""ring8"",""active"",86]",117.87007761172545,-233.69735918995707
614,167953906478754,"[""ring8"",""active"",87]",126.03241458165141,-226.03241458165166
615,91552215359534,"[""ring8"",""active"",88]",133.69735918995704,-217.87007761172549
616,106578588540520,"[""ring8"",""active"",89]",140.834661402053,-209.2425612951823
617,185343818846557,"[""ring8"",""active"",90]",147.41615354683165,-200.18391449738593
618,35243663952562,"[""ring8"",""active"",91]",153.4158614815953,-190.72988755874525
619,36757029982399,"[""ring8"",""active"",92]",158.81010710013126,-180.91779120445278
620,28047153191437,"[""ring8"",""active"",93]",163.57760177937956,-170.78634929609876
621,135667696979217,"[""ring8"",""active"",94]",167.69953039590226,-160.37554600628002
622,99812412252405,"[""ring8"",""active"",95]",171.15962558058007,-149.72646801933774
623,279409842886007,"[""ring8"",""active"",96]",173.94423191848622,-138.88114238098538
624,244534694734196,"[""ring8"",""active"",97]",176.04235984057064,-127.88237063675945
625,70382079551131,"[""ring8"",""active"",98]",177.44572899446825,-116.77355991387384
626,54132498805828,"[""ring8"",""active"",99]",178.14880092326703,-105.5985516131186
627,125797870279228,"[""ring9"",""active"",0]",189.26039477703259,-94.441589000274135
628,194797963855147,"[""ring9"",""active"",1]",188.60797498877204,-83.343927995027116
629,89571561756875,"[""ring9"",""active"",2]",187.30538443841732,-72.303683920477823
630,168223872581822,"[""ring9"",""active"",3]",185.35711342544209,-61.358914785064584
631,270332021443703,"[""ring9"",""active"",4]",182.76987804363478,-50.547349475331742
632,3423682913562,"[""ring9"",""active"",5]",179.55259702933202,-39.90625769664188
633,250743824423220,"[""ring9"",""active"",6]",175.71636101668679,-29.472321496780481
634,123984057099878,"[""ring9"",""active"",7]",171.27439430595507,-19.281508815338171
635,109131239212470,"[""ring9"",""active"",8]",166.24200927659311,-9.3689494947717691
636,60007292473724,"[""ring9"",""active"",9]",160.63655360231351,0.23118581944024186
637,183922960676722,"[""ring9"",""active"",10]",154.47735045006002,9.4858034720915185
638,244026363009533,"[""ring9"",""active"",11]",147.78563186904807,18.363000878933022
639,134526403365745,"[""ring9"",""active"",12]",140.5844655994928,26.832176501490039
640,271629929750622,"[""ring9"",""active"",13]",132.89867555332967,34.864135336904582
641,91866714086023,"[""ring9"",""active"",14]",124.75475624104743,42.431189559158469
642,252673504642266,"[""ring9"",""active"",15]",116.18078143962197,49.507253964745445
643,182925999859411,"[""ring9"",""active"",16]",107.20630741639108,56.067935893771448
644,74309374254258,"[""ring9"",""active"",17]",97.862271042478213,62.090619316506491
645,230210593372475,"[""ring9"",""active"",18]",88.180883146988705,67.554542795524412
646,13443920988055,"[""ring9"",""active"",19]",78.195517479608966,72.440871054678553
647,208622677056872,"[""ring9"",""active"",20]",67.940595664377668,76.732759908200507
648,39592251780274,"[""ring9"",""active"",21]",57.451468541216599,80.415414326098272
649,12335931589554,"[""ring9"",""active"",22]",46.764294304262542,83.476139435689078
650,37921723584664,"[""ring9"",""active"",23]",35.915913857081115,85.904384283455869
651,46532540838939,"[""ring9"",""active"",24]",24.943723814440382,87.691778206369577
652,221836744379569,"[""ring9"",""active"",25]",13.885547588432408,88.832159687298713
653,163801405267883,"[""ring9"",""active"",26]",2.7795050033364275,89.321597595035456
654,238982923778748,"[""ring9"",""active"",27]",-8.3361191113123905,89.158404735719103
655,205745359222780,"[""ring9"",""active"",28]",-19.423006896461672,88.343143668942986
656,162046055810862,"[""ring9"",""active"",29]",-30.442939553139976,86.87862476849503
657,16135229903257,"[""ring9"",""active"",30]",-41.357929090574082,84.769896534416972
658,219961057606929,"[""ring9"",""active"",31]",-52.130349278663083,82.024228189778881
659,38238546939468,"[""ring9"",""active"",32]",-62.723065353387966,78.651084622161534
660,275681201462891,"[""ring9"",""active"",33]",-73.099562028036516,74.662093756227904
661,211355088550619,"[""ring9"",""active"",34]",-83.224069368960727,70.071006469858105
662,221360357038448,"[""ring9"",""active"",35]",-93.061686101948453,64.893649192024725
663,223009927988812,"[""ring9"",""active"",36]",-102.57849992414576,59.147869345813518
664,210617608994225,"[""ring9"",""active"",37]",-111.74170440679038,52.853473824658579
665,15081599663134,"[""ring9"",""active"",38]",-120.51971208576758,46.03216071387763
666,46320946312222,"[""ring9"",""active"",39]",-128.88226335014284,38.707444492876903
667,225269520396524,"[""ring9"",""active"",40]",-136.8005307533092,30.904574975869366
668,173457709519417,"[""ring9"",""active"",41]",-144.24721838716815,22.650450270533952
669,154323244090370,"[""ring9"",""active"",42]",-151.19665597677866,13.973524054666939
670,179984352001694,"[""ring9"",""active"",43]",-157.62488737111374,4.9037074904590838
671,103164462862684,"[""ring9"",""active"",44]",-163.50975312487517,-4.5277338854760814
672,213722942061737,"[""ring9"",""active"",45]",-168.83096688669207,-14.288287940884146
673,277505777930000,"[""ring9"",""active"",46]",-173.57018533037706,-24.344308023925478
674,270924983377453,"[""ring9"",""active"",47]",-177.71107138817112,-34.66112895015371
675,181821888419372,"[""ring9"",""active"",48]",-181.23935056800104,-45.203186500588195
676,156532336352418,"[""ring9"",""active"",49]",-184.14286016061035,-55.934140018944412
677,227955277581842,"[""ring9"",""active"",50]",-186.41159116693797,-66.81699768540409
678,11340136088227,"[""ring9"",""active"",51]",-188.0377228012114,-77.814244035082226
679,57652450693941,"[""ring9"",""active"",52]",-189.01564945081549,-88.887969281605564
680,123785471648349,"[""ring9"",""active"",53]",-189.34200000000027,-99.999999999999972
681,75091553331911,"[""ring9"",""active"",54]",-189.01564945081549,-111.11203071839429
682,272340083496617,"[""ring9"",""active"",55]",-188.0377228012114,-122.18575596491772
683,209873485150225,"[""ring9"",""active"",56]",-186.41159116693797,-133.18300231459585
684,60973697421276,"[""ring9"",""active"",57]",-184.14286016061035,-144.06585998105561
685,91243862051056,"[""ring9"",""active"",58]",-181.23935056800104,-154.79681349941177
686,107611000919233,"[""ring9"",""active"",59]",-177.71107138817118,-165.33887104984618
687,86254612139789,"[""ring9"",""active"",60]",-173.57018533037706,-175.65569197607448
688,270522535005507,"[""ring9"",""active"",61]",-168.8309668866921,-185.71171205911583
689,74320493226543,"[""ring9"",""active"",62]",-163.5097531248752,-195.47226611452388
690,196184725122870,"[""ring9"",""active"",63]",-157.6248873711138,-204.90370749045906
691,11587045354879,"[""ring9"",""active"",64]",-151.19665597677874,-213.97352405466683
692,203586314635190,"[""ring9"",""active"",65]",-144.24721838716812,-222.65045027053401
693,227591073418422,"[""ring9"",""active"",66]",-136.80053075330923,-230.90457497586934
694,157083688824109,"[""ring9"",""active"",67]",-128.88226335014289,-238.70744449287687
695,185510044971820,"[""ring9"",""active"",68]",-120.51971208576768,-246.03216071387757
696,18749223168059,"[""ring9"",""active"",69]",-111.74170440679042,-252.85347382465855
697,192505269951683,"[""ring9"",""active"",70]",-102.57849992414586,-259.14786934581343
698,149755163902934,"[""ring9"",""active"",71]",-93.061686101948425,-264.89364919202478
699,268581028682212,"[""ring9"",""active"",72]",-83.22406936896077,-270.07100646985805
700,187245590747074,"[""ring9"",""active"",73]",-73.099562028036516,-274.66209375622793
701,99094017082654,"[""ring9"",""active"",74]",-62.723065353388051,-278.65108462216153
702,241208998722174,"[""ring9"",""active"",75]",-52.130349278663054,-282.02422818977891
703,132733550750949,"[""ring9"",""active"",76]",-41.357929090574167,-284.76989653441694
704,147102363113430,"[""ring9"",""active"",77]",-30.442939553139976,-286.878624768495
705,248640178524843,"[""ring9"",""active"",78]",-19.423006896461761,-288.34314366894296
706,151007083847908,"[""ring9"",""active"",79]",-8.3361191113123532,-289.1584047357191
707,182641311822839,"[""ring9"",""active"",80]",2.7795050033363813,-289.32159759503543
708,89551781189199,"[""ring9"",""active"",81]",13.885547588432235,-288.83215968729871
709,42228713324520,"[""ring9"",""active"",82]",24.943723814440293,-287.69177820636958
710,259212033993984,"[""ring9"",""active"",83]",35.915913857081151,-285.9043842834559
711,81821775887024,"[""ring9"",""active"",84]",46.764294304262492,-283.47613943568911
712,223961144654042,"[""ring9"",""active"",85]",57.451468541216627,-280.41541432609824
713,29854241787711,"[""ring9"",""active"",86]",67.940595664377582,-276.73275990820059
714,102537577230001,"[""ring9"",""active"",87]",78.195517479608853,-272.44087105467861
715,276435026690437,"[""ring9"",""active"",88]",88.180883146988663,-267.55454279552441
716,156943680986413,"[""ring9"",""active"",89]",97.862271042478255,-262.09061931650649
717,203154318715974,"[""ring9"",""active"",90]",107.20630741639104,-256.06793589377145
718,145621433959359,"[""ring9"",""active"",91]",116.18078143962187,-249.50725396474553
719,5914374245098,"[""ring9"",""active"",92]",124.75475624104743,-242.4311895591585
720,201446661129401,"[""ring9"",""active"",93]",132.89867555332972,-234.86413533690455
721,201054203457862,"[""ring9"",""active"",94]",140.5844655994928,-226.83217650149004
722,250695471417951,"[""ring9"",""active"",95]",147.78563186904813,-218.36300087893301
723,173283086101942,"[""ring9"",""active"",96]",154.47735045005999,-209.48580347209153
724,55538106196645,"[""ring9"",""active"",97]",160.63655360231346,-200.23118581944033
725,113832786604775,"[""ring9"",""active"",98]",166.24200927659302,-190.63105050522842
726,263697009540772,"[""ring9"",""active"",99]",171.2743943059551,-180.71849118466179
727,216671854054060,"[""ring9"",""active"",100]",175.71636101668679,-170.52767850321953
728,210970723892081,"[""ring9"",""active"",101]",179.55259702933196,-160.09374230335823
729,196855722301620,"[""ring9"",""active"",102]",182.76987804363478,-149.45265052466829
730,36049464492145,"[""ring9"",""active"",103]",185.35711342544207,-138.64108521493552
731,196238744687822,"[""ring9"",""active"",104]",187.30538443841732,-127.69631607952218
732,61285054229784,"[""ring9"",""active"",105]",188.60797498877207,-116.6560720049728
733,70319797104234,"[""ring9"",""active"",106]",189.26039477703259,-105.55841099972588
734,172474163115530,"[""ring10"",""active"",0]",200.36978866250055,-94.427942578589992
735,199925557887058,"[""ring10"",""active"",1]",199.75045712847091,-83.301050645937906
736,279228618000839,"[""ring10"",""active"",2]",198.51370837869086,-72.225774208761322
737,42309364814537,"[""ring10"",""active"",3]",196.66336513267078,-61.23634631182923
738,269370549870250,"[""ring10"",""active"",4]",194.20514669534523,-50.366734646992519
739,177128027911657,"[""ring10"",""active"",5]",191.1466512790293,-39.650536560995057
740,140196495955528,"[""ring10"",""active"",6]",187.49733251777945,-29.120875208000285
741,77902284120045,"[""ring10"",""active"",7]",183.26847024675283,-18.810297167819968
742,274383146580543,"[""ring10"",""active"",8]",178.47313563688286,-8.7506718463010316
743,233739275243107,"[""ring10"",""active"",9]",173.12615079263924,1.0269070311813806
744,173313357515596,"[""ring10"",""active"",10]",167.24404293775225,10.492217528647288
745,49304209612529,"[""ring10"",""active"",11]",160.84499333051141,19.616002913783888
746,265830952138703,"[""ring10"",""active"",12]",153.94878106653812,28.370062088828718
747,183373277524924,"[""ring10"",""active"",13]",146.57672194273445,36.727336758546329
748,5637792400540,"[""ring10"",""active"",14]",138.75160257137645,44.661995065868695
749,269084107532656,"[""ring10"",""active"",15]",130.49760994800172,52.149511436684634
750,277164273177310,"[""ring10"",""active"",16]",121.84025669079193,59.166742386984083
751,159639930345126,"[""ring10"",""active"",17]",112.80630218253239,65.691998058040838
752,25205170815886,"[""ring10"",""active"",18]",103.42366985889321,71.705109258522896
753,51186292520246,"[""ring10"",""active"",19]",93.721360898689952,77.187489806306957
754,55975604336411,"[""ring10"",""active"",20]",83.72936458290188,82.12219397730226
755,44345853330234,"[""ring10"",""active"",21]",73.478565599522994,86.493968883712768
756,142948145984137,"[""ring10"",""active"",22]",63.000648580761514,90.289301619838881
757,38917648349763,"[""ring10"",""active"",23]",52.328000167657464,93.496461029694956
758,167132142782736,"[""ring10"",""active"",24]",41.493608904831049,96.105533967340023
759,172575138973074,"[""ring10"",""active"",25]",30.530963274781893,98.108455937843672
760,206709984788430,"[""ring10"",""active"",26]",19.473948186908867,99.499036024177855
761,23020641473524,"[""ring10"",""active"",27]",8.3567402411966949,100.27297602298665
762,34433825127062,"[""ring10"",""active"",28]",-2.7862979096956431,100.42788373008645
763,110094276154620,"[""ring10"",""active"",29]",-13.920723773425358,99.963280334631975
764,227745589159590,"[""ring10"",""active"",30]",-25.012121477735732,98.88060189909325
765,11255515374092,"[""ring10"",""active"",31]",-36.026208147944885,97.183194920468736
766,270450823204176,"[""ring10"",""active"",32]",-46.928939873346771,94.87630598645498
767,239794502843318,"[""ring10"",""active"",33]",-57.686616934988528,91.967065558544476
768,123345788251926,"[""ring10"",""active"",34]",-68.265987969569963,88.464465932178172
769,86620170567299,"[""ring10"",""active"",35]",-78.634352747502305,84.379333442075335
770,278948417656352,"[""ring10"",""active"",36]",-88.759663247443797,79.72429499865342
771,153329039887504,"[""ring10"",""active"",37]",-98.61062271489709,74.513739058971652
772,244852078210318,"[""ring10"",""active"",38]",-108.15678239868389,68.763771152834721
773,236665206409186,"[""ring10"",""active"",39]",-117.36863566628983,62.492164101523173
774,238818893321525,"[""ring10"",""active"",40]",-126.21770920717444,55.718303083021596
775,233169623684519,"[""ring10"",""active"",41]",-134.67665104214288,48.463125713543747
776,266925950329579,"[""ring10"",""active"",42]",-142.71931506674537,40.749057330561527
777,223340820183600,"[""ring10"",""active"",43]",-150.32084186738822,32.599941677371334
778,147184792139813,"[""ring10"",""active"",44]",-157.45773556035658,24.040967203450336
779,249082231839352,"[""ring10"",""active"",45]",-164.10793641624409,15.098589208402586
780,142449631629575,"[""ring10"",""active"",46]",-170.25088904531273,5.8004480701439434
781,55790143994605,"[""ring10"",""active"",47]",-175.86760593302458,-3.8247161899222561
782,58116577585164,"[""ring10"",""active"",48]",-180.94072612936046,-13.747152740663708
783,203524580081841,"[""ring10"",""active"",49]",-185.45456891052234,-23.936191899333963
784,121511660269856,"[""ring10"",""active"",50]",-189.39518224715135,-34.36033992980353
785,137924173292362,"[""ring10"",""active"",51]",-192.75038592925145,-44.987376387893946
786,127642190415742,"[""ring10"",""active"",52]",-195.50980921452015,-55.784453712924076
787,263568781339220,"[""ring10"",""active"",53]",-197.66492288371879,-66.718198757637367
788,132280700110107,"[""ring10"",""active"",54]",-199.20906560400044,-77.754815942688325
789,155529656779273,"[""ring10"",""active"",55]",-200.13746451870793,-88.860191716840816
790,255689862235959,"[""ring10"",""active"",56]",-200.44725000000031,-99.999999999999972
791,194032139333679,"[""ring10"",""active"",57]",-200.13746451870793,-111.13980828315923
792,63692208333685,"[""ring10"",""active"",58]",-199.20906560400044,-122.24518405731153
793,227404135121849,"[""ring10"",""active"",59]",-197.66492288371879,-133.28180124236249
794,249406166904954,"[""ring10"",""active"",60]",-195.50980921452015,-144.21554628707597
795,85426733846450,"[""ring10"",""active"",61]",-192.75038592925148,-155.01262361210601
796,11883891431356,"[""ring10"",""active"",62]",-189.39518224715135,-165.63966007019644
797,14450273945529,"[""ring10"",""active"",63]",-185.45456891052231,-176.06380810066605
798,257643605249143,"[""ring10"",""active"",64]",-180.94072612936051,-186.25284725933616
799,95578123324507,"[""ring10"",""active"",65]",-175.86760593302461,-196.1752838100777
800,223318424710327,"[""ring10"",""active"",66]",-170.25088904531285,-205.80044807014383
801,157274789700213,"[""ring10"",""active"",67]",-164.10793641624412,-215.09858920840253
802,238033804364506,"[""ring10"",""active"",68]",-157.45773556035658,-224.04096720345035
803,211626795745911,"[""ring10"",""active"",69]",-150.32084186738828,-232.59994167737133
804,94246836274515,"[""ring10"",""active"",70]",-142.71931506674545,-240.74905733056141
805,279877602851949,"[""ring10"",""active"",71]",-134.67665104214294,-248.46312571354372
806,279986596671727,"[""ring10"",""active"",72]",-126.21770920717448,-255.71830308302157
807,170392112000190,"[""ring10"",""active"",73]",-117.3686356662898,-262.4921641015232
808,177354929160852,"[""ring10"",""active"",74]",-108.15678239868393,-268.76377115283469
809,138858386300720,"[""ring10"",""active"",75]",-98.610622714897133,-274.51373905897162
810,67114489787986,"[""ring10"",""active"",76]",-88.759663247443839,-279.72429499865336
811,90377669861419,"[""ring10"",""active"",77]",-78.634352747502362,-284.37933344207534
812,264504839112860,"[""ring10"",""active"",78]",-68.265987969570048,-288.4644659321782
813,34889752875108,"[""ring10"",""active"",79]",-57.686616934988493,-291.9670655585445
814,25443323091142,"[""ring10"",""active"",80]",-46.928939873346948,-294.87630598645495
815,18903049302519,"[""ring10"",""active"",81]",-36.02620814794502,-297.18319492046874
816,191207807449243,"[""ring10"",""active"",82]",-25.012121477735914,-298.88060189909322
817,207907828713153,"[""ring10"",""active"",83]",-13.920723773425408,-299.96328033463197
818,226224473190248,"[""ring10"",""active"",84]",-2.7862979096956919,-300.42788373008648
819,60883834291409,"[""ring10"",""active"",85]",8.3567402411966452,-300.27297602298665
820,233430294875271,"[""ring10"",""active"",86]",19.473948186908771,-299.49903602417783
821,279322100995832,"[""ring10"",""active"",87]",30.530963274781804,-298.1084559378437
822,272633075433432,"[""ring10"",""active"",88]",41.493608904831092,-296.10553396734002
823,6454662654908,"[""ring10"",""active"",89]",52.3280001676575,-293.49646102969496
824,52996592054251,"[""ring10"",""active"",90]",63.000648580761563,-290.28930161983885
825,272114709703238,"[""ring10"",""active"",91]",73.478565599522994,-286.4939688837128
826,229685360108091,"[""ring10"",""active"",92]",83.729364582901681,-282.12219397730235
827,130139810655057,"[""ring10"",""active"",93]",93.721360898689909,-277.18748980630698
828,254315922779276,"[""ring10"",""active"",94]",103.42366985889316,-271.70510925852295
829,259683155172694,"[""ring10"",""active"",95]",112.80630218253232,-265.69199805804089
830,194933884746118,"[""ring10"",""active"",96]",121.84025669079185,-259.16674238698414
831,251885263781592,"[""ring10"",""active"",97]",130.49760994800161,-252.14951143668469
832,254981362410777,"[""ring10"",""active"",98]",138.75160257137637,-244.66199506586878
833,70650623938862,"[""ring10"",""active"",99]",146.57672194273448,-236.7273367585463
834,111597398850170,"[""ring10"",""active"",100]",153.94878106653815,-228.37006208882869
835,33206401265888,"[""ring10"",""active"",101]",160.84499333051141,-219.61600291378392
836,124499559175476,"[""ring10"",""active"",102]",167.24404293775223,-210.4922175286473
837,211767509360928,"[""ring10"",""active"",103]",173.12615079263921,-201.02690703118142
838,109634888417978,"[""ring10"",""active"",104]",178.47313563688292,-191.24932815369885
839,213490727952,"[""ring10"",""active"",105]",183.26847024675277,-181.1897028321801
840,3697169544841,"[""ring10"",""active"",106]",187.49733251777943,-170.8791247919998
841,231073600622923,"[""ring10"",""active"",107]",191.14665127902924,-160.34946343900506
842,135737330840372,"[""ring10"",""active"",108]",194.20514669534523,-149.63326535300763
843,97627862273595,"[""ring10"",""active"",109]",196.66336513267078,-138.76365368817076
844,181664791919706,"[""ring10"",""active"",110]",198.51370837869086,-127.77422579123868
845,32219952317374,"[""ring10"",""active"",111]",199.75045712847091,-116.69894935406211
846,105853932028994,"[""ring10"",""active"",112]",200.36978866250055,-105.57205742141005
847,232479309947301,"[""ring11"",""active"",0]",211.47878281121001,-94.415675784911684
848,50860905246844,"[""ring11"",""active"",1]",210.88935351332933,-83.262591867909777
849,143329153940912,"[""ring11"",""active"",2]",209.71213776273942,-72.156158109342186
850,3919468611562,"[""ring11"",""active"",3]",207.95041667087898,-61.12733013210994
851,230294396515493,"[""ring11"",""active"",4]",205.6091004704079,-50.206847257882337
852,149700328576904,"[""ring11"",""active"",5]",202.6947148295082,-39.425146831094175
853,664180320899,"[""ring11"",""active"",6]",199.21538266367631,-28.812279384607592
854,115375702687656,"[""ring11"",""active"",7]",195.18080149570076,-18.397824883487345
855,215832399220657,"[""ring11"",""active"",8]",190.60221642692684,-8.2108102803326233
856,22825761017195,"[""ring11"",""active"",9]",185.49238879514215,1.7203713880458338
857,210615559996919,"[""ring11"",""active"",10]",179.86556060643952,11.368040137111976
858,31872758005241,"[""ring11"",""active"",11]",173.73741484019146,20.705306183685948
859,221025727242852,"[""ring11"",""active"",12]",167.12503173777395,29.706144892592505
860,225771381567190,"[""ring11"",""active"",13]",160.04684119687022,38.345469311987074
861,9006412514781,"[""ring11"",""active"",14]",152.52257140404026,46.599200095190099
862,148011200851181,"[""ring11"",""active"",15]",144.57319384872667,54.444332614144997
863,135996081291481,"[""ring11"",""active"",16]",136.22086487195207,61.859001077442457
864,271030481597108,"[""ring11"",""active"",17]",127.48886391262288,68.822539474203154
865,81300645859808,"[""ring11"",""active"",18]",118.40152862355755,75.315539173956353
866,104310201120189,"[""ring11"",""active"",19]",108.98418703808341,81.319903021974397
867,203883247483410,"[""ring11"",""active"",20]",99.263086976264631,86.818895779288539
868,14709532842178,"[""ring11"",""active"",21]",89.265322887520156,91.797190766801663
869,52305640921682,"[""ring11"",""active"",22]",79.018760333533649,96.240912583491905
870,56159762189962,"[""ring11"",""active"",23]",68.551958321935146,100.13767577964379
871,32249758069300,"[""ring11"",""active"",24]",57.894089707224438,103.47661937731814
872,244462011710435,"[""ring11"",""active"",25]",47.074859880793291,106.24843714184559
873,75668972759819,"[""ring11"",""active"",26]",36.124423976671899,108.44540351997162
874,100936505335710,"[""ring11"",""active"",27]",25.073302823761683,110.06139517235928
875,66324793799683,"[""ring11"",""active"",28]",13.952297878810962,111.09190804043408
876,191337993838044,"[""ring11"",""active"",29]",2.7924053772305899,111.534069900003
877,1073285995238,"[""ring11"",""active"",30]",-8.3752700589733848,111.3866483666587
878,240691178521803,"[""ring11"",""active"",31]",-19.519602115360254,110.65005433065562
879,192207009879479,"[""ring11"",""active"",32]",-30.609529539675556,109.32634081168541
880,103074661770529,"[""ring11"",""active"",33]",-41.614142715132544,107.4191972367426
881,14045776964446,"[""ring11"",""active"",34]",-52.502769811057455,104.93393915702998
882,70529921752921,"[""ring11"",""active"",35]",-63.245062270783208,101.87749343256397
883,9662780048332,"[""ring11"",""active"",36]",-73.811079398519809,98.2583789257734
884,103980759562146,"[""ring11"",""active"",37]",-84.17137180944404,94.086682757901968
885,280440000870112,"[""ring11"",""active"",38]",-94.297063510416251,89.374032194392129
886,132900369217242,"[""ring11"",""active"",39]",-104.15993238255288,84.133562237610988
887,87791505369010,"[""ring11"",""active"",40]",-113.73248884133326,78.379879017242757
888,128219859946054,"[""ring11"",""active"",41]",-122.98805245500263,72.129019080385376
889,138724918645793,"[""ring11"",""active"",42]",-131.90082630771994,65.398404694818169
890,190207085053315,"[""ring11"",""active"",43]",-140.44596890019,58.206795290015975
891,14715469083712,"[""ring11"",""active"",44]",-148.59966338737712,50.574235171254827
892,209780806195365,"[""ring11"",""active"",45]",-156.33918396032371,42.521997652538545
893,85778706310978,"[""ring11"",""active"",46]",-163.64295918705645,34.072525764056252
894,94854430522564,"[""ring11"",""active"",47]",-170.4906321360356,25.249369699432549
895,8568384943035,"[""ring11"",""active"",48]",-176.86311711457475,16.077121177113824
896,167724292612319,"[""ring11"",""active"",49]",-182.74265286408948,6.581344898837898
897,183752988734648,"[""ring11"",""active"",50]",-188.1128520639102,-3.2114927037740273
898,219427054293820,"[""ring11"",""active"",51]",-192.95874700568467,-13.274097235910403
899,229158023095686,"[""ring11"",""active"",52]",-197.26683131106532,-23.578422413942207
900,273403135210151,"[""ring11"",""active"",53]",-201.02509757640817,-34.09574823544601
901,250221646710141,"[""ring11"",""active"",54]",-204.22307083956073,-44.796761027002191
902,79821941779339,"[""ring11"",""active"",55]",-206.85183777545984,-55.651635146659714
903,184232025959448,"[""ring11"",""active"",56]",-208.9040715391676,-66.630116113350198
904,14493196065562,"[""ring11"",""active"",57]",-210.37405218710219,-77.701604931552794
905,281234359718790,"[""ring11"",""active"",58]",-211.25768261954659,-88.835243376182788
906,154672153942259,"[""ring11"",""active"",59]",-211.55250000000035,-99.999999999999972
907,192757230556453,"[""ring11"",""active"",60]",-211.25768261954659,-111.16475662381715
908,212199831827710,"[""ring11"",""active"",61]",-210.37405218710219,-122.29839506844716
909,60603431078269,"[""ring11"",""active"",62]",-208.9040715391676,-133.36988388664975
910,126538151549551,"[""ring11"",""active"",63]",-206.85183777545987,-144.34836485334023
911,146495590976733,"[""ring11"",""active"",64]",-204.22307083956073,-155.20323897299778
912,50984545312830,"[""ring11"",""active"",65]",-201.0250975764082,-165.90425176455392
913,114948843564819,"[""ring11"",""active"",66]",-197.26683131106535,-176.42157758605777
914,97039671693358,"[""ring11"",""active"",67]",-192.9587470056847,-186.72590276408954
915,205412286443043,"[""ring11"",""active"",68]",-188.11285206391022,-196.78850729622593
916,177994386183626,"[""ring11"",""active"",69]",-182.74265286408945,-206.58134489883793
917,116775653627168,"[""ring11"",""active"",70]",-176.86311711457483,-216.07712117711372
918,242577475189343,"[""ring11"",""active"",71]",-170.49063213603563,-225.24936969943252
919,141227925571676,"[""ring11"",""active"",72]",-163.64295918705648,-234.07252576405622
920,224474531022220,"[""ring11"",""active"",73]",-156.33918396032374,-242.52199765253852
921,221649901822275,"[""ring11"",""active"",74]",-148.59966338737712,-250.57423517125486
922,21635422337719,"[""ring11"",""active"",75]",-140.44596890019008,-258.20679529001586
923,265241412869527,"[""ring11"",""active"",76]",-131.90082630771997,-265.39840469481811
924,202357802237107,"[""ring11"",""active"",77]",-122.98805245500262,-272.12901908038543
925,174430358125708,"[""ring11"",""active"",78]",-113.73248884133331,-278.37987901724273
926,85469451193117,"[""ring11"",""active"",79]",-104.15993238255284,-284.13356223761105
927,160923453275381,"[""ring11"",""active"",80]",-94.297063510416393,-289.37403219439204
928,203036847881288,"[""ring11"",""active"",81]",-84.171371809444167,-294.08668275790194
929,61049107394931,"[""ring11"",""active"",82]",-73.811079398519951,-298.2583789257734
930,175072175491814,"[""ring11"",""active"",83]",-63.24506227078308,-301.87749343256399
931,189770622283281,"[""ring11"",""active"",84]",-52.502769811057512,-304.93393915702995
932,250801272459662,"[""ring11"",""active"",85]",-41.614142715132594,-307.4191972367426
933,189062369803687,"[""ring11"",""active"",86]",-30.609529539675609,-309.32634081168544
934,109864598712152,"[""ring11"",""active"",87]",-19.519602115360396,-310.65005433065562
935,260021851945382,"[""ring11"",""active"",88]",-8.3752700589733422,-311.38664836665873
936,254776523053778,"[""ring11"",""active"",89]",2.7924053772306321,-311.53406990000303
937,3827488127292,"[""ring11"",""active"",90]",13.952297878810814,-311.09190804043408
938,50039479609044,"[""ring11"",""active"",91]",25.073302823761587,-310.06139517235931
939,206304457823327,"[""ring11"",""active"",92]",36.124423976671849,-308.44540351997165
940,241522368853595,"[""ring11"",""active"",93]",47.074859880793426,-306.24843714184556
941,272460952974965,"[""ring11"",""active"",94]",57.894089707224389,-303.47661937731812
942,71188371819745,"[""ring11"",""active"",95]",68.551958321935146,-300.13767577964381
943,178633431209095,"[""ring11"",""active"",96]",79.018760333533692,-296.24091258349188
944,37158976091471,"[""ring11"",""active"",97]",89.265322887520028,-291.79719076680175
945,15717292378236,"[""ring11"",""active"",98]",99.263086976264503,-286.8188957792886
946,275154700834855,"[""ring11"",""active"",99]",108.98418703808348,-281.31990302197437
947,191439786176492,"[""ring11"",""active"",100]",118.40152862355748,-275.31553917395638
948,58724142858365,"[""ring11"",""active"",101]",127.4888639126228,-268.82253947420315
949,99354851501123,"[""ring11"",""active"",102]",136.22086487195205,-261.85900107744249
950,208909764743883,"[""ring11"",""active"",103]",144.5731938487265,-254.44433261414514
951,181970186264977,"[""ring11"",""active"",104]",152.52257140404026,-246.5992000951901
952,131657036157416,"[""ring11"",""active"",105]",160.04684119687022,-238.34546931198705
953,131889163410686,"[""ring11"",""active"",106]",167.12503173777398,-229.70614489259245
954,174703455648911,"[""ring11"",""active"",107]",173.73741484019138,-220.70530618368605
955,122741607093549,"[""ring11"",""active"",108]",179.86556060643943,-211.36804013711208
956,187924930219905,"[""ring11"",""active"",109]",185.4923887951422,-201.72037138804572
957,146353207637316,"[""ring11"",""active"",110]",190.60221642692682,-191.78918971966743
958,249331279351647,"[""ring11"",""active"",111]",195.18080149570076,-181.60217511651268
959,78849532106688,"[""ring11"",""active"",112]",199.21538266367631,-171.18772061539241
960,267361507237740,"[""ring11"",""active"",113]",202.69471482950814,-160.574853168906
961,166375894971004,"[""ring11"",""active"",114]",205.60910047040784,-149.7931527421178
962,276591701667510,"[""ring11"",""active"",115]",207.95041667087898,-138.87266986789001
963,278139323173545,"[""ring11"",""active"",116]",209.71213776273939,-127.84384189065791
964,262132174937331,"[""ring11"",""active"",117]",210.88935351332933,-116.73740813209031
965,107920349036899,"[""ring11"",""active"",118]",211.47878281121001,-105.58432421508837
966,269190325658942,"[""ring12"",""active"",0]",222.58743229639407,-94.404589491301209
967,221256282841499,"[""ring12"",""active"",1]",222.0251571245031,-83.227902966462906
968,15095316137380,"[""ring12"",""active"",2]",220.90202713660406,-72.093584214347487
969,21284940582560,"[""ring12"",""active"",3]",219.22087945652055,-61.029759490447667
970,104244924606252,"[""ring12"",""active"",4]",216.98596080919589,-50.064376976222839
971,43693989809466,"[""ring12"",""active"",5]",214.20291679309719,-39.225136179567187
972,241596496230020,"[""ring12"",""active"",6]",210.87877761894387,-28.53941796344867
973,181193497203570,"[""ring12"",""active"",7]",207.02194035078517,-18.034215379473011
974,67595663728408,"[""ring12"",""active"",8]",202.64214769428744,-7.7360654810924245
975,144704543391314,"[""ring12"",""active"",9]",197.75046338581436,2.3290177112942558
976,25630916321626,"[""ring12"",""active"",10]",192.35924424446836,12.135608924015017
977,198287664105918,"[""ring12"",""active"",11]",186.48210895769353,21.658935856572427
978,98297547837049,"[""ring12"",""active"",12]",180.13390367928878,30.87494175862463
979,167442685379849,"[""ring12"",""active"",13]",173.33066452673523,39.760346199424703
980,43722190179802,"[""ring12"",""active"",14]",166.08957707257147,48.292703876209004
981,149792332955911,"[""ring12"",""active"",15]",158.42893293214604,56.450461312979996
982,271968116210543,"[""ring12"",""active"",16]",150.36808355740928,64.213011306457247
983,18830141797848,"[""ring12"",""active"",17]",141.92739135346656,71.560744981661287
984,155746111806125,"[""ring12"",""active"",18]",133.12817824137551,78.475101325633716
985,260616336067978,"[""ring12"",""active"",19]",123.99267179712308,84.938614074166765
986,91602902997760,"[""ring12"",""active"",20]",114.54394910283946,90.934955833102492
987,224297049614986,"[""ring12"",""active"",21]",104.80587845208575,96.448979322747562
988,196350846926909,"[""ring12"",""active"",22]",94.803059056473217,101.46675564121622
989,49739719040863,"[""ring12"",""active"",23]",84.560758905919457,105.97560945004543
990,216886670514881,"[""ring12"",""active"",24]",74.10485093951317,109.96415099319981
991,88316470805252,"[""ring12"",""active"",25]",63.461747688224449,113.42230486858398
992,198631377282869,"[""ring12"",""active"",26]",52.658334554559346,116.34133547938259
993,134918750124482,"[""ring12"",""active"",27]",41.721901897699674,118.71386910093608
994,136285100735002,"[""ring12"",""active"",28]",30.680076095687554,120.53391250740893
995,188667730959992,"[""ring12"",""active"",29]",19.560749758796302,121.79686811119862
996,106995176848617,"[""ring12"",""active"",30]",8.3920112703766172,122.49954557684055
997,231353215825364,"[""ring12"",""active"",31]",-2.797926166837569,122.64016988007262
998,58669025125971,"[""ring12"",""active"",32]",-13.980795799727955,122.21838579170037
999,275876603261418,"[""ring12"",""active"",33]",-25.128348729063514,121.2352587749368
1000,121581170320119,"[""ring12"",""active"",34]",-36.212425268671154,119.6932722939498
1001,195777189040132,"[""ring12"",""active"",35]",-47.205026079247432,117.59632154041631
1002,141670809921506,"[""ring12"",""active"",36]",-58.07838289711939,114.94970359392977
1003,159062754341843,"[""ring12"",""active"",37]",-68.805028679288554,111.76010404111761
1004,60045675090491,"[""ring12"",""active"",38]",-79.357866987565416,108.0355800872691
1005,45078197210876,"[""ring12"",""active"",39]",-89.710240436523947,103.78554020313547
1006,95413172796324,"[""ring12"",""active"",40]",-99.835998032370526,99.020720358316424
1007,240700718671888,"[""ring12"",""active"",41]",-109.70956123262437,93.753156901268881
1008,191455264063925,"[""ring12"",""active"",42]",-119.30598855973486,87.996156154446652
1009,10916194490280,"[""ring12"",""active"",43]",-128.60103860541957,81.764260801374405
1010,219377941947507,"[""ring12"",""active"",44]",-137.57123126656467,75.07321315056754
1011,77593315184034,"[""ring12"",""active"",45]",-146.19390705800305,67.939915369094564
1012,58681086670728,"[""ring12"",""active"",46]",-154.44728435234128,60.382386786235656
1013,249342145052635,"[""ring12"",""active"",47]",-162.3105144022401,52.419718375093709
1014,145178005254912,"[""ring12"",""active"",48]",-169.76373400615947,44.072024527139234
1015,44980537554465,"[""ring12"",""active"",49]",-176.78811568453037,35.360392241511221
1016,46456468654295,"[""ring12"",""active"",50]",-183.36591523960132,26.306827857428274
1017,249442802094454,"[""ring12"",""active"",51]",-189.48051657882235,16.934201464264973
1018,249608969179111,"[""ring12"",""active"",52]",-195.1164736885369,7.2661891297213685
1019,20616595894406,"[""ring12"",""active"",53]",-200.25954965195251,-2.6727869079780788
1020,264769390966077,"[""ring12"",""active"",54]",-204.89675261282844,-12.857619932778647
1021,31999187835031,"[""ring12"",""active"",55]",-209.01636859403226,-23.262582172539041
1022,227396253847991,"[""ring12"",""active"",56]",-212.60799108806222,-33.861389789615842
1023,165501752665255,"[""ring12"",""active"",57]",-215.66254734478883,-44.627269276119449
1024,95266915561523,"[""ring12"",""active"",58]",-218.17232129000894,-55.533025086118208
1025,166404974261654,"[""ring12"",""active"",59]",-220.13097301691866,-66.551108333947681
1026,10201852040239,"[""ring12"",""active"",60]",-221.53355480126848,-77.653686385086843
1027,205465049660772,"[""ring12"",""active"",61]",-222.37652359974388,-88.812713163808368
1028,10344509672464,"[""ring12"",""active"",62]",-222.65775000000039,-99.999999999999972
1029,230525511777620,"[""ring12"",""active"",63]",-222.37652359974388,-111.18728683619157
1030,150971642869940,"[""ring12"",""active"",64]",-221.53355480126848,-122.3463136149131
1031,27433145668803,"[""ring12"",""active"",65]",-220.13097301691866,-133.44889166605236
1032,98516881441238,"[""ring12"",""active"",66]",-218.17232129000894,-144.46697491388176
1033,114603262057233,"[""ring12"",""active"",67]",-215.66254734478886,-155.37273072388049
1034,140207872446827,"[""ring12"",""active"",68]",-212.60799108806222,-166.1386102103842
1035,149562009251788,"[""ring12"",""active"",69]",-209.01636859403226,-176.73741782746092
1036,236784146795693,"[""ring12"",""active"",70]",-204.89675261282852,-187.14238006722121
1037,234297305485642,"[""ring12"",""active"",71]",-200.25954965195248,-197.32721309202196
1038,209156984760191,"[""ring12"",""active"",72]",-195.11647368853693,-207.26618912972134
1039,174946711384915,"[""ring12"",""active"",73]",-189.48051657882237,-216.9342014642649
1040,118430693722699,"[""ring12"",""active"",74]",-183.36591523960129,-226.30682785742829
1041,128304446077643,"[""ring12"",""active"",75]",-176.78811568453042,-235.36039224151119
1042,210022615229227,"[""ring12"",""active"",76]",-169.7637340061595,-244.07202452713921
1043,154665226185820,"[""ring12"",""active"",77]",-162.31051440224007,-252.41971837509377
1044,233373844302372,"[""ring12"",""active"",78]",-154.4472843523414,-260.38238678623554
1045,99582618091822,"[""ring12"",""active"",79]",-146.19390705800308,-267.93991536909448
1046,243934654619073,"[""ring12"",""active"",80]",-137.57123126656472,-275.07321315056748
1047,47614242750233,"[""ring12"",""active"",81]",-128.60103860541963,-281.76426080137435
1048,9279963809241,"[""ring12"",""active"",82]",-119.305988559735,-287.99615615444657
1049,165811290820437,"[""ring12"",""active"",83]",-109.70956123262432,-293.75315690126888
1050,265187751631559,"[""ring12"",""active"",84]",-99.835998032370483,-299.02072035831645
1051,40422474913371,"[""ring12"",""active"",85]",-89.710240436523961,-303.7855402031355
1052,239487686309002,"[""ring12"",""active"",86]",-79.357866987565558,-308.03558008726901
1053,122666795304571,"[""ring12"",""active"",87]",-68.805028679288597,-311.76010404111759
1054,75864942510999,"[""ring12"",""active"",88]",-58.07838289711934,-314.94970359392983
1055,263579081709917,"[""ring12"",""active"",89]",-47.205026079247489,-317.59632154041628
1056,161024714351662,"[""ring12"",""active"",90]",-36.212425268671112,-319.6932722939498
1057,280030850197261,"[""ring12"",""active"",91]",-25.128348729063564,-321.23525877493682
1058,218253714635309,"[""ring12"",""active"",92]",-13.98079579972816,-322.21838579170037
1059,217830259050576,"[""ring12"",""active"",93]",-2.7979261668374256,-322.64016988007262
1060,7694552399685,"[""ring12"",""active"",94]",8.3920112703766616,-322.49954557684055
1061,228174665817603,"[""ring12"",""active"",95]",19.560749758796199,-321.79686811119859
1062,277705832341425,"[""ring12"",""active"",96]",30.680076095687546,-320.5339125074089
1063,97831994198355,"[""ring12"",""active"",97]",41.721901897699624,-318.71386910093611
1064,244131129918854,"[""ring12"",""active"",98]",52.658334554559147,-316.34133547938268
1065,194892250364782,"[""ring12"",""active"",99]",63.461747688224548,-313.42230486858398
1066,109180435459956,"[""ring12"",""active"",100]",74.10485093951317,-309.96415099319984
1067,101382382657739,"[""ring12"",""active"",101]",84.560758905919357,-305.97560945004545
1068,163383066976963,"[""ring12"",""active"",102]",94.803059056473217,-301.4667556412162
1069,170653666858158,"[""ring12"",""active"",103]",104.80587845208566,-296.44897932274762
1070,43744543950323,"[""ring12"",""active"",104]",114.54394910283941,-290.93495583310255
1071,276439940473265,"[""ring12"",""active"",105]",123.99267179712312,-284.93861407416671
1072,97667290093723,"[""ring12"",""active"",106]",133.12817824137551,-278.47510132563377
1073,65697387845285,"[""ring12"",""active"",107]",141.92739135346648,-271.5607449816614
1074,151110095186405,"[""ring12"",""active"",108]",150.36808355740928,-264.21301130645725
1075,61580402032051,"[""ring12"",""active"",109]",158.42893293214607,-256.45046131297994
1076,84770271152357,"[""ring12"",""active"",110]",166.08957707257144,-248.29270387620903
1077,85122021844772,"[""ring12"",""active"",111]",173.33066452673523,-239.76034619942465
1078,144173032482230,"[""ring12"",""active"",112]",180.13390367928875,-230.87494175862469
1079,176244116972311,"[""ring12"",""active"",113]",186.48210895769341,-221.65893585657255
1080,110613808500423,"[""ring12"",""active"",114]",192.35924424446833,-212.13560892401506
1081,275429855542782,"[""ring12"",""active"",115]",197.75046338581436,-202.32901771129423
1082,105562974288314,"[""ring12"",""active"",116]",202.64214769428742,-192.26393451890763
1083,139933923699319,"[""ring12"",""active"",117]",207.02194035078517,-181.96578462052696
1084,108402632954107,"[""ring12"",""active"",118]",210.87877761894387,-171.46058203655139
1085,260543361718914,"[""ring12"",""active"",119]",214.20291679309716,-160.77486382043298
1086,31543669104497,"[""ring12"",""active"",120]",216.98596080919589,-149.93562302377705
1087,26460238867577,"[""ring12"",""active"",121]",219.22087945652058,-138.97024050955233
1088,62052085047291,"[""ring12"",""active"",122]",220.90202713660406,-127.9064157856526
1089,193504098011192,"[""ring12"",""active"",123]",222.0251571245031,-116.77209703353709
1090,88207640878796,"[""ring12"",""active"",124]",222.58743229639407,-105.59541050869889
1091,213297009641175,"[""ring13"",""active"",0]",233.69679707785036,-94.436978828529263
1092,75195992771248,"[""ring13"",""active"",1]",233.16739866763712,-83.323538517797829
1093,77756164280441,"[""ring13"",""active"",2]",232.10980110488231,-72.247875756040315
1094,114138200992416,"[""ring13"",""active"",3]",230.52640018822487,-61.235080481721667
1095,75905514426929,"[""ring13"",""active"",4]",228.42078283001658,-50.310100218227426
1096,79593789155106,"[""ring13"",""active"",5]",225.7977189308119,-39.497683559699333
1097,224024464921948,"[""ring13"",""active"",6]",222.66315057400897,-28.822324107509587
1098,115358409673717,"[""ring13"",""active"",7]",219.02417856511971,-18.308204984375834
1099,253947070548006,"[""ring13"",""active"",8]",214.88904634616128,-7.9791440518099392
1100,56640937062918,"[""ring13"",""active"",9]",210.26712132160873,2.141460044998766
1101,155964098212232,"[""ring13"",""active"",10]",205.16887363821073,12.030680882640851
1102,90079464318083,"[""ring13"",""active"",11]",199.60585246674003,21.666116195209511
1103,171187211124927,"[""ring13"",""active"",12]",193.59065983940653,31.025938622638364
1104,136821204232748,"[""ring13"",""active"",13]",187.13692210220159,40.088945156692233
1105,115971082239510,"[""ring13"",""active"",14]",180.25925904684138,48.834605172600703
1106,72097578443091,"[""ring13"",""active"",15]",172.9732507922364,57.243106937526164
1107,28413221684397,"[""ring13"",""active"",16]",165.29540249051124,65.295402490511236
1108,278485981031859,"[""ring13"",""active"",17]",157.24310693752619,72.973250792236371
1109,96159390607854,"[""ring13"",""active"",18]",148.8346051726007,80.25925904684135
1110,166539769967329,"[""ring13"",""active"",19]",140.08894515669229,87.136922102201595
1111,179958761746142,"[""ring13"",""active"",20]",131.02593862263836,93.590659839406527
1112,244866176847542,"[""ring13"",""active"",21]",121.66611619520951,99.605852466740004
1113,197072398286193,"[""ring13"",""active"",22]",112.03068088264085,105.16887363821075
1114,11412244382667,"[""ring13"",""active"",23]",102.14146004499877,110.26712132160873
1115,221687157353772,"[""ring13"",""active"",24]",92.020855948190089,114.88904634616128
1116,269278683033416,"[""ring13"",""active"",25]",81.691795015624194,119.02417856511971
1117,104067888206321,"[""ring13"",""active"",26]",71.177675892490413,122.66315057400897
1118,254104218705053,"[""ring13"",""active"",27]",60.502316440300667,125.7977189308119
1119,181649543333504,"[""ring13"",""active"",28]",49.68989978177261,128.42078283001658
1120,84778092386348,"[""ring13"",""active"",29]",38.764919518278361,130.52640018822487
1121,173373651370546,"[""ring13"",""active"",30]",27.752124243959699,132.10980110488231
1122,155379072514124,"[""ring13"",""active"",31]",16.676461482202182,133.16739866763712
1123,63542301426551,"[""ring13"",""active"",32]",5.5630211714707869,133.69679707785036
1124,237809870710852,"[""ring13"",""active"",33]",-5.563021171470707,133.69679707785036
1125,273607465278557,"[""ring13"",""active"",34]",-16.676461482202157,133.16739866763712
1126,33764067025229,"[""ring13"",""active"",35]",-27.75212424395967,132.10980110488231
1127,110411429840760,"[""ring13"",""active"",36]",-38.764919518278283,130.52640018822487
1128,58712024746136,"[""ring13"",""active"",37]",-49.689899781772532,128.42078283001658
1129,166870077349135,"[""ring13"",""active"",38]",-60.502316440300639,125.7977189308119
1130,119094303591965,"[""ring13"",""active"",39]",-71.177675892490385,122.66315057400897
1131,220178697738434,"[""ring13"",""active"",40]",-81.691795015624166,119.02417856511971
1132,219966376844426,"[""ring13"",""active"",41]",-92.020855948190103,114.88904634616128
1133,205134850792663,"[""ring13"",""active"",42]",-102.14146004499875,110.26712132160876
1134,27691301402871,"[""ring13"",""active"",43]",-112.03068088264078,105.16887363821078
1135,220607542025826,"[""ring13"",""active"",44]",-121.66611619520948,99.605852466740032
1136,37495623747716,"[""ring13"",""active"",45]",-131.02593862263831,93.590659839406584
1137,198694389500383,"[""ring13"",""active"",46]",-140.08894515669218,87.136922102201652
1138,257225471507128,"[""ring13"",""active"",47]",-148.83460517260067,80.259259046841407
1139,258198880208190,"[""ring13"",""active"",48]",-157.24310693752611,72.973250792236428
1140,269062723872836,"[""ring13"",""active"",49]",-165.29540249051121,65.295402490511236
1141,262626287242684,"[""ring13"",""active"",50]",-172.97325079223634,57.243106937526221
1142,192097914777951,"[""ring13"",""active"",51]",-180.25925904684129,48.834605172600789
1143,199714151705518,"[""ring13"",""active"",52]",-187.13692210220159,40.08894515669229
1144,62427143292944,"[""ring13"",""active"",53]",-193.59065983940656,31.025938622638336
1145,46873906860480,"[""ring13"",""active"",54]",-199.60585246674,21.66611619520954
1146,20284609643554,"[""ring13"",""active"",55]",-205.16887363821075,12.030680882640809
1147,233189163668774,"[""ring13"",""active"",56]",-210.26712132160873,2.1414600449987802
1148,237793420755871,"[""ring13"",""active"",57]",-214.88904634616131,-7.9791440518099961
1149,136116521257291,"[""ring13"",""active"",58]",-219.02417856511971,-18.308204984375848
1150,260100402853990,"[""ring13"",""active"",59]",-222.66315057400897,-28.822324107509573
1151,242212528664118,"[""ring13"",""active"",60]",-225.7977189308119,-39.497683559699368
1152,265805318521810,"[""ring13"",""active"",61]",-228.42078283001658,-50.310100218227426
1153,256763333786165,"[""ring13"",""active"",62]",-230.52640018822484,-61.235080481721631
1154,37956813547818,"[""ring13"",""active"",63]",-232.10980110488231,-72.247875756040344
1155,124903472850436,"[""ring13"",""active"",64]",-233.16739866763712,-83.3235385177978
1156,228409984721145,"[""ring13"",""active"",65]",-233.69679707785036,-94.436978828529305
1157,257845415292791,"[""ring13"",""active"",66]",-233.69679707785036,-105.56302117147075
1158,172941068119887,"[""ring13"",""active"",67]",-233.16739866763712,-116.67646148220214
1159,146714694009248,"[""ring13"",""active"",68]",-232.10980110488231,-127.75212424395971
1160,62281214065341,"[""ring13"",""active"",69]",-230.52640018822487,-138.7649195182783
1161,123954796464206,"[""ring13"",""active"",70]",-228.42078283001658,-149.68989978177251
1162,269529217296095,"[""ring13"",""active"",71]",-225.7977189308119,-160.50231644030069
1163,182698035263456,"[""ring13"",""active"",72]",-222.66315057400899,-171.17767589249036
1164,193261455930841,"[""ring13"",""active"",73]",-219.02417856511971,-181.69179501562419
1165,240374523610471,"[""ring13"",""active"",74]",-214.88904634616131,-192.02085594819005
1166,25847724206996,"[""ring13"",""active"",75]",-210.26712132160876,-202.14146004499872
1167,99900438958548,"[""ring13"",""active"",76]",-205.16887363821075,-212.03068088264087
1168,41313077115241,"[""ring13"",""active"",77]",-199.60585246674003,-221.6661161952095
1169,93565013798631,"[""ring13"",""active"",78]",-193.59065983940658,-231.02593862263828
1170,19412408499543,"[""ring13"",""active"",79]",-187.13692210220159,-240.08894515669223
1171,266037415184431,"[""ring13"",""active"",80]",-180.25925904684141,-248.83460517260065
1172,256884819153012,"[""ring13"",""active"",81]",-172.97325079223646,-257.24310693752614
1173,208397139707786,"[""ring13"",""active"",82]",-165.29540249051129,-265.29540249051115
1174,28215220228214,"[""ring13"",""active"",83]",-157.24310693752616,-272.9732507922364
1175,234154651378130,"[""ring13"",""active"",84]",-148.83460517260062,-280.25925904684141
1176,142766466290283,"[""ring13"",""active"",85]",-140.08894515669229,-287.13692210220159
1177,36206299997569,"[""ring13"",""active"",86]",-131.02593862263836,-293.59065983940656
1178,262509828882602,"[""ring13"",""active"",87]",-121.66611619520964,-299.60585246673998
1179,109119713822066,"[""ring13"",""active"",88]",-112.03068088264074,-305.16887363821081
1180,262320498875310,"[""ring13"",""active"",89]",-102.14146004499879,-310.26712132160873
1181,159694436206282,"[""ring13"",""active"",90]",-92.020855948190018,-314.88904634616131
1182,198920033590915,"[""ring13"",""active"",91]",-81.691795015624265,-319.02417856511966
1183,16081388735045,"[""ring13"",""active"",92]",-71.177675892490441,-322.66315057400897
1184,66372082212908,"[""ring13"",""active"",93]",-60.502316440300639,-325.79771893081193
1185,137384082064061,"[""ring13"",""active"",94]",-49.689899781772489,-328.42078283001661
1186,5731066425198,"[""ring13"",""active"",95]",-38.76491951827839,-330.52640018822484
1187,113270660518623,"[""ring13"",""active"",96]",-27.752124243959678,-332.10980110488231
1188,96340150202368,"[""ring13"",""active"",97]",-16.676461482202317,-333.16739866763714
1189,159217049809917,"[""ring13"",""active"",98]",-5.5630211714708153,-333.69679707785036
1190,214837968389671,"[""ring13"",""active"",99]",5.5630211714707292,-333.69679707785036
1191,115268345248886,"[""ring13"",""active"",100]",16.676461482202232,-333.16739866763714
1192,158338418875060,"[""ring13"",""active"",101]",27.752124243959592,-332.10980110488231
1193,172741640759657,"[""ring13"",""active"",102]",38.764919518278298,-330.5264001882249
1194,189051532114106,"[""ring13"",""active"",103]",49.689899781772404,-328.42078283001661
1195,52087541888626,"[""ring13"",""active"",104]",60.50231644030076,-325.79771893081187
1196,64583828452707,"[""ring13"",""active"",105]",71.177675892490356,-322.66315057400902
1197,246239122304271,"[""ring13"",""active"",106]",81.69179501562418,-319.02417856511971
1198,257474299046800,"[""ring13"",""active"",107]",92.020855948189933,-314.88904634616131
1199,150562822561842,"[""ring13"",""active"",108]",102.14146004499872,-310.26712132160878
1200,65922793645812,"[""ring13"",""active"",109]",112.03068088264084,-305.16887363821075
1201,190461575870470,"[""ring13"",""active"",110]",121.66611619520957,-299.60585246673998
1202,223181713130484,"[""ring13"",""active"",111]",131.02593862263828,-293.59065983940661
1203,182646617967587,"[""ring13"",""active"",112]",140.08894515669223,-287.13692210220165
1204,214047941104287,"[""ring13"",""active"",113]",148.83460517260056,-280.25925904684152
1205,85053400414174,"[""ring13"",""active"",114]",157.24310693752608,-272.97325079223646
1206,174984015660313,"[""ring13"",""active"",115]",165.29540249051118,-265.29540249051126
1207,57468794985210,"[""ring13"",""active"",116]",172.9732507922364,-257.24310693752614
1208,121178945039635,"[""ring13"",""active"",117]",180.25925904684127,-248.83460517260079
1209,51553472216118,"[""ring13"",""active"",118]",187.13692210220157,-240.08894515669232
1210,11545260115334,"[""ring13"",""active"",119]",193.59065983940641,-231.02593862263853
1211,189116214371953,"[""ring13"",""active"",120]",199.60585246674006,-221.66611619520944
1212,154293181366446,"[""ring13"",""active"",121]",205.1688736382107,-212.03068088264092
1213,96829031723895,"[""ring13"",""active"",122]",210.26712132160873,-202.14146004499881
1214,111328353240243,"[""ring13"",""active"",123]",214.88904634616122,-192.02085594819022
1215,65982890458627,"[""ring13"",""active"",124]",219.02417856511968,-181.69179501562428
1216,120259490096867,"[""ring13"",""active"",125]",222.66315057400897,-171.17767589249047
1217,208317114415217,"[""ring13"",""active"",126]",225.7977189308119,-160.50231644030066
1218,94662843327369,"[""ring13"",""active"",127]",228.42078283001655,-149.68989978177271
1219,49133724931597,"[""ring13"",""active"",128]",230.52640018822484,-138.76491951827842
1220,31222333360293,"[""ring13"",""active"",129]",232.10980110488231,-127.7521242439599
1221,152736233492833,"[""ring13"",""active"",130]",233.16739866763712,-116.67646148220233
1222,249711964373311,"[""ring13"",""active"",131]",233.69679707785036,-105.56302117147084
1223,165521876770160,"[""ring14"",""active"",0]",244.80480092455318,-94.426015576571643
1224,220781063234208,"[""ring14"",""active"",1]",244.29740559134171,-83.289599663616372
1225,277729416573949,"[""ring14"",""active"",2]",243.2836665792295,-72.187818607145772
1226,116124002375182,"[""ring14"",""active"",3]",241.76568501712367,-61.143682543713972
1227,89963099715261,"[""ring14"",""active"",4]",239.74660715361742,-50.180082131824314
1228,37844420093744,"[""ring14"",""active"",5]",237.2306178359093,-39.319741107543976
1229,42964507451191,"[""ring14"",""active"",6]",234.22293183606826,-28.585169186090923
1230,247535241469648,"[""ring14"",""active"",7]",230.7297830426223,-17.998615407011769
1231,88950734206602,"[""ring14"",""active"",8]",226.75841153987258,-7.5820220196496848
1232,164070270869329,"[""ring14"",""active"",9]",222.31704860171291,2.6430209955180004
1233,163899520792589,"[""ring14"",""active"",10]",217.41489963105784,12.655320675411417
1234,12640003296592,"[""ring14"",""active"",11]",212.0621250802393,22.434125000000222
1235,5255470547261,"[""ring14"",""active"",12]",206.26981939191748,31.959165904034364
1236,6779128017491,"[""ring14"",""active"",13]",200.04998800415459,41.210701285704062
1237,108190285495901,"[""ring14"",""active"",14]",193.41552246731052,50.169555925160893
1238,39848678046352,"[""ring14"",""active"",15]",186.38017372433686,58.817161228088764
1239,104440436143463,"[""ring14"",""active"",16]",178.95852360984711,67.135593711951486
1240,196974781915655,"[""ring14"",""active"",17]",171.16595462703816,75.107612155147166
1241,11351353555516,"[""ring14"",""active"",18]",163.01861806510314,82.71669333207285
1242,222776227942792,"[""ring14"",""active"",19]",154.53340052321829,89.947066260032898
1243,13049090244020,"[""ring14"",""active"",20]",145.72788891048739,96.783744887008822
1244,101300716087733,"[""ring14"",""active"",21]",136.62033399438712,103.21255915254065
1245,80693098301653,"[""ring14"",""active"",22]",127.2296125732643,109.22018435734111
1246,160012145064261,"[""ring14"",""active"",23]",117.57518835128887,114.79416878076947
1247,51468201348844,"[""ring14"",""active"",24]",107.67707159695465,119.92295948892428
1248,169438365934401,"[""ring14"",""active"",25]",97.555777668742124,124.59592627986305
1249,44297045969110,"[""ring14"",""active"",26]",87.232284493905397,128.80338371631893
1250,226955197929705,"[""ring14"",""active"",27]",76.727989088514292,132.53661120024856
1251,198014312129454,"[""ring14"",""active"",28]",66.064663208871181,135.7878710476032
1252,180640409003371,"[""ring14"",""active"",29]",55.264408226221164,138.55042452586059
1253,133818827219190,"[""ring14"",""active"",30]",44.349609318285488,140.81854582107704
1254,127403532046269,"[""ring14"",""active"",31]",33.342889072562052,142.58753390551121
1255,36785821662829,"[""ring14"",""active"",32]",22.267060597558398,143.8537222812221
1256,203342938881546,"[""ring14"",""active"",33]",11.145080239140363,144.61448657944575
1257,231496839406695,"[""ring14"",""active"",34]",1.4993855928765722e-14,144.86825000000047
1258,192153151333618,"[""ring14"",""active"",35]",-11.145080239140333,144.61448657944575
1259,210943705361219,"[""ring14"",""active"",36]",-22.267060597558313,143.8537222812221
1260,108143700784386,"[""ring14"",""active"",37]",-33.342889072562016,142.58753390551121
1261,76865928448142,"[""ring14"",""active"",38]",-44.349609318285452,140.81854582107704
1262,200059509651920,"[""ring14"",""active"",39]",-55.264408226221136,138.55042452586062
1263,72724369807386,"[""ring14"",""active"",40]",-66.064663208871096,135.78787104760323
1264,167711516952786,"[""ring14"",""active"",41]",-76.72798908851432,132.53661120024856
1265,109031202809065,"[""ring14"",""active"",42]",-87.232284493905368,128.80338371631896
1266,142206005456204,"[""ring14"",""active"",43]",-97.555777668742053,124.59592627986311
1267,80172088093958,"[""ring14"",""active"",44]",-107.67707159695462,119.92295948892431
1268,230951571330593,"[""ring14"",""active"",45]",-117.57518835128884,114.79416878076947
1269,267854983090524,"[""ring14"",""active"",46]",-127.22961257326425,109.22018435734114
1270,262115093678066,"[""ring14"",""active"",47]",-136.6203339943871,103.21255915254068
1271,264510882229136,"[""ring14"",""active"",48]",-145.72788891048734,96.783744887008879
1272,125975122494763,"[""ring14"",""active"",49]",-154.53340052321829,89.947066260032898
1273,154642961588767,"[""ring14"",""active"",50]",-163.01861806510311,82.716693332072879
1274,119322581839012,"[""ring14"",""active"",51]",-171.1659546270381,75.107612155147223
1275,123848728733568,"[""ring14"",""active"",52]",-178.95852360984711,67.135593711951486
1276,179482561833507,"[""ring14"",""active"",53]",-186.38017372433683,58.817161228088821
1277,33015343834190,"[""ring14"",""active"",54]",-193.41552246731047,50.169555925160978
1278,126957954850566,"[""ring14"",""active"",55]",-200.04998800415456,41.21070128570409
1279,91554095515787,"[""ring14"",""active"",56]",-206.26981939191745,31.959165904034393
1280,233918787006458,"[""ring14"",""active"",57]",-212.0621250802393,22.434125000000222
1281,93963281763917,"[""ring14"",""active"",58]",-217.41489963105784,12.655320675411446
1282,212226544833028,"[""ring14"",""active"",59]",-222.31704860171288,2.6430209955180715
1283,121944945474230,"[""ring14"",""active"",60]",-226.75841153987258,-7.5820220196496848
1284,244875630498560,"[""ring14"",""active"",61]",-230.7297830426223,-17.998615407011712
1285,168307710207132,"[""ring14"",""active"",62]",-234.22293183606823,-28.585169186090837
1286,278578927113112,"[""ring14"",""active"",63]",-237.23061783590927,-39.319741107543948
1287,48423019669204,"[""ring14"",""active"",64]",-239.74660715361739,-50.18008213182425
1288,213564933028245,"[""ring14"",""active"",65]",-241.76568501712367,-61.143682543713979
1289,25205538278220,"[""ring14"",""active"",66]",-243.28366657922948,-72.187818607145729
1290,153992992233852,"[""ring14"",""active"",67]",-244.29740559134171,-83.289599663616301
1291,86422131754859,"[""ring14"",""active"",68]",-244.80480092455318,-94.426015576571629
1292,273623864397578,"[""ring14"",""active"",69]",-244.80480092455318,-105.57398442342831
1293,249484876394297,"[""ring14"",""active"",70]",-244.29740559134174,-116.71040033638353
1294,66858818865940,"[""ring14"",""active"",71]",-243.2836665792295,-127.81218139285421
1295,190491352311633,"[""ring14"",""active"",72]",-241.76568501712367,-138.85631745628598
1296,110628173690996,"[""ring14"",""active"",73]",-239.74660715361742,-149.81991786817571
1297,240500657153407,"[""ring14"",""active"",74]",-237.2306178359093,-160.68025889245598
1298,238403072576231,"[""ring14"",""active"",75]",-234.22293183606828,-171.41483081390902
1299,102593657771864,"[""ring14"",""active"",76]",-230.7297830426223,-182.00138459298825
1300,231658491970914,"[""ring14"",""active"",77]",-226.75841153987258,-192.41797798035026
1301,142032638776788,"[""ring14"",""active"",78]",-222.31704860171297,-202.64302099551793
1302,234397770208937,"[""ring14"",""active"",79]",-217.41489963105786,-212.65532067541139
1303,139913802883354,"[""ring14"",""active"",80]",-212.06212508023933,-222.43412500000017
1304,153925458068499,"[""ring14"",""active"",81]",-206.26981939191757,-231.95916590403428
1305,55754587224573,"[""ring14"",""active"",82]",-200.04998800415464,-241.21070128570398
1306,94593199519989,"[""ring14"",""active"",83]",-193.41552246731052,-250.16955592516092
1307,23295052439916,"[""ring14"",""active"",84]",-186.38017372433686,-258.81716122808876
1308,73030158914170,"[""ring14"",""active"",85]",-178.95852360984713,-267.13559371195146
1309,60069928433582,"[""ring14"",""active"",86]",-171.16595462703822,-275.10761215514708
1310,168594754478742,"[""ring14"",""active"",87]",-163.01861806510323,-282.71669333207274
1311,88588187381472,"[""ring14"",""active"",88]",-154.53340052321815,-289.94706626003301
1312,4235587694370,"[""ring14"",""active"",89]",-145.72788891048731,-296.78374488700888
1313,150488079226957,"[""ring14"",""active"",90]",-136.62033399438704,-303.21255915254073
1314,263053778912769,"[""ring14"",""active"",91]",-127.2296125732643,-309.22018435734111
1315,175626298057502,"[""ring14"",""active"",92]",-117.5751883512889,-314.79416878076944
1316,71938830255529,"[""ring14"",""active"",93]",-107.67707159695448,-319.92295948892433
1317,198864484214443,"[""ring14"",""active"",94]",-97.55577766874201,-324.59592627986308
1318,146733266417024,"[""ring14"",""active"",95]",-87.232284493905325,-328.80338371631899
1319,238562325658976,"[""ring14"",""active"",96]",-76.727989088514263,-332.53661120024856
1320,197606680473689,"[""ring14"",""active"",97]",-66.064663208871153,-335.78787104760318
1321,259390075620803,"[""ring14"",""active"",98]",-55.2644082262212,-338.55042452586059
1322,170116120698118,"[""ring14"",""active"",99]",-44.349609318285353,-340.81854582107701
1323,107742301018192,"[""ring14"",""active"",100]",-33.342889072561967,-342.58753390551124
1324,245440387150543,"[""ring14"",""active"",101]",-22.26706059755832,-343.85372228122208
1325,188341486774513,"[""ring14"",""active"",102]",-11.145080239140338,-344.61448657944572
1326,131310957410491,"[""ring14"",""active"",103]",-4.4981567786297167e-14,-344.86825000000044
1327,182407800481005,"[""ring14"",""active"",104]",11.145080239140466,-344.61448657944572
1328,11439508708079,"[""ring14"",""active"",105]",22.267060597558444,-343.85372228122208
1329,198901339841775,"[""ring14"",""active"",106]",33.342889072562095,-342.58753390551124
1330,25940401524802,"[""ring14"",""active"",107]",44.349609318285481,-340.81854582107701
1331,244769720855644,"[""ring14"",""active"",108]",55.264408226221107,-338.55042452586065
1332,218846116043648,"[""ring14"",""active"",109]",66.064663208871266,-335.78787104760318
1333,56736207360768,"[""ring14"",""active"",110]",76.727989088514377,-332.53661120024856
1334,60634598257175,"[""ring14"",""active"",111]",87.232284493905453,-328.80338371631893
1335,105940736597232,"[""ring14"",""active"",112]",97.55577766874211,-324.59592627986308
1336,117761648078679,"[""ring14"",""active"",113]",107.67707159695459,-319.92295948892433
1337,5086298317043,"[""ring14"",""active"",114]",117.57518835128882,-314.7941687807695
1338,261058592629171,"[""ring14"",""active"",115]",127.2296125732644,-309.22018435734105
1339,269911043411629,"[""ring14"",""active"",116]",136.62033399438715,-303.21255915254062
1340,118175019741976,"[""ring14"",""active"",117]",145.72788891048739,-296.78374488700882
1341,104705800302701,"[""ring14"",""active"",118]",154.53340052321826,-289.9470662600329
1342,214683212472702,"[""ring14"",""active"",119]",163.01861806510308,-282.71669333207291
1343,52846934536192,"[""ring14"",""active"",120]",171.16595462703825,-275.10761215514708
1344,128678306911609,"[""ring14"",""active"",121]",178.95852360984713,-267.1355937119514
1345,87512828126621,"[""ring14"",""active"",122]",186.38017372433686,-258.81716122808876
1346,217054029818238,"[""ring14"",""active"",123]",193.41552246731052,-250.16955592516092
1347,65949936761626,"[""ring14"",""active"",124]",200.04998800415453,-241.21070128570412
1348,116056289881208,"[""ring14"",""active"",125]",206.26981939191757,-231.95916590403425
1349,75109967983850,"[""ring14"",""active"",126]",212.06212508023933,-222.43412500000017
1350,195353107458117,"[""ring14"",""active"",127]",217.41489963105786,-212.65532067541136
1351,473120660121,"[""ring14"",""active"",128]",222.31704860171291,-202.64302099551799
1352,189453038868993,"[""ring14"",""active"",129]",226.75841153987255,-192.41797798035034
1353,95886218242729,"[""ring14"",""active"",130]",230.7297830426223,-182.0013845929883
1354,238810692230821,"[""ring14"",""active"",131]",234.22293183606828,-171.41483081390899
1355,59624284777940,"[""ring14"",""active"",132]",237.2306178359093,-160.68025889245598
1356,133968813679654,"[""ring14"",""active"",133]",239.74660715361742,-149.81991786817568
1357,91244610665371,"[""ring14"",""active"",134]",241.76568501712367,-138.85631745628606
1358,55013626518373,"[""ring14"",""active"",135]",243.28366657922948,-127.8121813928543
1359,84635065161974,"[""ring14"",""active"",136]",244.29740559134174,-116.71040033638351
1360,158934271106324,"[""ring14"",""active"",137]",244.80480092455318,-105.57398442342829
1361,259212103618568,"[""ring15"",""active"",0]",255.91258523873964,-94.415967525605765
1362,133443344161279,"[""ring15"",""active"",1]",255.42544108761717,-83.25853210000794
1363,197648184705491,"[""ring15"",""active"",2]",254.45208009195144,-72.132965010080596
1364,52106100998113,"[""ring15"",""active"",3]",252.99435509971985,-61.060444405115284
1365,56875388605354,"[""ring15"",""active"",4]",251.0550409732968,-50.062047457404496
1366,93860728925624,"[""ring15"",""active"",5]",248.63782930734538,-39.158710240646215
1367,250866175170411,"[""ring15"",""active"",6]",245.74732140165702,-28.371187876937711
1368,81684147593473,"[""ring15"",""active"",7]",242.38901950231593,-17.720015028221013
1369,97992445606301,"[""ring15"",""active"",8]",238.56931632786092,-7.2254668073867094
1370,230829756256160,"[""ring15"",""active"",9]",234.2954829003823,3.0924798165556666
1371,43377485708803,"[""ring15"",""active"",10]",229.57565470471803,13.214184045773763
1372,81120339377481,"[""ring15"",""active"",11]",224.41881620209617,23.120378640987113
1373,279364788569901,"[""ring15"",""active"",12]",218.83478372770193,32.792206597752511
1374,5194909739840,"[""ring15"",""active"",13]",212.83418680472599,42.211257041843425
1375,267305865248056,"[""ring15"",""active"",14]",206.42844791046286,51.359600275395763
1376,105954157304361,"[""ring15"",""active"",15]",199.62976073297619,60.219821907106564
1377,174576859448037,"[""ring15"",""active"",16]",192.45106695972041,68.775056001517839
1378,160207716641544,"[""ring15"",""active"",17]",184.90603164230322,77.009017184283096
1379,73520737797048,"[""ring15"",""active"",18]",177.0090171842831,84.906031642303191
1380,6713702698585,"[""ring15"",""active"",19]",168.77505600151784,92.451066959720379
1381,195301154799590,"[""ring15"",""active"",20]",160.21982190710659,99.629760732976166
1382,201669159287225,"[""ring15"",""active"",21]",151.35960027539579,106.42844791046286
1383,209990551669753,"[""ring15"",""active"",22]",142.21125704184345,112.83418680472599
1384,32571105795623,"[""ring15"",""active"",23]",132.79220659775248,118.83478372770193
1385,262300684399781,"[""ring15"",""active"",24]",123.12037864098714,124.41881620209617
1386,200861100011056,"[""ring15"",""active"",25]",113.21418404577375,129.57565470471806
1387,26128418700104,"[""ring15"",""active"",26]",103.09247981655568,134.29548290038227
1388,234574533317925,"[""ring15"",""active"",27]",92.774533192613305,138.56931632786089
1389,263796972873561,"[""ring15"",""active"",28]",82.279984971779029,142.3890195023159
1390,81482977543357,"[""ring15"",""active"",29]",71.628812123062318,145.74732140165699
1391,165450055074352,"[""ring15"",""active"",30]",60.841289759353792,148.63782930734538
1392,228344882376100,"[""ring15"",""active"",31]",49.937952542595525,151.0550409732968
1393,94268610072374,"[""ring15"",""active"",32]",38.939555594884744,152.99435509971985
1394,197372566965640,"[""ring15"",""active"",33]",27.86703498991945,154.45208009195144
1395,132585554488954,"[""ring15"",""active"",34]",16.741467899992056,155.42544108761717
1396,97263302824896,"[""ring15"",""active"",35]",5.5840324743942515,155.91258523873964
1397,232469024281685,"[""ring15"",""active"",36]",-5.5840324743942196,155.91258523873964
1398,159699280532894,"[""ring15"",""active"",37]",-16.741467899992024,155.42544108761717
1399,191122481008251,"[""ring15"",""active"",38]",-27.867034989919418,154.45208009195144
1400,220089412287740,"[""ring15"",""active"",39]",-38.939555594884716,152.99435509971985
1401,276276095719582,"[""ring15"",""active"",40]",-49.93795254259549,151.0550409732968
1402,167553349737317,"[""ring15"",""active"",41]",-60.841289759353813,148.63782930734538
1403,253158467848667,"[""ring15"",""active"",42]",-71.628812123062289,145.74732140165699
1404,30989953454086,"[""ring15"",""active"",43]",-82.279984971778944,142.38901950231593
1405,66403068318291,"[""ring15"",""active"",44]",-92.774533192613276,138.56931632786092
1406,57035283632322,"[""ring15"",""active"",45]",-103.09247981655565,134.2954829003823
1407,20564325801018,"[""ring15"",""active"",46]",-113.21418404577372,129.57565470471806
1408,111532104877773,"[""ring15"",""active"",47]",-123.12037864098707,124.4188162020962
1409,66990161067564,"[""ring15"",""active"",48]",-132.79220659775245,118.83478372770196
1410,91916441936778,"[""ring15"",""active"",49]",-142.21125704184345,112.83418680472596
1411,273418900851785,"[""ring15"",""active"",50]",-151.35960027539579,106.42844791046286
1412,92957508625192,"[""ring15"",""active"",51]",-160.21982190710648,99.629760732976251
1413,275605062085477,"[""ring15"",""active"",52]",-168.77505600151781,92.451066959720407
1414,130013491045549,"[""ring15"",""active"",53]",-177.00901718428307,84.906031642303219
1415,119163007092565,"[""ring15"",""active"",54]",-184.90603164230319,77.009017184283096
1416,191958207238798,"[""ring15"",""active"",55]",-192.45106695972038,68.775056001517839
1417,106294614914250,"[""ring15"",""active"",56]",-199.62976073297617,60.219821907106592
1418,196740456360525,"[""ring15"",""active"",57]",-206.42844791046289,51.359600275395735
1419,111219419266340,"[""ring15"",""active"",58]",-212.83418680472602,42.211257041843425
1420,130464597535559,"[""ring15"",""active"",59]",-218.83478372770188,32.792206597752596
1421,199716584153140,"[""ring15"",""active"",60]",-224.41881620209617,23.120378640987113
1422,182892645988234,"[""ring15"",""active"",61]",-229.57565470471803,13.214184045773763
1423,221054123772071,"[""ring15"",""active"",62]",-234.29548290038227,3.092479816555695
1424,3324005652176,"[""ring15"",""active"",63]",-238.56931632786089,-7.225466807386681
1425,46892702591934,"[""ring15"",""active"",64]",-242.3890195023159,-17.720015028220956
1426,121264571975823,"[""ring15"",""active"",65]",-245.74732140165702,-28.371187876937768
1427,264643561389576,"[""ring15"",""active"",66]",-248.63782930734536,-39.158710240646137
1428,6104868983332,"[""ring15"",""active"",67]",-251.0550409732968,-50.062047457404404
1429,137290986780193,"[""ring15"",""active"",68]",-252.99435509971985,-61.060444405115298
1430,91204338331379,"[""ring15"",""active"",69]",-254.45208009195144,-72.132965010080596
1431,150304764922938,"[""ring15"",""active"",70]",-255.42544108761717,-83.258532100007812
1432,52830853654258,"[""ring15"",""active"",71]",-255.91258523873964,-94.415967525605737
1433,99525184265806,"[""ring15"",""active"",72]",-255.91258523873964,-105.58403247439421
1434,228315376663278,"[""ring15"",""active"",73]",-255.42544108761717,-116.74146789999213
1435,114321155340225,"[""ring15"",""active"",74]",-254.45208009195144,-127.86703498991935
1436,39233505499888,"[""ring15"",""active"",75]",-252.99435509971988,-138.93955559488464
1437,22726234347156,"[""ring15"",""active"",76]",-251.0550409732968,-149.93795254259553
1438,262613881902835,"[""ring15"",""active"",77]",-248.63782930734538,-160.8412897593538
1439,66265991293552,"[""ring15"",""active"",78]",-245.74732140165705,-171.62881212306218
1440,229075944153635,"[""ring15"",""active"",79]",-242.38901950231593,-182.27998497177899
1441,214154437290567,"[""ring15"",""active"",80]",-238.56931632786092,-192.77453319261326
1442,74016198572246,"[""ring15"",""active"",81]",-234.2954829003823,-203.09247981655562
1443,219306611378044,"[""ring15"",""active"",82]",-229.57565470471812,-213.21418404577361
1444,214206830998113,"[""ring15"",""active"",83]",-224.41881620209617,-223.12037864098716
1445,185425079044593,"[""ring15"",""active"",84]",-218.8347837277019,-232.79220659775254
1446,88980372223594,"[""ring15"",""active"",85]",-212.83418680472604,-242.21125704184337
1447,238122011130581,"[""ring15"",""active"",86]",-206.42844791046292,-251.35960027539568
1448,227444938917402,"[""ring15"",""active"",87]",-199.62976073297625,-260.21982190710651
1449,194635426361415,"[""ring15"",""active"",88]",-192.45106695972035,-268.7750560015179
1450,52749987776962,"[""ring15"",""active"",89]",-184.90603164230322,-277.00901718428304
1451,217737432651963,"[""ring15"",""active"",90]",-177.00901718428312,-284.90603164230322
1452,267632697404921,"[""ring15"",""active"",91]",-168.77505600151787,-292.45106695972038
1453,9824114316099,"[""ring15"",""active"",92]",-160.21982190710671,-299.62976073297608
1454,250145362902141,"[""ring15"",""active"",93]",-151.35960027539574,-306.42844791046286
1455,76843182733081,"[""ring15"",""active"",94]",-142.21125704184342,-312.83418680472596
1456,88797921873446,"[""ring15"",""active"",95]",-132.79220659775251,-318.83478372770196
1457,35800965919726,"[""ring15"",""active"",96]",-123.12037864098713,-324.4188162020962
1458,273068505438699,"[""ring15"",""active"",97]",-113.21418404577378,-329.57565470471803
1459,142739253956927,"[""ring15"",""active"",98]",-103.09247981655571,-334.29548290038224
1460,46806515055276,"[""ring15"",""active"",117]",103.09247981655562,-334.2954829003823
1461,272389089847533,"[""ring15"",""active"",118]",113.21418404577369,-329.57565470471809
1462,101993828738359,"[""ring15"",""active"",119]",123.12037864098704,-324.4188162020962
1463,68424580916613,"[""ring15"",""active"",120]",132.79220659775262,-318.83478372770185
1464,51546915386042,"[""ring15"",""active"",121]",142.21125704184334,-312.83418680472607
1465,172827283982721,"[""ring15"",""active"",122]",151.35960027539568,-306.42844791046298
1466,170432097981546,"[""ring15"",""active"",123]",160.21982190710645,-299.62976073297625
1467,139660057820024,"[""ring15"",""active"",124]",168.7750560015177,-292.45106695972049
1468,189874177124259,"[""ring15"",""active"",125]",177.00901718428312,-284.90603164230316
1469,206231192438809,"[""ring15"",""active"",126]",184.90603164230325,-277.00901718428304
1470,213772904359274,"[""ring15"",""active"",127]",192.45106695972044,-268.77505600151778
1471,120788764153735,"[""ring15"",""active"",128]",199.62976073297619,-260.21982190710651
1472,21664756132764,"[""ring15"",""active"",129]",206.42844791046275,-251.35960027539593
1473,221566204865194,"[""ring15"",""active"",130]",212.83418680472585,-242.21125704184362
1474,169639666653311,"[""ring15"",""active"",131]",218.83478372770193,-232.79220659775251
1475,205599993332939,"[""ring15"",""active"",132]",224.41881620209617,-223.12037864098716
1476,144433080557057,"[""ring15"",""active"",133]",229.57565470471803,-213.21418404577378
1477,169805117689061,"[""ring15"",""active"",134]",234.29548290038227,-203.09247981655574
1478,263173312980897,"[""ring15"",""active"",135]",238.56931632786089,-192.77453319261335
1479,281188446599690,"[""ring15"",""active"",136]",242.3890195023159,-182.27998497177907
1480,22544384766461,"[""ring15"",""active"",137]",245.74732140165699,-171.62881212306237
1481,213900797709529,"[""ring15"",""active"",138]",248.63782930734536,-160.84128975935388
1482,239002340472013,"[""ring15"",""active"",139]",251.05504097329677,-149.93795254259561
1483,209764229878008,"[""ring15"",""active"",140]",252.99435509971985,-138.93955559488484
1484,21773207937916,"[""ring15"",""active"",141]",254.45208009195144,-127.86703498991932
1485,112011988902878,"[""ring15"",""active"",142]",255.42544108761717,-116.74146789999199
1486,180268241950127,"[""ring15"",""active"",143]",255.91258523873964,-105.58403247439418
1487,193447473720018,"[""ring16"",""active"",0]",267.02094844470406,-94.443760871460839
1488,87265361536470,"[""ring16"",""active"",1]",266.55868610542041,-83.340901485531546
1489,76753201431482,"[""ring16"",""active"",2]",265.6349616879246,-72.266882061015423
1490,244633680785605,"[""ring16"",""active"",3]",264.25137432896076,-61.240873760902758
1491,171089089649091,"[""ring16"",""active"",4]",262.41031927254573,-50.281964632103183
1492,75222676762851,"[""ring16"",""active"",5]",260.11498372336172,-39.4091265605282
1493,159687415027606,"[""ring16"",""active"",6]",257.3693413291191,-28.641182427269683
1494,205870072698856,"[""ring16"",""active"",7]",254.17814530144187,-17.996773522733221
1495,16864311046591,"[""ring16"",""active"",8]",250.54692018718478,-7.4943272751380192
1496,204981441336373,"[""ring16"",""active"",9]",246.48195230442713,2.8479746507480712
1497,103723275366416,"[""ring16"",""active"",10]",241.99027885970105,13.012227829412055
1498,135248353464592,"[""ring16"",""active"",11]",237.07967576529336,22.980836070447083
1499,273325127549535,"[""ring16"",""active"",12]",231.75864417771231,32.736541880792316
1500,228939531969834,"[""ring16"",""active"",13]",226.03639578062328,42.262456340625022
1501,136619400440251,"[""ring16"",""active"",14]",219.92283683773098,51.542088341185178
1502,19320977857301,"[""ring16"",""active"",15]",213.42855104321657,60.559373133915528
1503,137174363616339,"[""ring16"",""active"",16]",206.56478119941755,69.29870014149418
1504,116954962661799,"[""ring16"",""active"",17]",199.34340975347072,77.744939982612948
1505,142161348478028,"[""ring16"",""active"",18]",191.77693822661209,85.883470663717219
1506,50842970292472,"[""ring16"",""active"",19]",183.87846557174589,93.700202892364217
1507,267570022784505,"[""ring16"",""active"",20]",175.66166549674963,101.18160446837791
1508,13864981062684,"[""ring16"",""active"",21]",167.14076279277253,108.31472371057441
1509,130420148558664,"[""ring16"",""active"",22]",158.33050870850761,115.08721187850293
1510,55930330310476,"[""ring16"",""active"",23]",149.24615541306892,121.48734455038485
1511,73577390635375,"[""ring16"",""active"",24]",139.90342959168356,127.50404192024294
1512,149399166553063,"[""ring16"",""active"",25]",130.31850521990899,133.12688797908183
1513,279402197812434,"[""ring16"",""active"",26]",120.50797556350865,138.34614854691404
1514,264334776305930,"[""ring16"",""active"",27]",110.4888244524592,143.1527881244146
1515,196885275650974,"[""ring16"",""active"",28]",100.27839687881918,147.53848553503119
1516,42941508145883,"[""ring16"",""active"",29]",89.894368969359689,151.49564833047
1517,115921171693836,"[""ring16"",""active"",30]",79.354717384940471,155.01742593461933
1518,99080569954259,"[""ring16"",""active"",31]",68.677688199605569,158.09772150315581
1519,154937969768674,"[""ring16"",""active"",32]",57.881765313275899,160.73120247830269
1520,225736060795511,"[""ring16"",""active"",33]",46.985638452720821,162.91330982046725
1521,157898677119004,"[""ring16"",""active"",34]",36.008170816206402,164.64026590077651
1522,59551296272313,"[""ring16"",""active"",35]",24.968366417832002,165.9090810408469
1523,274313755171394,"[""ring16"",""active"",36]",13.885337188089087,166.71755868846708
1524,82259964132185,"[""ring16"",""active"",37]",2.7782698875966276,167.06429922023364
1525,89028808034281,"[""ring16"",""active"",38]",-8.333607108707648,166.94870236455637
1526,71214580142678,"[""ring16"",""active"",39]",-19.431057099418616,166.37096824083881
1527,209832996406320,"[""ring16"",""active"",40]",-30.494868358929406,165.33209701303451
1528,245758326240794,"[""ring16"",""active"",41]",-41.505887396459784,163.83388715817989
1529,224307788764112,"[""ring16"",""active"",42]",-52.445052114268364,161.87893235289948
1530,444633846910,"[""ring16"",""active"",43]",-63.293424807648137,159.47061698327502
1531,32576038785920,"[""ring16"",""active"",44]",-74.032224949573632,156.61311028585141
1532,33234973475922,"[""ring16"",""active"",45]",-84.642861703244677,153.31135912992178
1533,238501059863328,"[""ring16"",""active"",46]",-95.106966106242467,149.57107945358746
1534,14330179294251,"[""ring16"",""active"",47]",-105.40642287057935,145.39874636841856
1535,108102254257362,"[""ring16"",""active"",48]",-115.52340174359151,140.80158294984602
1536,16631441601829,"[""ring16"",""active"",49]",-125.44038837538443,135.78754773268992
1537,234907186680731,"[""ring16"",""active"",50]",-135.14021463939028,130.3653209334737
1538,179552535594046,"[""ring16"",""active"",51]",-144.60608835355185,124.54428942337316
1539,258165220027317,"[""ring16"",""active"",52]",-153.82162235067503,118.33453047781776
1540,155003283069244,"[""ring16"",""active"",53]",-162.77086284762754,111.74679433087442
1541,7335489149434,"[""ring16"",""active"",54]",-171.43831706426968,104.79248556461673
1542,87164892262637,"[""ring16"",""active"",55]",-179.80898004430458,97.483643365696707
1543,248931544040157,"[""ring16"",""active"",56]",-187.86836063161462,89.83292068330087
1544,272615998927664,"[""ring16"",""active"",57]",-195.60250655711727,81.853562324568486
1545,94315279257914,"[""ring16"",""active"",58]",-202.99802859270585,73.559382025397269
1546,190751843800270,"[""ring16"",""active"",59]",-210.04212373046568,64.964738536326507
1547,176357689890001,"[""ring16"",""active"",60]",-216.72259734703292,56.084510764901495
1548,270298400263533,"[""ring16"",""active"",61]",-223.02788431472933,46.934072017549767
1549,257840753784473,"[""ring16"",""active"",62]",-228.94706902292396,37.529263385562047
1550,209845167553271,"[""ring16"",""active"",63]",-234.46990427496138,27.886366321251231
1551,77772483715893,"[""ring16"",""active"",64]",-239.58682902794206,18.022074451767153
1552,148848413995031,"[""ring16"",""active"",65]",-244.28898494464576,7.9534646793581913
1553,5015204120109,"[""ring16"",""active"",66]",-248.56823172894056,-2.3020323818835919
1554,192847377889347,"[""ring16"",""active"",67]",-252.41716121813215,-12.726662581620644
1555,178399702431466,"[""ring16"",""active"",68]",-255.82911020785482,-23.302378968966181
1556,24408035345326,"[""ring16"",""active"",69]",-258.79817198730296,-34.010873035073658
1557,37622008485791,"[""ring16"",""active"",70]",-261.31920656483305,-44.833606408530372
1558,32406834867674,"[""ring16"",""active"",71]",-263.38784956623397,-55.751842948686296
1559,151002547788672,"[""ring16"",""active"",72]",-265.00051979026085,-66.746681181355896
1560,238959383580873,"[""ring16"",""active"",73]",-266.15442540835272,-77.799087020745674
1561,141409688199073,"[""ring16"",""active"",74]",-266.84756879780076,-88.889926720953241
1562,10321860085575,"[""ring16"",""active"",75]",-267.07875000000058,-99.999999999999972
1563,224933793133217,"[""ring16"",""active"",76]",-266.84756879780076,-111.11007327904669
1564,217216644954539,"[""ring16"",""active"",77]",-266.15442540835267,-122.20091297925438
1565,131817295067948,"[""ring16"",""active"",78]",-265.00051979026085,-133.25331881864392
1566,131447070494517,"[""ring16"",""active"",79]",-263.38784956623397,-144.24815705131374
1567,140870330439689,"[""ring16"",""active"",80]",-261.31920656483305,-155.16639359146944
1568,209720119376888,"[""ring16"",""active"",81]",-258.79817198730296,-165.9891269649263
1569,102587553866632,"[""ring16"",""active"",82]",-255.82911020785488,-176.69762103103363
1570,123520448655837,"[""ring16"",""active"",83]",-252.41716121813215,-187.27333741837941
1571,175469797535929,"[""ring16"",""active"",84]",-248.56823172894059,-197.69796761811637
1572,110920405379085,"[""ring16"",""active"",85]",-244.28898494464576,-207.95346467935826
1573,18758428725497,"[""ring16"",""active"",86]",-239.58682902794212,-218.022074451767
1574,112916222806564,"[""ring16"",""active"",87]",-234.46990427496141,-227.88636632125116
1575,128937598277306,"[""ring16"",""active"",88]",-228.94706902292398,-237.52926338556199
1576,1641469871596,"[""ring16"",""active"",89]",-223.02788431472933,-246.93407201754985
1577,18488076514066,"[""ring16"",""active"",90]",-216.72259734703294,-256.08451076490144
1578,67995201028626,"[""ring16"",""active"",91]",-210.0421237304657,-264.96473853632642
1579,210221579404422,"[""ring16"",""active"",92]",-202.99802859270596,-273.5593820253971
1580,220568856956932,"[""ring16"",""active"",93]",-195.60250655711721,-281.85356232456854
1581,43187512220110,"[""ring16"",""active"",94]",-187.86836063161468,-289.83292068330081
1582,22978603507286,"[""ring16"",""active"",95]",-179.80898004430455,-297.48364336569671
1583,194773182875544,"[""ring16"",""active"",96]",-171.43831706426974,-304.7924855646167
1584,98997363811546,"[""ring16"",""active"",130]",175.66166549674949,-301.18160446837805
1585,160406783408531,"[""ring16"",""active"",131]",183.87846557174598,-293.70020289236413
1586,106438360706500,"[""ring16"",""active"",132]",191.776938226612,-285.88347066371728
1587,48654103769125,"[""ring16"",""active"",133]",199.34340975347067,-277.744939982613
1588,281172161546770,"[""ring16"",""active"",134]",206.5647811994175,-269.29870014149424
1589,133145961371623,"[""ring16"",""active"",135]",213.42855104321652,-260.55937313391564
1590,57767020510651,"[""ring16"",""active"",136]",219.92283683773096,-251.54208834118521
1591,213258274086803,"[""ring16"",""active"",137]",226.03639578062328,-242.26245634062505
1592,2608047645654,"[""ring16"",""active"",138]",231.75864417771231,-232.73654188079234
1593,144559940529482,"[""ring16"",""active"",139]",237.07967576529336,-222.98083607044708
1594,126826221860251,"[""ring16"",""active"",140]",241.99027885970096,-213.01222782941227
1595,216889800911452,"[""ring16"",""active"",141]",246.48195230442713,-202.84797465074806
1596,234439771041031,"[""ring16"",""active"",142]",250.54692018718478,-192.50567272486194
1597,66462610983039,"[""ring16"",""active"",143]",254.1781453014419,-182.00322647726671
1598,208756305921946,"[""ring16"",""active"",144]",257.36934132911904,-171.35881757273046
1599,8227282608811,"[""ring16"",""active"",145]",260.11498372336166,-160.59087343947195
1600,37334369469172,"[""ring16"",""active"",146]",262.41031927254568,-149.71803536789696
1601,246656529105281,"[""ring16"",""active"",147]",264.25137432896076,-138.75912623909713
1602,48579439188670,"[""ring16"",""active"",148]",265.6349616879246,-127.73311793898468
1603,48023439451462,"[""ring16"",""active"",149]",266.55868610542041,-116.65909851446854
1604,152432688903854,"[""ring16"",""active"",150]",267.02094844470406,-105.55623912853923
1605,152332581738467,"[""ring17"",""active"",0]",278.12830860440238,-94.433869489969851
1606,199053255616929,"[""ring17"",""active"",1]",277.68291122119535,-83.310522125539208
1607,266339809339803,"[""ring17"",""active"",2]",276.79282971849028,-72.213901453582537
1608,146226846484379,"[""ring17"",""active"",3]",275.45948948147765,-61.161777710558439
1609,129508688164245,"[""ring17"",""active"",4]",273.6850257342038,-50.171849875109992
1610,116112618666332,"[""ring17"",""active"",5]",271.47228012020219,-39.261717324747892
1611,257123315037316,"[""ring17"",""active"",6]",268.82479615185798,-28.448851652035856
1612,272980153295873,"[""ring17"",""active"",7]",265.74681353579246,-17.750568685412091
1613,116117485616113,"[""ring17"",""active"",8]",262.24326138335584,-7.1840007594528288
1614,198106948524149,"[""ring17"",""active"",9]",258.31975031710027,3.2339307210150423
1615,208443878535548,"[""ring17"",""active"",10]",253.98256348587398,13.486542379016697
1616,120943244017986,"[""ring17"",""active"",11]",249.2386465029258,23.557415582351624
1617,30958100787413,"[""ring17"",""active"",12]",244.0955963231323,33.430422736551378
1618,201247811876415,"[""ring17"",""active"",13]",238.56164907716015,43.089753111766356
1619,143384296230983,"[""ring17"",""active"",14]",232.64566688204641,52.519938162222786
1620,248604990759548,"[""ring17"",""active"",15]",226.35712364931783,61.705876297702332
1621,237911829236964,"[""ring17"",""active"",16]",219.70608991337664,70.632857067376136
1622,108597255970984,"[""ring17"",""active"",17]",212.70321670444872,79.286584717263992
1623,23798040952883,"[""ring17"",""active"",18]",205.35971849191995,87.653201083593984
1624,110316593108706,"[""ring17"",""active"",19]",197.68735522537568,95.719307785400929
1625,185556115726987,"[""ring17"",""active"",20]",189.69841350210282,103.47198768082447
1626,90738966461833,"[""ring17"",""active"",21]",181.40568689121343,110.89882555274556
1627,8346490300935,"[""ring17"",""active"",22]",172.82245544589838,117.98792799063631
1628,234128383958195,"[""ring17"",""active"",23]",163.96246443662068,124.72794243678348
1629,28859929127715,"[""ring17"",""active"",24]",154.83990233930567,131.10807536638492
1630,23726128480770,"[""ring17"",""active"",25]",145.46937811377714,137.11810957240547
1631,271409770005992,"[""ring17"",""active"",26]",135.86589780882713,142.74842052751177
1632,22478568156834,"[""ring17"",""active"",27]",126.04484053138263,147.9899917968842
1633,211153487037457,"[""ring17"",""active"",28]",116.02193381825471,152.8344294772231
1634,36648644039662,"[""ring17"",""active"",29]",105.8132284499068,157.27397563882789
1635,257938817487333,"[""ring17"",""active"",30]",95.435072746579536,161.30152074922074
1636,268477681315656,"[""ring17"",""active"",31]",84.904086387930676,164.91061505842151
1637,197023921387560,"[""ring17"",""active"",32]",74.237133798118492,168.09547892763993
1638,221087366691279,"[""ring17"",""active"",33]",63.451297138948583,170.85101208484565
1639,5622303700049,"[""ring17"",""active"",34]",52.563848954333508,173.17280179239361
1640,35400039421816,"[""ring17"",""active"",35]",41.592224509872665,175.05712991362486
1641,159025315117172,"[""ring17"",""active"",36]",30.553993871848082,176.50097886712706
1642,171344980200586,"[""ring17"",""active"",37]",19.466833770349147,177.50203645911853
1643,92313167300311,"[""ring17"",""active"",38]",8.3484992915846821,178.05869958621827
1644,224644992062927,"[""ring17"",""active"",39]",-2.7832045552848079,178.17007680267085
1645,32131299766892,"[""ring17"",""active"",40]",-13.910451351262603,177.83598974791676
1646,72172651845139,"[""ring17"",""active"",41]",-25.015421814916891,177.0569734322205
1647,187894532517525,"[""ring17"",""active"",42]",-36.080332338351106,175.83427537989996
1648,122817225486272,"[""ring17"",""active"",43]",-47.08746346604746,174.16985363152895
1649,71700088228001,"[""ring17"",""active"",44]",-58.01918827097559,172.06637360831172
1650,107023919264082,"[""ring17"",""active"",45]",-68.858000582524781,169.52720384365171
1651,141831917306643,"[""ring17"",""active"",46]",-79.586543021056599,166.55641058874926
1652,219614657588130,"[""ring17"",""active"",47]",-90.187634794181889,163.1587513008671
1653,153750100346813,"[""ring17"",""active"",48]",-100.64429921024825,159.33966702469252
1654,247721869966835,"[""ring17"",""active"",49]",-110.93979086498064,155.10527367899459
1655,218465199506569,"[""ring17"",""active"",50]",-121.05762245773387,150.46235226253293
1656,236871194085760,"[""ring17"",""active"",51]",-130.98159119441721,145.41833799489993
1657,96106580541926,"[""ring17"",""active"",52]",-140.69580473480636,139.98130840968761
1658,63970671960349,"[""ring17"",""active"",53]",-150.18470664269205,134.15997041904686
1659,33902868893571,"[""ring17"",""active"",54]",-159.43310129810843,127.96364637035325
1660,232869216563541,"[""ring17"",""active"",55]",-168.42617823174714,121.40225911730917
1661,148247924972767,"[""ring17"",""active"",56]",-177.14953584258694,114.48631612938937
1662,158256827859760,"[""ring17"",""active"",57]",-185.58920446075808,107.22689266507686
1663,147922613123157,"[""ring17"",""active"",58]",-193.73166871870762,99.635614035836028
1664,50814025232388,"[""ring17"",""active"",59]",-201.56388919484064,91.724636989225672
1665,135727687250940,"[""ring17"",""active"",60]",-209.07332329497731,83.506630240964995
1666,167028907175436,"[""ring17"",""active"",61]",-216.24794533818516,74.994754187128819
1667,43485611768770,"[""ring17"",""active"",62]",-223.07626581482177,66.202639828961054
1668,82635219630128,"[""ring17"",""active"",63]",-229.54734978594732,57.1443669440566
1669,156989152467440,"[""ring17"",""active"",64]",-235.65083439464271,47.834441538868219
1670,178215120521680,"[""ring17"",""active"",65]",-241.37694546118925,38.287772618646358
1671,82010388378724,"[""ring17"",""active"",66]",-246.71651313553525,28.51964831201343
1672,219404492720106,"[""ring17"",""active"",67]",-251.66098658198359,18.545711388405081
1673,108605301621107,"[""ring17"",""active"",68]",-256.20244767258322,8.3819342075865961
1674,24092907508848,"[""ring17"",""active"",69]",-260.33362366729591,-1.9554068586384687
1675,238937182268067,"[""ring17"",""active"",70]",-264.04789886063367,-12.449757491569812
1676,44209357611909,"[""ring17"",""active"",71]",-267.33932517611379,-23.084311935857613
1677,185626620875155,"[""ring17"",""active"",72]",-270.20263169156613,-33.84203991240183
1678,144131097326950,"[""ring17"",""active"",73]",-272.63323308003959,-44.705713890808227
1679,143793068460306,"[""ring17"",""active"",74]",-274.62723695278936,-55.657936677722887
1680,247738519839330,"[""ring17"",""active"",75]",-276.18145009258603,-66.681169276867166
1681,83298141352093,"[""ring17"",""active"",76]",-277.29338356736469,-77.757758976157305
1682,221388406430441,"[""ring17"",""active"",77]",-277.96125671602539,-88.869967616929486
1683,114729982555594,"[""ring17"",""active"",78]",-278.18400000000065,-99.999999999999972
1684,135528691957711,"[""ring17"",""active"",79]",-277.96125671602539,-111.13003238307044
1685,248627043291406,"[""ring17"",""active"",80]",-277.29338356736469,-122.24224102384262
1686,56244365122025,"[""ring17"",""active"",81]",-276.18145009258603,-133.31883072313275
1687,210946985406917,"[""ring17"",""active"",82]",-274.62723695278942,-144.34206332227691
1688,241281173893893,"[""ring17"",""active"",83]",-272.63323308003959,-155.29428610919183
1689,278110400583338,"[""ring17"",""active"",84]",-270.20263169156613,-166.15796008759821
1690,196422725800613,"[""ring17"",""active"",85]",-267.33932517611379,-176.91568806414233
1691,196846397849689,"[""ring17"",""active"",86]",-264.04789886063372,-187.55024250843002
1692,129265144312677,"[""ring17"",""active"",87]",-260.33362366729591,-198.04459314136147
1693,271936762083973,"[""ring17"",""active"",88]",-256.20244767258316,-208.38193420758665
1694,5741476612264,"[""ring17"",""active"",89]",-251.66098658198362,-218.54571138840504
1695,260017355602868,"[""ring17"",""active"",90]",-246.71651313553522,-228.51964831201352
1696,23854921196729,"[""ring17"",""active"",91]",-241.37694546118928,-238.2877726186463
1697,213041179426182,"[""ring17"",""active"",92]",-235.6508343946428,-247.83444153886805
1698,95422213872904,"[""ring17"",""active"",93]",-229.54734978594735,-257.14436694405657
1699,182065263883261,"[""ring17"",""active"",94]",-223.0762658148218,-266.20263982896097
1700,241653503451134,"[""ring17"",""active"",95]",-216.24794533818522,-274.99475418712876
1701,104542358557080,"[""ring17"",""active"",140]",219.70608991337656,-270.63285706737628
1702,128777339931757,"[""ring17"",""active"",141]",226.3571236493178,-261.70587629770239
1703,246907806449070,"[""ring17"",""active"",142]",232.64566688204644,-252.51993816222273
1704,275231421179683,"[""ring17"",""active"",143]",238.5616490771601,-243.08975311176644
1705,52829172164163,"[""ring17"",""active"",144]",244.09559632313221,-233.43042273655155
1706,85863643510885,"[""ring17"",""active"",145]",249.23864650292577,-223.55741558235167
1707,77224651492242,"[""ring17"",""active"",146]",253.98256348587392,-213.4865423790169
1708,25844157282951,"[""ring17"",""active"",147]",258.31975031710027,-203.23393072101513
1709,241381922975707,"[""ring17"",""active"",148]",262.2432613833559,-192.81599924054714
1710,115288915262702,"[""ring17"",""active"",149]",265.74681353579246,-182.24943131458801
1711,241032463012634,"[""ring17"",""active"",150]",268.82479615185792,-171.55114834796433
1712,52047161130209,"[""ring17"",""active"",151]",271.47228012020219,-160.73828267525221
1713,78995063804187,"[""ring17"",""active"",152]",273.6850257342038,-149.82815012488999
1714,134614667295973,"[""ring17"",""active"",153]",275.45948948147759,-138.83822228944166
1715,92812712147793,"[""ring17"",""active"",154]",276.79282971849028,-127.78609854641746
1716,203796813950838,"[""ring17"",""active"",155]",277.68291122119535,-116.68947787446092
1717,68344159732256,"[""ring17"",""active"",156]",278.12830860440238,-105.5661305100304
1718,5762012480086,"[""ring18"",""active"",0]",289.23552042659298,-94.424707261422725
1719,129057732237894,"[""ring18"",""active"",1]",288.80580358197619,-83.282404989594767
1720,51662000541937,"[""ring18"",""active"",2]",287.94700832251169,-72.16494002739897
1721,161470488071468,"[""ring18"",""active"",3]",286.66041055922369,-61.088829578381592
1722,257999781074935,"[""ring18"",""active"",4]",284.94792178877174,-50.070529405741254
1723,164472754128888,"[""ring18"",""active"",5]",282.81208625354276,-39.126409384022622
1724,200667525256665,"[""ring18"",""active"",6]",280.25607716167343,-28.272729178414409
1725,194821771349612,"[""ring18"",""active"",7]",277.28369197261867,-17.525614087785769
1726,243893772504631,"[""ring18"",""active"",8]",273.89934675527132,-6.9010310873500345
1727,108839338023775,"[""ring18"",""active"",9]",270.10806962701378,3.585234893449865
1728,46628578844218,"[""ring18"",""active"",10]",265.91549328345081,13.917604422591083
1729,191875740936992,"[""ring18"",""active"",11]",261.32784662992054,24.080726711813128
1730,64564087161774,"[""ring18"",""active"",12]",256.35194552721782,34.059502423264519
1731,150850869635148,"[""ring18"",""active"",13]",250.99518266527866,43.839106102569701
1732,45627480635122,"[""ring18"",""active"",14]",245.26551657987008,53.405008204987865
1733,157516067797918,"[""ring18"",""active"",15]",239.1714598286035,62.742996681939019
1734,39262183685514,"[""ring18"",""active"",16]",232.72206634383906,71.839198095826475
1735,102511923753351,"[""ring18"",""active"",17]",225.92691798126955,80.680098231785365
1736,185400548692230,"[""ring18"",""active"",18]",218.79611028416971,89.252562175734766
1737,120160480246547,"[""ring18"",""active"",19]",211.34023748446057,97.543853828902343
1738,206709256324027,"[""ring18"",""active"",20]",203.57037676287217,105.54165482983049
1739,110112206687254,"[""ring18"",""active"",21]",195.49807179159072,113.23408285575024
1740,116048700908079,"[""ring18"",""active"",22]",187.13531558383926,120.60970927613272
1741,57082595673925,"[""ring18"",""active"",23]",178.49453267587319,127.65757613219145
1742,165592498746466,"[""ring18"",""active"",24]",169.58856066786265,134.36721241710751
1743,64066666316926,"[""ring18"",""active"",25]",160.43063115108612,140.72864963279105
1744,211214046366219,"[""ring18"",""active"",26]",151.03435004977237,146.73243660006631
1745,33930819274805,"[""ring18"",""active"",27]",141.41367740679593,152.36965350027643
1746,231046789370253,"[""ring18"",""active"",28]",131.58290664325921,157.63192512744661
1747,166126953148753,"[""ring18"",""active"",29]",121.55664332277487,162.51143333131722
1748,123197998121212,"[""ring18"",""active"",30]",111.3497834519988,167.00092863275938
1749,20760280086707,"[""ring18"",""active"",31]",100.9774913496518,171.09374099431716
1750,102876901691900,"[""ring18"",""active"",32]",90.455177116910548,174.78378972987338
1751,51205666606287,"[""ring18"",""active"",33]",79.798473742639871,178.06559253871762
1752,278351613325182,"[""ring18"",""active"",34]",69.02321387748124,180.93427365059324
1753,214993254887475,"[""ring18"",""active"",35]",58.145406311303745,183.38557106962293
1754,115614104738572,"[""ring18"",""active"",36]",47.181212188965411,185.41584290635086
1755,253931963245466,"[""ring18"",""active"",37]",36.146920999720663,187.02207278849284
1756,169345275459016,"[""ring18"",""active"",38]",25.058926375947177,188.20187434235709
1757,186816254639434,"[""ring18"",""active"",39]",13.933701737146926,188.95349473827645
1758,13293680560939,"[""ring18"",""active"",40]",2.787775815407878,189.27581729478521
1759,7434663066545,"[""ring18"",""active"",41]",-8.3622919013125276,189.16836313767135
1760,175362438616906,"[""ring18"",""active"",42]",-19.499935771596874,188.63129191143935
1761,49667682937252,"[""ring18"",""active"",43]",-30.60860861212096,187.66540154212657
1762,236690274872400,"[""ring18"",""active"",44]",-41.671806281782651,186.27212705182546
1763,205901654929942,"[""ring18"",""active"",45]",-52.673092201882888,184.45353842667322
1764,133038285563845,"[""ring18"",""active"",46]",-63.596121775930534,182.2123375414759
1765,97557644461165,"[""ring18"",""active"",47]",-74.424666672788192,179.55185414553648
1766,116287721881500,"[""ring18"",""active"",48]",-85.142638937082765,176.47604091565057
1767,123803214053936,"[""ring18"",""active"",49]",-95.734114891061111,172.9894675836195
1768,228958550534608,"[""ring18"",""active"",50]",-106.18335879237685,169.0973141470057
1769,222332739817851,"[""ring18"",""active"",51]",-116.47484621266372,164.80536317321685
1770,145186145822296,"[""ring18"",""active"",52]",-126.59328710215831,160.11999120835259
1771,190595490196150,"[""ring18"",""active"",53]",-136.52364850610761,155.04815930357879
1772,100727241466520,"[""ring18"",""active"",54]",-146.2511768992114,149.59740267310173
1773,129661906765590,"[""ring18"",""active"",55]",-155.76142010491523,143.77581949911075
1774,234850321170973,"[""ring18"",""active"",56]",-165.04024876699106,137.59205890031893
1775,73234966483171,"[""ring18"",""active"",57]",-174.0738773415039,131.05530808197844
1776,252365840156568,"[""ring18"",""active"",58]",-182.8488845779768,124.17527868646141
1777,87153313961211,"[""ring18"",""active"",59]",-191.3522334593255,116.96219236468531
1778,142409163373394,"[""ring18"",""active"",60]",-199.5712905709386,109.42676558981881
1779,48128680187867,"[""ring18"",""active"",61]",-207.49384487012458,101.58019373583207
1780,44462215873291,"[""ring18"",""active"",62]",-215.10812582804365,93.434134444542764
1781,60710795197036,"[""ring18"",""active"",63]",-222.40282091716654,85.000690305873377
1782,14029063300297,"[""ring18"",""active"",64]",-229.36709241828245,76.292390877048319
1783,66410244609533,"[""ring18"",""active"",65]",-235.99059352208496,67.322174067446838
1784,91673403325969,"[""ring18"",""active"",66]",-242.26348370141324,58.103366916767442
1785,59860204061184,"[""ring18"",""active"",67]",-248.17644333131062,48.649665795062219
1786,162944862596564,"[""ring18"",""active"",68]",-253.72068753518002,38.975116054056485
1787,150477590376457,"[""ring18"",""active"",69]",-258.88797923646308,29.094091159989148
1788,65527687264022,"[""ring18"",""active"",70]",-263.67064139645527,19.021271338970365
1789,249390348373101,"[""ring18"",""active"",71]",-268.06156842007186,8.7716217665896608
1790,262921644860004,"[""ring18"",""active"",72]",-272.05423671262179,-1.6396296658269307
1791,251842229762754,"[""ring18"",""active"",73]",-275.64271437190382,-12.197014975275664
1792,144017493423444,"[""ring18"",""active"",74]",-278.82167000122627,-22.884849067837607
1793,100377099933099,"[""ring18"",""active"",75]",-281.5863806302562,-33.687253042002624
1794,147427115862132,"[""ring18"",""active"",76]",-283.9327387319305,-44.588177779933829
1795,162052305224799,"[""ring18"",""active"",77]",-285.85725832500333,-55.571427791620088
1796,177328063126791,"[""ring18"",""active"",78]",-287.35708015316453,-66.620685276496687
1797,201306233856411,"[""ring18"",""active"",79]",-288.42997593303267,-77.719534366779484
1798,159810078970497,"[""ring18"",""active"",80]",-289.07435166471288,-88.851485516499451
1799,26286432051957,"[""ring18"",""active"",81]",-289.28925000000072,-99.999999999999972
1800,106877602394727,"[""ring18"",""active"",82]",-289.07435166471288,-111.14851448350035
1801,102794912343445,"[""ring18"",""active"",83]",-288.42997593303267,-122.28046563322044
1802,246876766591778,"[""ring18"",""active"",84]",-287.35708015316453,-133.37931472350326
1803,67995143019354,"[""ring18"",""active"",85]",-285.85725832500339,-144.42857220837971
1804,114118865286952,"[""ring18"",""active"",86]",-283.9327387319305,-155.41182222006609
1805,148282787321965,"[""ring18"",""active"",87]",-281.58638063025626,-166.31274695799718
1806,151607414064008,"[""ring18"",""active"",88]",-278.82167000122627,-177.11515093216246
1807,5825280643680,"[""ring18"",""active"",89]",-275.64271437190388,-187.80298502472425
1808,179392680341701,"[""ring18"",""active"",90]",-272.05423671262179,-198.36037033417298
1809,140100608992752,"[""ring18"",""active"",91]",-268.06156842007186,-208.77162176658959
1810,272156019080195,"[""ring18"",""active"",92]",-263.67064139645532,-219.02127133897017
1811,79440452184593,"[""ring18"",""active"",93]",-258.88797923646308,-229.09409115998906
1812,212471432004898,"[""ring18"",""active"",94]",-253.72068753517996,-238.97511605405654
1813,233328969049597,"[""ring18"",""active"",149]",250.99518266527863,-243.83910610256976
1814,239270968938449,"[""ring18"",""active"",150]",256.35194552721777,-234.05950242326469
1815,80384939527472,"[""ring18"",""active"",151]",261.32784662992049,-224.08072671181316
1816,160932634190881,"[""ring18"",""active"",152]",265.91549328345081,-213.91760442259098
1817,86185192178947,"[""ring18"",""active"",153]",270.10806962701378,-203.58523489344987
1818,242510706321133,"[""ring18"",""active"",154]",273.89934675527127,-193.09896891265009
1819,188817121249457,"[""ring18"",""active"",155]",277.28369197261867,-182.47438591221425
1820,180769814796880,"[""ring18"",""active"",156]",280.25607716167337,-171.72727082158568
1821,86144735613203,"[""ring18"",""active"",157]",282.81208625354276,-160.87359061597735
1822,100028609147451,"[""ring18"",""active"",158]",284.94792178877174,-149.92947059425882
1823,254935570137492,"[""ring18"",""active"",159]",286.66041055922369,-138.91117042161835
1824,19897582475353,"[""ring18"",""active"",160]",287.94700832251169,-127.83505997260107
1825,281148712343207,"[""ring18"",""active"",161]",288.80580358197614,-116.71759501040539
1826,254662804695868,"[""ring18"",""active"",162]",289.23552042659298,-105.57529273857755
1827,80417162532152,"[""ring19"",""active"",0]",300.34259898981122,-94.416196431112738
1828,164174908366175,"[""ring19"",""active"",1]",299.92749850918841,-83.256306612003428
1829,6909989444034,"[""ring19"",""active"",2]",299.09787125413573,-72.119558082861431
1830,198461130717884,"[""ring19"",""active"",3]",297.85486384412513,-61.021342831645072
1831,258789264602960,"[""ring19"",""active"",4]",296.20019422717695,-49.976999589857392
1832,42167234651988,"[""ring19"",""active"",5]",294.13614930550068,-39.001792633039898
1833,2327218371915,"[""ring19"",""active"",6]",291.66558177479095,-28.110890684171039
1834,6790610267480,"[""ring19"",""active"",7]",288.79190618154513,-17.319345949127054
1835,133349311851532,"[""ring19"",""active"",8]",285.51909420385317,-6.6420733131797363
1836,54768823658163,"[""ring19"",""active"",9]",281.85166916218151,3.9061702727160537
1837,57360425040979,"[""ring19"",""active"",10]",277.79469976773714,14.310806187355979
1838,3265448839071,"[""ring19"",""active"",11]",273.3537931170531,24.557454288251336
1839,96812547267648,"[""ring19"",""active"",12]",268.53508694247665,34.631952786279498
1840,135766017480940,"[""ring19"",""active"",13]",263.34524112927141,44.520377818549747
1841,239300882133747,"[""ring19"",""active"",14]",257.79142851105701,54.209062692434117
1842,11427387278160,"[""ring19"",""active"",15]",251.88132495630776,63.684616774165306
1843,233906880639778,"[""ring19"",""active"",16]",245.62309875961256,72.933943995897181
1844,25519697885984,"[""ring19"",""active"",17]",239.02539935235677,81.944260955647763
1845,35693125326166,"[""ring19"",""active"",18]",232.09734534843057,90.703114585110626
1846,254271760492824,"[""ring19"",""active"",19]",224.84851194148445,99.198399360915033
1847,15342883159364,"[""ring19"",""active"",20]",217.28891767115047,107.41837403554794
1848,140087184077929,"[""ring19"",""active"",21]",209.42901057651957,115.35167786481378
1849,133516759985974,"[""ring19"",""active"",22]",201.27965375601207,122.98734630940467
1850,25664232707452,"[""ring19"",""active"",23]",192.85211035359868,130.31482618887972
1851,87560163203732,"[""ring19"",""active"",24]",184.15802799212273,137.32399026710934
1852,93188402482093,"[""ring19"",""active"",25]",175.20942267523787,144.00515124902654
1853,105712438482977,"[""ring19"",""active"",26]",166.01866218021058,150.3490751693395
1854,95390922516384,"[""ring19"",""active"",27]",156.59844896453976,156.3469941547022
1855,11752238171204,"[""ring19"",""active"",28]",146.96180261001825,161.99061854170372
1856,156410186679370,"[""ring19"",""active"",29]",137.12204182849962,167.2721483339289
1857,226620961609507,"[""ring19"",""active"",30]",127.09276605424134,172.1842839822541
1858,204503545529657,"[""ring19"",""active"",31]",116.88783664826292,176.72023647348141
1859,200890586498772,"[""ring19"",""active"",32]",106.5213577406993,180.87373671336456
1860,152803476474171,"[""ring19"",""active"",33]",96.007656737623691,184.63904419106154
1861,272708853521373,"[""ring19"",""active"",34]",85.361264519284987,188.01095491303647
1862,265837752506308,"[""ring19"",""active"",35]",74.596895357123728,190.98480859544679
1863,19477370167863,"[""ring19"",""active"",36]",63.729426577326393,193.55649510507448
1864,38289667248126,"[""ring19"",""active"",37]",52.773877999022034,195.72246013990008
1865,245276864947409,"[""ring19"",""active"",38]",41.745391175542373,197.47971014146736
1866,128528741801345,"[""ring19"",""active"",39]",30.659208467432844,198.82581643225035
1867,209397250092406,"[""ring19"",""active"",40]",19.530651976139865,199.75891857230431
1868,186912821600874,"[""ring19"",""active"",41]",8.3751023674887151,200.27772693056102
1869,139553662965706,"[""ring19"",""active"",42]",-2.7920223857795605,200.38152446721449
1870,93806919789147,"[""ring19"",""active"",43]",-13.955288313033329,200.07016772473497
1871,163644871786656,"[""ring19"",""active"",44]",-25.099266776885521,199.34408702613985
1872,137172614678648,"[""ring19"",""active"",45]",-36.208555796957683,198.20428588024868
1873,32485782020197,"[""ring19"",""active"",46]",-47.267801336802584,196.65233959474352
1874,152875726376527,"[""ring19"",""active"",47]",-58.261718524562667,194.69039309895243
1875,244155150709629,"[""ring19"",""active"",48]",-69.175112778037658,192.32115797936393
1876,73235561139386,"[""ring19"",""active"",49]",-79.992900804963824,189.54790873197084
1877,130226342297397,"[""ring19"",""active"",50]",-90.700131449479869,186.37447823662211
1878,12290890876818,"[""ring19"",""active"",51]",-101.28200635596913,182.80525245963855
1879,207502900180019,"[""ring19"",""active"",52]",-111.72390042171794,178.84516439201258
1880,115215119629411,"[""ring19"",""active"",53]",-122.01138201012218,174.49968723157139
1881,41657173831006,"[""ring19"",""active"",54]",-132.13023289650741,169.77482681852507
1882,268654797521524,"[""ring19"",""active"",55]",-142.06646791899391,164.67711333485551
1883,34723539270648,"[""ring19"",""active"",56]",-151.80635430724769,159.2135922790178
1884,160236057663466,"[""ring19"",""active"",57]",-161.33643066240433,153.39181472842739
1885,9247724698969,"[""ring19"",""active"",58]",-170.64352556193259,147.21982690319263
1886,99675956044625,"[""ring19"",""active"",59]",-179.71477576372521,140.70615904551434
1887,170954525565605,"[""ring19"",""active"",60]",-188.53764398425557,133.85981363012453
1888,32464463123110,"[""ring19"",""active"",61]",-197.09993622623139,126.6902529220566
1889,60188997605917,"[""ring19"",""active"",62]",-205.38981863179569,119.20738589894395
1890,4210324774030,"[""ring19"",""active"",63]",-213.39583383798228,111.42155455592206
1891,248007543782829,"[""ring19"",""active"",64]",-221.10691681182163,103.34351961206104
1892,203505867274245,"[""ring19"",""active"",65]",-228.51241014321158,94.984445638084509
1893,50282950338760,"[""ring19"",""active"",66]",-235.60207877441653,86.35588562592838
1894,126918555497847,"[""ring19"",""active"",67]",-242.36612414583772,77.469765021467367
1895,64567352066092,"[""ring19"",""active"",68]",-248.79519773850367,68.338365242476243
1896,35410024593946,"[""ring19"",""active"",69]",-254.88041399456384,58.974306704606278
1897,240389882602176,"[""ring19"",""active"",70]",-260.61336259792881,49.390531378835846
1898,190560676712574,"[""ring19"",""active"",71]",-265.9861200980838,39.600284904502246
1899,274949299100779,"[""ring19"",""active"",72]",-270.99126086100921,29.617098282637613
1900,123329586181351,"[""ring19"",""active"",73]",-275.62186733207477,19.454769174908449
1901,185162908392774,"[""ring19"",""active"",74]",-279.8715395967223,9.1273428340064413
1902,207665246418798,"[""ring19"",""active"",75]",-283.73440422572315,-1.3509073081539782
1903,54063286344905,"[""ring19"",""active"",76]",-287.20512239278531,-11.965499367602064
1904,154833855350422,"[""ring19"",""active"",77]",-290.27889725329175,-22.701763023576277
1905,50713802602784,"[""ring19"",""active"",78]",-292.95148057397074,-33.54485979422715
1906,32112557538704,"[""ring19"",""active"",79]",-295.21917860433649,-44.479803544734011
1907,153387489493047,"[""ring19"",""active"",80]",-297.07885718178449,-55.491481199489975
1908,172892419274941,"[""ring19"",""active"",81]",-298.52794606328598,-66.564673629732596
1909,270735859433160,"[""ring19"",""active"",82]",-299.56444247769485,-77.684076687747392
1910,132312952946540,"[""ring19"",""active"",83]",-300.18691389375772,-88.83432235857731
1911,65659170498141,"[""ring19"",""active"",84]",-300.39450000000079,-99.999999999999957
1912,17336838421526,"[""ring19"",""active"",85]",-300.18691389375772,-111.16567764142275
1913,131659654320323,"[""ring19"",""active"",86]",-299.56444247769485,-122.31592331225241
1914,229630225059637,"[""ring19"",""active"",87]",-298.52794606328598,-133.43532637026721
1915,197155042676810,"[""ring19"",""active"",88]",-297.07885718178454,-144.50851880050996
1916,186091635602029,"[""ring19"",""active"",89]",-295.21917860433655,-155.52019645526593
1917,121411265238177,"[""ring19"",""active"",90]",-292.95148057397074,-166.45514020577278
1918,62448783882894,"[""ring19"",""active"",91]",-290.27889725329175,-177.29823697642365
1919,225745181052717,"[""ring19"",""active"",92]",-287.20512239278543,-188.03450063239774
1920,251259085187468,"[""ring19"",""active"",93]",-283.73440422572315,-198.64909269184594
1921,50975383295743,"[""ring19"",""active"",94]",-279.8715395967223,-209.12734283400653
1922,161907720056678,"[""ring19"",""active"",159]",281.85166916218145,-203.90617027271622
1923,119283998772800,"[""ring19"",""active"",160]",285.51909420385311,-193.35792668682035
1924,177183242707390,"[""ring19"",""active"",161]",288.79190618154507,-182.68065405087302
1925,87898585291779,"[""ring19"",""active"",162]",291.66558177479089,-171.88910931582922
1926,102540618994406,"[""ring19"",""active"",163]",294.13614930550074,-160.99820736696006
1927,117336422054048,"[""ring19"",""active"",164]",296.20019422717695,-150.02300041014277
1928,200262253786687,"[""ring19"",""active"",165]",297.85486384412513,-138.97865716835506
1929,243007311408280,"[""ring19"",""active"",166]",299.09787125413573,-127.88044191713863
1930,246091631354919,"[""ring19"",""active"",167]",299.92749850918841,-116.74369338799686
1931,57673582709806,"[""ring19"",""active"",168]",300.34259898981122,-105.5838035688875
1932,196339814985697,"[""ring20"",""active"",0]",311.45012613516593,-94.440037729242036
1933,234080391320086,"[""ring20"",""active"",1]",311.0532300761659,-83.32719851834014
1934,129237540857754,"[""ring20"",""active"",2]",310.25994374213707,-72.235606270098614
1935,183088262793326,"[""ring20"",""active"",3]",309.07127805647684,-61.179395540524837
1936,185682095003971,"[""ring20"",""active"",4]",307.48874779373989,-50.17265579723437
1937,154410032273212,"[""ring20"",""active"",5]",305.514369649287,-39.229413464556394
1938,59575505862370,"[""ring20"",""active"",6]",303.1506596693124,-28.363614048978306
1939,224170047728808,"[""ring20"",""active"",7]",300.40063004452321,-17.589104367707904
1940,78194818953670,"[""ring20"",""active"",8]",297.26778527155813,-6.919614902999939
1941,122608968701962,"[""ring20"",""active"",9]",293.7561176870372,3.6312576952657167
1942,202598441108029,"[""ring20"",""active"",10]",289.87010237993246,14.050067936457197
1943,94934668134722,"[""ring20"",""active"",11]",285.61469148874437,24.32353862343372
1944,53729414262073,"[""ring20"",""active"",12]",280.9953078907505,34.43857777232455
1945,224944812445364,"[""ring20"",""active"",13]",276.01783829136929,44.382295296281256
1946,249173392196016,"[""ring20"",""active"",14]",270.68862572244427,54.142019431943083
1947,165941016518796,"[""ring20"",""active"",15]",265.01446145901025,63.705312887681885
1948,57522986425160,"[""ring20"",""active"",16]",259.00257636484048,73.059988693048297
1949,80287007484599,"[""ring20"",""active"",17]",252.66063167780527,82.194125729221696
1950,165763592646768,"[""ring20"",""active"",18]",245.99670924678335,91.096083920672157
1951,169889807896768,"[""ring20"",""active"",19]",239.01930123256841,99.754519068675279
1952,66342759838077,"[""ring20"",""active"",20]",231.73729928589509,108.15839730777742
1953,169736278969944,"[""ring20"",""active"",21]",224.15998321637574,116.29700916678709
1954,32796543426627,"[""ring20"",""active"",22]",216.29700916678712,124.15998321637574
1955,68332999914388,"[""ring20"",""active"",23]",208.15839730777742,131.73729928589509
1956,194588380487749,"[""ring20"",""active"",24]",199.75451906867531,139.01930123256835
1957,98954439059017,"[""ring20"",""active"",25]",191.09608392067216,145.99670924678333
1958,105731197563646,"[""ring20"",""active"",26]",182.1941257292217,152.66063167780527
1959,192113044057481,"[""ring20"",""active"",27]",173.0599886930483,159.00257636484048
1960,267354279475119,"[""ring20"",""active"",28]",163.70531288768188,165.01446145901019
1961,231516307735255,"[""ring20"",""active"",29]",154.14201943194311,170.68862572244427
1962,172206806907177,"[""ring20"",""active"",30]",144.38229529628128,176.01783829136929
1963,149507773042685,"[""ring20"",""active"",31]",134.43857777232452,180.99530789075055
1964,200156666146780,"[""ring20"",""active"",32]",124.32353862343376,185.61469148874431
1965,18611197678508,"[""ring20"",""active"",33]",114.05006793645725,189.87010237993246
1966,177718223928633,"[""ring20"",""active"",34]",103.63125769526573,193.7561176870372
1967,256455196178599,"[""ring20"",""active"",35]",93.080385097000061,197.26778527155813
1968,235323863538756,"[""ring20"",""active"",36]",82.41089563229211,200.40063004452321
1969,15943802155415,"[""ring20"",""active"",37]",71.636385951021708,203.1506596693124
1970,185280901634515,"[""ring20"",""active"",38]",60.770586535443641,205.514369649287
1971,79836920781692,"[""ring20"",""active"",39]",49.827344202765659,207.48874779373983
1972,106353068916056,"[""ring20"",""active"",40]",38.820604459475199,209.07127805647684
1973,137382016993202,"[""ring20"",""active"",41]",27.764393729901354,210.25994374213707
1974,124080633610874,"[""ring20"",""active"",42]",16.672801481659906,211.0532300761659
1975,72798260696514,"[""ring20"",""active"",43]",5.5599622707580183,211.45012613516593
1976,53669186850719,"[""ring20"",""active"",44]",-5.5599622707579801,211.45012613516593
1977,81721533174650,"[""ring20"",""active"",45]",-16.672801481659867,211.0532300761659
1978,188361387199280,"[""ring20"",""active"",46]",-27.764393729901315,210.25994374213707
1979,269629187836502,"[""ring20"",""active"",47]",-38.820604459475156,209.07127805647684
1980,70877225213662,"[""ring20"",""active"",48]",-49.827344202765623,207.48874779373989
1981,224518187708682,"[""ring20"",""active"",49]",-60.770586535443663,205.514369649287
1982,55892366820952,"[""ring20"",""active"",50]",-71.636385951021666,203.15065966931246
1983,102521658914127,"[""ring20"",""active"",51]",-82.410895632292082,200.40063004452321
1984,56062407163641,"[""ring20"",""active"",52]",-93.080385097000104,197.26778527155813
1985,137664004298440,"[""ring20"",""active"",53]",-103.6312576952657,193.7561176870372
1986,61579366192012,"[""ring20"",""active"",54]",-114.05006793645714,189.87010237993252
1987,1950715800013,"[""ring20"",""active"",55]",-124.32353862343372,185.61469148874437
1988,79442100847761,"[""ring20"",""active"",56]",-134.43857777232446,180.99530789075055
1989,141739552123550,"[""ring20"",""active"",57]",-144.38229529628126,176.01783829136929
1990,66207696425752,"[""ring20"",""active"",58]",-154.142019431943,170.68862572244433
1991,152948188147364,"[""ring20"",""active"",59]",-163.70531288768186,165.01446145901025
1992,191647137491667,"[""ring20"",""active"",60]",-173.05998869304833,159.00257636484042
1993,58280605015421,"[""ring20"",""active"",61]",-182.1941257292217,152.66063167780533
1994,104286687855580,"[""ring20"",""active"",62]",-191.09608392067204,145.99670924678344
1995,52556045685329,"[""ring20"",""active"",63]",-199.75451906867528,139.01930123256841
1996,176751109349285,"[""ring20"",""active"",64]",-208.15839730777748,131.73729928589503
1997,151869936480162,"[""ring20"",""active"",65]",-216.29700916678715,124.15998321637568
1998,159404042683435,"[""ring20"",""active"",66]",-224.15998321637574,116.29700916678709
1999,58318370150846,"[""ring20"",""active"",67]",-231.73729928589501,108.15839730777751
2000,230169472788567,"[""ring20"",""active"",68]",-239.01930123256835,99.754519068675307
2001,33426951964673,"[""ring20"",""active"",69]",-245.9967092467833,91.096083920672186
2002,125406603809863,"[""ring20"",""active"",70]",-252.66063167780527,82.194125729221724
2003,41483773868676,"[""ring20"",""active"",71]",-259.00257636484054,73.059988693048297
2004,139662029704486,"[""ring20"",""active"",72]",-265.01446145901019,63.705312887681913
2005,111518255249667,"[""ring20"",""active"",73]",-270.68862572244427,54.142019431943055
2006,228794599588889,"[""ring20"",""active"",74]",-276.01783829136923,44.382295296281313
2007,128228961783974,"[""ring20"",""active"",75]",-280.9953078907505,34.438577772324663
2008,98361663629905,"[""ring20"",""active"",76]",-285.61469148874431,24.323538623433777
2009,168827426811671,"[""ring20"",""active"",77]",-289.87010237993246,14.050067936457197
2010,8014908708169,"[""ring20"",""active"",78]",-293.7561176870372,3.631257695265802
2011,28451691466524,"[""ring20"",""active"",79]",-297.26778527155813,-6.9196149029999248
2012,223310813535360,"[""ring20"",""active"",80]",-300.40063004452321,-17.589104367707804
2013,75216244663238,"[""ring20"",""active"",81]",-303.1506596693124,-28.363614048978263
2014,216093050985634,"[""ring20"",""active"",82]",-305.514369649287,-39.229413464556274
2015,119764513011608,"[""ring20"",""active"",83]",-307.48874779373989,-50.172655797234455
2016,120012735270283,"[""ring20"",""active"",84]",-309.07127805647684,-61.179395540524858
2017,218373099640218,"[""ring20"",""active"",85]",-310.25994374213707,-72.235606270098558
2018,28249106700817,"[""ring20"",""active"",86]",-311.0532300761659,-83.327198518339998
2019,268156658804848,"[""ring20"",""active"",87]",-311.45012613516593,-94.440037729241965
2020,124818957030180,"[""ring20"",""active"",88]",-311.45012613516593,-105.55996227075796
2021,226644521524755,"[""ring20"",""active"",89]",-311.0532300761659,-116.67280148165992
2022,113645287957574,"[""ring20"",""active"",90]",-310.25994374213707,-127.76439372990137
2023,56760503988636,"[""ring20"",""active"",91]",-309.07127805647684,-138.82060445947508
2024,249533301348313,"[""ring20"",""active"",92]",-307.48874779373989,-149.82734420276546
2025,184080694767450,"[""ring20"",""active"",93]",-305.514369649287,-160.77058653544364
2026,43503243385057,"[""ring20"",""active"",94]",-303.15065966931246,-171.63638595102165
2027,16742330083095,"[""ring20"",""active"",169]",303.1506596693124,-171.63638595102191
2028,115766753121436,"[""ring20"",""active"",170]",305.514369649287,-160.77058653544375
2029,85653891215429,"[""ring20"",""active"",171]",307.48874779373989,-149.82734420276546
2030,274414922527257,"[""ring20"",""active"",172]",309.07127805647684,-138.82060445947519
2031,190920328573780,"[""ring20"",""active"",173]",310.25994374213707,-127.76439372990134
2032,238795035305604,"[""ring20"",""active"",174]",311.0532300761659,-116.67280148165976
2033,15968800548391,"[""ring20"",""active"",175]",311.45012613516593,-105.55996227075808
2034,183490034404243,"[""ring21"",""active"",0]",322.55693961069915,-94.431630940717127
2035,110611202762452,"[""ring21"",""active"",1]",322.17254241012949,-83.301528752789579
2036,187846842466036,"[""ring21"",""active"",2]",321.40420610239835,-72.191326448612699
2037,102896117377068,"[""ring21"",""active"",3]",320.25284632840362,-61.114264266231395
2038,110371266887418,"[""ring21"",""active"",4]",318.71983518534614,-50.08354294998118
2039,29914931370337,"[""ring21"",""active"",5]",316.80699959157579,-39.112308018911648
2040,138082321436572,"[""ring21"",""active"",6]",314.51661910941812,-28.213634101022976
2041,34993949294007,"[""ring21"",""active"",7]",311.85142322857695,-17.40050935198478
2042,275515080803394,"[""ring21"",""active"",8]",308.81458811335011,-6.6858199769053215
2043,281389260332159,"[""ring21"",""active"",9]",305.40973281753401,3.9176651264023548
2044,190871916934041,"[""ring21"",""active"",10]",301.64091497152913,14.397309584357529
2045,143133634176524,"[""ring21"",""active"",11]",297.51262594678519,24.740624606616777
2046,244690956127829,"[""ring21"",""active"",12]",293.02978550334876,34.935283869201584
2047,204448031959903,"[""ring21"",""active"",13]",288.19773592689245,44.969138204011472
2048,258294407032245,"[""ring21"",""active"",14]",283.02223566221181,54.830230077217323
2049,177609762776696,"[""ring21"",""active"",15]",277.50945245077821,64.50680783928027
2050,105172938710935,"[""ring21"",""active"",16]",271.66595598052447,73.987339729614661
2051,127223541188007,"[""ring21"",""active"",17]",265.49871005662379,83.260527619205021
2052,214406591817547,"[""ring21"",""active"",18]",259.01506430259144,92.315320474799961
2053,29583187833191,"[""ring21"",""active"",19]",252.22274540159947,101.14092752863729
2054,212140445188074,"[""ring21"",""active"",20]",245.12984788844258,109.72683113800579
2055,152734073453297,"[""ring21"",""active"",21]",237.74482450312766,118.06279931931908
2056,63523999754764,"[""ring21"",""active"",22]",230.07647611758418,126.13889794176345
2057,135574700611258,"[""ring21"",""active"",23]",222.13394124749851,133.94550256598964
2058,183238173394401,"[""ring21"",""active"",24]",213.92668516177238,141.47330991373875
2059,165259471032153,"[""ring21"",""active"",25]",205.46448860258255,148.7133489547351
2060,257109685904341,"[""ring21"",""active"",26]",196.75743612948605,155.65699159763227
2061,277706360066451,"[""ring21"",""active"",27]",187.81590410145978,162.29596297227272
2062,238621239644679,"[""ring21"",""active"",28]",178.6505483111973,168.62235129100696
2063,25746603470639,"[""ring21"",""active"",29]",169.27229128639951,174.62861727732036
2064,2136767469297,"[""ring21"",""active"",30]",159.69230927319177,180.30760315053152
2065,266919169064262,"[""ring21"",""active"",31]",149.9220189171804,185.65254115585458
2066,187103468035798,"[""ring21"",""active"",32]",139.97306365802027,190.65706162966075
2067,108319536364705,"[""ring21"",""active"",33]",129.85729985370762,195.31520059032664
2068,151772599394285,"[""ring21"",""active"",34]",119.58678265113434,199.62140684562399
2069,252725651360732,"[""ring21"",""active"",35]",109.17375161974155,203.57054860818033
2070,81440726705628,"[""ring21"",""active"",36]",98.630616165393405,207.15791961112683
2071,82986948758250,"[""ring21"",""active"",37]",87.969940741853421,210.37924471664564
2072,257286547541682,"[""ring21"",""active"",38]",77.204429877487811,213.23068501073243
2073,76379606568897,"[""ring21"",""active"",39]",66.346913035038781,215.70884237810253
2074,192360787972710,"[""ring21"",""active"",40]",55.410329322511267,217.81076355178948
2075,108887979063300,"[""ring21"",""active"",41]",44.407712073393519,219.53394363260873
2076,9707543976464,"[""ring21"",""active"",42]",33.352173314587226,220.87632907429355
2077,235051967456065,"[""ring21"",""active"",43]",22.256888140557347,221.83632013074492
2078,248568575966378,"[""ring21"",""active"",44]",11.135079012322681,222.41277276247899
2079,56266112536894,"[""ring21"",""active"",45]",1.9753859031946652e-14,222.60500000000093
2080,72309401645807,"[""ring21"",""active"",46]",-11.135079012322642,222.41277276247905
2081,137706384511391,"[""ring21"",""active"",47]",-22.256888140557308,221.83632013074492
2082,97473119878354,"[""ring21"",""active"",48]",-33.352173314587191,220.87632907429355
2083,233950657086445,"[""ring21"",""active"",49]",-44.407712073393554,219.53394363260873
2084,51430324629691,"[""ring21"",""active"",50]",-55.410329322511231,217.81076355178948
2085,138958469651518,"[""ring21"",""active"",51]",-66.346913035038739,215.70884237810259
2086,229986469746932,"[""ring21"",""active"",52]",-77.204429877487783,213.23068501073243
2087,211600126175996,"[""ring21"",""active"",53]",-87.969940741853392,210.37924471664564
2088,19476505624503,"[""ring21"",""active"",54]",-98.630616165393292,207.15791961112683
2089,194052533287993,"[""ring21"",""active"",55]",-109.17375161974158,203.57054860818033
2090,148123392631972,"[""ring21"",""active"",56]",-119.58678265113431,199.62140684562399
2091,234270516919715,"[""ring21"",""active"",57]",-129.85729985370764,195.31520059032664
2092,170295456254668,"[""ring21"",""active"",58]",-139.97306365802021,190.65706162966075
2093,137666871444390,"[""ring21"",""active"",59]",-149.92201891718037,185.65254115585458
2094,257621263878560,"[""ring21"",""active"",60]",-159.69230927319171,180.30760315053152
2095,65731315052332,"[""ring21"",""active"",61]",-169.27229128639948,174.62861727732042
2096,75842427205242,"[""ring21"",""active"",62]",-178.65054831119718,168.62235129100708
2097,258035917648931,"[""ring21"",""active"",63]",-187.81590410145981,162.29596297227272
2098,138750280357757,"[""ring21"",""active"",64]",-196.757436129486,155.6569915976323
2099,163038539327807,"[""ring21"",""active"",65]",-205.46448860258255,148.71334895473507
2100,91528293230572,"[""ring21"",""active"",66]",-213.92668516177227,141.47330991373883
2101,164722565347743,"[""ring21"",""active"",67]",-222.13394124749848,133.9455025659897
2102,18741108580529,"[""ring21"",""active"",68]",-230.07647611758412,126.13889794176353
2103,22655680139135,"[""ring21"",""active"",69]",-237.7448245031276,118.06279931931914
2104,209251381934845,"[""ring21"",""active"",70]",-245.12984788844253,109.72683113800588
2105,166984755071973,"[""ring21"",""active"",71]",-252.22274540159944,101.14092752863732
2106,209168461923326,"[""ring21"",""active"",72]",-259.01506430259138,92.315320474800018
2107,269584347076417,"[""ring21"",""active"",73]",-265.49871005662379,83.26052761920505
2108,237349919418326,"[""ring21"",""active"",74]",-271.66595598052447,73.987339729614661
2109,112085597460893,"[""ring21"",""active"",75]",-277.5094524507781,64.506807839280356
2110,32976345520012,"[""ring21"",""active"",76]",-283.02223566221181,54.830230077217294
2111,38340988529189,"[""ring21"",""active"",77]",-288.19773592689234,44.969138204011585
2112,112378154584070,"[""ring21"",""active"",78]",-293.02978550334871,34.935283869201697
2113,37713005939272,"[""ring21"",""active"",79]",-297.51262594678519,24.740624606616748
2114,179362524907513,"[""ring21"",""active"",80]",-301.64091497152907,14.3973095843576
2115,45583933521727,"[""ring21"",""active"",81]",-305.40973281753395,3.9176651264024258
2116,105957831844094,"[""ring21"",""active"",82]",-308.81458811335006,-6.685819976905151
2117,18620821620625,"[""ring21"",""active"",83]",-311.851423228577,-17.400509351984866
2118,11570893606882,"[""ring21"",""active"",84]",-314.51661910941812,-28.213634101022947
2119,151715730149763,"[""ring21"",""active"",85]",-316.80699959157579,-39.112308018911612
2120,67124831314225,"[""ring21"",""active"",86]",-318.71983518534614,-50.083542949981165
2121,146694622823771,"[""ring21"",""active"",87]",-320.25284632840362,-61.114264266231245
2122,268067729821535,"[""ring21"",""active"",88]",-321.40420610239835,-72.191326448612699
2123,96104218061334,"[""ring21"",""active"",89]",-322.17254241012949,-83.301528752789608
2124,53633985212153,"[""ring21"",""active"",90]",-322.55693961069915,-94.431630940717156
2125,213288897384227,"[""ring21"",""active"",91]",-322.55693961069915,-105.56836905928276
2126,43220233038402,"[""ring21"",""active"",92]",-322.17254241012949,-116.69847124721032
2127,32670726667589,"[""ring21"",""active"",93]",-321.40420610239835,-127.80867355138736
2128,187312720519214,"[""ring21"",""active"",94]",-320.25284632840362,-138.88573573376868
2129,218406840157940,"[""ring21"",""active"",178]",320.25284632840362,-138.8857357337688
2130,163950773927867,"[""ring21"",""active"",179]",321.40420610239835,-127.80867355138761
2131,72644054738105,"[""ring21"",""active"",180]",322.17254241012949,-116.69847124721058
2132,141111763691219,"[""ring21"",""active"",181]",322.55693961069915,-105.56836905928289
2133,248891317023726,"[""ring22"",""active"",0]",333.66365777062867,-94.423761286675784
2134,126949921575202,"[""ring22"",""active"",1]",333.29099799383857,-83.277511807919907
2135,188080709345784,"[""ring22"",""active"",2]",332.54609465372971,-72.149939217017732
2136,4535292509343,"[""ring22"",""active"",3]",331.42977971238719,-61.053471594227219
2137,236865806856839,"[""ring22"",""active"",4]",329.94329995131443,-50.000502279521598
2138,9637334220706,"[""ring22"",""active"",5]",328.08831557893706,-39.003376030808326
2139,57533530488706,"[""ring22"",""active"",6]",325.8668983763618,-28.074375236407874
2140,125595745758452,"[""ring22"",""active"",7]",323.28152938346091,-17.225706197191613
2141,107845762377403,"[""ring22"",""active"",8]",320.33509612786713,-6.4694854936994517
2142,116355921716325,"[""ring22"",""active"",9]",317.03088939997298,4.1822735465361802
2143,193207473556417,"[""ring22"",""active"",10]",313.37259957753758,14.717674266346009
2144,33303182028197,"[""ring22"",""active"",11]",309.36431250400523,25.124949965973457
2145,224875896278474,"[""ring22"",""active"",12]",305.01050492513872,35.392477044978762
2146,228819173469228,"[""ring22"",""active"",13]",300.31603948906508,45.5087879843189
2147,66837460426742,"[""ring22"",""active"",14]",295.28615931531749,55.462584154104775
2148,59709388449451,"[""ring22"",""active"",15]",289.92648213893892,65.242748432730622
2149,194472066619383,"[""ring22"",""active"",16]",284.24299403618818,74.838357623282008
2150,52358747611243,"[""ring22"",""active"",17]",278.24204273885579,84.23869465335423
2151,231475696044089,"[""ring22"",""active"",18]",271.93033054465656,93.433260544656548
2152,118966798040174,"[""ring22"",""active"",19]",265.31490683161735,102.4117861390323
2153,9899031480923,"[""ring22"",""active"",20]",258.40316018482036,111.16424356780016
2154,141502903083873,"[""ring22"",""active"",21]",251.20281014429528,119.68085745160477
2155,172862148257048,"[""ring22"",""active"",22]",243.72189858327715,127.95211581826987
2156,106659757751851,"[""ring22"",""active"",23]",235.96878072645876,135.96878072645879
2157,221208546924957,"[""ring22"",""active"",24]",227.9521158182699,143.72189858327712
2158,195504718181077,"[""ring22"",""active"",25]",219.68085745160477,151.20281014429528
2159,10820651053037,"[""ring22"",""active"",26]",211.16424356780016,158.40316018482036
2160,237759111622489,"[""ring22"",""active"",27]",202.4117861390323,165.31490683161735
2161,139164730123232,"[""ring22"",""active"",28]",193.43326054465658,171.93033054465656
2162,92300581925034,"[""ring22"",""active"",29]",184.23869465335429,178.24204273885579
2163,122421230801569,"[""ring22"",""active"",30]",174.83835762328198,184.24299403618824
2164,53178161524911,"[""ring22"",""active"",31]",165.24274843273062,189.92648213893892
2165,63467716104247,"[""ring22"",""active"",32]",155.4625841541048,195.28615931531749
2166,167751271623566,"[""ring22"",""active"",33]",145.50878798431893,200.31603948906508
2167,182600265393067,"[""ring22"",""active"",34]",135.39247704497879,205.01050492513872
2168,101933987258619,"[""ring22"",""active"",35]",125.1249499659735,209.36431250400523
2169,54673075798481,"[""ring22"",""active"",36]",114.71767426634602,213.37259957753753
2170,74116476765210,"[""ring22"",""active"",37]",104.18227354653622,217.03088939997292
2171,195055049209871,"[""ring22"",""active"",38]",93.530514506300577,220.33509612786713
2172,262792545052223,"[""ring22"",""active"",39]",82.774293802808401,223.28152938346091
2173,220117885923027,"[""ring22"",""active"",40]",71.92562476359214,225.8668983763618
2174,183675946504112,"[""ring22"",""active"",41]",60.996623969191688,228.08831557893706
2175,141117461512258,"[""ring22"",""active"",42]",49.999497720478409,229.94329995131443
2176,126577995742743,"[""ring22"",""active"",43]",38.94652840577286,231.42977971238719
2177,218212375497753,"[""ring22"",""active"",44]",27.850060782982265,232.54609465372971
2178,270368623799371,"[""ring22"",""active"",45]",16.722488192080078,233.29099799383857
2179,122966240122593,"[""ring22"",""active"",46]",5.5762387133242752,233.66365777062867
2180,103981055132913,"[""ring22"",""active"",47]",-5.5762387133242344,233.66365777062867
2181,107948464922574,"[""ring22"",""active"",48]",-16.722488192080039,233.29099799383857
2182,255949345494494,"[""ring22"",""active"",49]",-27.850060782982297,232.54609465372971
2183,34877087260188,"[""ring22"",""active"",50]",-38.946528405772746,231.42977971238719
2184,97377047622373,"[""ring22"",""active"",51]",-49.999497720478359,229.94329995131443
2185,277411555592790,"[""ring22"",""active"",52]",-60.996623969191724,228.08831557893706
2186,220503518175765,"[""ring22"",""active"",53]",-71.925624763592097,225.8668983763618
2187,190787266779524,"[""ring22"",""active"",54]",-82.774293802808288,223.28152938346096
2188,265597356022259,"[""ring22"",""active"",55]",-93.530514506300534,220.33509612786713
2189,173042217884110,"[""ring22"",""active"",56]",-104.18227354653618,217.03088939997298
2190,132618413168491,"[""ring22"",""active"",57]",-114.71767426634598,213.37259957753758
2191,210371789318722,"[""ring22"",""active"",58]",-125.12494996597344,209.36431250400523
2192,160040212516831,"[""ring22"",""active"",59]",-135.3924770449787,205.01050492513872
2193,239005669868478,"[""ring22"",""active"",60]",-145.50878798431896,200.31603948906508
2194,110916036668362,"[""ring22"",""active"",61]",-155.46258415410477,195.28615931531749
2195,26137534605234,"[""ring22"",""active"",62]",-165.24274843273056,189.92648213893898
2196,166514487772148,"[""ring22"",""active"",63]",-174.83835762328201,184.24299403618818
2197,238280713318919,"[""ring22"",""active"",64]",-184.2386946533542,178.24204273885584
2198,87541064405727,"[""ring22"",""active"",65]",-193.43326054465655,171.93033054465656
2199,155478646514206,"[""ring22"",""active"",66]",-202.4117861390323,165.31490683161741
2200,108807271109195,"[""ring22"",""active"",67]",-211.16424356780007,158.40316018482042
2201,257725145122836,"[""ring22"",""active"",68]",-219.68085745160477,151.20281014429534
2202,139744908749103,"[""ring22"",""active"",69]",-227.95211581826979,143.72189858327721
2203,1822815595464,"[""ring22"",""active"",70]",-235.96878072645876,135.96878072645879
2204,147882436203894,"[""ring22"",""active"",71]",-243.72189858327715,127.95211581826987
2205,28008124705650,"[""ring22"",""active"",72]",-251.20281014429526,119.68085745160479
2206,45220370675439,"[""ring22"",""active"",73]",-258.40316018482036,111.16424356780013
2207,245567369293603,"[""ring22"",""active"",74]",-265.31490683161735,102.41178613903236
2208,249354784235887,"[""ring22"",""active"",75]",-271.93033054465656,93.433260544656605
2209,11203696527796,"[""ring22"",""active"",76]",-278.24204273885579,84.23869465335423
2210,214726477187220,"[""ring22"",""active"",77]",-284.24299403618812,74.838357623282036
2211,3948429331338,"[""ring22"",""active"",78]",-289.92648213893887,65.242748432730764
2212,141866094328854,"[""ring22"",""active"",79]",-295.28615931531749,55.462584154104832
2213,243387832627363,"[""ring22"",""active"",80]",-300.31603948906508,45.5087879843189
2214,43433197093668,"[""ring22"",""active"",81]",-305.01050492513872,35.392477044978818
2215,240005994730323,"[""ring22"",""active"",82]",-309.36431250400517,25.12494996597357
2216,115446878856569,"[""ring22"",""active"",83]",-313.37259957753764,14.717674266345895
2217,12876274420031,"[""ring22"",""active"",84]",-317.03088939997298,4.182273546536166
2218,190211983382022,"[""ring22"",""active"",85]",-320.33509612786713,-6.4694854936993949
2219,160199854541213,"[""ring22"",""active"",86]",-323.28152938346091,-17.225706197191499
2220,214684993885355,"[""ring22"",""active"",87]",-325.86689837636175,-28.074375236407704
2221,135546466267900,"[""ring22"",""active"",88]",-328.08831557893706,-39.003376030808361
2222,137899533294956,"[""ring22"",""active"",89]",-329.94329995131443,-50.000502279521577
2223,181725993873998,"[""ring22"",""active"",90]",-331.42977971238719,-61.053471594227119
2224,280224376721224,"[""ring22"",""active"",91]",-332.54609465372971,-72.149939217017717
2225,62053690289029,"[""ring22"",""active"",92]",-333.29099799383857,-83.277511807919822
2226,219470936722732,"[""ring22"",""active"",93]",-333.66365777062867,-94.423761286675784
2227,65789638350825,"[""ring22"",""active"",94]",-333.66365777062862,-105.57623871332429
2228,64202502398448,"[""ring22"",""active"",187]",333.66365777062862,-105.57623871332441
2229,220194722838767,"[""ring23"",""active"",3]",342.62510192039059,-61.195766026209462
2230,134268479235953,"[""ring23"",""active"",4]",341.19714387991496,-50.177936128264015
2231,271428968797052,"[""ring23"",""active"",5]",339.41497787169425,-39.211828152114855
2232,166344187023733,"[""ring23"",""active"",6]",337.28045402082864,-28.308826374828683
2233,196889059876116,"[""ring23"",""active"",7]",334.79578824667385,-17.48024956085338
2234,275712260490686,"[""ring23"",""active"",8]",331.96355996242323,-6.7373392116365096
2235,221062647073014,"[""ring23"",""active"",9]",328.78670939733354,3.9087521045465223
2236,233787263201833,"[""ring23"",""active"",10]",325.26853454437628,14.446972330440445
2237,19191759559274,"[""ring23"",""active"",11]",321.41268773648358,24.86638139331356
2238,101626627220455,"[""ring23"",""active"",12]",317.22317185494029,35.156162562207129
2239,182847117562454,"[""ring23"",""active"",13]",312.7043361738622,45.305633677138957
2240,149357216329356,"[""ring23"",""active"",14]",307.86087184507136,55.304258238604916
2241,260572544799711,"[""ring23"",""active"",15]",302.69780702805707,65.141656345865215
2242,175509771518871,"[""ring23"",""active"",16]",297.22050167007853,74.807615472660643
2243,278917884124648,"[""ring23"",""active"",17]",291.43464194182729,84.292101069171338
2244,198605637543972,"[""ring23"",""active"",18]",285.34623433442653,93.585266979213259
2245,242252960866190,"[""ring23"",""active"",19]",278.96159942389556,102.6774656618559
2246,16161931824324,"[""ring23"",""active"",20]",272.28736530955172,111.55925820685198
2247,229833085620917,"[""ring23"",""active"",21]",265.33046073316297,120.2214241334803
2248,17795509507080,"[""ring23"",""active"",22]",258.0981078859931,128.65497096262962
2249,242947255580395,"[""ring23"",""active"",23]",250.59781491120805,136.85114355218693
2250,170428988699174,"[""ring23"",""active"",24]",242.83736810942534,144.80143318603791
2251,106293823328493,"[""ring23"",""active"",25]",234.82482385549957,152.49758640724534
2252,111469565484485,"[""ring23"",""active"",26]",226.56850023493521,159.93161358623325
2253,76780221903879,"[""ring23"",""active"",27]",218.07696840860845,167.09579721508447
2254,25128352658261,"[""ring23"",""active"",28]",209.35904371476349,173.98269991933881
2255,134124510805259,"[""ring23"",""active"",29]",200.42377651752003,180.58517217897656
2256,229840037737798,"[""ring23"",""active"",30]",191.28044281139324,186.89635975056922
2257,106613257445133,"[""ring23"",""active"",31]",181.93853459157879,192.90971078289573
2258,207198314463800,"[""ring23"",""active"",32]",172.40775000000056,198.61898261863399
2259,166065304027098,"[""ring23"",""active"",33]",162.69798325735101,204.01824827506897
2260,265405380967139,"[""ring23"",""active"",34]",152.81931439157569,209.1019025970877
2261,45186216161021,"[""ring23"",""active"",35]",142.78199877346444,213.86466807607565
2262,4460143286361,"[""ring23"",""active"",36]",132.59645647021446,218.30160032867138
2263,37371492208123,"[""ring23"",""active"",37]",122.2732614280158,222.40809322969363
2264,26524453641855,"[""ring23"",""active"",38]",111.82313049489073,226.17988369391111
2265,43334649312220,"[""ring23"",""active"",39]",101.25691229518108,229.61305610169137
2266,196867025681636,"[""ring23"",""active"",40]",90.585575967235158,232.70404636393442
2267,132559118074572,"[""ring23"",""active"",41]",79.820199775984648,235.44964562207048
2268,38204869768324,"[""ring23"",""active"",42]",68.971959612233874,237.84700357928159
2269,182710248943602,"[""ring23"",""active"",43]",58.052117390599982,239.89363145948869
2270,220362098886556,"[""ring23"",""active"",44]",47.072009358149451,241.58740459103149
2271,92680825303001,"[""ring23"",""active"",45]",36.043034325867673,242.92656461235993
2272,198407378591608,"[""ring23"",""active"",46]",24.976641835178338,243.90972129744739
2273,92836036995502,"[""ring23"",""active"",47]",13.884320271798114,244.53585399902994
2274,104822327260968,"[""ring23"",""active"",48]",2.7775849392665894,244.80431270817348
2275,117623883448496,"[""ring23"",""active"",49]",-8.3320338954696016,244.71481872906986
2276,276270131586084,"[""ring23"",""active"",50]",-19.433002972005113,244.26746496835972
2277,209741499560634,"[""ring23"",""active"",51]",-30.51379800953308,243.46271583868338
2278,143961677220138,"[""ring23"",""active"",52]",-41.562915670579493,242.30140677655857
2279,182942892498471,"[""ring23"",""active"",53]",-52.568885502995663,240.78474337508669
2280,16215891065952,"[""ring23"",""active"",54]",-63.520281847811901,238.91430013238636
2281,278744439925560,"[""ring23"",""active"",55]",-74.405735700589645,236.6920188170559
2282,273808916878422,"[""ring23"",""active"",56]",-85.213946513957964,234.12020645235907
2283,56800991338401,"[""ring23"",""active"",57]",-95.933693929083873,231.20153292122848
2284,169617879114393,"[""ring23"",""active"",58]",-106.55384942389499,227.93902819457259
2285,121930626409342,"[""ring23"",""active"",59]",-117.06338786596451,224.33607918576297
2286,120678061666484,"[""ring23"",""active"",60]",-127.45139895806324,220.39642623456854
2287,247016266106142,"[""ring23"",""active"",61]",-137.70709856449753,216.12415922418597
2288,242738715196904,"[""ring23"",""active"",62]",-147.81983990647518,211.5237133353973
2289,180753170342963,"[""ring23"",""active"",63]",-157.77912461487676,206.5998644422628
2290,258950298849356,"[""ring23"",""active"",64]",-167.57461362895634,201.35772415413004
2291,134326307652931,"[""ring23"",""active"",65]",-177.19613792966175,195.80273450910329
2292,189743711453430,"[""ring23"",""active"",66]",-186.63370909642643,189.94066232448529
2293,56977596792422,"[""ring23"",""active"",67]",-195.87752967647742,183.77759321005499
2294,90851163978647,"[""ring23"",""active"",68]",-204.91800335589303,177.3199252503955
2295,42533723503559,"[""ring23"",""active"",69]",-213.74574492185167,170.57436236283263
2296,191561531231348,"[""ring23"",""active"",70]",-222.35159000572963,163.54790733787786
2297,275829676214121,"[""ring23"",""active"",71]",-230.72660459693358,156.24785456940123
2298,112753908648638,"[""ring23"",""active"",72]",-238.86209431758999,148.68178248208184
2299,163518635563795,"[""ring23"",""active"",73]",-246.74961344846525,140.85754566399558
2300,161254553905642,"[""ring23"",""active"",74]",-254.38097369674378,132.78326671250937
2301,50216016787134,"[""ring23"",""active"",75]",-261.74825269656429,124.46732780194597
2302,84337015256086,"[""ring23"",""active"",76]",-268.84380223348791,115.91836198177299
2303,71043794003371,"[""ring23"",""active"",77]",-275.66025618436072,107.14524421435155
2304,25814073397310,"[""ring23"",""active"",78]",-282.19053816432904,98.157082161544508
2305,178402572748525,"[""ring23"",""active"",79]",-288.42786887306625,88.963206729754802
2306,161556804407975,"[""ring23"",""active"",80]",-294.36577313258749,79.573162383204618
2307,253075921294888,"[""ring23"",""active"",81]",-299.99808660934502,69.996697235512897
2308,17096158131307,"[""ring23"",""active"",82]",-305.31896221362524,60.243752929858744
2309,79026160185063,"[""ring23"",""active"",83]",-310.3228761696048,50.324454318234103
2310,234648491051599,"[""ring23"",""active"",84]",-315.00463374976323,40.249098950503964
2311,227640016890489,"[""ring23"",""active"",85]",-319.3593746677011,30.028146384179564
2312,60134588103136,"[""ring23"",""active"",86]",-323.38257812376281,19.672207326008518
2313,54066675428387,"[""ring23"",""active"",87]",-327.07006749822693,9.1920326166521278
2314,215062225886995,"[""ring23"",""active"",88]",-330.41801468719274,-1.4014979301164487
2315,27008675482069,"[""ring23"",""active"",89]",-333.42294407666043,-12.097386822103516
2316,132148686453985,"[""ring23"",""active"",90]",-336.08173615068063,-22.884530305553923
2317,116569950576801,"[""ring23"",""active"",91]",-338.39163072982598,-33.751729892322089
2318,208140476949541,"[""ring23"",""active"",92]",-340.35022983662429,-44.687703985390705
2319,202203283028054,"[""ring23"",""active"",93]",-341.95550018497789,-55.681099590667515
2320,78973142041782,"[""ring23"",""active"",94]",-343.20577529098443,-66.720504102900918
2321,192914685540375,"[""ring24"",""active"",6]",348.59886384416654,-28.177911426083227
2322,96228037516158,"[""ring24"",""active"",7]",346.18379234538753,-17.317703237459028
2323,208395666756946,"[""ring24"",""active"",8]",343.43046992542412,-6.5382826641535701
2324,230100286776277,"[""ring24"",""active"",9]",340.34158681375976,4.149817885848222
2325,135094869894544,"[""ring24"",""active"",10]",336.92016111112883,14.73615523196807
2326,200592178686057,"[""ring24"",""active"",11]",333.16953584057671,25.210385624907204
2327,128462026756062,"[""ring24"",""active"",12]",329.09337568104218,35.562274853366802
2328,200277070210553,"[""ring24"",""active"",13]",324.69566338665561,45.781708243740042
2329,219323826949666,"[""ring24"",""active"",14]",319.98069589525056,55.858700543006165
2330,169908568020246,"[""ring24"",""active"",15]",314.95308012989108,65.783405675169178
2331,191613220790577,"[""ring24"",""active"",16]",309.61772849751696,75.54612636170927
2332,226070041896337,"[""ring24"",""active"",17]",303.97985408910586,85.137323596645984
2333,199844792966767,"[""ring24"",""active"",18]",298.04496558604137,94.547625966956275
2334,262575420507553,"[""ring24"",""active"",19]",291.81886187766395,103.76783880923944
2335,38027884145492,"[""ring24"",""active"",20]",285.30762639526455,112.78895319368311
2336,73701012990134,"[""ring24"",""active"",21]",278.517621168056,121.60215472655165
2337,74521510415387,"[""ring24"",""active"",22]",271.45548060693159,130.19883216259609
2338,148584988045990,"[""ring24"",""active"",23]",264.12810502208237,138.57058581897124
2339,240627842932181,"[""ring24"",""active"",24]",256.5426538808095,146.70923578243784
2340,193773095316661,"[""ring24"",""active"",25]",248.70653881211695,154.60682990183176
2341,222980411534294,"[""ring24"",""active"",26]",240.62741636492225,162.25565155798955
2342,141561099459772,"[""ring24"",""active"",27]",232.31318052695838,169.64822720354044
2343,196536086807655,"[""ring24"",""active"",28]",223.77195501167844,176.77733366519499
2344,197827550994298,"[""ring24"",""active"",29]",215.01208532069876,183.63600520139869
2345,248074285415363,"[""ring24"",""active"",30]",206.04213058953633,190.21754030845165
2346,60940640924950,"[""ring24"",""active"",31]",196.8708552246072,196.5155082684463
2347,252416097513859,"[""ring24"",""active"",32]",187.50722033965863,202.52375543262389
2348,74342450093514,"[""ring24"",""active"",33]",177.9603750000006,208.2364112340112
2349,20225666753970,"[""ring24"",""active"",34]",168.23964728309357,213.6478939234625
2350,151155694842940,"[""ring24"",""active"",35]",158.35453516422567,218.75291602350137
2351,162328731185936,"[""ring24"",""active"",36]",148.31469723618534,223.54648949463507
2352,166959468841107,"[""ring24"",""active"",37]",138.12994327199706,228.02393060909168
2353,5850206264174,"[""ring24"",""active"",38]",127.81022463994158,232.18086452721951
2354,98472940468487,"[""ring24"",""active"",39]",117.36562458022499,236.01322957207651
2355,19701828127026,"[""ring24"",""active"",40]",106.80634835279791,239.51728119803283
2356,221181631788393,"[""ring24"",""active"",41]",96.142713265951201,242.68959564950961
2357,182196156155851,"[""ring24"",""active"",42]",85.385138595431314,245.5270733062784
2358,210384393170808,"[""ring24"",""active"",43]",74.544135403923491,248.02694171205314
2359,52054821784230,"[""ring24"",""active"",44]",63.630296270852668,250.18675828341486
2360,137073483869227,"[""ring24"",""active"",45]",52.654284942535533,252.00441269642283
2361,236363147489794,"[""ring24"",""active"",46]",41.626825912795248,253.47812894858026
2362,185063562080671,"[""ring24"",""active"",47]",30.558693944222039,254.60646709413902
2363,125335396341710,"[""ring24"",""active"",48]",19.460703540316633,255.38832465104878
2364,47660881120559,"[""ring24"",""active"",49]",8.3436983788026513,255.82293767817566
2365,195681711238749,"[""ring24"",""active"",50]",-2.7814592835651104,255.90988152173747
2366,146364132776263,"[""ring24"",""active"",51]",-13.903899224347674,255.64907123022618
2367,242006095312795,"[""ring24"",""active"",52]",-25.012753876550509,255.04076163741314
2368,24568865142898,"[""ring24"",""active"",53]",-36.09716894715757,254.08554711335461
2369,235637730874526,"[""ring24"",""active"",54]",-47.146314022696977,252.78436098364188
2370,43717075562995,"[""ring24"",""active"",55]",-58.149393151472786,251.13847461746309
2371,92826395622882,"[""ring24"",""active"",56]",-69.095655392125181,249.14949618536758
2372,100771691659703,"[""ring24"",""active"",57]",-79.974405318212419,246.81936908794694
2373,148853577847673,"[""ring24"",""active"",58]",-90.775013468548579,244.15037005696814
2374,115338910477986,"[""ring24"",""active"",59]",-101.48692673308938,241.14510693081303
2375,91085862702413,"[""ring24"",""active"",60]",-112.09967866421532,237.80651610639922
2376,180430180510315,"[""ring24"",""active"",61]",-122.60289970333787,234.1378596700718
2377,242310311901251,"[""ring24"",""active"",62]",-132.9863273128386,230.14272221026755
2378,174985283718676,"[""ring24"",""active"",63]",-143.23981600343814,225.82500731506855
2379,177304213362875,"[""ring24"",""active"",64]",-153.35334724719937,221.18893375806584
2380,280885304589792,"[""ring24"",""active"",65]",-163.31703926647916,216.23903137625916
2381,181707612634253,"[""ring24"",""active"",66]",-173.1211566892627,210.98013664402276
2382,272292974374781,"[""ring24"",""active"",67]",-182.7561200614482,205.41738794745925
2383,197742970690053,"[""ring24"",""active"",68]",-192.21251520678499,199.5562205637612
2384,225338406389378,"[""ring24"",""active"",69]",-201.48110242532258,193.402361350484
2385,23481573933285,"[""ring24"",""active"",70]",-210.55282552138075,186.96182314992058
2386,27281225297101,"[""ring24"",""active"",71]",-219.4188206522214,180.24089891404429
2387,184672686012349,"[""ring24"",""active"",72]",-228.07042498877303,173.24615555576213
2388,29410985394741,"[""ring24"",""active"",73]",-236.49918517995121,165.98442753248253
2389,124396721192526,"[""ring24"",""active"",74]",-244.6968656122981,158.46281016827209
2390,247916299868933,"[""ring24"",""active"",75]",-252.65545645687556,150.68865272112171
2391,182331503111437,"[""ring24"",""active"",76]",-260.36718149554736,142.66955120209869
2392,21638397362788,"[""ring24"",""active"",77]",-267.82450571900358,134.41334095339951
2393,147190922257799,"[""ring24"",""active"",78]",-275.02014268910386,125.9280889925559
2394,23146289602364,"[""ring24"",""active"",79]",-281.94706165834509,117.22208613027513
2395,195455105059769,"[""ring24"",""active"",80]",-288.59849443949804,108.30383886961454
2396,198527060137764,"[""ring24"",""active"",81]",-294.96794201870006,99.182061094407061
2397,175805957113319,"[""ring24"",""active"",82]",-301.04918090554327,89.865665555057035
2398,17432766208722,"[""ring24"",""active"",83]",-306.83626921395188,80.363755160028091
2399,23678890064662,"[""ring24"",""active"",84]",-312.32355246790854,70.685614081529707
2400,279629312343357,"[""ring24"",""active"",85]",-317.50566912635793,60.840698684092473
2401,266730345901673,"[""ring24"",""active"",86]",-322.37755582188589,50.83862828489967
2402,114338272762924,"[""ring24"",""active"",87]",-326.93445230805969,40.689175754897263
2403,166667645614654,"[""ring24"",""active"",88]",-331.17190611059158,30.40225796987113
2404,187723163166264,"[""ring24"",""active"",89]",-335.08577687778427,19.987926120818798
2405,266468783516630,"[""ring24"",""active"",90]",-338.67224042600583,9.456355893081934
2406,238383824103992,"[""ring24"",""active"",91]",-341.92779247624071,-1.1821624761594478
2407,129327095540832,"[""ring24"",""active"",92]",-344.84925207806816,-11.917234252322018
2408,42302247164619,"[""ring24"",""active"",93]",-347.43376471772012,-22.738370359956818
2409,217912556925956,"[""ring25"",""active"",10]",348.54246012858971,15.005383193619764
2410,214659753226207,"[""ring25"",""active"",11]",344.89162383656998,25.5302851242473
2411,159820747092544,"[""ring25"",""active"",12]",340.92305013663548,35.939540096081004
2412,36976827030677,"[""ring25"",""active"",13]",336.64039514634152,46.223558401907098
2413,272937841470374,"[""ring25"",""active"",14]",332.04760433609545,56.372865710968881
2414,15190746443490,"[""ring25"",""active"",15]",327.1489088943236,66.378111797358798
2415,127312912924213,"[""ring25"",""active"",16]",321.94882182941564,76.230079154076549
2416,124754183062825,"[""ring25"",""active"",17]",316.45213381203644,85.919691484817946
2417,76964437138499,"[""ring25"",""active"",18]",310.66390876163791,95.438022065670651
2418,162660184732723,"[""ring25"",""active"",19]",304.58947918123522,104.7763019690139
2419,240057048377566,"[""ring25"",""active"",20]",298.23444124474503,113.92592814204556
2420,53890821004426,"[""ring25"",""active"",21]",291.60464964141335,122.87847133249423
2421,126757585051374,"[""ring25"",""active"",22]",284.70621218208129,131.62568385421463
2422,171248947633630,"[""ring25"",""active"",23]",277.545484172258,140.15950718551153
2423,26451376693814,"[""ring25"",""active"",24]",270.12906255718462,148.47207939319361
2424,228454111711432,"[""ring25"",""active"",25]",262.4637798442842,156.55574237551576
2425,156775336642785,"[""ring25"",""active"",26]",254.55669780859492,164.40304891733865
2426,67777379234803,"[""ring25"",""active"",27]",246.4151009869874,172.00676955100528
2427,47993321589188,"[""ring25"",""active"",28]",238.04648996715827,179.3598992166136
2428,125710786495711,"[""ring25"",""active"",29]",229.45857447758297,186.4556637155502
2429,82504666956167,"[""ring25"",""active"",30]",220.65926628479477,193.28752595133824
2430,88988495367815,"[""ring25"",""active"",31]",211.65667190453189,199.84919195205146
2431,118336863109641,"[""ring25"",""active"",32]",202.4590851334691,206.13461666874525
2432,33071995459555,"[""ring25"",""active"",33]",193.07497940841276,212.13800954456326
2433,230431841370738,"[""ring25"",""active"",34]",183.51300000000063,217.85383984938841
2434,179199003408098,"[""ring25"",""active"",35]",173.78195604809497,223.27684177512447
2435,162669639183760,"[""ring25"",""active"",36]",163.89081244620999,228.40201928691317
2436,210291710557967,"[""ring25"",""active"",37]",153.84868158244709,233.22465072581844
2437,244632226173872,"[""ring25"",""active"",38]",143.66481494454942,237.74029315873651
2438,36510009265828,"[""ring25"",""active"",39]",133.34859459680729,241.94478647152556
2439,222353969637681,"[""ring25"",""active"",40]",122.90952453666881,245.83425720158328
2440,193373059910139,"[""ring25"",""active"",41]",112.35722193901637,249.40512210634159
2441,253352043236311,"[""ring25"",""active"",42]",101.70140829617749,252.65409146439106
2442,266255656553962,"[""ring25"",""active"",43]",90.951900461830476,255.57817210619407
2443,173683184817233,"[""ring25"",""active"",44]",80.118601607057258,258.17467017159453
2444,51005463727040,"[""ring25"",""active"",45]",69.211492096875432,260.44119359158304
2445,140989840786449,"[""ring25"",""active"",46]",58.240620295652327,262.37565429203232
2446,2255754440157,"[""ring25"",""active"",47]",47.216093309875127,263.97627011737188
2447,120286578660717,"[""ring25"",""active"",48]",36.148067676803393,265.2415664724295
2448,175793760023825,"[""ring25"",""active"",49]",25.046740007581821,266.17037768092803
2449,49137254083481,"[""ring25"",""active"",50]",13.922337593435554,266.76184805938482
2450,74374311193287,"[""ring25"",""active"",51]",2.7851089835996286,267.01543270542498
2451,276790812181886,"[""ring25"",""active"",52]",-8.3546854563350994,266.93089799978225
2452,83644482308735,"[""ring25"",""active"",53]",-19.486782996961679,266.50832182152453
2453,163175264289921,"[""ring25"",""active"",54]",-30.600927999776019,265.74809347630702
2454,205539540028178,"[""ring25"",""active"",55]",-41.6868813653617,264.65091333771693
2455,127466556638726,"[""ring25"",""active"",56]",-52.734429966338247,263.21779220204269
2456,221865701010109,"[""ring25"",""active"",57]",-63.733396056382972,261.45005035705987
2457,256100426937860,"[""ring25"",""active"",58]",-74.673646646656152,259.34931636569343
2458,122509725981241,"[""ring25"",""active"",59]",-85.545102840993948,256.91752556567553
2459,4993059664279,"[""ring25"",""active"",60]",-96.337749121266171,254.1569182865822
2460,125920944004859,"[""ring25"",""active"",61]",-107.04164257434692,251.07003778589058
2461,147317463386880,"[""ring25"",""active"",62]",-117.64692205219637,247.65972790595879
2462,260379782544562,"[""ring25"",""active"",63]",-128.1438172566148,243.9291304540867
2463,168476051491059,"[""ring25"",""active"",64]",-138.52265774029948,239.88168230807133
2464,10616337233747,"[""ring25"",""active"",65]",-148.77388181591306,235.52111224992331
2465,154401146165217,"[""ring25"",""active"",66]",-158.88804536495383,230.85143753066154
2466,45326395321126,"[""ring25"",""active"",67]",-168.85583053831439,225.87696016935126
2467,49507025687669,"[""ring25"",""active"",68]",-178.6680543405123,220.60226298979336
2468,259499417272873,"[""ring25"",""active"",69]",-188.3156770896843,215.03220539851895
2469,127792590929921,"[""ring25"",""active"",70]",-197.78981074555051,209.17191890797613
2470,85960775799929,"[""ring25"",""active"",71]",-207.08172709767626,203.02680240903516
2471,237889203989733,"[""ring25"",""active"",72]",-216.18286580648714,196.60251719716615
2472,80749341375228,"[""ring25"",""active"",73]",-225.08484228963206,189.90498175687208
2473,160382129159043,"[""ring25"",""active"",74]",-233.7794554464239,182.94036630918248
2474,98524383104815,"[""ring25"",""active"",75]",-242.25869521324779,175.71508712722925
2475,138073781285841,"[""ring25"",""active"",76]",-250.5147499429705,168.23580062514372
2476,225364036224745,"[""ring25"",""active"",77]",-258.54001360155667,160.50939722571968
2477,213444848349963,"[""ring25"",""active"",78]",-266.32709277525976,152.54299501249099
2478,197248888657997,"[""ring25"",""active"",79]",-273.8688134819335,144.34393317207369
2479,234520780815631,"[""ring25"",""active"",80]",-281.15822778018691,135.91976523281261
2480,40120386119221,"[""ring25"",""active"",81]",-288.1886201702971,127.27825210596177
2481,199026175465389,"[""ring25"",""active"",82]",-294.95351378097968,118.42735493580997
2482,20015047127374,"[""ring25"",""active"",83]",-301.44667633631934,109.37522776533814
2483,188989257811585,"[""ring25"",""active"",84]",-307.66212589736193,100.13021002416582
2484,249021662386971,"[""ring25"",""active"",85]",-313.59413637308046,90.700818845705783
2485,125191338361466,"[""ring25"",""active"",86]",-319.23724279563589,81.095741220607209
2486,185268576267862,"[""ring25"",""active"",87]",-324.58624635507334,71.323825993714337
2487,265801837768575,"[""ring25"",""active"",88]",-329.63621918881705,61.394075711914041
2488,1368220397124,"[""ring25"",""active"",89]",-334.38250892154832,51.315638330383877
2489,22740304563259,"[""ring25"",""active"",90]",-338.82074295128842,41.097798784877597
2490,234205588149702,"[""ring25"",""active"",91]",-342.94683247773355,30.749970437817751
2491,134333762627473,"[""ring25"",""active"",92]",-346.75697626913342,20.281686406071557
2492,104612827946385,"[""ring26"",""active"",14]",344.06551679949405,56.850764665208203
2493,200932504342819,"[""ring26"",""active"",15]",339.28963631215032,66.930479295221033
2494,82428846403879,"[""ring26"",""active"",16]",334.21854000149608,76.864947759107508
2495,266224252141787,"[""ring26"",""active"",17]",328.85664022709739,86.645526078470226
2496,138800353520368,"[""ring26"",""active"",18]",323.2086023765375,96.263704174686239
2497,258833917467677,"[""ring26"",""active"",19]",317.27934080606462,105.71111327352384
2498,205143954475654,"[""ring26"",""active"",20]",311.07401456461167,114.97953318681115
2499,191425975500816,"[""ring26"",""active"",21]",304.59802290490904,124.06089946481953
2500,132867709972771,"[""ring26"",""active"",22]",297.8570005855965,132.94731041313926
2501,119997441145645,"[""ring26"",""active"",23]",290.85681296842091,141.63103396794151
2502,96286015332634,"[""ring26"",""active"",24]",283.60355091478669,150.10451442364538
2503,188165463825796,"[""ring26"",""active"",25]",276.10352548609893,158.36037900713529
2504,57847421334900,"[""ring26"",""active"",26]",268.3632624525103,166.39144429280861
2505,236085594169207,"[""ring26"",""active"",27]",260.38949661485037,174.19072245287276
2506,255187241147926,"[""ring26"",""active"",28]",252.18916594467717,181.75142733745213
2507,239632297238098,"[""ring26"",""active"",29]",243.76940554754978,189.06698037921535
2508,1345173829075,"[""ring26"",""active"",30]",235.13754145477512,196.13101631738505
2509,40334484534805,"[""ring26"",""active"",31]",226.30108424902983,202.93738873614956
2510,7870127271612,"[""ring26"",""active"",32]",217.26772252940432,209.4801754126575
2511,172889424647471,"[""ring26"",""active"",33]",208.04531622155474,215.7536834699427
2512,80821069530537,"[""ring26"",""active"",34]",198.64188973878376,221.75245433029465
2513,234719118302147,"[""ring26"",""active"",35]",189.06562500000061,227.47126846476561
2514,52045198113719,"[""ring26"",""active"",36]",179.32485431063577,232.90514993468139
2515,183157162850742,"[""ring26"",""active"",37]",169.42805311270362,238.04937072120447
2516,136144764463232,"[""ring26"",""active"",38]",159.38383261032345,242.89945483918149
2517,205695171795823,"[""ring26"",""active"",39]",149.20093227711246,247.45118223169703
2518,127306246615159,"[""ring26"",""active"",40]",138.88821225197208,251.70059244194431
2519,223806985894447,"[""ring26"",""active"",41]",128.45464562988346,255.64398805921707
2520,244354508444845,"[""ring26"",""active"",42]",117.90931065442034,259.27793793602586
2521,120112043799369,"[""ring26"",""active"",43]",107.26138281877093,262.59928017353889
2522,123297861072270,"[""ring26"",""active"",44]",96.520126882144211,265.60512487274877
2523,259328716769589,"[""ring26"",""active"",45]",85.69488880850551,268.2928566489735
2524,5540729977930,"[""ring26"",""active"",46]",74.795087634655175,270.66013690750145
2525,128817495286612,"[""ring26"",""active"",47]",63.830207274727506,272.70490587840237
2526,12621325375734,"[""ring26"",""active"",48]",52.809788268239679,274.42538440873255
2527,178940822042277,"[""ring26"",""active"",49]",41.743419478870351,275.82007551057535
2528,23952590042241,"[""ring26"",""active"",50]",30.64072975119247,276.88776566356972
2529,265132272943637,"[""ring26"",""active"",51]",19.511379532617628,277.62752587079456
2530,43170172059622,"[""ring26"",""active"",52]",8.3650524678435314,278.03871246708809
2531,108109023426078,"[""ring26"",""active"",53]",-2.7885530268824619,278.120967679101
2532,212762680432467,"[""ring26"",""active"",54]",-13.93973220235325,277.87421993659495
2533,94350295489601,"[""ring26"",""active"",55]",-25.078782420501472,277.29868393471583
2534,22781247148274,"[""ring26"",""active"",56]",-36.19601159666211,276.39486044718751
2535,278475121399491,"[""ring26"",""active"",57]",-47.281746632653345,275.16353589058872
2536,180306898735464,"[""ring26"",""active"",58]",-58.326341833336144,273.60578164009229
2537,165528706291514,"[""ring26"",""active"",59]",-69.32018729933155,271.72295309726172
2538,169032926491513,"[""ring26"",""active"",60]",-80.253717288591474,269.51668851071702
2539,228567730717014,"[""ring26"",""active"",61]",-91.117418539547941,266.98890755069465
2540,152993005518245,"[""ring26"",""active"",62]",-101.90183854860014,264.14180963874293
2541,227255859649199,"[""ring26"",""active"",63]",-112.59759379473492,260.97787203400617
2542,175780829443969,"[""ring26"",""active"",64]",-123.19537790412581,257.49984767776209
2543,256210454338346,"[""ring26"",""active"",65]",-133.68596974760695,253.71076279808813
2544,225598712263367,"[""ring26"",""active"",66]",-144.06024146397459,249.61391427674158
2545,161779759005630,"[""ring26"",""active"",67]",-154.30916640213715,245.21286678054315
2546,45236188503151,"[""ring26"",""active"",68]",-164.42382697520185,240.51144965976158
2547,9399744318143,"[""ring26"",""active"",69]",-174.39542241966438,235.51375361619722
2548,102463380670853,"[""ring26"",""active"",70]",-184.21527645295149,230.22412714386292
2549,53989245944009,"[""ring26"",""active"",71]",-193.87484482265188,224.64717274536076
2550,15520135910018,"[""ring26"",""active"",72]",-203.36572274086765,218.7877429272462
2551,190389931305045,"[""ring26"",""active"",73]",-212.67965219721864,212.65093597786262
2552,43654941741493,"[""ring26"",""active"",74]",-221.80852914413484,206.24209153132256
2553,161790738443597,"[""ring26"",""active"",75]",-230.74441054818584,199.56678592149314
2554,78456227931250,"[""ring26"",""active"",76]",-239.47952130131267,192.6308273300296
2555,238780504941595,"[""ring26"",""active"",77]",-248.00626098594634,185.44025073267812
2556,24818322259541,"[""ring26"",""active"",78]",-256.31721048813006,178.00131264824472
2557,92380224551111,"[""ring26"",""active"",79]",-264.40513845288842,170.32048569479963
2558,56184222294224,"[""ring26"",""active"",80]",-272.2630075762263,162.40445295785509
2559,229405355343748,"[""ring26"",""active"",81]",-279.88398072828659,154.26010217541318
2560,111842868641338,"[""ring26"",""active"",82]",-287.26142690233416,145.89451974494753
2561,260718126378352,"[""ring26"",""active"",83]",-294.38892698439361,137.31498455753027
2562,273468059108916,"[""ring26"",""active"",84]",-301.26027933851816,128.5289616644715
2563,154738915777416,"[""ring26"",""active"",85]",-307.86950520283187,119.54409578197937
2564,105774334905290,"[""ring26"",""active"",86]",-314.21085389164881,110.36820463949485
2565,110339010584513,"[""ring26"",""active"",87]",-320.27880779914273,101.00927217748753
2566,143116563531091,"[""ring26"",""active"",88]",-326.0680872002149,91.475441600630688
2567,14961399380175,"[""ring26"",""active"",89]",-331.573654844381,81.77500829240185
2568,148747424637330,"[""ring26"",""active"",90]",-336.79072033868221,71.91641259727075
2569,275674367064958,"[""ring26"",""active"",91]",-341.71474431580407,61.908232476758627
2570,200624366617300,"[""ring27"",""active"",18]",336.158501089303,96.220577610107199
2571,192084504981217,"[""ring27"",""active"",19]",330.41812846069098,105.73991668313988
2572,246150820523017,"[""ring27"",""active"",20]",324.40826206711387,115.09145132907031
2573,235101832391724,"[""ring27"",""active"",21]",318.1338036418054,124.26755430210636
2574,103809022570566,"[""ring27"",""active"",22]",311.59987072305586,133.26074144104467
2575,214342823463272,"[""ring27"",""active"",23]",304.81179248027399,142.06367777345991
2576,234880993423873,"[""ring27"",""active"",24]",297.77510536744018,150.6691834982133
2577,34340772915009,"[""ring27"",""active"",25]",290.49554860749527,159.07023984140164
2578,234774690754127,"[""ring27"",""active"",26]",282.97905951134788,167.25999478096992
2579,247723715801915,"[""ring27"",""active"",27]",275.23176863531859,175.23176863531859
2580,150984949967478,"[""ring27"",""active"",28]",267.25999478096992,182.97905951134788
2581,123852879436854,"[""ring27"",""active"",29]",259.0702398414017,190.49554860749527
2582,268432866567497,"[""ring27"",""active"",30]",250.6691834982133,197.77510536744018
2583,56858344578232,"[""ring27"",""active"",31]",242.06367777345991,204.81179248027399
2584,245355746991140,"[""ring27"",""active"",32]",233.26074144104476,211.59987072305586
2585,75733301734597,"[""ring27"",""active"",33]",224.26755430210639,218.1338036418054
2586,154829979102371,"[""ring27"",""active"",34]",215.09145132907031,224.40826206711387
2587,19822523146194,"[""ring27"",""active"",35]",205.73991668313994,230.41812846069098
2588,254073475126406,"[""ring27"",""active"",36]",196.22057761010728,236.158501089303
2589,194937274182894,"[""ring27"",""active"",37]",186.54119821946205,241.62469802269629
2590,106901706976003,"[""ring27"",""active"",38]",176.70967315187272,246.81226095224679
2591,153609176206390,"[""ring27"",""active"",39]",166.73402114020408,251.71695882722094
2592,193882877176841,"[""ring27"",""active"",40]",156.62237846932379,256.3347913056806
2593,99205272389929,"[""ring27"",""active"",41]",146.38299234003171,260.66199201721997
2594,131687885082017,"[""ring27"",""active"",42]",136.02421414252495,264.69503163487099
2595,280656371384859,"[""ring27"",""active"",43]",125.55449264488368,268.43062075367311
2596,6433185154926,"[""ring27"",""active"",44]",114.98236710213504,271.86571257355916
2597,17702591530861,"[""ring27"",""active"",45]",104.31646029151442,274.99750538436911
2598,207703751107717,"[""ring27"",""active"",46]",93.565471479604227,277.8234448509653
2599,124822604665979,"[""ring27"",""active"",47]",82.738169327087462,280.34122609658453
2600,251869692717977,"[""ring27"",""active"",48]",71.843384736902635,282.54879558272881
2601,31018589125576,"[""ring27"",""active"",49]",60.890003651631964,284.44435278406064
2602,63111848319567,"[""ring27"",""active"",50]",49.886959806000043,286.02635165693755
2603,254144875854036,"[""ring27"",""active"",51]",38.843227440390578,287.29350190038713
2604,59196330464688,"[""ring27"",""active"",52]",27.7678139813281,288.24477000849527
2605,98638683206714,"[""ring27"",""active"",53]",16.669752694891521,288.87938011334847
2606,130197156033417,"[""ring27"",""active"",54]",5.5580953190523639,289.19681461784262
2607,100247184737288,"[""ring27"",""active"",55]",-5.5580953190523159,289.19681461784262
2608,108335536169590,"[""ring27"",""active"",56]",-16.669752694891475,288.87938011334847
2609,15543082120689,"[""ring27"",""active"",57]",-27.767813981328143,288.24477000849527
2610,266916126787362,"[""ring27"",""active"",58]",-38.843227440390535,287.29350190038713
2611,223408876383796,"[""ring27"",""active"",59]",-49.886959805999908,286.02635165693755
2612,79205212476643,"[""ring27"",""active"",60]",-60.890003651632014,284.44435278406064
2613,202531658477106,"[""ring27"",""active"",61]",-71.843384736902578,282.54879558272881
2614,194118444900821,"[""ring27"",""active"",62]",-82.738169327087419,280.34122609658453
2615,236512242270589,"[""ring27"",""active"",63]",-93.565471479604184,277.8234448509653
2616,72233641107700,"[""ring27"",""active"",64]",-104.31646029151437,274.99750538436911
2617,141523380396680,"[""ring27"",""active"",65]",-114.98236710213506,271.86571257355916
2618,80209661154055,"[""ring27"",""active"",66]",-125.55449264488362,268.43062075367311
2619,151395764319031,"[""ring27"",""active"",67]",-136.0242141425249,264.69503163487099
2620,239379562818066,"[""ring27"",""active"",68]",-146.38299234003173,260.66199201721997
2621,251382497807485,"[""ring27"",""active"",69]",-156.62237846932365,256.33479130568065
2622,150627451807774,"[""ring27"",""active"",70]",-166.73402114020396,251.71695882722099
2623,138431747966447,"[""ring27"",""active"",71]",-176.70967315187269,246.81226095224685
2624,245297471447511,"[""ring27"",""active"",72]",-186.54119821946207,241.62469802269624
2625,129175714092710,"[""ring27"",""active"",73]",-196.22057761010734,236.15850108930294
2626,78567026708758,"[""ring27"",""active"",74]",-205.73991668313988,230.41812846069098
2627,47952322356204,"[""ring27"",""active"",75]",-215.09145132907022,224.40826206711392
2628,156119172687886,"[""ring27"",""active"",76]",-224.2675543021063,218.13380364180546
2629,144027874464002,"[""ring27"",""active"",77]",-233.2607414410447,211.59987072305586
2630,187824591161979,"[""ring27"",""active"",78]",-242.06367777345983,204.81179248027405
2631,192700965531237,"[""ring27"",""active"",79]",-250.66918349821327,197.77510536744023
2632,155984729793611,"[""ring27"",""active"",80]",-259.0702398414017,190.49554860749527
2633,207678559744368,"[""ring27"",""active"",81]",-267.25999478096981,182.979059511348
2634,132207894929254,"[""ring27"",""active"",82]",-275.23176863531842,175.2317686353187
2635,194870935055544,"[""ring27"",""active"",83]",-282.97905951134794,167.25999478096992
2636,244202118866462,"[""ring27"",""active"",84]",-290.49554860749527,159.07023984140176
2637,71642858646103,"[""ring27"",""active"",85]",-297.77510536744018,150.6691834982133
2638,245599100876893,"[""ring27"",""active"",86]",-304.81179248027388,142.06367777346
2639,224737798038041,"[""ring27"",""active"",87]",-311.59987072305586,133.26074144104476
2640,159747907388725,"[""ring27"",""active"",88]",-318.1338036418054,124.26755430210636
2641,51414512493459,"[""ring27"",""active"",89]",-324.40826206711387,115.09145132907028
2642,213798924074305,"[""ring27"",""active"",90]",-330.41812846069098,105.73991668313997
2643,221171864607257,"[""ring27"",""active"",91]",-336.158501089303,96.220577610107256
2644,256969451297613,"[""ring28"",""active"",23]",317.89456921461641,143.34452871785939
2645,159002180127040,"[""ring28"",""active"",24]",311.00719996551402,152.08736256043147
2646,5922880761011,"[""ring28"",""active"",25]",303.87945791327877,160.6353618590453
2647,184367303295544,"[""ring28"",""active"",26]",296.51685198290437,168.98191999316981
2648,4368973039656,"[""ring28"",""active"",27]",288.92507262215548,177.12058603313073
2649,182070223023177,"[""ring28"",""active"",28]",281.10998740350607,185.04506972593697
2650,87230416068488,"[""ring28"",""active"",29]",273.07763648918046,192.74924635692338
2651,210668138693441,"[""ring28"",""active"",30]",264.83422796280257,200.22716148345063
2652,131139777569877,"[""ring28"",""active"",31]",256.38613303126107,207.47303553700471
2653,257151861148803,"[""ring28"",""active"",32]",247.73988110049916,214.48126829013864
2654,4812071050776,"[""ring28"",""active"",33]",238.90215472903446,221.24644318480495
2655,188074156663549,"[""ring28"",""active"",34]",229.8797844631099,227.76333151873132
2656,157059084681422,"[""ring28"",""active"",35]",220.67974355746668,234.02689648660686
2657,15125313023537,"[""ring28"",""active"",36]",211.30914258582047,240.0322970729531
2658,18490783995317,"[""ring28"",""active"",37]",201.77522394520525,245.77489179367245
2659,233513517128641,"[""ring28"",""active"",38]",192.08535625843339,251.25024228338168
2660,255240873996256,"[""ring28"",""active"",39]",182.24702867899748,256.45411672575796
2661,186769743697834,"[""ring28"",""active"",40]",172.26784510281612,261.38249312424614
2662,77902557157167,"[""ring28"",""active"",41]",162.15551829129598,266.03156241059975
2663,198429291823163,"[""ring28"",""active"",42]",151.91786391025516,270.39773138885289
2664,23010110828555,"[""ring28"",""active"",43]",141.56279448931133,274.47762551244722
2665,120393727922906,"[""ring28"",""active"",44]",131.09831330640668,278.26809149236851
2666,49658139137641,"[""ring28"",""active"",45]",120.53250820219438,281.7661997342766
2667,256427614783314,"[""ring28"",""active"",46]",109.87354532906745,284.96924660274487
2668,269661634736647,"[""ring28"",""active"",47]",99.129662839661961,287.87475651085953
2669,96317674869198,"[""ring28"",""active"",48]",88.309164519712994,290.48048383356354
2670,214976246230902,"[""ring28"",""active"",49]",77.420413370182274,292.78441464326676
2671,134679166654450,"[""ring28"",""active"",50]",66.471825143620748,294.78476826638024
2672,222141745582735,"[""ring28"",""active"",51]",55.471861839759093,296.47999865957212
2673,111649138154959,"[""ring28"",""active"",52]",44.429025165355142,297.86879560468157
2674,20081917327608,"[""ring28"",""active"",53]",33.351849963352507,298.95008572136646
2675,281395720134661,"[""ring28"",""active"",54]",22.248897616427595,299.72303329670325
2676,246450227421195,"[""ring28"",""active"",55]",11.128749430025985,300.18704093109682
2677,209561618009177,"[""ring28"",""active"",56]",2.4513862135127582e-14,300.34175000000141
2678,204250433413820,"[""ring28"",""active"",57]",-11.128749430026025,300.18704093109682
2679,69860834360238,"[""ring28"",""active"",58]",-22.248897616427456,299.72303329670331
2680,9772799053764,"[""ring28"",""active"",59]",-33.351849963352372,298.95008572136646
2681,234410338133009,"[""ring28"",""active"",60]",-44.429025165355178,297.86879560468157
2682,244259245232002,"[""ring28"",""active"",61]",-55.47186183975905,296.47999865957212
2683,39133175061423,"[""ring28"",""active"",62]",-66.471825143620705,294.78476826638024
2684,125762146689910,"[""ring28"",""active"",63]",-77.420413370182317,292.78441464326676
2685,149603912000652,"[""ring28"",""active"",64]",-88.309164519712866,290.4804838335636
2686,93605236897604,"[""ring28"",""active"",65]",-99.129662839661904,287.87475651085958
2687,123286209481428,"[""ring28"",""active"",66]",-109.87354532906733,284.96924660274487
2688,243091446896348,"[""ring28"",""active"",67]",-120.53250820219432,281.7661997342766
2689,146041668069472,"[""ring28"",""active"",68]",-131.09831330640674,278.26809149236851
2690,158051517460197,"[""ring28"",""active"",69]",-141.5627944893113,274.47762551244722
2691,66653958380104,"[""ring28"",""active"",70]",-151.91786391025502,270.39773138885295
2692,145141625937140,"[""ring28"",""active"",71]",-162.15551829129595,266.0315624105998
2693,141673816737420,"[""ring28"",""active"",72]",-172.26784510281607,261.38249312424614
2694,243996863326144,"[""ring28"",""active"",73]",-182.24702867899751,256.45411672575796
2695,44481414357302,"[""ring28"",""active"",74]",-192.08535625843336,251.25024228338168
2696,20279132159157,"[""ring28"",""active"",75]",-201.77522394520523,245.77489179367251
2697,199061210730399,"[""ring28"",""active"",76]",-211.30914258582041,240.03229707295316
2698,123787448716240,"[""ring28"",""active"",77]",-220.67974355746665,234.02689648660686
2699,149148078449207,"[""ring28"",""active"",78]",-229.87978446310981,227.76333151873138
2700,78347164636056,"[""ring28"",""active"",79]",-238.90215472903446,221.24644318480495
2701,34276134966430,"[""ring28"",""active"",80]",-247.73988110049899,214.48126829013881
2702,128650445024658,"[""ring28"",""active"",81]",-256.3861330312609,207.47303553700482
2703,193979144786891,"[""ring28"",""active"",82]",-264.8342279628024,200.2271614834508
2704,19267054836409,"[""ring28"",""active"",83]",-273.07763648918046,192.74924635692344
2705,7711043302289,"[""ring28"",""active"",84]",-281.10998740350607,185.04506972593703
2706,89025553480925,"[""ring28"",""active"",85]",-288.92507262215543,177.12058603313073
2707,179929683011872,"[""ring28"",""active"",86]",-296.51685198290431,168.98191999316992
2708,23273608882562,"[""ring28"",""active"",87]",-303.87945791327866,160.63536185904536
2709,281206314032008,"[""ring28"",""active"",88]",-311.00719996551402,152.08736256043142
2710,25860446414169,"[""ring28"",""active"",89]",-317.89456921461641,143.34452871785939
2711,225006046422213,"[""ring29"",""active"",28]",294.84984809663075,186.97073175917257
2712,275348573959535,"[""ring29"",""active"",29]",286.97073175917262,194.84984809663069
2713,240744070654126,"[""ring29"",""active"",30]",278.88114318001374,202.51271343136949
2714,59926418413543,"[""ring29"",""active"",31]",270.58701548631404,209.95370760681419
2715,229531962465098,"[""ring29"",""active"",32]",262.09443181985574,217.16737319281157
2716,217198346376685,"[""ring29"",""active"",33]",253.40962087549954,224.14841948825972
2717,35528746174352,"[""ring29"",""active"",34]",244.5389523328885,230.8917264014537
2718,257864510027934,"[""ring29"",""active"",35]",235.4889321847491,237.39234820530214
2719,137349204285199,"[""ring29"",""active"",36]",226.26619796521712,243.64551716465962
2720,66374349757315,"[""ring29"",""active"",37]",216.87751388168715,249.64664703311519
2721,147550315021234,"[""ring29"",""active"",38]",207.32976585375638,255.39133641667144
2722,66246879074830,"[""ring29"",""active"",39]",197.62995646290199,260.87537200184869
2723,8012853299186,"[""ring29"",""active"",40]",187.78519981659409,266.09473164584472
2724,166536074393285,"[""ring29"",""active"",41]",177.80271633061378,271.04558732648542
2725,20483206468802,"[""ring29"",""active"",42]",167.68982743340169,275.72430794980141
2726,47511876353937,"[""ring29"",""active"",43]",157.45395019631968,280.12746201317276
2727,87175963989216,"[""ring29"",""active"",44]",147.10259189376686,284.25182012208751
2728,19572073649518,"[""ring29"",""active"",45]",136.64334449713797,288.09435735866822
2729,6435646497747,"[""ring29"",""active"",46]",126.08387910666178,291.65225550023058
2730,899091079279,"[""ring29"",""active"",47]",115.43194032520506,294.92290508624529
2731,135350869537607,"[""ring29"",""active"",48]",104.6953405781678,297.90390733218828
2732,270399870317226,"[""ring29"",""active"",49]",93.881954383634437,300.59307588887555
2733,83879236477514,"[""ring29"",""active"",50]",82.999712576986184,302.98843844599179
2734,277914845128285,"[""ring29"",""active"",51]",72.056596494207014,305.08823817863714
2735,270122376866487,"[""ring29"",""active"",52]",61.060632118152363,306.89093503583103
2736,166627446970920,"[""ring29"",""active"",53]",50.019884192072368,308.39520687002795
2737,57066578708678,"[""ring29"",""active"",54]",38.942450304706419,309.59995040681667
2738,245249401420489,"[""ring29"",""active"",55]",27.836454951288662,310.5042820540927
2739,264746105413582,"[""ring29"",""active"",56]",16.710043574819942,311.10753855010836
2740,248055468547418,"[""ring29"",""active"",57]",5.5713765919743032,311.40927744992774
2741,160846216893275,"[""ring29"",""active"",58]",-5.5713765919743441,311.40927744992774
2742,57209191318873,"[""ring29"",""active"",59]",-16.710043574819888,311.10753855010842
2743,227133744759832,"[""ring29"",""active"",60]",-27.836454951288705,310.5042820540927
2744,225571913483102,"[""ring29"",""active"",61]",-38.942450304706277,309.59995040681667
2745,144809554799960,"[""ring29"",""active"",62]",-50.019884192072226,308.39520687002795
2746,12247266630010,"[""ring29"",""active"",63]",-61.060632118152313,306.89093503583103
2747,153897115011600,"[""ring29"",""active"",64]",-72.056596494206872,305.08823817863714
2748,153548783677452,"[""ring29"",""active"",65]",-82.999712576986127,302.98843844599179
2749,189314116080507,"[""ring29"",""active"",66]",-93.881954383634394,300.59307588887555
2750,233876124835542,"[""ring29"",""active"",67]",-104.69534057816766,297.90390733218834
2751,21053002455077,"[""ring29"",""active"",68]",-115.4319403252051,294.92290508624529
2752,247824420903731,"[""ring29"",""active"",69]",-126.08387910666171,291.65225550023064
2753,23466497547996,"[""ring29"",""active"",70]",-136.64334449713795,288.09435735866828
2754,221128665394404,"[""ring29"",""active"",71]",-147.10259189376691,284.25182012208751
2755,96770466211447,"[""ring29"",""active"",72]",-157.45395019631965,280.12746201317276
2756,245808679015655,"[""ring29"",""active"",73]",-167.68982743340175,275.72430794980136
2757,161484525682048,"[""ring29"",""active"",74]",-177.80271633061372,271.04558732648542
2758,201395984115328,"[""ring29"",""active"",75]",-187.78519981659397,266.09473164584477
2759,63320370566255,"[""ring29"",""active"",76]",-197.62995646290193,260.87537200184869
2760,129590122022076,"[""ring29"",""active"",77]",-207.32976585375644,255.39133641667144
2761,99872274022541,"[""ring29"",""active"",78]",-216.87751388168701,249.64664703311524
2762,2145832419616,"[""ring29"",""active"",79]",-226.26619796521709,243.64551716465968
2763,63261892453158,"[""ring29"",""active"",80]",-235.4889321847491,237.39234820530214
2764,215663644527945,"[""ring29"",""active"",81]",-244.53895233288839,230.89172640145381
2765,243438778980594,"[""ring29"",""active"",82]",-253.40962087549946,224.14841948825978
2766,132961437500653,"[""ring29"",""active"",83]",-262.09443181985569,217.16737319281162
2767,87977684116968,"[""ring29"",""active"",84]",-270.58701548631404,209.95370760681419
2768,43905987990780,"[""ring29"",""active"",85]",-278.88114318001368,202.51271343136955
2769,261727110202603,"[""ring29"",""active"",86]",-286.97073175917257,194.84984809663075
2770,22692004720471,"[""ring29"",""active"",87]",-294.84984809663058,186.97073175917274
2771,252449885911341,"[""ring30"",""active"",34]",260.34362518420284,232.82367825323229
2772,218762352674712,"[""ring30"",""active"",35]",251.5049108400577,239.55218126732512
2773,22519647837743,"[""ring30"",""active"",36]",242.49238224101595,246.04602083413823
2774,211142117900385,"[""ring30"",""active"",37]",233.31226791731947,252.30070908151856
2775,27621580829719,"[""ring30"",""active"",38]",223.97091221717892,258.31192341403954
2776,126328442741033,"[""ring30"",""active"",39]",214.47477092221436,264.07550950033357
2777,88973397402653,"[""ring30"",""active"",40]",204.83040678588475,269.58748414413708
2778,138019148317551,"[""ring30"",""active"",41]",195.04448499798974,274.84403803706516
2779,75131014542280,"[""ring30"",""active"",42]",185.12376857837813,279.8415383912124
2780,122531408589125,"[""ring30"",""active"",43]",175.07511370304556,284.5765314497616
2781,61720926735485,"[""ring30"",""active"",44]",164.90546496585327,289.04574487386384
2782,107916304871534,"[""ring30"",""active"",45]",154.62185057914064,293.24609000414193
2783,111178043426839,"[""ring30"",""active"",46]",144.23137751655017,297.17466399525313
2784,16840416658934,"[""ring30"",""active"",47]",133.74122660141975,300.82875182203622
2785,145914680875060,"[""ring30"",""active"",48]",123.15864754413892,304.2058281558572
2786,105724285661920,"[""ring30"",""active"",49]",112.49095393189575,307.30355910985594
2787,198448685437977,"[""ring30"",""active"",50]",101.74551817428073,310.11980385188775
2788,208364807643950,"[""ring30"",""active"",51]",90.929766408236915,312.65261608404626
2789,107782316153414,"[""ring30"",""active"",52]",80.051173365879933,314.90024538774333
2790,25941221015557,"[""ring30"",""active"",53]",69.117257208734884,316.86113843341809
2791,146267763565261,"[""ring30"",""active"",54]",58.135574331957564,318.53394005403817
2792,146033189945524,"[""ring30"",""active"",55]",47.113714142133865,319.91749418165125
2793,276332465723396,"[""ring30"",""active"",56]",36.059293812264976,321.01084464633993
2794,280062793351889,"[""ring30"",""active"",57]",24.979953017562362,321.813235837028
2795,156355612397412,"[""ring30"",""active"",58]",13.883348655692904,322.32411322368068
2796,235830710303468,"[""ring30"",""active"",59]",2.777149555120427,322.54312374053882
2797,265217234418626,"[""ring30"",""active"",60]",-8.3309688247977078,322.47011603012118
2798,251000096282066,"[""ring30"",""active"",61]",-19.433329698295644,322.10514054782743
2799,203444133161018,"[""ring30"",""active"",62]",-30.522260258602529,321.44844952706842
2800,145210875183951,"[""ring30"",""active"",63]",-41.590096980594815,320.50049680494851
2801,270600528578164,"[""ring30"",""active"",64]",-52.629190917034173,319.26193750862024
2802,47662776048149,"[""ring30"",""active"",65]",-63.631912984731564,317.7336276025278
2803,253003672098003,"[""ring30"",""active"",66]",-74.590659236981878,315.91662329685289
2804,72637557733175,"[""ring30"",""active"",67]",-85.497856118628661,313.81218031757123
2805,270636244831925,"[""ring30"",""active"",68]",-96.3459657001235,311.42175303862388
2806,101677809070402,"[""ring30"",""active"",69]",-107.12749088696553,308.74699347680462
2807,102788865266377,"[""ring30"",""active"",70]",-117.83498060092052,305.78975015005551
2808,114151045403360,"[""ring30"",""active"",71]",-128.4610349294372,302.55206679996286
2809,34930401845648,"[""ring30"",""active"",72]",-138.99831023970347,299.03618097933293
2810,152082085466140,"[""ring30"",""active"",73]",-149.43952425380854,295.24452250582698
2811,95185436691626,"[""ring30"",""active"",74]",-159.77746108150191,291.17971178272137
2812,215000235108049,"[""ring30"",""active"",75]",-170.00497620707267,286.84455798795528
2813,40870042012392,"[""ring30"",""active"",76]",-180.11500142690196,282.24205713271652
2814,175501081221727,"[""ring30"",""active"",77]",-190.10054973427566,277.37538999090816
2815,63777349334103,"[""ring30"",""active"",78]",-199.95472014808402,272.24791990092461
2816,248452828115807,"[""ring30"",""active"",79]",-209.67070248206733,266.86319044126003
2817,133048186638049,"[""ring30"",""active"",80]",-219.24178205131395,261.22492298155174
2818,24776420488499,"[""ring30"",""active"",81]",-228.66134431275842,255.33701411075367
2819,216036092582704,"[""ring30"",""active"",82]",-237.92287943647187,249.20353294421562
2820,129527136544560,"[""ring30"",""active"",83]",-247.01998680458414,242.82871831153074
2821,71661569717529,"[""ring30"",""active"",84]",-255.94637943473106,236.21697582709368
2822,140834037931511,"[""ring31"",""active"",41]",210.37641208212133,279.21048580663597
2823,20457643620243,"[""ring31"",""active"",42]",200.58319860011582,284.48043870345066
2824,251947451469142,"[""ring31"",""active"",43]",190.65806886192709,289.4975328344097
2825,91078574419200,"[""ring31"",""active"",44]",180.60755026350029,294.25846863963318
2826,72917528320591,"[""ring31"",""active"",45]",170.43825266446203,298.76011502523215
2827,205894456186590,"[""ring31"",""active"",46]",160.15686404105688,302.99951142251507
2828,176251956802099,"[""ring31"",""active"",47]",149.77014608770875,306.97386973504553
2829,225543822891612,"[""ring31"",""active"",48]",139.28492977010211,310.68057617227174
2830,164266241556172,"[""ring31"",""active"",49]",128.7081108327034,314.11719296852181
2831,32215785285370,"[""ring31"",""active"",50]",118.0466452636829,317.28145998623233
2832,110474237327430,"[""ring31"",""active"",51]",107.3075447202136,320.17129620235931
2833,216030276688442,"[""ring31"",""active"",52]",96.497871917160793,322.78480107699073
2834,101570661787943,"[""ring31"",""active"",53]",85.624735982191694,325.12025580326252
2835,25178427622707,"[""ring31"",""active"",54]",74.695287780361483,327.17612443775505
2836,276156020756866,"[""ring31"",""active"",55]",63.716715211249685,328.95105491062719
2837,87830343557356,"[""ring31"",""active"",56]",52.696238481741709,330.44387991482324
2838,126201690776052,"[""ring31"",""active"",57]",41.641105357560619,331.65361767376857
2839,30465357078388,"[""ring31"",""active"",58]",30.558586396677359,332.57947258704752
2840,78389111970516,"[""ring31"",""active"",59]",19.455970167728527,333.22083575364172
2841,175958815266985,"[""ring31"",""active"",60]",8.3405584565914985,333.57728537238154
2842,65500230740978,"[""ring31"",""active"",61]",-2.7803385357343249,333.64858701934924
2843,265122091905569,"[""ring31"",""active"",62]",-13.899407000780023,333.43469380205141
2844,17142688109880,"[""ring31"",""active"",63]",-25.009334332632779,332.9357463902582
2845,218140912372733,"[""ring31"",""active"",64]",-36.102813937169103,332.15207292349015
2846,204054577372736,"[""ring31"",""active"",65]",-47.172550037336833,331.08418879521241
2847,52456209415506,"[""ring31"",""active"",66]",-58.211262471320119,329.73279631387982
2848,40177208392275,"[""ring31"",""active"",67]",-69.211691480437892,328.09878424105352
2849,103848115443121,"[""ring31"",""active"",68]",-80.166602483621361,326.18322720689565
2850,216729027699020,"[""ring31"",""active"",69]",-91.068790835334681,323.98738500342375
2851,45792578777562,"[""ring31"",""active"",70]",-101.91108656380743,321.51270175599166
2852,166133999266218,"[""ring31"",""active"",71]",-112.68635908646404,318.76080497354081
2853,51165488441164,"[""ring31"",""active"",72]",-123.38752189944736,315.73350447824726
2854,48236858237022,"[""ring31"",""active"",73]",-134.00753723815421,312.43279121526712
2855,177415208429987,"[""ring31"",""active"",74]",-144.53942070571659,308.86083594336503
2856,223584700023446,"[""ring31"",""active"",75]",-154.97624586638449,305.01998780728508
2857,192283343604286,"[""ring31"",""active"",76]",-165.31114880079087,300.91277279280359
2858,244443037981204,"[""ring31"",""active"",77]",-175.53733262010007,296.54189206548119
2859,243482059133272,"[""ring31"",""active"",78]",-185.64807193607496,291.91022019420382
2860,217322267485574,"[""ring31"",""active"",79]",-195.63671728411867,287.0208032606842
2861,4484164601016,"[""ring31"",""active"",80]",-205.49669949638516,281.87685685616481
2862,115590616392045,"[""ring32"",""active"",51]",123.60365543667913,327.24236698887285
2863,179484168713587,"[""ring32"",""active"",52]",112.87105553162473,330.20231125685609
2864,70486010009456,"[""ring32"",""active"",53]",102.06773074945863,332.89269123793252
2865,161809426532608,"[""ring32"",""active"",54]",91.200450441402296,335.31182114301618
2866,128320594890083,"[""ring32"",""active"",55]",80.276024033137716,337.45818514801516
2867,22609697696847,"[""ring32"",""active"",56]",69.301296758029963,339.3304383436452
2868,182013107705583,"[""ring32"",""active"",57]",58.283145367910571,340.92740757814886
2869,178560024953943,"[""ring32"",""active"",58]",47.228473824113046,342.2480921923904
2870,160019665043496,"[""ring32"",""active"",59]",36.144208971458447,343.2916646468683
2871,123937571938867,"[""ring32"",""active"",60]",25.037296197901657,344.05747104025005
2872,111980913414087,"[""ring32"",""active"",61]",13.914695082560144,344.54503151910649
2873,97994279432145,"[""ring32"",""active"",62]",2.783375034848091,344.75404057858697
2874,111526424563931,"[""ring32"",""active"",63]",-8.349689072546651,344.68436725384868
2875,56836024448142,"[""ring32"",""active"",64]",-19.477521274110487,344.33605520211904
2876,135917724295840,"[""ring32"",""active"",65]",-30.593148882636157,343.70932267533988
2877,68819150050766,"[""ring32"",""active"",66]",-41.689606858300756,342.80456238341122
2878,179247556889280,"[""ring32"",""active"",67]",-52.75994217295186,341.62234124811977
2879,241478638600035,"[""ring32"",""active"",68]",-63.797218166867239,340.16340004790624
2880,125991532725691,"[""ring32"",""active"",69]",-74.794518895258008,338.42865295369427
2881,175177709339286,"[""ring32"",""active"",70]",-85.74495346179188,336.41918695607222
2882,148347467229577,"[""ring32"",""active"",71]",-96.641660336421523,334.13626118418597
2883,149481029133961,"[""ring32"",""active"",72]",-107.47781165481054,331.58130611676989
2884,227772775172065,"[""ring32"",""active"",73]",-118.24661749666713,328.75592268581073
