export_index,mirror_id,position_key,x,y
1,225977427565346,"[""ring1"",""active"",0]",180.28482178549999,-153.42698551239999
2,98461791273696,"[""ring1"",""active"",1]",178.56892068050001,-140.39342263739999
3,146546269447317,"[""ring1"",""active"",2]",175.1664780143,-127.695333737
4,91816430395141,"[""ring1"",""active"",3]",170.13571052399999,-115.549986633
5,231364419112210,"[""ring1"",""active"",4]",163.56269603640001,-104.1651915815
6,186914820487113,"[""ring1"",""active"",5]",155.5599006516,-93.7357455824
7,218691133102543,"[""ring1"",""active"",6]",146.2642544176,-84.440099348399997
8,249518401681586,"[""ring1"",""active"",7]",135.83480841849999,-76.437303963600002
9,257081424862060,"[""ring1"",""active"",8]",124.450013367,-69.864289475999996
10,462329393670,"[""ring1"",""active"",9]",112.304666263,-64.833521985700003
11,136638878541845,"[""ring1"",""active"",10]",99.606577362600007,-61.4310793195
12,113440114950139,"[""ring1"",""active"",11]",86.573014487600005,-59.7151782145
13,189893974123011,"[""ring1"",""active"",12]",73.426985512399995,-59.7151782145
14,259292959545620,"[""ring1"",""active"",13]",60.3934226374,-61.4310793195
15,199461450372935,"[""ring1"",""active"",14]",47.695333736999999,-64.833521985700003
16,53150555964577,"[""ring1"",""active"",15]",35.549986633000003,-69.864289475999996
17,182181300776484,"[""ring1"",""active"",16]",24.1651915815,-76.437303963600002
18,36828647183504,"[""ring1"",""active"",17]",13.7357455824,-84.440099348399997
19,245044142097057,"[""ring1"",""active"",18]",4.4400993484000004,-93.7357455824
20,164989153111639,"[""ring1"",""active"",19]",-3.5626960364000002,-104.1651915815
21,82757952312123,"[""ring1"",""active"",20]",-10.135710524,-115.549986633
22,264367324792324,"[""ring1"",""active"",21]",-15.166478014300001,-127.695333737
23,96077426024455,"[""ring1"",""active"",22]",-18.5689206805,-140.39342263739999
24,175280640722083,"[""ring1"",""active"",23]",-20.2848217855,-153.42698551239999
25,271289438101252,"[""ring1"",""active"",24]",-20.2848217855,-166.57301448760001
26,22151644413009,"[""ring1"",""active"",25]",-18.5689206805,-179.60657736260001
27,54785332350034,"[""ring1"",""active"",26]",-15.166478014300001,-192.304666263
28,37097415433566,"[""ring1"",""active"",27]",-10.135710524,-204.450013367
29,7974149837147,"[""ring1"",""active"",28]",-3.5626960364000002,-215.83480841849999
30,159066063835249,"[""ring1"",""active"",29]",4.4400993484000004,-226.2642544176
31,227814935923795,"[""ring1"",""active"",30]",13.7357455824,-235.5599006516
32,112737315580354,"[""ring1"",""active"",31]",24.1651915815,-243.56269603640001
33,279057199714791,"[""ring1"",""active"",32]",35.549986633000003,-250.13571052399999
34,104555532071604,"[""ring1"",""active"",33]",47.695333736999999,-255.1664780143
35,114636202083057,"[""ring1"",""active"",34]",60.3934226374,-258.56892068050001
36,166816355597687,"[""ring1"",""active"",35]",73.426985512399995,-260.28482178550001
37,196871639851600,"[""ring1"",""active"",36]",86.573014487600005,-260.28482178550001
38,163201643135464,"[""ring1"",""active"",37]",99.606577362600007,-258.56892068050001
39,141087017475327,"[""ring1"",""active"",38]",112.304666263,-255.1664780143
40,274460507970912,"[""ring1"",""active"",39]",124.450013367,-250.13571052399999
41,211658257369416,"[""ring1"",""active"",40]",135.83480841849999,-243.56269603640001
42,25256560694987,"[""ring1"",""active"",41]",146.2642544176,-235.5599006516
43,111109889874469,"[""ring1"",""active"",42]",155.5599006516,-226.2642544176
44,248359595964128,"[""ring1"",""active"",43]",163.56269603640001,-215.83480841849999
45,232550607584963,"[""ring1"",""active"",44]",170.13571052399999,-204.450013367
46,8954556596020,"[""ring1"",""active"",45]",175.1664780143,-192.304666263
47,16077873566104,"[""ring1"",""active"",46]",178.56892068050001,-179.60657736260001
48,82931331611565,"[""ring1"",""active"",47]",180.28482178549999,-166.57301448760001
49,118963306441431,"[""ring2"",""active"",0]",193.423030979,-153.39386072709999
50,166210091923763,"[""ring2"",""active"",1]",191.88917906040001,-140.27091888230001
51,117307025828046,"[""ring2"",""active"",2]",188.84221793910001,-127.4147790147
52,31761126237247,"[""ring2"",""active"",3]",184.32335253720001,-114.9992983615
53,8755066053518,"[""ring2"",""active"",4]",178.39369275729999,-103.192375
54,26147884959761,"[""ring2"",""active"",5]",171.13342707570001,-92.153677314000007
55,113321123638128,"[""ring2"",""active"",6]",162.64073813069999,-82.032484753099993
56,146421478213383,"[""ring2"",""active"",7]",153.0304749714,-72.965669083899996
57,209994560452606,"[""ring2"",""active"",8]",142.43259992079999,-65.075843434399999
58,52342416943538,"[""ring2"",""active"",9]",130.9904310583,-58.469704161499997
59,200784994231433,"[""ring2"",""active"",10]",118.858704089,-53.2365879663
60,91357866436445,"[""ring2"",""active"",11]",106.20147980839999,-49.447263767899997
61,198849746917301,"[""ring2"",""active"",12]",93.189925461599998,-47.152975675599997
62,195368130266985,"[""ring2"",""active"",13]",80,-46.384749999999997
63,150101175004650,"[""ring2"",""active"",14]",66.810074538400002,-47.152975675599997
64,24350496598495,"[""ring2"",""active"",15]",53.798520191599998,-49.447263767899997
65,111513192711181,"[""ring2"",""active"",16]",41.141295911,-53.2365879663
66,183037382441518,"[""ring2"",""active"",17]",29.0095689417,-58.469704161499997
67,224334105978858,"[""ring2"",""active"",18]",17.567400079199999,-65.075843434399999
68,240661364293959,"[""ring2"",""active"",19]",6.9695250285999997,-72.965669083899996
69,206103613447385,"[""ring2"",""active"",20]",-2.6407381307,-82.032484753099993
70,205049209907177,"[""ring2"",""active"",21]",-11.1334270757,-92.153677314000007
71,140036588241521,"[""ring2"",""active"",22]",-18.393692757299998,-103.192375
72,178109332024333,"[""ring2"",""active"",23]",-24.323352537200002,-114.9992983615
73,147447801650378,"[""ring2"",""active"",24]",-28.842217939099999,-127.4147790147
74,186058987222788,"[""ring2"",""active"",25]",-31.8891790604,-140.27091888230001
75,15063983504382,"[""ring2"",""active"",26]",-33.423030979000004,-153.39386072709999
76,82820283973980,"[""ring2"",""active"",27]",-33.423030979000004,-166.60613927290001
77,4812291460678,"[""ring2"",""active"",28]",-31.8891790604,-179.72908111769999
78,254876129109843,"[""ring2"",""active"",29]",-28.842217939099999,-192.5852209853
79,52090938489001,"[""ring2"",""active"",30]",-24.323352537200002,-205.0007016385
80,276426639245006,"[""ring2"",""active"",31]",-18.393692757299998,-216.807625
81,150770518482208,"[""ring2"",""active"",32]",-11.1334270757,-227.84632268600001
82,65908650420079,"[""ring2"",""active"",33]",-2.6407381307,-237.96751524690001
83,238391778599238,"[""ring2"",""active"",34]",6.9695250285999997,-247.0343309161
84,187322721507181,"[""ring2"",""active"",35]",17.567400079199999,-254.92415656559999
85,75900330232157,"[""ring2"",""active"",36]",29.0095689417,-261.53029583850002
86,56946199260712,"[""ring2"",""active"",37]",41.141295911,-266.76341203369998
87,155089634456550,"[""ring2"",""active"",38]",53.798520191599998,-270.55273623210002
88,273285650791107,"[""ring2"",""active"",39]",66.810074538400002,-272.84702432440002
89,251067079882723,"[""ring2"",""active"",40]",80,-273.61525
90,13564978797403,"[""ring2"",""active"",41]",93.189925461599998,-272.84702432440002
91,94878253318120,"[""ring2"",""active"",42]",106.20147980839999,-270.55273623210002
92,207197014732390,"[""ring2"",""active"",43]",118.858704089,-266.76341203369998
93,203533647948113,"[""ring2"",""active"",44]",130.9904310583,-261.53029583850002
94,82706652683496,"[""ring2"",""active"",45]",142.43259992079999,-254.92415656559999
95,5167778211505,"[""ring2"",""active"",46]",153.0304749714,-247.0343309161
96,255403182698697,"[""ring2"",""active"",47]",162.64073813069999,-237.96751524690001
97,82825078268065,"[""ring2"",""active"",48]",171.13342707570001,-227.84632268600001
98,260003801076989,"[""ring2"",""active"",49]",178.39369275729999,-216.807625
99,100092810805523,"[""ring2"",""active"",50]",184.32335253720001,-205.0007016385
100,29530510557746,"[""ring2"",""active"",51]",188.84221793910001,-192.5852209853
101,197980779087096,"[""ring2"",""active"",52]",191.88917906040001,-179.72908111769999
102,226745184831197,"[""ring2"",""active"",53]",193.423030979,-166.60613927290001
103,59555902021457,"[""ring3"",""active"",0]",206.55682025420001,-153.3674380974
104,155037580514219,"[""ring3"",""active"",1]",205.1702372478,-140.17498202819999
105,110538863576565,"[""ring3"",""active"",2]",202.41226292850001,-127.19973300460001
106,21100493715803,"[""ring3"",""active"",3]",198.31311424020001,-114.5838505701
107,269401024120553,"[""ring3"",""active"",4]",192.9177023137,-102.4655569728
108,24001370476862,"[""ring3"",""active"",5]",186.28514041099999,-90.977622772999993
109,85543209124447,"[""ring3"",""active"",6]",178.4880962684,-80.2459121821
110,43223118027071,"[""ring3"",""active"",7]",169.61199593320001,-70.388004066799994
111,25623575773241,"[""ring3"",""active"",8]",159.7540878179,-61.5119037316
112,42003389714630,"[""ring3"",""active"",9]",149.02237722699999,-53.714859589
113,173233600349033,"[""ring3"",""active"",10]",137.53444302720001,-47.082297686300002
114,166617546774744,"[""ring3"",""active"",11]",125.4161494299,-41.686885759799999
115,178831113494194,"[""ring3"",""active"",12]",112.80026699539999,-37.587737071500001
116,28095630898990,"[""ring3"",""active"",13]",99.825017971799994,-34.829762752199997
117,19801002341314,"[""ring3"",""active"",14]",86.632561902600003,-33.443179745800002
118,58685437539979,"[""ring3"",""active"",15]",73.367438097399997,-33.443179745800002
119,17543371511003,"[""ring3"",""active"",16]",60.174982028199999,-34.829762752199997
120,46877405992558,"[""ring3"",""active"",17]",47.199733004599999,-37.587737071500001
121,273908240264989,"[""ring3"",""active"",18]",34.583850570099997,-41.686885759799999
122,161842297312095,"[""ring3"",""active"",19]",22.465556972800002,-47.082297686300002
123,231218104024720,"[""ring3"",""active"",20]",10.977622773,-53.714859589
124,205055244769105,"[""ring3"",""active"",21]",0.24591218209999999,-61.5119037316
125,191462345087505,"[""ring3"",""active"",22]",-9.6119959331999993,-70.388004066799994
126,265632588695131,"[""ring3"",""active"",23]",-18.4880962684,-80.2459121821
127,276076003264301,"[""ring3"",""active"",24]",-26.285140411,-90.977622772999993
128,130320065610047,"[""ring3"",""active"",25]",-32.917702313699998,-102.4655569728
129,59230288788533,"[""ring3"",""active"",26]",-38.313114240200001,-114.5838505701
130,226518258385086,"[""ring3"",""active"",27]",-42.412262928499999,-127.19973300460001
131,81015478178530,"[""ring3"",""active"",28]",-45.170237247800003,-140.17498202819999
132,210566870952543,"[""ring3"",""active"",29]",-46.556820254199998,-153.3674380974
133,3505673751328,"[""ring3"",""active"",30]",-46.556820254199998,-166.6325619026
134,253362427386527,"[""ring3"",""active"",31]",-45.170237247800003,-179.82501797180001
135,76531743404135,"[""ring3"",""active"",32]",-42.412262928499999,-192.80026699539999
136,195453761152477,"[""ring3"",""active"",33]",-38.313114240200001,-205.4161494299
137,63322776522913,"[""ring3"",""active"",34]",-32.917702313699998,-217.53444302720001
138,113370853181240,"[""ring3"",""active"",35]",-26.285140411,-229.02237722699999
139,268794731500274,"[""ring3"",""active"",36]",-18.4880962684,-239.7540878179
140,48292612333692,"[""ring3"",""active"",37]",-9.6119959331999993,-249.61199593320001
141,104208630898379,"[""ring3"",""active"",38]",0.24591218209999999,-258.4880962684
142,127018589188985,"[""ring3"",""active"",39]",10.977622773,-266.28514041099999
143,244169488799987,"[""ring3"",""active"",40]",22.465556972800002,-272.91770231369998
144,148935662595744,"[""ring3"",""active"",41]",34.583850570099997,-278.31311424019998
145,199967798838602,"[""ring3"",""active"",42]",47.199733004599999,-282.41226292850001
146,121681998251905,"[""ring3"",""active"",43]",60.174982028199999,-285.1702372478
147,182935117419065,"[""ring3"",""active"",44]",73.367438097399997,-286.55682025419998
148,86274112702088,"[""ring3"",""active"",45]",86.632561902600003,-286.55682025419998
149,244499907031112,"[""ring3"",""active"",46]",99.825017971799994,-285.1702372478
150,222166567313161,"[""ring3"",""active"",47]",112.80026699539999,-282.41226292850001
151,267749192257242,"[""ring3"",""active"",48]",125.4161494299,-278.31311424019998
152,13950193364604,"[""ring3"",""active"",49]",137.53444302720001,-272.91770231369998
153,272467347277926,"[""ring3"",""active"",50]",149.02237722699999,-266.28514041099999
154,11858837470873,"[""ring3"",""active"",51]",159.7540878179,-258.4880962684
155,189466156649008,"[""ring3"",""active"",52]",169.61199593320001,-249.61199593320001
156,76442142729759,"[""ring3"",""active"",53]",178.4880962684,-239.7540878179
157,250969228161012,"[""ring3"",""active"",54]",186.28514041099999,-229.02237722699999
158,184232455508123,"[""ring3"",""active"",55]",192.9177023137,-217.53444302720001
159,42226490475413,"[""ring3"",""active"",56]",198.31311424020001,-205.4161494299
160,144422509818658,"[""ring3"",""active"",57]",202.41226292850001,-192.80026699539999
161,98077237719699,"[""ring3"",""active"",58]",205.1702372478,-179.82501797180001
162,120457024512250,"[""ring3"",""active"",59]",206.55682025420001,-166.6325619026
163,5424059042925,"[""ring4"",""active"",0]",219.6873521986,-153.3458712952
164,184631012827970,"[""ring4"",""active"",1]",218.42232190589999,-140.0978747055
165,190689089557200,"[""ring4"",""active"",2]",215.90371763089999,-127.03011484450001
166,236894004599218,"[""ring4"",""active"",3]",212.1543482438,-114.26093536889999
167,146448383842108,"[""ring4"",""active"",4]",207.20816861430001,-101.9059759455
168,104860549194081,"[""ring4"",""active"",5]",201.10997211130001,-90.077124999999995
169,5389593131496,"[""ring4"",""active"",6]",193.91498494640001,-78.881506438299994
170,88418679951807,"[""ring4"",""active"",7]",185.68836603779999,-68.420509515899994
171,249409769455279,"[""ring4"",""active"",8]",176.50461691999999,-58.788870640699997
172,44101727948432,"[""ring4"",""active"",9]",166.44690704729999,-50.073815425900001
173,61639682505539,"[""ring4"",""active"",10]",155.60632059770001,-42.354268761100002
174,48148122241354,"[""ring4"",""active"",11]",144.08103160089999,-35.7001400563
175,229813584610610,"[""ring4"",""active"",12]",131.97541485869999,-30.171690131399998
176,192150591661156,"[""ring4"",""active"",13]",119.3991007109,-25.818985485199999
177,21417868438074,"[""ring4"",""active"",14]",106.46598220600001,-22.681444884800001
178,178315088531963,"[""ring4"",""active"",15]",93.293183667899996,-20.7874823838
179,197963288963277,"[""ring4"",""active"",16]",80,-20.154250000000001
180,212266651691770,"[""ring4"",""active"",17]",66.706816332100004,-20.7874823838
181,143717716437285,"[""ring4"",""active"",18]",53.534017794,-22.681444884800001
182,154191620653451,"[""ring4"",""active"",19]",40.600899289099999,-25.818985485199999
183,243286050297014,"[""ring4"",""active"",20]",28.024585141300001,-30.171690131399998
184,135187365860870,"[""ring4"",""active"",21]",15.918968399100001,-35.7001400563
185,84394000815830,"[""ring4"",""active"",22]",4.3936794023000001,-42.354268761100002
186,196795816969926,"[""ring4"",""active"",23]",-6.4469070472999999,-50.073815425900001
187,62752732012976,"[""ring4"",""active"",24]",-16.50461692,-58.788870640699997
188,262689507356988,"[""ring4"",""active"",25]",-25.688366037800002,-68.420509515899994
189,231588664315353,"[""ring4"",""active"",26]",-33.914984946399997,-78.881506438299994
190,58670018595032,"[""ring4"",""active"",27]",-41.109972111300003,-90.077124999999995
191,56146106527894,"[""ring4"",""active"",28]",-47.2081686143,-101.9059759455
192,98821130631326,"[""ring4"",""active"",29]",-52.154348243800001,-114.26093536889999
193,167574568333979,"[""ring4"",""active"",30]",-55.903717630899997,-127.03011484450001
194,28634006172748,"[""ring4"",""active"",31]",-58.422321905899999,-140.0978747055
195,271869694795325,"[""ring4"",""active"",32]",-59.687352198600003,-153.3458712952
196,137894532284547,"[""ring4"",""active"",33]",-59.687352198600003,-166.6541287048
197,109821404521477,"[""ring4"",""active"",34]",-58.422321905899999,-179.9021252945
198,164092274472377,"[""ring4"",""active"",35]",-55.903717630899997,-192.96988515550001
199,177578951612703,"[""ring4"",""active"",36]",-52.154348243800001,-205.73906463110001
200,102808210306553,"[""ring4"",""active"",37]",-47.2081686143,-218.09402405450001
201,186356616046128,"[""ring4"",""active"",38]",-41.109972111300003,-229.922875
202,90336894231343,"[""ring4"",""active"",39]",-33.914984946399997,-241.11849356170001
203,110974730378632,"[""ring4"",""active"",40]",-25.688366037800002,-251.57949048410001
204,189460664477081,"[""ring4"",""active"",41]",-16.50461692,-261.2111293593
205,174627487827072,"[""ring4"",""active"",42]",-6.4469070472999999,-269.92618457409998
206,12666634866111,"[""ring4"",""active"",43]",4.3936794023000001,-277.6457312389
207,264137056305333,"[""ring4"",""active"",44]",15.918968399100001,-284.29985994370003
208,157926074659033,"[""ring4"",""active"",45]",28.024585141300001,-289.8283098686
209,188394866474283,"[""ring4"",""active"",46]",40.600899289099999,-294.18101451479998
210,273110110346102,"[""ring4"",""active"",47]",53.534017794,-297.31855511520001
211,86286860731454,"[""ring4"",""active"",48]",66.706816332100004,-299.21251761619999
212,213624765757933,"[""ring4"",""active"",49]",80,-299.84575000000001
213,134127273969171,"[""ring4"",""active"",50]",93.293183667899996,-299.21251761619999
214,117092707444576,"[""ring4"",""active"",51]",106.46598220600001,-297.31855511520001
215,89888352884877,"[""ring4"",""active"",52]",119.3991007109,-294.18101451479998
216,148741488918137,"[""ring4"",""active"",53]",131.97541485869999,-289.8283098686
217,31140464893598,"[""ring4"",""active"",54]",144.08103160089999,-284.29985994370003
218,157861437555367,"[""ring4"",""active"",55]",155.60632059770001,-277.6457312389
219,174967414936778,"[""ring4"",""active"",56]",166.44690704729999,-269.92618457409998
220,158805511150832,"[""ring4"",""active"",57]",176.50461691999999,-261.2111293593
221,31065264203047,"[""ring4"",""active"",58]",185.68836603779999,-251.57949048410001
222,107117089717890,"[""ring4"",""active"",59]",193.91498494640001,-241.11849356170001
223,166642483298093,"[""ring4"",""active"",60]",201.10997211130001,-229.922875
224,138840614426827,"[""ring4"",""active"",61]",207.20816861430001,-218.09402405450001
225,193394635713193,"[""ring4"",""active"",62]",212.1543482438,-205.73906463110001
226,274420313286902,"[""ring4"",""active"",63]",215.90371763089999,-192.96988515550001
227,176401512941857,"[""ring4"",""active"",64]",218.42232190589999,-179.9021252945
228,169552146916756,"[""ring4"",""active"",65]",219.6873521986,-166.6541287048
229,23520626475590,"[""ring5"",""active"",0]",232.81937572019999,-153.41927621740001
230,222353045440909,"[""ring5"",""active"",1]",231.68795452910001,-140.3065500287
231,13627925224066,"[""ring5"",""active"",2]",229.43348879370001,-127.3396272534
232,261600412324865,"[""ring5"",""active"",3]",226.07266978940001,-114.6145104511
233,155123218978573,"[""ring5"",""active"",4]",221.63037984429999,-102.2254119344
234,139126295387140,"[""ring5"",""active"",5]",216.139508119,-90.264056254300002
235,17104254734932,"[""ring5"",""active"",6]",209.64070710659999,-78.819001103100007
236,257202337253132,"[""ring5"",""active"",7]",202.1820916561,-67.974981665100003
237,20256286585924,"[""ring5"",""active"",8]",193.81888274670001,-57.812283266000001
238,226842049771351,"[""ring5"",""active"",9]",184.61299865110001,-48.406146969399998
239,22306274976552,"[""ring5"",""active"",10]",174.63259651440001,-39.8262125173
240,8522133503955,"[""ring5"",""active"",11]",163.95156774220001,-32.136002742599999
241,109224736450407,"[""ring5"",""active"",12]",152.64899093439999,-25.392453268000001
242,192014594872712,"[""ring5"",""active"",13]",140.80854641549999,-19.645490974299999
243,5788196010393,"[""ring5"",""active"",14]",128.51789669390001,-14.937664359799999
244,227952558828436,"[""ring5"",""active"",15]",115.8680374401,-11.3038285254
245,152308738858516,"[""ring5"",""active"",16]",102.95262378619999,-8.7708871204999994
246,213125153228881,"[""ring5"",""active"",17]",89.8672769362,-7.3575931569000002
247,71269691663161,"[""ring5"",""active"",18]",76.708876220099995,-7.0744101687000001
248,156249175796049,"[""ring5"",""active"",19]",63.574841832899999,-7.9234347435999997
249,202748898602645,"[""ring5"",""active"",20]",50.5624135702,-9.8983810008000006
250,43945525603687,"[""ring5"",""active"",21]",37.767930898000003,-12.9846271291
251,73207654735822,"[""ring5"",""active"",22]",25.2861196898,-17.159323642
252,5758917734907,"[""ring5"",""active"",23]",13.2093909088,-22.391562547100001
253,97876239973797,"[""ring5"",""active"",24]",1.6271564294,-28.642606178200001
254,33095221570398,"[""ring5"",""active"",25]",-9.3748329364000007,-35.8661739952
255,277111629805253,"[""ring5"",""active"",26]",-19.715122308600002,-44.008785229300003
256,52709217833209,"[""ring5"",""active"",27]",-29.3171558025,-53.010154835900003
257,245682835225288,"[""ring5"",""active"",28]",-38.109843321600003,-62.803639823499999
258,125292141479106,"[""ring5"",""active"",29]",-46.028086883699999,-73.316732655999999
259,94762750622421,"[""ring5"",""active"",30]",-53.0132625838,-84.471598072000006
260,75994957899253,"[""ring5"",""active"",31]",-59.013654625100003,-96.185649350800006
261,20004688814997,"[""ring5"",""active"",32]",-63.984838204100001,-108.3721597552
262,175860044824892,"[""ring5"",""active"",33]",-67.890008416900002,-120.9409046257
263,183972625240563,"[""ring5"",""active"",34]",-70.700252749499995,-133.7988293729
264,238480623597105,"[""ring5"",""active"",35]",-72.394765136199993,-146.85073842029999
265,123379877610518,"[""ring5"",""active"",36]",-72.960999999999999,-160
266,239283752301026,"[""ring5"",""active"",37]",-72.394765136199993,-173.14926157970001
267,183370882837706,"[""ring5"",""active"",38]",-70.700252749499995,-186.2011706271
268,175759257811417,"[""ring5"",""active"",39]",-67.890008416900002,-199.0590953743
269,85670323711507,"[""ring5"",""active"",40]",-63.984838204100001,-211.62784024480001
270,192077555300193,"[""ring5"",""active"",41]",-59.013654625100003,-223.81435064920001
271,72709185471645,"[""ring5"",""active"",42]",-53.0132625838,-235.52840192799999
272,72248347403569,"[""ring5"",""active"",43]",-46.028086883699999,-246.683267344
273,191260267335111,"[""ring5"",""active"",44]",-38.109843321600003,-257.19636017649998
274,83628581397731,"[""ring5"",""active"",45]",-29.3171558025,-266.98984516410002
275,83195177570344,"[""ring5"",""active"",46]",-19.715122308600002,-275.99121477070003
276,60631607472577,"[""ring5"",""active"",47]",-9.3748329364000007,-284.13382600480003
277,52503766025382,"[""ring5"",""active"",48]",1.6271564294,-291.35739382179997
278,217241937472025,"[""ring5"",""active"",49]",13.2093909088,-297.60843745289998
279,121174415326769,"[""ring5"",""active"",50]",25.2861196898,-302.840676358
280,104047867091438,"[""ring5"",""active"",51]",37.767930898000003,-307.01537287090002
281,214778283416061,"[""ring5"",""active"",52]",50.5624135702,-310.10161899920001
282,234678724139405,"[""ring5"",""active"",53]",63.574841832899999,-312.07656525639999
283,173585238361232,"[""ring5"",""active"",54]",76.708876220099995,-312.92558983129999
284,270449284997860,"[""ring5"",""active"",55]",89.8672769362,-312.64240684309999
285,256100742887971,"[""ring5"",""active"",56]",102.95262378619999,-311.22911287950001
286,81250924882693,"[""ring5"",""active"",57]",115.8680374401,-308.69617147460002
287,155366379369128,"[""ring5"",""active"",58]",128.51789669390001,-305.06233564019999
288,250091917024527,"[""ring5"",""active"",59]",140.80854641549999,-300.3545090257
289,161047720681361,"[""ring5"",""active"",60]",152.64899093439999,-294.607546732
290,271279813364339,"[""ring5"",""active"",61]",163.95156774220001,-287.8639972574
291,55992506942994,"[""ring5"",""active"",62]",174.63259651440001,-280.17378748269999
292,98626777492812,"[""ring5"",""active"",63]",184.61299865110001,-271.59385303059997
293,280366544408847,"[""ring5"",""active"",64]",193.81888274670001,-262.18771673399999
294,247862487429520,"[""ring5"",""active"",65]",202.1820916561,-252.02501833490001
295,113428781052480,"[""ring5"",""active"",66]",209.64070710659999,-241.18099889690001
296,186944288805866,"[""ring5"",""active"",67]",216.139508119,-229.73594374570001
297,62639937718710,"[""ring5"",""active"",68]",221.63037984429999,-217.7745880656
298,181048829255108,"[""ring5"",""active"",69]",226.07266978940001,-205.38548954890001
299,238349268831454,"[""ring5"",""active"",70]",229.43348879370001,-192.66037274659999
300,204699139529072,"[""ring5"",""active"",71]",231.68795452910001,-179.6934499713
301,115322783196771,"[""ring5"",""active"",72]",232.81937572019999,-166.58072378259999
302,15633397888638,"[""ring6"",""active"",0]",245.9449496563,-153.39738705959999
303,3618394902825,"[""ring6"",""active"",1]",244.89579225509999,-140.23390502379999
304,66424263510672,"[""ring6"",""active"",2]",242.80411056380001,-127.1953906044
305,257966886653104,"[""ring6"",""active"",3]",239.68312886730001,-114.3642774878
306,153079224300172,"[""ring6"",""active"",4]",235.55257901690001,-101.8216881023
307,172708008851399,"[""ring6"",""active"",5]",230.4385756785,-89.646920736300004
308,201027126862124,"[""ring6"",""active"",6]",224.37345122790001,-77.916948188999996
309,97077543497017,"[""ring6"",""active"",7]",217.39555133459999,-66.705931123599996
310,173356775268481,"[""ring6"",""active"",8]",209.54899252850001,-56.084749199599997
311,203453305678702,"[""ring6"",""active"",9]",200.88338328059999,-46.120552948799997
312,30604529686480,"[""ring6"",""active"",10]",191.45351036279999,-36.876339228100001
313,74175571152741,"[""ring6"",""active"",11]",181.3189924676,-28.410552933000002
314,7294419471254,"[""ring6"",""active"",12]",170.5439032804,-20.776717490199999
315,72501091431243,"[""ring6"",""active"",13]",159.1963663841,-14.0230964652
316,125008252351536,"[""ring6"",""active"",14]",147.3481245607,-8.1923884246000007
317,82741542558678,"[""ring6"",""active"",15]",135.07408620960001,-3.3214569819999999
318,136347579096247,"[""ring6"",""active"",16]",122.45185175330001,0.55890226570000001
319,204917347607831,"[""ring6"",""active"",17]",109.56122302199999,3.4241564380999998
320,90721195782871,"[""ring6"",""active"",18]",96.483698720899994,5.2561904757000004
321,19437795711162,"[""ring6"",""active"",19]",83.301959169200003,6.0434216694999998
322,8742095329409,"[""ring6"",""active"",20]",70.099343568500004,5.7808728904000004
323,171071219876311,"[""ring6"",""active"",21]",56.959323105499998,4.4702040563000001
324,193133937668178,"[""ring6"",""active"",22]",43.964973220200001,2.1197016375
325,46566491873461,"[""ring6"",""active"",23]",31.1984483765,-1.2557737327
326,31492300519486,"[""ring6"",""active"",24]",18.740462654800002,-5.6348812123999998
327,24546376086534,"[""ring6"",""active"",25]",6.6697794519000002,-10.989934674100001
328,133965456100379,"[""ring6"",""active"",26]",-4.9372864863999997,-17.287077745600001
329,278872408392949,"[""ring6"",""active"",27]",-16.007351552300001,-24.486497861
330,190393026479347,"[""ring6"",""active"",28]",-26.470427230199999,-32.542677968299998
331,170312264844696,"[""ring6"",""active"",29]",-36.260362586699998,-41.404684303000003
332,192903510103468,"[""ring6"",""active"",30]",-45.315262498599999,-51.016488407700002
333,204096031368815,"[""ring6"",""active"",31]",-53.577878972999997,-61.317321362199998
334,68236790755907,"[""ring6"",""active"",32]",-60.995973088500001,-72.242057983999999
335,175706828718013,"[""ring6"",""active"",33]",-67.522645265600005,-83.721628570700005
336,152553411453083,"[""ring6"",""active"",34]",-73.116631781300001,-95.683455580900002
337,136600615361312,"[""ring6"",""active"",35]",-77.742565651899994,-108.051912493
338,62373048652962,"[""ring6"",""active"",36]",-81.371200233899998,-120.74880194009999
339,181856645093371,"[""ring6"",""active"",37]",-83.979594131300004,-133.693850099
340,130293704323625,"[""ring6"",""active"",38]",-85.551256237900006,-146.8052142075
341,61753894552097,"[""ring6"",""active"",39]",-86.076250000000002,-160
342,89052692619480,"[""ring6"",""active"",40]",-85.551256237900006,-173.1947857925
343,110421658250941,"[""ring6"",""active"",41]",-83.979594131300004,-186.306149901
344,237887334612196,"[""ring6"",""active"",42]",-81.371200233899998,-199.25119805989999
345,6774256656513,"[""ring6"",""active"",43]",-77.742565651899994,-211.948087507
346,1461599247815,"[""ring6"",""active"",44]",-73.116631781300001,-224.31654441910001
347,113080086478275,"[""ring6"",""active"",45]",-67.522645265600005,-236.27837142929999
348,275076801571628,"[""ring6"",""active"",46]",-60.995973088500001,-247.75794201599999
349,219525186125527,"[""ring6"",""active"",47]",-53.577878972999997,-258.6826786378
350,256415157047643,"[""ring6"",""active"",48]",-45.315262498599999,-268.98351159229998
351,105765501990854,"[""ring6"",""active"",49]",-36.260362586699998,-278.59531569699999
352,233392164539072,"[""ring6"",""active"",50]",-26.470427230199999,-287.45732203170002
353,121780138828961,"[""ring6"",""active"",51]",-16.007351552300001,-295.51350213900002
354,123535355556610,"[""ring6"",""active"",52]",-4.9372864863999997,-302.71292225439998
355,41644475214493,"[""ring6"",""active"",53]",6.6697794519000002,-309.01006532589997
356,232600081420609,"[""ring6"",""active"",54]",18.740462654800002,-314.36511878760001
357,184013294735046,"[""ring6"",""active"",55]",31.1984483765,-318.74422626730001
358,246913989650040,"[""ring6"",""active"",56]",43.964973220200001,-322.11970163749999
359,142277293781531,"[""ring6"",""active"",57]",56.959323105499998,-324.47020405630002
360,15539963977653,"[""ring6"",""active"",58]",70.099343568500004,-325.78087289040002
361,50027054714596,"[""ring6"",""active"",59]",83.301959169200003,-326.04342166949999
362,8968266447559,"[""ring6"",""active"",60]",96.483698720899994,-325.25619047570001
363,249035387025584,"[""ring6"",""active"",61]",109.56122302199999,-323.4241564381
364,76221010187168,"[""ring6"",""active"",62]",122.45185175330001,-320.5589022657
365,148413189653386,"[""ring6"",""active"",63]",135.07408620960001,-316.67854301800003
366,176562161909927,"[""ring6"",""active"",64]",147.3481245607,-311.80761157540002
367,46369425058666,"[""ring6"",""active"",65]",159.1963663841,-305.97690353479999
368,85685822949842,"[""ring6"",""active"",66]",170.5439032804,-299.22328250980001
369,148816550349384,"[""ring6"",""active"",67]",181.3189924676,-291.58944706699998
370,51096767258723,"[""ring6"",""active"",68]",191.45351036279999,-283.12366077190001
371,174982740500412,"[""ring6"",""active"",69]",200.88338328059999,-273.87944705119997
372,156109459724971,"[""ring6"",""active"",70]",209.54899252850001,-263.91525080039997
373,279829217726053,"[""ring6"",""active"",71]",217.39555133459999,-253.29406887639999
374,159198802282531,"[""ring6"",""active"",72]",224.37345122790001,-242.08305181099999
375,170710736352246,"[""ring6"",""active"",73]",230.4385756785,-230.35307926370001
376,109619617615190,"[""ring6"",""active"",74]",235.55257901690001,-218.17831189770001
377,96667164186716,"[""ring6"",""active"",75]",239.68312886730001,-205.6357225122
378,259606036457484,"[""ring6"",""active"",76]",242.80411056380001,-192.80460939560001
379,196804299156461,"[""ring6"",""active"",77]",244.89579225509999,-179.76609497620001
380,243713746614021,"[""ring6"",""active"",78]",245.9449496563,-166.60261294040001
381,98704091431607,"[""ring7"",""active"",0]",259.06912298259999,-153.3786053972
382,139223695998237,"[""ring7"",""active"",1]",258.09110952899999,-140.1719799528
383,3815330794391,"[""ring7"",""active"",2]",256.14042419200001,-127.0736482782
384,168939197208594,"[""ring7"",""active"",3]",253.22772093859999,-114.15514891869999
385,257718557202517,"[""ring7"",""active"",4]",249.36890794390001,-101.4870382381
386,197611875643245,"[""ring7"",""active"",5]",244.5850607063,-89.138505064100002
387,277769438802380,"[""ring7"",""active"",6]",238.90230694050001,-77.176992802599997
388,10407145213078,"[""ring7"",""active"",7]",232.35168387709999,-65.667831085800003
389,79668007178407,"[""ring7"",""active"",8]",224.96896874750001,-54.6738789638
390,216898390126945,"[""ring7"",""active"",9]",216.79448338180001,-44.255181590900001
391,195311553297786,"[""ring7"",""active"",10]",207.87287398430001,-34.468642279100003
392,6707637656343,"[""ring7"",""active"",11]",198.2528672917,-25.3677117125
393,113547112726121,"[""ring7"",""active"",12]",187.98700444479999,-17.0020960178
394,111992766214480,"[""ring7"",""active"",13]",177.13135402629999,-9.4174852870999999
395,154388842427142,"[""ring7"",""active"",14]",165.7452058346,-2.6553040339999998
396,188844447436172,"[""ring7"",""active"",15]",153.89074706260001,3.2475150523999998
397,240676286273810,"[""ring7"",""active"",16]",141.63272265340001,8.2587328212000006
398,193077115442914,"[""ring7"",""active"",17]",129.0380816855,12.3509797386
399,165270732462952,"[""ring7"",""active"",18]",116.1756117205,15.501905371099999
400,112275944231314,"[""ring7"",""active"",19]",103.11556310890001,17.694300455600001
401,245752944709934,"[""ring7"",""active"",20]",89.929265307400001,18.916190890300001
402,202662447900705,"[""ring7"",""active"",21]",76.688737302000007,19.1609031335
403,154415203091408,"[""ring7"",""active"",22]",63.466294265199998,18.4271006516
404,249000034967445,"[""ring7"",""active"",23]",50.334152595799999,16.7187912194
405,105432625421735,"[""ring7"",""active"",24]",37.364035497499998,14.0453050306
406,64235322929390,"[""ring7"",""active"",25]",24.626781252499999,10.4212437397
407,80583806395388,"[""ring7"",""active"",26]",12.1919563263,5.8664007127
408,221514684970239,"[""ring7"",""active"",27]",0.1274754209,0.40565292289999999
409,204545893520169,"[""ring7"",""active"",28]",-11.5007694529,-5.9311749192000001
410,97550895784992,"[""ring7"",""active"",29]",-22.629268853700001,-13.109473257099999
411,179768472648573,"[""ring7"",""active"",30]",-33.197242777,-21.090036714699998
412,4663288236199,"[""ring7"",""active"",31]",-43.146972613899997,-29.829278221700001
413,278056749230886,"[""ring7"",""active"",32]",-52.424116390099996,-39.279467071500001
414,49078469715113,"[""ring7"",""active"",33]",-60.9780055636,-49.388989609699998
415,209456995452956,"[""ring7"",""active"",34]",-68.761921757899998,-60.102631129999999
416,281391758338618,"[""ring7"",""active"",35]",-75.733351921899995,-71.361877437399997
417,39867733414405,"[""ring7"",""active"",36]",-81.854220521599999,-83.105234433099994
418,221665518473018,"[""ring7"",""active"",37]",-87.091097495300005,-95.268563973400006
419,235395455773571,"[""ring7"",""active"",38]",-91.415380836899999,-107.78543417029999
420,248140748251892,"[""ring7"",""active"",39]",-94.803452810400003,-120.5874822192
421,130737922101960,"[""ring7"",""active"",40]",-97.2368089414,-133.604787773
422,142947773551174,"[""ring7"",""active"",41]",-98.702159082799994,-146.766254823
423,246134825458202,"[""ring7"",""active"",42]",-99.191500000000005,-160
424,112355342081427,"[""ring7"",""active"",43]",-98.702159082799994,-173.233745177
425,168562849537525,"[""ring7"",""active"",44]",-97.2368089414,-186.395212227
426,240623476709370,"[""ring7"",""active"",45]",-94.803452810400003,-199.41251778079999
427,179552823553090,"[""ring7"",""active"",46]",-91.415380836899999,-212.21456582970001
428,20451532741646,"[""ring7"",""active"",47]",-87.091097495300005,-224.73143602659999
429,44138025319731,"[""ring7"",""active"",48]",-81.854220521599999,-236.89476556689999
430,87526950589628,"[""ring7"",""active"",49]",-75.733351921899995,-248.63812256259999
431,271874786952402,"[""ring7"",""active"",50]",-68.761921757899998,-259.89736886999998
432,99017401013374,"[""ring7"",""active"",51]",-60.9780055636,-270.61101039020002
433,107612685271568,"[""ring7"",""active"",52]",-52.424116390099996,-280.72053292850001
434,210097438333945,"[""ring7"",""active"",53]",-43.146972613899997,-290.17072177829999
435,201864549490165,"[""ring7"",""active"",54]",-33.197242777,-298.90996328530002
436,120445623188901,"[""ring7"",""active"",55]",-22.629268853700001,-306.89052674290002
437,195350791113158,"[""ring7"",""active"",56]",-11.5007694529,-314.06882508080002
438,101971248769460,"[""ring7"",""active"",57]",0.1274754209,-320.4056529229
439,158861748357609,"[""ring7"",""active"",58]",12.1919563263,-325.8664007127
440,4014003715286,"[""ring7"",""active"",59]",24.626781252499999,-330.4212437397
441,14706700728349,"[""ring7"",""active"",60]",37.364035497499998,-334.04530503059999
442,74070345870799,"[""ring7"",""active"",61]",50.334152595799999,-336.71879121939998
443,162208365690802,"[""ring7"",""active"",62]",63.466294265199998,-338.42710065160003
444,240940228290301,"[""ring7"",""active"",63]",76.688737302000007,-339.16090313350003
445,208130067677265,"[""ring7"",""active"",76]",224.96896874750001,-265.32612103619999
446,64146519403722,"[""ring7"",""active"",77]",232.35168387709999,-254.3321689142
447,222194219887615,"[""ring7"",""active"",78]",238.90230694050001,-242.82300719739999
448,95507527291869,"[""ring7"",""active"",79]",244.5850607063,-230.8614949359
449,41593819833030,"[""ring7"",""active"",80]",249.36890794390001,-218.51296176189999
450,148418666345158,"[""ring7"",""active"",81]",253.22772093859999,-205.84485108129999
451,181422169739776,"[""ring7"",""active"",82]",256.14042419200001,-192.92635172179999
452,26420087111766,"[""ring7"",""active"",83]",258.09110952899999,-179.8280200472
453,110309838343784,"[""ring7"",""active"",84]",259.06912298259999,-166.6213946028
454,103035038586406,"[""ring8"",""active"",0]",272.19463946590002,-153.43443405869999
455,47162301186622,"[""ring8"",""active"",1]",271.29853933599998,-140.33391387539999
456,24425660975383,"[""ring8"",""active"",2]",269.5105171088,-127.3250860639
457,153621519479959,"[""ring8"",""active"",3]",266.83890936910001,-114.4686037845
458,140424434400610,"[""ring8"",""active"",4]",263.29617238549997,-101.8244098924
459,40460452271116,"[""ring8"",""active"",5]",258.89882403339999,-89.451457456300005
460,253726371640365,"[""ring8"",""active"",6]",253.6673667805,-77.4074348921
461,118483385141232,"[""ring8"",""active"",7]",247.62619209549999,-65.748496992699998
462,80665172016646,"[""ring8"",""active"",8]",240.80346672350001,-54.529003108600001
463,230879612048369,"[""ring8"",""active"",9]",233.23100135979999,-43.801263699499998
464,256672054013719,"[""ring8"",""active"",10]",224.9441023334,-33.615296438500003
465,118704804263222,"[""ring8"",""active"",11]",215.98140699289999,-24.018593007100002
466,141175085968341,"[""ring8"",""active"",12]",206.3847035615,-15.0558976666
467,211148652082234,"[""ring8"",""active"",13]",196.1987363005,-6.7689986402000004
468,183297492580179,"[""ring8"",""active"",14]",185.47099689140001,0.80346672350000004
469,56077620833608,"[""ring8"",""active"",15]",174.25150300729999,7.6261920955000004
470,227864090595258,"[""ring8"",""active"",16]",162.59256510789999,13.6673667805
471,149823144396876,"[""ring8"",""active"",17]",150.54854254369999,18.8988240334
472,212903673864193,"[""ring8"",""active"",18]",138.17559010759999,23.2961723855
473,135359725410911,"[""ring8"",""active"",19]",125.5313962155,26.838909369100001
474,148039290650802,"[""ring8"",""active"",20]",112.6749139361,29.510517108799998
475,153477916426313,"[""ring8"",""active"",21]",99.6660861246,31.298539336000001
476,11663329182261,"[""ring8"",""active"",22]",86.565565941299994,32.194639465900003
477,55124408669199,"[""ring8"",""active"",23]",73.434434058700006,32.194639465900003
478,156367101167981,"[""ring8"",""active"",24]",60.3339138754,31.298539336000001
479,109111027470527,"[""ring8"",""active"",25]",47.325086063900002,29.510517108799998
480,186589492827295,"[""ring8"",""active"",26]",34.468603784499997,26.838909369100001
481,234973109690632,"[""ring8"",""active"",27]",21.824409892399999,23.2961723855
482,159068333180735,"[""ring8"",""active"",28]",9.4514574563,18.8988240334
483,3553896438682,"[""ring8"",""active"",29]",-2.5925651079000001,13.6673667805
484,125490996073539,"[""ring8"",""active"",30]",-14.2515030073,7.6261920955000004
485,197296522472290,"[""ring8"",""active"",31]",-25.470996891399999,0.80346672350000004
486,15471845928098,"[""ring8"",""active"",32]",-36.198736300500002,-6.7689986402000004
487,221332755877106,"[""ring8"",""active"",33]",-46.384703561499997,-15.0558976666
488,142716136045108,"[""ring8"",""active"",34]",-55.981406992899998,-24.018593007100002
489,113991812987888,"[""ring8"",""active"",35]",-64.944102333399996,-33.615296438500003
490,137127856256707,"[""ring8"",""active"",36]",-73.231001359800004,-43.801263699499998
491,275724049879911,"[""ring8"",""active"",37]",-80.803466723499994,-54.529003108600001
492,216476624374123,"[""ring8"",""active"",38]",-87.626192095500002,-65.748496992699998
493,276855416670102,"[""ring8"",""active"",39]",-93.667366780500004,-77.4074348921
494,63086328637961,"[""ring8"",""active"",40]",-98.898824033400004,-89.451457456300005
495,80180257145509,"[""ring8"",""active"",41]",-103.2961723855,-101.8244098924
496,201068241412195,"[""ring8"",""active"",42]",-106.83890936909999,-114.4686037845
497,89479408681291,"[""ring8"",""active"",43]",-109.5105171088,-127.3250860639
498,26501276598608,"[""ring8"",""active"",44]",-111.298539336,-140.33391387539999
499,252764545910328,"[""ring8"",""active"",45]",-112.1946394659,-153.43443405869999
500,237539323347336,"[""ring8"",""active"",46]",-112.1946394659,-166.56556594130001
501,75029977817500,"[""ring8"",""active"",47]",-111.298539336,-179.66608612460001
502,224607538536195,"[""ring8"",""active"",48]",-109.5105171088,-192.67491393610001
503,210764997604661,"[""ring8"",""active"",49]",-106.83890936909999,-205.5313962155
504,46772381161956,"[""ring8"",""active"",50]",-103.2961723855,-218.17559010759999
505,62421198131876,"[""ring8"",""active"",51]",-98.898824033400004,-230.54854254369999
506,235643662284623,"[""ring8"",""active"",52]",-93.667366780500004,-242.59256510789999
507,262819177905100,"[""ring8"",""active"",53]",-87.626192095500002,-254.25150300729999
508,252552166573107,"[""ring8"",""active"",54]",-80.803466723499994,-265.47099689139998
509,42675663034389,"[""ring8"",""active"",55]",-73.231001359800004,-276.1987363005
510,228157238553140,"[""ring8"",""active"",56]",-64.944102333399996,-286.38470356149998
511,34098461380809,"[""ring8"",""active"",57]",-55.981406992899998,-295.98140699290002
512,60965590524995,"[""ring8"",""active"",58]",-46.384703561499997,-304.9441023334
513,244959290494479,"[""ring8"",""active"",59]",-36.198736300500002,-313.23100135980002
514,60173186848283,"[""ring8"",""active"",60]",-25.470996891399999,-320.80346672349998
515,253936474644625,"[""ring8"",""active"",61]",-14.2515030073,-327.62619209550002
516,116280888669318,"[""ring8"",""active"",62]",-2.5925651079000001,-333.6673667805
517,114106914944888,"[""ring8"",""active"",63]",9.4514574563,-338.89882403339999
518,40740589002729,"[""ring8"",""active"",64]",21.824409892399999,-343.29617238549997
519,51205540404889,"[""ring8"",""active"",65]",34.468603784499997,-346.83890936910001
520,249691745359107,"[""ring8"",""active"",86]",258.89882403339999,-230.54854254369999
521,167953906478754,"[""ring8"",""active"",87]",263.29617238549997,-218.17559010759999
522,91552215359534,"[""ring8"",""active"",88]",266.83890936910001,-205.5313962155
523,106578588540520,"[""ring8"",""active"",89]",269.5105171088,-192.67491393610001
524,185343818846557,"[""ring8"",""active"",90]",271.29853933599998,-179.66608612460001
525,35243663952562,"[""ring8"",""active"",91]",272.19463946590002,-166.56556594130001
526,125797870279228,"[""ring9"",""active"",0]",285.31645750439998,-153.41590083209999
527,194797963855147,"[""ring9"",""active"",1]",284.47276814029999,-140.274757972
528,89571561756875,"[""ring9"",""active"",2]",282.78885631259999,-127.2146703625
529,168223872581822,"[""ring9"",""active"",3]",280.27164157620001,-114.2893047048
530,270332021443703,"[""ring9"",""active"",4]",276.93146770649997,-101.5517740991
531,3423682913562,"[""ring9"",""active"",5]",272.78206019430002,-89.054419790699995
532,250743824423220,"[""ring9"",""active"",6]",267.8404698452,-76.848596089099999
533,123984057099878,"[""ring9"",""active"",7]",262.12700271379998,-64.984459342099996
534,109131239212470,"[""ring9"",""active"",8]",255.6651366621,-53.510761832500002
535,60007292473724,"[""ring9"",""active"",9]",248.4814248838,-42.474651444400003
536,183922960676722,"[""ring9"",""active"",10]",240.6053867915,-31.921477922600001
537,244026363009533,"[""ring9"",""active"",11]",232.06938671520001,-21.894606520699998
538,134526403365745,"[""ring9"",""active"",12]",222.9085009101,-12.4352398042
539,271629929750622,"[""ring9"",""active"",13]",213.16037342089999,-3.5822483399
540,91866714086023,"[""ring9"",""active"",14]",202.86506139459999,4.6279890314000003
541,252673504642266,"[""ring9"",""active"",15]",192.0648704765,12.161734683100001
542,182925999859411,"[""ring9"",""active"",16]",180.80418096779999,18.9880308384
543,74309374254258,"[""ring9"",""active"",17]",169.129265457,25.078826782299998
544,230210593372475,"[""ring9"",""active"",18]",157.08809867630001,30.409094127500001
545,13443920988055,"[""ring9"",""active"",19]",144.73016036280001,34.9569296624
546,208622677056872,"[""ring9"",""active"",20]",132.10623193590001,38.703645355200003
547,39592251780274,"[""ring9"",""active"",21]",119.2681878251,41.633845147400002
548,12335931589554,"[""ring9"",""active"",22]",106.26878230760001,43.735488219600001
549,37921723584664,"[""ring9"",""active"",23]",93.161432728899996,44.999938469600004
550,46532540838939,"[""ring9"",""active"",24]",80,45.421999999999997
551,221836744379569,"[""ring9"",""active"",25]",66.838567271100004,44.999938469600004
552,163801405267883,"[""ring9"",""active"",26]",53.731217692400001,43.735488219600001
553,238982923778748,"[""ring9"",""active"",27]",40.7318121749,41.633845147400002
554,205745359222780,"[""ring9"",""active"",28]",27.893768064100001,38.703645355200003
555,162046055810862,"[""ring9"",""active"",29]",15.2698396372,34.9569296624
556,16135229903257,"[""ring9"",""active"",30]",2.9119013237,30.409094127500001
557,219961057606929,"[""ring9"",""active"",31]",-9.1292654570000007,25.078826782299998
558,38238546939468,"[""ring9"",""active"",32]",-20.804180967800001,18.9880308384
559,275681201462891,"[""ring9"",""active"",33]",-32.064870476499998,12.161734683100001
560,211355088550619,"[""ring9"",""active"",34]",-42.865061394599998,4.6279890314000003
561,221360357038448,"[""ring9"",""active"",35]",-53.160373420900001,-3.5822483399
562,223009927988812,"[""ring9"",""active"",36]",-62.908500910100003,-12.4352398042
563,210617608994225,"[""ring9"",""active"",37]",-72.069386715199997,-21.894606520699998
564,15081599663134,"[""ring9"",""active"",38]",-80.605386791499996,-31.921477922600001
565,46320946312222,"[""ring9"",""active"",39]",-88.481424883800003,-42.474651444400003
566,225269520396524,"[""ring9"",""active"",40]",-95.665136662099997,-53.510761832500002
567,173457709519417,"[""ring9"",""active"",41]",-102.1270027138,-64.984459342099996
568,154323244090370,"[""ring9"",""active"",42]",-107.8404698452,-76.848596089099999
569,179984352001694,"[""ring9"",""active"",43]",-112.7820601943,-89.054419790699995
570,103164462862684,"[""ring9"",""active"",44]",-116.9314677065,-101.5517740991
571,213722942061737,"[""ring9"",""active"",45]",-120.2716415762,-114.2893047048
572,277505777930000,"[""ring9"",""active"",46]",-122.7888563126,-127.2146703625
573,270924983377453,"[""ring9"",""active"",47]",-124.4727681403,-140.274757972
574,181821888419372,"[""ring9"",""active"",48]",-125.31645750440001,-153.41590083209999
575,156532336352418,"[""ring9"",""active"",49]",-125.31645750440001,-166.58409916790001
576,227955277581842,"[""ring9"",""active"",50]",-124.4727681403,-179.725242028
577,11340136088227,"[""ring9"",""active"",51]",-122.7888563126,-192.78532963750001
578,57652450693941,"[""ring9"",""active"",52]",-120.2716415762,-205.7106952952
579,123785471648349,"[""ring9"",""active"",53]",-116.9314677065,-218.44822590090001
580,75091553331911,"[""ring9"",""active"",54]",-112.7820601943,-230.9455802093
581,272340083496617,"[""ring9"",""active"",55]",-107.8404698452,-243.1514039109
582,209873485150225,"[""ring9"",""active"",56]",-102.1270027138,-255.0155406579
583,60973697421276,"[""ring9"",""active"",57]",-95.665136662099997,-266.48923816749999
584,91243862051056,"[""ring9"",""active"",58]",-88.481424883800003,-277.52534855559998
585,107611000919233,"[""ring9"",""active"",59]",-80.605386791499996,-288.07852207740001
586,86254612139789,"[""ring9"",""active"",60]",-72.069386715199997,-298.10539347930001
587,270522535005507,"[""ring9"",""active"",61]",-62.908500910100003,-307.56476019579998
588,74320493226543,"[""ring9"",""active"",62]",-53.160373420900001,-316.41775166010001
589,196184725122870,"[""ring9"",""active"",63]",-42.865061394599998,-324.62798903139998
590,11587045354879,"[""ring9"",""active"",64]",-32.064870476499998,-332.16173468310001
591,203586314635190,"[""ring9"",""active"",65]",-20.804180967800001,-338.98803083839999
592,227591073418422,"[""ring9"",""active"",66]",-9.1292654570000007,-345.07882678229998
593,201054203457862,"[""ring9"",""active"",94]",280.27164157620001,-205.7106952952
594,250695471417951,"[""ring9"",""active"",95]",282.78885631259999,-192.78532963750001
595,173283086101942,"[""ring9"",""active"",96]",284.47276814029999,-179.725242028
596,55538106196645,"[""ring9"",""active"",97]",285.31645750439998,-166.58409916790001
597,172474163115530,"[""ring10"",""active"",0]",298.43754991690002,-153.39951336269999
598,199925557887058,"[""ring10"",""active"",1]",297.64049498610001,-140.22262454809999
599,279228618000839,"[""ring10"",""active"",2]",296.04929349150001,-127.1179012317
600,42309364814537,"[""ring10"",""active"",3]",293.66975155469999,-114.13316112779999
601,269370549870250,"[""ring10"",""active"",4]",290.51055186619999,-101.31578414480001
602,177128027911657,"[""ring10"",""active"",5]",286.58322200319998,-88.7125395013
603,140196495955528,"[""ring10"",""active"",6]",281.9020923663,-76.369415070399995
604,77902284120045,"[""ring10"",""active"",7]",276.48424389000002,-64.331449574399997
605,274383146580543,"[""ring10"",""active"",8]",270.34944571580002,-52.642568243900001
606,233739275243107,"[""ring10"",""active"",9]",263.52008305689998,-41.345422539399998
607,173313357515596,"[""ring10"",""active"",10]",256.02107551709997,-30.481234520299999
608,49304209612529,"[""ring10"",""active"",11]",247.87978616160001,-20.089646430599998
609,265830952138703,"[""ring10"",""active"",12]",239.12592167240001,-10.208576048299999
610,183373277524924,"[""ring10"",""active"",13]",229.79142395170001,-0.87407832760000004
611,5637792400540,"[""ring10"",""active"",14]",219.9103535694,7.8797861616000002
612,269084107532656,"[""ring10"",""active"",15]",209.51876547969999,16.021075517100002
613,277164273177310,"[""ring10"",""active"",16]",198.6545774606,23.520083056899999
614,159639930345126,"[""ring10"",""active"",17]",187.3574317561,30.349445715800002
615,25205170815886,"[""ring10"",""active"",18]",175.66855042559999,36.484243890000002
616,51186292520246,"[""ring10"",""active"",19]",163.63058492959999,41.902092366300003
617,55975604336411,"[""ring10"",""active"",20]",151.2874604987,46.5832220032
618,44345853330234,"[""ring10"",""active"",21]",138.68421585519999,50.510551866199997
619,142948145984137,"[""ring10"",""active"",22]",125.86683887220001,53.669751554699999
620,38917648349763,"[""ring10"",""active"",23]",112.8820987683,56.049293491500002
621,167132142782736,"[""ring10"",""active"",24]",99.777375451899999,57.640494986100002
622,172575138973074,"[""ring10"",""active"",25]",86.600486637299994,58.437549916899997
623,206709984788430,"[""ring10"",""active"",26]",73.399513362700006,58.437549916899997
624,23020641473524,"[""ring10"",""active"",27]",60.222624548100001,57.640494986100002
625,34433825127062,"[""ring10"",""active"",28]",47.117901231700003,56.049293491500002
626,110094276154620,"[""ring10"",""active"",29]",34.133161127800001,53.669751554699999
627,227745589159590,"[""ring10"",""active"",30]",21.315784144799999,50.510551866199997
628,11255515374092,"[""ring10"",""active"",31]",8.7125395013000002,46.5832220032
629,270450823204176,"[""ring10"",""active"",32]",-3.6305849295999999,41.902092366300003
630,239794502843318,"[""ring10"",""active"",33]",-15.668550425599999,36.484243890000002
631,123345788251926,"[""ring10"",""active"",34]",-27.357431756099999,30.349445715800002
632,86620170567299,"[""ring10"",""active"",35]",-38.654577460600002,23.520083056899999
633,278948417656352,"[""ring10"",""active"",36]",-49.518765479700001,16.021075517100002
634,153329039887504,"[""ring10"",""active"",37]",-59.910353569400002,7.8797861616000002
635,244852078210318,"[""ring10"",""active"",38]",-69.791423951699997,-0.87407832760000004
636,236665206409186,"[""ring10"",""active"",39]",-79.125921672399997,-10.208576048299999
637,238818893321525,"[""ring10"",""active"",40]",-87.879786161599995,-20.089646430599998
638,233169623684519,"[""ring10"",""active"",41]",-96.021075517100002,-30.481234520299999
639,266925950329579,"[""ring10"",""active"",42]",-103.52008305690001,-41.345422539399998
640,223340820183600,"[""ring10"",""active"",43]",-110.3494457158,-52.642568243900001
641,147184792139813,"[""ring10"",""active"",44]",-116.48424389,-64.331449574399997
642,249082231839352,"[""ring10"",""active"",45]",-121.9020923663,-76.369415070399995
643,142449631629575,"[""ring10"",""active"",46]",-126.58322200320001,-88.7125395013
644,55790143994605,"[""ring10"",""active"",47]",-130.51055186619999,-101.31578414480001
645,58116577585164,"[""ring10"",""active"",48]",-133.66975155470001,-114.13316112779999
646,203524580081841,"[""ring10"",""active"",49]",-136.04929349150001,-127.1179012317
647,121511660269856,"[""ring10"",""active"",50]",-137.64049498610001,-140.22262454809999
648,137924173292362,"[""ring10"",""active"",51]",-138.4375499169,-153.39951336269999
649,127642190415742,"[""ring10"",""active"",52]",-138.4375499169,-166.60048663730001
650,263568781339220,"[""ring10"",""active"",53]",-137.64049498610001,-179.77737545190001
651,132280700110107,"[""ring10"",""active"",54]",-136.04929349150001,-192.88209876830001
652,155529656779273,"[""ring10"",""active"",55]",-133.66975155470001,-205.86683887219999
653,255689862235959,"[""ring10"",""active"",56]",-130.51055186619999,-218.68421585519999
654,194032139333679,"[""ring10"",""active"",57]",-126.58322200320001,-231.2874604987
655,63692208333685,"[""ring10"",""active"",58]",-121.9020923663,-243.63058492959999
656,227404135121849,"[""ring10"",""active"",59]",-116.48424389,-255.66855042559999
657,249406166904954,"[""ring10"",""active"",60]",-110.3494457158,-267.35743175610003
658,85426733846450,"[""ring10"",""active"",61]",-103.52008305690001,-278.65457746060002
659,11883891431356,"[""ring10"",""active"",62]",-96.021075517100002,-289.51876547969999
660,14450273945529,"[""ring10"",""active"",63]",-87.879786161599995,-299.9103535694
661,257643605249143,"[""ring10"",""active"",64]",-79.125921672399997,-309.79142395169998
662,95578123324507,"[""ring10"",""active"",65]",-69.791423951699997,-319.12592167240001
663,223318424710327,"[""ring10"",""active"",66]",-59.910353569400002,-327.87978616160001
664,157274789700213,"[""ring10"",""active"",67]",-49.518765479700001,-336.02107551709997
665,238033804364506,"[""ring10"",""active"",68]",-38.654577460600002,-343.52008305689998
666,124499559175476,"[""ring10"",""active"",102]",297.64049498610001,-179.77737545190001
667,211767509360928,"[""ring10"",""active"",103]",298.43754991690002,-166.60048663730001
668,232479309947301,"[""ring11"",""active"",0]",311.55803044909999,-153.3849194435
669,50860905246844,"[""ring11"",""active"",1]",310.80273628370003,-140.17633534839999
670,143329153940912,"[""ring11"",""active"",2]",309.29461156529999,-127.0324119269
671,3919468611562,"[""ring11"",""active"",3]",307.03857548349998,-113.9960219253
672,230294396515493,"[""ring11"",""active"",4]",304.04198675880002,-101.1096873382
673,149700328576904,"[""ring11"",""active"",5]",300.31461964110002,-88.415440710599995
674,664180320899,"[""ring11"",""active"",6]",295.8686320269,-75.954688036299999
675,115375702687656,"[""ring11"",""active"",7]",290.71852580389998,-63.768073700599999
676,215832399220657,"[""ring11"",""active"",8]",284.88109954800001,-51.8953479065
677,22825761017195,"[""ring11"",""active"",9]",278.37539373039999,-40.375237017700002
678,210615559996919,"[""ring11"",""active"",10]",271.22262861119998,-29.2453172415
679,31872758005241,"[""ring11"",""active"",11]",263.44613502350001,-18.541892062799999
680,221025727242852,"[""ring11"",""active"",12]",255.07127827310001,-8.2998738296999992
681,225771381567190,"[""ring11"",""active"",13]",246.12537540189999,1.4473301229
682,9006412514781,"[""ring11"",""active"",14]",236.63760608570001,10.667926441900001
683,148011200851181,"[""ring11"",""active"",15]",226.638917456,19.331839458600001
684,135996081291481,"[""ring11"",""active"",16]",216.1619231567,27.410809289399999
685,271030481597108,"[""ring11"",""active"",17]",205.2407969656,34.878484014199998
686,81300645859808,"[""ring11"",""active"",18]",193.91116132650001,41.71050563
687,104310201120189,"[""ring11"",""active"",19]",182.2099711557,47.884589502399997
688,203883247483410,"[""ring11"",""active"",20]",170.17539330369999,53.380597053199999
689,14709532842178,"[""ring11"",""active"",21]",157.84668206180001,58.180601447999997
690,52305640921682,"[""ring11"",""active"",22]",145.2640511237,62.268946070200002
691,56159762189962,"[""ring11"",""active"",23]",132.46854241610001,65.632295589500004
692,32249758069300,"[""ring11"",""active"",24]",119.5018922288,68.259679458700006
693,244462011710435,"[""ring11"",""active"",25]",106.4063950797,70.142527697800006
694,75668972759819,"[""ring11"",""active"",26]",93.224765758399997,71.2746988472
695,100936505335710,"[""ring11"",""active"",27]",80,71.652500000000003
696,66324793799683,"[""ring11"",""active"",28]",66.775234241600003,71.2746988472
697,191337993838044,"[""ring11"",""active"",29]",53.593604920300002,70.142527697800006
698,1073285995238,"[""ring11"",""active"",30]",40.498107771199997,68.259679458700006
699,240691178521803,"[""ring11"",""active"",31]",27.5314575839,65.632295589500004
700,192207009879479,"[""ring11"",""active"",32]",14.7359488763,62.268946070200002
701,103074661770529,"[""ring11"",""active"",33]",2.1533179381999998,58.180601447999997
702,14045776964446,"[""ring11"",""active"",34]",-10.1753933037,53.380597053199999
703,70529921752921,"[""ring11"",""active"",35]",-22.2099711557,47.884589502399997
704,9662780048332,"[""ring11"",""active"",36]",-33.9111613265,41.71050563
705,103980759562146,"[""ring11"",""active"",37]",-45.240796965599998,34.878484014199998
706,280440000870112,"[""ring11"",""active"",38]",-56.161923156699999,27.410809289399999
707,132900369217242,"[""ring11"",""active"",39]",-66.638917456000001,19.331839458600001
708,87791505369010,"[""ring11"",""active"",40]",-76.6376060857,10.667926441900001
709,128219859946054,"[""ring11"",""active"",41]",-86.125375401900001,1.4473301229
710,138724918645793,"[""ring11"",""active"",42]",-95.071278273100006,-8.2998738296999992
711,190207085053315,"[""ring11"",""active"",43]",-103.44613502350001,-18.541892062799999
712,14715469083712,"[""ring11"",""active"",44]",-111.22262861119999,-29.2453172415
713,209780806195365,"[""ring11"",""active"",45]",-118.37539373040001,-40.375237017700002
714,85778706310978,"[""ring11"",""active"",46]",-124.88109954799999,-51.8953479065
715,94854430522564,"[""ring11"",""active"",47]",-130.71852580390001,-63.768073700599999
716,8568384943035,"[""ring11"",""active"",48]",-135.8686320269,-75.954688036299999
717,167724292612319,"[""ring11"",""active"",49]",-140.31461964109999,-88.415440710599995
718,183752988734648,"[""ring11"",""active"",50]",-144.04198675879999,-101.1096873382
719,219427054293820,"[""ring11"",""active"",51]",-147.03857548350001,-113.9960219253
720,229158023095686,"[""ring11"",""active"",52]",-149.29461156529999,-127.0324119269
721,273403135210151,"[""ring11"",""active"",53]",-150.8027362837,-140.17633534839999
722,250221646710141,"[""ring11"",""active"",54]",-151.55803044909999,-153.3849194435
723,79821941779339,"[""ring11"",""active"",55]",-151.55803044909999,-166.6150805565
724,184232025959448,"[""ring11"",""active"",56]",-150.8027362837,-179.82366465160001
725,14493196065562,"[""ring11"",""active"",57]",-149.29461156529999,-192.96758807309999
726,281234359718790,"[""ring11"",""active"",58]",-147.03857548350001,-206.0039780747
727,154672153942259,"[""ring11"",""active"",59]",-144.04198675879999,-218.89031266180001
728,192757230556453,"[""ring11"",""active"",60]",-140.31461964109999,-231.5845592894
729,212199831827710,"[""ring11"",""active"",61]",-135.8686320269,-244.04531196369999
730,60603431078269,"[""ring11"",""active"",62]",-130.71852580390001,-256.23192629940002
731,126538151549551,"[""ring11"",""active"",63]",-124.88109954799999,-268.10465209350002
732,146495590976733,"[""ring11"",""active"",64]",-118.37539373040001,-279.62476298230001
733,50984545312830,"[""ring11"",""active"",65]",-111.22262861119999,-290.7546827585
734,114948843564819,"[""ring11"",""active"",66]",-103.44613502350001,-301.4581079372
735,97039671693358,"[""ring11"",""active"",67]",-95.071278273100006,-311.7001261703
736,205412286443043,"[""ring11"",""active"",68]",-86.125375401900001,-321.44733012289998
737,177994386183626,"[""ring11"",""active"",69]",-76.6376060857,-330.66792644190002
738,116775653627168,"[""ring11"",""active"",70]",-66.638917456000001,-339.33183945859997
739,15095316137380,"[""ring12"",""active"",2]",322.56512889139998,-127.237068416
740,21284940582560,"[""ring12"",""active"",3]",320.45683611480001,-114.26422182020001
741,104244924606252,"[""ring12"",""active"",4]",317.6552440323,-101.42324331259999
742,43693989809466,"[""ring12"",""active"",5]",314.16843035900001,-88.751156758400001
743,241596496230020,"[""ring12"",""active"",6]",310.00644848140001,-76.284499063499993
744,181193497203570,"[""ring12"",""active"",7]",305.18129847059998,-64.059214829400005
745,67595663728408,"[""ring12"",""active"",8]",299.70689248330001,-52.110552715300003
746,144704543391314,"[""ring12"",""active"",9]",293.59901464910001,-40.472963807299998
747,25630916321626,"[""ring12"",""active"",10]",286.87527556089998,-29.180002286800001
748,198287664105918,"[""ring12"",""active"",11]",279.55506149899998,-18.264228685300001
749,98297547837049,"[""ring12"",""active"",12]",271.65947853580002,-7.7571160039000002
750,167442685379849,"[""ring12"",""active"",13]",263.21129168070001,2.3110410315999999
751,43722190179802,"[""ring12"",""active"",14]",254.2348592434,11.9112133181
752,149792332955911,"[""ring12"",""active"",15]",244.75606260250001,21.015721073600002
753,271968116210543,"[""ring12"",""active"",16]",234.8022315824,29.598313645400001
754,18830141797848,"[""ring12"",""active"",17]",224.40206565470001,37.634245197299997
755,155746111806125,"[""ring12"",""active"",18]",213.58555119019999,45.1003460584
756,260616336067978,"[""ring12"",""active"",19]",202.38387499999999,51.975089527199998
757,91602902997760,"[""ring12"",""active"",20]",190.82933441649999,58.238653938399999
758,224297049614986,"[""ring12"",""active"",21]",178.9552441713,63.872979814600001
759,196350846926909,"[""ring12"",""active"",22]",166.79584034039999,68.861821935600005
760,49739719040863,"[""ring12"",""active"",23]",154.3861816328,73.190796177999999
761,216886670514881,"[""ring12"",""active"",24]",141.76204830719999,76.847420988600007
762,88316470805252,"[""ring12"",""active"",25]",128.95983900780001,79.821153371400001
763,198631377282869,"[""ring12"",""active"",26]",116.0164658182,82.103419286100007
764,134918750124482,"[""ring12"",""active"",27]",102.969247834,83.687638369300004
765,136285100735002,"[""ring12"",""active"",28]",89.855803562199995,84.569242907200007
766,188667730959992,"[""ring12"",""active"",29]",76.713942457399995,84.745691005799998
767,106995176848617,"[""ring12"",""active"",30]",63.581555907099997,84.216473919400002
768,231353215825364,"[""ring12"",""active"",31]",50.496507981400001,82.983117518
769,58669025125971,"[""ring12"",""active"",32]",37.496526260899998,81.049177887400006
770,275876603261418,"[""ring12"",""active"",33]",24.619093058000001,78.420231075999993
771,121581170320119,"[""ring12"",""active"",34]",11.9013373465,75.103857018300005
772,195777189040132,"[""ring12"",""active"",35]",-0.62007229190000002,71.109617678999996
773,141670809921506,"[""ring12"",""active"",36]",-12.9090333915,66.449029484199997
774,159062754341843,"[""ring12"",""active"",37]",-24.930113696399999,61.1355301161
775,60045675090491,"[""ring12"",""active"",38]",-36.648653320000001,55.184439769000001
776,45078197210876,"[""ring12"",""active"",39]",-48.030864679099999,48.612916976900003
777,95413172796324,"[""ring12"",""active"",40]",-59.043929911699998,41.439909141100003
778,240700718671888,"[""ring12"",""active"",41]",-69.656095499900005,33.686097900199997
779,191455264063925,"[""ring12"",""active"",42]",-79.836763822999998,25.373839499199999
780,10916194490280,"[""ring12"",""active"",43]",-89.556581378700002,16.5271003308
781,219377941947507,"[""ring12"",""active"",44]",-98.787523417000003,7.1713878343999999
782,77593315184034,"[""ring12"",""active"",45]",-107.5029747422,-2.6663230490999998
783,58681086670728,"[""ring12"",""active"",46]",-115.6778064521,-12.9576676526
784,249342145052635,"[""ring12"",""active"",47]",-123.28844839040001,-23.672973365200001
785,145178005254912,"[""ring12"",""active"",48]",-130.31295710649999,-34.781345186899998
786,44980537554465,"[""ring12"",""active"",49]",-136.73107912309999,-46.250754806000003
787,46456468654295,"[""ring12"",""active"",50]",-142.52430933299999,-58.048132945399999
788,249442802094454,"[""ring12"",""active"",51]",-147.67594435390001,-70.139464709999999
789,249608969179111,"[""ring12"",""active"",52]",-152.17113068840001,-82.489887660199997
790,20616595894406,"[""ring12"",""active"",53]",-155.99690755060001,-95.063792329400002
791,264769390966077,"[""ring12"",""active"",54]",-159.14224423530001,-107.8249248955
792,31999187835031,"[""ring12"",""active"",55]",-161.59807192279999,-120.73649170980001
793,227396253847991,"[""ring12"",""active"",56]",-163.35730982600001,-133.7612653827
794,165501752665255,"[""ring12"",""active"",57]",-164.41488560670001,-146.86169211999999
795,95266915561523,"[""ring12"",""active"",58]",-164.76775000000001,-160
796,166404974261654,"[""ring12"",""active"",59]",-164.41488560670001,-173.13830788000001
797,10201852040239,"[""ring12"",""active"",60]",-163.35730982600001,-186.2387346173
798,205465049660772,"[""ring12"",""active"",61]",-161.59807192279999,-199.26350829020001
799,10344509672464,"[""ring12"",""active"",62]",-159.14224423530001,-212.1750751045
800,230525511777620,"[""ring12"",""active"",63]",-155.99690755060001,-224.9362076706
801,150971642869940,"[""ring12"",""active"",64]",-152.17113068840001,-237.5101123398
802,27433145668803,"[""ring12"",""active"",65]",-147.67594435390001,-249.86053529
803,98516881441238,"[""ring12"",""active"",66]",-142.52430933299999,-261.95186705459997
804,114603262057233,"[""ring12"",""active"",67]",-136.73107912309999,-273.74924519400003
805,140207872446827,"[""ring12"",""active"",68]",-130.31295710649999,-285.21865481309999
806,149562009251788,"[""ring12"",""active"",69]",-123.28844839040001,-296.32702663480001
807,236784146795693,"[""ring12"",""active"",70]",-115.6778064521,-307.04233234740002
808,234297305485642,"[""ring12"",""active"",71]",-107.5029747422,-317.33367695089999
809,209156984760191,"[""ring12"",""active"",72]",-98.787523417000003,-327.17138783439998
810,174946711384915,"[""ring12"",""active"",73]",-89.556581378700002,-336.52710033080001
811,75905514426929,"[""ring13"",""active"",4]",331.09949699589998,-101.2404535635
812,79593789155106,"[""ring13"",""active"",5]",327.77165469829998,-88.495812590699998
813,224024464921948,"[""ring13"",""active"",6]",323.79740444380002,-75.937717878599997
814,115358409673717,"[""ring13"",""active"",7]",319.18711459759999,-63.598932062499998
815,253947070548006,"[""ring13"",""active"",8]",313.95281287929998,-51.511645625699998
816,56640937062918,"[""ring13"",""active"",9]",308.10815498469998,-39.707392918399997
817,155964098212232,"[""ring13"",""active"",10]",301.66838895870001,-28.2169698881
818,90079464318083,"[""ring13"",""active"",11]",294.65031541569999,-17.0703537367
819,171187211124927,"[""ring13"",""active"",12]",287.07224370820001,-6.2966247127999999
820,136821204232748,"[""ring13"",""active"",13]",278.95394415999999,4.0761097545
821,115971082239510,"[""ring13"",""active"",14]",270.31659648779998,14.020788385399999
822,72097578443091,"[""ring13"",""active"",15]",261.18273454540002,23.511466648900001
823,28413221684397,"[""ring13"",""active"",16]",251.57618753579999,32.523384448999998
824,278485981031859,"[""ring13"",""active"",17]",241.52201784319999,41.033030721000003
825,96159390607854,"[""ring13"",""active"",18]",231.0464556483,49.018204769500002
826,166539769967329,"[""ring13"",""active"",19]",220.176830497,56.458074187199998
827,179958761746142,"[""ring13"",""active"",20]",208.94149999999999,63.3332292041
828,244866176847542,"[""ring13"",""active"",21]",197.36977585189999,69.625733326000002
829,197072398286193,"[""ring13"",""active"",22]",185.49184735969999,75.319170127800007
830,11412244382667,"[""ring13"",""active"",23]",173.3387026826,80.398686083200005
831,221687157353772,"[""ring13"",""active"",24]",160.94204798749999,84.851029315000005
832,269278683033416,"[""ring13"",""active"",25]",148.33422473100001,88.664584167900003
833,104067888206321,"[""ring13"",""active"",26]",135.5481252845,91.829401512999993
834,254104218705053,"[""ring13"",""active"",27]",122.6171071215,94.337224702900002
835,181649543333504,"[""ring13"",""active"",28]",109.574905792,96.181511113499994
836,84778092386348,"[""ring13"",""active"",29]",96.455546910099997,97.357449212000006
837,173373651370546,"[""ring13"",""active"",30]",83.293257385199993,97.861971110100001
838,155379072514124,"[""ring13"",""active"",31]",70.122376127799996,97.6937605679
839,63542301426551,"[""ring13"",""active"",32]",56.977264463300003,96.8532564275
840,237809870710852,"[""ring13"",""active"",33]",43.892216487100001,95.342651468100001
841,273607465278557,"[""ring13"",""active"",34]",30.9013695953,93.165886685700002
842,33764067025229,"[""ring13"",""active"",35]",18.0386154242,90.328641011100004
843,110411429840760,"[""ring13"",""active"",36]",5.3375114309000002,86.838316494200001
844,58712024746136,"[""ring13"",""active"",37]",-7.1688066546,82.704018993099993
845,166870077349135,"[""ring13"",""active"",38]",-19.4477112764,77.936534418099995
846,119094303591965,"[""ring13"",""active"",39]",-31.467168174200001,72.548300592000004
847,220178697738434,"[""ring13"",""active"",40]",-43.195819957399998,66.553374801700002
848,219966376844426,"[""ring13"",""active"",41]",-54.603067912599997,59.967397124000001
849,205134850792663,"[""ring13"",""active"",42]",-65.659151832500001,52.807549622800003
850,27691301402871,"[""ring13"",""active"",43]",-76.335227656300006,45.092511522599999
851,220607542025826,"[""ring13"",""active"",44]",-86.603442721299999,36.842410477000001
852,37495623747716,"[""ring13"",""active"",45]",-96.437008426800006,28.078770057700002
853,198694389500383,"[""ring13"",""active"",46]",-105.8102701226,18.824453601799998
854,257225471507128,"[""ring13"",""active"",47]",-114.6987740391,9.1036045643999994
855,258198880208190,"[""ring13"",""active"",48]",-123.0793310846,-1.0584164694
856,269062723872836,"[""ring13"",""active"",49]",-130.93007734259999,-11.6350979468
857,262626287242684,"[""ring13"",""active"",50]",-138.23053111249999,-22.5988465137
858,192097914777951,"[""ring13"",""active"",51]",-144.96164634389999,-33.921059001700002
859,199714151705518,"[""ring13"",""active"",52]",-151.10586232579999,-45.572197051400003
860,62427143292944,"[""ring13"",""active"",53]",-156.64714950019999,-57.521864173700003
861,46873906860480,"[""ring13"",""active"",54]",-161.57105128149999,-69.738885051599993
862,20284609643554,"[""ring13"",""active"",55]",-165.86472177229999,-82.191386872500004
863,233189163668774,"[""ring13"",""active"",56]",-169.5169592764,-94.846882480999994
864,237793420755871,"[""ring13"",""active"",57]",-172.51823552330001,-107.672355134
865,136116521257291,"[""ring13"",""active"",58]",-174.8607205257,-120.6343446378
866,260100402853990,"[""ring13"",""active"",59]",-176.53830300800001,-133.6990346417
867,242212528664118,"[""ring13"",""active"",60]",-177.5466063488,-146.83234086120001
868,265805318521810,"[""ring13"",""active"",61]",-177.88300000000001,-160
869,256763333786165,"[""ring13"",""active"",62]",-177.5466063488,-173.16765913879999
870,37956813547818,"[""ring13"",""active"",63]",-176.53830300800001,-186.3009653583
871,124903472850436,"[""ring13"",""active"",64]",-174.8607205257,-199.36565536219999
872,228409984721145,"[""ring13"",""active"",65]",-172.51823552330001,-212.32764486600001
873,257845415292791,"[""ring13"",""active"",66]",-169.5169592764,-225.15311751900001
874,172941068119887,"[""ring13"",""active"",67]",-165.86472177229999,-237.8086131275
875,146714694009248,"[""ring13"",""active"",68]",-161.57105128149999,-250.26111494840001
876,62281214065341,"[""ring13"",""active"",69]",-156.64714950019999,-262.47813582629999
877,123954796464206,"[""ring13"",""active"",70]",-151.10586232579999,-274.4278029486
878,269529217296095,"[""ring13"",""active"",71]",-144.96164634389999,-286.07894099830003
879,182698035263456,"[""ring13"",""active"",72]",-138.23053111249999,-297.40115348630002
880,193261455930841,"[""ring13"",""active"",73]",-130.93007734259999,-308.36490205320001
881,240374523610471,"[""ring13"",""active"",74]",-123.0793310846,-318.94158353059998
882,25847724206996,"[""ring13"",""active"",75]",-114.6987740391,-329.10360456439997
883,42964507451191,"[""ring14"",""active"",6]",337.52994437199999,-75.629511943899999
884,247535241469648,"[""ring14"",""active"",7]",333.11673093830001,-63.191054018000003
885,88950734206602,"[""ring14"",""active"",8]",328.10315258359998,-50.982216216200001
886,164070270869329,"[""ring14"",""active"",9]",322.50110096190002,-39.031956553199997
887,163899520792589,"[""ring14"",""active"",10]",316.32386352050003,-27.368619724399998
888,12640003296592,"[""ring14"",""active"",11]",309.58609198430003,-16.019869876400001
889,5255470547261,"[""ring14"",""active"",12]",302.30376760299998,-5.0126249897999999
890,6779128017491,"[""ring14"",""active"",13]",294.49416324549998,5.6270069664999998
891,108190285495901,"[""ring14"",""active"",14]",286.17580243039998,15.873789961
892,39848678046352,"[""ring14"",""active"",15]",277.36841539049999,25.703419756599999
893,104440436143463,"[""ring14"",""active"",16]",268.092892275,35.092581557300001
894,196974781915655,"[""ring14"",""active"",17]",258.37123359970002,44.019005308799997
895,11351353555516,"[""ring14"",""active"",18]",248.2264980651,52.461518519899997
896,222776227942792,"[""ring14"",""active"",19]",237.68274786309999,60.4000964823
897,13049090244020,"[""ring14"",""active"",20]",226.76499160419999,67.815909766000004
898,101300716087733,"[""ring14"",""active"",21]",215.49912499999999,74.691368881100004
899,80693098301653,"[""ring14"",""active"",22]",203.91186944149999,81.010165998399998
900,160012145064261,"[""ring14"",""active"",23]",192.0307086187,86.757313629099997
901,51468201348844,"[""ring14"",""active"",24]",179.88382333230001,91.919180174100006
902,169438365934401,"[""ring14"",""active"",25]",167.50002465239999,96.483522256100002
903,44297045969110,"[""ring14"",""active"",26]",154.9086855811,100.4395137601
904,226955197929705,"[""ring14"",""active"",27]",142.13967138359999,103.7777715112
905,198014312129454,"[""ring14"",""active"",28]",129.22326875089999,106.49037753090001
906,180640409003371,"[""ring14"",""active"",29]",116.190113963,108.57089781729999
907,133818827219190,"[""ring14"",""active"",30]",103.0711202232,110.01439760629999
908,127403532046269,"[""ring14"",""active"",31]",89.897404335100006,110.8174530759
909,36785821662829,"[""ring14"",""active"",32]",76.700212897399993,110.978159467
910,203342938881546,"[""ring14"",""active"",33]",63.510848190099999,110.4961356021
911,231496839406695,"[""ring14"",""active"",34]",50.3605939292,109.3725247883
912,192153151333618,"[""ring14"",""active"",35]",37.280641064900003,107.6099921065
913,210943705361219,"[""ring14"",""active"",36]",24.302013800200001,105.2127180894
914,108143700784386,"[""ring14"",""active"",37]",11.455496005300001,102.1863888061
915,76865928448142,"[""ring14"",""active"",38]",-1.2284417991000001,98.538182375299996
916,200059509651920,"[""ring14"",""active"",39]",-13.7197147139,94.276751939700006
917,72724369807386,"[""ring14"",""active"",40]",-25.988694819599999,89.412205141399994
918,167711516952786,"[""ring14"",""active"",41]",-38.006281451,83.956080147999998
919,109031202809065,"[""ring14"",""active"",42]",-49.7439702203,77.9213182851
920,142206005456204,"[""ring14"",""active"",43]",-61.173920626600001,71.322233341200004
921,80172088093958,"[""ring14"",""active"",44]",-72.269022090299998,64.174477616700003
922,230951571330593,"[""ring14"",""active"",45]",-83.002958256599996,56.495004798399997
923,267854983090524,"[""ring14"",""active"",46]",-93.350269414699994,48.302029747500001
924,262115093678066,"[""ring14"",""active"",47]",-103.2864128857,39.6149852956
925,264510882229136,"[""ring14"",""active"",48]",-112.7878212352,30.4544761523
926,125975122494763,"[""ring14"",""active"",49]",-121.8319581722,20.842230033300002
927,154642961588767,"[""ring14"",""active"",50]",-130.39737200319999,10.801046124399999
928,119322581839012,"[""ring14"",""active"",51]",-138.46374651279999,0.35474100450000001
929,123848728733568,"[""ring14"",""active"",52]",-146.011949152,-10.4719078448
930,179482561833507,"[""ring14"",""active"",53]",-153.02407641790001,-21.653220808499999
931,33015343834190,"[""ring14"",""active"",54]",-159.48349631939999,-33.162677047800003
932,126957954850566,"[""ring14"",""active"",55]",-165.37488782619999,-44.972977403900003
933,91554095515787,"[""ring14"",""active"",56]",-170.68427720849999,-57.056109149199997
934,233918787006458,"[""ring14"",""active"",57]",-175.3990711813,-69.383412430199996
935,93963281763917,"[""ring14"",""active"",58]",-179.50808677410001,-81.925648245399998
936,212226544833028,"[""ring14"",""active"",59]",-183.00157785600001,-94.653067797299997
937,121944945474230,"[""ring14"",""active"",60]",-185.87125825210001,-107.5354830526
938,244875630498560,"[""ring14"",""active"",61]",-188.1103213975,-120.54233834590001
939,168307710207132,"[""ring14"",""active"",62]",-189.71345648179999,-133.6427828532
940,278578927113112,"[""ring14"",""active"",63]",-190.67686104570001,-146.80574376760001
941,48423019669204,"[""ring14"",""active"",64]",-190.99825000000001,-160
942,213564933028245,"[""ring14"",""active"",65]",-190.67686104570001,-173.19425623239999
943,25205538278220,"[""ring14"",""active"",66]",-189.71345648179999,-186.3572171468
944,153992992233852,"[""ring14"",""active"",67]",-188.1103213975,-199.45766165410001
945,86422131754859,"[""ring14"",""active"",68]",-185.87125825210001,-212.4645169474
946,273623864397578,"[""ring14"",""active"",69]",-183.00157785600001,-225.3469322027
947,249484876394297,"[""ring14"",""active"",70]",-179.50808677410001,-238.0743517546
948,66858818865940,"[""ring14"",""active"",71]",-175.3990711813,-250.6165875698
949,190491352311633,"[""ring14"",""active"",72]",-170.68427720849999,-262.94389085080002
950,110628173690996,"[""ring14"",""active"",73]",-165.37488782619999,-275.02702259609998
951,240500657153407,"[""ring14"",""active"",74]",-159.48349631939999,-286.8373229522
952,238403072576231,"[""ring14"",""active"",75]",-153.02407641790001,-298.34677919149999
953,102593657771864,"[""ring14"",""active"",76]",-146.011949152,-309.5280921552
954,231658491970914,"[""ring14"",""active"",77]",-138.46374651279999,-320.3547410045
955,97992445606301,"[""ring15"",""active"",8]",342.48664756009998,-51.274470638700002
956,230829756256160,"[""ring15"",""active"",9]",337.18524670419998,-39.267942285499998
957,43377485708803,"[""ring15"",""active"",10]",331.33499957079999,-27.519062227799999
958,81120339377481,"[""ring15"",""active"",11]",324.94839088229998,-16.052903167699998
959,279364788569901,"[""ring15"",""active"",12]",318.0390499833,-4.8939344665000002
960,5194909739840,"[""ring15"",""active"",13]",310.62172175569998,5.9340300741999998
961,267305865248056,"[""ring15"",""active"",14]",302.7122351516,16.407883032499999
962,105954157304361,"[""ring15"",""active"",15]",294.32746941409999,26.505272678299999
963,174576859448037,"[""ring15"",""active"",16]",285.48531805570002,36.2046506732
964,160207716641544,"[""ring15"",""active"",17]",276.20465067319998,45.485318055699999
965,73520737797048,"[""ring15"",""active"",18]",266.5052726783,54.327469414100001
966,6713702698585,"[""ring15"",""active"",19]",256.40788303250002,62.712235151599998
967,195301154799590,"[""ring15"",""active"",20]",245.9340300742,70.621721755699994
968,201669159287225,"[""ring15"",""active"",21]",235.10606553349999,78.039049983300004
969,209990551669753,"[""ring15"",""active"",22]",223.94709683229999,84.948390882300004
970,32571105795623,"[""ring15"",""active"",23]",212.48093777220001,91.334999570799994
971,262300684399781,"[""ring15"",""active"",24]",200.7320577145,97.185246704199997
972,200861100011056,"[""ring15"",""active"",25]",188.7255293613,102.4866475601
973,26128418700104,"[""ring15"",""active"",26]",176.48697524919999,107.2278886822
974,234574533317925,"[""ring15"",""active"",27]",164.0425130694,111.3988520227
975,263796972873561,"[""ring15"",""active"",28]",151.4186999314,114.99063653579999
976,81482977543357,"[""ring15"",""active"",29]",138.64247568850001,117.9955771723
977,165450055074352,"[""ring15"",""active"",30]",125.7411054473,120.40726123749999
978,228344882376100,"[""ring15"",""active"",31]",112.74212138190001,122.220542076
979,94268610072374,"[""ring15"",""active"",32]",99.673263979400005,123.4315500551
980,197372566965640,"[""ring15"",""active"",33]",86.5624228402,124.03770082280001
981,132585554488954,"[""ring15"",""active"",34]",73.4375771598,124.03770082280001
982,97263302824896,"[""ring15"",""active"",35]",60.326736020600002,123.4315500551
983,232469024281685,"[""ring15"",""active"",36]",47.257878618100001,122.220542076
984,159699280532894,"[""ring15"",""active"",37]",34.258894552699999,120.40726123749999
985,191122481008251,"[""ring15"",""active"",38]",21.357524311500001,117.9955771723
986,220089412287740,"[""ring15"",""active"",39]",8.5813000685999992,114.99063653579999
987,276276095719582,"[""ring15"",""active"",40]",-4.0425130694,111.3988520227
988,167553349737317,"[""ring15"",""active"",41]",-16.4869752492,107.2278886822
989,253158467848667,"[""ring15"",""active"",42]",-28.725529361300001,102.4866475601
990,30989953454086,"[""ring15"",""active"",43]",-40.732057714500002,97.185246704199997
991,66403068318291,"[""ring15"",""active"",44]",-52.480937772200001,91.334999570799994
992,57035283632322,"[""ring15"",""active"",45]",-63.947096832299998,84.948390882300004
993,20564325801018,"[""ring15"",""active"",46]",-75.106065533500001,78.039049983300004
994,111532104877773,"[""ring15"",""active"",47]",-85.934030074199995,70.621721755699994
995,66990161067564,"[""ring15"",""active"",48]",-96.407883032499996,62.712235151599998
996,91916441936778,"[""ring15"",""active"",49]",-106.5052726783,54.327469414100001
997,273418900851785,"[""ring15"",""active"",50]",-116.20465067320001,45.485318055699999
998,92957508625192,"[""ring15"",""active"",51]",-125.48531805570001,36.2046506732
999,275605062085477,"[""ring15"",""active"",52]",-134.32746941409999,26.505272678299999
1000,130013491045549,"[""ring15"",""active"",53]",-142.7122351516,16.407883032499999
1001,119163007092565,"[""ring15"",""active"",54]",-150.62172175570001,5.9340300741999998
1002,191958207238798,"[""ring15"",""active"",55]",-158.0390499833,-4.8939344665000002
1003,106294614914250,"[""ring15"",""active"",56]",-164.9483908823,-16.052903167699998
1004,196740456360525,"[""ring15"",""active"",57]",-171.33499957079999,-27.519062227799999
1005,111219419266340,"[""ring15"",""active"",58]",-177.18524670420001,-39.267942285499998
1006,130464597535559,"[""ring15"",""active"",59]",-182.48664756010001,-51.274470638700002
1007,199716584153140,"[""ring15"",""active"",60]",-187.22788868219999,-63.5130247508
1008,182892645988234,"[""ring15"",""active"",61]",-191.3988520227,-75.957486930599998
1009,221054123772071,"[""ring15"",""active"",62]",-194.99063653580001,-88.581300068600001
1010,3324005652176,"[""ring15"",""active"",63]",-197.99557717229999,-101.3575243115
1011,46892702591934,"[""ring15"",""active"",64]",-200.40726123749999,-114.2588945527
1012,121264571975823,"[""ring15"",""active"",65]",-202.22054207599999,-127.25787861809999
1013,264643561389576,"[""ring15"",""active"",66]",-203.43155005509999,-140.32673602060001
1014,6104868983332,"[""ring15"",""active"",67]",-204.03770082279999,-153.43757715979999
1015,137290986780193,"[""ring15"",""active"",68]",-204.03770082279999,-166.56242284020001
1016,91204338331379,"[""ring15"",""active"",69]",-203.43155005509999,-179.67326397939999
1017,150304764922938,"[""ring15"",""active"",70]",-202.22054207599999,-192.74212138190001
1018,52830853654258,"[""ring15"",""active"",71]",-200.40726123749999,-205.74110544729999
1019,99525184265806,"[""ring15"",""active"",72]",-197.99557717229999,-218.64247568850001
1020,228315376663278,"[""ring15"",""active"",73]",-194.99063653580001,-231.4186999314
1021,114321155340225,"[""ring15"",""active"",74]",-191.3988520227,-244.0425130694
1022,39233505499888,"[""ring15"",""active"",75]",-187.22788868219999,-256.48697524919999
1023,22726234347156,"[""ring15"",""active"",76]",-182.48664756010001,-268.7255293613
1024,262613881902835,"[""ring15"",""active"",77]",-177.18524670420001,-280.7320577145
1025,66265991293552,"[""ring15"",""active"",78]",-171.33499957079999,-292.48093777219998
1026,229075944153635,"[""ring15"",""active"",79]",-164.9483908823,-303.94709683230002
1027,103723275366416,"[""ring16"",""active"",10]",345.72252861340002,-26.8216698789
1028,135248353464592,"[""ring16"",""active"",11]",339.5715231968,-15.1982245556
1029,273325127549535,"[""ring16"",""active"",12]",332.912394334,-3.8582355076999999
1030,228939531969834,"[""ring16"",""active"",13]",325.75817758260001,7.1760987039000002
1031,136619400440251,"[""ring16"",""active"",14]",318.12287765769997,17.883177851599999
1032,19320977857301,"[""ring16"",""active"",15]",310.02144101760001,28.2420423252
1033,137174363616339,"[""ring16"",""active"",16]",301.46972660479997,38.232414161199998
1034,116954962661799,"[""ring16"",""active"",17]",292.48447480200002,47.8347367374
1035,142161348478028,"[""ring16"",""active"",18]",283.08327466140003,57.030213056500003
1036,50842970292472,"[""ring16"",""active"",19]",273.28452947390002,65.800842541799994
1037,267570022784505,"[""ring16"",""active"",20]",263.10742074339998,74.129456274299997
1038,13864981062684,"[""ring16"",""active"",21]",252.57187063789999,81.999750601299993
1039,130420148558664,"[""ring16"",""active"",22]",241.6985029917,89.396319052199999
1040,55930330310476,"[""ring16"",""active"",23]",230.50860293260001,96.3046824969
1041,73577390635375,"[""ring16"",""active"",24]",219.0240752153,102.7113174895
1042,149399166553063,"[""ring16"",""active"",25]",207.2674013422,108.60368274130001
1043,279402197812434,"[""ring16"",""active"",26]",195.26159555449999,113.9702436704
1044,264334776305930,"[""ring16"",""active"",27]",183.03015978080001,118.8004949818
1045,196885275650974,"[""ring16"",""active"",28]",170.59703763100001,123.0849812319
1046,42941508145883,"[""ring16"",""active"",29]",157.98656752560001,126.8153153375
1047,115921171693836,"[""ring16"",""active"",30]",145.2234350521,129.98419499440001
1048,99080569954259,"[""ring16"",""active"",31]",132.33262464149999,132.58541697199999
1049,154937969768674,"[""ring16"",""active"",32]",119.3393706606,134.61388925610001
1050,225736060795511,"[""ring16"",""active"",33]",106.2691080143,136.06564101679999
1051,157898677119004,"[""ring16"",""active"",34]",93.147422355499998,136.93783038199999
1052,59551296272313,"[""ring16"",""active"",35]",80,137.22874999999999
1053,274313755171394,"[""ring16"",""active"",36]",66.852577644500002,136.93783038199999
1054,82259964132185,"[""ring16"",""active"",37]",53.730891985699998,136.06564101679999
1055,89028808034281,"[""ring16"",""active"",38]",40.660629339400003,134.61388925610001
1056,71214580142678,"[""ring16"",""active"",39]",27.667375358499999,132.58541697199999
1057,209832996406320,"[""ring16"",""active"",40]",14.776564947900001,129.98419499440001
1058,245758326240794,"[""ring16"",""active"",41]",2.0134324744000001,126.8153153375
1059,224307788764112,"[""ring16"",""active"",42]",-10.597037630999999,123.0849812319
1060,444633846910,"[""ring16"",""active"",43]",-23.030159780799998,118.8004949818
1061,32576038785920,"[""ring16"",""active"",44]",-35.261595554499998,113.9702436704
1062,33234973475922,"[""ring16"",""active"",45]",-47.267401342200003,108.60368274130001
1063,238501059863328,"[""ring16"",""active"",46]",-59.024075215300002,102.7113174895
1064,14330179294251,"[""ring16"",""active"",47]",-70.508602932599999,96.3046824969
1065,108102254257362,"[""ring16"",""active"",48]",-81.698502991699996,89.396319052199999
1066,16631441601829,"[""ring16"",""active"",49]",-92.571870637900005,81.999750601299993
1067,234907186680731,"[""ring16"",""active"",50]",-103.1074207434,74.129456274299997
1068,179552535594046,"[""ring16"",""active"",51]",-113.28452947389999,65.800842541799994
1069,258165220027317,"[""ring16"",""active"",52]",-123.0832746614,57.030213056500003
1070,155003283069244,"[""ring16"",""active"",53]",-132.48447480199999,47.8347367374
1071,7335489149434,"[""ring16"",""active"",54]",-141.4697266048,38.232414161199998
1072,87164892262637,"[""ring16"",""active"",55]",-150.02144101760001,28.2420423252
1073,248931544040157,"[""ring16"",""active"",56]",-158.1228776577,17.883177851599999
1074,272615998927664,"[""ring16"",""active"",57]",-165.75817758260001,7.1760987039000002
1075,94315279257914,"[""ring16"",""active"",58]",-172.912394334,-3.8582355076999999
1076,190751843800270,"[""ring16"",""active"",59]",-179.5715231968,-15.1982245556
1077,176357689890001,"[""ring16"",""active"",60]",-185.72252861339999,-26.8216698789
1078,270298400263533,"[""ring16"",""active"",61]",-191.35336970189999,-38.7058180374
1079,257840753784473,"[""ring16"",""active"",62]",-196.45302382649999,-50.827405253099997
1080,209845167553271,"[""ring16"",""active"",63]",-201.01150817460001,-63.1627029498
1081,77772483715893,"[""ring16"",""active"",64]",-205.01989929920001,-75.687564202900006
1082,148848413995031,"[""ring16"",""active"",65]",-208.4703505864,-88.377471008399993
1083,5015204120109,"[""ring16"",""active"",66]",-211.35610761570001,-101.2075822779
1084,192847377889347,"[""ring16"",""active"",67]",-213.67152138220001,-114.1527824659
1085,178399702431466,"[""ring16"",""active"",68]",-215.41205935479999,-127.18773073520001
1086,24408035345326,"[""ring16"",""active"",69]",-216.5743143487,-140.2869105625
1087,37622008485791,"[""ring16"",""active"",70]",-217.15601119510001,-153.42467968810001
1088,32406834867674,"[""ring16"",""active"",71]",-217.15601119510001,-166.57532031189999
1089,151002547788672,"[""ring16"",""active"",72]",-216.5743143487,-179.7130894375
1090,238959383580873,"[""ring16"",""active"",73]",-215.41205935479999,-192.81226926479999
1091,141409688199073,"[""ring16"",""active"",74]",-213.67152138220001,-205.8472175341
1092,10321860085575,"[""ring16"",""active"",75]",-211.35610761570001,-218.7924177221
1093,224933793133217,"[""ring16"",""active"",76]",-208.4703505864,-231.62252899160001
1094,217216644954539,"[""ring16"",""active"",77]",-205.01989929920001,-244.31243579709999
1095,131817295067948,"[""ring16"",""active"",78]",-201.01150817460001,-256.83729705019999
1096,131447070494517,"[""ring16"",""active"",79]",-196.45302382649999,-269.17259474690002
1097,140870330439689,"[""ring16"",""active"",80]",-191.35336970189999,-281.29418196260002
1098,209720119376888,"[""ring16"",""active"",81]",-185.72252861339999,-293.17833012109998
1099,30958100787413,"[""ring17"",""active"",12]",347.66112504990002,-2.9302050901999999
1100,201247811876415,"[""ring17"",""active"",13]",340.75372224879999,8.2881299123000005
1101,143384296230983,"[""ring17"",""active"",14]",333.37642361569999,19.203198329999999
1102,248604990759548,"[""ring17"",""active"",15]",325.54252354139999,29.795330471900002
1103,237911829236964,"[""ring17"",""active"",16]",317.26613924319997,40.045438599900002
1104,108597255970984,"[""ring17"",""active"",17]",308.56218532520001,49.935051326299998
1105,23798040952883,"[""ring17"",""active"",18]",299.44634690060002,59.446346900599998
1106,110316593108706,"[""ring17"",""active"",19]",289.93505132630003,68.562185325200005
1107,185556115726987,"[""ring17"",""active"",20]",280.04543859990002,77.266139243200001
1108,90738966461833,"[""ring17"",""active"",21]",269.7953304719,85.542523541400001
1109,8346490300935,"[""ring17"",""active"",22]",259.20319833000002,93.376423615700006
1110,234128383958195,"[""ring17"",""active"",23]",248.28812991230001,100.7537222488
1111,28859929127715,"[""ring17"",""active"",24]",237.06979490980001,107.66112504989999
1112,23726128480770,"[""ring17"",""active"",25]",225.5684095204,114.0861844123
1113,271409770005992,"[""ring17"",""active"",26]",213.80470001800001,120.0173219447
1114,22478568156834,"[""ring17"",""active"",27]",201.7998654022,125.44384933640001
1115,211153487037457,"[""ring17"",""active"",28]",189.57553919649999,130.35598761829999
1116,36648644039662,"[""ring17"",""active"",29]",177.15375046279999,134.74488478519999
1117,257938817487333,"[""ring17"",""active"",30]",164.55688410409999,138.60263174759999
1118,268477681315656,"[""ring17"",""active"",31]",151.80764052500001,141.9222765849
1119,197023921387560,"[""ring17"",""active"",32]",138.92899472409999,144.6978370727
1120,221087366691279,"[""ring17"",""active"",33]",125.94415489169999,146.92431146339999
1121,5622303700049,"[""ring17"",""active"",34]",112.8765205868,148.5976874996
1122,35400039421816,"[""ring17"",""active"",35]",99.749640569600004,149.71494964460001
1123,159025315117172,"[""ring17"",""active"",36]",86.587170365299997,150.27408451650001
1124,171344980200586,"[""ring17"",""active"",37]",73.412829634700003,150.27408451650001
1125,92313167300311,"[""ring17"",""active"",38]",60.250359430400003,149.71494964460001
1126,224644992062927,"[""ring17"",""active"",39]",47.123479413200002,148.5976874996
1127,32131299766892,"[""ring17"",""active"",40]",34.055845108299998,146.92431146339999
1128,72172651845139,"[""ring17"",""active"",41]",21.071005275899999,144.6978370727
1129,187894532517525,"[""ring17"",""active"",42]",8.1923594749999999,141.9222765849
1130,122817225486272,"[""ring17"",""active"",43]",-4.5568841040999999,138.60263174759999
1131,71700088228001,"[""ring17"",""active"",44]",-17.153750462800001,134.74488478519999
1132,107023919264082,"[""ring17"",""active"",45]",-29.575539196499999,130.35598761829999
1133,141831917306643,"[""ring17"",""active"",46]",-41.799865402199998,125.44384933640001
1134,219614657588130,"[""ring17"",""active"",47]",-53.804700017999998,120.0173219447
1135,153750100346813,"[""ring17"",""active"",48]",-65.568409520399996,114.0861844123
1136,247721869966835,"[""ring17"",""active"",49]",-77.069794909799995,107.66112504989999
1137,218465199506569,"[""ring17"",""active"",50]",-88.288129912299993,100.7537222488
1138,236871194085760,"[""ring17"",""active"",51]",-99.203198330000006,93.376423615700006
1139,96106580541926,"[""ring17"",""active"",52]",-109.7953304719,85.542523541400001
1140,63970671960349,"[""ring17"",""active"",53]",-120.0454385999,77.266139243200001
1141,33902868893571,"[""ring17"",""active"",54]",-129.9350513263,68.562185325200005
1142,232869216563541,"[""ring17"",""active"",55]",-139.44634690059999,59.446346900599998
1143,148247924972767,"[""ring17"",""active"",56]",-148.56218532520001,49.935051326299998
1144,158256827859760,"[""ring17"",""active"",57]",-157.2661392432,40.045438599900002
1145,147922613123157,"[""ring17"",""active"",58]",-165.54252354139999,29.795330471900002
1146,50814025232388,"[""ring17"",""active"",59]",-173.37642361569999,19.203198329999999
1147,135727687250940,"[""ring17"",""active"",60]",-180.75372224879999,8.2881299123000005
1148,167028907175436,"[""ring17"",""active"",61]",-187.66112504989999,-2.9302050901999999
1149,43485611768770,"[""ring17"",""active"",62]",-194.08618441230001,-14.431590479600001
1150,82635219630128,"[""ring17"",""active"",63]",-200.0173219447,-26.195299982000002
1151,156989152467440,"[""ring17"",""active"",64]",-205.44384933640001,-38.200134597800002
1152,178215120521680,"[""ring17"",""active"",65]",-210.35598761829999,-50.424460803499997
1153,82010388378724,"[""ring17"",""active"",66]",-214.74488478519999,-62.846249537200002
1154,219404492720106,"[""ring17"",""active"",67]",-218.60263174759999,-75.443115895899993
1155,108605301621107,"[""ring17"",""active"",68]",-221.9222765849,-88.192359475000003
1156,24092907508848,"[""ring17"",""active"",69]",-224.6978370727,-101.07100527590001
1157,238937182268067,"[""ring17"",""active"",70]",-226.92431146339999,-114.05584510830001
1158,44209357611909,"[""ring17"",""active"",71]",-228.5976874996,-127.1234794132
1159,185626620875155,"[""ring17"",""active"",72]",-229.71494964460001,-140.25035943040001
1160,144131097326950,"[""ring17"",""active"",73]",-230.27408451650001,-153.41282963469999
1161,143793068460306,"[""ring17"",""active"",74]",-230.27408451650001,-166.58717036530001
1162,247738519839330,"[""ring17"",""active"",75]",-229.71494964460001,-179.74964056959999
1163,83298141352093,"[""ring17"",""active"",76]",-228.5976874996,-192.87652058680001
1164,221388406430441,"[""ring17"",""active"",77]",-226.92431146339999,-205.94415489170001
1165,114729982555594,"[""ring17"",""active"",78]",-224.6978370727,-218.92899472409999
1166,135528691957711,"[""ring17"",""active"",79]",-221.9222765849,-231.80764052500001
1167,248627043291406,"[""ring17"",""active"",80]",-218.60263174759999,-244.55688410409999
1168,56244365122025,"[""ring17"",""active"",81]",-214.74488478519999,-257.15375046280002
1169,210946985406917,"[""ring17"",""active"",82]",-210.35598761829999,-269.57553919650002
1170,241281173893893,"[""ring17"",""active"",83]",-205.44384933640001,-281.7998654022
1171,45627480635122,"[""ring18"",""active"",14]",348.48741830969999,20.389557957099999
1172,157516067797918,"[""ring18"",""active"",15]",340.90614789490002,31.190659816899998
1173,39262183685514,"[""ring18"",""active"",16]",332.89062494550001,41.673543691900001
1174,102511923753351,"[""ring18"",""active"",17]",324.45419050840002,51.820761856399997
1175,185400548692230,"[""ring18"",""active"",18]",315.61088619629999,61.615425267200003
1176,120160480246547,"[""ring18"",""active"",19]",306.37543081630002,71.041231673699997
1177,206709256324027,"[""ring18"",""active"",20]",296.76319587249998,80.082492751399997
1178,110112206687254,"[""ring18"",""active"",21]",286.79017998130001,88.724160213399998
1179,116048700908079,"[""ring18"",""active"",22]",276.47298224359997,96.951850857099998
1180,57082595673925,"[""ring18"",""active"",23]",265.82877461660001,104.7518705034
1181,165592498746466,"[""ring18"",""active"",24]",254.87527333360001,112.1112367894
1182,64066666316926,"[""ring18"",""active"",25]",243.63070941640001,119.0177007762
1183,211214046366219,"[""ring18"",""active"",26]",232.1137983319,125.4597673361
1184,33930819274805,"[""ring18"",""active"",27]",220.34370884219999,131.42671428509999
1185,231046789370253,"[""ring18"",""active"",28]",208.34003109939999,136.90861022870001
1186,166126953148753,"[""ring18"",""active"",29]",196.12274404070001,141.8963310924
1187,123197998121212,"[""ring18"",""active"",30]",183.71218213450001,146.38157530679999
1188,20760280086707,"[""ring18"",""active"",31]",171.1290015365,150.35687762559999
1189,102876901691900,"[""ring18"",""active"",32]",158.3941457089,153.8156215505
1190,51205666606287,"[""ring18"",""active"",33]",145.52881056230001,156.75205034359999
1191,278351613325182,"[""ring18"",""active"",34]",132.55440917760001,159.16127660879999
1192,214993254887475,"[""ring18"",""active"",35]",119.4925361654,161.03929042690001
1193,115614104738572,"[""ring18"",""active"",36]",106.36493172420001,162.3829660291
1194,253931963245466,"[""ring18"",""active"",37]",93.193445456000006,163.19006700009999
1195,169345275459016,"[""ring18"",""active"",38]",80,163.45925
1196,186816254639434,"[""ring18"",""active"",39]",66.806554543999994,163.19006700009999
1197,13293680560939,"[""ring18"",""active"",40]",53.635068275800002,162.3829660291
1198,7434663066545,"[""ring18"",""active"",41]",40.507463834600003,161.03929042690001
1199,175362438616906,"[""ring18"",""active"",42]",27.4455908224,159.16127660879999
1200,49667682937252,"[""ring18"",""active"",43]",14.4711894377,156.75205034359999
1201,236690274872400,"[""ring18"",""active"",44]",1.6058542911,153.8156215505
1202,205901654929942,"[""ring18"",""active"",45]",-11.129001536500001,150.35687762559999
1203,133038285563845,"[""ring18"",""active"",46]",-23.712182134500001,146.38157530679999
1204,97557644461165,"[""ring18"",""active"",47]",-36.122744040699999,141.8963310924
1205,116287721881500,"[""ring18"",""active"",48]",-48.340031099400001,136.90861022870001
1206,123803214053936,"[""ring18"",""active"",49]",-60.343708842200002,131.42671428509999
1207,228958550534608,"[""ring18"",""active"",50]",-72.1137983319,125.4597673361
1208,222332739817851,"[""ring18"",""active"",51]",-83.630709416399995,119.0177007762
1209,145186145822296,"[""ring18"",""active"",52]",-94.875273333600006,112.1112367894
1210,190595490196150,"[""ring18"",""active"",53]",-105.8287746166,104.7518705034
1211,100727241466520,"[""ring18"",""active"",54]",-116.4729822436,96.951850857099998
1212,129661906765590,"[""ring18"",""active"",55]",-126.7901799813,88.724160213399998
1213,234850321170973,"[""ring18"",""active"",56]",-136.76319587250001,80.082492751399997
1214,73234966483171,"[""ring18"",""active"",57]",-146.3754308163,71.041231673699997
1215,252365840156568,"[""ring18"",""active"",58]",-155.61088619629999,61.615425267200003
1216,87153313961211,"[""ring18"",""active"",59]",-164.45419050839999,51.820761856399997
1217,142409163373394,"[""ring18"",""active"",60]",-172.89062494550001,41.673543691900001
1218,48128680187867,"[""ring18"",""active"",61]",-180.90614789489999,31.190659816899998
1219,44462215873291,"[""ring18"",""active"",62]",-188.48741830969999,20.389557957099999
1220,60710795197036,"[""ring18"",""active"",63]",-195.62181791360001,9.2882154804999999
1221,14029063300297,"[""ring18"",""active"",64]",-202.2974722024,-2.0948905238000002
1222,66410244609533,"[""ring18"",""active"",65]",-208.50327020840001,-13.7408139993
1223,91673403325969,"[""ring18"",""active"",66]",-214.22888299339999,-25.630171455700001
1224,59860204061184,"[""ring18"",""active"",67]",-219.4647808398,-37.743174230800001
1225,162944862596564,"[""ring18"",""active"",68]",-224.20224911240001,-50.059661427100004
1226,150477590376457,"[""ring18"",""active"",69]",-228.4334027628,-62.559133466900001
1227,65527687264022,"[""ring18"",""active"",70]",-232.15119945340001,-75.220786212799993
1228,249390348373101,"[""ring18"",""active"",71]",-235.34945127840001,-88.023545593199998
1229,262921644860004,"[""ring18"",""active"",72]",-238.02283506329999,-100.9461026787
1230,251842229762754,"[""ring18"",""active"",73]",-240.16690122470001,-113.9669491483
1231,144017493423444,"[""ring18"",""active"",74]",-241.778081176,-127.06441308799999
1232,100377099933099,"[""ring18"",""active"",75]",-242.85369326719999,-140.21669506180001
1233,147427115862132,"[""ring18"",""active"",76]",-243.3919472481,-153.4019043943
1234,162052305224799,"[""ring18"",""active"",77]",-243.3919472481,-166.5980956057
1235,177328063126791,"[""ring18"",""active"",78]",-242.85369326719999,-179.78330493819999
1236,201306233856411,"[""ring18"",""active"",79]",-241.778081176,-192.93558691199999
1237,159810078970497,"[""ring18"",""active"",80]",-240.16690122470001,-206.03305085170001
1238,26286432051957,"[""ring18"",""active"",81]",-238.02283506329999,-219.05389732130001
1239,106877602394727,"[""ring18"",""active"",82]",-235.34945127840001,-231.9764544068
1240,102794912343445,"[""ring18"",""active"",83]",-232.15119945340001,-244.77921378720001
1241,246876766591778,"[""ring18"",""active"",84]",-228.4334027628,-257.44086653310001
1242,25519697885984,"[""ring19"",""active"",17]",341.0846398132,52.408109317600001
1243,35693125326166,"[""ring19"",""active"",18]",332.59851144750002,62.432879909299999
1244,254271760492824,"[""ring19"",""active"",19]",323.72771721539999,72.118921915599998
1245,15342883159364,"[""ring19"",""active"",20]",314.48576587309998,81.451485091999999
1246,140087184077929,"[""ring19"",""active"",21]",304.88673138820002,90.416357484499997
1247,133516759985974,"[""ring19"",""active"",22]",294.9452315067,98.999887071000003
1248,25664232707452,"[""ring19"",""active"",23]",284.67640549309999,107.1890025519
1249,87560163203732,"[""ring19"",""active"",24]",274.09589107570002,114.971233255
1250,93188402482093,"[""ring19"",""active"",25]",263.21980063239999,122.3347281268
1251,105712438482977,"[""ring19"",""active"",26]",252.06469665520001,129.2682737792
1252,95390922516384,"[""ring19"",""active"",27]",240.6475665273,135.76131156580001
1253,11752238171204,"[""ring19"",""active"",28]",228.98579665459999,141.8039536611
1254,156410186679370,"[""ring19"",""active"",29]",217.09714598900001,147.38699811789999
1255,226620961609507,"[""ring19"",""active"",30]",204.9997189844,152.5019428805
1256,204503545529657,"[""ring19"",""active"",31]",192.7119380266,157.14099873169999
1257,200890586498772,"[""ring19"",""active"",32]",180.25251537930001,161.2971011546
1258,152803476474171,"[""ring19"",""active"",33]",167.64042468779999,164.96392109089999
1259,272708853521373,"[""ring19"",""active"",34]",154.8948720859,168.13587457860001
1260,265837752506308,"[""ring19"",""active"",35]",142.03526694780001,170.80813125579999
1261,19477370167863,"[""ring19"",""active"",36]",129.08119233100001,172.9766217163
1262,38289667248126,"[""ring19"",""active"",37]",116.05237515420001,174.63804370689999
1263,245276864947409,"[""ring19"",""active"",38]",102.968656157,175.7898671559
1264,128528741801345,"[""ring19"",""active"",39]",89.849959685200005,176.43033802619999
1265,209397250092406,"[""ring19"",""active"",40]",76.716263349499997,176.55848098640001
1266,186912821600874,"[""ring19"",""active"",41]",63.587567603099998,176.1741008958
1267,139553662965706,"[""ring19"",""active"",42]",50.483865283999997,175.2777831018
1268,93806919789147,"[""ring19"",""active"",43]",37.425111169300003,173.87089254879999
1269,163644871786656,"[""ring19"",""active"",44]",24.431191587499999,171.95557169879999
1270,137172614678648,"[""ring19"",""active"",45]",11.5218941348,169.53473726959999
1271,32485782020197,"[""ring19"",""active"",46]",-1.2831224582,166.6120757928
1272,152875726376527,"[""ring19"",""active"",47]",-13.964358263499999,163.19203799970001
1273,244155150709629,"[""ring19"",""active"",48]",-26.5025018507,159.27983204360001
1274,73235561139386,"[""ring19"",""active"",49]",-38.878459695300002,154.88141556900001
1275,130226342297397,"[""ring19"",""active"",50]",-51.073385254999998,150.00348663849999
1276,12290890876818,"[""ring19"",""active"",51]",-63.068707669600002,144.65347353350001
1277,207502900180019,"[""ring19"",""active"",52]",-74.846160041800005,138.83952344119999
1278,115215119629411,"[""ring19"",""active"",53]",-86.387807254400002,132.57049004870001
1279,41657173831006,"[""ring19"",""active"",54]",-97.676073282399997,125.8559200597
1280,268654797521524,"[""ring19"",""active"",55]",-108.6937679588,118.7060386568
1281,34723539270648,"[""ring19"",""active"",56]",-119.4241131518,111.13173393
1282,160236057663466,"[""ring19"",""active"",57]",-129.85076831570001,103.1445402959
1283,9247724698969,"[""ring19"",""active"",58]",-139.95785537469999,94.756620932999994
1284,99675956044625,"[""ring19"",""active"",59]",-149.72998290219999,85.980749258900005
1285,170954525565605,"[""ring19"",""active"",60]",-159.1522695601,76.830289478500006
1286,32464463123110,"[""ring19"",""active"",61]",-168.21036676,67.319176232700002
1287,60188997605917,"[""ring19"",""active"",62]",-176.8904805139,57.461893378200003
1288,4210324774030,"[""ring19"",""active"",63]",-185.17939244030001,47.273451930599997
1289,248007543782829,"[""ring19"",""active"",64]",-193.0644798939,36.7693672057
1290,203505867274245,"[""ring19"",""active"",65]",-200.53373518679999,25.965635192000001
1291,50282950338760,"[""ring19"",""active"",66]",-207.57578387550001,14.878708191199999
1292,126918555497847,"[""ring19"",""active"",67]",-214.1799020814,3.5254697642999999
1293,64567352066092,"[""ring19"",""active"",68]",-220.33603282179999,-8.0767909794000001
1294,35410024593946,"[""ring19"",""active"",69]",-226.03480132499999,-19.910405710399999
1295,240389882602176,"[""ring19"",""active"",70]",-231.26752930660001,-31.957353785599999
1296,190560676712574,"[""ring19"",""active"",71]",-236.0262481851,-44.199289690100002
1297,274949299100779,"[""ring19"",""active"",72]",-240.30371121659999,-56.617570975
1298,123329586181351,"[""ring19"",""active"",73]",-244.09340453039999,-69.193286646199994
1299,185162908392774,"[""ring19"",""active"",74]",-247.38955704879999,-81.907285963199996
1300,207665246418798,"[""ring19"",""active"",75]",-250.18714927510001,-94.7402076021
1301,54063286344905,"[""ring19"",""active"",76]",-252.48192093789999,-107.67250914020001
1302,154833855350422,"[""ring19"",""active"",77]",-254.2703774785,-120.68449681529999
1303,50713802602784,"[""ring19"",""active"",78]",-255.54979537240001,-133.75635551670001
1304,32112557538704,"[""ring19"",""active"",79]",-256.3182262775,-146.8681789597
1305,153387489493047,"[""ring19"",""active"",80]",-256.5745,-160
1306,172892419274941,"[""ring19"",""active"",81]",-256.3182262775,-173.1318210403
1307,270735859433160,"[""ring19"",""active"",82]",-255.54979537240001,-186.24364448329999
1308,132312952946540,"[""ring19"",""active"",83]",-254.2703774785,-199.31550318469999
1309,65659170498141,"[""ring19"",""active"",84]",-252.48192093789999,-212.32749085980001
1310,17336838421526,"[""ring19"",""active"",85]",-250.18714927510001,-225.25979239789999
1311,131659654320323,"[""ring19"",""active"",86]",-247.38955704879999,-238.0927140368
1312,229630225059637,"[""ring19"",""active"",87]",-244.09340453039999,-250.80671335380001
1313,169889807896768,"[""ring20"",""active"",19]",339.72335153580002,74.151023747599993
1314,66342759838077,"[""ring20"",""active"",20]",330.73195883659997,83.7548072819
1315,169736278969944,"[""ring20"",""active"",21]",321.3856830876,93.013583144099997
1316,32796543426627,"[""ring20"",""active"",22]",311.6977528969,101.9142465724
1317,68332999914388,"[""ring20"",""active"",23]",301.68188044639999,110.4441996731
1318,194588380487749,"[""ring20"",""active"",24]",291.35224208350002,118.59136925129999
1319,98954439059017,"[""ring20"",""active"",25]",280.72345825629998,126.3442238997
1320,105731197563646,"[""ring20"",""active"",26]",269.8105728196,133.6917903193
1321,192113044057481,"[""ring20"",""active"",27]",258.62903174259998,140.6236688516
1322,267354279475119,"[""ring20"",""active"",28]",247.1946612461,147.13004819759999
1323,231516307735255,"[""ring20"",""active"",29]",235.52364540310001,153.20171930500001
1324,172206806907177,"[""ring20"",""active"",30]",223.63250323130001,158.8300884022
1325,149507773042685,"[""ring20"",""active"",31]",211.5380653128,164.00718916229999
1326,200156666146780,"[""ring20"",""active"",32]",199.25744997199999,168.72569397789999
1327,18611197678508,"[""ring20"",""active"",33]",186.80803904659999,172.97892433320001
1328,177718223928633,"[""ring20"",""active"",34]",174.20745328570001,176.7608602562
1329,256455196178599,"[""ring20"",""active"",35]",161.4735274093,180.06614883949999
1330,235323863538756,"[""ring20"",""active"",36]",148.6242848656,182.89011181679999
1331,15943802155415,"[""ring20"",""active"",37]",135.67791232050001,185.2287521842
1332,185280901634515,"[""ring20"",""active"",38]",122.6527339167,187.0787598579
1333,79836920781692,"[""ring20"",""active"",39]",109.56718533759999,188.4375163588
1334,106353068916056,"[""ring20"",""active"",40]",96.439787714000005,189.303098519
1335,137382016993202,"[""ring20"",""active"",41]",83.289121409299995,189.67428120380001
1336,124080633610874,"[""ring20"",""active"",42]",70.133799721000003,189.55053904569999
1337,72798260696514,"[""ring20"",""active"",43]",56.992442535899997,188.93204718769999
1338,53669186850719,"[""ring20"",""active"",44]",43.883649975600001,187.81968103599999
1339,81721533174650,"[""ring20"",""active"",45]",30.825976070100001,186.21501502039999
1340,188361387199280,"[""ring20"",""active"",46]",17.837902496600002,184.12032036639999
1341,269629187836502,"[""ring20"",""active"",47]",4.9378124209000003,181.5385618798
1342,70877225213662,"[""ring20"",""active"",48]",-7.856035522,178.47339375109999
1343,224518187708682,"[""ring20"",""active"",49]",-20.5255330711,174.9291543832
1344,55892366820952,"[""ring20"",""active"",50]",-33.052747969400002,170.91086025039999
1345,102521658914127,"[""ring20"",""active"",51]",-45.419949344899997,166.42419879869999
1346,56062407163641,"[""ring20"",""active"",52]",-57.609632807099999,161.4755203958
1347,137664004298440,"[""ring20"",""active"",53]",-69.604545222100001,156.0718293425
1348,61579366192012,"[""ring20"",""active"",54]",-81.387709132799998,150.2207739593
1349,1950715800013,"[""ring20"",""active"",55]",-92.942446788300003,143.9306357607
1350,79442100847761,"[""ring20"",""active"",56]",-104.2524037495,137.21031773409999
1351,141739552123550,"[""ring20"",""active"",57]",-115.3015720371,130.0693317379
1352,66207696425752,"[""ring20"",""active"",58]",-126.0743127889,122.5177850395
1353,152948188147364,"[""ring20"",""active"",59]",-136.55537839510001,114.5663660087
1354,191647137491667,"[""ring20"",""active"",60]",-146.72993407929999,106.22632899
1355,58280605015421,"[""ring20"",""active"",61]",-156.5835788956,97.509478373099995
1356,104286687855580,"[""ring20"",""active"",62]",-166.10236611190001,88.428151885399998
1357,52556045685329,"[""ring20"",""active"",63]",-175.2728229491,78.995203129000004
1358,176751109349285,"[""ring20"",""active"",64]",-184.0819696511,69.223983387999994
1359,151869936480162,"[""ring20"",""active"",65]",-192.51733785580001,59.128322731300003
1360,159404042683435,"[""ring20"",""active"",66]",-200.56698824279999,48.722510437700002
1361,58318370150846,"[""ring20"",""active"",67]",-208.21952743220001,38.021274770700003
1362,230169472788567,"[""ring20"",""active"",68]",-215.46412411040001,27.039762132900002
1363,33426951964673,"[""ring20"",""active"",69]",-222.290524361,15.7935156274
1364,125406603809863,"[""ring20"",""active"",70]",-228.6890661777,4.2984530583999998
1365,41483773868676,"[""ring20"",""active"",71]",-234.65069314019999,-7.4291555982000004
1366,139662029704486,"[""ring20"",""active"",72]",-240.16696723210001,-19.372711224100001
1367,111518255249667,"[""ring20"",""active"",73]",-245.23008078429999,-31.515309051599999
1368,228794599588889,"[""ring20"",""active"",74]",-249.8328675258,-43.839762591499998
1369,128228961783974,"[""ring20"",""active"",75]",-253.9688127265,-56.328627957899997
1370,98361663629905,"[""ring20"",""active"",76]",-257.6320624187,-68.964228558499997
1371,168827426811671,"[""ring20"",""active"",77]",-260.81743168200001,-81.728680113500005
1372,8014908708169,"[""ring20"",""active"",78]",-263.5204119823,-94.603915969200003
1373,28451691466524,"[""ring20"",""active"",79]",-265.73717755339999,-107.57171266899999
1374,223310813535360,"[""ring20"",""active"",80]",-267.46459081149999,-120.6137157468
1375,75216244663238,"[""ring20"",""active"",81]",-268.70020679620001,-133.71146570549999
1376,216093050985634,"[""ring20"",""active"",82]",-269.44227663129999,-146.8464241449
1377,119764513011608,"[""ring20"",""active"",83]",-269.68975,-160
1378,120012735270283,"[""ring20"",""active"",84]",-269.44227663129999,-173.1535758551
1379,218373099640218,"[""ring20"",""active"",85]",-268.70020679620001,-186.28853429450001
1380,28249106700817,"[""ring20"",""active"",86]",-267.46459081149999,-199.38628425319999
1381,268156658804848,"[""ring20"",""active"",87]",-265.73717755339999,-212.42828733100001
1382,124818957030180,"[""ring20"",""active"",88]",-263.5204119823,-225.39608403080001
1383,63523999754764,"[""ring21"",""active"",22]",328.26104229750001,104.56364622220001
1384,135574700611258,"[""ring21"",""active"",23]",318.49075136840003,113.40378478860001
1385,183238173394401,"[""ring21"",""active"",24]",308.40590924899999,121.8833245248
1386,165259471032153,"[""ring21"",""active"",25]",298.01981708009998,129.9910815618
1387,257109685904341,"[""ring21"",""active"",26]",287.3461733286,137.71636238369999
1388,277706360066451,"[""ring21"",""active"",27]",276.39905571999998,145.0489779319
1389,238621239644679,"[""ring21"",""active"",28]",265.19290267129998,151.97925704310001
1390,25746603470639,"[""ring21"",""active"",29]",253.7424942472,158.49805920559999
1391,2136767469297,"[""ring21"",""active"",30]",242.06293266700001,164.5967866144
1392,266919169064262,"[""ring21"",""active"",31]",230.16962238549999,170.26739551099999
1393,187103468035798,"[""ring21"",""active"",32]",218.07824977569999,175.50240679300001
1394,108319536364705,"[""ring21"",""active"",33]",205.8047624399,180.29491587800001
1395,151772599394285,"[""ring21"",""active"",34]",193.36534817590001,184.63860181059999
1396,252725651360732,"[""ring21"",""active"",35]",180.77641362649999,188.52773559869999
1397,81440726705628,"[""ring21"",""active"",36]",168.05456264029999,191.9571877704
1398,82986948758250,"[""ring21"",""active"",37]",155.21657437280001,194.92243513849999
1399,257286547541682,"[""ring21"",""active"",38]",142.2793811555,197.41956676699999
1400,76379606568897,"[""ring21"",""active"",39]",129.26004616380001,199.44528912889999
1401,192360787972710,"[""ring21"",""active"",40]",116.17574091199999,200.99693045020001
1402,108887979063300,"[""ring21"",""active"",41]",103.0437226051,202.0724442339
1403,9707543976464,"[""ring21"",""active"",42]",89.881311378000007,202.67041195889999
1404,235051967456065,"[""ring21"",""active"",43]",76.7058674516,202.79004495129999
1405,248568575966378,"[""ring21"",""active"",44]",63.534768235800001,202.43118542409999
1406,56266112536894,"[""ring21"",""active"",45]",50.385385410399998,201.59430668600001
1407,72309401645807,"[""ring21"",""active"",46]",37.275062012699998,200.28051251630001
1408,137706384511391,"[""ring21"",""active"",47]",24.2210895638,198.49153570979999
1409,97473119878354,"[""ring21"",""active"",48]",11.2406852619,196.229735791
1410,233950657086445,"[""ring21"",""active"",49]",-1.6490307253000001,193.4980959024
1411,51430324629691,"[""ring21"",""active"",50]",-14.431057841199999,190.30021886949999
1412,138958469651518,"[""ring21"",""active"",51]",-27.088537562900001,186.64032244910001
1413,229986469746932,"[""ring21"",""active"",52]",-39.604775635700001,182.52323376690001
1414,211600126175996,"[""ring21"",""active"",53]",-51.963264092000003,177.95438295010001
1415,19476505624503,"[""ring21"",""active"",54]",-64.147703024099997,172.93979596599999
1416,194052533287993,"[""ring21"",""active"",55]",-76.142022082300002,167.48608667400001
1417,148123392631972,"[""ring21"",""active"",56]",-87.930401670600006,161.6004481025
1418,234270516919715,"[""ring21"",""active"",57]",-99.497293811600002,155.29064296190001
1419,170295456254668,"[""ring21"",""active"",58]",-110.8274426527,148.56499340600001
1420,137666871444390,"[""ring21"",""active"",59]",-121.9059045882,141.43237005579999
1421,257621263878560,"[""ring21"",""active"",60]",-132.71806796800001,133.90218029979999
1422,65731315052332,"[""ring21"",""active"",61]",-143.24967236960001,125.9843558866
1423,75842427205242,"[""ring21"",""active"",62]",-153.4868274067,117.68933982519999
1424,258035917648931,"[""ring21"",""active"",63]",-163.41603104910001,109.0280726119
1425,138750280357757,"[""ring21"",""active"",64]",-173.02418743129999,100.01197780050001
1426,163038539327807,"[""ring21"",""active"",65]",-182.29862412450001,90.652946935399996
1427,91528293230572,"[""ring21"",""active"",66]",-191.22710885110001,80.963323867499994
1428,164722565347743,"[""ring21"",""active"",67]",-199.7978656178,70.955888473800002
1429,18741108580529,"[""ring21"",""active"",68]",-207.99959024719999,60.643839801699997
1430,22655680139135,"[""ring21"",""active"",69]",-215.82146528729999,50.040778660400001
1431,209251381934845,"[""ring21"",""active"",70]",-223.25317427909999,39.160689682099999
1432,166984755071973,"[""ring21"",""active"",71]",-230.2849153626,28.0179228782
1433,209168461923326,"[""ring21"",""active"",72]",-236.9074142053,16.6271747119
1434,269584347076417,"[""ring21"",""active"",73]",-243.1119362343,5.0034687149000003
1435,237349919418326,"[""ring21"",""active"",74]",-248.890298156,-6.8378643272000001
1436,112085597460893,"[""ring21"",""active"",75]",-254.23487875000001,-18.8812065953
1437,32976345520012,"[""ring21"",""active"",76]",-259.13862892020001,-31.110673835499998
1438,38340988529189,"[""ring21"",""active"",77]",-263.5950809926,-43.510136309300002
1439,112378154584070,"[""ring21"",""active"",78]",-267.59835724530001,-56.063240067099997
1440,37713005939272,"[""ring21"",""active"",79]",-271.14317766099998,-68.753428518600003
1441,179362524907513,"[""ring21"",""active"",80]",-274.22486689070001,-81.563964268600003
1442,45583933521727,"[""ring21"",""active"",81]",-276.83936042030001,-94.477951193500004
1443,105957831844094,"[""ring21"",""active"",82]",-278.98320993150003,-107.478356725
1444,18620821620625,"[""ring21"",""active"",83]",-280.65358784940003,-120.54803431569999
1445,11570893606882,"[""ring21"",""active"",84]",-281.84829107249999,-133.6697460531
1446,151715730149763,"[""ring21"",""active"",85]",-282.56574387799998,-146.826185396
1447,67124831314225,"[""ring21"",""active"",86]",-282.80500000000001,-160
1448,146694622823771,"[""ring21"",""active"",87]",-282.56574387799998,-173.173814604
1449,268067729821535,"[""ring21"",""active"",88]",-281.84829107249999,-186.3302539469
1450,96104218061334,"[""ring21"",""active"",89]",-280.65358784940003,-199.45196568430001
1451,221208546924957,"[""ring22"",""active"",24]",326.62587419290003,123.7106140747
1452,195504718181077,"[""ring22"",""active"",25]",316.57427873360001,132.14490411739999
1453,10820651053037,"[""ring22"",""active"",26]",306.23445395710002,140.2232605959
1454,237759111622489,"[""ring22"",""active"",27]",295.61899734719998,147.9358412771
1455,139164730123232,"[""ring22"",""active"",28]",284.74084220259999,155.2732495697
1456,92300581925034,"[""ring22"",""active"",29]",273.61324187970001,162.22654597179999
1457,122421230801569,"[""ring22"",""active"",30]",262.24975364540001,168.7872589628
1458,53178161524911,"[""ring22"",""active"",31]",250.66422215969999,174.94739532450001
1459,63467716104247,"[""ring22"",""active"",32]",238.87076260809999,180.6994498798
1460,167751271623566,"[""ring22"",""active"",33]",226.88374350449999,186.03641463610001
1461,182600265393067,"[""ring22"",""active"",34]",214.7177691851,190.95178732389999
1462,101933987258619,"[""ring22"",""active"",35]",202.3876620156,195.4395793189
1463,54673075798481,"[""ring22"",""active"",36]",189.90844433230001,199.49432293780001
1464,74116476765210,"[""ring22"",""active"",37]",177.29532013970001,203.11107809999999
1465,195055049209871,"[""ring22"",""active"",38]",164.56365658670001,206.28543834659999
1466,262792545052223,"[""ring22"",""active"",39]",151.7289652442,209.01353620840001
1467,220117885923027,"[""ring22"",""active"",40]",138.8068832065,211.29204791859999
1468,183675946504112,"[""ring22"",""active"",41]",125.8131540402,213.11819746149999
1469,141117461512258,"[""ring22"",""active"",42]",112.7636086026,214.4897599553
1470,126577995742743,"[""ring22"",""active"",43]",99.674145754799994,215.40506436230001
1471,218212375497753,"[""ring22"",""active"",44]",86.560712991000003,215.86299552509999
1472,270368623799371,"[""ring22"",""active"",45]",73.439287008999997,215.86299552509999
1473,122966240122593,"[""ring22"",""active"",46]",60.325854245199999,215.40506436230001
1474,103981055132913,"[""ring22"",""active"",47]",47.236391397399998,214.4897599553
1475,107948464922574,"[""ring22"",""active"",48]",34.186845959800003,213.11819746149999
1476,255949345494494,"[""ring22"",""active"",49]",21.1931167935,211.29204791859999
1477,34877087260188,"[""ring22"",""active"",50]",8.2710347558000006,209.01353620840001
1478,97377047622373,"[""ring22"",""active"",51]",-4.5636565866999996,206.28543834659999
1479,277411555592790,"[""ring22"",""active"",52]",-17.295320139699999,203.11107809999999
1480,220503518175765,"[""ring22"",""active"",53]",-29.9084443323,199.49432293780001
1481,190787266779524,"[""ring22"",""active"",54]",-42.3876620156,195.4395793189
1482,265597356022259,"[""ring22"",""active"",55]",-54.717769185100003,190.95178732389999
1483,173042217884110,"[""ring22"",""active"",56]",-66.883743504500003,186.03641463610001
1484,132618413168491,"[""ring22"",""active"",57]",-78.870762608099994,180.6994498798
1485,210371789318722,"[""ring22"",""active"",58]",-90.664222159700003,174.94739532450001
1486,160040212516831,"[""ring22"",""active"",59]",-102.24975364540001,168.7872589628
1487,239005669868478,"[""ring22"",""active"",60]",-113.6132418797,162.22654597179999
1488,110916036668362,"[""ring22"",""active"",61]",-124.74084220260001,155.2732495697
1489,26137534605234,"[""ring22"",""active"",62]",-135.61899734720001,147.9358412771
1490,166514487772148,"[""ring22"",""active"",63]",-146.23445395709999,140.2232605959
1491,238280713318919,"[""ring22"",""active"",64]",-156.57427873360001,132.14490411739999
1492,87541064405727,"[""ring22"",""active"",65]",-166.6258741929,123.7106140747
1493,155478646514206,"[""ring22"",""active"",66]",-176.37699401430001,114.9306663511
1494,108807271109195,"[""ring22"",""active"",67]",-185.8157579603,105.8157579603
1495,257725145122836,"[""ring22"",""active"",68]",-194.9306663511,96.376994014299996
1496,139744908749103,"[""ring22"",""active"",69]",-203.7106140747,86.6258741929
1497,1822815595464,"[""ring22"",""active"",70]",-212.14490411739999,76.574278733599996
1498,147882436203894,"[""ring22"",""active"",71]",-220.2232605959,66.234453957100001
1499,28008124705650,"[""ring22"",""active"",72]",-227.9358412771,55.618997347200001
1500,45220370675439,"[""ring22"",""active"",73]",-235.2732495697,44.7408422026
1501,245567369293603,"[""ring22"",""active"",74]",-242.22654597179999,33.613241879699999
1502,249354784235887,"[""ring22"",""active"",75]",-248.7872589628,22.249753645399998
1503,11203696527796,"[""ring22"",""active"",76]",-254.94739532450001,10.6642221597
1504,214726477187220,"[""ring22"",""active"",77]",-260.6994498798,-1.1292373919000001
1505,3948429331338,"[""ring22"",""active"",78]",-266.03641463610001,-13.1162564955
1506,141866094328854,"[""ring22"",""active"",79]",-270.95178732390002,-25.2822308149
1507,243387832627363,"[""ring22"",""active"",80]",-275.43957931889997,-37.6123379844
1508,43433197093668,"[""ring22"",""active"",81]",-279.49432293780001,-50.0915556677
1509,240005994730323,"[""ring22"",""active"",82]",-283.11107809999999,-62.704679860299997
1510,115446878856569,"[""ring22"",""active"",83]",-286.28543834660002,-75.436343413299994
1511,12876274420031,"[""ring22"",""active"",84]",-289.01353620840001,-88.271034755800002
1512,190211983382022,"[""ring22"",""active"",85]",-291.29204791860002,-101.1931167935
1513,160199854541213,"[""ring22"",""active"",86]",-293.11819746150002,-114.1868459598
1514,214684993885355,"[""ring22"",""active"",87]",-294.48975995529997,-127.2363913974
1515,135546466267900,"[""ring22"",""active"",88]",-295.40506436229998,-140.32585424519999
1516,137899533294956,"[""ring22"",""active"",89]",-295.86299552510002,-153.439287009
1517,181725993873998,"[""ring22"",""active"",90]",-295.86299552510002,-166.560712991
1518,280224376721224,"[""ring22"",""active"",91]",-295.40506436229998,-179.67414575480001
1519,76780221903879,"[""ring23"",""active"",27]",312.90111375190003,151.61786128739999
1520,25128352658261,"[""ring23"",""active"",28]",302.24361569349998,159.30611573179999
1521,134124510805259,"[""ring23"",""active"",29]",291.33253363799997,166.63003610569999
1522,229840037737798,"[""ring23"",""active"",30]",280.18031732780003,173.5812656832
1523,106613257445133,"[""ring23"",""active"",31]",268.79969164430003,180.1518729851
1524,207198314463800,"[""ring23"",""active"",32]",257.20364208759997,186.33436082950001
1525,166065304027098,"[""ring23"",""active"",33]",245.40539996070001,192.12167488540001
1526,265405380967139,"[""ring23"",""active"",34]",233.41842727189999,197.5072117226
1527,45186216161021,"[""ring23"",""active"",35]",221.2564013745,202.4848263458
1528,4460143286361,"[""ring23"",""active"",36]",208.9331993607,207.04883920649999
1529,37371492208123,"[""ring23"",""active"",37]",196.46288222749999,211.1940426832
1530,26524453641855,"[""ring23"",""active"",38]",183.859678833,214.9157070235
1531,43334649312220,"[""ring23"",""active"",39]",171.1379696608,218.20958574100001
1532,196867025681636,"[""ring23"",""active"",40]",158.312270412,221.07192046009999
1533,132559118074572,"[""ring23"",""active"",41]",145.39721544189999,223.4994452052
1534,38204869768324,"[""ring23"",""active"",42]",132.40754106279999,225.4893901264
1535,182710248943602,"[""ring23"",""active"",43]",119.3580687285,227.03948466040001
1536,220362098886556,"[""ring23"",""active"",44]",106.2636881239,228.14796012139999
1537,92680825303001,"[""ring23"",""active"",45]",93.139340174699996,228.8135517186
1538,198407378591608,"[""ring23"",""active"",46]",80,229.03550000000001
1539,92836036995502,"[""ring23"",""active"",47]",66.860659825300004,228.8135517186
1540,104822327260968,"[""ring23"",""active"",48]",53.736311876099997,228.14796012139999
1541,117623883448496,"[""ring23"",""active"",49]",40.641931271499999,227.03948466040001
1542,276270131586084,"[""ring23"",""active"",50]",27.5924589372,225.4893901264
1543,209741499560634,"[""ring23"",""active"",51]",14.6027845581,223.4994452052
1544,143961677220138,"[""ring23"",""active"",52]",1.6877295880000001,221.07192046009999
1545,182942892498471,"[""ring23"",""active"",53]",-11.1379696608,218.20958574100001
1546,16215891065952,"[""ring23"",""active"",54]",-23.859678833,214.9157070235
1547,278744439925560,"[""ring23"",""active"",55]",-36.462882227500003,211.1940426832
1548,273808916878422,"[""ring23"",""active"",56]",-48.933199360700002,207.04883920649999
1549,56800991338401,"[""ring23"",""active"",57]",-61.256401374500001,202.4848263458
1550,169617879114393,"[""ring23"",""active"",58]",-73.418427271900001,197.5072117226
1551,121930626409342,"[""ring23"",""active"",59]",-85.405399960699995,192.12167488540001
1552,120678061666484,"[""ring23"",""active"",60]",-97.203642087600002,186.33436082950001
1553,247016266106142,"[""ring23"",""active"",61]",-108.7996916443,180.1518729851
1554,242738715196904,"[""ring23"",""active"",62]",-120.1803173278,173.5812656832
1555,180753170342963,"[""ring23"",""active"",63]",-131.332533638,166.63003610569999
1556,258950298849356,"[""ring23"",""active"",64]",-142.2436156935,159.30611573179999
1557,134326307652931,"[""ring23"",""active"",65]",-152.9011137519,151.61786128739999
1558,189743711453430,"[""ring23"",""active"",66]",-163.29286741460001,143.57404521039999
1559,56977596792422,"[""ring23"",""active"",67]",-173.40701950210001,135.18384564089999
1560,90851163978647,"[""ring23"",""active"",68]",-183.23202958339999,126.4568359486
1561,42533723503559,"[""ring23"",""active"",69]",-192.75668714369999,117.40297381000001
1562,191561531231348,"[""ring23"",""active"",70]",-201.97012437609999,108.0325898461
1563,275829676214121,"[""ring23"",""active"",71]",-210.8618285814,98.356375834900007
1564,112753908648638,"[""ring23"",""active"",72]",-219.42165416399999,88.385372512100005
1565,163518635563795,"[""ring23"",""active"",73]",-227.63983420740001,78.130956973400004
1566,161254553905642,"[""ring23"",""active"",74]",-235.50699161930001,67.604829692999999
1567,50216016787134,"[""ring23"",""active"",75]",-243.0141498303,56.819001173099998
1568,84337015256086,"[""ring23"",""active"",76]",-250.15274303659999,45.785778239599999
1569,71043794003371,"[""ring23"",""active"",77]",-256.91462597399999,34.517749999999999
1570,25814073397310,"[""ring23"",""active"",78]",-263.2920832113,23.027773479
1571,178402572748525,"[""ring23"",""active"",79]",-269.27783795419998,11.3289589483
1572,161556804407975,"[""ring23"",""active"",80]",-274.86506034780001,-0.56534503260000002
1573,253075921294888,"[""ring23"",""active"",81]",-280.04737527020001,-12.641566847
1574,17096158131307,"[""ring23"",""active"",82]",-284.81886960589998,-24.885927306900001
1575,79026160185063,"[""ring23"",""active"",83]",-289.17409899339998,-37.284455374700002
1576,234648491051599,"[""ring23"",""active"",84]",-293.10809403690001,-49.823004105099997
1577,227640016890489,"[""ring23"",""active"",85]",-296.61636597670002,-62.487266786500001
1578,60134588103136,"[""ring23"",""active"",86]",-299.69491181090001,-75.262793265400006
1579,54066675428387,"[""ring23"",""active"",87]",-302.34021886279999,-88.135006434299996
1580,215062225886995,"[""ring23"",""active"",88]",-304.54926878909998,-101.0892188646
1581,27008675482069,"[""ring23"",""active"",89]",-306.3195410239,-114.1106495649
1582,132148686453985,"[""ring23"",""active"",90]",-307.64901565420001,-127.18444084639999
1583,116569950576801,"[""ring23"",""active"",91]",-308.53617572550002,-140.2956752762
1584,208140476949541,"[""ring23"",""active"",92]",-308.98000897209999,-153.42939269799999
1585,248074285415363,"[""ring24"",""active"",30]",297.92210554680003,177.9869548364
1586,60940640924950,"[""ring24"",""active"",31]",286.74680415440002,184.9362038081
1587,252416097513859,"[""ring24"",""active"",32]",275.35011310559997,191.51608645300001
1588,74342450093514,"[""ring24"",""active"",33]",263.74423626269999,197.71955686800001
1589,20225666753970,"[""ring24"",""active"",34]",251.94160148930001,203.53997222160001
1590,151155694842940,"[""ring24"",""active"",35]",239.9548473424,208.9710998672
1591,162328731185936,"[""ring24"",""active"",36]",227.79680953850001,214.0071240174
1592,166959468841107,"[""ring24"",""active"",37]",215.48050720910001,218.6426519714
1593,5850206264174,"[""ring24"",""active"",38]",203.01912895909999,222.87271988969999
1594,98472940468487,"[""ring24"",""active"",39]",190.4260187445,226.69279810960001
1595,19701828127026,"[""ring24"",""active"",40]",177.71466158320001,230.0987959956
1596,221181631788393,"[""ring24"",""active"",41]",164.89866911479999,233.08706631999999
1597,182196156155851,"[""ring24"",""active"",42]",151.99176502500001,235.65440916809999
1598,210384393170808,"[""ring24"",""active"",43]",139.0077703501,237.7980753647
1599,52054821784230,"[""ring24"",""active"",44]",125.9605886766,239.51576941850001
1600,137073483869227,"[""ring24"",""active"",45]",112.8641912537,240.80565197959999
1601,236363147489794,"[""ring24"",""active"",46]",99.732602031499994,241.66634180950001
1602,185063562080671,"[""ring24"",""active"",47]",86.579882644899996,242.09691725990001
1603,125335396341710,"[""ring24"",""active"",48]",73.420117355100004,242.09691725990001
1604,47660881120559,"[""ring24"",""active"",49]",60.267397968499999,241.66634180950001
1605,195681711238749,"[""ring24"",""active"",50]",47.1358087463,240.80565197959999
1606,146364132776263,"[""ring24"",""active"",51]",34.039411323400003,239.51576941850001
1607,242006095312795,"[""ring24"",""active"",52]",20.992229649900001,237.7980753647
1608,24568865142898,"[""ring24"",""active"",53]",8.0082349750000006,235.65440916809999
1609,235637730874526,"[""ring24"",""active"",54]",-4.8986691147999997,233.08706631999999
1610,43717075562995,"[""ring24"",""active"",55]",-17.714661583200002,230.0987959956
1611,92826395622882,"[""ring24"",""active"",56]",-30.426018744499999,226.69279810960001
1612,100771691659703,"[""ring24"",""active"",57]",-43.019128959100001,222.87271988969999
1613,148853577847673,"[""ring24"",""active"",58]",-55.480507209099997,218.6426519714
1614,115338910477986,"[""ring24"",""active"",59]",-67.7968095385,214.0071240174
1615,91085862702413,"[""ring24"",""active"",60]",-79.954847342400001,208.9710998672
1616,180430180510315,"[""ring24"",""active"",61]",-91.941601489299998,203.53997222160001
1617,242310311901251,"[""ring24"",""active"",62]",-103.7442362627,197.71955686800001
1618,174985283718676,"[""ring24"",""active"",63]",-115.3501131056,191.51608645300001
1619,177304213362875,"[""ring24"",""active"",64]",-126.7468041544,184.9362038081
1620,280885304589792,"[""ring24"",""active"",65]",-137.9221055468,177.9869548364
1621,181707612634253,"[""ring24"",""active"",66]",-148.8640504903,170.67578096790001
1622,272292974374781,"[""ring24"",""active"",67]",-159.56092207610001,163.0105111906
1623,197742970690053,"[""ring24"",""active"",68]",-170.00126582620001,154.99935366739999
1624,225338406389378,"[""ring24"",""active"",69]",-180.17390195900001,146.65088694639999
1625,23481573933285,"[""ring24"",""active"",70]",-190.0679373609,137.97405077479999
1626,27281225297101,"[""ring24"",""active"",71]",-199.6727772511,128.97813652630001
1627,184672686012349,"[""ring24"",""active"",72]",-208.97813652630001,119.6727772511
1628,29410985394741,"[""ring24"",""active"",73]",-217.97405077479999,110.0679373609
1629,124396721192526,"[""ring24"",""active"",74]",-226.65088694639999,100.17390195900001
1630,247916299868933,"[""ring24"",""active"",75]",-234.99935366739999,90.001265826199997
1631,182331503111437,"[""ring24"",""active"",76]",-243.0105111906,79.560922076099999
1632,21638397362788,"[""ring24"",""active"",77]",-250.67578096790001,68.864050490300002
1633,147190922257799,"[""ring24"",""active"",78]",-257.9869548364,57.922105546799997
1634,23146289602364,"[""ring24"",""active"",79]",-264.9362038081,46.746804154400003
1635,195455105059769,"[""ring24"",""active"",80]",-271.51608645300001,35.350113105600002
1636,198527060137764,"[""ring24"",""active"",81]",-277.71955686799998,23.744236262699999
1637,175805957113319,"[""ring24"",""active"",82]",-283.53997222160001,11.9416014893
1638,17432766208722,"[""ring24"",""active"",83]",-288.9710998672,-0.0451526576
1639,23678890064662,"[""ring24"",""active"",84]",-294.00712401739997,-12.2031904615
1640,279629312343357,"[""ring24"",""active"",85]",-298.64265197140003,-24.519492790899999
1641,266730345901673,"[""ring24"",""active"",86]",-302.87271988970002,-36.980871040899999
1642,114338272762924,"[""ring24"",""active"",87]",-306.69279810960001,-49.573981255500001
1643,166667645614654,"[""ring24"",""active"",88]",-310.09879599560003,-62.285338416800002
1644,187723163166264,"[""ring24"",""active"",89]",-313.08706632000002,-75.101330885199999
1645,266468783516630,"[""ring24"",""active"",90]",-315.65440916810002,-88.008234974999993
1646,238383824103992,"[""ring24"",""active"",91]",-317.79807536470003,-100.9922296499
1647,129327095540832,"[""ring24"",""active"",92]",-319.51576941849999,-114.0394113234
1648,42302247164619,"[""ring24"",""active"",93]",-320.80565197959999,-127.1358087463
1649,33071995459555,"[""ring25"",""active"",33]",281.9009738135,202.87993541829999
1650,230431841370738,"[""ring25"",""active"",34]",270.28589477169999,209.10314142109999
1651,179199003408098,"[""ring25"",""active"",35]",258.47921396359999,214.9546918481
1652,162669639183760,"[""ring25"",""active"",36]",246.49281971619999,220.42869468399999
1653,210291710557967,"[""ring25"",""active"",37]",234.33878131220001,225.5196380719
1654,244632226173872,"[""ring25"",""active"",38]",222.0293368383,230.22239586329999
1655,36510009265828,"[""ring25"",""active"",39]",209.57688086140001,234.53223277980001
1656,222353969637681,"[""ring25"",""active"",40]",196.9939519493,238.44480918100001
1657,193373059910139,"[""ring25"",""active"",41]",184.29322004470001,241.95618543410001
1658,253352043236311,"[""ring25"",""active"",42]",171.4874737081,245.06282588080001
1659,266255656553962,"[""ring25"",""active"",43]",158.5896072406,247.76160239750001
1660,173683184817233,"[""ring25"",""active"",44]",145.6126077003,250.04979754510001
1661,51005463727040,"[""ring25"",""active"",45]",132.5695418258,251.92510730500001
1662,140989840786449,"[""ring25"",""active"",46]",119.4735428788,253.38564339920001
1663,2255754440157,"[""ring25"",""active"",47]",106.3377974201,254.42993519180001
1664,120286578660717,"[""ring25"",""active"",48]",93.175532032000007,255.05693116929999
1665,175793760023825,"[""ring25"",""active"",49]",80,255.26599999999999
1666,49137254083481,"[""ring25"",""active"",50]",66.824467967999993,255.05693116929999
1667,74374311193287,"[""ring25"",""active"",51]",53.662202579899997,254.42993519180001
1668,276790812181886,"[""ring25"",""active"",52]",40.526457121200004,253.38564339920001
1669,83644482308735,"[""ring25"",""active"",53]",27.430458174200002,251.92510730500001
1670,163175264289921,"[""ring25"",""active"",54]",14.3873922997,250.04979754510001
1671,205539540028178,"[""ring25"",""active"",55]",1.4103927594000001,247.76160239750001
1672,127466556638726,"[""ring25"",""active"",56]",-11.4874737081,245.06282588080001
1673,221865701010109,"[""ring25"",""active"",57]",-24.2932200447,241.95618543410001
1674,256100426937860,"[""ring25"",""active"",58]",-36.993951949299998,238.44480918100001
1675,122509725981241,"[""ring25"",""active"",59]",-49.576880861399999,234.53223277980001
1676,4993059664279,"[""ring25"",""active"",60]",-62.029336838299997,230.22239586329999
1677,125920944004859,"[""ring25"",""active"",61]",-74.338781312199998,225.5196380719
1678,147317463386880,"[""ring25"",""active"",62]",-86.492819716200003,220.42869468399999
1679,260379782544562,"[""ring25"",""active"",63]",-98.479213963600003,214.9546918481
1680,168476051491059,"[""ring25"",""active"",64]",-110.2858947717,209.10314142109999
1681,10616337233747,"[""ring25"",""active"",65]",-121.9009738135,202.87993541829999
1682,154401146165217,"[""ring25"",""active"",66]",-133.31275568909999,196.2913400804
1683,45326395321126,"[""ring25"",""active"",67]",-144.5097497015,189.3439895647
1684,49507025687669,"[""ring25"",""active"",68]",-155.4806814268,182.044879264
1685,259499417272873,"[""ring25"",""active"",69]",-166.2145040668,174.40135876389999
1686,127792590929921,"[""ring25"",""active"",70]",-176.7004095719,166.42112444150001
1687,85960775799929,"[""ring25"",""active"",71]",-186.92783952409999,158.11221171619999
1688,237889203989733,"[""ring25"",""active"",72]",-196.88649576840001,149.4829869591
1689,80749341375228,"[""ring25"",""active"",73]",-206.56635078209999,140.54213906769999
1690,160382129159043,"[""ring25"",""active"",74]",-215.9576577718,131.2986707183
1691,98524383104815,"[""ring25"",""active"",75]",-225.0509604874,121.7618892997
1692,138073781285841,"[""ring25"",""active"",76]",-233.83710274379999,111.9413975425
1693,225364036224745,"[""ring25"",""active"",77]",-242.30723764059999,101.8470838495
1694,213444848349963,"[""ring25"",""active"",78]",-250.45283646990001,91.4891123389
1695,197248888657997,"[""ring25"",""active"",79]",-258.2656973041,80.877912609999996
1696,234520780815631,"[""ring25"",""active"",80]",-265.7379532548,70.024169241400003
1697,40120386119221,"[""ring25"",""active"",81]",-272.86208039339999,58.938811032700002
1698,199026175465389,"[""ring25"",""active"",82]",-279.6309053279,47.633000000000003
1699,20015047127374,"[""ring25"",""active"",83]",-286.03761242540003,36.118120136599998
1700,188989257811585,"[""ring25"",""active"",84]",-292.07575067490001,24.405765950300001
1701,249021662386971,"[""ring25"",""active"",85]",-297.73924018290001,12.5077307892
1702,125191338361466,"[""ring25"",""active"",86]",-303.02237829559999,0.43599496609999999
1703,185268576267862,"[""ring25"",""active"",87]",-307.9198453409,-11.7972863044
1704,265801837768575,"[""ring25"",""active"",88]",-312.42670998440002,-24.179795145
1705,1368220397124,"[""ring25"",""active"",89]",-316.53843419549997,-36.699063418900003
1706,22740304563259,"[""ring25"",""active"",90]",-320.2508778166,-49.342485284200002
1707,234205588149702,"[""ring25"",""active"",91]",-323.56030273139999,-62.097329886700003
1708,134333762627473,"[""ring25"",""active"",92]",-326.4633766298,-74.950754179200004
1709,122790271286721,"[""ring25"",""active"",93]",-328.95717636239999,-87.889815853000002
1710,23878388422997,"[""ring25"",""active"",94]",-331.03919088409998,-100.90148636959999
1711,52045198113719,"[""ring26"",""active"",36]",267.1341000571,225.3457200325
1712,183157162850742,"[""ring26"",""active"",37]",255.23733412729999,230.8994398557
1713,136144764463232,"[""ring26"",""active"",38]",243.17596257939999,236.08597625749999
1714,205695171795823,"[""ring26"",""active"",39]",230.96131501689999,240.90045737060001
1715,127306246615159,"[""ring26"",""active"",40]",218.60486502009999,245.33836081019999
1716,223806985894447,"[""ring26"",""active"",41]",206.11821936839999,249.39551792239999
1717,244354508444845,"[""ring26"",""active"",42]",193.51310713789999,253.06811769909999
1718,120112043799369,"[""ring26"",""active"",43]",180.80136868380001,256.35271035869999
1719,123297861072270,"[""ring26"",""active"",44]",167.99494451870001,259.24621058600002
1720,259328716769589,"[""ring26"",""active"",45]",155.10586409589999,261.7459004305
1721,5540729977930,"[""ring26"",""active"",46]",142.14623451049999,263.84943185959997
1722,128817495286612,"[""ring26"",""active"",47]",129.12822912639999,265.55482896389998
1723,12621325375734,"[""ring26"",""active"",48]",116.0640761417,266.86048981329998
1724,178940822042277,"[""ring26"",""active"",49]",102.966047102,267.76518796189998
1725,23952590042241,"[""ring26"",""active"",50]",89.8464453741,268.26807359999998
1726,265132272943637,"[""ring26"",""active"",51]",76.717594588500006,268.3686743522
1727,43170172059622,"[""ring26"",""active"",52]",63.591827063399997,268.0668957213
1728,108109023426078,"[""ring26"",""active"",53]",50.481472221200001,267.36302117679998
1729,212762680432467,"[""ring26"",""active"",54]",37.398845006400002,266.25771188890002
1730,94350295489601,"[""ring26"",""active"",55]",24.356234318199999,264.75200610749999
1731,22781247148274,"[""ring26"",""active"",56]",11.365891467200001,262.84731818649999
1732,278475121399491,"[""ring26"",""active"",57]",-1.5599813328000001,260.54543725569999
1733,180306898735464,"[""ring26"",""active"",58]",-14.409242426800001,257.84852554000003
1734,165528706291514,"[""ring26"",""active"",59]",-27.169822123199999,254.75911632859999
1735,169032926491513,"[""ring26"",""active"",60]",-39.829734031500003,251.28011159490001
1736,228567730717014,"[""ring26"",""active"",61]",-52.377086321599997,247.41477927119999
1737,152993005518245,"[""ring26"",""active"",62]",-64.800092893699997,243.1667501785
1738,227255859649199,"[""ring26"",""active"",63]",-77.087084450000006,238.54001461659999
1739,175780829443969,"[""ring26"",""active"",64]",-89.226519455200005,233.538918615
1740,256210454338346,"[""ring26"",""active"",65]",-101.20699497859999,228.16815985139999
1741,225598712263367,"[""ring26"",""active"",66]",-113.0172574046,222.43278323850001
1742,161779759005630,"[""ring26"",""active"",67]",-124.64621300410001,216.3381761855
1743,45236188503151,"[""ring26"",""active"",68]",-136.0829383544,209.89006353740001
1744,9399744318143,"[""ring26"",""active"",69]",-147.31669060089999,203.0945021972
1745,102463380670853,"[""ring26"",""active"",70]",-158.3369175473,195.95787543700001
1746,53989245944009,"[""ring26"",""active"",71]",-169.13326756800001,188.48688690169999
1747,15520135910018,"[""ring26"",""active"",72]",-179.69559933170001,180.68855431220001
1748,190389931305045,"[""ring26"",""active"",73]",-190.0139913273,172.57020287309999
1749,43654941741493,"[""ring26"",""active"",74]",-200.07875118359999,164.13945839249999
1750,161790738443597,"[""ring26"",""active"",75]",-209.8804247736,155.40424011830001
1751,78456227931250,"[""ring26"",""active"",76]",-219.40980509510001,146.3727532998
1752,238780504941595,"[""ring26"",""active"",77]",-228.65794091870001,137.05348147999999
1753,24818322259541,"[""ring26"",""active"",78]",-237.6161451966,127.455178527
1754,92380224551111,"[""ring26"",""active"",79]",-246.27600322230001,117.586860411
1755,56184222294224,"[""ring26"",""active"",80]",-254.62938053459999,107.4577967355
1756,229405355343748,"[""ring26"",""active"",81]",-262.66843055869998,97.077502030000005
1757,111842868641338,"[""ring26"",""active"",82]",-270.38560197689998,86.455726812799995
1758,260718126378352,"[""ring26"",""active"",83]",-277.77364582159998,75.602448431900001
1759,273468059108916,"[""ring26"",""active"",84]",-284.82562228419999,64.527861693099993
1760,154738915777416,"[""ring26"",""active"",85]",-291.5349072345,53.242369283899997
1761,105774334905290,"[""ring26"",""active"",86]",-297.89519844239999,41.756572001400002
1762,110339010584513,"[""ring26"",""active"",87]",-303.9005214979,30.0812587952
1763,143116563531091,"[""ring26"",""active"",88]",-309.54523542330003,18.2273966329
1764,14961399380175,"[""ring26"",""active"",89]",-314.82403797159998,6.2061201981999998
1765,148747424637330,"[""ring26"",""active"",90]",-319.73197060720003,-5.9712785678999998
1766,275674367064958,"[""ring26"",""active"",91]",-324.26442316369997,-18.293361074
1767,106730304256222,"[""ring26"",""active"",92]",-328.417138174,-30.748552823000001
1768,139812262386488,"[""ring26"",""active"",93]",-332.18621487000001,-43.325154284600004
1769,211697782426305,"[""ring26"",""active"",94]",-335.56811284629998,-56.0113518844
1770,110698439243016,"[""ring26"",""active"",95]",-338.55965538599997,-68.795229101299995
1771,193882877176841,"[""ring27"",""active"",40]",237.5019897585,252.44670290159999
1772,99205272389929,"[""ring27"",""active"",41]",225.15208725529999,256.95327205540002
1773,131687885082017,"[""ring27"",""active"",42]",212.6734825378,261.0901406392
1774,280656371384859,"[""ring27"",""active"",43]",200.0772400287,264.85364060969999
1775,6433185154926,"[""ring27"",""active"",44]",187.37452845690001,268.2404349789
1776,17702591530861,"[""ring27"",""active"",45]",174.57661095419999,271.24752077279999
1777,207703751107717,"[""ring27"",""active"",46]",161.69483506910001,273.87223169420002
1778,124822604665979,"[""ring27"",""active"",47]",148.74062270460001,276.11224048679998
1779,251869692717977,"[""ring27"",""active"",48]",135.72545999120001,277.96556099880002
1780,31018589125576,"[""ring27"",""active"",49]",122.6608871024,279.43054994379997
1781,63111848319567,"[""ring27"",""active"",50]",109.55848802209999,280.50590835780002
1782,254144875854036,"[""ring27"",""active"",51]",96.429880273899997,281.19068275119997
1783,59196330464688,"[""ring27"",""active"",52]",83.286704619700004,281.48426595410001
1784,98638683206714,"[""ring27"",""active"",53]",70.1406147382,281.38639765459999
1785,130197156033417,"[""ring27"",""active"",54]",57.003266892299997,280.89716462979999
1786,100247184737288,"[""ring27"",""active"",55]",43.886309593500002,280.01700066870001
1787,108335536169590,"[""ring27"",""active"",56]",30.801373273700001,278.74668618750002
1788,15543082120689,"[""ring27"",""active"",57]",17.760059972400001,277.08734753779999
1789,266916126787362,"[""ring27"",""active"",58]",4.7739330502000001,275.0404560078
1790,223408876383796,"[""ring27"",""active"",59]",-8.1454930648000001,272.60782651800002
1791,79205212476643,"[""ring27"",""active"",60]",-20.986763086100002,269.79161601139998
1792,202531658477106,"[""ring27"",""active"",61]",-33.738491025800002,266.59432154149999
1793,194118444900821,"[""ring27"",""active"",62]",-46.389370290700001,263.0187780581
1794,236512242270589,"[""ring27"",""active"",63]",-58.928183707000002,259.06815589370001
1795,72233641107700,"[""ring27"",""active"",64]",-71.343813466699999,254.74595795210001
1796,141523380396680,"[""ring27"",""active"",65]",-83.625250985099996,250.05601660299999
1797,80209661154055,"[""ring27"",""active"",66]",-95.761606661900004,245.00249028350001
1798,151395764319031,"[""ring27"",""active"",67]",-107.74211953690001,239.58985981129999
1799,239379562818066,"[""ring27"",""active"",68]",-119.5561668311,233.82292441140001
1800,251382497807485,"[""ring27"",""active"",69]",-131.1932733658,227.7067974608
1801,150627451807774,"[""ring27"",""active"",70]",-142.6431208507,221.24690195479999
1802,138431747966447,"[""ring27"",""active"",71]",-153.8955570327,214.4489656984
1803,245297471447511,"[""ring27"",""active"",72]",-164.9406046977,207.31901622780001
1804,129175714092710,"[""ring27"",""active"",73]",-175.76847051710001,199.86337546569999
1805,78567026708758,"[""ring27"",""active"",74]",-186.3695537312,192.0886541161
1806,47952322356204,"[""ring27"",""active"",75]",-196.73445466199999,184.00174580250001
1807,156119172687886,"[""ring27"",""active"",76]",-206.85398304739999,175.60982095590001
1808,144027874464002,"[""ring27"",""active"",77]",-216.71916619059999,166.9203204566
1809,187824591161979,"[""ring27"",""active"",78]",-226.3212569149,157.94094903659999
1810,192700965531237,"[""ring27"",""active"",79]",-235.6517413206,148.6796684485
1811,155984729793611,"[""ring27"",""active"",80]",-244.70234633339999,139.14469040559999
1812,207678559744368,"[""ring27"",""active"",81]",-253.46504703990001,129.3444693008
1813,132207894929254,"[""ring27"",""active"",82]",-261.93207380349997,119.28769471050001
1814,194870935055544,"[""ring27"",""active"",83]",-270.09591915319999,108.9832836898
1815,244202118866462,"[""ring27"",""active"",84]",-277.94934444009999,98.440372866000004
1816,71642858646103,"[""ring27"",""active"",85]",-285.48538625629999,87.668310337299999
1817,245599100876893,"[""ring27"",""active"",86]",-292.69736260830001,76.676647384299997
1818,224737798038041,"[""ring27"",""active"",87]",-299.57887884259998,65.475130000799993
1819,159747907388725,"[""ring27"",""active"",88]",-306.12383331500001,54.073690252600002
1820,51414512493459,"[""ring27"",""active"",89]",-312.32642280120001,42.482437471200001
1821,213798924074305,"[""ring27"",""active"",90]",-318.1811476419,30.711649289699999
1822,221171864607257,"[""ring27"",""active"",91]",-323.6828166199,18.77176253
1823,67987885411655,"[""ring27"",""active"",92]",-328.82655156200002,6.6733639491999996
1824,21189783752704,"[""ring27"",""active"",93]",-333.60779166539999,-5.5728191479999998
1825,189307941156514,"[""ring27"",""active"",94]",-338.02229754090001,-17.955928420399999
1826,139435335995450,"[""ring27"",""active"",95]",-342.0661549719,-30.464984118299999
1827,196337118691553,"[""ring27"",""active"",96]",-345.73577838559999,-43.088894818900002
1828,23010110828555,"[""ring28"",""active"",43]",219.23027672609999,272.76641884600002
1829,120393727922906,"[""ring28"",""active"",44]",206.6430152275,276.61583793099999
1830,49658139137641,"[""ring28"",""active"",45]",193.94958633210001,280.09923314269997
1831,256427614783314,"[""ring28"",""active"",46]",181.16063119750001,283.21368428080001
1832,269661634736647,"[""ring28"",""active"",47]",168.28687106320001,285.956580438
1833,96317674869198,"[""ring28"",""active"",48]",155.33909826210001,288.325622189
1834,214976246230902,"[""ring28"",""active"",49]",142.32816717380001,290.31882351820002
1835,134679166654450,"[""ring28"",""active"",50]",129.26498512430001,291.93451348479999
1836,222141745582735,"[""ring28"",""active"",51]",116.1605032431,293.17133762330002
1837,111649138154959,"[""ring28"",""active"",52]",103.0257072818,294.02825907890002
1838,20081917327608,"[""ring28"",""active"",53]",89.871608405200007,294.50455947720002
1839,281395720134661,"[""ring28"",""active"",54]",76.709233959900004,294.59983952589999
1840,246450227421195,"[""ring28"",""active"",55]",63.549618230299998,294.3140193497
1841,209561618009177,"[""ring28"",""active"",56]",50.403793187799998,293.64733855759999
1842,204250433413820,"[""ring28"",""active"",57]",37.282779243100002,292.60035604149999
1843,69860834360238,"[""ring28"",""active"",58]",24.197576007199999,291.17394950789998
1844,9772799053764,"[""ring28"",""active"",59]",11.15915307,289.36931474239998
1845,234410338133009,"[""ring28"",""active"",60]",-1.8215591951000001,287.18796460649997
1846,244259245232002,"[""ring28"",""active"",61]",-14.733678794999999,284.63172777030002
1847,39133175061423,"[""ring28"",""active"",62]",-27.5663812391,281.70274717870001
1848,125762146689910,"[""ring28"",""active"",63]",-40.3089086138,278.40347825510003
1849,149603912000652,"[""ring28"",""active"",64]",-52.9505786012,274.73668684350002
1850,93605236897604,"[""ring28"",""active"",65]",-65.480793433900004,270.70544688910002
1851,123286209481428,"[""ring28"",""active"",66]",-77.889048779999996,266.31313786160001
1852,243091446896348,"[""ring28"",""active"",67]",-90.164942548300004,261.56344192260002
1853,146041668069472,"[""ring28"",""active"",68]",-102.2981836093,256.46034083789999
1854,158051517460197,"[""ring28"",""active"",69]",-114.2786004221,251.0081126403
1855,66653958380104,"[""ring28"",""active"",70]",-126.09614956110001,245.21132804269999
1856,145141625937140,"[""ring28"",""active"",71]",-137.74092413650001,239.07484660680001
1857,141673816737420,"[""ring28"",""active"",72]",-149.20316209859999,232.6038126688
1858,243996863326144,"[""ring28"",""active"",73]",-160.47325442179999,225.80365102709999
1859,44481414357302,"[""ring28"",""active"",74]",-171.5417531601,218.68006239459999
1860,20279132159157,"[""ring28"",""active"",75]",-182.39937936760001,211.2390186195
1861,199061210730399,"[""ring28"",""active"",76]",-193.03703087700001,203.48675767899999
1862,123787448716240,"[""ring28"",""active"",77]",-203.44578993019999,195.4297784499
1863,149148078449207,"[""ring28"",""active"",78]",-213.61693065430001,187.07483526070001
1864,78347164636056,"[""ring28"",""active"",79]",-223.54192637669999,178.42893222890001
1865,34276134966430,"[""ring28"",""active"",80]",-233.2124567731,169.49931738960001
1866,128650445024658,"[""ring28"",""active"",81]",-242.62041484260001,160.29347661930001
1867,193979144786891,"[""ring28"",""active"",82]",-251.75791370389999,150.8191273601
1868,19267054836409,"[""ring28"",""active"",83]",-260.61729320730001,141.08421215039999
1869,7711043302289,"[""ring28"",""active"",84]",-269.19112635599998,131.0968919661
1870,89025553480925,"[""ring28"",""active"",85]",-277.47222553249998,120.8655393794
1871,179929683011872,"[""ring28"",""active"",86]",-285.45364852429998,110.3987315398
1872,23273608882562,"[""ring28"",""active"",87]",-293.1287043433,99.705242983600002
1873,281206314032008,"[""ring28"",""active"",88]",-300.4909588351,88.794038278299993
1874,25860446414169,"[""ring28"",""active"",89]",-307.5342400733,77.674264506900002
1875,50969343113249,"[""ring28"",""active"",90]",-314.25264353279999,66.355243600500003
1876,185224216577585,"[""ring28"",""active"",91]",-320.64053704050002,54.846464522799998
1877,47863445954929,"[""ring28"",""active"",92]",-326.69256549620002,43.157575315700001
1878,159887742698233,"[""ring28"",""active"",93]",-332.40365536230001,31.298375011000001
1879,72628896616426,"[""ring28"",""active"",94]",-337.76901891680001,19.278805415800001
1880,237770601207629,"[""ring28"",""active"",95]",-342.78415826719998,7.1089427780000003
1881,49545284130288,"[""ring28"",""active"",96]",-347.44486912069999,-5.2010106606999997
1882,135350869537607,"[""ring29"",""active"",48]",177.67363599129999,297.4149181665
1883,270399870317226,"[""ring29"",""active"",49]",164.80643774059999,299.97436303209997
1884,83879236477514,"[""ring29"",""active"",50]",151.8725182595,302.17192433989999
1885,277914845128285,"[""ring29"",""active"",51]",138.88205327349999,304.00587316470001
1886,270122376866487,"[""ring29"",""active"",52]",125.8452629949,305.4747666522
1887,166627446970920,"[""ring29"",""active"",53]",112.7724040825,306.5774491546
1888,57066578708678,"[""ring29"",""active"",54]",99.673761571900002,307.31305313960002
1889,245249401420489,"[""ring29"",""active"",55]",86.559640783700004,307.68099987260001
1890,264746105413582,"[""ring29"",""active"",56]",73.440359216299996,307.68099987260001
1891,248055468547418,"[""ring29"",""active"",57]",60.326238428099998,307.31305313960002
1892,160846216893275,"[""ring29"",""active"",58]",47.227595917499997,306.5774491546
1893,57209191318873,"[""ring29"",""active"",59]",34.154737005100003,305.4747666522
1894,227133744759832,"[""ring29"",""active"",60]",21.117946726500001,304.00587316470001
1895,225571913483102,"[""ring29"",""active"",61]",8.1274817405000004,302.17192433989999
1896,144809554799960,"[""ring29"",""active"",62]",-4.8064377405999998,299.97436303209997
1897,12247266630010,"[""ring29"",""active"",63]",-17.673635991299999,297.4149181665
1898,153897115011600,"[""ring29"",""active"",64]",-30.463989779199999,294.49560337920002
1899,153548783677452,"[""ring29"",""active"",65]",-43.167436328599997,291.21871543330002
1900,189314116080507,"[""ring29"",""active"",66]",-55.773981238200001,287.58683241099999
1901,233876124835542,"[""ring29"",""active"",67]",-68.273706343599997,283.60281168649999
1902,21053002455077,"[""ring29"",""active"",68]",-80.656777520700004,279.26978767679998
1903,247824420903731,"[""ring29"",""active"",69]",-92.913452422500001,274.59116937689998
1904,23466497547996,"[""ring29"",""active"",70]",-105.03408814389999,269.57063767649998
1905,221128665394404,"[""ring29"",""active"",71]",-117.0091488082,264.21214246509999
1906,96770466211447,"[""ring29"",""active"",72]",-128.82921306969999,258.51989952410003
1907,245808679015655,"[""ring29"",""active"",73]",-140.4849815254,252.49838720989999
1908,161484525682048,"[""ring29"",""active"",74]",-151.96728403180001,246.1523429305
1909,201395984115328,"[""ring29"",""active"",75]",-163.26708691920001,239.48675941869999
1910,63320370566255,"[""ring29"",""active"",76]",-174.37550009879999,232.50688080399999
1911,129590122022076,"[""ring29"",""active"",77]",-185.28378405730001,225.21819848659999
1912,99872274022541,"[""ring29"",""active"",78]",-195.9833567325,217.62644681699999
1913,2145832419616,"[""ring29"",""active"",79]",-206.4658002653,209.737598585
1914,63261892453158,"[""ring29"",""active"",80]",-216.722867622,201.55786032
1915,215663644527945,"[""ring29"",""active"",81]",-226.74648908340001,193.09366740850001
1916,243438778980594,"[""ring29"",""active"",82]",-236.52877859309999,184.35167903089999
1917,132961437500653,"[""ring29"",""active"",83]",-246.06203996170001,175.3387729223
1918,87977684116968,"[""ring29"",""active"",84]",-255.3387729223,166.06203996170001
1919,43905987990780,"[""ring29"",""active"",85]",-264.35167903090002,156.52877859309999
1920,261727110202603,"[""ring29"",""active"",86]",-273.09366740849998,146.74648908340001
1921,22692004720471,"[""ring29"",""active"",87]",-281.55786031999997,136.722867622
1922,57805083802281,"[""ring29"",""active"",88]",-289.737598585,126.4658002653
1923,245570113555793,"[""ring29"",""active"",89]",-297.62644681699999,115.9833567325
1924,225223143024147,"[""ring29"",""active"",90]",-305.21819848659999,105.2837840573
1925,2900476834717,"[""ring29"",""active"",91]",-312.50688080399999,94.375500098800003
1926,159433535620024,"[""ring29"",""active"",92]",-319.48675941869999,83.267086919199997
1927,16678363568146,"[""ring29"",""active"",93]",-326.15234293050003,71.967284031800006
1928,73744232690012,"[""ring29"",""active"",94]",-332.49838720989999,60.484981525400002
1929,20301823635079,"[""ring29"",""active"",95]",-338.51989952410003,48.829213069700003
1930,248814059308836,"[""ring29"",""active"",96]",-344.21214246509999,37.009148808200003
1931,107782316153414,"[""ring30"",""active"",52]",145.47467792640001,316.36365933550002
1932,25941221015557,"[""ring30"",""active"",53]",132.43847036790001,317.9743468122
1933,146267763565261,"[""ring30"",""active"",54]",119.3631312577,319.22835191860003
1934,146033189945524,"[""ring30"",""active"",55]",106.25841790370001,320.12473886919997
1935,276332465723396,"[""ring30"",""active"",56]",93.134109534199993,320.66283874649997
1936,280062793351889,"[""ring30"",""active"",57]",80,320.84224999999998
1937,156355612397412,"[""ring30"",""active"",58]",66.865890465800007,320.66283874649997
1938,235830710303468,"[""ring30"",""active"",59]",53.7415820963,320.12473886919997
1939,265217234418626,"[""ring30"",""active"",60]",40.636868742300003,319.22835191860003
1940,251000096282066,"[""ring30"",""active"",61]",27.561529632100001,317.9743468122
1941,203444133161018,"[""ring30"",""active"",62]",14.5253220736,316.36365933550002
1942,145210875183951,"[""ring30"",""active"",63]",1.5379741735000001,314.39749144389998
1943,270600528578164,"[""ring30"",""active"",64]",-11.390822422399999,312.0773103656
1944,47662776048149,"[""ring30"",""active"",65]",-24.251419761600001,309.40484750669998
1945,253003672098003,"[""ring30"",""active"",66]",-37.0342207845,306.38209715900001
1946,72637557733175,"[""ring30"",""active"",67]",-49.729686485899997,303.01131501219999
1947,270636244831925,"[""ring30"",""active"",68]",-62.328343033400003,299.29501647030003
1948,101677809070402,"[""ring30"",""active"",69]",-74.820788837400002,295.23597477440001
1949,102788865266377,"[""ring30"",""active"",70]",-87.197701566700005,290.8372189337
1950,114151045403360,"[""ring30"",""active"",71]",-99.449845105199998,286.10203146449999
1951,34930401845648,"[""ring30"",""active"",72]",-111.5680764441,281.03394594129998
1952,152082085466140,"[""ring30"",""active"",73]",-123.5433525052,275.63674435939998
1953,95185436691626,"[""ring30"",""active"",74]",-135.3667368886,269.9144543127
1954,215000235108049,"[""ring30"",""active"",75]",-147.0294065418,263.87134598879999
1955,40870042012392,"[""ring30"",""active"",76]",-158.5226583436,257.51192898139999
1956,175501081221727,"[""ring30"",""active"",77]",-169.8379155989,250.84094892580001
1957,63777349334103,"[""ring30"",""active"",78]",-180.96673443860001,243.8633839574
1958,248452828115807,"[""ring30"",""active"",79]",-191.90081012100001,236.58444099659999
1959,133048186638049,"[""ring30"",""active"",80]",-202.6319832291,229.00955186350001
1960,24776420488499,"[""ring30"",""active"",81]",-213.15224575939999,221.14436922420001
1961,216036092582704,"[""ring30"",""active"",82]",-223.4537470976,212.9947623727
1962,129527136544560,"[""ring30"",""active"",83]",-233.52879987750001,204.56681285120001
1963,71661569717529,"[""ring30"",""active"",84]",-243.36988571699999,195.86680991130001
1964,108584022729526,"[""ring30"",""active"",85]",-252.9696608292,186.90124582129999
1965,256039298583552,"[""ring30"",""active"",86]",-262.32096150199999,177.6768110212
1966,18922079860598,"[""ring30"",""active"",87]",-271.41680944439997,168.20038912979999
1967,198950844421448,"[""ring30"",""active"",88]",-280.25041699389999,158.47905180839999
1968,186046609689173,"[""ring30"",""active"",89]",-288.81519218139999,148.5200534832
1969,13274484119457,"[""ring30"",""active"",90]",-297.10474365070002,138.33082593180001
1970,60981846941100,"[""ring30"",""active"",91]",-305.11288542789998,127.91897273790001
1971,136428905691644,"[""ring30"",""active"",92]",-312.83364153740001,117.29226361640001
1972,201710544986243,"[""ring30"",""active"",93]",-320.2612504617,106.458628616
1973,177352609896488,"[""ring30"",""active"",94]",-327.3901694406,95.426152200999994
1974,199573739188737,"[""ring30"",""active"",95]",-334.21507860769998,84.203067218900003
1975,259202182555877,"[""ring30"",""active"",96]",-340.73088495989998,72.797748756199994
1976,126201690776052,"[""ring31"",""active"",57]",99.721196644399996,333.5636597331
1977,30465357078388,"[""ring31"",""active"",58]",86.575285686900003,333.91373480030001
1978,78389111970516,"[""ring31"",""active"",59]",73.424714313099997,333.91373480030001
1979,175958815266985,"[""ring31"",""active"",60]",60.278803355599997,333.5636597331
1980,65500230740978,"[""ring31"",""active"",61]",47.146870343400003,332.86375772420001
1981,265122091905569,"[""ring31"",""active"",62]",34.038222898800001,331.81452484850001
1982,17142688109880,"[""ring31"",""active"",63]",20.962152139200001,330.4167047789
1983,218140912372733,"[""ring31"",""active"",64]",7.9279260926999999,328.67128825930001
1984,204054577372736,"[""ring31"",""active"",65]",-5.0552168710999998,326.57951240189999
1985,52456209415506,"[""ring31"",""active"",66]",-17.978074589399998,324.14285981099999
1986,40177208392275,"[""ring31"",""active"",67]",-30.831487628200001,321.3630575318
1987,103848115443121,"[""ring31"",""active"",68]",-43.606345774200001,318.24207582629998
1988,216729027699020,"[""ring31"",""active"",69]",-56.293594492099999,314.7821267768
1989,45792578777562,"[""ring31"",""active"",70]",-68.884241342400003,310.98566271819999
1990,166133999266218,"[""ring31"",""active"",71]",-81.369362354700002,306.85537449999998
1991,51165488441164,"[""ring31"",""active"",72]",-93.740108352899995,302.39418957829997
1992,48236858237022,"[""ring31"",""active"",73]",-105.9877112274,297.60526994190002
1993,177415208429987,"[""ring31"",""active"",74]",-118.1034901499,292.4920098705
1994,223584700023446,"[""ring31"",""active"",75]",-130.07885772579999,287.05803352909999
1995,192283343604286,"[""ring31"",""active"",76]",-141.90532608090001,281.30719239910002
1996,244443037981204,"[""ring31"",""active"",77]",-153.5745128776,275.2435625489
1997,243482059133272,"[""ring31"",""active"",78]",-165.07814725590001,268.87144174439999
1998,217322267485574,"[""ring31"",""active"",79]",-176.40807569559999,262.19534640299997
1999,4484164601016,"[""ring31"",""active"",80]",-187.55626779560001,255.22000839259999
2000,267397766356912,"[""ring31"",""active"",81]",-198.51482196520001,247.9503716776
2001,163195909712573,"[""ring31"",""active"",82]",-209.27597102519999,240.39158881489999
2002,72561833162606,"[""ring31"",""active"",83]",-219.83208771229999,232.5490173014
2003,168862203925512,"[""ring31"",""active"",84]",-230.17569008609999,224.42821577749999
2004,256098498975985,"[""ring31"",""active"",85]",-240.2994468311,216.03494008659999
2005,69972268708971,"[""ring31"",""active"",86]",-250.19618245390001,207.37513919579999
2006,238831994596467,"[""ring31"",""active"",87]",-259.85888236839997,198.45495097919999
2007,256494523546171,"[""ring31"",""active"",88]",-269.280697868,189.280697868
2008,128775002549695,"[""ring31"",""active"",89]",-278.45495097920002,179.8588823684
2009,171329907431023,"[""ring31"",""active"",90]",-287.37513919579999,170.19618245390001
2010,5576039235976,"[""ring31"",""active"",91]",-296.03494008659999,160.2994468311
2011,238866588670654,"[""ring31"",""active"",92]",-304.42821577749999,150.17569008609999
2012,75792902608961,"[""ring31"",""active"",93]",-312.5490173014,139.83208771229999
2013,59726242426375,"[""ring31"",""active"",94]",-320.39158881489999,129.27597102519999
2014,126293033573667,"[""ring31"",""active"",95]",-327.9503716776,118.5148219652
2015,111526424563931,"[""ring32"",""active"",63]",40.543659852200001,345.53533112410003
2016,56836024448142,"[""ring32"",""active"",64]",27.432927811399999,344.3406355967
2017,135917724295840,"[""ring32"",""active"",65]",14.357629625,342.80597948320002
2018,68819150050766,"[""ring32"",""active"",66]",1.3265789512999999,340.93239724839998
2019,179247556889280,"[""ring32"",""active"",67]",-11.6514403772,338.7211518167
2020,241478638600035,"[""ring32"",""active"",68]",-24.567680274899999,336.17373372079999
2021,125991532725691,"[""ring32"",""active"",69]",-37.413434299899997,333.29186009749998
2022,175177709339286,"[""ring32"",""active"",70]",-50.1800435225,330.07747352950003
2023,148347467229577,"[""ring32"",""active"",71]",-62.858902362099997,326.5327407364
2024,149481029133961,"[""ring32"",""active"",72]",-75.441464388200004,322.66005111409999
2025,227772775172065,"[""ring32"",""active"",73]",-87.919248080700001,318.46201512409999
2026,48021094105260,"[""ring32"",""active"",74]",-100.2838425476,313.94146253399998
2027,61089654614203,"[""ring32"",""active"",75]",-112.52691319420001,309.10144050989999
2028,234812401489211,"[""ring32"",""active"",76]",-124.6402073412,303.94521156259998
2029,204537690617195,"[""ring32"",""active"",77]",-136.61555978800001,298.47625134819998
2030,233023502997246,"[""ring32"",""active"",78]",-148.4448983158,292.69824632529998
2031,22071978949983,"[""ring32"",""active"",79]",-160.1202491297,286.6150912704
2032,344989480138,"[""ring32"",""active"",80]",-171.63374223299999,280.23088665199998
2033,23193080101805,"[""ring32"",""active"",81]",-182.9776167325,273.54993586699999
2034,36380295278538,"[""ring32"",""active"",82]",-194.14422606950001,266.57674233990002
2035,86757069192769,"[""ring32"",""active"",83]",-205.1260431744,259.31600648710003
2036,70466827402805,"[""ring32"",""active"",84]",-215.91566554049999,251.77262254830001
2037,19877280407277,"[""ring32"",""active"",85]",-226.50582021349999,243.95167528779999
2038,147523514231404,"[""ring32"",""active"",86]",-236.8893686943,235.85843656669999
2039,163920497396000,"[""ring32"",""active"",87]",-247.05931175079999,227.49836178960001
2040,39879859439995,"[""ring32"",""active"",88]",-257.00879413550001,218.87708622700001
2041,177966543604625,"[""ring32"",""active"",89]",-266.73110920699997,210.00042121690001
2042,226145232110224,"[""ring32"",""active"",90]",-276.21970345009998,200.8743502474
2043,90785198022448,"[""ring32"",""active"",91]",-285.46818089390001,191.50502492370001
2044,106191191851824,"[""ring32"",""active"",92]",-294.47030742290002,181.89876082129999
2045,111462001076550,"[""ring32"",""active"",93]",-303.22001497909997,172.06203322869999
2046,180552301116264,"[""ring33"",""active"",71]",-40.318368946100001,346.08205405659999
2047,29406860074283,"[""ring33"",""active"",72]",-53.049020681599998,342.88518912339998
2048,129866885352733,"[""ring33"",""active"",73]",-65.694959491500001,339.36813486919999
2049,32335392384727,"[""ring33"",""active"",74]",-78.248133648299998,335.53313061879999
2050,71703107721350,"[""ring33"",""active"",75]",-90.700550488000005,331.38261813690002
2051,33524437912769,"[""ring33"",""active"",76]",-103.0442814994,326.9192400741
2052,214023716310325,"[""ring33"",""active"",77]",-115.2714673719,322.1458382838
2053,194709192082873,"[""ring33"",""active"",78]",-127.3743229998,317.06545201300003
2054,151415025547484,"[""ring33"",""active"",79]",-139.3451424392,311.68131596699999
2055,148917090526902,"[""ring33"",""active"",80]",-151.17630381399999,305.99685825
2056,42740372042731,"[""ring33"",""active"",81]",-162.86027416909999,300.01569818270002
2057,92314716099328,"[""ring33"",""active"",82]",-174.38961426680001,293.74164399710003
2058,4497747482833,"[""ring33"",""active"",83]",-185.75698332299999,287.17869041249998
2059,222289856894754,"[""ring33"",""active"",84]",-196.9551436813,280.33101609189998
2060,50787328307698,"[""ring33"",""active"",85]",-207.97696542130001,273.20298098090001
2061,115340570417965,"[""ring33"",""active"",86]",-218.81543089830001,265.7991235325
2062,250162584022158,"[""ring33"",""active"",87]",-229.46363921119999,258.12415781689998
2063,159598007873177,"[""ring33"",""active"",88]",-239.91481059680001,250.1829705202
2064,173149759699271,"[""ring33"",""active"",89]",-250.16229074590001,241.980617833
2065,205716075365505,"[""ring33"",""active"",90]",-260.19955504059999,233.52232223109999
