export_index,mirror_id,position_key,x,y
1,225977427565346,"[""ring1"",""active"",0]",100.301686207,-173.68955278729999
2,98461791273696,"[""ring1"",""active"",1]",98.719868698200003,-161.1681778841
3,146546269447317,"[""ring1"",""active"",2]",95.581179887700003,-148.94379206529999
4,91816430395141,"[""ring1"",""active"",3]",90.935118772799996,-137.20918119769999
5,231364419112210,"[""ring1"",""active"",4]",84.854956513000005,-126.1494071046
6,186914820487113,"[""ring1"",""active"",5]",77.436580899000006,-115.9388890303
7,218691133102543,"[""ring1"",""active"",6]",68.796984145799996,-106.7386529441
8,249518401681586,"[""ring1"",""active"",7]",59.072417855399998,-98.693792065300002
9,257081424862060,"[""ring1"",""active"",8]",48.416244247199998,-91.931178655599993
10,462329393670,"[""ring1"",""active"",9]",36.9965175448,-86.557463168200002
11,136638878541845,"[""ring1"",""active"",10]",24.993333660099999,-82.657392306600002
12,113440114950139,"[""ring1"",""active"",11]",12.5959899732,-80.292472517899995
13,189893974123011,"[""ring1"",""active"",12]",0,-79.5
14,259292959545620,"[""ring1"",""active"",13]",-12.5959899732,-80.292472517899995
15,199461450372935,"[""ring1"",""active"",14]",-24.993333660099999,-82.657392306600002
16,53150555964577,"[""ring1"",""active"",15]",-36.9965175448,-86.557463168200002
17,182181300776484,"[""ring1"",""active"",16]",-48.416244247199998,-91.931178655599993
18,36828647183504,"[""ring1"",""active"",17]",-59.072417855399998,-98.693792065300002
19,245044142097057,"[""ring1"",""active"",18]",-68.796984145799996,-106.7386529441
20,164989153111639,"[""ring1"",""active"",19]",-77.436580899000006,-115.9388890303
21,82757952312123,"[""ring1"",""active"",20]",-84.854956513000005,-126.1494071046
22,264367324792324,"[""ring1"",""active"",21]",-90.935118772799996,-137.20918119769999
23,96077426024455,"[""ring1"",""active"",22]",-95.581179887700003,-148.94379206529999
24,175280640722083,"[""ring1"",""active"",23]",-98.719868698200003,-161.1681778841
25,271289438101252,"[""ring1"",""active"",24]",-100.301686207,-173.68955278729999
26,22151644413009,"[""ring1"",""active"",25]",-100.301686207,-186.31044721270001
27,54785332350034,"[""ring1"",""active"",26]",-98.719868698200003,-198.8318221159
28,37097415433566,"[""ring1"",""active"",27]",-95.581179887700003,-211.05620793470001
29,7974149837147,"[""ring1"",""active"",28]",-90.935118772799996,-222.79081880230001
30,159066063835249,"[""ring1"",""active"",29]",-84.854956513000005,-233.85059289540001
31,227814935923795,"[""ring1"",""active"",30]",-77.436580899000006,-244.0611109697
32,112737315580354,"[""ring1"",""active"",31]",-68.796984145799996,-253.26134705589999
33,279057199714791,"[""ring1"",""active"",32]",-59.072417855399998,-261.30620793470001
34,104555532071604,"[""ring1"",""active"",33]",-48.416244247199998,-268.06882134440002
35,114636202083057,"[""ring1"",""active"",34]",-36.9965175448,-273.4425368318
36,166816355597687,"[""ring1"",""active"",35]",-24.993333660099999,-277.3426076934
37,196871639851600,"[""ring1"",""active"",36]",-12.5959899732,-279.70752748209998
38,163201643135464,"[""ring1"",""active"",37]",-0,-280.5
39,141087017475327,"[""ring1"",""active"",38]",12.5959899732,-279.70752748209998
40,274460507970912,"[""ring1"",""active"",39]",24.993333660099999,-277.3426076934
41,211658257369416,"[""ring1"",""active"",40]",36.9965175448,-273.4425368318
42,25256560694987,"[""ring1"",""active"",41]",48.416244247199998,-268.06882134440002
43,111109889874469,"[""ring1"",""active"",42]",59.072417855399998,-261.30620793470001
44,248359595964128,"[""ring1"",""active"",43]",68.796984145799996,-253.26134705589999
45,232550607584963,"[""ring1"",""active"",44]",77.436580899000006,-244.0611109697
46,8954556596020,"[""ring1"",""active"",45]",84.854956513000005,-233.85059289540001
47,16077873566104,"[""ring1"",""active"",46]",90.935118772799996,-222.79081880230001
48,82931331611565,"[""ring1"",""active"",47]",95.581179887700003,-211.05620793470001
49,126224545870466,"[""ring1"",""active"",48]",98.719868698200003,-198.8318221159
50,166042599386754,"[""ring1"",""active"",49]",100.301686207,-186.31044721270001
51,118963306441431,"[""ring2"",""active"",0]",112.9348027204,-173.65771751930001
52,166210091923763,"[""ring2"",""active"",1]",111.5145820499,-161.05291043989999
53,117307025828046,"[""ring2"",""active"",2]",108.6920008078,-148.68637400509999
54,31761126237247,"[""ring2"",""active"",3]",104.50255459109999,-136.71362458569999
55,8755066053518,"[""ring2"",""active"",4]",98.998928116499997,-125.2852264526
56,26147884959761,"[""ring2"",""active"",5]",92.250332680400007,-114.544898343
57,113321123638128,"[""ring2"",""active"",6]",84.341635785899996,-104.62770611480001
58,146421478213383,"[""ring2"",""active"",7]",75.372293885199994,-95.658364214100004
59,209994560452606,"[""ring2"",""active"",8]",65.455101657,-87.749667319599993
60,52342416943538,"[""ring2"",""active"",9]",54.7147735474,-81.001071883500003
61,200784994231433,"[""ring2"",""active"",10]",43.286375414299997,-75.497445408900006
62,91357866436445,"[""ring2"",""active"",11]",31.313625994900001,-71.3079991922
63,198849746917301,"[""ring2"",""active"",12]",18.9470895601,-68.4854179501
64,195368130266985,"[""ring2"",""active"",13]",6.3422824806999998,-67.0651972796
65,150101175004650,"[""ring2"",""active"",14]",-6.3422824806999998,-67.0651972796
66,24350496598495,"[""ring2"",""active"",15]",-18.9470895601,-68.4854179501
67,111513192711181,"[""ring2"",""active"",16]",-31.313625994900001,-71.3079991922
68,183037382441518,"[""ring2"",""active"",17]",-43.286375414299997,-75.497445408900006
69,224334105978858,"[""ring2"",""active"",18]",-54.7147735474,-81.001071883500003
70,240661364293959,"[""ring2"",""active"",19]",-65.455101657,-87.749667319599993
71,206103613447385,"[""ring2"",""active"",20]",-75.372293885199994,-95.658364214100004
72,205049209907177,"[""ring2"",""active"",21]",-84.341635785899996,-104.62770611480001
73,140036588241521,"[""ring2"",""active"",22]",-92.250332680400007,-114.544898343
74,178109332024333,"[""ring2"",""active"",23]",-98.998928116499997,-125.2852264526
75,147447801650378,"[""ring2"",""active"",24]",-104.50255459109999,-136.71362458569999
76,186058987222788,"[""ring2"",""active"",25]",-108.6920008078,-148.68637400509999
77,15063983504382,"[""ring2"",""active"",26]",-111.5145820499,-161.05291043989999
78,82820283973980,"[""ring2"",""active"",27]",-112.9348027204,-173.65771751930001
79,4812291460678,"[""ring2"",""active"",28]",-112.9348027204,-186.34228248069999
80,254876129109843,"[""ring2"",""active"",29]",-111.5145820499,-198.94708956010001
81,52090938489001,"[""ring2"",""active"",30]",-108.6920008078,-211.31362599490001
82,276426639245006,"[""ring2"",""active"",31]",-104.50255459109999,-223.28637541430001
83,150770518482208,"[""ring2"",""active"",32]",-98.998928116499997,-234.7147735474
84,65908650420079,"[""ring2"",""active"",33]",-92.250332680400007,-245.455101657
85,238391778599238,"[""ring2"",""active"",34]",-84.341635785899996,-255.37229388520001
86,187322721507181,"[""ring2"",""active"",35]",-75.372293885199994,-264.3416357859
87,75900330232157,"[""ring2"",""active"",36]",-65.455101657,-272.25033268039999
88,56946199260712,"[""ring2"",""active"",37]",-54.7147735474,-278.9989281165
89,155089634456550,"[""ring2"",""active"",38]",-43.286375414299997,-284.50255459110002
90,273285650791107,"[""ring2"",""active"",39]",-31.313625994900001,-288.69200080780001
91,251067079882723,"[""ring2"",""active"",40]",-18.9470895601,-291.51458204990001
92,13564978797403,"[""ring2"",""active"",41]",-6.3422824806999998,-292.9348027204
93,94878253318120,"[""ring2"",""active"",42]",6.3422824806999998,-292.9348027204
94,207197014732390,"[""ring2"",""active"",43]",18.9470895601,-291.51458204990001
95,203533647948113,"[""ring2"",""active"",44]",31.313625994900001,-288.69200080780001
96,82706652683496,"[""ring2"",""active"",45]",43.286375414299997,-284.50255459110002
97,5167778211505,"[""ring2"",""active"",46]",54.7147735474,-278.9989281165
98,255403182698697,"[""ring2"",""active"",47]",65.455101657,-272.25033268039999
99,82825078268065,"[""ring2"",""active"",48]",75.372293885199994,-264.3416357859
100,260003801076989,"[""ring2"",""active"",49]",84.341635785899996,-255.37229388520001
101,100092810805523,"[""ring2"",""active"",50]",92.250332680400007,-245.455101657
102,29530510557746,"[""ring2"",""active"",51]",98.998928116499997,-234.7147735474
103,197980779087096,"[""ring2"",""active"",52]",104.50255459109999,-223.28637541430001
104,226745184831197,"[""ring2"",""active"",53]",108.6920008078,-211.31362599490001
105,72278781839760,"[""ring2"",""active"",54]",111.5145820499,-198.94708956010001
106,58047453449443,"[""ring2"",""active"",55]",112.9348027204,-186.34228248069999
107,59555902021457,"[""ring3"",""active"",0]",125.5641322223,-173.63210792320001
108,155037580514219,"[""ring3"",""active"",1]",124.2756743103,-160.9616669593
109,110538863576565,"[""ring3"",""active"",2]",121.711979808,-148.4865850555
110,21100493715803,"[""ring3"",""active"",3]",117.8993556903,-136.33487343350001
111,269401024120553,"[""ring3"",""active"",4]",112.8769246398,-124.63122509830001
112,24001370476862,"[""ring3"",""active"",5]",106.6962235957,-113.4957353196
113,85543209124447,"[""ring3"",""active"",6]",99.420674914399996,-103.0426692912
114,43223118027071,"[""ring3"",""active"",7]",91.124935570800005,-93.379289615700003
115,25623575773241,"[""ring3"",""active"",8]",81.894131076500003,-84.604755645400004
116,42003389714630,"[""ring3"",""active"",9]",71.822981976899996,-76.809105972500006
117,173233600349033,"[""ring3"",""active"",10]",61.0148318902,-70.072334511899996
118,166617546774744,"[""ring3"",""active"",11]",49.580587061999999,-64.463569655100002
119,178831113494194,"[""ring3"",""active"",12]",37.637578317399999,-60.0403649195
120,28095630898990,"[""ring3"",""active"",13]",25.308357087400001,-56.848108371099997
121,19801002341314,"[""ring3"",""active"",14]",12.719437866,-54.9195568819
122,58685437539979,"[""ring3"",""active"",15]",0,-54.274500000000003
123,17543371511003,"[""ring3"",""active"",16]",-12.719437866,-54.9195568819
124,46877405992558,"[""ring3"",""active"",17]",-25.308357087400001,-56.848108371099997
125,273908240264989,"[""ring3"",""active"",18]",-37.637578317399999,-60.0403649195
126,161842297312095,"[""ring3"",""active"",19]",-49.580587061999999,-64.463569655100002
127,231218104024720,"[""ring3"",""active"",20]",-61.0148318902,-70.072334511899996
128,205055244769105,"[""ring3"",""active"",21]",-71.822981976899996,-76.809105972500006
129,191462345087505,"[""ring3"",""active"",22]",-81.894131076500003,-84.604755645400004
130,265632588695131,"[""ring3"",""active"",23]",-91.124935570800005,-93.379289615700003
131,276076003264301,"[""ring3"",""active"",24]",-99.420674914399996,-103.0426692912
132,130320065610047,"[""ring3"",""active"",25]",-106.6962235957,-113.4957353196
133,59230288788533,"[""ring3"",""active"",26]",-112.8769246398,-124.63122509830001
134,226518258385086,"[""ring3"",""active"",27]",-117.8993556903,-136.33487343350001
135,81015478178530,"[""ring3"",""active"",28]",-121.711979808,-148.4865850555
136,210566870952543,"[""ring3"",""active"",29]",-124.2756743103,-160.9616669593
137,3505673751328,"[""ring3"",""active"",30]",-125.5641322223,-173.63210792320001
138,253362427386527,"[""ring3"",""active"",31]",-125.5641322223,-186.36789207679999
139,76531743404135,"[""ring3"",""active"",32]",-124.2756743103,-199.0383330407
140,195453761152477,"[""ring3"",""active"",33]",-121.711979808,-211.5134149445
141,63322776522913,"[""ring3"",""active"",34]",-117.8993556903,-223.66512656649999
142,113370853181240,"[""ring3"",""active"",35]",-112.8769246398,-235.36877490169999
143,268794731500274,"[""ring3"",""active"",36]",-106.6962235957,-246.50426468040001
144,48292612333692,"[""ring3"",""active"",37]",-99.420674914399996,-256.95733070879999
145,104208630898379,"[""ring3"",""active"",38]",-91.124935570800005,-266.62071038430003
146,127018589188985,"[""ring3"",""active"",39]",-81.894131076500003,-275.39524435459998
147,244169488799987,"[""ring3"",""active"",40]",-71.822981976899996,-283.19089402750001
148,148935662595744,"[""ring3"",""active"",41]",-61.0148318902,-289.92766548809999
149,199967798838602,"[""ring3"",""active"",42]",-49.580587061999999,-295.5364303449
150,121681998251905,"[""ring3"",""active"",43]",-37.637578317399999,-299.95963508049999
151,182935117419065,"[""ring3"",""active"",44]",-25.308357087400001,-303.15189162889999
152,86274112702088,"[""ring3"",""active"",45]",-12.719437866,-305.08044311809999
153,244499907031112,"[""ring3"",""active"",46]",-0,-305.72550000000001
154,222166567313161,"[""ring3"",""active"",47]",12.719437866,-305.08044311809999
155,267749192257242,"[""ring3"",""active"",48]",25.308357087400001,-303.15189162889999
156,13950193364604,"[""ring3"",""active"",49]",37.637578317399999,-299.95963508049999
157,272467347277926,"[""ring3"",""active"",50]",49.580587061999999,-295.5364303449
158,11858837470873,"[""ring3"",""active"",51]",61.0148318902,-289.92766548809999
159,189466156649008,"[""ring3"",""active"",52]",71.822981976899996,-283.19089402750001
160,76442142729759,"[""ring3"",""active"",53]",81.894131076500003,-275.39524435459998
161,250969228161012,"[""ring3"",""active"",54]",91.124935570800005,-266.62071038430003
162,184232455508123,"[""ring3"",""active"",55]",99.420674914399996,-256.95733070879999
163,42226490475413,"[""ring3"",""active"",56]",106.6962235957,-246.50426468040001
164,144422509818658,"[""ring3"",""active"",57]",112.8769246398,-235.36877490169999
165,98077237719699,"[""ring3"",""active"",58]",117.8993556903,-223.66512656649999
166,120457024512250,"[""ring3"",""active"",59]",121.711979808,-211.5134149445
167,70055427451954,"[""ring3"",""active"",60]",124.2756743103,-199.0383330407
168,36840563366514,"[""ring3"",""active"",61]",125.5641322223,-186.36789207679999
169,5424059042925,"[""ring4"",""active"",0]",138.19063960150001,-173.61106115199999
170,184631012827970,"[""ring4"",""active"",1]",137.011645789,-160.8876916296
171,190689089557200,"[""ring4"",""active"",2]",134.66371692370001,-148.32738158340001
172,236894004599218,"[""ring4"",""active"",3]",131.1668847066,-136.03729114999999
173,146448383842108,"[""ring4"",""active"",4]",126.5509828774,-124.1222750478
174,104860549194081,"[""ring4"",""active"",5]",120.8553926828,-112.6839879929
175,5389593131496,"[""ring4"",""active"",6]",114.12870689029999,-101.8200174175
176,88418679951807,"[""ring4"",""active"",7]",106.4283152113,-91.623050887999995
177,249409769455279,"[""ring4"",""active"",8]",97.819914672500005,-82.180085327499995
178,44101727948432,"[""ring4"",""active"",9]",88.376949112000005,-73.571684788699997
179,61639682505539,"[""ring4"",""active"",10]",78.179982582500003,-65.871293109700005
180,48148122241354,"[""ring4"",""active"",11]",67.316012007099999,-59.144607317199998
181,229813584610610,"[""ring4"",""active"",12]",55.877724952199998,-53.449017122599997
182,192150591661156,"[""ring4"",""active"",13]",43.962708849999999,-48.833115293399999
183,21417868438074,"[""ring4"",""active"",14]",31.672618416599999,-45.336283076299999
184,178315088531963,"[""ring4"",""active"",15]",19.112308370400001,-42.988354211000001
185,197963288963277,"[""ring4"",""active"",16]",6.3889388479999996,-41.809360398499997
186,212266651691770,"[""ring4"",""active"",17]",-6.3889388479999996,-41.809360398499997
187,143717716437285,"[""ring4"",""active"",18]",-19.112308370400001,-42.988354211000001
188,154191620653451,"[""ring4"",""active"",19]",-31.672618416599999,-45.336283076299999
189,243286050297014,"[""ring4"",""active"",20]",-43.962708849999999,-48.833115293399999
190,135187365860870,"[""ring4"",""active"",21]",-55.877724952199998,-53.449017122599997
191,84394000815830,"[""ring4"",""active"",22]",-67.316012007099999,-59.144607317199998
192,196795816969926,"[""ring4"",""active"",23]",-78.179982582500003,-65.871293109700005
193,62752732012976,"[""ring4"",""active"",24]",-88.376949112000005,-73.571684788699997
194,262689507356988,"[""ring4"",""active"",25]",-97.819914672500005,-82.180085327499995
195,231588664315353,"[""ring4"",""active"",26]",-106.4283152113,-91.623050887999995
196,58670018595032,"[""ring4"",""active"",27]",-114.12870689029999,-101.8200174175
197,56146106527894,"[""ring4"",""active"",28]",-120.8553926828,-112.6839879929
198,98821130631326,"[""ring4"",""active"",29]",-126.5509828774,-124.1222750478
199,167574568333979,"[""ring4"",""active"",30]",-131.1668847066,-136.03729114999999
200,28634006172748,"[""ring4"",""active"",31]",-134.66371692370001,-148.32738158340001
201,271869694795325,"[""ring4"",""active"",32]",-137.011645789,-160.8876916296
202,137894532284547,"[""ring4"",""active"",33]",-138.19063960150001,-173.61106115199999
203,109821404521477,"[""ring4"",""active"",34]",-138.19063960150001,-186.38893884800001
204,164092274472377,"[""ring4"",""active"",35]",-137.011645789,-199.1123083704
205,177578951612703,"[""ring4"",""active"",36]",-134.66371692370001,-211.67261841659999
206,102808210306553,"[""ring4"",""active"",37]",-131.1668847066,-223.96270885000001
207,186356616046128,"[""ring4"",""active"",38]",-126.5509828774,-235.8777249522
208,90336894231343,"[""ring4"",""active"",39]",-120.8553926828,-247.3160120071
209,110974730378632,"[""ring4"",""active"",40]",-114.12870689029999,-258.17998258249997
210,189460664477081,"[""ring4"",""active"",41]",-106.4283152113,-268.37694911199998
211,174627487827072,"[""ring4"",""active"",42]",-97.819914672500005,-277.81991467249998
212,12666634866111,"[""ring4"",""active"",43]",-88.376949112000005,-286.4283152113
213,264137056305333,"[""ring4"",""active"",44]",-78.179982582500003,-294.12870689030001
214,157926074659033,"[""ring4"",""active"",45]",-67.316012007099999,-300.85539268280002
215,188394866474283,"[""ring4"",""active"",46]",-55.877724952199998,-306.55098287739997
216,273110110346102,"[""ring4"",""active"",47]",-43.962708849999999,-311.1668847066
217,86286860731454,"[""ring4"",""active"",48]",-31.672618416599999,-314.66371692370001
218,213624765757933,"[""ring4"",""active"",49]",-19.112308370400001,-317.011645789
219,134127273969171,"[""ring4"",""active"",50]",-6.3889388479999996,-318.19063960149998
220,117092707444576,"[""ring4"",""active"",51]",6.3889388479999996,-318.19063960149998
221,89888352884877,"[""ring4"",""active"",52]",19.112308370400001,-317.011645789
222,148741488918137,"[""ring4"",""active"",53]",31.672618416599999,-314.66371692370001
223,31140464893598,"[""ring4"",""active"",54]",43.962708849999999,-311.1668847066
224,157861437555367,"[""ring4"",""active"",55]",55.877724952199998,-306.55098287739997
225,174967414936778,"[""ring4"",""active"",56]",67.316012007099999,-300.85539268280002
226,158805511150832,"[""ring4"",""active"",57]",78.179982582500003,-294.12870689030001
227,31065264203047,"[""ring4"",""active"",58]",88.376949112000005,-286.4283152113
228,107117089717890,"[""ring4"",""active"",59]",97.819914672500005,-277.81991467249998
229,166642483298093,"[""ring4"",""active"",60]",106.4283152113,-268.37694911199998
230,138840614426827,"[""ring4"",""active"",61]",114.12870689029999,-258.17998258249997
231,193394635713193,"[""ring4"",""active"",62]",120.8553926828,-247.3160120071
232,274420313286902,"[""ring4"",""active"",63]",126.5509828774,-235.8777249522
233,176401512941857,"[""ring4"",""active"",64]",131.1668847066,-223.96270885000001
234,169552146916756,"[""ring4"",""active"",65]",134.66371692370001,-211.67261841659999
235,156877805788582,"[""ring4"",""active"",66]",137.011645789,-199.1123083704
236,37237403591882,"[""ring4"",""active"",67]",138.19063960150001,-186.38893884800001
237,23520626475590,"[""ring5"",""active"",0]",150.81859032630001,-173.67882819389999
238,222353045440909,"[""ring5"",""active"",1]",149.7607062781,-161.0808230602
239,13627925224066,"[""ring5"",""active"",2]",147.6523584784,-148.61552235939999
240,261600412324865,"[""ring5"",""active"",3]",144.508335472,-136.3703612194
241,155123218978573,"[""ring5"",""active"",4]",140.35069032129999,-124.4312306477
242,139126295387140,"[""ring5"",""active"",5]",135.2085859199,-112.88187506689999
243,17104254734932,"[""ring5"",""active"",6]",129.11809043549999,-101.8033049081
244,257202337253132,"[""ring5"",""active"",7]",122.1219243179,-91.273228381199999
245,20256286585924,"[""ring5"",""active"",8]",114.2691606457,-81.3655064071
246,226842049771351,"[""ring5"",""active"",9]",105.61488091379999,-72.149634536700006
247,22306274976552,"[""ring5"",""active"",10]",96.219788676600004,-63.690255489800002
248,8522133503955,"[""ring5"",""active"",11]",86.149783755499996,-56.046705732100001
249,109224736450407,"[""ring5"",""active"",12]",75.475499999999997,-49.272599273300003
250,192014594872712,"[""ring5"",""active"",13]",64.271809841000007,-43.415451603199998
251,5788196010393,"[""ring5"",""active"",14]",52.6172991153,-38.5163464042
252,227952558828436,"[""ring5"",""active"",15]",40.593715841700003,-34.6096473793
253,152308738858516,"[""ring5"",""active"",16]",28.285396817999999,-31.7227572153
254,213125153228881,"[""ring5"",""active"",17]",15.7786760587,-29.875925372299999
255,71269691663161,"[""ring5"",""active"",18]",3.1612792237999998,-29.0821060488
256,156249175796049,"[""ring5"",""active"",19]",-9.4782917135000009,-29.346867317000001
257,202748898602645,"[""ring5"",""active"",20]",-22.051379244500001,-30.668352066899999
258,43945525603687,"[""ring5"",""active"",21]",-34.469792194100002,-33.037291032399999
259,73207654735822,"[""ring5"",""active"",22]",-46.646424317899999,-36.4370678087
260,5758917734907,"[""ring5"",""active"",23]",-58.495865290499999,-40.8438354046
261,97876239973797,"[""ring5"",""active"",24]",-69.934999797399996,-46.226683511499999
262,33095221570398,"[""ring5"",""active"",25]",-80.883590528900001,-52.547855317500002
263,277111629805253,"[""ring5"",""active"",26]",-91.264840987599996,-59.763012344300002
264,52709217833209,"[""ring5"",""active"",27]",-101.0059341605,-67.821545449400006
265,245682835225288,"[""ring5"",""active"",28]",-110.0385432779,-76.666929812999996
266,125292141479106,"[""ring5"",""active"",29]",-118.2993110768,-86.237121419199994
267,94762750622421,"[""ring5"",""active"",30]",-125.7302942064,-96.464992250199998
268,75994957899253,"[""ring5"",""active"",31]",-132.27936965929999,-107.2788011407
269,20004688814997,"[""ring5"",""active"",32]",-137.90060037660001,-118.6026969911
270,175860044824892,"[""ring5"",""active"",33]",-142.55455746370001,-130.35725080820001
271,183972625240563,"[""ring5"",""active"",34]",-146.2085967555,-142.46001284260001
272,238480623597105,"[""ring5"",""active"",35]",-148.8370877918,-154.82609091450001
273,123379877610518,"[""ring5"",""active"",36]",-150.42159359659999,-167.3687458711
274,239283752301026,"[""ring5"",""active"",37]",-150.95099999999999,-180
275,183370882837706,"[""ring5"",""active"",38]",-150.42159359659999,-192.6312541289
276,175759257811417,"[""ring5"",""active"",39]",-148.8370877918,-205.17390908549999
277,85670323711507,"[""ring5"",""active"",40]",-146.2085967555,-217.53998715739999
278,192077555300193,"[""ring5"",""active"",41]",-142.55455746370001,-229.64274919179999
279,72709185471645,"[""ring5"",""active"",42]",-137.90060037660001,-241.3973030089
280,72248347403569,"[""ring5"",""active"",43]",-132.27936965929999,-252.72119885929999
281,191260267335111,"[""ring5"",""active"",44]",-125.7302942064,-263.5350077498
282,83628581397731,"[""ring5"",""active"",45]",-118.2993110768,-273.76287858080002
283,83195177570344,"[""ring5"",""active"",46]",-110.0385432779,-283.33307018699998
284,60631607472577,"[""ring5"",""active"",47]",-101.0059341605,-292.17845455060001
285,52503766025382,"[""ring5"",""active"",48]",-91.264840987599996,-300.23698765569998
286,217241937472025,"[""ring5"",""active"",49]",-80.883590528900001,-307.45214468249998
287,121174415326769,"[""ring5"",""active"",50]",-69.934999797399996,-313.77331648849997
288,104047867091438,"[""ring5"",""active"",51]",-58.495865290499999,-319.15616459540001
289,214778283416061,"[""ring5"",""active"",52]",-46.646424317899999,-323.56293219129998
290,234678724139405,"[""ring5"",""active"",53]",-34.469792194100002,-326.96270896760001
291,173585238361232,"[""ring5"",""active"",54]",-22.051379244500001,-329.33164793309999
292,270449284997860,"[""ring5"",""active"",55]",-9.4782917135000009,-330.65313268300002
293,256100742887971,"[""ring5"",""active"",56]",3.1612792237999998,-330.91789395120003
294,81250924882693,"[""ring5"",""active"",57]",15.7786760587,-330.1240746277
295,155366379369128,"[""ring5"",""active"",58]",28.285396817999999,-328.27724278469998
296,250091917024527,"[""ring5"",""active"",59]",40.593715841700003,-325.39035262070001
297,161047720681361,"[""ring5"",""active"",60]",52.6172991153,-321.48365359579998
298,271279813364339,"[""ring5"",""active"",61]",64.271809841000007,-316.58454839680002
299,55992506942994,"[""ring5"",""active"",62]",75.475499999999997,-310.72740072670001
300,98626777492812,"[""ring5"",""active"",63]",86.149783755499996,-303.95329426789999
301,280366544408847,"[""ring5"",""active"",64]",96.219788676600004,-296.30974451020001
302,247862487429520,"[""ring5"",""active"",65]",105.61488091379999,-287.85036546330002
303,113428781052480,"[""ring5"",""active"",66]",114.2691606457,-278.63449359290001
304,186944288805866,"[""ring5"",""active"",67]",122.1219243179,-268.7267716188
305,62639937718710,"[""ring5"",""active"",68]",129.11809043549999,-258.19669509189998
306,181048829255108,"[""ring5"",""active"",69]",135.2085859199,-247.11812493310001
307,238349268831454,"[""ring5"",""active"",70]",140.35069032129999,-235.5687693523
308,204699139529072,"[""ring5"",""active"",71]",144.508335472,-223.6296387806
309,115322783196771,"[""ring5"",""active"",72]",147.6523584784,-211.38447764060001
310,148337182612635,"[""ring5"",""active"",73]",149.7607062781,-198.9191769398
311,169157689489241,"[""ring5"",""active"",74]",150.81859032630001,-186.32117180610001
312,15633397888638,"[""ring6"",""active"",0]",163.4407422914,-173.65775486960001
313,3618394902825,"[""ring6"",""active"",1]",162.4577904361,-161.01140761720001
314,66424263510672,"[""ring6"",""active"",2]",160.49779831359999,-148.47925999380001
315,257966886653104,"[""ring6"",""active"",3]",157.57255354719999,-136.13668180959999
316,153079224300172,"[""ring6"",""active"",4]",153.69964890310001,-124.0579027821
317,172708008851399,"[""ring6"",""active"",5]",148.90237648550001,-112.3155661097
318,201027126862124,"[""ring6"",""active"",6]",143.20958765509999,-100.98029158680001
319,97077543497017,"[""ring6"",""active"",7]",136.65551951399999,-90.120250888100003
320,173356775268481,"[""ring6"",""active"",8]",129.279588999,-79.800757576199999
321,203453305678702,"[""ring6"",""active"",9]",121.1261558242,-70.0838742981
322,30604529686480,"[""ring6"",""active"",10]",112.244255696,-61.028039533200001
323,74175571152741,"[""ring6"",""active"",11]",102.68730540679999,-52.687716137300001
324,7294419471254,"[""ring6"",""active"",12]",92.512781580400002,-45.113063796600002
325,72501091431243,"[""ring6"",""active"",13]",81.781874999999999,-38.349637361799999
326,125008252351536,"[""ring6"",""active"",14]",70.559122600600006,-32.438112875000002
327,82741542558678,"[""ring6"",""active"",15]",58.912019335499998,-27.4140429401
328,136347579096247,"[""ring6"",""active"",16]",46.910612254299998,-23.307642905000002
329,204917347607831,"[""ring6"",""active"",17]",34.627079231400003,-20.143609142599999
330,90721195782871,"[""ring6"",""active"",18]",22.135294879500002,-17.940970524099999
331,19437795711162,"[""ring6"",""active"",19]",9.5103862597000006,-16.712973977600001
332,8742095329409,"[""ring6"",""active"",20]",-3.1717189421,-16.4670048186
333,171071219876311,"[""ring6"",""active"",21]",-15.834749052999999,-17.204542334599999
334,193133937668178,"[""ring6"",""active"",22]",-28.402547119899999,-18.9211508882
335,46566491873461,"[""ring6"",""active"",23]",-40.799528926400001,-21.606506593700001
336,31492300519486,"[""ring6"",""active"",24]",-52.951137565300002,-25.244459405800001
337,24546376086534,"[""ring6"",""active"",25]",-64.784291832500003,-29.813130248299998
338,133965456100379,"[""ring6"",""active"",26]",-76.227825745700002,-35.285042597
339,278872408392949,"[""ring6"",""active"",27]",-87.212916545699997,-41.627287727499997
340,190393026479347,"[""ring6"",""active"",28]",-97.673498603599995,-48.801722630999997
341,170312264844696,"[""ring6"",""active"",29]",-107.5466607483,-56.765199412000001
342,192903510103468,"[""ring6"",""active"",30]",-116.7730246208,-65.469824784099998
343,204096031368815,"[""ring6"",""active"",31]",-125.29710178320001,-74.863248106100002
344,68236790755907,"[""ring6"",""active"",32]",-133.06762743249999,-84.888976224900006
345,175706828718013,"[""ring6"",""active"",33]",-140.03786871299999,-95.486713231799996
346,152553411453083,"[""ring6"",""active"",34]",-146.16590577369999,-106.5927230895
347,136600615361312,"[""ring6"",""active"",35]",-151.41488387850001,-118.140212948
348,62373048652962,"[""ring6"",""active"",36]",-155.7532350555,-130.05973484450001
349,181856645093371,"[""ring6"",""active"",37]",-159.1548679503,-142.27960337190001
350,130293704323625,"[""ring6"",""active"",38]",-161.5993247424,-154.72632680289999
351,61753894552097,"[""ring6"",""active"",39]",-163.07190418089999,-167.3250490783
352,89052692619480,"[""ring6"",""active"",40]",-163.56375,-180
353,110421658250941,"[""ring6"",""active"",41]",-163.07190418089999,-192.6749509217
354,237887334612196,"[""ring6"",""active"",42]",-161.5993247424,-205.27367319710001
355,6774256656513,"[""ring6"",""active"",43]",-159.1548679503,-217.72039662809999
356,1461599247815,"[""ring6"",""active"",44]",-155.7532350555,-229.94026515549999
357,113080086478275,"[""ring6"",""active"",45]",-151.41488387850001,-241.859787052
358,275076801571628,"[""ring6"",""active"",46]",-146.16590577369999,-253.4072769105
359,219525186125527,"[""ring6"",""active"",47]",-140.03786871299999,-264.51328676819998
360,256415157047643,"[""ring6"",""active"",48]",-133.06762743249999,-275.11102377510002
361,105765501990854,"[""ring6"",""active"",49]",-125.29710178320001,-285.1367518939
362,233392164539072,"[""ring6"",""active"",50]",-116.7730246208,-294.53017521589999
363,121780138828961,"[""ring6"",""active"",51]",-107.5466607483,-303.23480058799998
364,123535355556610,"[""ring6"",""active"",52]",-97.673498603599995,-311.19827736899998
365,41644475214493,"[""ring6"",""active"",53]",-87.212916545699997,-318.3727122725
366,232600081420609,"[""ring6"",""active"",54]",-76.227825745700002,-324.71495740300003
367,184013294735046,"[""ring6"",""active"",55]",-64.784291832500003,-330.18686975169999
368,246913989650040,"[""ring6"",""active"",56]",-52.951137565300002,-334.7555405942
369,142277293781531,"[""ring6"",""active"",57]",-40.799528926400001,-338.39349340630002
370,15539963977653,"[""ring6"",""active"",58]",-28.402547119899999,-341.07884911180003
371,50027054714596,"[""ring6"",""active"",59]",-15.834749052999999,-342.79545766540002
372,8968266447559,"[""ring6"",""active"",60]",-3.1717189421,-343.5329951814
373,249035387025584,"[""ring6"",""active"",61]",9.5103862597000006,-343.28702602240003
374,76221010187168,"[""ring6"",""active"",62]",22.135294879500002,-342.05902947589999
375,148413189653386,"[""ring6"",""active"",63]",34.627079231400003,-339.85639085740002
376,176562161909927,"[""ring6"",""active"",64]",46.910612254299998,-336.69235709499998
377,46369425058666,"[""ring6"",""active"",65]",58.912019335499998,-332.58595705990001
378,85685822949842,"[""ring6"",""active"",66]",70.559122600600006,-327.561887125
379,148816550349384,"[""ring6"",""active"",67]",81.781874999999999,-321.65036263820002
380,51096767258723,"[""ring6"",""active"",68]",92.512781580400002,-314.88693620340001
381,174982740500412,"[""ring6"",""active"",69]",102.68730540679999,-307.31228386269999
382,156109459724971,"[""ring6"",""active"",70]",112.244255696,-298.9719604668
383,279829217726053,"[""ring6"",""active"",71]",121.1261558242,-289.9161257019
384,159198802282531,"[""ring6"",""active"",72]",129.279588999,-280.1992424238
385,170710736352246,"[""ring6"",""active"",73]",136.65551951399999,-269.87974911190003
386,109619617615190,"[""ring6"",""active"",74]",143.20958765509999,-259.01970841320002
387,96667164186716,"[""ring6"",""active"",75]",148.90237648550001,-247.6844338903
388,259606036457484,"[""ring6"",""active"",76]",153.69964890310001,-235.9420972179
389,196804299156461,"[""ring6"",""active"",77]",157.57255354719999,-223.86331819040001
390,243713746614021,"[""ring6"",""active"",78]",160.49779831359999,-211.52074000619999
391,268776510235903,"[""ring6"",""active"",79]",162.4577904361,-198.98859238279999
392,145901672624066,"[""ring6"",""active"",80]",163.4407422914,-186.34224513039999
393,98704091431607,"[""ring7"",""active"",0]",176.06164972740001,-173.63960319559999
394,139223695998237,"[""ring7"",""active"",1]",175.14374580859999,-160.9519697506
395,3815330794391,"[""ring7"",""active"",2]",173.31272349700001,-148.36364391550001
396,168939197208594,"[""ring7"",""active"",3]",170.57812889510001,-135.94025539219999
397,257718557202517,"[""ring7"",""active"",4]",166.95421891289999,-123.74657397599999
398,197611875643245,"[""ring7"",""active"",5]",162.45988693909999,-111.8461718758
399,277769438802380,"[""ring7"",""active"",6]",157.1185643396,-100.30109227769999
400,10407145213078,"[""ring7"",""active"",7]",150.95809829710001,-89.171525881099996
401,79668007178407,"[""ring7"",""active"",8]",144.01060662910001,-78.515497091599997
402,216898390126945,"[""ring7"",""active"",9]",136.3123103403,-68.388561509400006
403,195311553297786,"[""ring7"",""active"",10]",127.9033447828,-58.843516287299998
404,6707637656343,"[""ring7"",""active"",11]",118.82755040950001,-49.930124871499999
405,113547112726121,"[""ring7"",""active"",12]",109.1322442097,-41.694857557600002
406,111992766214480,"[""ring7"",""active"",13]",98.867973020799994,-34.180649216200003
407,154388842427142,"[""ring7"",""active"",14]",88.088250000000002,-27.426675450200001
408,188844447436172,"[""ring7"",""active"",15]",76.849275631699996,-21.4681483514
409,240676286273810,"[""ring7"",""active"",16]",65.209644724200004,-16.336132921200001
410,193077115442914,"[""ring7"",""active"",17]",53.230040923600001,-12.0573851117
411,165270732462952,"[""ring7"",""active"",18]",40.972920336999998,-8.6542123328000002
412,112275944231314,"[""ring7"",""active"",19]",28.5021859157,-6.1443571515000004
413,245752944709934,"[""ring7"",""active"",20]",15.8828542945,-4.5409047906
414,202662447900705,"[""ring7"",""active"",21]",3.1807168253999998,-3.8522149083000001
415,154415203091408,"[""ring7"",""active"",22]",-9.5380034283999997,-4.0818780147
416,249000034967445,"[""ring7"",""active"",23]",-22.206996948800001,-5.2286967527000003
417,105432625421735,"[""ring7"",""active"",24]",-34.760213469699998,-7.2866921404999996
418,64235322929390,"[""ring7"",""active"",25]",-47.132206332899997,-10.245134742899999
419,80583806395388,"[""ring7"",""active"",26]",-59.258473696099998,-14.0886006103
420,221514684970239,"[""ring7"",""active"",27]",-71.075794816300004,-18.797051691099998
421,204545893520169,"[""ring7"",""active"",28]",-82.5225596529,-24.345940301700001
422,97550895784992,"[""ring7"",""active"",29]",-93.539090074499995,-30.706337106100001
423,179768472648573,"[""ring7"",""active"",30]",-104.0679509923,-37.845081940500002
424,4663288236199,"[""ring7"",""active"",31]",-114.0542498009,-45.724956694799999
425,278056749230886,"[""ring7"",""active"",32]",-123.4459225622,-54.3048793508
426,49078469715113,"[""ring7"",""active"",33]",-132.1940054431,-63.540118164500001
427,209456995452956,"[""ring7"",""active"",34]",-140.25288999029999,-73.382524876900007
428,281391758338618,"[""ring7"",""active"",35]",-147.5805609112,-83.780785737000002
429,39867733414405,"[""ring7"",""active"",36]",-154.13881512250001,-94.680689027200003
430,221665518473018,"[""ring7"",""active"",37]",-159.89346092369999,-106.025407699
431,235395455773571,"[""ring7"",""active"",38]",-164.8144962559,-117.7557956421
432,248140748251892,"[""ring7"",""active"",39]",-168.8762651198,-129.81069604539999
433,130737922101960,"[""ring7"",""active"",40]",-172.05759133309999,-142.1272602402
434,142947773551174,"[""ring7"",""active"",41]",-174.341888934,-154.64127536359999
435,246134825458202,"[""ring7"",""active"",42]",-175.71724865249999,-167.28749913519999
436,112355342081427,"[""ring7"",""active"",43]",-176.1765,-180
437,168562849537525,"[""ring7"",""active"",44]",-175.71724865249999,-192.71250086480001
438,240623476709370,"[""ring7"",""active"",45]",-174.341888934,-205.35872463640001
439,179552823553090,"[""ring7"",""active"",46]",-172.05759133309999,-217.8727397598
440,20451532741646,"[""ring7"",""active"",47]",-168.8762651198,-230.18930395460001
441,44138025319731,"[""ring7"",""active"",48]",-164.8144962559,-242.2442043579
442,87526950589628,"[""ring7"",""active"",49]",-159.89346092369999,-253.974592301
443,271874786952402,"[""ring7"",""active"",50]",-154.13881512250001,-265.3193109728
444,99017401013374,"[""ring7"",""active"",51]",-147.5805609112,-276.21921426300003
445,107612685271568,"[""ring7"",""active"",52]",-140.25288999029999,-286.61747512310001
446,210097438333945,"[""ring7"",""active"",53]",-132.1940054431,-296.45988183550003
447,201864549490165,"[""ring7"",""active"",54]",-123.4459225622,-305.69512064920002
448,120445623188901,"[""ring7"",""active"",55]",-114.0542498009,-314.27504330519997
449,195350791113158,"[""ring7"",""active"",56]",-104.0679509923,-322.15491805950001
450,101971248769460,"[""ring7"",""active"",57]",-93.539090074499995,-329.29366289389998
451,158861748357609,"[""ring7"",""active"",58]",-82.5225596529,-335.65405969829999
452,4014003715286,"[""ring7"",""active"",59]",-71.075794816300004,-341.20294830889998
453,126511770896516,"[""ring7"",""active"",70]",65.209644724200004,-343.66386707880002
454,231552121987345,"[""ring7"",""active"",71]",76.849275631699996,-338.53185164860002
455,247506303056146,"[""ring7"",""active"",72]",88.088250000000002,-332.57332454980002
456,102684164402542,"[""ring7"",""active"",73]",98.867973020799994,-325.81935078380002
457,278706186294013,"[""ring7"",""active"",74]",109.1322442097,-318.30514244239998
458,85489333571197,"[""ring7"",""active"",75]",118.82755040950001,-310.06987512849997
459,208130067677265,"[""ring7"",""active"",76]",127.9033447828,-301.15648371269998
460,64146519403722,"[""ring7"",""active"",77]",136.3123103403,-291.61143849059999
461,222194219887615,"[""ring7"",""active"",78]",144.01060662910001,-281.48450290839997
462,95507527291869,"[""ring7"",""active"",79]",150.95809829710001,-270.82847411889998
463,41593819833030,"[""ring7"",""active"",80]",157.1185643396,-259.69890772230002
464,148418666345158,"[""ring7"",""active"",81]",162.45988693909999,-248.1538281242
465,181422169739776,"[""ring7"",""active"",82]",166.95421891289999,-236.25342602399999
466,26420087111766,"[""ring7"",""active"",83]",170.57812889510001,-224.05974460780001
467,110309838343784,"[""ring7"",""active"",84]",173.31272349700001,-211.63635608449999
468,197744873701911,"[""ring7"",""active"",85]",175.14374580859999,-199.0480302494
469,33707646936412,"[""ring7"",""active"",86]",176.06164972740001,-186.36039680440001
470,103035038586406,"[""ring8"",""active"",0]",188.6838232355,-173.69161155200001
471,47162301186622,"[""ring8"",""active"",1]",187.84111547719999,-161.10300945009999
472,24425660975383,"[""ring8"",""active"",2]",186.15946369810001,-148.59880589529999
473,153621519479959,"[""ring8"",""active"",3]",183.64637856319999,-136.23484769609999
474,140424434400610,"[""ring8"",""active"",4]",180.3130841208,-124.0663552913
475,40460452271116,"[""ring8"",""active"",5]",176.1744676731,-112.1476761218
476,253726371640365,"[""ring8"",""active"",6]",171.24901328569999,-100.53204190220001
477,118483385141232,"[""ring8"",""active"",7]",165.5587192337,-89.271330874599997
478,80665172016646,"[""ring8"",""active"",8]",159.12899975159999,-78.415836108099995
479,230879612048369,"[""ring8"",""active"",9]",151.98857152740001,-68.014040877400006
480,256672054013719,"[""ring8"",""active"",10]",144.16932544700001,-58.112402125099997
481,118704804263222,"[""ring8"",""active"",11]",135.70618416159999,-48.755142973600002
482,141175085968341,"[""ring8"",""active"",12]",126.6369461144,-39.984055213799998
483,211148652082234,"[""ring8"",""active"",13]",117.0021167244,-31.838312652799999
484,183297492580179,"[""ring8"",""active"",14]",106.8447274784,-24.3542961542
485,56077620833608,"[""ring8"",""active"",15]",96.210143742400007,-17.5654311527
486,227864090595258,"[""ring8"",""active"",16]",85.145862149199999,-11.502038367100001
487,149823144396876,"[""ring8"",""active"",17]",73.701298466200001,-6.1911983817999996
488,212903673864193,"[""ring8"",""active"",18]",61.927566892900003,-1.6566306972
489,135359725410911,"[""ring8"",""active"",19]",49.877251772699999,2.0814122066
490,148039290650802,"[""ring8"",""active"",20]",37.604172738300001,5.0062353226000003
491,153477916426313,"[""ring8"",""active"",21]",25.163144339799999,7.1047756806000004
492,11663329182261,"[""ring8"",""active"",22]",12.6097312303,8.3676606900999992
493,55124408669199,"[""ring8"",""active"",23]",-0,8.7892499999999991
494,156367101167981,"[""ring8"",""active"",24]",-12.6097312303,8.3676606900999992
495,109111027470527,"[""ring8"",""active"",25]",-25.163144339799999,7.1047756806000004
496,186589492827295,"[""ring8"",""active"",26]",-37.604172738300001,5.0062353226000003
497,234973109690632,"[""ring8"",""active"",27]",-49.877251772699999,2.0814122066
498,159068333180735,"[""ring8"",""active"",28]",-61.927566892900003,-1.6566306972
499,3553896438682,"[""ring8"",""active"",29]",-73.701298466200001,-6.1911983817999996
500,125490996073539,"[""ring8"",""active"",30]",-85.145862149199999,-11.502038367100001
501,197296522472290,"[""ring8"",""active"",31]",-96.210143742400007,-17.5654311527
502,15471845928098,"[""ring8"",""active"",32]",-106.8447274784,-24.3542961542
503,221332755877106,"[""ring8"",""active"",33]",-117.0021167244,-31.838312652799999
504,142716136045108,"[""ring8"",""active"",34]",-126.6369461144,-39.984055213799998
505,113991812987888,"[""ring8"",""active"",35]",-135.70618416159999,-48.755142973600002
506,137127856256707,"[""ring8"",""active"",36]",-144.16932544700001,-58.112402125099997
507,275724049879911,"[""ring8"",""active"",37]",-151.98857152740001,-68.014040877400006
508,216476624374123,"[""ring8"",""active"",38]",-159.12899975159999,-78.415836108099995
509,276855416670102,"[""ring8"",""active"",39]",-165.5587192337,-89.271330874599997
510,63086328637961,"[""ring8"",""active"",40]",-171.24901328569999,-100.53204190220001
511,80180257145509,"[""ring8"",""active"",41]",-176.1744676731,-112.1476761218
512,201068241412195,"[""ring8"",""active"",42]",-180.3130841208,-124.0663552913
513,89479408681291,"[""ring8"",""active"",43]",-183.64637856319999,-136.23484769609999
514,26501276598608,"[""ring8"",""active"",44]",-186.15946369810001,-148.59880589529999
515,252764545910328,"[""ring8"",""active"",45]",-187.84111547719999,-161.10300945009999
516,237539323347336,"[""ring8"",""active"",46]",-188.6838232355,-173.69161155200001
517,75029977817500,"[""ring8"",""active"",47]",-188.6838232355,-186.30838844799999
518,224607538536195,"[""ring8"",""active"",48]",-187.84111547719999,-198.89699054990001
519,210764997604661,"[""ring8"",""active"",49]",-186.15946369810001,-211.40119410470001
520,46772381161956,"[""ring8"",""active"",50]",-183.64637856319999,-223.76515230390001
521,62421198131876,"[""ring8"",""active"",51]",-180.3130841208,-235.9336447087
522,235643662284623,"[""ring8"",""active"",52]",-176.1744676731,-247.8523238782
523,262819177905100,"[""ring8"",""active"",53]",-171.24901328569999,-259.46795809780002
524,252552166573107,"[""ring8"",""active"",54]",-165.5587192337,-270.72866912540002
525,42675663034389,"[""ring8"",""active"",55]",-159.12899975159999,-281.5841638919
526,228157238553140,"[""ring8"",""active"",56]",-151.98857152740001,-291.98595912259998
527,34098461380809,"[""ring8"",""active"",57]",-144.16932544700001,-301.8875978749
528,60965590524995,"[""ring8"",""active"",58]",-135.70618416159999,-311.24485702639998
529,244959290494479,"[""ring8"",""active"",59]",-126.6369461144,-320.01594478620001
530,60173186848283,"[""ring8"",""active"",60]",-117.0021167244,-328.16168734719997
531,241242393035060,"[""ring8"",""active"",80]",117.0021167244,-328.16168734719997
532,19805932009010,"[""ring8"",""active"",81]",126.6369461144,-320.01594478620001
533,233273024537107,"[""ring8"",""active"",82]",135.70618416159999,-311.24485702639998
534,48147940526515,"[""ring8"",""active"",83]",144.16932544700001,-301.8875978749
535,2159862752157,"[""ring8"",""active"",84]",151.98857152740001,-291.98595912259998
536,159032990764413,"[""ring8"",""active"",85]",159.12899975159999,-281.5841638919
537,249691745359107,"[""ring8"",""active"",86]",165.5587192337,-270.72866912540002
538,167953906478754,"[""ring8"",""active"",87]",171.24901328569999,-259.46795809780002
539,91552215359534,"[""ring8"",""active"",88]",176.1744676731,-247.8523238782
540,106578588540520,"[""ring8"",""active"",89]",180.3130841208,-235.9336447087
541,185343818846557,"[""ring8"",""active"",90]",183.64637856319999,-223.76515230390001
542,35243663952562,"[""ring8"",""active"",91]",186.15946369810001,-211.40119410470001
543,36757029982399,"[""ring8"",""active"",92]",187.84111547719999,-198.89699054990001
544,28047153191437,"[""ring8"",""active"",93]",188.6838232355,-186.30838844799999
545,125797870279228,"[""ring9"",""active"",0]",201.30262027079999,-173.6738103001
546,194797963855147,"[""ring9"",""active"",1]",200.50817079500001,-161.04639748100001
547,89571561756875,"[""ring9"",""active"",2]",198.92240717249999,-148.49378587199999
548,168223872581822,"[""ring9"",""active"",3]",196.55158768800001,-136.06551489629999
549,270332021443703,"[""ring9"",""active"",4]",193.40506888269999,-123.8106332615
550,3423682913562,"[""ring9"",""active"",5]",189.49526862889999,-111.7775053868
551,250743824423220,"[""ring9"",""active"",6]",184.83761712200001,-100.0136205304
552,123984057099878,"[""ring9"",""active"",7]",179.4504959846,-88.565405371500006
553,109131239212470,"[""ring9"",""active"",8]",173.35516572259999,-77.478040785000005
554,60007292473724,"[""ring9"",""active"",9]",166.57568182,-66.795283533800003
555,183922960676722,"[""ring9"",""active"",10]",159.13879980249999,-56.559293580199999
556,244026363009533,"[""ring9"",""active"",11]",151.0738696457,-46.810467700099998
557,134526403365745,"[""ring9"",""active"",12]",142.4127199445,-37.587280055500003
558,271629929750622,"[""ring9"",""active"",13]",133.18953229990001,-28.9261303543
559,91866714086023,"[""ring9"",""active"",14]",123.44070641979999,-20.861200197500001
560,252673504642266,"[""ring9"",""active"",15]",113.2047164662,-13.42431818
561,182925999859411,"[""ring9"",""active"",16]",102.521959215,-6.6448342774000002
562,74309374254258,"[""ring9"",""active"",17]",91.434594628499994,-0.54950401540000005
563,230210593372475,"[""ring9"",""active"",18]",79.986379469599996,4.8376171220000002
564,13443920988055,"[""ring9"",""active"",19]",68.222494613199999,9.4952686288999999
565,208622677056872,"[""ring9"",""active"",20]",56.189366738499999,13.4050688827
566,39592251780274,"[""ring9"",""active"",21]",43.934485103699998,16.551587688000001
567,12335931589554,"[""ring9"",""active"",22]",31.506214128,18.922407172500002
568,37921723584664,"[""ring9"",""active"",23]",18.953602519,20.508170795000002
569,46532540838939,"[""ring9"",""active"",24]",6.3261896998999996,21.302620270799999
570,221836744379569,"[""ring9"",""active"",25]",-6.3261896998999996,21.302620270799999
571,163801405267883,"[""ring9"",""active"",26]",-18.953602519,20.508170795000002
572,238982923778748,"[""ring9"",""active"",27]",-31.506214128,18.922407172500002
573,205745359222780,"[""ring9"",""active"",28]",-43.934485103699998,16.551587688000001
574,162046055810862,"[""ring9"",""active"",29]",-56.189366738499999,13.4050688827
575,16135229903257,"[""ring9"",""active"",30]",-68.222494613199999,9.4952686288999999
576,219961057606929,"[""ring9"",""active"",31]",-79.986379469599996,4.8376171220000002
577,38238546939468,"[""ring9"",""active"",32]",-91.434594628499994,-0.54950401540000005
578,275681201462891,"[""ring9"",""active"",33]",-102.521959215,-6.6448342774000002
579,211355088550619,"[""ring9"",""active"",34]",-113.2047164662,-13.42431818
580,221360357038448,"[""ring9"",""active"",35]",-123.44070641979999,-20.861200197500001
581,223009927988812,"[""ring9"",""active"",36]",-133.18953229990001,-28.9261303543
582,210617608994225,"[""ring9"",""active"",37]",-142.4127199445,-37.587280055500003
583,15081599663134,"[""ring9"",""active"",38]",-151.0738696457,-46.810467700099998
584,46320946312222,"[""ring9"",""active"",39]",-159.13879980249999,-56.559293580199999
585,225269520396524,"[""ring9"",""active"",40]",-166.57568182,-66.795283533800003
586,173457709519417,"[""ring9"",""active"",41]",-173.35516572259999,-77.478040785000005
587,154323244090370,"[""ring9"",""active"",42]",-179.4504959846,-88.565405371500006
588,179984352001694,"[""ring9"",""active"",43]",-184.83761712200001,-100.0136205304
589,103164462862684,"[""ring9"",""active"",44]",-189.49526862889999,-111.7775053868
590,213722942061737,"[""ring9"",""active"",45]",-193.40506888269999,-123.8106332615
591,277505777930000,"[""ring9"",""active"",46]",-196.55158768800001,-136.06551489629999
592,270924983377453,"[""ring9"",""active"",47]",-198.92240717249999,-148.49378587199999
593,181821888419372,"[""ring9"",""active"",48]",-200.50817079500001,-161.04639748100001
594,156532336352418,"[""ring9"",""active"",49]",-201.30262027079999,-173.6738103001
595,227955277581842,"[""ring9"",""active"",50]",-201.30262027079999,-186.3261896999
596,11340136088227,"[""ring9"",""active"",51]",-200.50817079500001,-198.95360251899999
597,57652450693941,"[""ring9"",""active"",52]",-198.92240717249999,-211.50621412800001
598,123785471648349,"[""ring9"",""active"",53]",-196.55158768800001,-223.93448510370001
599,75091553331911,"[""ring9"",""active"",54]",-193.40506888269999,-236.18936673850001
600,272340083496617,"[""ring9"",""active"",55]",-189.49526862889999,-248.22249461320001
601,209873485150225,"[""ring9"",""active"",56]",-184.83761712200001,-259.98637946960002
602,60973697421276,"[""ring9"",""active"",57]",-179.4504959846,-271.43459462850001
603,91243862051056,"[""ring9"",""active"",58]",-173.35516572259999,-282.52195921499998
604,107611000919233,"[""ring9"",""active"",59]",-166.57568182,-293.20471646620001
605,86254612139789,"[""ring9"",""active"",60]",-159.13879980249999,-303.44070641979999
606,270522535005507,"[""ring9"",""active"",61]",-151.0738696457,-313.18953229990001
607,276435026690437,"[""ring9"",""active"",88]",151.0738696457,-313.18953229990001
608,156943680986413,"[""ring9"",""active"",89]",159.13879980249999,-303.44070641979999
609,203154318715974,"[""ring9"",""active"",90]",166.57568182,-293.20471646620001
610,145621433959359,"[""ring9"",""active"",91]",173.35516572259999,-282.52195921499998
611,5914374245098,"[""ring9"",""active"",92]",179.4504959846,-271.43459462850001
612,201446661129401,"[""ring9"",""active"",93]",184.83761712200001,-259.98637946960002
613,201054203457862,"[""ring9"",""active"",94]",189.49526862889999,-248.22249461320001
614,250695471417951,"[""ring9"",""active"",95]",193.40506888269999,-236.18936673850001
615,173283086101942,"[""ring9"",""active"",96]",196.55158768800001,-223.93448510370001
616,55538106196645,"[""ring9"",""active"",97]",198.92240717249999,-211.50621412800001
617,113832786604775,"[""ring9"",""active"",98]",200.50817079500001,-198.95360251899999
618,263697009540772,"[""ring9"",""active"",99]",201.30262027079999,-186.3261896999
619,172474163115530,"[""ring10"",""active"",0]",213.9207625352,-173.65803075439999
620,199925557887058,"[""ring10"",""active"",1]",213.1693580548,-160.9963686614
621,279228618000839,"[""ring10"",""active"",2]",211.6691884297,-148.4014575166
622,42309364814537,"[""ring10"",""active"",3]",209.4255230604,-135.91753740479999
623,269370549870250,"[""ring10"",""active"",4]",206.44624290319999,-123.58845855049999
624,177128027911657,"[""ring10"",""active"",5]",202.7418127885,-111.457527293
625,140196495955528,"[""ring10"",""active"",6]",198.3252446621,-99.567353970699997
626,77902284120045,"[""ring10"",""active"",7]",193.21205188069999,-87.959703251099995
627,274383146580543,"[""ring10"",""active"",8]",187.4201947203,-76.675347430599999
628,233739275243107,"[""ring10"",""active"",9]",180.97001729039999,-65.753923220700003
629,173313357515596,"[""ring10"",""active"",10]",173.88417607470001,-55.233792522199998
630,49304209612529,"[""ring10"",""active"",11]",166.18756034859999,-45.151907677799997
631,265830952138703,"[""ring10"",""active"",12]",157.9072047558,-35.543681675800002
632,183373277524924,"[""ring10"",""active"",13]",149.0721943472,-26.4428637605
633,5637792400540,"[""ring10"",""active"",14]",139.713562419,-17.881420886600001
634,269084107532656,"[""ring10"",""active"",15]",129.8641815073,-9.8894254344999997
635,277164273177310,"[""ring10"",""active"",16]",119.5586479218,-2.4949495798000001
636,159639930345126,"[""ring10"",""active"",17]",108.8331602249,4.2760333115
637,25205170815886,"[""ring10"",""active"",18]",97.725392083499997,10.399739915
638,51186292520246,"[""ring10"",""active"",19]",86.274359938200007,15.8546604879
639,55975604336411,"[""ring10"",""active"",20]",74.5202859571,20.621634422700001
640,44345853330234,"[""ring10"",""active"",21]",62.504456753699998,24.683917549699999
641,142948145984137,"[""ring10"",""active"",22]",50.2690783663,28.0272409512
642,38917648349763,"[""ring10"",""active"",23]",37.8571280078,30.639861081799999
643,167132142782736,"[""ring10"",""active"",24]",25.312203106399998,32.5126010181
644,172575138973074,"[""ring10"",""active"",25]",12.6783681685,33.638882692599999
645,206709984788430,"[""ring10"",""active"",26]",0,34.014749999999999
646,23020641473524,"[""ring10"",""active"",27]",-12.6783681685,33.638882692599999
647,34433825127062,"[""ring10"",""active"",28]",-25.312203106399998,32.5126010181
648,110094276154620,"[""ring10"",""active"",29]",-37.8571280078,30.639861081799999
649,227745589159590,"[""ring10"",""active"",30]",-50.2690783663,28.0272409512
650,11255515374092,"[""ring10"",""active"",31]",-62.504456753699998,24.683917549699999
651,270450823204176,"[""ring10"",""active"",32]",-74.5202859571,20.621634422700001
652,239794502843318,"[""ring10"",""active"",33]",-86.274359938200007,15.8546604879
653,123345788251926,"[""ring10"",""active"",34]",-97.725392083499997,10.399739915
654,86620170567299,"[""ring10"",""active"",35]",-108.8331602249,4.2760333115
655,278948417656352,"[""ring10"",""active"",36]",-119.5586479218,-2.4949495798000001
656,153329039887504,"[""ring10"",""active"",37]",-129.8641815073,-9.8894254344999997
657,244852078210318,"[""ring10"",""active"",38]",-139.713562419,-17.881420886600001
658,236665206409186,"[""ring10"",""active"",39]",-149.0721943472,-26.4428637605
659,238818893321525,"[""ring10"",""active"",40]",-157.9072047558,-35.543681675800002
660,233169623684519,"[""ring10"",""active"",41]",-166.18756034859999,-45.151907677799997
661,266925950329579,"[""ring10"",""active"",42]",-173.88417607470001,-55.233792522199998
662,223340820183600,"[""ring10"",""active"",43]",-180.97001729039999,-65.753923220700003
663,147184792139813,"[""ring10"",""active"",44]",-187.4201947203,-76.675347430599999
664,249082231839352,"[""ring10"",""active"",45]",-193.21205188069999,-87.959703251099995
665,142449631629575,"[""ring10"",""active"",46]",-198.3252446621,-99.567353970699997
666,55790143994605,"[""ring10"",""active"",47]",-202.7418127885,-111.457527293
667,58116577585164,"[""ring10"",""active"",48]",-206.44624290319999,-123.58845855049999
668,203524580081841,"[""ring10"",""active"",49]",-209.4255230604,-135.91753740479999
669,121511660269856,"[""ring10"",""active"",50]",-211.6691884297,-148.4014575166
670,137924173292362,"[""ring10"",""active"",51]",-213.1693580548,-160.9963686614
671,127642190415742,"[""ring10"",""active"",52]",-213.9207625352,-173.65803075439999
672,263568781339220,"[""ring10"",""active"",53]",-213.9207625352,-186.34196924560001
673,132280700110107,"[""ring10"",""active"",54]",-213.1693580548,-199.0036313386
674,155529656779273,"[""ring10"",""active"",55]",-211.6691884297,-211.5985424834
675,255689862235959,"[""ring10"",""active"",56]",-209.4255230604,-224.08246259520001
676,194032139333679,"[""ring10"",""active"",57]",-206.44624290319999,-236.41154144949999
677,63692208333685,"[""ring10"",""active"",58]",-202.7418127885,-248.542472707
678,227404135121849,"[""ring10"",""active"",59]",-198.3252446621,-260.43264602929997
679,249406166904954,"[""ring10"",""active"",60]",-193.21205188069999,-272.0402967489
680,85426733846450,"[""ring10"",""active"",61]",-187.4201947203,-283.32465256939997
681,11883891431356,"[""ring10"",""active"",62]",-180.97001729039999,-294.24607677929998
682,194933884746118,"[""ring10"",""active"",96]",180.97001729039999,-294.24607677929998
683,251885263781592,"[""ring10"",""active"",97]",187.4201947203,-283.32465256939997
684,254981362410777,"[""ring10"",""active"",98]",193.21205188069999,-272.0402967489
685,70650623938862,"[""ring10"",""active"",99]",198.3252446621,-260.43264602929997
686,111597398850170,"[""ring10"",""active"",100]",202.7418127885,-248.542472707
687,33206401265888,"[""ring10"",""active"",101]",206.44624290319999,-236.41154144949999
688,124499559175476,"[""ring10"",""active"",102]",209.4255230604,-224.08246259520001
689,211767509360928,"[""ring10"",""active"",103]",211.6691884297,-211.5985424834
690,109634888417978,"[""ring10"",""active"",104]",213.1693580548,-199.0036313386
691,213490727952,"[""ring10"",""active"",105]",213.9207625352,-186.34196924560001
692,232479309947301,"[""ring11"",""active"",0]",226.53835072059999,-173.6439470558
693,50860905246844,"[""ring11"",""active"",1]",225.8255772581,-160.95183966159999
694,143329153940912,"[""ring11"",""active"",2]",224.4022729822,-148.31966482690001
695,3919468611562,"[""ring11"",""active"",3]",222.2729161346,-135.78716804730001
696,230294396515493,"[""ring11"",""active"",4]",219.4442064598,-123.3937811942
697,149700328576904,"[""ring11"",""active"",5]",215.92504412490001,-111.17849844769999
698,664180320899,"[""ring11"",""active"",6]",211.72650171660001,-99.179753606600002
699,115375702687656,"[""ring11"",""active"",7]",206.8617894027,-87.435299161200007
700,215832399220657,"[""ring11"",""active"",8]",201.3462133678,-75.982087510400007
701,22825761017195,"[""ring11"",""active"",9]",195.19712765470001,-64.856154695100003
702,210615559996919,"[""ring11"",""active"",10]",188.4338795621,-54.092507016299997
703,31872758005241,"[""ring11"",""active"",11]",181.07774877049999,-43.725010891799997
704,221025727242852,"[""ring11"",""active"",12]",173.15188038900001,-33.786286299799997
705,225771381567190,"[""ring11"",""active"",13]",164.68121213180001,-24.307604144999999
706,9006412514781,"[""ring11"",""active"",14]",155.692395855,-15.318787868199999
707,148011200851181,"[""ring11"",""active"",15]",146.2137137002,-6.8481196110000004
708,135996081291481,"[""ring11"",""active"",16]",136.2749891082,1.0777487705
709,271030481597108,"[""ring11"",""active"",17]",125.9074929837,8.4338795620999996
710,81300645859808,"[""ring11"",""active"",18]",115.1438453049,15.197127654699999
711,104310201120189,"[""ring11"",""active"",19]",104.01791248959999,21.346213367800001
712,203883247483410,"[""ring11"",""active"",20]",92.564700838799993,26.861789402700001
713,14709532842178,"[""ring11"",""active"",21]",80.820246393399998,31.726501716600001
714,52305640921682,"[""ring11"",""active"",22]",68.821501552300006,35.925044124899998
715,56159762189962,"[""ring11"",""active"",23]",56.606218805799998,39.4442064598
716,32249758069300,"[""ring11"",""active"",24]",44.2128319527,42.272916134600003
717,244462011710435,"[""ring11"",""active"",25]",31.680335173100001,44.402272982200003
718,75668972759819,"[""ring11"",""active"",26]",19.048160338399999,45.825577258099997
719,100936505335710,"[""ring11"",""active"",27]",6.3560529442,46.5383507206
720,66324793799683,"[""ring11"",""active"",28]",-6.3560529442,46.5383507206
721,191337993838044,"[""ring11"",""active"",29]",-19.048160338399999,45.825577258099997
722,1073285995238,"[""ring11"",""active"",30]",-31.680335173100001,44.402272982200003
723,240691178521803,"[""ring11"",""active"",31]",-44.2128319527,42.272916134600003
724,192207009879479,"[""ring11"",""active"",32]",-56.606218805799998,39.4442064598
725,103074661770529,"[""ring11"",""active"",33]",-68.821501552300006,35.925044124899998
726,14045776964446,"[""ring11"",""active"",34]",-80.820246393399998,31.726501716600001
727,70529921752921,"[""ring11"",""active"",35]",-92.564700838799993,26.861789402700001
728,9662780048332,"[""ring11"",""active"",36]",-104.01791248959999,21.346213367800001
729,103980759562146,"[""ring11"",""active"",37]",-115.1438453049,15.197127654699999
730,280440000870112,"[""ring11"",""active"",38]",-125.9074929837,8.4338795620999996
731,132900369217242,"[""ring11"",""active"",39]",-136.2749891082,1.0777487705
732,87791505369010,"[""ring11"",""active"",40]",-146.2137137002,-6.8481196110000004
733,128219859946054,"[""ring11"",""active"",41]",-155.692395855,-15.318787868199999
734,138724918645793,"[""ring11"",""active"",42]",-164.68121213180001,-24.307604144999999
735,190207085053315,"[""ring11"",""active"",43]",-173.15188038900001,-33.786286299799997
736,14715469083712,"[""ring11"",""active"",44]",-181.07774877049999,-43.725010891799997
737,209780806195365,"[""ring11"",""active"",45]",-188.4338795621,-54.092507016299997
738,85778706310978,"[""ring11"",""active"",46]",-195.19712765470001,-64.856154695100003
739,94854430522564,"[""ring11"",""active"",47]",-201.3462133678,-75.982087510400007
740,8568384943035,"[""ring11"",""active"",48]",-206.8617894027,-87.435299161200007
741,167724292612319,"[""ring11"",""active"",49]",-211.72650171660001,-99.179753606600002
742,183752988734648,"[""ring11"",""active"",50]",-215.92504412490001,-111.17849844769999
743,219427054293820,"[""ring11"",""active"",51]",-219.4442064598,-123.3937811942
744,229158023095686,"[""ring11"",""active"",52]",-222.2729161346,-135.78716804730001
745,273403135210151,"[""ring11"",""active"",53]",-224.4022729822,-148.31966482690001
746,250221646710141,"[""ring11"",""active"",54]",-225.8255772581,-160.95183966159999
747,79821941779339,"[""ring11"",""active"",55]",-226.53835072059999,-173.6439470558
748,184232025959448,"[""ring11"",""active"",56]",-226.53835072059999,-186.3560529442
749,14493196065562,"[""ring11"",""active"",57]",-225.8255772581,-199.04816033840001
750,281234359718790,"[""ring11"",""active"",58]",-224.4022729822,-211.68033517309999
751,154672153942259,"[""ring11"",""active"",59]",-222.2729161346,-224.21283195269999
752,192757230556453,"[""ring11"",""active"",60]",-219.4442064598,-236.60621880580001
753,212199831827710,"[""ring11"",""active"",61]",-215.92504412490001,-248.82150155229999
754,60603431078269,"[""ring11"",""active"",62]",-211.72650171660001,-260.8202463934
755,126538151549551,"[""ring11"",""active"",63]",-206.8617894027,-272.56470083879998
756,146495590976733,"[""ring11"",""active"",64]",-201.3462133678,-284.01791248960001
757,208909764743883,"[""ring11"",""active"",103]",201.3462133678,-284.01791248960001
758,181970186264977,"[""ring11"",""active"",104]",206.8617894027,-272.56470083879998
759,131657036157416,"[""ring11"",""active"",105]",211.72650171660001,-260.8202463934
760,131889163410686,"[""ring11"",""active"",106]",215.92504412490001,-248.82150155229999
761,174703455648911,"[""ring11"",""active"",107]",219.4442064598,-236.60621880580001
762,122741607093549,"[""ring11"",""active"",108]",222.2729161346,-224.21283195269999
763,187924930219905,"[""ring11"",""active"",109]",224.4022729822,-211.68033517309999
764,146353207637316,"[""ring11"",""active"",110]",225.8255772581,-199.04816033840001
765,249331279351647,"[""ring11"",""active"",111]",226.53835072059999,-186.3560529442
766,269190325658942,"[""ring12"",""active"",0]",239.15688478960001,-173.6848057986
767,221256282841499,"[""ring12"",""active"",1]",238.49031165720001,-161.07201897460001
768,15095316137380,"[""ring12"",""active"",2]",237.15902325139999,-148.51198782860001
769,21284940582560,"[""ring12"",""active"",3]",235.16673011169999,-136.03971942019999
770,104244924606252,"[""ring12"",""active"",4]",232.5189851163,-123.6899761983
771,43693989809466,"[""ring12"",""active"",5]",229.22316800550001,-111.4971791123
772,241596496230020,"[""ring12"",""active"",6]",225.28846481279999,-99.495311674600003
773,181193497203570,"[""ring12"",""active"",7]",220.72584226149999,-87.717825242299995
774,67595663728408,"[""ring12"",""active"",8]",215.54801719919999,-76.197545782600002
775,144704543391314,"[""ring12"",""active"",9]",209.76942115290001,-64.966582380399998
776,25630916321626,"[""ring12"",""active"",10]",203.40616010619999,-54.056237745200001
777,198287664105918,"[""ring12"",""active"",11]",196.47596960909999,-43.496920964200001
778,98297547837049,"[""ring12"",""active"",12]",188.99816534530001,-33.318062747399999
779,167442685379849,"[""ring12"",""active"",13]",180.99358929650001,-23.548033398000001
780,43722190179802,"[""ring12"",""active"",14]",172.48455165190001,-14.2140637403
781,149792332955911,"[""ring12"",""active"",15]",163.49476862559999,-5.3421692218999999
782,271968116210543,"[""ring12"",""active"",16]",154.0492963552,3.0429225960999999
783,18830141797848,"[""ring12"",""active"",17]",144.17446106599999,10.917840958799999
784,155746111806125,"[""ring12"",""active"",18]",133.89778569520001,18.260637056299998
785,260616336067978,"[""ring12"",""active"",19]",123.2479131801,25.050845199000001
786,91602902997760,"[""ring12"",""active"",20]",112.2545266257,31.2695398587
787,224297049614986,"[""ring12"",""active"",21]",100.9482665718,36.899388418199997
788,196350846926909,"[""ring12"",""active"",22]",89.360645593300006,41.924699479799997
789,49739719040863,"[""ring12"",""active"",23]",77.5239604681,46.331466600200002
790,216886670514881,"[""ring12"",""active"",24]",65.471202160600001,50.107407329099999
791,88316470805252,"[""ring12"",""active"",25]",53.235963869899997,53.241997442399999
792,198631377282869,"[""ring12"",""active"",26]",40.852347399700001,55.726500275200003
793,134918750124482,"[""ring12"",""active"",27]",28.354868110200002,57.553991072599999
794,136285100735002,"[""ring12"",""active"",28]",15.7783587176,58.719376289899998
795,188667730959992,"[""ring12"",""active"",29]",3.1578722092999998,59.219407789500004
796,106995176848617,"[""ring12"",""active"",30]",-9.4714158553000001,59.052691893999999
797,231353215825364,"[""ring12"",""active"",31]",-22.074305385100001,58.219693270400001
798,58669025125971,"[""ring12"",""active"",32]",-34.615669866600001,56.722733635300003
799,275876603261418,"[""ring12"",""active"",33]",-47.060554267599997,54.5659852836
800,121581170320119,"[""ring12"",""active"",34]",-59.374272463300002,51.755459459999997
801,195777189040132,"[""ring12"",""active"",35]",-71.522503912399998,48.298989603899997
802,141670809921506,"[""ring12"",""active"",36]",-83.471389314999996,44.206209516800001
803,159062754341843,"[""ring12"",""active"",37]",-95.187624984500005,39.4885265108
804,60045675090491,"[""ring12"",""active"",38]",-106.6385556706,34.159089614599999
805,45078197210876,"[""ring12"",""active"",39]",-117.7922655756,28.2327529248
806,95413172796324,"[""ring12"",""active"",40]",-128.61766730959999,21.726034204499999
807,240700718671888,"[""ring12"",""active"",41]",-139.08458853639999,14.657068846
808,191455264063925,"[""ring12"",""active"",42]",-149.16385606910001,7.0455593235
809,10916194490280,"[""ring12"",""active"",43]",-158.82737718140001,-1.0872797207
810,219377941947507,"[""ring12"",""active"",44]",-168.04821790669999,-9.7187806055999992
811,77593315184034,"[""ring12"",""active"",45]",-176.80067810809999,-18.824885790100002
812,58681086670728,"[""ring12"",""active"",46]",-185.06036310920001,-28.380214925699999
813,249342145052635,"[""ring12"",""active"",47]",-192.80425168639999,-38.358135596399997
814,145178005254912,"[""ring12"",""active"",48]",-200.01076023339999,-48.730837547699998
815,44980537554465,"[""ring12"",""active"",49]",-206.65980291829999,-59.469410198699997
816,46456468654295,"[""ring12"",""active"",50]",-212.73284766660001,-70.543923221499995
817,249442802094454,"[""ring12"",""active"",51]",-218.2129678133,-81.923509961999997
818,249608969179111,"[""ring12"",""active"",52]",-223.08488928080001,-93.576453470999994
819,20616595894406,"[""ring12"",""active"",53]",-227.3350331499,-105.47027490470001
820,264769390966077,"[""ring12"",""active"",54]",-230.95155350760001,-117.5718240498
821,31999187835031,"[""ring12"",""active"",55]",-233.92437046289999,-129.84737171809999
822,227396253847991,"[""ring12"",""active"",56]",-236.24519824180001,-142.26270375670001
823,165501752665255,"[""ring12"",""active"",57]",-237.90756828089999,-154.78321640830001
824,95266915561523,"[""ring12"",""active"",58]",-238.90684725689999,-167.37401275869999
825,166404974261654,"[""ring12"",""active"",59]",-239.24025,-180
826,10201852040239,"[""ring12"",""active"",60]",-238.90684725689999,-192.62598724130001
827,205465049660772,"[""ring12"",""active"",61]",-237.90756828089999,-205.21678359169999
828,10344509672464,"[""ring12"",""active"",62]",-236.24519824180001,-217.73729624329999
829,230525511777620,"[""ring12"",""active"",63]",-233.92437046289999,-230.15262828190001
830,150971642869940,"[""ring12"",""active"",64]",-230.95155350760001,-242.4281759502
831,27433145668803,"[""ring12"",""active"",65]",-227.3350331499,-254.52972509529999
832,98516881441238,"[""ring12"",""active"",66]",-223.08488928080001,-266.42354652900002
833,144173032482230,"[""ring12"",""active"",112]",225.28846481279999,-260.50468832540002
834,176244116972311,"[""ring12"",""active"",113]",229.22316800550001,-248.50282088770001
835,110613808500423,"[""ring12"",""active"",114]",232.5189851163,-236.3100238017
836,275429855542782,"[""ring12"",""active"",115]",235.16673011169999,-223.96028057980001
837,105562974288314,"[""ring12"",""active"",116]",237.15902325139999,-211.48801217139999
838,139933923699319,"[""ring12"",""active"",117]",238.49031165720001,-198.92798102539999
839,108402632954107,"[""ring12"",""active"",118]",239.15688478960001,-186.3151942014
840,213297009641175,"[""ring13"",""active"",0]",251.77346212360001,-173.67091007229999
841,75195992771248,"[""ring13"",""active"",1]",251.13746050730001,-161.02871804739999
842,77756164280441,"[""ring13"",""active"",2]",249.86706387020001,-148.43444912710001
843,114138200992416,"[""ring13"",""active"",3]",247.96548134419999,-135.9199175279
844,75905514426929,"[""ring13"",""active"",4]",245.4375164919,-123.5167360426
845,79593789155106,"[""ring13"",""active"",5]",242.28955517200001,-111.25623618420001
846,224024464921948,"[""ring13"",""active"",6]",238.5295494078,-99.169389039199999
847,115358409673717,"[""ring13"",""active"",7]",234.1669973004,-87.2867270327
848,253947070548006,"[""ring13"",""active"",8]",229.21291903490001,-75.638266800099998
849,56640937062918,"[""ring13"",""active"",9]",223.67982904300001,-64.253433362899997
850,155964098212232,"[""ring13"",""active"",10]",217.58170439029999,-53.160985798399999
851,90079464318083,"[""ring13"",""active"",11]",210.93394946870001,-42.3889445919
852,171187211124927,"[""ring13"",""active"",12]",203.75335708430001,-31.9645208544
853,136821204232748,"[""ring13"",""active"",13]",196.0580660366,-21.9140475849
854,115971082239510,"[""ring13"",""active"",14]",187.8675152985,-12.262913151099999
855,72097578443091,"[""ring13"",""active"",15]",179.20239491219999,-3.0354971562999999
856,28413221684397,"[""ring13"",""active"",16]",170.08459372370001,5.7448911459999996
857,278485981031859,"[""ring13"",""active"",17]",160.5371440902,14.0560717328
858,96159390607854,"[""ring13"",""active"",18]",150.584163698,21.8770498407
859,166539769967329,"[""ring13"",""active"",19]",140.2507946394,29.188069000199999
860,179958761746142,"[""ring13"",""active"",20]",129.56313990149999,35.9706609423
861,244866176847542,"[""ring13"",""active"",21]",118.5481974276,42.207692251300003
862,197072398286193,"[""ring13"",""active"",22]",107.2337919185,47.8834076447
863,11412244382667,"[""ring13"",""active"",23]",95.6485045445,52.983469772900001
864,221687157353772,"[""ring13"",""active"",24]",83.8216007467,57.4949954362
865,269278683033416,"[""ring13"",""active"",25]",71.782956310900005,61.406588129399999
866,104067888206321,"[""ring13"",""active"",26]",59.5629818974,64.708366829799999
867,254104218705053,"[""ring13"",""active"",27]",47.192546222399997,67.391990957800004
868,181649543333504,"[""ring13"",""active"",28]",34.702898079800001,69.450681446000004
869,84778092386348,"[""ring13"",""active"",29]",22.125587404899999,70.879237863499995
870,173373651370546,"[""ring13"",""active"",30]",9.4923855760000002,71.674051552999998
871,155379072514124,"[""ring13"",""active"",31]",-3.1647948427000001,71.833114745900005
872,63542301426551,"[""ring13"",""active"",32]",-15.813980715,71.356025634800005
873,237809870710852,"[""ring13"",""active"",33]",-28.423219099499999,70.243989388399996
874,273607465278557,"[""ring13"",""active"",34]",-40.960657965800003,68.499815106599996
875,33764067025229,"[""ring13"",""active"",35]",-53.3946266552,66.127908724999998
876,110411429840760,"[""ring13"",""active"",36]",-65.693715883600007,63.134261885100003
877,58712024746136,"[""ring13"",""active"",37]",-77.826857084300002,59.526436798500001
878,166870077349135,"[""ring13"",""active"",38]",-89.763400889600007,55.313547144499999
879,119094303591965,"[""ring13"",""active"",39]",-101.4731945538,50.506235048100002
880,220178697738434,"[""ring13"",""active"",40]",-112.9266581219,45.116644196800003
881,219966376844426,"[""ring13"",""active"",41]",-124.09485915099999,39.158389164799999
882,205134850792663,"[""ring13"",""active"",42]",-134.9495857958,32.6465210215
883,27691301402871,"[""ring13"",""active"",43]",-145.46341807499999,25.597489310899999
884,220607542025826,"[""ring13"",""active"",44]",-155.60979713559999,18.0291004989
885,37495623747716,"[""ring13"",""active"",45]",-165.36309234359999,9.9604729924999997
886,198694389500383,"[""ring13"",""active"",46]",-174.69866602889999,1.4119888451
887,257225471507128,"[""ring13"",""active"",47]",-183.59293572199999,-7.5947577304999996
888,258198880208190,"[""ring13"",""active"",48]",-192.0234337258,-17.037014910900002
889,269062723872836,"[""ring13"",""active"",49]",-199.96886387070001,-26.8909307347
890,262626287242684,"[""ring13"",""active"",50]",-207.40915531050001,-37.131613355600003
891,192097914777951,"[""ring13"",""active"",51]",-214.32551322340001,-47.733193920399998
892,199714151705518,"[""ring13"",""active"",52]",-220.70046628910001,-58.668891916500002
893,62427143292944,"[""ring13"",""active"",53]",-226.5179108227,-69.911082821700006
894,46873906860480,"[""ring13"",""active"",54]",-231.76315145460001,-81.431367886000004
895,20284609643554,"[""ring13"",""active"",55]",-236.4229382517,-93.200645869699997
896,233189163668774,"[""ring13"",""active"",56]",-240.48550018809999,-105.18918655509999
897,237793420755871,"[""ring13"",""active"",57]",-243.94057487969999,-117.36670584789999
898,136116521257291,"[""ring13"",""active"",58]",-246.7794345081,-129.70244227750001
899,260100402853990,"[""ring13"",""active"",59]",-248.99490786749999,-142.16523470320001
900,242212528664118,"[""ring13"",""active"",60]",-250.58139847979999,-154.72360102959999
901,265805318521810,"[""ring13"",""active"",61]",-251.5348987321,-167.34581773350001
902,256763333786165,"[""ring13"",""active"",62]",-251.85300000000001,-180
903,37956813547818,"[""ring13"",""active"",63]",-251.5348987321,-192.65418226649999
904,124903472850436,"[""ring13"",""active"",64]",-250.58139847979999,-205.27639897040001
905,228409984721145,"[""ring13"",""active"",65]",-248.99490786749999,-217.83476529679999
906,257845415292791,"[""ring13"",""active"",66]",-246.7794345081,-230.29755772249999
907,172941068119887,"[""ring13"",""active"",67]",-243.94057487969999,-242.63329415210001
908,11545260115334,"[""ring13"",""active"",119]",242.28955517200001,-248.74376381580001
909,189116214371953,"[""ring13"",""active"",120]",245.4375164919,-236.4832639574
910,154293181366446,"[""ring13"",""active"",121]",247.96548134419999,-224.0800824721
911,96829031723895,"[""ring13"",""active"",122]",249.86706387020001,-211.56555087289999
912,111328353240243,"[""ring13"",""active"",123]",251.13746050730001,-198.97128195260001
913,65982890458627,"[""ring13"",""active"",124]",251.77346212360001,-186.32908992770001
914,165521876770160,"[""ring14"",""active"",0]",264.38970410420001,-173.6582899181
915,220781063234208,"[""ring14"",""active"",1]",263.78159931229999,-160.9894558908
916,277729416573949,"[""ring14"",""active"",2]",262.56678838890002,-148.3643467242
917,116124002375182,"[""ring14"",""active"",3]",260.7480654382,-135.81200057379999
918,89963099715261,"[""ring14"",""active"",4]",258.32961358120002,-123.3612882382
919,37844420093744,"[""ring14"",""active"",5]",255.31699533470001,-111.0408467546
920,42964507451191,"[""ring14"",""active"",6]",251.71713981720001,-98.879013533299997
921,247535241469648,"[""ring14"",""active"",7]",247.53832681169999,-86.903761180499998
922,88950734206602,"[""ring14"",""active"",8]",242.79016772200001,-75.142633160200006
923,164070270869329,"[""ring14"",""active"",9]",237.48358346629999,-63.622680443900002
924,163899520792589,"[""ring14"",""active"",10]",231.63077935839999,-52.3703992919
925,12640003296592,"[""ring14"",""active"",11]",225.2452170352,-41.411670311500004
926,5255470547261,"[""ring14"",""active"",12]",218.34158349469999,-30.771698930500001
927,6779128017491,"[""ring14"",""active"",13]",210.9357573154,-20.474957424100001
928,108190285495901,"[""ring14"",""active"",14]",203.0447721347,-10.5451286276
929,39848678046352,"[""ring14"",""active"",15]",194.68677747140001,-1.0050514655
930,104440436143463,"[""ring14"",""active"",16]",185.8809969811,8.1233315790000002
931,196974781915655,"[""ring14"",""active"",17]",176.64768424120001,16.8190249323
932,11351353555516,"[""ring14"",""active"",18]",167.00807616669999,25.0620282211
933,222776227942792,"[""ring14"",""active"",19]",156.98434416520001,32.833382273799998
934,13049090244020,"[""ring14"",""active"",20]",146.59954314140001,40.115212726800003
935,101300716087733,"[""ring14"",""active"",21]",135.8775584707,46.8907711369
936,80693098301653,"[""ring14"",""active"",22]",124.8430510611,53.1444735026
937,160012145064261,"[""ring14"",""active"",23]",113.52140063349999,58.861936108000002
938,51468201348844,"[""ring14"",""active"",24]",101.93864734660001,64.030008605899994
939,169438365934401,"[""ring14"",""active"",25]",90.121431904100007,68.636804264000006
940,44297045969110,"[""ring14"",""active"",26]",78.096934280200003,72.671727304599997
941,226955197929705,"[""ring14"",""active"",27]",65.892811204899999,76.125497275399994
942,198014312129454,"[""ring14"",""active"",28]",53.537132552199999,78.990170394800003
943,180640409003371,"[""ring14"",""active"",29]",41.058316779099997,81.259157822899994
944,133818827219190,"[""ring14"",""active"",30]",28.485065561599999,82.927240815800005
945,127403532046269,"[""ring14"",""active"",31]",15.8462977805,83.9905827292
946,36785821662829,"[""ring14"",""active"",32]",3.1710830067,84.446737842700003
947,203342938881546,"[""ring14"",""active"",33]",-9.5114253597000005,84.2946569848
948,231496839406695,"[""ring14"",""active"",34]",-22.172057142900002,83.534689946300006
949,192153151333618,"[""ring14"",""active"",35]",-34.781692484099999,82.168584675999995
950,210943705361219,"[""ring14"",""active"",36]",-47.311328818100002,80.199483259499999
951,108143700784386,"[""ring14"",""active"",37]",-59.732147579699998,77.631914693400006
952,76865928448142,"[""ring14"",""active"",38]",-72.015580487600005,74.471784467500001
953,200059509651920,"[""ring14"",""active"",39]",-84.133375252700006,70.726360982700001
954,72724369807386,"[""ring14"",""active"",40]",-96.057660558699993,66.404258833
955,167711516952786,"[""ring14"",""active"",41]",-107.7610101671,61.515418991899999
956,109031202809065,"[""ring14"",""active"",42]",-119.2165059989,56.071085947599997
957,142206005456204,"[""ring14"",""active"",43]",-130.39780004650001,50.083781840599997
958,80172088093958,"[""ring14"",""active"",44]",-141.2791749754,43.5672776623
959,230951571330593,"[""ring14"",""active"",45]",-151.83560327449999,36.536561581000001
960,267854983090524,"[""ring14"",""active"",46]",-162.04280482039999,29.007804469100002
961,262115093678066,"[""ring14"",""active"",47]",-171.87730272249999,20.998322709100002
962,264510882229136,"[""ring14"",""active"",48]",-181.31647732050001,12.5265383659
963,125975122494763,"[""ring14"",""active"",49]",-190.33861821030001,3.6119368148
964,154642961588767,"[""ring14"",""active"",50]",-198.92297417859999,-5.7249780749000001
965,119322581839012,"[""ring14"",""active"",51]",-207.04980093180001,-15.462731099799999
966,123848728733568,"[""ring14"",""active"",52]",-214.7004065079,-25.578925115699999
967,179482561833507,"[""ring14"",""active"",53]",-221.85719426879999,-36.050292552499997
968,33015343834190,"[""ring14"",""active"",54]",-228.50370337339999,-46.852748929199997
969,126957954850566,"[""ring14"",""active"",55]",-234.62464663770001,-57.9614482502
970,91554095515787,"[""ring14"",""active"",56]",-240.2059456961,-69.350840151
971,233918787006458,"[""ring14"",""active"",57]",-245.2347633819,-80.994728665300002
972,93963281763917,"[""ring14"",""active"",58]",-249.69953325329999,-92.866332476300002
973,212226544833028,"[""ring14"",""active"",59]",-253.58998619650001,-104.9383465148
974,121944945474230,"[""ring14"",""active"",60]",-256.89717404499999,-117.1830047617
975,244875630498560,"[""ring14"",""active"",61]",-259.61349016079998,-129.57214411070001
976,168307710207132,"[""ring14"",""active"",62]",-261.73268692980002,-142.07726914419999
977,278578927113112,"[""ring14"",""active"",63]",-263.24989013160001,-154.66961767390001
978,48423019669204,"[""ring14"",""active"",64]",-264.16161015,-167.3202268947
979,213564933028245,"[""ring14"",""active"",65]",-264.46575000000001,-180
980,25205538278220,"[""ring14"",""active"",66]",-264.16161015,-192.6797731053
981,153992992233852,"[""ring14"",""active"",67]",-263.24989013160001,-205.33038232609999
982,86422131754859,"[""ring14"",""active"",68]",-261.73268692980002,-217.92273085580001
983,273623864397578,"[""ring14"",""active"",69]",-259.61349016079998,-230.42785588929999
984,195353107458117,"[""ring14"",""active"",127]",260.7480654382,-224.18799942620001
985,473120660121,"[""ring14"",""active"",128]",262.56678838890002,-211.6356532758
986,189453038868993,"[""ring14"",""active"",129]",263.78159931229999,-199.0105441092
987,95886218242729,"[""ring14"",""active"",130]",264.38970410420001,-186.3417100819
988,259212103618568,"[""ring15"",""active"",0]",277.00670476049999,-173.6928072828
989,133443344161279,"[""ring15"",""active"",1]",276.43256606419999,-161.0914944685
990,197648184705491,"[""ring15"",""active"",2]",275.2854786616,-148.5293724194
991,52106100998113,"[""ring15"",""active"",3]",273.56782006660001,-136.0324780517
992,56875388605354,"[""ring15"",""active"",4]",271.28315038890003,-123.62671308740001
993,93860728925624,"[""ring15"",""active"",5]",268.43620495530001,-111.3377903688
994,250866175170411,"[""ring15"",""active"",6]",265.03288449500002,-99.191180564800007
995,81684147593473,"[""ring15"",""active"",7]",261.08024290930001,-87.212059379099998
996,97992445606301,"[""ring15"",""active"",8]",256.5864726515,-75.425255369699997
997,230829756256160,"[""ring15"",""active"",9]",251.56088774669999,-63.855198487700001
998,43377485708803,"[""ring15"",""active"",10]",246.01390448710001,-52.525869442999998
999,81120339377481,"[""ring15"",""active"",11]",239.95701984249999,-41.460749999999997
1000,279364788569901,"[""ring15"",""active"",12]",233.4027876312,-30.682774308500001
1001,5194909739840,"[""ring15"",""active"",13]",226.36479250049999,-20.2142813689
1002,267305865248056,"[""ring15"",""active"",14]",218.85762176989999,-10.076968731499999
1003,105954157304361,"[""ring15"",""active"",15]",210.89683519720001,-0.29184752479999998
1004,174576859448037,"[""ring15"",""active"",16]",202.4989327282,9.1208010933000008
1005,160207716641544,"[""ring15"",""active"",17]",193.68132029829999,18.141467971200001
1006,73520737797048,"[""ring15"",""active"",18]",184.46227375559999,26.7514563991
1007,6713702698585,"[""ring15"",""active"",19]",174.86090098189999,34.9329208614
1008,195301154799590,"[""ring15"",""active"",20]",164.8971022886,42.6689040236
1009,201669159287225,"[""ring15"",""active"",21]",154.59152916990001,49.943371879200001
1010,209990551669753,"[""ring15"",""active"",22]",143.96554149990001,56.741246982600003
1011,32571105795623,"[""ring15"",""active"",23]",133.0411632606,63.048439699799999
1012,262300684399781,"[""ring15"",""active"",24]",121.8410368942,68.851877410599997
1013,200861100011056,"[""ring15"",""active"",25]",110.388376373,74.139531604200002
1014,26128418700104,"[""ring15"",""active"",26]",98.706919084600003,78.900442809699996
1015,234574533317925,"[""ring15"",""active"",27]",86.820876633300003,83.124743311800003
1016,263796972873561,"[""ring15"",""active"",28]",74.754884657000005,86.803677602400001
1017,81482977543357,"[""ring15"",""active"",29]",62.533951766800001,89.929620528499996
1018,165450055074352,"[""ring15"",""active"",30]",50.183407712099999,92.496093096099997
1019,228344882376100,"[""ring15"",""active"",31]",37.728850881600003,94.497775898800001
1020,94268610072374,"[""ring15"",""active"",32]",25.196095246199999,95.930520143400003
1021,197372566965640,"[""ring15"",""active"",33]",12.611116855900001,96.791356248499994
1022,132585554488954,"[""ring15"",""active"",34]",0,97.078500000000005
1023,97263302824896,"[""ring15"",""active"",35]",-12.611116855900001,96.791356248499994
1024,232469024281685,"[""ring15"",""active"",36]",-25.196095246199999,95.930520143400003
1025,159699280532894,"[""ring15"",""active"",37]",-37.728850881600003,94.497775898800001
1026,191122481008251,"[""ring15"",""active"",38]",-50.183407712099999,92.496093096099997
1027,220089412287740,"[""ring15"",""active"",39]",-62.533951766800001,89.929620528499996
1028,276276095719582,"[""ring15"",""active"",40]",-74.754884657000005,86.803677602400001
1029,167553349737317,"[""ring15"",""active"",41]",-86.820876633300003,83.124743311800003
1030,253158467848667,"[""ring15"",""active"",42]",-98.706919084600003,78.900442809699996
1031,30989953454086,"[""ring15"",""active"",43]",-110.388376373,74.139531604200002
1032,66403068318291,"[""ring15"",""active"",44]",-121.8410368942,68.851877410599997
1033,57035283632322,"[""ring15"",""active"",45]",-133.0411632606,63.048439699799999
1034,20564325801018,"[""ring15"",""active"",46]",-143.96554149990001,56.741246982600003
1035,111532104877773,"[""ring15"",""active"",47]",-154.59152916990001,49.943371879200001
1036,66990161067564,"[""ring15"",""active"",48]",-164.8971022886,42.6689040236
1037,91916441936778,"[""ring15"",""active"",49]",-174.86090098189999,34.9329208614
1038,273418900851785,"[""ring15"",""active"",50]",-184.46227375559999,26.7514563991
1039,92957508625192,"[""ring15"",""active"",51]",-193.68132029829999,18.141467971200001
1040,275605062085477,"[""ring15"",""active"",52]",-202.4989327282,9.1208010933000008
1041,130013491045549,"[""ring15"",""active"",53]",-210.89683519720001,-0.29184752479999998
1042,119163007092565,"[""ring15"",""active"",54]",-218.85762176989999,-10.076968731499999
1043,191958207238798,"[""ring15"",""active"",55]",-226.36479250049999,-20.2142813689
1044,106294614914250,"[""ring15"",""active"",56]",-233.4027876312,-30.682774308500001
1045,196740456360525,"[""ring15"",""active"",57]",-239.95701984249999,-41.460749999999997
1046,111219419266340,"[""ring15"",""active"",58]",-246.01390448710001,-52.525869442999998
1047,130464597535559,"[""ring15"",""active"",59]",-251.56088774669999,-63.855198487700001
1048,199716584153140,"[""ring15"",""active"",60]",-256.5864726515,-75.425255369699997
1049,182892645988234,"[""ring15"",""active"",61]",-261.08024290930001,-87.212059379099998
1050,221054123772071,"[""ring15"",""active"",62]",-265.03288449500002,-99.191180564800007
1051,3324005652176,"[""ring15"",""active"",63]",-268.43620495530001,-111.3377903688
1052,46892702591934,"[""ring15"",""active"",64]",-271.28315038890003,-123.62671308740001
1053,121264571975823,"[""ring15"",""active"",65]",-273.56782006660001,-136.0324780517
1054,264643561389576,"[""ring15"",""active"",66]",-275.2854786616,-148.5293724194
1055,6104868983332,"[""ring15"",""active"",67]",-276.43256606419999,-161.0914944685
1056,137290986780193,"[""ring15"",""active"",68]",-277.00670476049999,-173.6928072828
1057,91204338331379,"[""ring15"",""active"",69]",-277.00670476049999,-186.3071927172
1058,150304764922938,"[""ring15"",""active"",70]",-276.43256606419999,-198.9085055315
1059,52830853654258,"[""ring15"",""active"",71]",-275.2854786616,-211.4706275806
1060,263173312980897,"[""ring15"",""active"",135]",275.2854786616,-211.4706275806
1061,281188446599690,"[""ring15"",""active"",136]",276.43256606419999,-198.9085055315
1062,22544384766461,"[""ring15"",""active"",137]",277.00670476049999,-186.3071927172
1063,193447473720018,"[""ring16"",""active"",0]",289.6223113273,-173.6804186857
1064,87265361536470,"[""ring16"",""active"",1]",289.07099879660001,-161.0532857394
1065,76753201431482,"[""ring16"",""active"",2]",287.96942318999999,-148.46221894050001
1066,244633680785605,"[""ring16"",""active"",3]",286.31968141930003,-135.9311861004
1067,171089089649091,"[""ring16"",""active"",4]",284.12491386160002,-123.4840407522
1068,75222676762851,"[""ring16"",""active"",5]",281.38929838180002,-111.1444767447
1069,159687415027606,"[""ring16"",""active"",6]",278.11804237939998,-98.935983139100003
1070,205870072698856,"[""ring16"",""active"",7]",274.31737287610002,-86.881799497000003
1071,16864311046591,"[""ring16"",""active"",8]",269.99452466240001,-75.004871641999998
1072,204981441336373,"[""ring16"",""active"",9]",265.15772652549998,-63.327807981500001
1073,103723275366416,"[""ring16"",""active"",10]",259.81618558550002,-51.872836469600003
1074,135248353464592,"[""ring16"",""active"",11]",253.98006976939999,-40.661762295800003
1075,273325127549535,"[""ring16"",""active"",12]",247.66048845509999,-29.715926376900001
1076,228939531969834,"[""ring16"",""active"",13]",240.86947132489999,-19.056164733799999
1077,136619400440251,"[""ring16"",""active"",14]",233.61994546599999,-8.7027688285
1078,19320977857301,"[""ring16"",""active"",15]",225.92571076280001,1.3245530613000001
1079,137174363616339,"[""ring16"",""active"",16]",217.8014136283,11.006713358600001
1080,116954962661799,"[""ring16"",""active"",17]",209.26251912399999,20.325281520899999
1081,142161348478028,"[""ring16"",""active"",18]",200.32528152090001,29.262519124000001
1082,50842970292472,"[""ring16"",""active"",19]",191.0067133586,37.801413628299997
1083,267570022784505,"[""ring16"",""active"",20]",181.32455306130001,45.925710762800001
1084,13864981062684,"[""ring16"",""active"",21]",171.29723117149999,53.619945465999997
1085,130420148558664,"[""ring16"",""active"",22]",160.94383526620001,60.869471324899997
1086,55930330310476,"[""ring16"",""active"",23]",150.2840736231,67.660488455099994
1087,73577390635375,"[""ring16"",""active"",24]",139.3382377042,73.980069769400004
1088,149399166553063,"[""ring16"",""active"",25]",128.1271635304,79.816185585499994
1089,279402197812434,"[""ring16"",""active"",26]",116.6721920185,85.157726525499996
1090,264334776305930,"[""ring16"",""active"",27]",104.995128358,89.994524662399996
1091,196885275650974,"[""ring16"",""active"",28]",93.118200502999997,94.317372876099995
1092,42941508145883,"[""ring16"",""active"",29]",81.064016860899997,98.118042379399995
1093,115921171693836,"[""ring16"",""active"",30]",68.8555232553,101.3892983818
1094,99080569954259,"[""ring16"",""active"",31]",56.515959247799998,104.12491386160001
1095,154937969768674,"[""ring16"",""active"",32]",44.068813899600002,106.3196814193
1096,225736060795511,"[""ring16"",""active"",33]",31.537781059499999,107.96942319
1097,157898677119004,"[""ring16"",""active"",34]",18.9467142606,109.07099879659999
1098,59551296272313,"[""ring16"",""active"",35]",6.3195813142999997,109.6223113273
1099,274313755171394,"[""ring16"",""active"",36]",-6.3195813142999997,109.6223113273
1100,82259964132185,"[""ring16"",""active"",37]",-18.9467142606,109.07099879659999
1101,89028808034281,"[""ring16"",""active"",38]",-31.537781059499999,107.96942319
1102,71214580142678,"[""ring16"",""active"",39]",-44.068813899600002,106.3196814193
1103,209832996406320,"[""ring16"",""active"",40]",-56.515959247799998,104.12491386160001
1104,245758326240794,"[""ring16"",""active"",41]",-68.8555232553,101.3892983818
1105,224307788764112,"[""ring16"",""active"",42]",-81.064016860899997,98.118042379399995
1106,444633846910,"[""ring16"",""active"",43]",-93.118200502999997,94.317372876099995
1107,32576038785920,"[""ring16"",""active"",44]",-104.995128358,89.994524662399996
1108,33234973475922,"[""ring16"",""active"",45]",-116.6721920185,85.157726525499996
1109,238501059863328,"[""ring16"",""active"",46]",-128.1271635304,79.816185585499994
1110,14330179294251,"[""ring16"",""active"",47]",-139.3382377042,73.980069769400004
1111,108102254257362,"[""ring16"",""active"",48]",-150.2840736231,67.660488455099994
1112,16631441601829,"[""ring16"",""active"",49]",-160.94383526620001,60.869471324899997
1113,234907186680731,"[""ring16"",""active"",50]",-171.29723117149999,53.619945465999997
1114,179552535594046,"[""ring16"",""active"",51]",-181.32455306130001,45.925710762800001
1115,258165220027317,"[""ring16"",""active"",52]",-191.0067133586,37.801413628299997
1116,155003283069244,"[""ring16"",""active"",53]",-200.32528152090001,29.262519124000001
1117,7335489149434,"[""ring16"",""active"",54]",-209.26251912399999,20.325281520899999
1118,87164892262637,"[""ring16"",""active"",55]",-217.8014136283,11.006713358600001
1119,248931544040157,"[""ring16"",""active"",56]",-225.92571076280001,1.3245530613000001
1120,272615998927664,"[""ring16"",""active"",57]",-233.61994546599999,-8.7027688285
1121,94315279257914,"[""ring16"",""active"",58]",-240.86947132489999,-19.056164733799999
1122,190751843800270,"[""ring16"",""active"",59]",-247.66048845509999,-29.715926376900001
1123,176357689890001,"[""ring16"",""active"",60]",-253.98006976939999,-40.661762295800003
1124,270298400263533,"[""ring16"",""active"",61]",-259.81618558550002,-51.872836469600003
1125,257840753784473,"[""ring16"",""active"",62]",-265.15772652549998,-63.327807981500001
1126,209845167553271,"[""ring16"",""active"",63]",-269.99452466240001,-75.004871641999998
1127,77772483715893,"[""ring16"",""active"",64]",-274.31737287610002,-86.881799497000003
1128,148848413995031,"[""ring16"",""active"",65]",-278.11804237939998,-98.935983139100003
1129,5015204120109,"[""ring16"",""active"",66]",-281.38929838180002,-111.1444767447
1130,192847377889347,"[""ring16"",""active"",67]",-284.12491386160002,-123.4840407522
1131,178399702431466,"[""ring16"",""active"",68]",-286.31968141930003,-135.9311861004
1132,24408035345326,"[""ring16"",""active"",69]",-287.96942318999999,-148.46221894050001
1133,37622008485791,"[""ring16"",""active"",70]",-289.07099879660001,-161.0532857394
1134,32406834867674,"[""ring16"",""active"",71]",-289.6223113273,-173.6804186857
1135,151002547788672,"[""ring16"",""active"",72]",-289.6223113273,-186.3195813143
1136,66462610983039,"[""ring16"",""active"",143]",289.6223113273,-186.3195813143
1137,152332581738467,"[""ring17"",""active"",0]",302.23769973719999,-173.66902269959999
1138,199053255616929,"[""ring17"",""active"",1]",301.70747211079998,-161.0181747842
1139,266339809339803,"[""ring17"",""active"",2]",300.64794705740002,-148.40062744030001
1140,146226846484379,"[""ring17"",""active"",3]",299.06098334400002,-135.83851613350001
1141,129508688164245,"[""ring17"",""active"",4]",296.94936504430001,-123.3538790755
1142,116112618666332,"[""ring17"",""active"",5]",294.3167966542,-110.9686185621
1143,257123315037316,"[""ring17"",""active"",6]",291.1678965932,-98.704462548699993
1144,272980153295873,"[""ring17"",""active"",7]",287.5081891021,-86.582926532499997
1145,116117485616113,"[""ring17"",""active"",8]",283.34409455140002,-74.625275806399998
1146,198106948524149,"[""ring17"",""active"",9]",278.68291817779999,-62.852488153199999
1147,208443878535548,"[""ring17"",""active"",10]",273.53283726870001,-51.285217042699998
1148,120943244017986,"[""ring17"",""active"",11]",267.90288681589999,-39.943755399099999
1149,30958100787413,"[""ring17"",""active"",12]",261.80294366570001,-28.847999999999999
1150,201247811876415,"[""ring17"",""active"",13]",255.24370919099999,-18.0174165707
1151,143384296230983,"[""ring17"",""active"",14]",248.23669051799999,-7.4710056347
1152,248604990759548,"[""ring17"",""active"",15]",240.7941803384,2.7727308194
1153,237911829236964,"[""ring17"",""active"",16]",232.92923534409999,12.695821797000001
1154,108597255970984,"[""ring17"",""active"",17]",224.6556533211,22.280858824700001
1155,23798040952883,"[""ring17"",""active"",18]",215.98794894369999,31.511026490599999
1156,110316593108706,"[""ring17"",""active"",19]",206.94132831069999,40.370131944000001
1157,185556115726987,"[""ring17"",""active"",20]",197.5316622686,48.842633303699998
1158,90738966461833,"[""ring17"",""active"",21]",187.77545856930001,56.913666923400001
1159,8346490300935,"[""ring17"",""active"",22]",177.68983290899999,64.569073467500004
1160,234128383958195,"[""ring17"",""active"",23]",167.29247890249999,71.7954227516
1161,28859929127715,"[""ring17"",""active"",24]",156.6016370415,78.580037303599994
1162,23726128480770,"[""ring17"",""active"",25]",145.6360626956,84.911014604000002
1163,271409770005992,"[""ring17"",""active"",26]",134.41499320829999,90.777247967400001
1164,22478568156834,"[""ring17"",""active"",27]",122.9581141484,96.168446027200005
1165,211153487037457,"[""ring17"",""active"",28]",111.2855247748,101.07515079
1166,36648644039662,"[""ring17"",""active"",29]",99.417702775699993,105.4887542283
1167,257938817487333,"[""ring17"",""active"",30]",87.375468343500003,109.4015133819
1168,268477681315656,"[""ring17"",""active"",31]",75.179947649499994,112.80656394179999
1169,197023921387560,"[""ring17"",""active"",32]",62.852535781,115.69793229219999
1170,221087366691279,"[""ring17"",""active"",33]",50.414859207299997,118.0705459906
1171,5622303700049,"[""ring17"",""active"",34]",37.888737839400001,119.9202426662
1172,35400039421816,"[""ring17"",""active"",35]",25.2961467507,121.2437773226
1173,159025315117172,"[""ring17"",""active"",36]",12.659177625,122.03882803019999
1174,171344980200586,"[""ring17"",""active"",37]",0,122.304
1175,92313167300311,"[""ring17"",""active"",38]",-12.659177625,122.03882803019999
1176,224644992062927,"[""ring17"",""active"",39]",-25.2961467507,121.2437773226
1177,32131299766892,"[""ring17"",""active"",40]",-37.888737839400001,119.9202426662
1178,72172651845139,"[""ring17"",""active"",41]",-50.414859207299997,118.0705459906
1179,187894532517525,"[""ring17"",""active"",42]",-62.852535781,115.69793229219999
1180,122817225486272,"[""ring17"",""active"",43]",-75.179947649499994,112.80656394179999
1181,71700088228001,"[""ring17"",""active"",44]",-87.375468343500003,109.4015133819
1182,107023919264082,"[""ring17"",""active"",45]",-99.417702775699993,105.4887542283
1183,141831917306643,"[""ring17"",""active"",46]",-111.2855247748,101.07515079
1184,219614657588130,"[""ring17"",""active"",47]",-122.9581141484,96.168446027200005
1185,153750100346813,"[""ring17"",""active"",48]",-134.41499320829999,90.777247967400001
1186,247721869966835,"[""ring17"",""active"",49]",-145.6360626956,84.911014604000002
1187,218465199506569,"[""ring17"",""active"",50]",-156.6016370415,78.580037303599994
1188,236871194085760,"[""ring17"",""active"",51]",-167.29247890249999,71.7954227516
1189,96106580541926,"[""ring17"",""active"",52]",-177.68983290899999,64.569073467500004
1190,63970671960349,"[""ring17"",""active"",53]",-187.77545856930001,56.913666923400001
1191,33902868893571,"[""ring17"",""active"",54]",-197.5316622686,48.842633303699998
1192,232869216563541,"[""ring17"",""active"",55]",-206.94132831069999,40.370131944000001
1193,148247924972767,"[""ring17"",""active"",56]",-215.98794894369999,31.511026490599999
1194,158256827859760,"[""ring17"",""active"",57]",-224.6556533211,22.280858824700001
1195,147922613123157,"[""ring17"",""active"",58]",-232.92923534409999,12.695821797000001
1196,50814025232388,"[""ring17"",""active"",59]",-240.7941803384,2.7727308194
1197,135727687250940,"[""ring17"",""active"",60]",-248.23669051799999,-7.4710056347
1198,167028907175436,"[""ring17"",""active"",61]",-255.24370919099999,-18.0174165707
1199,43485611768770,"[""ring17"",""active"",62]",-261.80294366570001,-28.847999999999999
1200,82635219630128,"[""ring17"",""active"",63]",-267.90288681589999,-39.943755399099999
1201,156989152467440,"[""ring17"",""active"",64]",-273.53283726870001,-51.285217042699998
1202,178215120521680,"[""ring17"",""active"",65]",-278.68291817779999,-62.852488153199999
1203,82010388378724,"[""ring17"",""active"",66]",-283.34409455140002,-74.625275806399998
1204,219404492720106,"[""ring17"",""active"",67]",-287.5081891021,-86.582926532499997
1205,108605301621107,"[""ring17"",""active"",68]",-291.1678965932,-98.704462548699993
1206,24092907508848,"[""ring17"",""active"",69]",-294.3167966542,-110.9686185621
1207,238937182268067,"[""ring17"",""active"",70]",-296.94936504430001,-123.3538790755
1208,44209357611909,"[""ring17"",""active"",71]",-299.06098334400002,-135.83851613350001
1209,185626620875155,"[""ring17"",""active"",72]",-300.64794705740002,-148.40062744030001
1210,144131097326950,"[""ring17"",""active"",73]",-301.70747211079998,-161.0181747842
1211,143793068460306,"[""ring17"",""active"",74]",-302.23769973719999,-173.66902269959999
1212,51662000541937,"[""ring18"",""active"",2]",313.32164471969998,-148.3439361149
1213,161470488071468,"[""ring18"",""active"",3]",311.7928791205,-135.75341865940001
1214,257999781074935,"[""ring18"",""active"",4]",309.75838433109999,-123.2346693205
1215,164472754128888,"[""ring18"",""active"",5]",307.22146030959999,-110.80799355560001
1216,200667525256665,"[""ring18"",""active"",6]",304.186221956,-98.4935474782
1217,194821771349612,"[""ring18"",""active"",7]",300.65759243809998,-86.311305164800004
1218,243893772504631,"[""ring18"",""active"",8]",296.64129520569998,-74.281026257099995
1219,108839338023775,"[""ring18"",""active"",9]",292.1438447077,-62.422223911400003
1220,46628578844218,"[""ring18"",""active"",10]",287.17253582529997,-50.754133148400001
1221,191875740936992,"[""ring18"",""active"",11]",281.73543203970002,-39.295679654200001
1222,64564087161774,"[""ring18"",""active"",12]",275.84135235299999,-28.065449082000001
1223,150850869635148,"[""ring18"",""active"",13]",269.49985698400002,-17.081656907100001
1224,45627480635122,"[""ring18"",""active"",14]",262.72123186160002,-6.3621188803999997
1225,157516067797918,"[""ring18"",""active"",15]",255.51647194029999,4.0757778682000003
1226,39262183685514,"[""ring18"",""active"",16]",247.89726336710001,14.2151030318
1227,102511923753351,"[""ring18"",""active"",17]",239.87596452619999,24.039410588199999
1228,185400548692230,"[""ring18"",""active"",18]",231.46558599369999,33.532765474400001
1229,120160480246547,"[""ring18"",""active"",19]",222.67976943420001,42.679769434199997
1230,206709256324027,"[""ring18"",""active"",20]",213.53276547440001,51.465585993700003
1231,110112206687254,"[""ring18"",""active"",21]",204.03941058820001,59.875964526200001
1232,116048700908079,"[""ring18"",""active"",22]",194.2151030318,67.897263367099995
1233,57082595673925,"[""ring18"",""active"",23]",184.07577786819999,75.516471940299994
1234,165592498746466,"[""ring18"",""active"",24]",173.6378811196,82.721231861600003
1235,64066666316926,"[""ring18"",""active"",25]",162.91834309289999,89.499856984000004
1236,211214046366219,"[""ring18"",""active"",26]",151.93455091800001,95.841352353000005
1237,33930819274805,"[""ring18"",""active"",27]",140.7043203458,101.7354320397
1238,231046789370253,"[""ring18"",""active"",28]",129.2458668516,107.1725358253
1239,166126953148753,"[""ring18"",""active"",29]",117.5777760886,112.1438447077
1240,123197998121212,"[""ring18"",""active"",30]",105.7189737429,116.6412952057
1241,20760280086707,"[""ring18"",""active"",31]",93.688694835199996,120.6575924381
1242,102876901691900,"[""ring18"",""active"",32]",81.5064525218,124.186221956
1243,51205666606287,"[""ring18"",""active"",33]",69.192006444399993,127.2214603096
1244,278351613325182,"[""ring18"",""active"",34]",56.765330679500003,129.75838433109999
1245,214993254887475,"[""ring18"",""active"",35]",44.246581340600002,131.7928791205
1246,115614104738572,"[""ring18"",""active"",36]",31.6560638851,133.3216447197
1247,253931963245466,"[""ring18"",""active"",37]",19.014200178100001,134.34220146550001
1248,169345275459016,"[""ring18"",""active"",38]",6.3414953689000004,134.8528940109
1249,186816254639434,"[""ring18"",""active"",39]",-6.3414953689000004,134.8528940109
1250,13293680560939,"[""ring18"",""active"",40]",-19.014200178100001,134.34220146550001
1251,7434663066545,"[""ring18"",""active"",41]",-31.6560638851,133.3216447197
1252,175362438616906,"[""ring18"",""active"",42]",-44.246581340600002,131.7928791205
1253,49667682937252,"[""ring18"",""active"",43]",-56.765330679500003,129.75838433109999
1254,236690274872400,"[""ring18"",""active"",44]",-69.192006444399993,127.2214603096
1255,205901654929942,"[""ring18"",""active"",45]",-81.5064525218,124.186221956
1256,133038285563845,"[""ring18"",""active"",46]",-93.688694835199996,120.6575924381
1257,97557644461165,"[""ring18"",""active"",47]",-105.7189737429,116.6412952057
1258,116287721881500,"[""ring18"",""active"",48]",-117.5777760886,112.1438447077
1259,123803214053936,"[""ring18"",""active"",49]",-129.2458668516,107.1725358253
1260,228958550534608,"[""ring18"",""active"",50]",-140.7043203458,101.7354320397
1261,222332739817851,"[""ring18"",""active"",51]",-151.93455091800001,95.841352353000005
1262,145186145822296,"[""ring18"",""active"",52]",-162.91834309289999,89.499856984000004
1263,190595490196150,"[""ring18"",""active"",53]",-173.6378811196,82.721231861600003
1264,100727241466520,"[""ring18"",""active"",54]",-184.07577786819999,75.516471940299994
1265,129661906765590,"[""ring18"",""active"",55]",-194.2151030318,67.897263367099995
1266,234850321170973,"[""ring18"",""active"",56]",-204.03941058820001,59.875964526200001
1267,73234966483171,"[""ring18"",""active"",57]",-213.53276547440001,51.465585993700003
1268,252365840156568,"[""ring18"",""active"",58]",-222.67976943420001,42.679769434199997
1269,87153313961211,"[""ring18"",""active"",59]",-231.46558599369999,33.532765474400001
1270,142409163373394,"[""ring18"",""active"",60]",-239.87596452619999,24.039410588199999
1271,48128680187867,"[""ring18"",""active"",61]",-247.89726336710001,14.2151030318
1272,44462215873291,"[""ring18"",""active"",62]",-255.51647194029999,4.0757778682000003
1273,60710795197036,"[""ring18"",""active"",63]",-262.72123186160002,-6.3621188803999997
1274,14029063300297,"[""ring18"",""active"",64]",-269.49985698400002,-17.081656907100001
1275,66410244609533,"[""ring18"",""active"",65]",-275.84135235299999,-28.065449082000001
1276,91673403325969,"[""ring18"",""active"",66]",-281.73543203970002,-39.295679654200001
1277,59860204061184,"[""ring18"",""active"",67]",-287.17253582529997,-50.754133148400001
1278,162944862596564,"[""ring18"",""active"",68]",-292.1438447077,-62.422223911400003
1279,150477590376457,"[""ring18"",""active"",69]",-296.64129520569998,-74.281026257099995
1280,65527687264022,"[""ring18"",""active"",70]",-300.65759243809998,-86.311305164800004
1281,249390348373101,"[""ring18"",""active"",71]",-304.186221956,-98.4935474782
1282,262921644860004,"[""ring18"",""active"",72]",-307.22146030959999,-110.80799355560001
1283,251842229762754,"[""ring18"",""active"",73]",-309.75838433109999,-123.2346693205
1284,144017493423444,"[""ring18"",""active"",74]",-311.7928791205,-135.75341865940001
1285,100377099933099,"[""ring18"",""active"",75]",-313.32164471969998,-148.3439361149
1286,258789264602960,"[""ring19"",""active"",4]",322.6143050581,-123.4705073244
1287,42167234651988,"[""ring19"",""active"",5]",320.19614003829997,-111.079717972
1288,2327218371915,"[""ring19"",""active"",6]",317.30226002080002,-98.791323395000006
1289,6790610267480,"[""ring19"",""active"",7]",313.93696443940001,-86.623580445399995
1290,133349311851532,"[""ring19"",""active"",8]",310.1052531094,-74.594566723499995
1291,54768823658163,"[""ring19"",""active"",9]",305.81281879950001,-62.722153719700003
1292,57360425040979,"[""ring19"",""active"",10]",301.0660387739,-51.023980262899997
1293,3265448839071,"[""ring19"",""active"",11]",295.87196531770002,-39.5174263145
1294,96812547267648,"[""ring19"",""active"",12]",290.23831525909998,-28.219587146999999
1295,135766017480940,"[""ring19"",""active"",13]",284.17345850480001,-17.147247945699998
1296,239300882133747,"[""ring19"",""active"",14]",277.68640560490002,-6.3168588709
1297,11427387278160,"[""ring19"",""active"",15]",270.78679436559997,4.2554893821000004
1298,233906880639778,"[""ring19"",""active"",16]",263.48487553050001,14.554089489100001
1299,25519697885984,"[""ring19"",""active"",17]",255.79149755110001,24.563640832899999
1300,35693125326166,"[""ring19"",""active"",18]",247.71809046940001,34.269272235800003
1301,254271760492824,"[""ring19"",""active"",19]",239.2766489359,43.6565640536
1302,15342883159364,"[""ring19"",""active"",20]",230.4797143895,52.711569598899999
1303,140087184077929,"[""ring19"",""active"",21]",221.34035642480001,61.420835861299999
1304,133516759985974,"[""ring19"",""active"",22]",211.8721533742,69.771423495199997
1305,25664232707452,"[""ring19"",""active"",23]",202.08917213500001,77.750926043000007
1306,87560163203732,"[""ring19"",""active"",24]",192.00594727000001,85.347488368
1307,93188402482093,"[""ring19"",""active"",25]",181.63745941339999,92.549824267199995
1308,105712438482977,"[""ring19"",""active"",26]",170.99911301450001,99.347233239399998
1309,95390922516384,"[""ring19"",""active"",27]",160.10671345099999,105.7296163826
1310,11752238171204,"[""ring19"",""active"",28]",148.97644354709999,111.6874913984
1311,156410186679370,"[""ring19"",""active"",29]",137.62483953060001,117.21200667940001
1312,226620961609507,"[""ring19"",""active"",30]",126.0687664652,122.29495446040001
1313,204503545529657,"[""ring19"",""active"",31]",114.3253931939,126.9287830122
1314,200890586498772,"[""ring19"",""active"",32]",102.4121668313,131.1066078616
1315,152803476474171,"[""ring19"",""active"",33]",90.346786842900002,134.82222201970001
1316,272708853521373,"[""ring19"",""active"",34]",78.147178748200005,138.0701052032
1317,265837752506308,"[""ring19"",""active"",35]",65.8314674895,140.84543203609999
1318,19477370167863,"[""ring19"",""active"",36]",53.417950503299998,143.14407921899999
1319,38289667248126,"[""ring19"",""active"",37]",40.925070536100002,144.96263165459999
1320,245276864947409,"[""ring19"",""active"",38]",28.371388243599998,146.2983875219
1321,128528741801345,"[""ring19"",""active"",39]",15.775554615700001,147.14936229009999
1322,209397250092406,"[""ring19"",""active"",40]",3.1562832664,147.5142916671
1323,186912821600874,"[""ring19"",""active"",41]",-9.4676773689000004,147.3926334777
1324,139553662965706,"[""ring19"",""active"",42]",-22.077571888000001,146.78456846949999
1325,93806919789147,"[""ring19"",""active"",43]",-34.654665786700001,145.6910000437
1326,163644871786656,"[""ring19"",""active"",44]",-47.180273292499997,144.11355291359999
1327,137172614678648,"[""ring19"",""active"",45]",-59.6357851263,142.05457069049999
1328,32485782020197,"[""ring19"",""active"",46]",-72.002696150000006,139.51711240149999
1329,152875726376527,"[""ring19"",""active"",47]",-84.262632859700005,136.5049479452
1330,244155150709629,"[""ring19"",""active"",48]",-96.397380682999994,133.02255249059999
1331,73235561139386,"[""ring19"",""active"",49]",-108.38891104050001,129.07509982799999
1332,130226342297397,"[""ring19"",""active"",50]",-120.2194081307,124.66845468299999
1333,12290890876818,"[""ring19"",""active"",51]",-131.8712953994,119.8091640026
1334,207502900180019,"[""ring19"",""active"",52]",-143.32726165220001,114.5044472288
1335,115215119629411,"[""ring19"",""active"",53]",-154.5702867748,108.7621855725
1336,41657173831006,"[""ring19"",""active"",54]",-165.58366701910001,102.5909103045
1337,268654797521524,"[""ring19"",""active"",55]",-176.35103982000001,95.999790080799997
1338,34723539270648,"[""ring19"",""active"",56]",-186.85640810550001,88.998617320199997
1339,160236057663466,"[""ring19"",""active"",57]",-197.08416406320001,81.597793656099995
1340,9247724698969,"[""ring19"",""active"",58]",-207.0191123292,73.808314483000004
1341,99675956044625,"[""ring19"",""active"",59]",-216.6464925635,65.641752619900004
1342,170954525565605,"[""ring19"",""active"",60]",-225.9520013794,57.110241117699999
1343,32464463123110,"[""ring19"",""active"",61]",-234.92181359450001,48.226455231899998
1344,60188997605917,"[""ring19"",""active"",62]",-243.54260277009999,39.003593592100003
1345,4210324774030,"[""ring19"",""active"",63]",-251.80156101060001,29.455358591900001
1346,248007543782829,"[""ring19"",""active"",64]",-259.68641799239998,19.595936032099999
1347,203505867274245,"[""ring19"",""active"",65]",-267.18545919349998,9.4399740440999995
1348,50282950338760,"[""ring19"",""active"",66]",-274.28754329790002,-0.99743867230000005
1349,126918555497847,"[""ring19"",""active"",67]",-280.98211874819998,-11.7007952662
1350,64567352066092,"[""ring19"",""active"",68]",-287.25923942230003,-22.654193774500001
1351,35410024593946,"[""ring19"",""active"",69]",-293.10957940999998,-33.8413607468
1352,240389882602176,"[""ring19"",""active"",70]",-298.52444686849998,-45.245675423400002
1353,190560676712574,"[""ring19"",""active"",71]",-303.4957969363,-56.850194428599998
1354,274949299100779,"[""ring19"",""active"",72]",-308.01624368469999,-68.637676943200006
1355,123329586181351,"[""ring19"",""active"",73]",-312.0790710919,-80.5906103194
1356,185162908392774,"[""ring19"",""active"",74]",-315.67824302029999,-92.691236099400001
1357,207665246418798,"[""ring19"",""active"",75]",-318.80841218479998,-104.9215763988
1358,54063286344905,"[""ring19"",""active"",76]",-321.46492809710003,-117.2634606166
1359,154833855350422,"[""ring19"",""active"",77]",-323.64384397470002,-129.69855243110001
1360,59575505862370,"[""ring20"",""active"",6]",330.2583343984,-98.598631488999999
1361,224170047728808,"[""ring20"",""active"",7]",327.00441835779998,-86.379165729299999
1362,78194818953670,"[""ring20"",""active"",8]",323.29855280459998,-74.2890923816
1363,122608968701962,"[""ring20"",""active"",9]",319.14585957830002,-62.3451210144
1364,202598441108029,"[""ring20"",""active"",10]",314.55207807419998,-50.563759270299997
1365,94934668134722,"[""ring20"",""active"",11]",309.52355731170002,-38.961290050700001
1366,53729414262073,"[""ring20"",""active"",12]",304.06724715849998,-27.553749011299999
1367,224944812445364,"[""ring20"",""active"",13]",298.19068872600002,-16.356902399799999
1368,249173392196016,"[""ring20"",""active"",14]",291.90200394639999,-5.3862252651000002
1369,165941016518796,"[""ring20"",""active"",15]",285.20988434750001,5.3431199305000003
1370,57522986425160,"[""ring20"",""active"",16]",278.12357904049998,15.816304267
1371,80287007484599,"[""ring20"",""active"",17]",270.65288193650002,26.018852861999999
1372,165763592646768,"[""ring20"",""active"",18]",262.8081182107,35.936664875600002
1373,169889807896768,"[""ring20"",""active"",19]",254.6001300321,45.556032999999999
1374,66342759838077,"[""ring20"",""active"",20]",246.04026157850001,54.863662403200003
1375,169736278969944,"[""ring20"",""active"",21]",237.1403433577,63.846689104500001
1376,32796543426627,"[""ring20"",""active"",22]",227.91267585720001,72.492697753200005
1377,68332999914388,"[""ring20"",""active"",23]",218.3700125432,80.789738787600001
1378,194588380487749,"[""ring20"",""active"",24]",208.52554223460001,88.726344951200005
1379,98954439059017,"[""ring20"",""active"",25]",198.39287087470001,96.291547140299997
1380,105731197563646,"[""ring20"",""active"",26]",187.9860027263,103.4748895653
1381,192113044057481,"[""ring20"",""active"",27]",177.3193210172,110.2664442009
1382,267354279475119,"[""ring20"",""active"",28]",166.4075680608,116.656824508
1383,231516307735255,"[""ring20"",""active"",29]",155.26582488069999,122.6371984062
1384,172206806907177,"[""ring20"",""active"",30]",143.90949036820001,128.19930048110001
1385,149507773042685,"[""ring20"",""active"",31]",132.3542599987,133.3354434073
1386,200156666146780,"[""ring20"",""active"",32]",120.6161041396,138.03852857359999
1387,18611197678508,"[""ring20"",""active"",33]",108.7112459781,142.30205589319999
1388,177718223928633,"[""ring20"",""active"",34]",96.656139098500006,146.12013278789999
1389,256455196178599,"[""ring20"",""active"",35]",84.467444742799998,149.4874823323
1390,235323863538756,"[""ring20"",""active"",36]",72.162008782499996,152.3994505464
1391,15943802155415,"[""ring20"",""active"",37]",59.756838436800003,154.8520128282
1392,185280901634515,"[""ring20"",""active"",38]",47.269078766699998,156.84177951620001
1393,79836920781692,"[""ring20"",""active"",39]",34.7159889789,158.36600057379999
1394,106353068916056,"[""ring20"",""active"",40]",22.114918572499999,159.42256939040001
1395,137382016993202,"[""ring20"",""active"",41]",9.4832833598999997,160.01002569299999
1396,124080633610874,"[""ring20"",""active"",42]",-3.1614586030999998,160.1275575642
1397,72798260696514,"[""ring20"",""active"",43]",-15.801831146,159.77500256420001
1398,53669186850719,"[""ring20"",""active"",44]",-28.420364137300002,158.9528479558
1399,81721533174650,"[""ring20"",""active"",45]",-40.999617629600003,157.66223003069999
1400,188361387199280,"[""ring20"",""active"",46]",-53.522205963300003,155.90493253880001
1401,269629187836502,"[""ring20"",""active"",47]",-65.970821795399999,153.68338422330001
1402,70877225213662,"[""ring20"",""active"",48]",-78.328260019200002,151.0006554638
1403,224518187708682,"[""ring20"",""active"",49]",-90.577441543800006,147.86045403259999
1404,55892366820952,"[""ring20"",""active"",50]",-102.7014368989,144.2671199705
1405,102521658914127,"[""ring20"",""active"",51]",-114.6834896326,140.22561958840001
1406,56062407163641,"[""ring20"",""active"",52]",-126.5070394705,135.7415386031
1407,137664004298440,"[""ring20"",""active"",53]",-138.1557452035,130.82107441799999
1408,61579366192012,"[""ring20"",""active"",54]",-149.61350727269999,125.4710275568
1409,1950715800013,"[""ring20"",""active"",55]",-160.8644900207,119.69879226560001
1410,79442100847761,"[""ring20"",""active"",56]",-171.8931435774,113.5123462925
1411,141739552123550,"[""ring20"",""active"",57]",-182.68422535190001,106.92023986229999
1412,66207696425752,"[""ring20"",""active"",58]",-193.22282109880001,99.931583858799996
1413,152948188147364,"[""ring20"",""active"",59]",-203.49436553109999,92.556037232999998
1414,191647137491667,"[""ring20"",""active"",60]",-213.48466245060001,84.8037936538
1415,58280605015421,"[""ring20"",""active"",61]",-223.17990436860001,76.685567418800005
1416,104286687855580,"[""ring20"",""active"",62]",-232.5666915889,68.212578646699995
1417,52556045685329,"[""ring20"",""active"",63]",-241.63205072759999,59.396537770000002
1418,176751109349285,"[""ring20"",""active"",64]",-250.3634526429,50.249629349999999
1419,151869936480162,"[""ring20"",""active"",65]",-258.74882975230003,40.784495236600002
1420,159404042683435,"[""ring20"",""active"",66]",-266.77659271060003,31.014217096300001
1421,58318370150846,"[""ring20"",""active"",67]",-274.4356464274,20.9522983323
1422,230169472788567,"[""ring20"",""active"",68]",-281.71540540180001,10.6126454209
1423,33426951964673,"[""ring20"",""active"",69]",-288.60580835219997,0.0095486925000000007
1424,125406603809863,"[""ring20"",""active"",70]",-295.09733212200001,-10.84233742
1425,41483773868676,"[""ring20"",""active"",71]",-301.18100484169997,-21.928014633899998
1426,139662029704486,"[""ring20"",""active"",72]",-306.84841832860002,-33.232161546500002
1427,111518255249667,"[""ring20"",""active"",73]",-312.0917397074,-44.739154810099997
1428,228794599588889,"[""ring20"",""active"",74]",-316.9037222366,-56.4330907254
1429,128228961783974,"[""ring20"",""active"",75]",-321.27771532349999,-68.297807221300005
1430,98361663629905,"[""ring20"",""active"",76]",-325.2076737164,-80.316906192600001
1431,168827426811671,"[""ring20"",""active"",77]",-328.68816585939999,-92.473776163699995
1432,8014908708169,"[""ring20"",""active"",78]",-331.71438139930001,-104.75161524710001
1433,275515080803394,"[""ring21"",""active"",8]",336.4548605933,-74.008411616199993
1434,281389260332159,"[""ring21"",""active"",9]",332.43332785640001,-61.999268835599999
1435,190871916934041,"[""ring21"",""active"",10]",327.98330427949998,-50.142223417700002
1436,143133634176524,"[""ring21"",""active"",11]",323.11052573260002,-38.4525585333
1437,244690956127829,"[""ring21"",""active"",12]",317.82127299690001,-26.9453416076
1438,204448031959903,"[""ring21"",""active"",13]",312.12236366899998,-15.635404899099999
1439,258294407032245,"[""ring21"",""active"",14]",306.02114337350002,-4.5373263814999998
1440,177609762776696,"[""ring21"",""active"",15]",299.52547629499998,6.3345890468999997
1441,105172938710935,"[""ring21"",""active"",16]",292.64373504100001,16.966328001099999
1442,127223541188007,"[""ring21"",""active"",17]",285.38478985069997,27.344186672399999
1443,214406591817547,"[""ring21"",""active"",18]",277.75799716120002,37.4547884917
1444,29583187833191,"[""ring21"",""active"",19]",269.7731875476,47.285101371400003
1445,212140445188074,"[""ring21"",""active"",20]",261.44065305189997,56.822454502900001
1446,152734073453297,"[""ring21"",""active"",21]",252.7711339171,66.054554689100001
1447,63523999754764,"[""ring21"",""active"",22]",243.77580474339999,74.969502189400004
1448,135574700611258,"[""ring21"",""active"",23]",234.46626008460001,83.555806058100003
1449,183238173394401,"[""ring21"",""active"",24]",224.85449950380001,91.802398955399994
1450,165259471032153,"[""ring21"",""active"",25]",214.95291210569999,99.698651412999993
1451,257109685904341,"[""ring21"",""active"",26]",204.77426056830001,107.2343855351
1452,277706360066451,"[""ring21"",""active"",27]",194.33166469209999,114.39988811649999
1453,238621239644679,"[""ring21"",""active"",28]",183.6385844895,121.1859231633
1454,25746603470639,"[""ring21"",""active"",29]",172.708802835,127.5837437972
1455,2136767469297,"[""ring21"",""active"",30]",161.5564077006,133.58510352990001
1456,266919169064262,"[""ring21"",""active"",31]",150.19577399600001,139.1822668927
1457,187103468035798,"[""ring21"",""active"",32]",138.64154504109999,144.36801940640001
1458,108319536364705,"[""ring21"",""active"",33]",126.9086136905,149.1356768814
1459,151772599394285,"[""ring21"",""active"",34]",115.0121031379,153.47909403259999
1460,252725651360732,"[""ring21"",""active"",35]",102.9673474229,157.39267240070001
1461,81440726705628,"[""ring21"",""active"",36]",90.789871665999996,160.8713675683
1462,82986948758250,"[""ring21"",""active"",37]",78.495372057799997,163.9106956617
1463,257286547541682,"[""ring21"",""active"",38]",66.099695626699997,166.50673913080001
1464,76379606568897,"[""ring21"",""active"",39]",53.618819813599998,168.65615179829999
1465,192360787972710,"[""ring21"",""active"",40]",41.068831877199997,170.35616317290001
1466,108887979063300,"[""ring21"",""active"",41]",28.4659081585,171.60458202039999
1467,9707543976464,"[""ring21"",""active"",42]",15.826293230299999,172.3997991878
1468,235051967456065,"[""ring21"",""active"",43]",3.1662789585,172.74078967790001
1469,248568575966378,"[""ring21"",""active"",44]",-9.4978164972000005,172.62711397000001
1470,56266112536894,"[""ring21"",""active"",45]",-22.149669716599998,172.0589185867
1471,72309401645807,"[""ring21"",""active"",46]",-34.772973059000002,171.03693590509999
1472,137706384511391,"[""ring21"",""active"",47]",-47.351455683499999,169.5624832124
1473,97473119878354,"[""ring21"",""active"",48]",-59.868904520699999,167.63746100860001
1474,233950657086445,"[""ring21"",""active"",49]",-72.309185170999996,165.2643505561
1475,51430324629691,"[""ring21"",""active"",50]",-84.656262700799999,162.4462106821
1476,138958469651518,"[""ring21"",""active"",51]",-96.894222311199997,159.18667383569999
1477,229986469746932,"[""ring21"",""active"",52]",-109.0072898507,155.48994140569999
1478,211600126175996,"[""ring21"",""active"",53]",-120.9798521483,151.3607783054
1479,19476505624503,"[""ring21"",""active"",54]",-132.7964771371,146.80450683090001
1480,194052533287993,"[""ring21"",""active"",55]",-144.44193374650001,141.8269998005
1481,148123392631972,"[""ring21"",""active"",56]",-155.90121153339999,136.43467298549999
1482,234270516919715,"[""ring21"",""active"",57]",-167.15954003069999,130.63447684010001
1483,170295456254668,"[""ring21"",""active"",58]",-178.20240778530001,124.433887543
1484,137666871444390,"[""ring21"",""active"",59]",-189.01558106280001,117.84089736049999
1485,257621263878560,"[""ring21"",""active"",60]",-199.5851221943,110.8640043451
1486,65731315052332,"[""ring21"",""active"",61]",-209.89740754100001,103.5122013822
1487,75842427205242,"[""ring21"",""active"",62]",-219.93914505469999,95.794964598000007
1488,258035917648931,"[""ring21"",""active"",63]",-229.69739141060001,87.7222411459
1489,138750280357757,"[""ring21"",""active"",64]",-239.1595686906,79.304436384599995
1490,163038539327807,"[""ring21"",""active"",65]",-248.3134805956,70.552400466400002
1491,91528293230572,"[""ring21"",""active"",66]",-257.14732816600002,61.477414351900002
1492,164722565347743,"[""ring21"",""active"",67]",-265.64972499010003,52.091175268900002
1493,18741108580529,"[""ring21"",""active"",68]",-273.80971188029997,42.405781635700002
1494,22655680139135,"[""ring21"",""active"",69]",-281.61677099949998,32.433717466899999
1495,209251381934845,"[""ring21"",""active"",70]",-289.06083941759999,22.187836281599999
1496,166984755071973,"[""ring21"",""active"",71]",-296.13232208229999,11.681344535999999
1497,209168461923326,"[""ring21"",""active"",72]",-302.82210418699998,0.92778460129999996
1498,269584347076417,"[""ring21"",""active"",73]",-309.1215629189,-10.058982692200001
1499,237349919418326,"[""ring21"",""active"",74]",-315.02257857339998,-21.264795921200001
1500,112085597460893,"[""ring21"",""active"",75]",-320.51754502059998,-32.675211322099997
1501,32976345520012,"[""ring21"",""active"",76]",-325.59937950839998,-44.275521409200003
1502,38340988529189,"[""ring21"",""active"",77]",-330.26153179250002,-56.050773931199998
1503,112378154584070,"[""ring21"",""active"",78]",-334.49799257910001,-67.985791144399997
1504,37713005939272,"[""ring21"",""active"",79]",-338.3033012706,-80.065189376099994
1505,193207473556417,"[""ring22"",""active"",10]",341.62478080339997,-50.438810282299997
1506,33303182028197,"[""ring22"",""active"",11]",336.94926842040002,-38.724442131700002
1507,224875896278474,"[""ring22"",""active"",12]",331.87220722659998,-27.1784347332
1508,228819173469228,"[""ring22"",""active"",13]",326.39964765180002,-15.814547682000001
1509,66837460426742,"[""ring22"",""active"",14]",320.53811144859998,-4.6463235371999998
1510,59709388449451,"[""ring22"",""active"",15]",314.29458392049997,6.3129283177
1511,194472066619383,"[""ring22"",""active"",16]",307.67650559729998,17.050147534899999
1512,52358747611243,"[""ring22"",""active"",17]",300.69176336790002,27.552538367499999
1513,231475696044089,"[""ring22"",""active"",18]",293.34868108159998,37.8075849178
1514,118966798040174,"[""ring22"",""active"",19]",285.65600962849999,47.803066053099997
1515,9899031480923,"[""ring22"",""active"",20]",277.62291651039999,57.527069969499998
1516,141502903083873,"[""ring22"",""active"",21]",269.25897491619997,66.968008388000001
1517,172862148257048,"[""ring22"",""active"",22]",260.57415231319999,76.1146303636
1518,106659757751851,"[""ring22"",""active"",23]",251.57879856860001,84.956035694299999
1519,221208546924957,"[""ring22"",""active"",24]",242.28363361550001,93.481687910100007
1520,195504718181077,"[""ring22"",""active"",25]",232.6997346775,101.6814268302
1521,10820651053037,"[""ring22"",""active"",26]",222.83852306809999,109.5454806708
1522,237759111622489,"[""ring22"",""active"",27]",212.71175057970001,117.06447769019999
1523,139164730123232,"[""ring22"",""active"",28]",202.33148547830001,124.2294573578
1524,92300581925034,"[""ring22"",""active"",29]",191.71009812200001,131.03188103170001
1525,122421230801569,"[""ring22"",""active"",30]",180.86024621889999,137.4636421351
1526,53178161524911,"[""ring22"",""active"",31]",169.79485974249999,143.51707581689999
1527,63467716104247,"[""ring22"",""active"",32]",158.527125523,149.18496808559999
1528,167751271623566,"[""ring22"",""active"",33]",147.07047153209999,154.4605644069
1529,182600265393067,"[""ring22"",""active"",34]",135.43855088110001,159.33757775300001
1530,101933987258619,"[""ring22"",""active"",35]",123.6452255494,163.81019609500001
1531,54673075798481,"[""ring22"",""active"",36]",111.7045498658,167.8730893291
1532,74116476765210,"[""ring22"",""active"",37]",99.630753759200005,171.52141562849999
1533,195055049209871,"[""ring22"",""active"",38]",87.438225800500007,174.75082721390001
1534,262792545052223,"[""ring22"",""active"",39]",75.141496055700003,177.55747553450001
1535,220117885923027,"[""ring22"",""active"",40]",62.755218770100001,179.93801585439999
1536,183675946504112,"[""ring22"",""active"",41]",50.294154904300001,181.88961123870001
1537,141117461512258,"[""ring22"",""active"",42]",37.773154543700002,183.4099359345
1538,126577995742743,"[""ring22"",""active"",43]",25.207139200899999,184.49717814179999
1539,218212375497753,"[""ring22"",""active"",44]",12.611084033999999,185.15004217379999
1540,270368623799371,"[""ring22"",""active"",45]",0,185.36775
1541,122966240122593,"[""ring22"",""active"",46]",-12.611084033999999,185.15004217379999
1542,103981055132913,"[""ring22"",""active"",47]",-25.207139200899999,184.49717814179999
1543,107948464922574,"[""ring22"",""active"",48]",-37.773154543700002,183.4099359345
1544,255949345494494,"[""ring22"",""active"",49]",-50.294154904300001,181.88961123870001
1545,34877087260188,"[""ring22"",""active"",50]",-62.755218770100001,179.93801585439999
1546,97377047622373,"[""ring22"",""active"",51]",-75.141496055700003,177.55747553450001
1547,277411555592790,"[""ring22"",""active"",52]",-87.438225800500007,174.75082721390001
1548,220503518175765,"[""ring22"",""active"",53]",-99.630753759200005,171.52141562849999
1549,190787266779524,"[""ring22"",""active"",54]",-111.7045498658,167.8730893291
1550,265597356022259,"[""ring22"",""active"",55]",-123.6452255494,163.81019609500001
1551,173042217884110,"[""ring22"",""active"",56]",-135.43855088110001,159.33757775300001
1552,132618413168491,"[""ring22"",""active"",57]",-147.07047153209999,154.4605644069
1553,210371789318722,"[""ring22"",""active"",58]",-158.527125523,149.18496808559999
1554,160040212516831,"[""ring22"",""active"",59]",-169.79485974249999,143.51707581689999
1555,239005669868478,"[""ring22"",""active"",60]",-180.86024621889999,137.4636421351
1556,110916036668362,"[""ring22"",""active"",61]",-191.71009812200001,131.03188103170001
1557,26137534605234,"[""ring22"",""active"",62]",-202.33148547830001,124.2294573578
1558,166514487772148,"[""ring22"",""active"",63]",-212.71175057970001,117.06447769019999
1559,238280713318919,"[""ring22"",""active"",64]",-222.83852306809999,109.5454806708
1560,87541064405727,"[""ring22"",""active"",65]",-232.6997346775,101.6814268302
1561,155478646514206,"[""ring22"",""active"",66]",-242.28363361550001,93.481687910100007
1562,108807271109195,"[""ring22"",""active"",67]",-251.57879856860001,84.956035694299999
1563,257725145122836,"[""ring22"",""active"",68]",-260.57415231319999,76.1146303636
1564,139744908749103,"[""ring22"",""active"",69]",-269.25897491619997,66.968008388000001
1565,1822815595464,"[""ring22"",""active"",70]",-277.62291651039999,57.527069969499998
1566,147882436203894,"[""ring22"",""active"",71]",-285.65600962849999,47.803066053099997
1567,28008124705650,"[""ring22"",""active"",72]",-293.34868108159998,37.8075849178
1568,45220370675439,"[""ring22"",""active"",73]",-300.69176336790002,27.552538367499999
1569,245567369293603,"[""ring22"",""active"",74]",-307.67650559729998,17.050147534899999
1570,249354784235887,"[""ring22"",""active"",75]",-314.29458392049997,6.3129283177
1571,11203696527796,"[""ring22"",""active"",76]",-320.53811144859998,-4.6463235371999998
1572,214726477187220,"[""ring22"",""active"",77]",-326.39964765180002,-15.814547682000001
1573,3948429331338,"[""ring22"",""active"",78]",-331.87220722659998,-27.1784347332
1574,141866094328854,"[""ring22"",""active"",79]",-336.94926842040002,-38.724442131700002
1575,243387832627363,"[""ring22"",""active"",80]",-341.62478080339997,-50.438810282299997
1576,101626627220455,"[""ring23"",""active"",12]",345.47342539480002,-26.646256236700001
1577,182847117562454,"[""ring23"",""active"",13]",340.15618868190001,-15.187907963000001
1578,149357216329356,"[""ring23"",""active"",14]",334.45904086280001,-3.9136337889999999
1579,260572544799711,"[""ring23"",""active"",15]",328.38834492529998,7.1639743578999999
1580,175509771518871,"[""ring23"",""active"",16]",321.95088106309998,18.032544201499999
1581,278917884124648,"[""ring23"",""active"",17]",315.15383910280002,28.679936934600001
1582,198605637543972,"[""ring23"",""active"",18]",308.00481047390002,39.094260776500001
1583,242252960866190,"[""ring23"",""active"",19]",300.51177973009999,49.263884255100002
1584,16161931824324,"[""ring23"",""active"",20]",292.68311563169999,59.177449197000001
1585,229833085620917,"[""ring23"",""active"",21]",284.52756179869999,68.823883413800004
1586,17795509507080,"[""ring23"",""active"",22]",276.0542269453,78.192413068099995
1587,242947255580395,"[""ring23"",""active"",23]",267.27257470630002,87.272574706300006
1588,170428988699174,"[""ring23"",""active"",24]",258.1924130681,96.054226945300002
1589,106293823328493,"[""ring23"",""active"",25]",248.82388341379999,104.52756179870001
1590,111469565484485,"[""ring23"",""active"",26]",239.17744919699999,112.68311563170001
1591,76780221903879,"[""ring23"",""active"",27]",229.26388425510001,120.5117797301
1592,25128352658261,"[""ring23"",""active"",28]",219.09426077649999,128.00481047389999
1593,134124510805259,"[""ring23"",""active"",29]",208.67993693459999,135.15383910279999
1594,229840037737798,"[""ring23"",""active"",30]",198.0325442015,141.95088106310001
1595,106613257445133,"[""ring23"",""active"",31]",187.1639743579,148.3883449253
1596,207198314463800,"[""ring23"",""active"",32]",176.08636621100001,154.45904086280001
1597,166065304027098,"[""ring23"",""active"",33]",164.81209203700001,160.15618868190001
1598,265405380967139,"[""ring23"",""active"",34]",153.3537437633,165.47342539479999
1599,45186216161021,"[""ring23"",""active"",35]",141.7241189044,170.40481232569999
1600,4460143286361,"[""ring23"",""active"",36]",129.93620626890001,174.94484174409999
1601,37371492208123,"[""ring23"",""active"",37]",118.0031714526,179.08844301560001
1602,26524453641855,"[""ring23"",""active"",38]",105.93834213469999,182.8309882659
1603,43334649312220,"[""ring23"",""active"",39]",93.755193191499998,186.1682975489
1604,196867025681636,"[""ring23"",""active"",40]",81.467331647600005,189.09664351559999
1605,132559118074572,"[""ring23"",""active"",41]",69.088481478099993,191.61275557670001
1606,38204869768324,"[""ring23"",""active"",42]",56.6324682809,193.71382355579999
1607,182710248943602,"[""ring23"",""active"",43]",44.113203835,195.39750082769999
1608,220362098886556,"[""ring23"",""active"",44]",31.544670563099999,196.6619069395
1609,92680825303001,"[""ring23"",""active"",45]",18.9409059149,197.50562971080001
1610,198407378591608,"[""ring23"",""active"",46]",6.3159866889999998,197.92772681080001
1611,92836036995502,"[""ring23"",""active"",47]",-6.3159866889999998,197.92772681080001
1612,104822327260968,"[""ring23"",""active"",48]",-18.9409059149,197.50562971080001
1613,117623883448496,"[""ring23"",""active"",49]",-31.544670563099999,196.6619069395
1614,276270131586084,"[""ring23"",""active"",50]",-44.113203835,195.39750082769999
1615,209741499560634,"[""ring23"",""active"",51]",-56.6324682809,193.71382355579999
1616,143961677220138,"[""ring23"",""active"",52]",-69.088481478099993,191.61275557670001
1617,182942892498471,"[""ring23"",""active"",53]",-81.467331647600005,189.09664351559999
1618,16215891065952,"[""ring23"",""active"",54]",-93.755193191499998,186.1682975489
1619,278744439925560,"[""ring23"",""active"",55]",-105.93834213469999,182.8309882659
1620,273808916878422,"[""ring23"",""active"",56]",-118.0031714526,179.08844301560001
1621,56800991338401,"[""ring23"",""active"",57]",-129.93620626890001,174.94484174409999
1622,169617879114393,"[""ring23"",""active"",58]",-141.7241189044,170.40481232569999
1623,121930626409342,"[""ring23"",""active"",59]",-153.3537437633,165.47342539479999
1624,120678061666484,"[""ring23"",""active"",60]",-164.81209203700001,160.15618868190001
1625,247016266106142,"[""ring23"",""active"",61]",-176.08636621100001,154.45904086280001
1626,242738715196904,"[""ring23"",""active"",62]",-187.1639743579,148.3883449253
1627,180753170342963,"[""ring23"",""active"",63]",-198.0325442015,141.95088106310001
1628,258950298849356,"[""ring23"",""active"",64]",-208.67993693459999,135.15383910279999
1629,134326307652931,"[""ring23"",""active"",65]",-219.09426077649999,128.00481047389999
1630,189743711453430,"[""ring23"",""active"",66]",-229.26388425510001,120.5117797301
1631,56977596792422,"[""ring23"",""active"",67]",-239.17744919699999,112.68311563170001
1632,90851163978647,"[""ring23"",""active"",68]",-248.82388341379999,104.52756179870001
1633,42533723503559,"[""ring23"",""active"",69]",-258.1924130681,96.054226945300002
1634,191561531231348,"[""ring23"",""active"",70]",-267.27257470630002,87.272574706300006
1635,275829676214121,"[""ring23"",""active"",71]",-276.0542269453,78.192413068099995
1636,112753908648638,"[""ring23"",""active"",72]",-284.52756179869999,68.823883413800004
1637,163518635563795,"[""ring23"",""active"",73]",-292.68311563169999,59.177449197000001
1638,161254553905642,"[""ring23"",""active"",74]",-300.51177973009999,49.263884255100002
1639,50216016787134,"[""ring23"",""active"",75]",-308.00481047390002,39.094260776500001
1640,84337015256086,"[""ring23"",""active"",76]",-315.15383910280002,28.679936934600001
1641,71043794003371,"[""ring23"",""active"",77]",-321.95088106309998,18.032544201499999
1642,25814073397310,"[""ring23"",""active"",78]",-328.38834492529998,7.1639743578999999
1643,178402572748525,"[""ring23"",""active"",79]",-334.45904086280001,-3.9136337889999999
1644,161556804407975,"[""ring23"",""active"",80]",-340.15618868190001,-15.187907963000001
1645,253075921294888,"[""ring23"",""active"",81]",-345.47342539480002,-26.646256236700001
1646,219323826949666,"[""ring24"",""active"",14]",348.30783476070002,-3.2381851475999999
1647,169908568020246,"[""ring24"",""active"",15]",342.4012894841,7.9479819129999996
1648,191613220790577,"[""ring24"",""active"",16]",336.13561253749998,18.937017494500001
1649,226070041896337,"[""ring24"",""active"",17]",329.51737575060002,29.717395616099999
1650,199844792966767,"[""ring24"",""active"",18]",322.55352073990002,40.277809149799999
1651,262575420507553,"[""ring24"",""active"",19]",315.25135162779998,50.607181680099998
1652,38027884145492,"[""ring24"",""active"",20]",307.61852738110002,60.694679121599997
1653,73701012990134,"[""ring24"",""active"",21]",299.66305377859999,70.529721082400002
1654,74521510415387,"[""ring24"",""active"",22]",291.39327501349999,80.101991961799996
1655,148584988045990,"[""ring24"",""active"",23]",282.81786494160002,89.401451769299996
1656,240627842932181,"[""ring24"",""active"",24]",273.94581798410002,98.418346655899995
1657,193773095316661,"[""ring24"",""active"",25]",264.78643969289999,107.1432191439
1658,222980411534294,"[""ring24"",""active"",26]",255.3493369912,115.5669180469
1659,141561099459772,"[""ring24"",""active"",27]",245.64440809640001,123.680608068
1660,196536086807655,"[""ring24"",""active"",28]",235.6818321387,131.47577906679999
1661,197827550994298,"[""ring24"",""active"",29]",225.47205848479999,138.94425498539999
1662,248074285415363,"[""ring24"",""active"",30]",215.0257957771,146.0782024239
1663,60940640924950,"[""ring24"",""active"",31]",204.35400070279999,152.87013885650001
1664,252416097513859,"[""ring24"",""active"",32]",193.46786650120001,159.31294047980001
1665,74342450093514,"[""ring24"",""active"",33]",182.37881122389999,165.39984968460001
1666,20225666753970,"[""ring24"",""active"",34]",171.09846575840001,171.12448214369999
1667,151155694842940,"[""ring24"",""active"",35]",159.63866162950001,176.48083350819999
1668,162328731185936,"[""ring24"",""active"",36]",148.01141858930001,181.46328570509999
1669,166959468841107,"[""ring24"",""active"",37]",136.22893200999999,186.0666128302
1670,5850206264174,"[""ring24"",""active"",38]",124.303560093,190.28598662900001
1671,98472940468487,"[""ring24"",""active"",39]",112.24781090659999,194.1169815609
1672,19701828127026,"[""ring24"",""active"",40]",100.0743292671,197.5555794414
1673,221181631788393,"[""ring24"",""active"",41]",87.795883475500005,200.598173656
1674,182196156155851,"[""ring24"",""active"",42]",75.425351926000005,203.24157294380001
1675,210384393170808,"[""ring24"",""active"",43]",62.975709597799998,205.48300474370001
1676,52054821784230,"[""ring24"",""active"",44]",50.460014446700001,207.32011810340001
1677,137073483869227,"[""ring24"",""active"",45]",37.891393708499997,208.75098614460001
1678,236363147489794,"[""ring24"",""active"",46]",25.2830301308,209.77410808440001
1679,185063562080671,"[""ring24"",""active"",47]",12.6481481458,210.38841080910001
1680,125335396341710,"[""ring24"",""active"",48]",0,210.59325000000001
1681,47660881120559,"[""ring24"",""active"",49]",-12.6481481458,210.38841080910001
1682,195681711238749,"[""ring24"",""active"",50]",-25.2830301308,209.77410808440001
1683,146364132776263,"[""ring24"",""active"",51]",-37.891393708499997,208.75098614460001
1684,242006095312795,"[""ring24"",""active"",52]",-50.460014446700001,207.32011810340001
1685,24568865142898,"[""ring24"",""active"",53]",-62.975709597799998,205.48300474370001
1686,235637730874526,"[""ring24"",""active"",54]",-75.425351926000005,203.24157294380001
1687,43717075562995,"[""ring24"",""active"",55]",-87.795883475500005,200.598173656
1688,92826395622882,"[""ring24"",""active"",56]",-100.0743292671,197.5555794414
1689,100771691659703,"[""ring24"",""active"",57]",-112.24781090659999,194.1169815609
1690,148853577847673,"[""ring24"",""active"",58]",-124.303560093,190.28598662900001
1691,115338910477986,"[""ring24"",""active"",59]",-136.22893200999999,186.0666128302
1692,91085862702413,"[""ring24"",""active"",60]",-148.01141858930001,181.46328570509999
1693,180430180510315,"[""ring24"",""active"",61]",-159.63866162950001,176.48083350819999
1694,242310311901251,"[""ring24"",""active"",62]",-171.09846575840001,171.12448214369999
1695,174985283718676,"[""ring24"",""active"",63]",-182.37881122389999,165.39984968460001
1696,177304213362875,"[""ring24"",""active"",64]",-193.46786650120001,159.31294047980001
1697,280885304589792,"[""ring24"",""active"",65]",-204.35400070279999,152.87013885650001
1698,181707612634253,"[""ring24"",""active"",66]",-215.0257957771,146.0782024239
1699,272292974374781,"[""ring24"",""active"",67]",-225.47205848479999,138.94425498539999
1700,197742970690053,"[""ring24"",""active"",68]",-235.6818321387,131.47577906679999
1701,225338406389378,"[""ring24"",""active"",69]",-245.64440809640001,123.680608068
1702,23481573933285,"[""ring24"",""active"",70]",-255.3493369912,115.5669180469
1703,27281225297101,"[""ring24"",""active"",71]",-264.78643969289999,107.1432191439
1704,184672686012349,"[""ring24"",""active"",72]",-273.94581798410002,98.418346655899995
1705,29410985394741,"[""ring24"",""active"",73]",-282.81786494160002,89.401451769299996
1706,124396721192526,"[""ring24"",""active"",74]",-291.39327501349999,80.101991961799996
1707,247916299868933,"[""ring24"",""active"",75]",-299.66305377859999,70.529721082400002
1708,182331503111437,"[""ring24"",""active"",76]",-307.61852738110002,60.694679121599997
1709,21638397362788,"[""ring24"",""active"",77]",-315.25135162779998,50.607181680099998
1710,147190922257799,"[""ring24"",""active"",78]",-322.55352073990002,40.277809149799999
1711,23146289602364,"[""ring24"",""active"",79]",-329.51737575060002,29.717395616099999
1712,195455105059769,"[""ring24"",""active"",80]",-336.13561253749998,18.937017494500001
1713,198527060137764,"[""ring24"",""active"",81]",-342.4012894841,7.9479819129999996
1714,175805957113319,"[""ring24"",""active"",82]",-348.30783476070002,-3.2381851475999999
1715,124754183062825,"[""ring25"",""active"",17]",343.78963010860002,30.6745562849
1716,76964437138499,"[""ring25"",""active"",18]",337.0025429479,41.369294353800001
1717,162660184732723,"[""ring25"",""active"",19]",329.88287496409998,51.845567655399996
1718,240057048377566,"[""ring25"",""active"",20]",322.43765240990001,62.093037372700003
1719,53890821004426,"[""ring25"",""active"",21]",314.67422282130002,72.101590490500001
1720,126757585051374,"[""ring25"",""active"",22]",306.60024776569998,81.861349774999994
1721,171248947633630,"[""ring25"",""active"",23]",298.22369528190001,91.362683522200001
1722,26451376693814,"[""ring25"",""active"",24]",289.55283201589998,100.5962150628
1723,228454111711432,"[""ring25"",""active"",25]",280.59621506280001,109.55283201589999
1724,156775336642785,"[""ring25"",""active"",26]",271.36268352219997,118.22369528190001
1725,67777379234803,"[""ring25"",""active"",27]",261.86134977500001,126.6002477657
1726,47993321589188,"[""ring25"",""active"",28]",252.1015904905,134.67422282129999
1727,125710786495711,"[""ring25"",""active"",29]",242.0930373727,142.43765240990001
1728,82504666956167,"[""ring25"",""active"",30]",231.8455676554,149.88287496410001
1729,88988495367815,"[""ring25"",""active"",31]",221.3692943538,157.0025429479
1730,118336863109641,"[""ring25"",""active"",32]",210.67455628490001,163.78963010859999
1731,33071995459555,"[""ring25"",""active"",33]",199.77190786400001,170.23743841059999
1732,230431841370738,"[""ring25"",""active"",34]",188.67210868870001,176.3396046455
1733,179199003408098,"[""ring25"",""active"",35]",177.38611292089999,182.09010671210001
1734,162669639183760,"[""ring25"",""active"",36]",165.92505847570001,187.48326955909999
1735,210291710557967,"[""ring25"",""active"",37]",154.30025603019999,192.51377078569999
1736,244632226173872,"[""ring25"",""active"",38]",142.52317786090001,197.1766458948
1737,36510009265828,"[""ring25"",""active"",39]",130.60544652199999,201.46729319139999
1738,222353969637681,"[""ring25"",""active"",40]",118.5588233756,205.38147832480001
1739,193373059910139,"[""ring25"",""active"",41]",106.3951969843,208.91533846670001
1740,253352043236311,"[""ring25"",""active"",42]",94.126571378899996,212.0653861239
1741,266255656553962,"[""ring25"",""active"",43]",81.765054211500001,214.82851257959999
1742,173683184817233,"[""ring25"",""active"",44]",69.322844807300001,217.20199096159999
1743,51005463727040,"[""ring25"",""active"",45]",56.812222124599998,219.18347893329999
1744,140989840786449,"[""ring25"",""active"",46]",44.245532637799997,220.77102100530001
1745,2255754440157,"[""ring25"",""active"",47]",31.635178152000002,221.96305046520001
1746,120286578660717,"[""ring25"",""active"",48]",18.993603564800001,222.75839092390001
1747,175793760023825,"[""ring25"",""active"",49]",6.3332845840000003,223.15625747639999
1748,49137254083481,"[""ring25"",""active"",50]",-6.3332845840000003,223.15625747639999
1749,74374311193287,"[""ring25"",""active"",51]",-18.993603564800001,222.75839092390001
1750,276790812181886,"[""ring25"",""active"",52]",-31.635178152000002,221.96305046520001
1751,83644482308735,"[""ring25"",""active"",53]",-44.245532637799997,220.77102100530001
1752,163175264289921,"[""ring25"",""active"",54]",-56.812222124599998,219.18347893329999
1753,205539540028178,"[""ring25"",""active"",55]",-69.322844807300001,217.20199096159999
1754,127466556638726,"[""ring25"",""active"",56]",-81.765054211500001,214.82851257959999
1755,221865701010109,"[""ring25"",""active"",57]",-94.126571378899996,212.0653861239
1756,256100426937860,"[""ring25"",""active"",58]",-106.3951969843,208.91533846670001
1757,122509725981241,"[""ring25"",""active"",59]",-118.5588233756,205.38147832480001
1758,4993059664279,"[""ring25"",""active"",60]",-130.60544652199999,201.46729319139999
1759,125920944004859,"[""ring25"",""active"",61]",-142.52317786090001,197.1766458948
1760,147317463386880,"[""ring25"",""active"",62]",-154.30025603019999,192.51377078569999
1761,260379782544562,"[""ring25"",""active"",63]",-165.92505847570001,187.48326955909999
1762,168476051491059,"[""ring25"",""active"",64]",-177.38611292089999,182.09010671210001
1763,10616337233747,"[""ring25"",""active"",65]",-188.67210868870001,176.3396046455
1764,154401146165217,"[""ring25"",""active"",66]",-199.77190786400001,170.23743841059999
1765,45326395321126,"[""ring25"",""active"",67]",-210.67455628490001,163.78963010859999
1766,49507025687669,"[""ring25"",""active"",68]",-221.3692943538,157.0025429479
1767,259499417272873,"[""ring25"",""active"",69]",-231.8455676554,149.88287496410001
1768,127792590929921,"[""ring25"",""active"",70]",-242.0930373727,142.43765240990001
1769,85960775799929,"[""ring25"",""active"",71]",-252.1015904905,134.67422282129999
1770,237889203989733,"[""ring25"",""active"",72]",-261.86134977500001,126.6002477657
1771,80749341375228,"[""ring25"",""active"",73]",-271.36268352219997,118.22369528190001
1772,160382129159043,"[""ring25"",""active"",74]",-280.59621506280001,109.55283201589999
1773,98524383104815,"[""ring25"",""active"",75]",-289.55283201589998,100.5962150628
1774,138073781285841,"[""ring25"",""active"",76]",-298.22369528190001,91.362683522200001
1775,225364036224745,"[""ring25"",""active"",77]",-306.60024776569998,81.861349774999994
1776,213444848349963,"[""ring25"",""active"",78]",-314.67422282130002,72.101590490500001
1777,197248888657997,"[""ring25"",""active"",79]",-322.43765240990001,62.093037372700003
1778,234520780815631,"[""ring25"",""active"",80]",-329.88287496409998,51.845567655399996
1779,40120386119221,"[""ring25"",""active"",81]",-337.0025429479,41.369294353800001
1780,199026175465389,"[""ring25"",""active"",82]",-343.78963010860002,30.6745562849
1781,258833917467677,"[""ring26"",""active"",19]",345.08186476240002,51.9994384986
1782,205143954475654,"[""ring26"",""active"",20]",337.88198265339997,62.365423791799998
1783,191425975500816,"[""ring26"",""active"",21]",330.37082089030002,72.508125722399996
1784,132867709972771,"[""ring26"",""active"",22]",322.5552992616,82.418200149699999
1785,119997441145645,"[""ring26"",""active"",23]",314.44261795260002,92.086517245400003
1786,96286015332634,"[""ring26"",""active"",24]",306.04025091189999,101.50416990399999
1787,188165463825796,"[""ring26"",""active"",25]",297.35593896649999,110.6624819493
1788,57847421334900,"[""ring26"",""active"",26]",288.39768268979998,119.5530161269
1789,236085594169207,"[""ring26"",""active"",27]",279.17373503110002,128.1675818777
1790,255187241147926,"[""ring26"",""active"",28]",269.69259371279998,136.49824288299999
1791,239632297238098,"[""ring26"",""active"",29]",259.96299340109999,144.53732437650001
1792,1345173829075,"[""ring26"",""active"",30]",249.9938976597,152.2774202146
1793,40334484534805,"[""ring26"",""active"",31]",239.7944906914,159.7113996992
1794,7870127271612,"[""ring26"",""active"",32]",229.37416887730001,166.83241414759999
1795,172889424647471,"[""ring26"",""active"",33]",218.74253211999999,173.63390320120001
1796,80821069530537,"[""ring26"",""active"",34]",207.90937500000001,180.10960086989999
1797,234719118302147,"[""ring26"",""active"",35]",196.88467775160001,186.25354130459999
1798,52045198113719,"[""ring26"",""active"",36]",185.67859706909999,192.06006429339999
1799,183157162850742,"[""ring26"",""active"",37]",174.30145674900001,197.52382047590001
1800,136144764463232,"[""ring26"",""active"",38]",162.7637381799,202.63977627169999
1801,205695171795823,"[""ring26"",""active"",39]",151.07607068569999,207.40321851749999
1802,127306246615159,"[""ring26"",""active"",40]",139.24922173339999,211.80975880930001
1803,223806985894447,"[""ring26"",""active"",41]",127.2940870133,215.8553375452
1804,244354508444845,"[""ring26"",""active"",42]",115.22168040130001,219.53622766539999
1805,120112043799369,"[""ring26"",""active"",43]",103.0431238118,222.8490380858
1806,123297861072270,"[""ring26"",""active"",44]",90.769636952100001,225.7907168223
1807,259328716769589,"[""ring26"",""active"",45]",78.412526985400007,228.3585538021
1808,5540729977930,"[""ring26"",""active"",46]",65.983178114300003,230.5501833607
1809,128817495286612,"[""ring26"",""active"",47]",53.493041092399999,232.3635864213
1810,12621325375734,"[""ring26"",""active"",48]",40.953622676000002,233.79709235479999
1811,178940822042277,"[""ring26"",""active"",49]",28.376475022299999,234.84938051879999
1812,23952590042241,"[""ring26"",""active"",50]",15.7731850473,235.5194814747
1813,265132272943637,"[""ring26"",""active"",51]",3.1553637512999999,235.80677788029999
1814,43170172059622,"[""ring26"",""active"",52]",-9.4653644784999997,235.71100505859999
1815,108109023426078,"[""ring26"",""active"",53]",-22.0773725767,235.23225124219999
1816,212762680432467,"[""ring26"",""active"",54]",-34.6690415112,234.3709574913
1817,94350295489601,"[""ring26"",""active"",55]",-47.228770988299999,233.1279172877
1818,22781247148274,"[""ring26"",""active"",56]",-59.7449901385,231.50427580389999
1819,278475121399491,"[""ring26"",""active"",57]",-72.206168177199999,229.50152884779999
1820,180306898735464,"[""ring26"",""active"",58]",-84.600825027499994,227.12152148499999
1821,165528706291514,"[""ring26"",""active"",59]",-96.917541896100005,224.36644633840001
1822,169032926491513,"[""ring26"",""active"",60]",-109.1449717933,221.23884156919999
1823,228567730717014,"[""ring26"",""active"",61]",-121.2718499867,217.74158853750001
1824,152993005518245,"[""ring26"",""active"",62]",-133.2870043787,213.87790914870001
1825,227255859649199,"[""ring26"",""active"",63]",-145.17936579939999,209.65136288439999
1826,175780829443969,"[""ring26"",""active"",64]",-156.9379782039,205.065843524
1827,256210454338346,"[""ring26"",""active"",65]",-168.552008766,200.12557555699999
1828,225598712263367,"[""ring26"",""active"",66]",-180.01075785800001,194.83511029109999
1829,161779759005630,"[""ring26"",""active"",67]",-191.30366890810001,189.1993216596
1830,45236188503151,"[""ring26"",""active"",68]",-202.42033812540001,183.22340173059999
1831,9399744318143,"[""ring26"",""active"",69]",-213.35052408499999,176.91285592450001
1832,102463380670853,"[""ring26"",""active"",70]",-224.0841571631,170.27349794130001
1833,53989245944009,"[""ring26"",""active"",71]",-234.61134881340001,163.31144440509999
1834,15520135910018,"[""ring26"",""active"",72]",-244.92240067750001,156.0331092287
1835,190389931305045,"[""ring26"",""active"",73]",-255.00781351949999,148.44519770509999
1836,43654941741493,"[""ring26"",""active"",74]",-264.85829597740002,140.55470032970001
1837,161790738443597,"[""ring26"",""active"",75]",-274.4647731229,132.36888636059999
1838,78456227931250,"[""ring26"",""active"",76]",-283.81839482179998,123.8952971212
1839,238780504941595,"[""ring26"",""active"",77]",-292.91054388729998,115.14173905299999
1840,24818322259541,"[""ring26"",""active"",78]",-301.73284401910001,106.11627652360001
1841,92380224551111,"[""ring26"",""active"",79]",-310.27716751960003,96.827224397400002
1842,56184222294224,"[""ring26"",""active"",80]",-318.5356427822,87.283140375299993
1843,229405355343748,"[""ring26"",""active"",81]",-326.50066154289999,77.492817110700003
1844,111842868641338,"[""ring26"",""active"",82]",-334.16488588959999,67.465274109199996
1845,260718126378352,"[""ring26"",""active"",83]",-341.52125502230001,57.209749419200001
1846,103809022570566,"[""ring27"",""active"",22]",337.47890857049998,83.934720077400002
1847,214342823463272,"[""ring27"",""active"",23]",329.54753320520001,93.773580812000006
1848,234880993423873,"[""ring27"",""active"",24]",321.32941861789999,103.37423122600001
1849,34340772915009,"[""ring27"",""active"",25]",312.83171538800002,112.728317796
1850,234774690754127,"[""ring27"",""active"",26]",304.06181736479999,121.82770153360001
1851,247723715801915,"[""ring27"",""active"",27]",295.02735523429999,130.6644650675
1852,150984949967478,"[""ring27"",""active"",28]",285.73618987959998,139.23091953209999
1853,123852879436854,"[""ring27"",""active"",29]",276.19640554130001,147.51961125759999
1854,268432866567497,"[""ring27"",""active"",30]",266.41630278320002,155.5233282554
1855,56858344578232,"[""ring27"",""active"",31]",256.40439127010001,163.2351064936
1856,245355746991140,"[""ring27"",""active"",32]",246.16938236350001,170.64823595589999
1857,75733301734597,"[""ring27"",""active"",33]",235.72018154220001,177.7562664804
1858,154829979102371,"[""ring27"",""active"",34]",225.06588065290001,184.5530133714
1859,19822523146194,"[""ring27"",""active"",35]",214.21575000000001,191.03256278149999
1860,254073475126406,"[""ring27"",""active"",36]",203.1792302794,197.1892768562
1861,194937274182894,"[""ring27"",""active"",37]",191.96592436399999,203.0177986404
1862,106901706976003,"[""ring27"",""active"",38]",180.5855889483,208.51305673869999
1863,153609176206390,"[""ring27"",""active"",39]",169.04812605910001,213.6702697286
1864,193882877176841,"[""ring27"",""active"",40]",157.36357443989999,218.48495032029999
1865,99205272389929,"[""ring27"",""active"",41]",145.54210081599999,222.9529092615
1866,131687885082017,"[""ring27"",""active"",42]",133.59399104849999,227.07025898239999
1867,280656371384859,"[""ring27"",""active"",43]",121.52964118440001,230.833416978
1868,6433185154926,"[""ring27"",""active"",44]",109.3595484116,234.23910892559999
1869,17702591530861,"[""ring27"",""active"",45]",97.0943019244,237.28437153339999
1870,207703751107717,"[""ring27"",""active"",46]",84.744573710699996,239.9665551194
1871,124822604665979,"[""ring27"",""active"",47]",72.321109265700002,242.2833259162
1872,251869692717977,"[""ring27"",""active"",48]",59.834718242500003,244.23266810219999
1873,31018589125576,"[""ring27"",""active"",49]",47.296265046800002,245.81288555520001
1874,63111848319567,"[""ring27"",""active"",50]",34.716659383200003,247.02260332860001
1875,254144875854036,"[""ring27"",""active"",51]",22.106846763499998,247.86076884709999
1876,59196330464688,"[""ring27"",""active"",52]",9.4777989821999995,248.32665282319999
1877,98638683206714,"[""ring27"",""active"",53]",-3.1594954295000002,248.4198498913
1878,130197156033417,"[""ring27"",""active"",54]",-15.7940407651,248.14027896069999
1879,100247184737288,"[""ring27"",""active"",55]",-28.414843709900001,247.48818328600001
1880,108335536169590,"[""ring27"",""active"",56]",-41.010922906700003,246.46413025550001
1881,15543082120689,"[""ring27"",""active"",57]",-53.571318510300003,245.06901089740001
1882,266916126787362,"[""ring27"",""active"",58]",-66.085101723700006,243.30403910480001
1883,223408876383796,"[""ring27"",""active"",59]",-78.541384307499996,241.17075057900001
1884,79205212476643,"[""ring27"",""active"",60]",-90.929328053500001,238.671001494
1885,202531658477106,"[""ring27"",""active"",61]",-103.23815421499999,235.8069668807
1886,194118444900821,"[""ring27"",""active"",62]",-115.4571528858,232.58113873490001
1887,236512242270589,"[""ring27"",""active"",63]",-127.5756923181,228.99632384879999
1888,72233641107700,"[""ring27"",""active"",64]",-139.5832281742,225.05564136890001
1889,141523380396680,"[""ring27"",""active"",65]",-151.46931270010001,220.76252008189999
1890,80209661154055,"[""ring27"",""active"",66]",-163.22360381690001,216.1206954317
1891,151395764319031,"[""ring27"",""active"",67]",-174.83587411889999,211.1342062686
1892,239379562818066,"[""ring27"",""active"",68]",-186.29601977280001,205.80739133540001
1893,251382497807485,"[""ring27"",""active"",69]",-197.59406930899999,200.1448854926
1894,150627451807774,"[""ring27"",""active"",70]",-208.72019229739999,194.15161568490001
1895,138431747966447,"[""ring27"",""active"",71]",-219.66470790139999,187.83279665469999
1896,245297471447511,"[""ring27"",""active"",72]",-230.4180933008,181.19392640500001
1897,129175714092710,"[""ring27"",""active"",73]",-240.97099197790001,174.2407814149
1898,78567026708758,"[""ring27"",""active"",74]",-251.3142218582,166.9794116141
1899,47952322356204,"[""ring27"",""active"",75]",-261.43878330019999,159.41613511849999
1900,156119172687886,"[""ring27"",""active"",76]",-271.33586692559999,151.55753273299999
1901,144027874464002,"[""ring27"",""active"",77]",-280.99686128450003,143.41044222549999
1902,187824591161979,"[""ring27"",""active"",78]",-290.41336034839998,134.98195237729999
1903,192700965531237,"[""ring27"",""active"",79]",-299.57717082379997,126.2793968151
1904,155984729793611,"[""ring27"",""active"",80]",-308.48031928170002,117.3103476304
1905,207678559744368,"[""ring27"",""active"",81]",-317.1150590949,108.0826087904
1906,132207894929254,"[""ring27"",""active"",82]",-325.47387717859999,98.604209348200001
1907,194870935055544,"[""ring27"",""active"",83]",-333.54950052740003,88.8833964568
1908,5922880761011,"[""ring28"",""active"",25]",328.18276408259999,114.6457259442
1909,184367303295544,"[""ring28"",""active"",26]",319.59537633489998,123.9388522112
1910,4368973039656,"[""ring28"",""active"",27]",310.74493622599999,132.9818126792
1911,182070223023177,"[""ring28"",""active"",28]",301.63872837090003,141.76716427389999
1912,87230416068488,"[""ring28"",""active"",29]",292.2842479011,150.2876759538
1913,210668138693441,"[""ring28"",""active"",30]",282.68919429670001,158.5363346613
1914,131139777569877,"[""ring28"",""active"",31]",272.86146504840002,166.5063510958
1915,257151861148803,"[""ring28"",""active"",32]",262.80914915720001,174.1911653011
1916,4812071050776,"[""ring28"",""active"",33]",252.54052047709999,181.58445206510001
1917,188074156663549,"[""ring28"",""active"",34]",242.06403090449999,188.68012612609999
1918,157059084681422,"[""ring28"",""active"",35]",231.3883034218,195.47234718109999
1919,15125313023537,"[""ring28"",""active"",36]",220.52212499999999,201.95552469309999
1920,18490783995317,"[""ring28"",""active"",37]",209.47443936650001,208.12432249240001
1921,233513517128641,"[""ring28"",""active"",38]",198.25433964339999,213.97366316879999
1922,255240873996256,"[""ring28"",""active"",39]",186.87106086329999,219.49873225069999
1923,186769743697834,"[""ring28"",""active"",40]",175.33397236810001,224.69498216759999
1924,77902557157167,"[""ring28"",""active"",41]",163.6525700974,229.55813599359999
1925,198429291823163,"[""ring28"",""active"",42]",151.8364687724,234.08419096700001
1926,23010110828555,"[""ring28"",""active"",43]",139.89539398229999,238.26942178530001
1927,120393727922906,"[""ring28"",""active"",44]",127.83917417950001,242.1103836714
1928,49658139137641,"[""ring28"",""active"",45]",115.6777325896,245.60391520869999
1929,256427614783314,"[""ring28"",""active"",46]",103.4210790445,248.74714094359999
1930,269661634736647,"[""ring28"",""active"",47]",91.079301742799998,251.53747375180001
1931,96317674869198,"[""ring28"",""active"",48]",78.662558946800004,253.9726169679
1932,214976246230902,"[""ring28"",""active"",49]",66.181070621399996,256.05056627580001
1933,134679166654450,"[""ring28"",""active"",50]",53.645110021999997,257.76961135829998
1934,222141745582735,"[""ring28"",""active"",51]",41.064995239200002,259.12833730480003
1935,111649138154959,"[""ring28"",""active"",52]",28.451080705999999,260.12562577599999
1936,20081917327608,"[""ring28"",""active"",53]",15.813748675299999,260.7606559244
1937,281395720134661,"[""ring28"",""active"",54]",3.1634006742,261.03290506970001
1938,246450227421195,"[""ring28"",""active"",55]",-9.4895510566999999,260.94214912929999
1939,209561618009177,"[""ring28"",""active"",56]",-22.1346921339,260.4884628026
1940,204250433413820,"[""ring28"",""active"",57]",-34.761614602599998,259.67221950940001
1941,69860834360238,"[""ring28"",""active"",58]",-47.359925503500001,258.49409108259999
1942,9772799053764,"[""ring28"",""active"",59]",-59.919255426699998,256.95504721560002
1943,234410338133009,"[""ring28"",""active"",60]",-72.429267046899994,255.0563546635
1944,244259245232002,"[""ring28"",""active"",61]",-84.879663631599996,252.7995762011
1945,39133175061423,"[""ring28"",""active"",62]",-97.260197516299996,250.18656933610001
1946,125762146689910,"[""ring28"",""active"",63]",-109.5606785388,247.2194847806
1947,149603912000652,"[""ring28"",""active"",64]",-121.77098242700001,243.90076468059999
1948,93605236897604,"[""ring28"",""active"",65]",-133.88105913179999,240.2331406063
1949,123286209481428,"[""ring28"",""active"",66]",-145.88094109869999,236.21963130329999
1950,243091446896348,"[""ring28"",""active"",67]",-157.7607514725,231.86354020830001
1951,146041668069472,"[""ring28"",""active"",68]",-169.5107122263,227.1684527301
1952,158051517460197,"[""ring28"",""active"",69]",-181.1211522099,222.13823329819999
1953,66653958380104,"[""ring28"",""active"",70]",-192.5825151096,216.77702218260001
1954,145141625937140,"[""ring28"",""active"",71]",-203.88536731409999,211.08923208549999
1955,141673816737420,"[""ring28"",""active"",72]",-215.0204056789,205.0795445096
1956,243996863326144,"[""ring28"",""active"",73]",-225.97846518360001,198.7529059048
1957,44481414357302,"[""ring28"",""active"",74]",-236.7505264756,192.1145235967
1958,20279132159157,"[""ring28"",""active"",75]",-247.32772329330001,185.16986150100001
1959,199061210730399,"[""ring28"",""active"",76]",-257.70134976430001,177.92463562559999
1960,123787448716240,"[""ring28"",""active"",77]",-267.86286757070002,170.3848093666
1961,149148078449207,"[""ring28"",""active"",78]",-277.80391297670002,162.55658859939999
1962,78347164636056,"[""ring28"",""active"",79]",-287.5163037131,154.4464165711
1963,34276134966430,"[""ring28"",""active"",80]",-296.99204571130002,146.0609685968
1964,128650445024658,"[""ring28"",""active"",81]",-306.2233396835,137.40714656590001
1965,193979144786891,"[""ring28"",""active"",82]",-315.20258754230002,128.49207326070001
1966,19267054836409,"[""ring28"",""active"",83]",-323.92239865379997,119.3230864942
1967,225006046422213,"[""ring29"",""active"",28]",317.4071720673,144.1255324242
1968,275348573959535,"[""ring29"",""active"",29]",308.2333037674,152.8616891408
1969,240744070654126,"[""ring29"",""active"",30]",298.81908440910001,161.33829032489999
1970,59926418413543,"[""ring29"",""active"",31]",289.17185491740003,169.54872617789999
1971,229531962465098,"[""ring29"",""active"",32]",279.29913791180002,177.48659444899999
1972,217198346376685,"[""ring29"",""active"",33]",269.20863184000001,185.14570542710001
1973,35528746174352,"[""ring29"",""active"",34]",258.90820497499999,192.520086768
1974,257864510027934,"[""ring29"",""active"",35]",248.40588928,199.60398815089999
1975,137349204285199,"[""ring29"",""active"",36]",237.7098741447,206.39188576250001
1976,66374349757315,"[""ring29"",""active"",37]",226.82849999999999,212.8784866046
1977,147550315021234,"[""ring29"",""active"",38]",215.77025181420001,219.05873262099999
1978,66246879074830,"[""ring29"",""active"",39]",204.5437524765,224.92780464149999
1979,8012853299186,"[""ring29"",""active"",40]",193.1577560735,230.4811261406
1980,166536074393285,"[""ring29"",""active"",41]",181.62114106269999,235.714366805
1981,20483206468802,"[""ring29"",""active"",42]",169.9429033493,240.62344591120001
1982,47511876353937,"[""ring29"",""active"",43]",158.1321492719,245.20453550689999
1983,87175963989216,"[""ring29"",""active"",44]",146.1980885012,249.4540633963
1984,19572073649518,"[""ring29"",""active"",45]",134.1500268588,253.36871592529999
1985,6435646497747,"[""ring29"",""active"",46]",121.9973590609,256.94544056569998
1986,899091079279,"[""ring29"",""active"",47]",109.74956139210001,260.18144829520003
1987,135350869537607,"[""ring29"",""active"",48]",97.416184316599995,263.07421577219998
1988,270399870317226,"[""ring29"",""active"",49]",85.006845030999997,265.6214873038
1989,83879236477514,"[""ring29"",""active"",50]",72.5312199647,267.82127660420002
1990,277914845128285,"[""ring29"",""active"",51]",59.999037234900001,269.67186834389997
1991,270122376866487,"[""ring29"",""active"",52]",47.420069060599999,271.17181948709998
1992,166627446970920,"[""ring29"",""active"",53]",34.804124142900001,272.319960417
1993,57066578708678,"[""ring29"",""active"",54]",22.161040016200001,273.1153958479
1994,245249401420489,"[""ring29"",""active"",55]",9.5006753770000003,273.55750552310002
1995,264746105413582,"[""ring29"",""active"",56]",-3.1670976030000002,273.6459446989
1996,248055468547418,"[""ring29"",""active"",57]",-15.832400975600001,273.38064441300003
1997,160846216893275,"[""ring29"",""active"",58]",-28.485358718099999,272.7618115386
1998,57209191318873,"[""ring29"",""active"",59]",-41.1161044348,271.78992862289999
1999,227133744759832,"[""ring29"",""active"",60]",-53.71478905,270.46575351109999
2000,225571913483102,"[""ring29"",""active"",61]",-66.271588488500001,268.79031875499999
2001,144809554799960,"[""ring29"",""active"",62]",-78.776711335800002,266.76493080829999
2002,12247266630010,"[""ring29"",""active"",63]",-91.220406473300002,264.39116900750003
2003,153897115011600,"[""ring29"",""active"",64]",-103.5929706818,261.67088434070001
2004,153548783677452,"[""ring29"",""active"",65]",-115.8847562079,258.60619800410001
2005,189314116080507,"[""ring29"",""active"",66]",-128.086178287,255.19949974790001
2006,233876124835542,"[""ring29"",""active"",67]",-140.1877226172,251.4534460129
2007,21053002455077,"[""ring29"",""active"",68]",-152.1799527782,247.3709578591
2008,247824420903731,"[""ring29"",""active"",69]",-164.05351758969999,242.955218688
2009,23466497547996,"[""ring29"",""active"",70]",-175.79915840309999,238.2096717602
2010,221128665394404,"[""ring29"",""active"",71]",-187.40771632089999,233.13801751029999
2011,96770466211447,"[""ring29"",""active"",72]",-198.8701393389,227.74421066190001
2012,245808679015655,"[""ring29"",""active"",73]",-210.17748940440001,222.03245714330001
2013,161484525682048,"[""ring29"",""active"",74]",-221.32094938590001,216.007210808
2014,201395984115328,"[""ring29"",""active"",75]",-232.2918299486,209.67316996189999
2015,63320370566255,"[""ring29"",""active"",76]",-243.08157632979999,203.03527369950001
2016,129590122022076,"[""ring29"",""active"",77]",-253.68177500979999,196.09869805260001
2017,99872274022541,"[""ring29"",""active"",78]",-264.0841602726,188.8688519543
2018,2145832419616,"[""ring29"",""active"",79]",-274.28062065109998,181.35137302109999
2019,63261892453158,"[""ring29"",""active"",80]",-284.26320525220001,173.5521231569
2020,215663644527945,"[""ring29"",""active"",81]",-294.02412995660001,165.47718398219999
2021,243438778980594,"[""ring29"",""active"",82]",-303.55578348889998,157.1328520916
2022,132961437500653,"[""ring29"",""active"",83]",-312.85073335250001,148.5256341441
2023,146838852511814,"[""ring30"",""active"",32]",297.01688237130003,179.42795015339999
2024,206239347472395,"[""ring30"",""active"",33]",287.17487446310002,187.33917738540001
2025,252449885911341,"[""ring30"",""active"",34]",277.12224458930001,194.98098794320001
2026,218762352674712,"[""ring30"",""active"",35]",266.8663656256,202.34777711250001
2027,22519647837743,"[""ring30"",""active"",36]",256.41475951630002,209.43414188700001
2028,211142117900385,"[""ring30"",""active"",37]",245.77509175719999,216.23488493159999
2029,27621580829719,"[""ring30"",""active"",38]",234.95516577390001,222.745018394
2030,126328442741033,"[""ring30"",""active"",39]",223.96291719819999,228.9597675629
2031,88973397402653,"[""ring30"",""active"",40]",212.8064080481,234.87457437
2032,138019148317551,"[""ring30"",""active"",41]",201.49382081479999,240.48510073310001
2033,75131014542280,"[""ring30"",""active"",42]",190.03345246149999,245.78723173739999
2034,122531408589125,"[""ring30"",""active"",43]",178.433708338,250.77707865420001
2035,61720926735485,"[""ring30"",""active"",44]",166.7030960164,255.45098179199999
2036,107916304871534,"[""ring30"",""active"",45]",154.85021905089999,259.80551318160002
2037,111178043426839,"[""ring30"",""active"",46]",142.8837706681,263.83747908970003
2038,16840416658934,"[""ring30"",""active"",47]",130.812527391,267.54392236140001
2039,145914680875060,"[""ring30"",""active"",48]",118.645342602,270.92212458910001
2040,105724285661920,"[""ring30"",""active"",49]",106.3911400496,273.9696081061
2041,198448685437977,"[""ring30"",""active"",50]",94.058907303599995,276.68413780409998
2042,208364807643950,"[""ring30"",""active"",51]",81.657689163399994,279.06372277230003
2043,107782316153414,"[""ring30"",""active"",52]",69.196581023999997,281.10661775739999
2044,25941221015557,"[""ring30"",""active"",53]",56.684722205500002,282.81132444389999
2045,146267763565261,"[""ring30"",""active"",54]",44.131289249799998,284.17659255310002
2046,146033189945524,"[""ring30"",""active"",55]",31.545489190600001,285.20142075960001
2047,276332465723396,"[""ring30"",""active"",56]",18.936552800499999,285.88505742630002
2048,280062793351889,"[""ring30"",""active"",57]",6.3137278207999996,286.22700115510003
2049,156355612397412,"[""ring30"",""active"",58]",-6.3137278207999996,286.22700115510003
2050,235830710303468,"[""ring30"",""active"",59]",-18.936552800499999,285.88505742630002
2051,265217234418626,"[""ring30"",""active"",60]",-31.545489190600001,285.20142075960001
2052,251000096282066,"[""ring30"",""active"",61]",-44.131289249799998,284.17659255310002
2053,203444133161018,"[""ring30"",""active"",62]",-56.684722205500002,282.81132444389999
2054,145210875183951,"[""ring30"",""active"",63]",-69.196581023999997,281.10661775739999
2055,270600528578164,"[""ring30"",""active"",64]",-81.657689163399994,279.06372277230003
2056,47662776048149,"[""ring30"",""active"",65]",-94.058907303599995,276.68413780409998
2057,253003672098003,"[""ring30"",""active"",66]",-106.3911400496,273.9696081061
2058,72637557733175,"[""ring30"",""active"",67]",-118.645342602,270.92212458910001
2059,270636244831925,"[""ring30"",""active"",68]",-130.812527391,267.54392236140001
2060,101677809070402,"[""ring30"",""active"",69]",-142.8837706681,263.83747908970003
2061,102788865266377,"[""ring30"",""active"",70]",-154.85021905089999,259.80551318160002
2062,114151045403360,"[""ring30"",""active"",71]",-166.7030960164,255.45098179199999
2063,34930401845648,"[""ring30"",""active"",72]",-178.433708338,250.77707865420001
2064,152082085466140,"[""ring30"",""active"",73]",-190.03345246149999,245.78723173739999
2065,95185436691626,"[""ring30"",""active"",74]",-201.49382081479999,240.48510073310001
2066,215000235108049,"[""ring30"",""active"",75]",-212.8064080481,234.87457437
2067,40870042012392,"[""ring30"",""active"",76]",-223.96291719819999,228.9597675629
2068,175501081221727,"[""ring30"",""active"",77]",-234.95516577390001,222.745018394
2069,63777349334103,"[""ring30"",""active"",78]",-245.77509175719999,216.23488493159999
2070,248452828115807,"[""ring30"",""active"",79]",-256.41475951630002,209.43414188700001
2071,133048186638049,"[""ring30"",""active"",80]",-266.8663656256,202.34777711250001
2072,24776420488499,"[""ring30"",""active"",81]",-277.12224458930001,194.98098794320001
2073,216036092582704,"[""ring30"",""active"",82]",-287.17487446310002,187.33917738540001
2074,129527136544560,"[""ring30"",""active"",83]",-297.01688237130003,179.42795015339999
2075,248721170472911,"[""ring31"",""active"",36]",273.23552682439998,213.2820815741
2076,96051513680908,"[""ring31"",""active"",37]",262.75889900660002,220.3576023995
2077,255018011366832,"[""ring31"",""active"",38]",252.0991502391,227.154107501
2078,196945610820899,"[""ring31"",""active"",39]",241.26370947410001,233.66686028379999
2079,6715811897612,"[""ring31"",""active"",40]",230.2601281064,239.8913219044
2080,140834037931511,"[""ring31"",""active"",41]",219.09607471090001,245.8231544345
2081,20457643620243,"[""ring31"",""active"",42]",207.779329698,251.45822388330001
2082,251947451469142,"[""ring31"",""active"",43]",196.31777989119999,256.79260307940001
2083,91078574419200,"[""ring31"",""active"",44]",184.71941303099999,261.82257440709998
2084,72917528320591,"[""ring31"",""active"",45]",172.9923122079,266.54463239770001
2085,205894456186590,"[""ring31"",""active"",46]",161.14465022909999,270.95548617219998
2086,176251956802099,"[""ring31"",""active"",47]",149.18468392310001,275.05206173469998
2087,225543822891612,"[""ring31"",""active"",48]",137.12074838469999,278.83150411529999
2088,164266241556172,"[""ring31"",""active"",49]",124.9612511669,282.29117935890002
2089,32215785285370,"[""ring31"",""active"",50]",112.714666421,285.4286763618
2090,110474237327430,"[""ring31"",""active"",51]",100.38952899109999,288.24180855110001
2091,216030276688442,"[""ring31"",""active"",52]",87.994428465799999,290.72861540939999
2092,101570661787943,"[""ring31"",""active"",53]",75.538003192299996,292.88736384039998
2093,25178427622707,"[""ring31"",""active"",54]",63.028934255999999,294.71654937739999
2094,276156020756866,"[""ring31"",""active"",55]",50.475939430499999,296.2148972311
2095,87830343557356,"[""ring31"",""active"",56]",37.887767101900003,297.3813631786
2096,126201690776052,"[""ring31"",""active"",57]",25.2731901722,298.21513429079999
2097,30465357078388,"[""ring31"",""active"",58]",12.640999945300001,298.71562949899999
2098,78389111970516,"[""ring31"",""active"",59]",0,298.88249999999999
2099,175958815266985,"[""ring31"",""active"",60]",-12.640999945300001,298.71562949899999
2100,65500230740978,"[""ring31"",""active"",61]",-25.2731901722,298.21513429079999
2101,265122091905569,"[""ring31"",""active"",62]",-37.887767101900003,297.3813631786
2102,17142688109880,"[""ring31"",""active"",63]",-50.475939430499999,296.2148972311
2103,218140912372733,"[""ring31"",""active"",64]",-63.028934255999999,294.71654937739999
2104,204054577372736,"[""ring31"",""active"",65]",-75.538003192299996,292.88736384039998
2105,52456209415506,"[""ring31"",""active"",66]",-87.994428465799999,290.72861540939999
2106,40177208392275,"[""ring31"",""active"",67]",-100.38952899109999,288.24180855110001
2107,103848115443121,"[""ring31"",""active"",68]",-112.714666421,285.4286763618
2108,216729027699020,"[""ring31"",""active"",69]",-124.9612511669,282.29117935890002
2109,45792578777562,"[""ring31"",""active"",70]",-137.12074838469999,278.83150411529999
2110,166133999266218,"[""ring31"",""active"",71]",-149.18468392310001,275.05206173469998
2111,51165488441164,"[""ring31"",""active"",72]",-161.14465022909999,270.95548617219998
2112,48236858237022,"[""ring31"",""active"",73]",-172.9923122079,266.54463239770001
2113,177415208429987,"[""ring31"",""active"",74]",-184.71941303099999,261.82257440709998
2114,223584700023446,"[""ring31"",""active"",75]",-196.31777989119999,256.79260307940001
2115,192283343604286,"[""ring31"",""active"",76]",-207.779329698,251.45822388330001
2116,244443037981204,"[""ring31"",""active"",77]",-219.09607471090001,245.8231544345
2117,243482059133272,"[""ring31"",""active"",78]",-230.2601281064,239.8913219044
2118,217322267485574,"[""ring31"",""active"",79]",-241.26370947410001,233.66686028379999
2119,4484164601016,"[""ring31"",""active"",80]",-252.0991502391,227.154107501
2120,267397766356912,"[""ring31"",""active"",81]",-262.75889900660002,220.3576023995
2121,163195909712573,"[""ring31"",""active"",82]",-273.23552682439998,213.2820815741
2122,65818696931983,"[""ring32"",""active"",40]",247.57214663889999,244.58875748329999
2123,280824564513354,"[""ring32"",""active"",41]",236.55779376309999,250.82245877209999
2124,195302652272377,"[""ring32"",""active"",42]",225.38658770070001,256.77049677970001
2125,265393076036430,"[""ring32"",""active"",43]",214.06593568689999,262.42892757039999
2126,184682851344777,"[""ring32"",""active"",44]",202.6033440496,267.7939992368
2127,23980096508944,"[""ring32"",""active"",45]",191.00641323170001,272.86215438800002
2128,13900290817018,"[""ring32"",""active"",46]",179.28283275199999,277.63003250769998
2129,158109911619600,"[""ring32"",""active"",47]",167.44037610589999,282.09447218299999
2130,40000994947412,"[""ring32"",""active"",48]",155.4868956116,286.25251320040002
2131,57387668698598,"[""ring32"",""active"",49]",143.43031720330001,290.1013985084
2132,225777390799693,"[""ring32"",""active"",50]",131.27863517579999,293.63857604610001
2133,115590616392045,"[""ring32"",""active"",51]",119.0399068838,296.8617004349
2134,179484168713587,"[""ring32"",""active"",52]",106.7222473994,299.768634534
2135,70486010009456,"[""ring32"",""active"",53]",94.333824131100002,302.35745085709999
2136,161809426532608,"[""ring32"",""active"",54]",81.882851408400001,304.62643285090002
2137,128320594890083,"[""ring32"",""active"",55]",69.377585035199999,306.5740760329
2138,22609697696847,"[""ring32"",""active"",56]",56.8263168155,308.19908898910001
2139,182013107705583,"[""ring32"",""active"",57]",44.2373690557,309.5003942303
2140,178560024953943,"[""ring32"",""active"",58]",31.619089046100001,310.4771289066
2141,160019665043496,"[""ring32"",""active"",59]",18.979843526100002,311.12864537950003
2142,123937571938867,"[""ring32"",""active"",60]",6.3280131366000001,311.45451165119999
2143,111980913414087,"[""ring32"",""active"",61]",-6.3280131366000001,311.45451165119999
2144,97994279432145,"[""ring32"",""active"",62]",-18.979843526100002,311.12864537950003
2145,111526424563931,"[""ring32"",""active"",63]",-31.619089046100001,310.4771289066
2146,56836024448142,"[""ring32"",""active"",64]",-44.2373690557,309.5003942303
2147,135917724295840,"[""ring32"",""active"",65]",-56.8263168155,308.19908898910001
2148,68819150050766,"[""ring32"",""active"",66]",-69.377585035199999,306.5740760329
2149,179247556889280,"[""ring32"",""active"",67]",-81.882851408400001,304.62643285090002
2150,241478638600035,"[""ring32"",""active"",68]",-94.333824131100002,302.35745085709999
2151,125991532725691,"[""ring32"",""active"",69]",-106.7222473994,299.768634534
2152,175177709339286,"[""ring32"",""active"",70]",-119.0399068838,296.8617004349
2153,148347467229577,"[""ring32"",""active"",71]",-131.27863517579999,293.63857604610001
2154,149481029133961,"[""ring32"",""active"",72]",-143.43031720330001,290.1013985084
2155,227772775172065,"[""ring32"",""active"",73]",-155.4868956116,286.25251320040002
2156,48021094105260,"[""ring32"",""active"",74]",-167.44037610589999,282.09447218299999
2157,61089654614203,"[""ring32"",""active"",75]",-179.28283275199999,277.63003250769998
2158,234812401489211,"[""ring32"",""active"",76]",-191.00641323170001,272.86215438800002
2159,204537690617195,"[""ring32"",""active"",77]",-202.6033440496,267.7939992368
2160,233023502997246,"[""ring32"",""active"",78]",-214.06593568689999,262.42892757039999
2161,22071978949983,"[""ring32"",""active"",79]",-225.38658770070001,256.77049677970001
2162,344989480138,"[""ring32"",""active"",80]",-236.55779376309999,250.82245877209999
2163,23193080101805,"[""ring32"",""active"",81]",-247.57214663889999,244.58875748329999
2164,223013340374788,"[""ring33"",""active"",45]",210.97809547989999,277.83525300230002
2165,992169442446,"[""ring33"",""active"",46]",199.45238138190001,282.9725944644
2166,34515423361364,"[""ring33"",""active"",47]",187.80169064489999,287.81983781679997
2167,12323147304332,"[""ring33"",""active"",48]",176.03332357869999,292.3739457822
2168,192047134935596,"[""ring33"",""active"",49]",164.15465422880001,296.63206476170001
2169,161733784568137,"[""ring33"",""active"",50]",152.17312575630001,300.59152662269997
2170,123374327149050,"[""ring33"",""active"",51]",140.0962457734,304.2498503708
2171,182104800779500,"[""ring33"",""active"",52]",127.9315816397,307.60474370449998
2172,164463838977140,"[""ring33"",""active"",53]",115.6867557201,310.65410445139997
2173,110283384750225,"[""ring33"",""active"",54]",103.36944060880001,313.3960218853
2174,167514267251016,"[""ring33"",""active"",55]",90.987354321599994,315.82877792400001
2175,178016614336035,"[""ring33"",""active"",56]",78.548255459999993,317.95084820509999
2176,220528361349765,"[""ring33"",""active"",57]",66.059938349399999,319.76090304190001
2177,64392393313605,"[""ring33"",""active"",58]",53.530228155400003,321.25780825599998
2178,233284445937788,"[""ring33"",""active"",59]",40.966975980299999,322.44062588830002
2179,115867843124889,"[""ring33"",""active"",60]",28.378053943899999,323.3086147866
2180,272248612515327,"[""ring33"",""active"",61]",15.771350250599999,323.86123106989999
2181,195391873015401,"[""ring33"",""active"",62]",3.1547642469000001,324.0981284696
2182,241863615562264,"[""ring33"",""active"",63]",-9.4637985284999999,324.01915854600003
2183,7844126209578,"[""ring33"",""active"",64]",-22.076431298399999,323.62437078160002
2184,109325629124789,"[""ring33"",""active"",65]",-34.675231001100002,322.91401254990001
2185,42103292233860,"[""ring33"",""active"",66]",-47.252303242899998,321.88852896060001
2186,208655347088764,"[""ring33"",""active"",67]",-59.7997672443,320.54856258059999
2187,197317711288969,"[""ring33"",""active"",68]",-72.309760778400005,318.89495303140001
2188,115025144204225,"[""ring33"",""active"",69]",-84.774445097400005,316.92873646269999
2189,206454858052802,"[""ring33"",""active"",70]",-97.186009843899996,314.6511449038
2190,180552301116264,"[""ring33"",""active"",71]",-109.5366779454,312.06360549089999
2191,29406860074283,"[""ring33"",""active"",72]",-121.81871048710001,309.16773957330003
2192,129866885352733,"[""ring33"",""active"",73]",-134.02441156099999,305.9653616974
2193,32335392384727,"[""ring33"",""active"",74]",-146.14613308860001,302.45847846959998
2194,71703107721350,"[""ring33"",""active"",75]",-158.17627961279999,298.64928729899998
2195,33524437912769,"[""ring33"",""active"",76]",-170.10731305709999,294.54017502049999
2196,214023716310325,"[""ring33"",""active"",77]",-181.93175744929999,290.1337163993
2197,194709192082873,"[""ring33"",""active"",78]",-193.64220360589999,285.43267251729998
2198,151415025547484,"[""ring33"",""active"",79]",-205.23131377440001,280.43998904360001
2199,217856702431604,"[""ring34"",""active"",51]",158.47355804360001,311.81954503819998
2200,274719804280914,"[""ring34"",""active"",52]",146.40329866069999,315.54657462419999
2201,26162946492724,"[""ring34"",""active"",53]",134.24553632280001,318.97742379589999
2202,1300991530228,"[""ring34"",""active"",54]",122.0075375336,322.11004198839998
2203,54161678276055,"[""ring34"",""active"",55]",109.6966167531,324.9425568849
2204,171945868788755,"[""ring34"",""active"",56]",97.3201320254,327.47327553589997
2205,248749002225746,"[""ring34"",""active"",57]",84.885480581400003,329.70068537039998
2206,135913529418648,"[""ring34"",""active"",58]",72.400094417199995,331.6234551005
2207,50920578546983,"[""ring34"",""active"",59]",59.871435852300003,333.24043551689999
2208,276932226001919,"[""ring34"",""active"",60]",47.306993069299999,334.55066017579998
2209,109962349973430,"[""ring34"",""active"",61]",34.7142756386,335.55334597640001
2210,109595777581245,"[""ring34"",""active"",62]",22.1008100299,336.24789362920001
2211,102832051106418,"[""ring34"",""active"",63]",9.4741351136999992,336.63388801399998
2212,176975241885148,"[""ring34"",""active"",64]",-3.1582023443999998,336.71109842790003
2213,64814675463624,"[""ring34"",""active"",65]",-15.788652194599999,336.47947872340001
2214,9111552645045,"[""ring34"",""active"",66]",-28.409665414900001,335.9391673362
2215,84039488246002,"[""ring34"",""active"",67]",-41.013698623899998,335.09048720179999
2216,219155814507544,"[""ring34"",""active"",68]",-53.593218588600003,333.93394556290002
2217,273335495941119,"[""ring34"",""active"",69]",-66.140706727199998,332.47023366650001
2218,228297615251687,"[""ring34"",""active"",70]",-78.648663602900001,330.70022635010002
2219,167888547330114,"[""ring34"",""active"",71]",-91.109613406099996,328.62498151940002
2220,165477696981704,"[""ring34"",""active"",72]",-103.51610842239999,326.24573951550002
2221,218735178253341,"[""ring34"",""active"",73]",-115.8607334846,323.56392237429998
2222,192496542299127,"[""ring34"",""active"",74]",-128.1361104037,320.58113297559999
2223,92881515002315,"[""ring34"",""active"",75]",-140.3349023797,317.29915408599999
2224,152851911858940,"[""ring34"",""active"",76]",-152.4498183858,313.7199472927
2225,64573605462593,"[""ring35"",""active"",63]",28.439820664700001,348.56894613930001
2226,278665406810133,"[""ring35"",""active"",64]",15.805162315900001,349.09748729929998
2227,280792886425491,"[""ring35"",""active"",65]",3.1614835514999999,349.32405881839998
2228,87872886807640,"[""ring35"",""active"",66]",-9.4839995534000003,349.24853138650002
2229,114071133119461,"[""ring35"",""active"",67]",-22.1240698941,348.8709481089
2230,270213838524668,"[""ring35"",""active"",68]",-34.751513455000001,348.19152448220001
