export_index,mirror_id,position_key,x,y
1,225977427565346,"[""ring1"",""active"",0]",100.2848217855,6.5730144876000001
2,98461791273696,"[""ring1"",""active"",1]",98.5689206805,19.6065773626
3,146546269447317,"[""ring1"",""active"",2]",95.166478014299997,32.304666263000001
4,91816430395141,"[""ring1"",""active"",3]",90.135710524000004,44.450013366999997
5,231364419112210,"[""ring1"",""active"",4]",83.562696036399998,55.834808418500003
6,186914820487113,"[""ring1"",""active"",5]",75.559900651600003,66.2642544176
7,218691133102543,"[""ring1"",""active"",6]",66.2642544176,75.559900651600003
8,249518401681586,"[""ring1"",""active"",7]",55.834808418500003,83.562696036399998
9,257081424862060,"[""ring1"",""active"",8]",44.450013366999997,90.135710524000004
10,462329393670,"[""ring1"",""active"",9]",32.304666263000001,95.166478014299997
11,136638878541845,"[""ring1"",""active"",10]",19.6065773626,98.5689206805
12,113440114950139,"[""ring1"",""active"",11]",6.5730144876000001,100.2848217855
13,189893974123011,"[""ring1"",""active"",12]",-6.5730144876000001,100.2848217855
14,259292959545620,"[""ring1"",""active"",13]",-19.6065773626,98.5689206805
15,199461450372935,"[""ring1"",""active"",14]",-32.304666263000001,95.166478014299997
16,53150555964577,"[""ring1"",""active"",15]",-44.450013366999997,90.135710524000004
17,182181300776484,"[""ring1"",""active"",16]",-55.834808418500003,83.562696036399998
18,36828647183504,"[""ring1"",""active"",17]",-66.2642544176,75.559900651600003
19,245044142097057,"[""ring1"",""active"",18]",-75.559900651600003,66.2642544176
20,164989153111639,"[""ring1"",""active"",19]",-83.562696036399998,55.834808418500003
21,82757952312123,"[""ring1"",""active"",20]",-90.135710524000004,44.450013366999997
22,264367324792324,"[""ring1"",""active"",21]",-95.166478014299997,32.304666263000001
23,96077426024455,"[""ring1"",""active"",22]",-98.5689206805,19.6065773626
24,175280640722083,"[""ring1"",""active"",23]",-100.2848217855,6.5730144876000001
25,271289438101252,"[""ring1"",""active"",24]",-100.2848217855,-6.5730144876000001
26,22151644413009,"[""ring1"",""active"",25]",-98.5689206805,-19.6065773626
27,54785332350034,"[""ring1"",""active"",26]",-95.166478014299997,-32.304666263000001
28,37097415433566,"[""ring1"",""active"",27]",-90.135710524000004,-44.450013366999997
29,7974149837147,"[""ring1"",""active"",28]",-83.562696036399998,-55.834808418500003
30,159066063835249,"[""ring1"",""active"",29]",-75.559900651600003,-66.2642544176
31,227814935923795,"[""ring1"",""active"",30]",-66.2642544176,-75.559900651600003
32,112737315580354,"[""ring1"",""active"",31]",-55.834808418500003,-83.562696036399998
33,279057199714791,"[""ring1"",""active"",32]",-44.450013366999997,-90.135710524000004
34,104555532071604,"[""ring1"",""active"",33]",-32.304666263000001,-95.166478014299997
35,114636202083057,"[""ring1"",""active"",34]",-19.6065773626,-98.5689206805
36,166816355597687,"[""ring1"",""active"",35]",-6.5730144876000001,-100.2848217855
37,196871639851600,"[""ring1"",""active"",36]",6.5730144876000001,-100.2848217855
38,163201643135464,"[""ring1"",""active"",37]",19.6065773626,-98.5689206805
39,141087017475327,"[""ring1"",""active"",38]",32.304666263000001,-95.166478014299997
40,274460507970912,"[""ring1"",""active"",39]",44.450013366999997,-90.135710524000004
41,211658257369416,"[""ring1"",""active"",40]",55.834808418500003,-83.562696036399998
42,25256560694987,"[""ring1"",""active"",41]",66.2642544176,-75.559900651600003
43,111109889874469,"[""ring1"",""active"",42]",75.559900651600003,-66.2642544176
44,248359595964128,"[""ring1"",""active"",43]",83.562696036399998,-55.834808418500003
45,232550607584963,"[""ring1"",""active"",44]",90.135710524000004,-44.450013366999997
46,8954556596020,"[""ring1"",""active"",45]",95.166478014299997,-32.304666263000001
47,16077873566104,"[""ring1"",""active"",46]",98.5689206805,-19.6065773626
48,82931331611565,"[""ring1"",""active"",47]",100.2848217855,-6.5730144876000001
49,118963306441431,"[""ring2"",""active"",0]",113.423030979,6.6061392729000001
50,166210091923763,"[""ring2"",""active"",1]",111.8891790604,19.729081117700002
51,117307025828046,"[""ring2"",""active"",2]",108.8422179391,32.585220985299998
52,31761126237247,"[""ring2"",""active"",3]",104.32335253719999,45.000701638499997
53,8755066053518,"[""ring2"",""active"",4]",98.393692757300002,56.807625000000002
54,26147884959761,"[""ring2"",""active"",5]",91.133427075699998,67.846322685999993
55,113321123638128,"[""ring2"",""active"",6]",82.640738130700001,77.967515246900007
56,146421478213383,"[""ring2"",""active"",7]",73.030474971399997,87.034330916100004
57,209994560452606,"[""ring2"",""active"",8]",62.432599920800001,94.924156565600001
58,52342416943538,"[""ring2"",""active"",9]",50.990431058299997,101.5302958385
59,200784994231433,"[""ring2"",""active"",10]",38.858704089,106.76341203370001
60,91357866436445,"[""ring2"",""active"",11]",26.201479808399998,110.5527362321
61,198849746917301,"[""ring2"",""active"",12]",13.1899254616,112.8470243244
62,195368130266985,"[""ring2"",""active"",13]",0,113.61525
63,150101175004650,"[""ring2"",""active"",14]",-13.1899254616,112.8470243244
64,24350496598495,"[""ring2"",""active"",15]",-26.201479808399998,110.5527362321
65,111513192711181,"[""ring2"",""active"",16]",-38.858704089,106.76341203370001
66,183037382441518,"[""ring2"",""active"",17]",-50.990431058299997,101.5302958385
67,224334105978858,"[""ring2"",""active"",18]",-62.432599920800001,94.924156565600001
68,240661364293959,"[""ring2"",""active"",19]",-73.030474971399997,87.034330916100004
69,206103613447385,"[""ring2"",""active"",20]",-82.640738130700001,77.967515246900007
70,205049209907177,"[""ring2"",""active"",21]",-91.133427075699998,67.846322685999993
71,140036588241521,"[""ring2"",""active"",22]",-98.393692757300002,56.807625000000002
72,178109332024333,"[""ring2"",""active"",23]",-104.32335253719999,45.000701638499997
73,147447801650378,"[""ring2"",""active"",24]",-108.8422179391,32.585220985299998
74,186058987222788,"[""ring2"",""active"",25]",-111.8891790604,19.729081117700002
75,15063983504382,"[""ring2"",""active"",26]",-113.423030979,6.6061392729000001
76,82820283973980,"[""ring2"",""active"",27]",-113.423030979,-6.6061392729000001
77,4812291460678,"[""ring2"",""active"",28]",-111.8891790604,-19.729081117700002
78,254876129109843,"[""ring2"",""active"",29]",-108.8422179391,-32.585220985299998
79,52090938489001,"[""ring2"",""active"",30]",-104.32335253719999,-45.000701638499997
80,276426639245006,"[""ring2"",""active"",31]",-98.393692757300002,-56.807625000000002
81,150770518482208,"[""ring2"",""active"",32]",-91.133427075699998,-67.846322685999993
82,65908650420079,"[""ring2"",""active"",33]",-82.640738130700001,-77.967515246900007
83,238391778599238,"[""ring2"",""active"",34]",-73.030474971399997,-87.034330916100004
84,187322721507181,"[""ring2"",""active"",35]",-62.432599920800001,-94.924156565600001
85,75900330232157,"[""ring2"",""active"",36]",-50.990431058299997,-101.5302958385
86,56946199260712,"[""ring2"",""active"",37]",-38.858704089,-106.76341203370001
87,155089634456550,"[""ring2"",""active"",38]",-26.201479808399998,-110.5527362321
88,273285650791107,"[""ring2"",""active"",39]",-13.1899254616,-112.8470243244
89,251067079882723,"[""ring2"",""active"",40]",-0,-113.61525
90,13564978797403,"[""ring2"",""active"",41]",13.1899254616,-112.8470243244
91,94878253318120,"[""ring2"",""active"",42]",26.201479808399998,-110.5527362321
92,207197014732390,"[""ring2"",""active"",43]",38.858704089,-106.76341203370001
93,203533647948113,"[""ring2"",""active"",44]",50.990431058299997,-101.5302958385
94,82706652683496,"[""ring2"",""active"",45]",62.432599920800001,-94.924156565600001
95,5167778211505,"[""ring2"",""active"",46]",73.030474971399997,-87.034330916100004
96,255403182698697,"[""ring2"",""active"",47]",82.640738130700001,-77.967515246900007
97,82825078268065,"[""ring2"",""active"",48]",91.133427075699998,-67.846322685999993
98,260003801076989,"[""ring2"",""active"",49]",98.393692757300002,-56.807625000000002
99,100092810805523,"[""ring2"",""active"",50]",104.32335253719999,-45.000701638499997
100,29530510557746,"[""ring2"",""active"",51]",108.8422179391,-32.585220985299998
101,197980779087096,"[""ring2"",""active"",52]",111.8891790604,-19.729081117700002
102,226745184831197,"[""ring2"",""active"",53]",113.423030979,-6.6061392729000001
103,59555902021457,"[""ring3"",""active"",0]",126.55682025420001,6.6325619026
104,155037580514219,"[""ring3"",""active"",1]",125.1702372478,19.825017971800001
105,110538863576565,"[""ring3"",""active"",2]",122.4122629285,32.800266995400001
106,21100493715803,"[""ring3"",""active"",3]",118.31311424019999,45.416149429900003
107,269401024120553,"[""ring3"",""active"",4]",112.9177023137,57.534443027199998
108,24001370476862,"[""ring3"",""active"",5]",106.285140411,69.022377227000007
109,85543209124447,"[""ring3"",""active"",6]",98.4880962684,79.7540878179
110,43223118027071,"[""ring3"",""active"",7]",89.611995933200006,89.611995933200006
111,25623575773241,"[""ring3"",""active"",8]",79.7540878179,98.4880962684
112,42003389714630,"[""ring3"",""active"",9]",69.022377227000007,106.285140411
113,173233600349033,"[""ring3"",""active"",10]",57.534443027199998,112.9177023137
114,166617546774744,"[""ring3"",""active"",11]",45.416149429900003,118.31311424019999
115,178831113494194,"[""ring3"",""active"",12]",32.800266995400001,122.4122629285
116,28095630898990,"[""ring3"",""active"",13]",19.825017971800001,125.1702372478
117,19801002341314,"[""ring3"",""active"",14]",6.6325619026,126.55682025420001
118,58685437539979,"[""ring3"",""active"",15]",-6.6325619026,126.55682025420001
119,17543371511003,"[""ring3"",""active"",16]",-19.825017971800001,125.1702372478
120,46877405992558,"[""ring3"",""active"",17]",-32.800266995400001,122.4122629285
121,273908240264989,"[""ring3"",""active"",18]",-45.416149429900003,118.31311424019999
122,161842297312095,"[""ring3"",""active"",19]",-57.534443027199998,112.9177023137
123,231218104024720,"[""ring3"",""active"",20]",-69.022377227000007,106.285140411
124,205055244769105,"[""ring3"",""active"",21]",-79.7540878179,98.4880962684
125,191462345087505,"[""ring3"",""active"",22]",-89.611995933200006,89.611995933200006
126,265632588695131,"[""ring3"",""active"",23]",-98.4880962684,79.7540878179
127,276076003264301,"[""ring3"",""active"",24]",-106.285140411,69.022377227000007
128,130320065610047,"[""ring3"",""active"",25]",-112.9177023137,57.534443027199998
129,59230288788533,"[""ring3"",""active"",26]",-118.31311424019999,45.416149429900003
130,226518258385086,"[""ring3"",""active"",27]",-122.4122629285,32.800266995400001
131,81015478178530,"[""ring3"",""active"",28]",-125.1702372478,19.825017971800001
132,210566870952543,"[""ring3"",""active"",29]",-126.55682025420001,6.6325619026
133,3505673751328,"[""ring3"",""active"",30]",-126.55682025420001,-6.6325619026
134,253362427386527,"[""ring3"",""active"",31]",-125.1702372478,-19.825017971800001
135,76531743404135,"[""ring3"",""active"",32]",-122.4122629285,-32.800266995400001
136,195453761152477,"[""ring3"",""active"",33]",-118.31311424019999,-45.416149429900003
137,63322776522913,"[""ring3"",""active"",34]",-112.9177023137,-57.534443027199998
138,113370853181240,"[""ring3"",""active"",35]",-106.285140411,-69.022377227000007
139,268794731500274,"[""ring3"",""active"",36]",-98.4880962684,-79.7540878179
140,48292612333692,"[""ring3"",""active"",37]",-89.611995933200006,-89.611995933200006
141,104208630898379,"[""ring3"",""active"",38]",-79.7540878179,-98.4880962684
142,127018589188985,"[""ring3"",""active"",39]",-69.022377227000007,-106.285140411
143,244169488799987,"[""ring3"",""active"",40]",-57.534443027199998,-112.9177023137
144,148935662595744,"[""ring3"",""active"",41]",-45.416149429900003,-118.31311424019999
145,199967798838602,"[""ring3"",""active"",42]",-32.800266995400001,-122.4122629285
146,121681998251905,"[""ring3"",""active"",43]",-19.825017971800001,-125.1702372478
147,182935117419065,"[""ring3"",""active"",44]",-6.6325619026,-126.55682025420001
148,86274112702088,"[""ring3"",""active"",45]",6.6325619026,-126.55682025420001
149,244499907031112,"[""ring3"",""active"",46]",19.825017971800001,-125.1702372478
150,222166567313161,"[""ring3"",""active"",47]",32.800266995400001,-122.4122629285
151,267749192257242,"[""ring3"",""active"",48]",45.416149429900003,-118.31311424019999
152,13950193364604,"[""ring3"",""active"",49]",57.534443027199998,-112.9177023137
153,272467347277926,"[""ring3"",""active"",50]",69.022377227000007,-106.285140411
154,11858837470873,"[""ring3"",""active"",51]",79.7540878179,-98.4880962684
155,189466156649008,"[""ring3"",""active"",52]",89.611995933200006,-89.611995933200006
156,76442142729759,"[""ring3"",""active"",53]",98.4880962684,-79.7540878179
157,250969228161012,"[""ring3"",""active"",54]",106.285140411,-69.022377227000007
158,184232455508123,"[""ring3"",""active"",55]",112.9177023137,-57.534443027199998
159,42226490475413,"[""ring3"",""active"",56]",118.31311424019999,-45.416149429900003
160,144422509818658,"[""ring3"",""active"",57]",122.4122629285,-32.800266995400001
161,98077237719699,"[""ring3"",""active"",58]",125.1702372478,-19.825017971800001
162,120457024512250,"[""ring3"",""active"",59]",126.55682025420001,-6.6325619026
163,5424059042925,"[""ring4"",""active"",0]",139.6873521986,6.6541287047999997
164,184631012827970,"[""ring4"",""active"",1]",138.42232190589999,19.902125294499999
165,190689089557200,"[""ring4"",""active"",2]",135.90371763089999,32.969885155500002
166,236894004599218,"[""ring4"",""active"",3]",132.1543482438,45.7390646311
167,146448383842108,"[""ring4"",""active"",4]",127.20816861430001,58.094024054499997
168,104860549194081,"[""ring4"",""active"",5]",121.1099721113,69.922875000000005
169,5389593131496,"[""ring4"",""active"",6]",113.9149849464,81.118493561700006
170,88418679951807,"[""ring4"",""active"",7]",105.68836603779999,91.579490484100006
171,249409769455279,"[""ring4"",""active"",8]",96.504616920000004,101.2111293593
172,44101727948432,"[""ring4"",""active"",9]",86.446907047300002,109.92618457410001
173,61639682505539,"[""ring4"",""active"",10]",75.606320597700005,117.6457312389
174,48148122241354,"[""ring4"",""active"",11]",64.081031600900005,124.2998599437
175,229813584610610,"[""ring4"",""active"",12]",51.975414858699999,129.8283098686
176,192150591661156,"[""ring4"",""active"",13]",39.399100710900001,134.18101451480001
177,21417868438074,"[""ring4"",""active"",14]",26.465982206,137.31855511520001
178,178315088531963,"[""ring4"",""active"",15]",13.293183667899999,139.21251761619999
179,197963288963277,"[""ring4"",""active"",16]",0,139.84575000000001
180,212266651691770,"[""ring4"",""active"",17]",-13.293183667899999,139.21251761619999
181,143717716437285,"[""ring4"",""active"",18]",-26.465982206,137.31855511520001
182,154191620653451,"[""ring4"",""active"",19]",-39.399100710900001,134.18101451480001
183,243286050297014,"[""ring4"",""active"",20]",-51.975414858699999,129.8283098686
184,135187365860870,"[""ring4"",""active"",21]",-64.081031600900005,124.2998599437
185,84394000815830,"[""ring4"",""active"",22]",-75.606320597700005,117.6457312389
186,196795816969926,"[""ring4"",""active"",23]",-86.446907047300002,109.92618457410001
187,62752732012976,"[""ring4"",""active"",24]",-96.504616920000004,101.2111293593
188,262689507356988,"[""ring4"",""active"",25]",-105.68836603779999,91.579490484100006
189,231588664315353,"[""ring4"",""active"",26]",-113.9149849464,81.118493561700006
190,58670018595032,"[""ring4"",""active"",27]",-121.1099721113,69.922875000000005
191,56146106527894,"[""ring4"",""active"",28]",-127.20816861430001,58.094024054499997
192,98821130631326,"[""ring4"",""active"",29]",-132.1543482438,45.7390646311
193,167574568333979,"[""ring4"",""active"",30]",-135.90371763089999,32.969885155500002
194,28634006172748,"[""ring4"",""active"",31]",-138.42232190589999,19.902125294499999
195,271869694795325,"[""ring4"",""active"",32]",-139.6873521986,6.6541287047999997
196,137894532284547,"[""ring4"",""active"",33]",-139.6873521986,-6.6541287047999997
197,109821404521477,"[""ring4"",""active"",34]",-138.42232190589999,-19.902125294499999
198,164092274472377,"[""ring4"",""active"",35]",-135.90371763089999,-32.969885155500002
199,177578951612703,"[""ring4"",""active"",36]",-132.1543482438,-45.7390646311
200,102808210306553,"[""ring4"",""active"",37]",-127.20816861430001,-58.094024054499997
201,186356616046128,"[""ring4"",""active"",38]",-121.1099721113,-69.922875000000005
202,90336894231343,"[""ring4"",""active"",39]",-113.9149849464,-81.118493561700006
203,110974730378632,"[""ring4"",""active"",40]",-105.68836603779999,-91.579490484100006
204,189460664477081,"[""ring4"",""active"",41]",-96.504616920000004,-101.2111293593
205,174627487827072,"[""ring4"",""active"",42]",-86.446907047300002,-109.92618457410001
206,12666634866111,"[""ring4"",""active"",43]",-75.606320597700005,-117.6457312389
207,264137056305333,"[""ring4"",""active"",44]",-64.081031600900005,-124.2998599437
208,157926074659033,"[""ring4"",""active"",45]",-51.975414858699999,-129.8283098686
209,188394866474283,"[""ring4"",""active"",46]",-39.399100710900001,-134.18101451480001
210,273110110346102,"[""ring4"",""active"",47]",-26.465982206,-137.31855511520001
211,86286860731454,"[""ring4"",""active"",48]",-13.293183667899999,-139.21251761619999
212,213624765757933,"[""ring4"",""active"",49]",-0,-139.84575000000001
213,134127273969171,"[""ring4"",""active"",50]",13.293183667899999,-139.21251761619999
214,117092707444576,"[""ring4"",""active"",51]",26.465982206,-137.31855511520001
215,89888352884877,"[""ring4"",""active"",52]",39.399100710900001,-134.18101451480001
216,148741488918137,"[""ring4"",""active"",53]",51.975414858699999,-129.8283098686
217,31140464893598,"[""ring4"",""active"",54]",64.081031600900005,-124.2998599437
218,157861437555367,"[""ring4"",""active"",55]",75.606320597700005,-117.6457312389
219,174967414936778,"[""ring4"",""active"",56]",86.446907047300002,-109.92618457410001
220,158805511150832,"[""ring4"",""active"",57]",96.504616920000004,-101.2111293593
221,31065264203047,"[""ring4"",""active"",58]",105.68836603779999,-91.579490484100006
222,107117089717890,"[""ring4"",""active"",59]",113.9149849464,-81.118493561700006
223,166642483298093,"[""ring4"",""active"",60]",121.1099721113,-69.922875000000005
224,138840614426827,"[""ring4"",""active"",61]",127.20816861430001,-58.094024054499997
225,193394635713193,"[""ring4"",""active"",62]",132.1543482438,-45.7390646311
226,274420313286902,"[""ring4"",""active"",63]",135.90371763089999,-32.969885155500002
227,176401512941857,"[""ring4"",""active"",64]",138.42232190589999,-19.902125294499999
228,169552146916756,"[""ring4"",""active"",65]",139.6873521986,-6.6541287047999997
229,23520626475590,"[""ring5"",""active"",0]",152.81937572019999,6.5807237825999998
230,222353045440909,"[""ring5"",""active"",1]",151.68795452910001,19.693449971300002
231,13627925224066,"[""ring5"",""active"",2]",149.43348879370001,32.660372746599997
232,261600412324865,"[""ring5"",""active"",3]",146.07266978940001,45.385489548899997
233,155123218978573,"[""ring5"",""active"",4]",141.63037984429999,57.7745880656
234,139126295387140,"[""ring5"",""active"",5]",136.139508119,69.735943745699998
235,17104254734932,"[""ring5"",""active"",6]",129.64070710659999,81.180998896899993
236,257202337253132,"[""ring5"",""active"",7]",122.1820916561,92.025018334899997
237,20256286585924,"[""ring5"",""active"",8]",113.8188827467,102.18771673400001
238,226842049771351,"[""ring5"",""active"",9]",104.6129986511,111.5938530306
239,22306274976552,"[""ring5"",""active"",10]",94.632596514400007,120.17378748270001
240,8522133503955,"[""ring5"",""active"",11]",83.951567742199998,127.8639972574
241,109224736450407,"[""ring5"",""active"",12]",72.648990934400004,134.607546732
242,192014594872712,"[""ring5"",""active"",13]",60.808546415499997,140.3545090257
243,5788196010393,"[""ring5"",""active"",14]",48.517896693899999,145.06233564019999
244,227952558828436,"[""ring5"",""active"",15]",35.868037440099997,148.69617147459999
245,152308738858516,"[""ring5"",""active"",16]",22.9526237862,151.22911287950001
246,213125153228881,"[""ring5"",""active"",17]",9.8672769361999997,152.64240684309999
247,71269691663161,"[""ring5"",""active"",18]",-3.2911237798999999,152.92558983129999
248,156249175796049,"[""ring5"",""active"",19]",-16.425158167100001,152.07656525639999
249,202748898602645,"[""ring5"",""active"",20]",-29.4375864298,150.10161899920001
250,43945525603687,"[""ring5"",""active"",21]",-42.232069101999997,147.01537287089999
251,73207654735822,"[""ring5"",""active"",22]",-54.713880310199997,142.840676358
252,5758917734907,"[""ring5"",""active"",23]",-66.790609091199997,137.60843745290001
253,97876239973797,"[""ring5"",""active"",24]",-78.372843570599997,131.3573938218
254,33095221570398,"[""ring5"",""active"",25]",-89.374832936399997,124.1338260048
255,277111629805253,"[""ring5"",""active"",26]",-99.715122308600002,115.9912147707
256,52709217833209,"[""ring5"",""active"",27]",-109.3171558025,106.9898451641
257,245682835225288,"[""ring5"",""active"",28]",-118.1098433216,97.196360176499994
258,125292141479106,"[""ring5"",""active"",29]",-126.0280868837,86.683267344000001
259,94762750622421,"[""ring5"",""active"",30]",-133.01326258380001,75.528401927999994
260,75994957899253,"[""ring5"",""active"",31]",-139.0136546251,63.814350649200001
261,20004688814997,"[""ring5"",""active"",32]",-143.98483820409999,51.627840244799998
262,175860044824892,"[""ring5"",""active"",33]",-147.8900084169,39.0590953743
263,183972625240563,"[""ring5"",""active"",34]",-150.70025274950001,26.201170627100002
264,238480623597105,"[""ring5"",""active"",35]",-152.39476513619999,13.149261579699999
265,123379877610518,"[""ring5"",""active"",36]",-152.96100000000001,0
266,239283752301026,"[""ring5"",""active"",37]",-152.39476513619999,-13.149261579699999
267,183370882837706,"[""ring5"",""active"",38]",-150.70025274950001,-26.201170627100002
268,175759257811417,"[""ring5"",""active"",39]",-147.8900084169,-39.0590953743
269,85670323711507,"[""ring5"",""active"",40]",-143.98483820409999,-51.627840244799998
270,192077555300193,"[""ring5"",""active"",41]",-139.0136546251,-63.814350649200001
271,72709185471645,"[""ring5"",""active"",42]",-133.01326258380001,-75.528401927999994
272,72248347403569,"[""ring5"",""active"",43]",-126.0280868837,-86.683267344000001
273,191260267335111,"[""ring5"",""active"",44]",-118.1098433216,-97.196360176499994
274,83628581397731,"[""ring5"",""active"",45]",-109.3171558025,-106.9898451641
275,83195177570344,"[""ring5"",""active"",46]",-99.715122308600002,-115.9912147707
276,60631607472577,"[""ring5"",""active"",47]",-89.374832936399997,-124.1338260048
277,52503766025382,"[""ring5"",""active"",48]",-78.372843570599997,-131.3573938218
278,217241937472025,"[""ring5"",""active"",49]",-66.790609091199997,-137.60843745290001
279,121174415326769,"[""ring5"",""active"",50]",-54.713880310199997,-142.840676358
280,104047867091438,"[""ring5"",""active"",51]",-42.232069101999997,-147.01537287089999
281,214778283416061,"[""ring5"",""active"",52]",-29.4375864298,-150.10161899920001
282,234678724139405,"[""ring5"",""active"",53]",-16.425158167100001,-152.07656525639999
283,173585238361232,"[""ring5"",""active"",54]",-3.2911237798999999,-152.92558983129999
284,270449284997860,"[""ring5"",""active"",55]",9.8672769361999997,-152.64240684309999
285,256100742887971,"[""ring5"",""active"",56]",22.9526237862,-151.22911287950001
286,81250924882693,"[""ring5"",""active"",57]",35.868037440099997,-148.69617147459999
287,155366379369128,"[""ring5"",""active"",58]",48.517896693899999,-145.06233564019999
288,250091917024527,"[""ring5"",""active"",59]",60.808546415499997,-140.3545090257
289,161047720681361,"[""ring5"",""active"",60]",72.648990934400004,-134.607546732
290,271279813364339,"[""ring5"",""active"",61]",83.951567742199998,-127.8639972574
291,55992506942994,"[""ring5"",""active"",62]",94.632596514400007,-120.17378748270001
292,98626777492812,"[""ring5"",""active"",63]",104.6129986511,-111.5938530306
293,280366544408847,"[""ring5"",""active"",64]",113.8188827467,-102.18771673400001
294,247862487429520,"[""ring5"",""active"",65]",122.1820916561,-92.025018334899997
295,113428781052480,"[""ring5"",""active"",66]",129.64070710659999,-81.180998896899993
296,186944288805866,"[""ring5"",""active"",67]",136.139508119,-69.735943745699998
297,62639937718710,"[""ring5"",""active"",68]",141.63037984429999,-57.7745880656
298,181048829255108,"[""ring5"",""active"",69]",146.07266978940001,-45.385489548899997
299,238349268831454,"[""ring5"",""active"",70]",149.43348879370001,-32.660372746599997
300,204699139529072,"[""ring5"",""active"",71]",151.68795452910001,-19.693449971300002
301,115322783196771,"[""ring5"",""active"",72]",152.81937572019999,-6.5807237825999998
302,15633397888638,"[""ring6"",""active"",0]",165.9449496563,6.6026129404000002
303,3618394902825,"[""ring6"",""active"",1]",164.89579225509999,19.766094976200002
304,66424263510672,"[""ring6"",""active"",2]",162.80411056380001,32.804609395600004
305,257966886653104,"[""ring6"",""active"",3]",159.68312886730001,45.635722512199997
306,153079224300172,"[""ring6"",""active"",4]",155.55257901690001,58.178311897699999
307,172708008851399,"[""ring6"",""active"",5]",150.4385756785,70.353079263699996
308,201027126862124,"[""ring6"",""active"",6]",144.37345122790001,82.083051811000004
309,97077543497017,"[""ring6"",""active"",7]",137.39555133459999,93.294068876400004
310,173356775268481,"[""ring6"",""active"",8]",129.54899252850001,103.9152508004
311,203453305678702,"[""ring6"",""active"",9]",120.8833832806,113.8794470512
312,30604529686480,"[""ring6"",""active"",10]",111.4535103628,123.12366077190001
313,74175571152741,"[""ring6"",""active"",11]",101.3189924676,131.58944706700001
314,7294419471254,"[""ring6"",""active"",12]",90.543903280400002,139.22328250979999
315,72501091431243,"[""ring6"",""active"",13]",79.196366384100003,145.97690353479999
316,125008252351536,"[""ring6"",""active"",14]",67.348124560700001,151.80761157539999
317,82741542558678,"[""ring6"",""active"",15]",55.074086209599997,156.678543018
318,136347579096247,"[""ring6"",""active"",16]",42.451851753299998,160.5589022657
319,204917347607831,"[""ring6"",""active"",17]",29.561223022,163.4241564381
320,90721195782871,"[""ring6"",""active"",18]",16.483698720900001,165.25619047570001
321,19437795711162,"[""ring6"",""active"",19]",3.3019591691999999,166.04342166949999
322,8742095329409,"[""ring6"",""active"",20]",-9.9006564314999999,165.78087289039999
323,171071219876311,"[""ring6"",""active"",21]",-23.040676894499999,164.47020405629999
324,193133937668178,"[""ring6"",""active"",22]",-36.035026779799999,162.11970163749999
325,46566491873461,"[""ring6"",""active"",23]",-48.801551623500004,158.74422626730001
326,31492300519486,"[""ring6"",""active"",24]",-61.259537345200002,154.36511878760001
327,24546376086534,"[""ring6"",""active"",25]",-73.330220548100002,149.0100653259
328,133965456100379,"[""ring6"",""active"",26]",-84.937286486399998,142.71292225440001
329,278872408392949,"[""ring6"",""active"",27]",-96.007351552299994,135.513502139
330,190393026479347,"[""ring6"",""active"",28]",-106.4704272302,127.4573220317
331,170312264844696,"[""ring6"",""active"",29]",-116.2603625867,118.595315697
332,192903510103468,"[""ring6"",""active"",30]",-125.31526249860001,108.9835115923
333,204096031368815,"[""ring6"",""active"",31]",-133.577878973,98.682678637799995
334,68236790755907,"[""ring6"",""active"",32]",-140.99597308849999,87.757942016000001
335,175706828718013,"[""ring6"",""active"",33]",-147.5226452656,76.278371429299995
336,152553411453083,"[""ring6"",""active"",34]",-153.11663178129999,64.316544419099998
337,136600615361312,"[""ring6"",""active"",35]",-157.74256565190001,51.948087506999997
338,62373048652962,"[""ring6"",""active"",36]",-161.3712002339,39.251198059899998
339,181856645093371,"[""ring6"",""active"",37]",-163.97959413129999,26.306149901000001
340,130293704323625,"[""ring6"",""active"",38]",-165.55125623789999,13.194785792499999
341,61753894552097,"[""ring6"",""active"",39]",-166.07624999999999,0
342,89052692619480,"[""ring6"",""active"",40]",-165.55125623789999,-13.194785792499999
343,110421658250941,"[""ring6"",""active"",41]",-163.97959413129999,-26.306149901000001
344,237887334612196,"[""ring6"",""active"",42]",-161.3712002339,-39.251198059899998
345,6774256656513,"[""ring6"",""active"",43]",-157.74256565190001,-51.948087506999997
346,1461599247815,"[""ring6"",""active"",44]",-153.11663178129999,-64.316544419099998
347,113080086478275,"[""ring6"",""active"",45]",-147.5226452656,-76.278371429299995
348,275076801571628,"[""ring6"",""active"",46]",-140.99597308849999,-87.757942016000001
349,219525186125527,"[""ring6"",""active"",47]",-133.577878973,-98.682678637799995
350,256415157047643,"[""ring6"",""active"",48]",-125.31526249860001,-108.9835115923
351,105765501990854,"[""ring6"",""active"",49]",-116.2603625867,-118.595315697
352,233392164539072,"[""ring6"",""active"",50]",-106.4704272302,-127.4573220317
353,121780138828961,"[""ring6"",""active"",51]",-96.007351552299994,-135.513502139
354,123535355556610,"[""ring6"",""active"",52]",-84.937286486399998,-142.71292225440001
355,41644475214493,"[""ring6"",""active"",53]",-73.330220548100002,-149.0100653259
356,232600081420609,"[""ring6"",""active"",54]",-61.259537345200002,-154.36511878760001
357,184013294735046,"[""ring6"",""active"",55]",-48.801551623500004,-158.74422626730001
358,246913989650040,"[""ring6"",""active"",56]",-36.035026779799999,-162.11970163749999
359,142277293781531,"[""ring6"",""active"",57]",-23.040676894499999,-164.47020405629999
360,15539963977653,"[""ring6"",""active"",58]",-9.9006564314999999,-165.78087289039999
361,50027054714596,"[""ring6"",""active"",59]",3.3019591691999999,-166.04342166949999
362,8968266447559,"[""ring6"",""active"",60]",16.483698720900001,-165.25619047570001
363,249035387025584,"[""ring6"",""active"",61]",29.561223022,-163.4241564381
364,76221010187168,"[""ring6"",""active"",62]",42.451851753299998,-160.5589022657
365,148413189653386,"[""ring6"",""active"",63]",55.074086209599997,-156.678543018
366,176562161909927,"[""ring6"",""active"",64]",67.348124560700001,-151.80761157539999
367,46369425058666,"[""ring6"",""active"",65]",79.196366384100003,-145.97690353479999
368,85685822949842,"[""ring6"",""active"",66]",90.543903280400002,-139.22328250979999
369,148816550349384,"[""ring6"",""active"",67]",101.3189924676,-131.58944706700001
370,51096767258723,"[""ring6"",""active"",68]",111.4535103628,-123.12366077190001
371,174982740500412,"[""ring6"",""active"",69]",120.8833832806,-113.8794470512
372,156109459724971,"[""ring6"",""active"",70]",129.54899252850001,-103.9152508004
373,279829217726053,"[""ring6"",""active"",71]",137.39555133459999,-93.294068876400004
374,159198802282531,"[""ring6"",""active"",72]",144.37345122790001,-82.083051811000004
375,170710736352246,"[""ring6"",""active"",73]",150.4385756785,-70.353079263699996
376,109619617615190,"[""ring6"",""active"",74]",155.55257901690001,-58.178311897699999
377,96667164186716,"[""ring6"",""active"",75]",159.68312886730001,-45.635722512199997
378,259606036457484,"[""ring6"",""active"",76]",162.80411056380001,-32.804609395600004
379,196804299156461,"[""ring6"",""active"",77]",164.89579225509999,-19.766094976200002
380,243713746614021,"[""ring6"",""active"",78]",165.9449496563,-6.6026129404000002
381,98704091431607,"[""ring7"",""active"",0]",179.06912298259999,6.6213946027999997
382,139223695998237,"[""ring7"",""active"",1]",178.09110952899999,19.828020047199999
383,3815330794391,"[""ring7"",""active"",2]",176.14042419200001,32.926351721800003
384,168939197208594,"[""ring7"",""active"",3]",173.22772093859999,45.8448510813
385,257718557202517,"[""ring7"",""active"",4]",169.36890794390001,58.512961761900002
386,197611875643245,"[""ring7"",""active"",5]",164.5850607063,70.861494935899998
387,277769438802380,"[""ring7"",""active"",6]",158.90230694050001,82.823007197400003
388,10407145213078,"[""ring7"",""active"",7]",152.35168387709999,94.332168914199997
389,79668007178407,"[""ring7"",""active"",8]",144.96896874750001,105.32612103620001
390,216898390126945,"[""ring7"",""active"",9]",136.79448338180001,115.74481840910001
391,195311553297786,"[""ring7"",""active"",10]",127.8728739843,125.5313577209
392,6707637656343,"[""ring7"",""active"",11]",118.2528672917,134.63228828749999
393,113547112726121,"[""ring7"",""active"",12]",107.98700444479999,142.9979039822
394,111992766214480,"[""ring7"",""active"",13]",97.131354026300002,150.58251471290001
395,154388842427142,"[""ring7"",""active"",14]",85.7452058346,157.34469596599999
396,188844447436172,"[""ring7"",""active"",15]",73.890747062599999,163.24751505239999
397,240676286273810,"[""ring7"",""active"",16]",61.632722653400002,168.2587328212
398,193077115442914,"[""ring7"",""active"",17]",49.038081685500003,172.35097973859999
399,165270732462952,"[""ring7"",""active"",18]",36.175611720500001,175.50190537110001
400,112275944231314,"[""ring7"",""active"",19]",23.115563108900002,177.6943004556
401,245752944709934,"[""ring7"",""active"",20]",9.9292653073999997,178.91619089029999
402,202662447900705,"[""ring7"",""active"",21]",-3.3112626980000002,179.1609031335
403,154415203091408,"[""ring7"",""active"",22]",-16.533705734800002,178.4271006516
404,249000034967445,"[""ring7"",""active"",23]",-29.665847404200001,176.7187912194
405,105432625421735,"[""ring7"",""active"",24]",-42.635964502500002,174.04530503059999
406,64235322929390,"[""ring7"",""active"",25]",-55.373218747499998,170.4212437397
407,80583806395388,"[""ring7"",""active"",26]",-67.808043673699999,165.8664007127
408,221514684970239,"[""ring7"",""active"",27]",-79.872524579100002,160.4056529229
409,204545893520169,"[""ring7"",""active"",28]",-91.500769452900002,154.0688250808
410,97550895784992,"[""ring7"",""active"",29]",-102.6292688537,146.89052674289999
411,179768472648573,"[""ring7"",""active"",30]",-113.197242777,138.90996328529999
412,4663288236199,"[""ring7"",""active"",31]",-123.1469726139,130.17072177829999
413,278056749230886,"[""ring7"",""active"",32]",-132.42411639010001,120.72053292850001
414,49078469715113,"[""ring7"",""active"",33]",-140.97800556359999,110.6110103903
415,209456995452956,"[""ring7"",""active"",34]",-148.76192175790001,99.897368869999994
416,281391758338618,"[""ring7"",""active"",35]",-155.73335192190001,88.638122562600003
417,39867733414405,"[""ring7"",""active"",36]",-161.85422052160001,76.894765566900006
418,221665518473018,"[""ring7"",""active"",37]",-167.0910974953,64.731436026599994
419,235395455773571,"[""ring7"",""active"",38]",-171.4153808369,52.2145658297
420,248140748251892,"[""ring7"",""active"",39]",-174.80345281039999,39.412517780800002
421,130737922101960,"[""ring7"",""active"",40]",-177.2368089414,26.395212226999998
422,142947773551174,"[""ring7"",""active"",41]",-178.70215908279999,13.233745176999999
423,246134825458202,"[""ring7"",""active"",42]",-179.19149999999999,0
424,112355342081427,"[""ring7"",""active"",43]",-178.70215908279999,-13.233745176999999
425,168562849537525,"[""ring7"",""active"",44]",-177.2368089414,-26.395212226999998
426,240623476709370,"[""ring7"",""active"",45]",-174.80345281039999,-39.412517780800002
427,179552823553090,"[""ring7"",""active"",46]",-171.4153808369,-52.2145658297
428,20451532741646,"[""ring7"",""active"",47]",-167.0910974953,-64.731436026599994
429,44138025319731,"[""ring7"",""active"",48]",-161.85422052160001,-76.894765566900006
430,87526950589628,"[""ring7"",""active"",49]",-155.73335192190001,-88.638122562600003
431,271874786952402,"[""ring7"",""active"",50]",-148.76192175790001,-99.897368869999994
432,99017401013374,"[""ring7"",""active"",51]",-140.97800556359999,-110.61101039019999
433,107612685271568,"[""ring7"",""active"",52]",-132.42411639010001,-120.72053292850001
434,210097438333945,"[""ring7"",""active"",53]",-123.1469726139,-130.17072177829999
435,201864549490165,"[""ring7"",""active"",54]",-113.197242777,-138.90996328529999
436,120445623188901,"[""ring7"",""active"",55]",-102.6292688537,-146.89052674289999
437,195350791113158,"[""ring7"",""active"",56]",-91.500769452900002,-154.0688250808
438,101971248769460,"[""ring7"",""active"",57]",-79.872524579100002,-160.4056529229
439,158861748357609,"[""ring7"",""active"",58]",-67.808043673699999,-165.8664007127
440,4014003715286,"[""ring7"",""active"",59]",-55.373218747499998,-170.4212437397
441,14706700728349,"[""ring7"",""active"",60]",-42.635964502500002,-174.04530503059999
442,74070345870799,"[""ring7"",""active"",61]",-29.665847404200001,-176.7187912194
443,162208365690802,"[""ring7"",""active"",62]",-16.533705734800002,-178.4271006516
444,240940228290301,"[""ring7"",""active"",63]",-3.3112626980000002,-179.1609031335
445,35689871892062,"[""ring7"",""active"",64]",9.9292653073999997,-178.91619089029999
446,102525601656100,"[""ring7"",""active"",65]",23.115563108900002,-177.6943004556
447,228865871761749,"[""ring7"",""active"",66]",36.175611720500001,-175.50190537110001
448,269494860956806,"[""ring7"",""active"",67]",49.038081685500003,-172.35097973859999
449,97910135213203,"[""ring7"",""active"",68]",61.632722653400002,-168.2587328212
450,194550140205816,"[""ring7"",""active"",69]",73.890747062599999,-163.24751505239999
451,126511770896516,"[""ring7"",""active"",70]",85.7452058346,-157.34469596599999
452,231552121987345,"[""ring7"",""active"",71]",97.131354026300002,-150.58251471290001
453,247506303056146,"[""ring7"",""active"",72]",107.98700444479999,-142.9979039822
454,102684164402542,"[""ring7"",""active"",73]",118.2528672917,-134.63228828749999
455,278706186294013,"[""ring7"",""active"",74]",127.8728739843,-125.5313577209
456,85489333571197,"[""ring7"",""active"",75]",136.79448338180001,-115.74481840910001
457,208130067677265,"[""ring7"",""active"",76]",144.96896874750001,-105.32612103620001
458,64146519403722,"[""ring7"",""active"",77]",152.35168387709999,-94.332168914199997
459,222194219887615,"[""ring7"",""active"",78]",158.90230694050001,-82.823007197400003
460,95507527291869,"[""ring7"",""active"",79]",164.5850607063,-70.861494935899998
461,41593819833030,"[""ring7"",""active"",80]",169.36890794390001,-58.512961761900002
462,148418666345158,"[""ring7"",""active"",81]",173.22772093859999,-45.8448510813
463,181422169739776,"[""ring7"",""active"",82]",176.14042419200001,-32.926351721800003
464,26420087111766,"[""ring7"",""active"",83]",178.09110952899999,-19.828020047199999
465,110309838343784,"[""ring7"",""active"",84]",179.06912298259999,-6.6213946027999997
466,103035038586406,"[""ring8"",""active"",0]",192.1946394659,6.5655659413
467,47162301186622,"[""ring8"",""active"",1]",191.298539336,19.6660861246
468,24425660975383,"[""ring8"",""active"",2]",189.5105171088,32.674913936099998
469,153621519479959,"[""ring8"",""active"",3]",186.83890936910001,45.531396215500003
470,140424434400610,"[""ring8"",""active"",4]",183.2961723855,58.175590107600001
471,40460452271116,"[""ring8"",""active"",5]",178.89882403339999,70.548542543699995
472,253726371640365,"[""ring8"",""active"",6]",173.6673667805,82.5925651079
473,118483385141232,"[""ring8"",""active"",7]",167.62619209549999,94.251503007300002
474,80665172016646,"[""ring8"",""active"",8]",160.80346672350001,105.47099689140001
475,230879612048369,"[""ring8"",""active"",9]",153.23100135979999,116.1987363005
476,256672054013719,"[""ring8"",""active"",10]",144.9441023334,126.3847035615
477,118704804263222,"[""ring8"",""active"",11]",135.98140699289999,135.98140699289999
478,141175085968341,"[""ring8"",""active"",12]",126.3847035615,144.9441023334
479,211148652082234,"[""ring8"",""active"",13]",116.1987363005,153.23100135979999
480,183297492580179,"[""ring8"",""active"",14]",105.47099689140001,160.80346672350001
481,56077620833608,"[""ring8"",""active"",15]",94.251503007300002,167.62619209549999
482,227864090595258,"[""ring8"",""active"",16]",82.5925651079,173.6673667805
483,149823144396876,"[""ring8"",""active"",17]",70.548542543699995,178.89882403339999
484,212903673864193,"[""ring8"",""active"",18]",58.175590107600001,183.2961723855
485,135359725410911,"[""ring8"",""active"",19]",45.531396215500003,186.83890936910001
486,148039290650802,"[""ring8"",""active"",20]",32.674913936099998,189.5105171088
487,153477916426313,"[""ring8"",""active"",21]",19.6660861246,191.298539336
488,11663329182261,"[""ring8"",""active"",22]",6.5655659413,192.1946394659
489,55124408669199,"[""ring8"",""active"",23]",-6.5655659413,192.1946394659
490,156367101167981,"[""ring8"",""active"",24]",-19.6660861246,191.298539336
491,109111027470527,"[""ring8"",""active"",25]",-32.674913936099998,189.5105171088
492,186589492827295,"[""ring8"",""active"",26]",-45.531396215500003,186.83890936910001
493,234973109690632,"[""ring8"",""active"",27]",-58.175590107600001,183.2961723855
494,159068333180735,"[""ring8"",""active"",28]",-70.548542543699995,178.89882403339999
495,3553896438682,"[""ring8"",""active"",29]",-82.5925651079,173.6673667805
496,125490996073539,"[""ring8"",""active"",30]",-94.251503007300002,167.62619209549999
497,197296522472290,"[""ring8"",""active"",31]",-105.47099689140001,160.80346672350001
498,15471845928098,"[""ring8"",""active"",32]",-116.1987363005,153.23100135979999
499,221332755877106,"[""ring8"",""active"",33]",-126.3847035615,144.9441023334
500,142716136045108,"[""ring8"",""active"",34]",-135.98140699289999,135.98140699289999
501,113991812987888,"[""ring8"",""active"",35]",-144.9441023334,126.3847035615
502,137127856256707,"[""ring8"",""active"",36]",-153.23100135979999,116.1987363005
503,275724049879911,"[""ring8"",""active"",37]",-160.80346672350001,105.47099689140001
504,216476624374123,"[""ring8"",""active"",38]",-167.62619209549999,94.251503007300002
505,276855416670102,"[""ring8"",""active"",39]",-173.6673667805,82.5925651079
506,63086328637961,"[""ring8"",""active"",40]",-178.89882403339999,70.548542543699995
507,80180257145509,"[""ring8"",""active"",41]",-183.2961723855,58.175590107600001
508,201068241412195,"[""ring8"",""active"",42]",-186.83890936910001,45.531396215500003
509,89479408681291,"[""ring8"",""active"",43]",-189.5105171088,32.674913936099998
510,26501276598608,"[""ring8"",""active"",44]",-191.298539336,19.6660861246
511,252764545910328,"[""ring8"",""active"",45]",-192.1946394659,6.5655659413
512,237539323347336,"[""ring8"",""active"",46]",-192.1946394659,-6.5655659413
513,75029977817500,"[""ring8"",""active"",47]",-191.298539336,-19.6660861246
514,224607538536195,"[""ring8"",""active"",48]",-189.5105171088,-32.674913936099998
515,210764997604661,"[""ring8"",""active"",49]",-186.83890936910001,-45.531396215500003
516,46772381161956,"[""ring8"",""active"",50]",-183.2961723855,-58.175590107600001
517,62421198131876,"[""ring8"",""active"",51]",-178.89882403339999,-70.548542543699995
518,235643662284623,"[""ring8"",""active"",52]",-173.6673667805,-82.5925651079
519,262819177905100,"[""ring8"",""active"",53]",-167.62619209549999,-94.251503007300002
520,252552166573107,"[""ring8"",""active"",54]",-160.80346672350001,-105.47099689140001
521,42675663034389,"[""ring8"",""active"",55]",-153.23100135979999,-116.1987363005
522,228157238553140,"[""ring8"",""active"",56]",-144.9441023334,-126.3847035615
523,34098461380809,"[""ring8"",""active"",57]",-135.98140699289999,-135.98140699289999
524,60965590524995,"[""ring8"",""active"",58]",-126.3847035615,-144.9441023334
525,244959290494479,"[""ring8"",""active"",59]",-116.1987363005,-153.23100135979999
526,60173186848283,"[""ring8"",""active"",60]",-105.47099689140001,-160.80346672350001
527,253936474644625,"[""ring8"",""active"",61]",-94.251503007300002,-167.62619209549999
528,116280888669318,"[""ring8"",""active"",62]",-82.5925651079,-173.6673667805
529,114106914944888,"[""ring8"",""active"",63]",-70.548542543699995,-178.89882403339999
530,40740589002729,"[""ring8"",""active"",64]",-58.175590107600001,-183.2961723855
531,51205540404889,"[""ring8"",""active"",65]",-45.531396215500003,-186.83890936910001
532,19872357901552,"[""ring8"",""active"",66]",-32.674913936099998,-189.5105171088
533,189715827529505,"[""ring8"",""active"",67]",-19.6660861246,-191.298539336
534,63005344182816,"[""ring8"",""active"",68]",-6.5655659413,-192.1946394659
535,128083550342654,"[""ring8"",""active"",69]",6.5655659413,-192.1946394659
536,138766779980065,"[""ring8"",""active"",70]",19.6660861246,-191.298539336
537,187394656298656,"[""ring8"",""active"",71]",32.674913936099998,-189.5105171088
538,201676767879538,"[""ring8"",""active"",72]",45.531396215500003,-186.83890936910001
539,74078940039340,"[""ring8"",""active"",73]",58.175590107600001,-183.2961723855
540,12482717360514,"[""ring8"",""active"",74]",70.548542543699995,-178.89882403339999
541,12895439530384,"[""ring8"",""active"",75]",82.5925651079,-173.6673667805
542,81516970422050,"[""ring8"",""active"",76]",94.251503007300002,-167.62619209549999
543,119517088957190,"[""ring8"",""active"",77]",105.47099689140001,-160.80346672350001
544,99429861058485,"[""ring8"",""active"",78]",116.1987363005,-153.23100135979999
545,232376188121005,"[""ring8"",""active"",79]",126.3847035615,-144.9441023334
546,241242393035060,"[""ring8"",""active"",80]",135.98140699289999,-135.98140699289999
547,19805932009010,"[""ring8"",""active"",81]",144.9441023334,-126.3847035615
548,233273024537107,"[""ring8"",""active"",82]",153.23100135979999,-116.1987363005
549,48147940526515,"[""ring8"",""active"",83]",160.80346672350001,-105.47099689140001
550,2159862752157,"[""ring8"",""active"",84]",167.62619209549999,-94.251503007300002
551,159032990764413,"[""ring8"",""active"",85]",173.6673667805,-82.5925651079
552,249691745359107,"[""ring8"",""active"",86]",178.89882403339999,-70.548542543699995
553,167953906478754,"[""ring8"",""active"",87]",183.2961723855,-58.175590107600001
554,91552215359534,"[""ring8"",""active"",88]",186.83890936910001,-45.531396215500003
555,106578588540520,"[""ring8"",""active"",89]",189.5105171088,-32.674913936099998
556,185343818846557,"[""ring8"",""active"",90]",191.298539336,-19.6660861246
557,35243663952562,"[""ring8"",""active"",91]",192.1946394659,-6.5655659413
558,125797870279228,"[""ring9"",""active"",0]",205.31645750440001,6.5840991678999998
559,194797963855147,"[""ring9"",""active"",1]",204.47276814029999,19.725242028
560,89571561756875,"[""ring9"",""active"",2]",202.78885631259999,32.785329637499999
561,168223872581822,"[""ring9"",""active"",3]",200.27164157620001,45.710695295199997
562,270332021443703,"[""ring9"",""active"",4]",196.9314677065,58.448225900899999
563,3423682913562,"[""ring9"",""active"",5]",192.78206019429999,70.945580209300005
564,250743824423220,"[""ring9"",""active"",6]",187.8404698452,83.151403910900001
565,123984057099878,"[""ring9"",""active"",7]",182.12700271380001,95.015540657900004
566,109131239212470,"[""ring9"",""active"",8]",175.6651366621,106.48923816750001
567,60007292473724,"[""ring9"",""active"",9]",168.4814248838,117.5253485556
568,183922960676722,"[""ring9"",""active"",10]",160.6053867915,128.07852207740001
569,244026363009533,"[""ring9"",""active"",11]",152.06938671520001,138.10539347930001
570,134526403365745,"[""ring9"",""active"",12]",142.9085009101,147.56476019580001
571,271629929750622,"[""ring9"",""active"",13]",133.16037342089999,156.41775166010001
572,91866714086023,"[""ring9"",""active"",14]",122.8650613946,164.62798903140001
573,252673504642266,"[""ring9"",""active"",15]",112.0648704765,172.16173468310001
574,182925999859411,"[""ring9"",""active"",16]",100.80418096779999,178.98803083839999
575,74309374254258,"[""ring9"",""active"",17]",89.129265457000002,185.07882678230001
576,230210593372475,"[""ring9"",""active"",18]",77.088098676300007,190.4090941275
577,13443920988055,"[""ring9"",""active"",19]",64.730160362800007,194.9569296624
578,208622677056872,"[""ring9"",""active"",20]",52.106231935899999,198.7036453552
579,39592251780274,"[""ring9"",""active"",21]",39.2681878251,201.6338451474
580,12335931589554,"[""ring9"",""active"",22]",26.268782307599999,203.7354882196
581,37921723584664,"[""ring9"",""active"",23]",13.161432728899999,204.99993846960001
582,46532540838939,"[""ring9"",""active"",24]",0,205.422
583,221836744379569,"[""ring9"",""active"",25]",-13.161432728899999,204.99993846960001
584,163801405267883,"[""ring9"",""active"",26]",-26.268782307599999,203.7354882196
585,238982923778748,"[""ring9"",""active"",27]",-39.2681878251,201.6338451474
586,205745359222780,"[""ring9"",""active"",28]",-52.106231935899999,198.7036453552
587,162046055810862,"[""ring9"",""active"",29]",-64.730160362800007,194.9569296624
588,16135229903257,"[""ring9"",""active"",30]",-77.088098676300007,190.4090941275
589,219961057606929,"[""ring9"",""active"",31]",-89.129265457000002,185.07882678230001
590,38238546939468,"[""ring9"",""active"",32]",-100.80418096779999,178.98803083839999
591,275681201462891,"[""ring9"",""active"",33]",-112.0648704765,172.16173468310001
592,211355088550619,"[""ring9"",""active"",34]",-122.8650613946,164.62798903140001
593,221360357038448,"[""ring9"",""active"",35]",-133.16037342089999,156.41775166010001
594,223009927988812,"[""ring9"",""active"",36]",-142.9085009101,147.56476019580001
595,210617608994225,"[""ring9"",""active"",37]",-152.06938671520001,138.10539347930001
596,15081599663134,"[""ring9"",""active"",38]",-160.6053867915,128.07852207740001
597,46320946312222,"[""ring9"",""active"",39]",-168.4814248838,117.5253485556
598,225269520396524,"[""ring9"",""active"",40]",-175.6651366621,106.48923816750001
599,173457709519417,"[""ring9"",""active"",41]",-182.12700271380001,95.015540657900004
600,154323244090370,"[""ring9"",""active"",42]",-187.8404698452,83.151403910900001
601,179984352001694,"[""ring9"",""active"",43]",-192.78206019429999,70.945580209300005
602,103164462862684,"[""ring9"",""active"",44]",-196.9314677065,58.448225900899999
603,213722942061737,"[""ring9"",""active"",45]",-200.27164157620001,45.710695295199997
604,277505777930000,"[""ring9"",""active"",46]",-202.78885631259999,32.785329637499999
605,270924983377453,"[""ring9"",""active"",47]",-204.47276814029999,19.725242028
606,181821888419372,"[""ring9"",""active"",48]",-205.31645750440001,6.5840991678999998
607,156532336352418,"[""ring9"",""active"",49]",-205.31645750440001,-6.5840991678999998
608,227955277581842,"[""ring9"",""active"",50]",-204.47276814029999,-19.725242028
609,11340136088227,"[""ring9"",""active"",51]",-202.78885631259999,-32.785329637499999
610,57652450693941,"[""ring9"",""active"",52]",-200.27164157620001,-45.710695295199997
611,123785471648349,"[""ring9"",""active"",53]",-196.9314677065,-58.448225900899999
612,75091553331911,"[""ring9"",""active"",54]",-192.78206019429999,-70.945580209300005
613,272340083496617,"[""ring9"",""active"",55]",-187.8404698452,-83.151403910900001
614,209873485150225,"[""ring9"",""active"",56]",-182.12700271380001,-95.015540657900004
615,60973697421276,"[""ring9"",""active"",57]",-175.6651366621,-106.48923816750001
616,91243862051056,"[""ring9"",""active"",58]",-168.4814248838,-117.5253485556
617,107611000919233,"[""ring9"",""active"",59]",-160.6053867915,-128.07852207740001
618,86254612139789,"[""ring9"",""active"",60]",-152.06938671520001,-138.10539347930001
619,270522535005507,"[""ring9"",""active"",61]",-142.9085009101,-147.56476019580001
620,74320493226543,"[""ring9"",""active"",62]",-133.16037342089999,-156.41775166010001
621,196184725122870,"[""ring9"",""active"",63]",-122.8650613946,-164.62798903140001
622,11587045354879,"[""ring9"",""active"",64]",-112.0648704765,-172.16173468310001
623,203586314635190,"[""ring9"",""active"",65]",-100.80418096779999,-178.98803083839999
624,227591073418422,"[""ring9"",""active"",66]",-89.129265457000002,-185.07882678230001
625,157083688824109,"[""ring9"",""active"",67]",-77.088098676300007,-190.4090941275
626,185510044971820,"[""ring9"",""active"",68]",-64.730160362800007,-194.9569296624
627,18749223168059,"[""ring9"",""active"",69]",-52.106231935899999,-198.7036453552
628,192505269951683,"[""ring9"",""active"",70]",-39.2681878251,-201.6338451474
629,149755163902934,"[""ring9"",""active"",71]",-26.268782307599999,-203.7354882196
630,268581028682212,"[""ring9"",""active"",72]",-13.161432728899999,-204.99993846960001
631,187245590747074,"[""ring9"",""active"",73]",-0,-205.422
632,99094017082654,"[""ring9"",""active"",74]",13.161432728899999,-204.99993846960001
633,241208998722174,"[""ring9"",""active"",75]",26.268782307599999,-203.7354882196
634,132733550750949,"[""ring9"",""active"",76]",39.2681878251,-201.6338451474
635,147102363113430,"[""ring9"",""active"",77]",52.106231935899999,-198.7036453552
636,248640178524843,"[""ring9"",""active"",78]",64.730160362800007,-194.9569296624
637,151007083847908,"[""ring9"",""active"",79]",77.088098676300007,-190.4090941275
638,182641311822839,"[""ring9"",""active"",80]",89.129265457000002,-185.07882678230001
639,89551781189199,"[""ring9"",""active"",81]",100.80418096779999,-178.98803083839999
640,42228713324520,"[""ring9"",""active"",82]",112.0648704765,-172.16173468310001
641,259212033993984,"[""ring9"",""active"",83]",122.8650613946,-164.62798903140001
642,81821775887024,"[""ring9"",""active"",84]",133.16037342089999,-156.41775166010001
643,223961144654042,"[""ring9"",""active"",85]",142.9085009101,-147.56476019580001
644,29854241787711,"[""ring9"",""active"",86]",152.06938671520001,-138.10539347930001
645,102537577230001,"[""ring9"",""active"",87]",160.6053867915,-128.07852207740001
646,276435026690437,"[""ring9"",""active"",88]",168.4814248838,-117.5253485556
647,156943680986413,"[""ring9"",""active"",89]",175.6651366621,-106.48923816750001
648,203154318715974,"[""ring9"",""active"",90]",182.12700271380001,-95.015540657900004
649,145621433959359,"[""ring9"",""active"",91]",187.8404698452,-83.151403910900001
650,5914374245098,"[""ring9"",""active"",92]",192.78206019429999,-70.945580209300005
651,201446661129401,"[""ring9"",""active"",93]",196.9314677065,-58.448225900899999
652,201054203457862,"[""ring9"",""active"",94]",200.27164157620001,-45.710695295199997
653,250695471417951,"[""ring9"",""active"",95]",202.78885631259999,-32.785329637499999
654,173283086101942,"[""ring9"",""active"",96]",204.47276814029999,-19.725242028
655,55538106196645,"[""ring9"",""active"",97]",205.31645750440001,-6.5840991678999998
656,172474163115530,"[""ring10"",""active"",0]",218.4375499169,6.6004866373000004
657,199925557887058,"[""ring10"",""active"",1]",217.64049498610001,19.777375451899999
658,279228618000839,"[""ring10"",""active"",2]",216.04929349150001,32.882098768299997
659,42309364814537,"[""ring10"",""active"",3]",213.66975155470001,45.866838872199999
660,269370549870250,"[""ring10"",""active"",4]",210.51055186619999,58.684215855200001
661,177128027911657,"[""ring10"",""active"",5]",206.58322200320001,71.2874604987
662,140196495955528,"[""ring10"",""active"",6]",201.9020923663,83.630584929600005
663,77902284120045,"[""ring10"",""active"",7]",196.48424388999999,95.668550425600003
664,274383146580543,"[""ring10"",""active"",8]",190.34944571579999,107.3574317561
665,233739275243107,"[""ring10"",""active"",9]",183.52008305690001,118.6545774606
666,173313357515596,"[""ring10"",""active"",10]",176.0210755171,129.51876547969999
667,49304209612529,"[""ring10"",""active"",11]",167.87978616160001,139.9103535694
668,265830952138703,"[""ring10"",""active"",12]",159.12592167240001,149.79142395170001
669,183373277524924,"[""ring10"",""active"",13]",149.79142395170001,159.12592167240001
670,5637792400540,"[""ring10"",""active"",14]",139.9103535694,167.87978616160001
671,269084107532656,"[""ring10"",""active"",15]",129.51876547969999,176.0210755171
672,277164273177310,"[""ring10"",""active"",16]",118.6545774606,183.52008305690001
673,159639930345126,"[""ring10"",""active"",17]",107.3574317561,190.34944571579999
674,25205170815886,"[""ring10"",""active"",18]",95.668550425600003,196.48424388999999
675,51186292520246,"[""ring10"",""active"",19]",83.630584929600005,201.9020923663
676,55975604336411,"[""ring10"",""active"",20]",71.2874604987,206.58322200320001
677,44345853330234,"[""ring10"",""active"",21]",58.684215855200001,210.51055186619999
678,142948145984137,"[""ring10"",""active"",22]",45.866838872199999,213.66975155470001
679,38917648349763,"[""ring10"",""active"",23]",32.882098768299997,216.04929349150001
680,167132142782736,"[""ring10"",""active"",24]",19.777375451899999,217.64049498610001
681,172575138973074,"[""ring10"",""active"",25]",6.6004866373000004,218.4375499169
682,206709984788430,"[""ring10"",""active"",26]",-6.6004866373000004,218.4375499169
683,23020641473524,"[""ring10"",""active"",27]",-19.777375451899999,217.64049498610001
684,34433825127062,"[""ring10"",""active"",28]",-32.882098768299997,216.04929349150001
685,110094276154620,"[""ring10"",""active"",29]",-45.866838872199999,213.66975155470001
686,227745589159590,"[""ring10"",""active"",30]",-58.684215855200001,210.51055186619999
687,11255515374092,"[""ring10"",""active"",31]",-71.2874604987,206.58322200320001
688,270450823204176,"[""ring10"",""active"",32]",-83.630584929600005,201.9020923663
689,239794502843318,"[""ring10"",""active"",33]",-95.668550425600003,196.48424388999999
690,123345788251926,"[""ring10"",""active"",34]",-107.3574317561,190.34944571579999
691,86620170567299,"[""ring10"",""active"",35]",-118.6545774606,183.52008305690001
692,278948417656352,"[""ring10"",""active"",36]",-129.51876547969999,176.0210755171
693,153329039887504,"[""ring10"",""active"",37]",-139.9103535694,167.87978616160001
694,244852078210318,"[""ring10"",""active"",38]",-149.79142395170001,159.12592167240001
695,236665206409186,"[""ring10"",""active"",39]",-159.12592167240001,149.79142395170001
696,238818893321525,"[""ring10"",""active"",40]",-167.87978616160001,139.9103535694
697,233169623684519,"[""ring10"",""active"",41]",-176.0210755171,129.51876547969999
698,266925950329579,"[""ring10"",""active"",42]",-183.52008305690001,118.6545774606
699,223340820183600,"[""ring10"",""active"",43]",-190.34944571579999,107.3574317561
700,147184792139813,"[""ring10"",""active"",44]",-196.48424388999999,95.668550425600003
701,249082231839352,"[""ring10"",""active"",45]",-201.9020923663,83.630584929600005
702,142449631629575,"[""ring10"",""active"",46]",-206.58322200320001,71.2874604987
703,55790143994605,"[""ring10"",""active"",47]",-210.51055186619999,58.684215855200001
704,58116577585164,"[""ring10"",""active"",48]",-213.66975155470001,45.866838872199999
705,203524580081841,"[""ring10"",""active"",49]",-216.04929349150001,32.882098768299997
706,121511660269856,"[""ring10"",""active"",50]",-217.64049498610001,19.777375451899999
707,137924173292362,"[""ring10"",""active"",51]",-218.4375499169,6.6004866373000004
708,127642190415742,"[""ring10"",""active"",52]",-218.4375499169,-6.6004866373000004
709,263568781339220,"[""ring10"",""active"",53]",-217.64049498610001,-19.777375451899999
710,132280700110107,"[""ring10"",""active"",54]",-216.04929349150001,-32.882098768299997
711,155529656779273,"[""ring10"",""active"",55]",-213.66975155470001,-45.866838872199999
712,255689862235959,"[""ring10"",""active"",56]",-210.51055186619999,-58.684215855200001
713,194032139333679,"[""ring10"",""active"",57]",-206.58322200320001,-71.2874604987
714,63692208333685,"[""ring10"",""active"",58]",-201.9020923663,-83.630584929600005
715,227404135121849,"[""ring10"",""active"",59]",-196.48424388999999,-95.668550425600003
716,249406166904954,"[""ring10"",""active"",60]",-190.34944571579999,-107.3574317561
717,85426733846450,"[""ring10"",""active"",61]",-183.52008305690001,-118.6545774606
718,11883891431356,"[""ring10"",""active"",62]",-176.0210755171,-129.51876547969999
719,14450273945529,"[""ring10"",""active"",63]",-167.87978616160001,-139.9103535694
720,257643605249143,"[""ring10"",""active"",64]",-159.12592167240001,-149.79142395170001
721,95578123324507,"[""ring10"",""active"",65]",-149.79142395170001,-159.12592167240001
722,223318424710327,"[""ring10"",""active"",66]",-139.9103535694,-167.87978616160001
723,157274789700213,"[""ring10"",""active"",67]",-129.51876547969999,-176.0210755171
724,238033804364506,"[""ring10"",""active"",68]",-118.6545774606,-183.52008305690001
725,211626795745911,"[""ring10"",""active"",69]",-107.3574317561,-190.34944571579999
726,94246836274515,"[""ring10"",""active"",70]",-95.668550425600003,-196.48424388999999
727,279877602851949,"[""ring10"",""active"",71]",-83.630584929600005,-201.9020923663
728,279986596671727,"[""ring10"",""active"",72]",-71.2874604987,-206.58322200320001
729,170392112000190,"[""ring10"",""active"",73]",-58.684215855200001,-210.51055186619999
730,177354929160852,"[""ring10"",""active"",74]",-45.866838872199999,-213.66975155470001
731,138858386300720,"[""ring10"",""active"",75]",-32.882098768299997,-216.04929349150001
732,67114489787986,"[""ring10"",""active"",76]",-19.777375451899999,-217.64049498610001
733,90377669861419,"[""ring10"",""active"",77]",-6.6004866373000004,-218.4375499169
734,264504839112860,"[""ring10"",""active"",78]",6.6004866373000004,-218.4375499169
735,34889752875108,"[""ring10"",""active"",79]",19.777375451899999,-217.64049498610001
736,25443323091142,"[""ring10"",""active"",80]",32.882098768299997,-216.04929349150001
737,18903049302519,"[""ring10"",""active"",81]",45.866838872199999,-213.66975155470001
738,191207807449243,"[""ring10"",""active"",82]",58.684215855200001,-210.51055186619999
739,207907828713153,"[""ring10"",""active"",83]",71.2874604987,-206.58322200320001
740,226224473190248,"[""ring10"",""active"",84]",83.630584929600005,-201.9020923663
741,60883834291409,"[""ring10"",""active"",85]",95.668550425600003,-196.48424388999999
742,233430294875271,"[""ring10"",""active"",86]",107.3574317561,-190.34944571579999
743,279322100995832,"[""ring10"",""active"",87]",118.6545774606,-183.52008305690001
744,272633075433432,"[""ring10"",""active"",88]",129.51876547969999,-176.0210755171
745,6454662654908,"[""ring10"",""active"",89]",139.9103535694,-167.87978616160001
746,52996592054251,"[""ring10"",""active"",90]",149.79142395170001,-159.12592167240001
747,272114709703238,"[""ring10"",""active"",91]",159.12592167240001,-149.79142395170001
748,229685360108091,"[""ring10"",""active"",92]",167.87978616160001,-139.9103535694
749,130139810655057,"[""ring10"",""active"",93]",176.0210755171,-129.51876547969999
750,254315922779276,"[""ring10"",""active"",94]",183.52008305690001,-118.6545774606
751,259683155172694,"[""ring10"",""active"",95]",190.34944571579999,-107.3574317561
752,194933884746118,"[""ring10"",""active"",96]",196.48424388999999,-95.668550425600003
753,251885263781592,"[""ring10"",""active"",97]",201.9020923663,-83.630584929600005
754,254981362410777,"[""ring10"",""active"",98]",206.58322200320001,-71.2874604987
755,70650623938862,"[""ring10"",""active"",99]",210.51055186619999,-58.684215855200001
756,111597398850170,"[""ring10"",""active"",100]",213.66975155470001,-45.866838872199999
757,33206401265888,"[""ring10"",""active"",101]",216.04929349150001,-32.882098768299997
758,124499559175476,"[""ring10"",""active"",102]",217.64049498610001,-19.777375451899999
759,211767509360928,"[""ring10"",""active"",103]",218.4375499169,-6.6004866373000004
760,232479309947301,"[""ring11"",""active"",0]",231.55803044909999,6.6150805564999997
761,50860905246844,"[""ring11"",""active"",1]",230.8027362837,19.823664651600001
762,143329153940912,"[""ring11"",""active"",2]",229.29461156529999,32.967588073100003
763,3919468611562,"[""ring11"",""active"",3]",227.03857548350001,46.003978074700001
764,230294396515493,"[""ring11"",""active"",4]",224.04198675879999,58.890312661800003
765,149700328576904,"[""ring11"",""active"",5]",220.31461964109999,71.584559289400005
766,664180320899,"[""ring11"",""active"",6]",215.8686320269,84.045311963700001
767,115375702687656,"[""ring11"",""active"",7]",210.71852580390001,96.231926299400001
768,215832399220657,"[""ring11"",""active"",8]",204.88109954800001,108.10465209349999
769,22825761017195,"[""ring11"",""active"",9]",198.37539373039999,119.6247629823
770,210615559996919,"[""ring11"",""active"",10]",191.22262861120001,130.7546827585
771,31872758005241,"[""ring11"",""active"",11]",183.44613502350001,141.4581079372
772,221025727242852,"[""ring11"",""active"",12]",175.07127827310001,151.7001261703
773,225771381567190,"[""ring11"",""active"",13]",166.12537540189999,161.44733012290001
774,9006412514781,"[""ring11"",""active"",14]",156.63760608570001,170.66792644189999
775,148011200851181,"[""ring11"",""active"",15]",146.638917456,179.3318394586
776,135996081291481,"[""ring11"",""active"",16]",136.1619231567,187.41080928939999
777,271030481597108,"[""ring11"",""active"",17]",125.2407969656,194.87848401420001
778,81300645859808,"[""ring11"",""active"",18]",113.91116132649999,201.71050563
779,104310201120189,"[""ring11"",""active"",19]",102.2099711557,207.88458950239999
780,203883247483410,"[""ring11"",""active"",20]",90.175393303700005,213.38059705320001
781,14709532842178,"[""ring11"",""active"",21]",77.846682061799996,218.180601448
782,52305640921682,"[""ring11"",""active"",22]",65.2640511237,222.2689460702
783,56159762189962,"[""ring11"",""active"",23]",52.4685424161,225.63229558949999
784,32249758069300,"[""ring11"",""active"",24]",39.501892228800003,228.25967945869999
785,244462011710435,"[""ring11"",""active"",25]",26.406395079700001,230.14252769780001
786,75668972759819,"[""ring11"",""active"",26]",13.2247657584,231.2746988472
787,100936505335710,"[""ring11"",""active"",27]",0,231.6525
788,66324793799683,"[""ring11"",""active"",28]",-13.2247657584,231.2746988472
789,191337993838044,"[""ring11"",""active"",29]",-26.406395079700001,230.14252769780001
790,1073285995238,"[""ring11"",""active"",30]",-39.501892228800003,228.25967945869999
791,240691178521803,"[""ring11"",""active"",31]",-52.4685424161,225.63229558949999
792,192207009879479,"[""ring11"",""active"",32]",-65.2640511237,222.2689460702
793,103074661770529,"[""ring11"",""active"",33]",-77.846682061799996,218.180601448
794,14045776964446,"[""ring11"",""active"",34]",-90.175393303700005,213.38059705320001
795,70529921752921,"[""ring11"",""active"",35]",-102.2099711557,207.88458950239999
796,9662780048332,"[""ring11"",""active"",36]",-113.91116132649999,201.71050563
797,103980759562146,"[""ring11"",""active"",37]",-125.2407969656,194.87848401420001
798,280440000870112,"[""ring11"",""active"",38]",-136.1619231567,187.41080928939999
799,132900369217242,"[""ring11"",""active"",39]",-146.638917456,179.3318394586
800,87791505369010,"[""ring11"",""active"",40]",-156.63760608570001,170.66792644189999
801,128219859946054,"[""ring11"",""active"",41]",-166.12537540189999,161.44733012290001
802,138724918645793,"[""ring11"",""active"",42]",-175.07127827310001,151.7001261703
803,190207085053315,"[""ring11"",""active"",43]",-183.44613502350001,141.4581079372
804,14715469083712,"[""ring11"",""active"",44]",-191.22262861120001,130.7546827585
805,209780806195365,"[""ring11"",""active"",45]",-198.37539373039999,119.6247629823
806,85778706310978,"[""ring11"",""active"",46]",-204.88109954800001,108.10465209349999
807,94854430522564,"[""ring11"",""active"",47]",-210.71852580390001,96.231926299400001
808,8568384943035,"[""ring11"",""active"",48]",-215.8686320269,84.045311963700001
809,167724292612319,"[""ring11"",""active"",49]",-220.31461964109999,71.584559289400005
810,183752988734648,"[""ring11"",""active"",50]",-224.04198675879999,58.890312661800003
811,219427054293820,"[""ring11"",""active"",51]",-227.03857548350001,46.003978074700001
812,229158023095686,"[""ring11"",""active"",52]",-229.29461156529999,32.967588073100003
813,273403135210151,"[""ring11"",""active"",53]",-230.8027362837,19.823664651600001
814,250221646710141,"[""ring11"",""active"",54]",-231.55803044909999,6.6150805564999997
815,79821941779339,"[""ring11"",""active"",55]",-231.55803044909999,-6.6150805564999997
816,184232025959448,"[""ring11"",""active"",56]",-230.8027362837,-19.823664651600001
817,14493196065562,"[""ring11"",""active"",57]",-229.29461156529999,-32.967588073100003
818,281234359718790,"[""ring11"",""active"",58]",-227.03857548350001,-46.003978074700001
819,154672153942259,"[""ring11"",""active"",59]",-224.04198675879999,-58.890312661800003
820,192757230556453,"[""ring11"",""active"",60]",-220.31461964109999,-71.584559289400005
821,212199831827710,"[""ring11"",""active"",61]",-215.8686320269,-84.045311963700001
822,60603431078269,"[""ring11"",""active"",62]",-210.71852580390001,-96.231926299400001
823,126538151549551,"[""ring11"",""active"",63]",-204.88109954800001,-108.10465209349999
824,146495590976733,"[""ring11"",""active"",64]",-198.37539373039999,-119.6247629823
825,50984545312830,"[""ring11"",""active"",65]",-191.22262861120001,-130.7546827585
826,114948843564819,"[""ring11"",""active"",66]",-183.44613502350001,-141.4581079372
827,97039671693358,"[""ring11"",""active"",67]",-175.07127827310001,-151.7001261703
828,205412286443043,"[""ring11"",""active"",68]",-166.12537540189999,-161.44733012290001
829,177994386183626,"[""ring11"",""active"",69]",-156.63760608570001,-170.66792644189999
830,116775653627168,"[""ring11"",""active"",70]",-146.638917456,-179.3318394586
831,242577475189343,"[""ring11"",""active"",71]",-136.1619231567,-187.41080928939999
832,141227925571676,"[""ring11"",""active"",72]",-125.2407969656,-194.87848401420001
833,224474531022220,"[""ring11"",""active"",73]",-113.91116132649999,-201.71050563
834,221649901822275,"[""ring11"",""active"",74]",-102.2099711557,-207.88458950239999
835,21635422337719,"[""ring11"",""active"",75]",-90.175393303700005,-213.38059705320001
836,265241412869527,"[""ring11"",""active"",76]",-77.846682061799996,-218.180601448
837,202357802237107,"[""ring11"",""active"",77]",-65.2640511237,-222.2689460702
838,174430358125708,"[""ring11"",""active"",78]",-52.4685424161,-225.63229558949999
839,85469451193117,"[""ring11"",""active"",79]",-39.501892228800003,-228.25967945869999
840,160923453275381,"[""ring11"",""active"",80]",-26.406395079700001,-230.14252769780001
841,203036847881288,"[""ring11"",""active"",81]",-13.2247657584,-231.2746988472
842,61049107394931,"[""ring11"",""active"",82]",-0,-231.6525
843,175072175491814,"[""ring11"",""active"",83]",13.2247657584,-231.2746988472
844,189770622283281,"[""ring11"",""active"",84]",26.406395079700001,-230.14252769780001
845,250801272459662,"[""ring11"",""active"",85]",39.501892228800003,-228.25967945869999
846,189062369803687,"[""ring11"",""active"",86]",52.4685424161,-225.63229558949999
847,109864598712152,"[""ring11"",""active"",87]",65.2640511237,-222.2689460702
848,260021851945382,"[""ring11"",""active"",88]",77.846682061799996,-218.180601448
849,254776523053778,"[""ring11"",""active"",89]",90.175393303700005,-213.38059705320001
850,3827488127292,"[""ring11"",""active"",90]",102.2099711557,-207.88458950239999
851,50039479609044,"[""ring11"",""active"",91]",113.91116132649999,-201.71050563
852,206304457823327,"[""ring11"",""active"",92]",125.2407969656,-194.87848401420001
853,241522368853595,"[""ring11"",""active"",93]",136.1619231567,-187.41080928939999
854,272460952974965,"[""ring11"",""active"",94]",146.638917456,-179.3318394586
855,71188371819745,"[""ring11"",""active"",95]",156.63760608570001,-170.66792644189999
856,178633431209095,"[""ring11"",""active"",96]",166.12537540189999,-161.44733012290001
857,37158976091471,"[""ring11"",""active"",97]",175.07127827310001,-151.7001261703
858,15717292378236,"[""ring11"",""active"",98]",183.44613502350001,-141.4581079372
859,275154700834855,"[""ring11"",""active"",99]",191.22262861120001,-130.7546827585
860,191439786176492,"[""ring11"",""active"",100]",198.37539373039999,-119.6247629823
861,58724142858365,"[""ring11"",""active"",101]",204.88109954800001,-108.10465209349999
862,99354851501123,"[""ring11"",""active"",102]",210.71852580390001,-96.231926299400001
863,208909764743883,"[""ring11"",""active"",103]",215.8686320269,-84.045311963700001
864,181970186264977,"[""ring11"",""active"",104]",220.31461964109999,-71.584559289400005
865,131657036157416,"[""ring11"",""active"",105]",224.04198675879999,-58.890312661800003
866,131889163410686,"[""ring11"",""active"",106]",227.03857548350001,-46.003978074700001
867,174703455648911,"[""ring11"",""active"",107]",229.29461156529999,-32.967588073100003
868,122741607093549,"[""ring11"",""active"",108]",230.8027362837,-19.823664651600001
869,187924930219905,"[""ring11"",""active"",109]",231.55803044909999,-6.6150805564999997
870,269190325658942,"[""ring12"",""active"",0]",244.6795179991,6.5715227920999997
871,221256282841499,"[""ring12"",""active"",1]",243.9740436081,19.695620975000001
872,15095316137380,"[""ring12"",""active"",2]",242.56512889140001,32.762931584
873,21284940582560,"[""ring12"",""active"",3]",240.45683611480001,45.7357781798
874,104244924606252,"[""ring12"",""active"",4]",237.6552440323,58.5767566874
875,43693989809466,"[""ring12"",""active"",5]",234.16843035900001,71.248843241599999
876,241596496230020,"[""ring12"",""active"",6]",230.00644848140001,83.715500936500007
877,181193497203570,"[""ring12"",""active"",7]",225.18129847060001,95.940785170599995
878,67595663728408,"[""ring12"",""active"",8]",219.70689248330001,107.8894472847
879,144704543391314,"[""ring12"",""active"",9]",213.59901464910001,119.5270361927
880,25630916321626,"[""ring12"",""active"",10]",206.87527556090001,130.8199977132
881,198287664105918,"[""ring12"",""active"",11]",199.555061499,141.7357713147
882,98297547837049,"[""ring12"",""active"",12]",191.65947853579999,152.24288399610001
883,167442685379849,"[""ring12"",""active"",13]",183.21129168069999,162.31104103160001
884,43722190179802,"[""ring12"",""active"",14]",174.2348592434,171.91121331810001
885,149792332955911,"[""ring12"",""active"",15]",164.75606260250001,181.01572107359999
886,271968116210543,"[""ring12"",""active"",16]",154.8022315824,189.5983136454
887,18830141797848,"[""ring12"",""active"",17]",144.40206565470001,197.6342451973
888,155746111806125,"[""ring12"",""active"",18]",133.58555119019999,205.10034605839999
889,260616336067978,"[""ring12"",""active"",19]",122.383875,211.9750895272
890,91602902997760,"[""ring12"",""active"",20]",110.8293344165,218.23865393840001
891,224297049614986,"[""ring12"",""active"",21]",98.955244171299995,223.8729798146
892,196350846926909,"[""ring12"",""active"",22]",86.795840340400005,228.86182193560001
893,49739719040863,"[""ring12"",""active"",23]",74.386181632800003,233.190796178
894,216886670514881,"[""ring12"",""active"",24]",61.762048307199997,236.84742098859999
895,88316470805252,"[""ring12"",""active"",25]",48.959839007799999,239.82115337139999
896,198631377282869,"[""ring12"",""active"",26]",36.016465818199997,242.10341928610001
897,134918750124482,"[""ring12"",""active"",27]",22.969247834000001,243.6876383693
898,136285100735002,"[""ring12"",""active"",28]",9.8558035622000002,244.56924290719999
899,188667730959992,"[""ring12"",""active"",29]",-3.2860575426,244.74569100580001
900,106995176848617,"[""ring12"",""active"",30]",-16.4184440929,244.21647391939999
901,231353215825364,"[""ring12"",""active"",31]",-29.503492018599999,242.983117518
902,58669025125971,"[""ring12"",""active"",32]",-42.503473739100002,241.04917788739999
903,275876603261418,"[""ring12"",""active"",33]",-55.380906942000003,238.42023107599999
904,121581170320119,"[""ring12"",""active"",34]",-68.0986626535,235.1038570183
905,195777189040132,"[""ring12"",""active"",35]",-80.620072291900001,231.109617679
906,141670809921506,"[""ring12"",""active"",36]",-92.909033391500003,226.4490294842
907,159062754341843,"[""ring12"",""active"",37]",-104.9301136964,221.1355301161
908,60045675090491,"[""ring12"",""active"",38]",-116.64865331999999,215.18443976899999
909,45078197210876,"[""ring12"",""active"",39]",-128.03086467910001,208.61291697690001
910,95413172796324,"[""ring12"",""active"",40]",-139.04392991169999,201.4399091411
911,240700718671888,"[""ring12"",""active"",41]",-149.6560954999,193.6860979002
912,191455264063925,"[""ring12"",""active"",42]",-159.83676382300001,185.37383949919999
913,10916194490280,"[""ring12"",""active"",43]",-169.5565813787,176.52710033080001
914,219377941947507,"[""ring12"",""active"",44]",-178.78752341699999,167.17138783440001
915,77593315184034,"[""ring12"",""active"",45]",-187.5029747422,157.33367695090001
916,58681086670728,"[""ring12"",""active"",46]",-195.67780645209999,147.04233234739999
917,249342145052635,"[""ring12"",""active"",47]",-203.28844839039999,136.32702663480001
918,145178005254912,"[""ring12"",""active"",48]",-210.31295710649999,125.2186548131
919,44980537554465,"[""ring12"",""active"",49]",-216.73107912309999,113.749245194
920,46456468654295,"[""ring12"",""active"",50]",-222.52430933299999,101.9518670546
921,249442802094454,"[""ring12"",""active"",51]",-227.67594435390001,89.860535290000001
922,249608969179111,"[""ring12"",""active"",52]",-232.17113068840001,77.510112339800003
923,20616595894406,"[""ring12"",""active"",53]",-235.99690755060001,64.936207670599998
924,264769390966077,"[""ring12"",""active"",54]",-239.14224423530001,52.175075104500003
925,31999187835031,"[""ring12"",""active"",55]",-241.59807192279999,39.263508290200001
926,227396253847991,"[""ring12"",""active"",56]",-243.35730982600001,26.2387346173
927,165501752665255,"[""ring12"",""active"",57]",-244.41488560670001,13.138307879999999
928,95266915561523,"[""ring12"",""active"",58]",-244.76775000000001,0
929,166404974261654,"[""ring12"",""active"",59]",-244.41488560670001,-13.138307879999999
930,10201852040239,"[""ring12"",""active"",60]",-243.35730982600001,-26.2387346173
931,205465049660772,"[""ring12"",""active"",61]",-241.59807192279999,-39.263508290200001
932,10344509672464,"[""ring12"",""active"",62]",-239.14224423530001,-52.175075104500003
933,230525511777620,"[""ring12"",""active"",63]",-235.99690755060001,-64.936207670599998
934,150971642869940,"[""ring12"",""active"",64]",-232.17113068840001,-77.510112339800003
935,27433145668803,"[""ring12"",""active"",65]",-227.67594435390001,-89.860535290000001
936,98516881441238,"[""ring12"",""active"",66]",-222.52430933299999,-101.9518670546
937,114603262057233,"[""ring12"",""active"",67]",-216.73107912309999,-113.749245194
938,140207872446827,"[""ring12"",""active"",68]",-210.31295710649999,-125.2186548131
939,149562009251788,"[""ring12"",""active"",69]",-203.28844839039999,-136.32702663480001
940,236784146795693,"[""ring12"",""active"",70]",-195.67780645209999,-147.04233234739999
941,234297305485642,"[""ring12"",""active"",71]",-187.5029747422,-157.33367695090001
942,209156984760191,"[""ring12"",""active"",72]",-178.78752341699999,-167.17138783440001
943,174946711384915,"[""ring12"",""active"",73]",-169.5565813787,-176.52710033080001
944,118430693722699,"[""ring12"",""active"",74]",-159.83676382300001,-185.37383949919999
945,128304446077643,"[""ring12"",""active"",75]",-149.6560954999,-193.6860979002
946,210022615229227,"[""ring12"",""active"",76]",-139.04392991169999,-201.4399091411
947,154665226185820,"[""ring12"",""active"",77]",-128.03086467910001,-208.61291697690001
948,233373844302372,"[""ring12"",""active"",78]",-116.64865331999999,-215.18443976899999
949,99582618091822,"[""ring12"",""active"",79]",-104.9301136964,-221.1355301161
950,243934654619073,"[""ring12"",""active"",80]",-92.909033391500003,-226.4490294842
951,47614242750233,"[""ring12"",""active"",81]",-80.620072291900001,-231.109617679
952,9279963809241,"[""ring12"",""active"",82]",-68.0986626535,-235.1038570183
953,165811290820437,"[""ring12"",""active"",83]",-55.380906942000003,-238.42023107599999
954,265187751631559,"[""ring12"",""active"",84]",-42.503473739100002,-241.04917788739999
955,40422474913371,"[""ring12"",""active"",85]",-29.503492018599999,-242.983117518
956,239487686309002,"[""ring12"",""active"",86]",-16.4184440929,-244.21647391939999
957,122666795304571,"[""ring12"",""active"",87]",-3.2860575426,-244.74569100580001
958,75864942510999,"[""ring12"",""active"",88]",9.8558035622000002,-244.56924290719999
959,263579081709917,"[""ring12"",""active"",89]",22.969247834000001,-243.6876383693
960,161024714351662,"[""ring12"",""active"",90]",36.016465818199997,-242.10341928610001
961,280030850197261,"[""ring12"",""active"",91]",48.959839007799999,-239.82115337139999
962,218253714635309,"[""ring12"",""active"",92]",61.762048307199997,-236.84742098859999
963,217830259050576,"[""ring12"",""active"",93]",74.386181632800003,-233.190796178
964,7694552399685,"[""ring12"",""active"",94]",86.795840340400005,-228.86182193560001
965,228174665817603,"[""ring12"",""active"",95]",98.955244171299995,-223.8729798146
966,277705832341425,"[""ring12"",""active"",96]",110.8293344165,-218.23865393840001
967,97831994198355,"[""ring12"",""active"",97]",122.383875,-211.9750895272
968,244131129918854,"[""ring12"",""active"",98]",133.58555119019999,-205.10034605839999
969,194892250364782,"[""ring12"",""active"",99]",144.40206565470001,-197.6342451973
970,109180435459956,"[""ring12"",""active"",100]",154.8022315824,-189.5983136454
971,101382382657739,"[""ring12"",""active"",101]",164.75606260250001,-181.01572107359999
972,163383066976963,"[""ring12"",""active"",102]",174.2348592434,-171.91121331810001
973,170653666858158,"[""ring12"",""active"",103]",183.21129168069999,-162.31104103160001
974,43744543950323,"[""ring12"",""active"",104]",191.65947853579999,-152.24288399610001
975,276439940473265,"[""ring12"",""active"",105]",199.555061499,-141.7357713147
976,97667290093723,"[""ring12"",""active"",106]",206.87527556090001,-130.8199977132
977,65697387845285,"[""ring12"",""active"",107]",213.59901464910001,-119.5270361927
978,151110095186405,"[""ring12"",""active"",108]",219.70689248330001,-107.8894472847
979,61580402032051,"[""ring12"",""active"",109]",225.18129847060001,-95.940785170599995
980,84770271152357,"[""ring12"",""active"",110]",230.00644848140001,-83.715500936500007
981,85122021844772,"[""ring12"",""active"",111]",234.16843035900001,-71.248843241599999
982,144173032482230,"[""ring12"",""active"",112]",237.6552440323,-58.5767566874
983,176244116972311,"[""ring12"",""active"",113]",240.45683611480001,-45.7357781798
984,110613808500423,"[""ring12"",""active"",114]",242.56512889140001,-32.762931584
985,275429855542782,"[""ring12"",""active"",115]",243.9740436081,-19.695620975000001
986,105562974288314,"[""ring12"",""active"",116]",244.6795179991,-6.5715227920999997
987,213297009641175,"[""ring13"",""active"",0]",257.79888786999999,6.5859776776999999
988,75195992771248,"[""ring13"",""active"",1]",257.12632000669998,19.7407509692
989,77756164280441,"[""ring13"",""active"",2]",255.78293893270001,32.844022895499997
990,114138200992416,"[""ring13"",""active"",3]",253.7722493759,45.861608516099999
991,75905514426929,"[""ring13"",""active"",4]",251.09949699590001,58.759546436500003
992,79593789155106,"[""ring13"",""active"",5]",247.77165469830001,71.504187409300002
993,224024464921948,"[""ring13"",""active"",6]",243.79740444379999,84.062282121400003
994,115358409673717,"[""ring13"",""active"",7]",239.18711459759999,96.401067937500002
995,253947070548006,"[""ring13"",""active"",8]",233.95281287930001,108.4883543743
996,56640937062918,"[""ring13"",""active"",9]",228.10815498470001,120.2926070816
997,155964098212232,"[""ring13"",""active"",10]",221.66838895870001,131.78303011189999
998,90079464318083,"[""ring13"",""active"",11]",214.65031541569999,142.92964626329999
999,171187211124927,"[""ring13"",""active"",12]",207.07224370820001,153.7033752872
1000,136821204232748,"[""ring13"",""active"",13]",198.95394415999999,164.07610975450001
1001,115971082239510,"[""ring13"",""active"",14]",190.31659648780001,174.02078838540001
1002,72097578443091,"[""ring13"",""active"",15]",181.1827345454,183.51146664890001
1003,28413221684397,"[""ring13"",""active"",16]",171.57618753579999,192.52338444899999
1004,278485981031859,"[""ring13"",""active"",17]",161.52201784319999,201.03303072099999
1005,96159390607854,"[""ring13"",""active"",18]",151.0464556483,209.01820476949999
1006,166539769967329,"[""ring13"",""active"",19]",140.176830497,216.4580741872
1007,179958761746142,"[""ring13"",""active"",20]",128.94149999999999,223.33322920410001
1008,244866176847542,"[""ring13"",""active"",21]",117.3697758519,229.62573332599999
1009,197072398286193,"[""ring13"",""active"",22]",105.4918473597,235.31917012779999
1010,11412244382667,"[""ring13"",""active"",23]",93.338702682600001,240.3986860832
1011,221687157353772,"[""ring13"",""active"",24]",80.942047987500004,244.85102931500001
1012,269278683033416,"[""ring13"",""active"",25]",68.334224731000006,248.66458416789999
1013,104067888206321,"[""ring13"",""active"",26]",55.548125284500003,251.82940151299999
1014,254104218705053,"[""ring13"",""active"",27]",42.617107121499998,254.33722470289999
1015,181649543333504,"[""ring13"",""active"",28]",29.574905791999999,256.18151111349999
1016,84778092386348,"[""ring13"",""active"",29]",16.455546910100001,257.35744921200001
1017,173373651370546,"[""ring13"",""active"",30]",3.2932573852,257.8619711101
1018,155379072514124,"[""ring13"",""active"",31]",-9.8776238721999992,257.69376056789997
1019,63542301426551,"[""ring13"",""active"",32]",-23.022735536700001,256.85325642750001
1020,237809870710852,"[""ring13"",""active"",33]",-36.107783512899999,255.3426514681
1021,273607465278557,"[""ring13"",""active"",34]",-49.098630404700003,253.1658866857
1022,33764067025229,"[""ring13"",""active"",35]",-61.961384575799997,250.32864101109999
1023,110411429840760,"[""ring13"",""active"",36]",-74.662488569100006,246.8383164942
1024,58712024746136,"[""ring13"",""active"",37]",-87.168806654600004,242.70401899309999
1025,166870077349135,"[""ring13"",""active"",38]",-99.4477112764,237.9365344181
1026,119094303591965,"[""ring13"",""active"",39]",-111.4671681742,232.548300592
1027,220178697738434,"[""ring13"",""active"",40]",-123.1958199574,226.55337480169999
1028,219966376844426,"[""ring13"",""active"",41]",-134.60306791260001,219.967397124
1029,205134850792663,"[""ring13"",""active"",42]",-145.65915183249999,212.8075496228
1030,27691301402871,"[""ring13"",""active"",43]",-156.33522765629999,205.09251152260001
1031,220607542025826,"[""ring13"",""active"",44]",-166.60344272130001,196.84241047699999
1032,37495623747716,"[""ring13"",""active"",45]",-176.43700842679999,188.07877005770001
1033,198694389500383,"[""ring13"",""active"",46]",-185.8102701226,178.8244536018
1034,257225471507128,"[""ring13"",""active"",47]",-194.69877403909999,169.1036045644
1035,258198880208190,"[""ring13"",""active"",48]",-203.0793310846,158.94158353060001
1036,269062723872836,"[""ring13"",""active"",49]",-210.93007734259999,148.36490205320001
1037,262626287242684,"[""ring13"",""active"",50]",-218.23053111249999,137.40115348629999
1038,192097914777951,"[""ring13"",""active"",51]",-224.96164634389999,126.0789409983
1039,199714151705518,"[""ring13"",""active"",52]",-231.10586232579999,114.4278029486
1040,62427143292944,"[""ring13"",""active"",53]",-236.64714950019999,102.4781358263
1041,46873906860480,"[""ring13"",""active"",54]",-241.57105128149999,90.261114948400007
1042,20284609643554,"[""ring13"",""active"",55]",-245.86472177229999,77.808613127499996
1043,233189163668774,"[""ring13"",""active"",56]",-249.5169592764,65.153117519000006
1044,237793420755871,"[""ring13"",""active"",57]",-252.51823552330001,52.327644866
1045,136116521257291,"[""ring13"",""active"",58]",-254.8607205257,39.365655362200002
1046,260100402853990,"[""ring13"",""active"",59]",-256.53830300800001,26.300965358300001
1047,242212528664118,"[""ring13"",""active"",60]",-257.54660634880003,13.167659138799999
1048,265805318521810,"[""ring13"",""active"",61]",-257.88299999999998,0
1049,256763333786165,"[""ring13"",""active"",62]",-257.54660634880003,-13.167659138799999
1050,37956813547818,"[""ring13"",""active"",63]",-256.53830300800001,-26.300965358300001
1051,124903472850436,"[""ring13"",""active"",64]",-254.8607205257,-39.365655362200002
1052,228409984721145,"[""ring13"",""active"",65]",-252.51823552330001,-52.327644866
1053,257845415292791,"[""ring13"",""active"",66]",-249.5169592764,-65.153117519000006
1054,172941068119887,"[""ring13"",""active"",67]",-245.86472177229999,-77.808613127499996
1055,146714694009248,"[""ring13"",""active"",68]",-241.57105128149999,-90.261114948400007
1056,62281214065341,"[""ring13"",""active"",69]",-236.64714950019999,-102.4781358263
1057,123954796464206,"[""ring13"",""active"",70]",-231.10586232579999,-114.4278029486
1058,269529217296095,"[""ring13"",""active"",71]",-224.96164634389999,-126.0789409983
1059,182698035263456,"[""ring13"",""active"",72]",-218.23053111249999,-137.40115348629999
1060,193261455930841,"[""ring13"",""active"",73]",-210.93007734259999,-148.36490205320001
1061,240374523610471,"[""ring13"",""active"",74]",-203.0793310846,-158.94158353060001
1062,25847724206996,"[""ring13"",""active"",75]",-194.69877403909999,-169.1036045644
1063,99900438958548,"[""ring13"",""active"",76]",-185.8102701226,-178.8244536018
1064,41313077115241,"[""ring13"",""active"",77]",-176.43700842679999,-188.07877005770001
1065,93565013798631,"[""ring13"",""active"",78]",-166.60344272130001,-196.84241047699999
1066,19412408499543,"[""ring13"",""active"",79]",-156.33522765629999,-205.09251152260001
1067,266037415184431,"[""ring13"",""active"",80]",-145.65915183249999,-212.8075496228
1068,256884819153012,"[""ring13"",""active"",81]",-134.60306791260001,-219.967397124
1069,208397139707786,"[""ring13"",""active"",82]",-123.1958199574,-226.55337480169999
1070,28215220228214,"[""ring13"",""active"",83]",-111.4671681742,-232.548300592
1071,234154651378130,"[""ring13"",""active"",84]",-99.4477112764,-237.9365344181
1072,142766466290283,"[""ring13"",""active"",85]",-87.168806654600004,-242.70401899309999
1073,36206299997569,"[""ring13"",""active"",86]",-74.662488569100006,-246.8383164942
1074,262509828882602,"[""ring13"",""active"",87]",-61.961384575799997,-250.32864101109999
1075,109119713822066,"[""ring13"",""active"",88]",-49.098630404700003,-253.1658866857
1076,262320498875310,"[""ring13"",""active"",89]",-36.107783512899999,-255.3426514681
1077,159694436206282,"[""ring13"",""active"",90]",-23.022735536700001,-256.85325642750001
1078,198920033590915,"[""ring13"",""active"",91]",-9.8776238721999992,-257.69376056789997
1079,16081388735045,"[""ring13"",""active"",92]",3.2932573852,-257.8619711101
1080,66372082212908,"[""ring13"",""active"",93]",16.455546910100001,-257.35744921200001
1081,137384082064061,"[""ring13"",""active"",94]",29.574905791999999,-256.18151111349999
1082,5731066425198,"[""ring13"",""active"",95]",42.617107121499998,-254.33722470289999
1083,113270660518623,"[""ring13"",""active"",96]",55.548125284500003,-251.82940151299999
1084,96340150202368,"[""ring13"",""active"",97]",68.334224731000006,-248.66458416789999
1085,159217049809917,"[""ring13"",""active"",98]",80.942047987500004,-244.85102931500001
1086,214837968389671,"[""ring13"",""active"",99]",93.338702682600001,-240.3986860832
1087,115268345248886,"[""ring13"",""active"",100]",105.4918473597,-235.31917012779999
1088,158338418875060,"[""ring13"",""active"",101]",117.3697758519,-229.62573332599999
1089,172741640759657,"[""ring13"",""active"",102]",128.94149999999999,-223.33322920410001
1090,189051532114106,"[""ring13"",""active"",103]",140.176830497,-216.4580741872
1091,52087541888626,"[""ring13"",""active"",104]",151.0464556483,-209.01820476949999
1092,64583828452707,"[""ring13"",""active"",105]",161.52201784319999,-201.03303072099999
1093,246239122304271,"[""ring13"",""active"",106]",171.57618753579999,-192.52338444899999
1094,257474299046800,"[""ring13"",""active"",107]",181.1827345454,-183.51146664890001
1095,150562822561842,"[""ring13"",""active"",108]",190.31659648780001,-174.02078838540001
1096,65922793645812,"[""ring13"",""active"",109]",198.95394415999999,-164.07610975450001
1097,190461575870470,"[""ring13"",""active"",110]",207.07224370820001,-153.7033752872
1098,223181713130484,"[""ring13"",""active"",111]",214.65031541569999,-142.92964626329999
1099,182646617967587,"[""ring13"",""active"",112]",221.66838895870001,-131.78303011189999
1100,214047941104287,"[""ring13"",""active"",113]",228.10815498470001,-120.2926070816
1101,85053400414174,"[""ring13"",""active"",114]",233.95281287930001,-108.4883543743
1102,174984015660313,"[""ring13"",""active"",115]",239.18711459759999,-96.401067937500002
1103,57468794985210,"[""ring13"",""active"",116]",243.79740444379999,-84.062282121400003
1104,121178945039635,"[""ring13"",""active"",117]",247.77165469830001,-71.504187409300002
1105,51553472216118,"[""ring13"",""active"",118]",251.09949699590001,-58.759546436500003
1106,11545260115334,"[""ring13"",""active"",119]",253.7722493759,-45.861608516099999
1107,189116214371953,"[""ring13"",""active"",120]",255.78293893270001,-32.844022895499997
1108,154293181366446,"[""ring13"",""active"",121]",257.12632000669998,-19.7407509692
1109,96829031723895,"[""ring13"",""active"",122]",257.79888786999999,-6.5859776776999999
1110,165521876770160,"[""ring14"",""active"",0]",270.91789084700002,6.5990849439000003
1111,220781063234208,"[""ring14"",""active"",1]",270.27530354129999,19.781602531299999
1112,277729416573949,"[""ring14"",""active"",2]",268.99165307620001,32.917200342999998
1113,116124002375182,"[""ring14"",""active"",3]",267.06998412849998,45.974722192199998
1114,89963099715261,"[""ring14"",""active"",4]",264.5148546849,58.923197079799998
1115,37844420093744,"[""ring14"",""active"",5]",261.33232522989999,71.731912653799995
1116,42964507451191,"[""ring14"",""active"",6]",257.52994437199999,84.370488056100001
1117,247535241469648,"[""ring14"",""active"",7]",253.11673093830001,96.808945981999997
1118,88950734206602,"[""ring14"",""active"",8]",248.10315258360001,109.0177837838
1119,164070270869329,"[""ring14"",""active"",9]",242.50110096189999,120.9680434468
1120,163899520792589,"[""ring14"",""active"",10]",236.3238635205,132.63138027560001
1121,12640003296592,"[""ring14"",""active"",11]",229.5860919843,143.98013012359999
1122,5255470547261,"[""ring14"",""active"",12]",222.30376760300001,154.9873750102
1123,6779128017491,"[""ring14"",""active"",13]",214.4941632455,165.62700696650001
1124,108190285495901,"[""ring14"",""active"",14]",206.17580243040001,175.873789961
1125,39848678046352,"[""ring14"",""active"",15]",197.36841539049999,185.7034197566
1126,104440436143463,"[""ring14"",""active"",16]",188.092892275,195.09258155730001
1127,196974781915655,"[""ring14"",""active"",17]",178.37123359969999,204.01900530879999
1128,11351353555516,"[""ring14"",""active"",18]",168.2264980651,212.46151851990001
1129,222776227942792,"[""ring14"",""active"",19]",157.68274786309999,220.4000964823
1130,13049090244020,"[""ring14"",""active"",20]",146.76499160419999,227.815909766
1131,101300716087733,"[""ring14"",""active"",21]",135.49912499999999,234.6913688811
1132,80693098301653,"[""ring14"",""active"",22]",123.9118694415,241.0101659984
1133,160012145064261,"[""ring14"",""active"",23]",112.0307086187,246.7573136291
1134,51468201348844,"[""ring14"",""active"",24]",99.883823332299997,251.91918017410001
1135,169438365934401,"[""ring14"",""active"",25]",87.5000246524,256.4835222561
1136,44297045969110,"[""ring14"",""active"",26]",74.908685581100002,260.4395137601
1137,226955197929705,"[""ring14"",""active"",27]",62.139671383600003,263.7777715112
1138,198014312129454,"[""ring14"",""active"",28]",49.223268750899997,266.49037753089999
1139,180640409003371,"[""ring14"",""active"",29]",36.190113963000002,268.57089781730002
1140,133818827219190,"[""ring14"",""active"",30]",23.071120223200001,270.01439760630001
1141,127403532046269,"[""ring14"",""active"",31]",9.8974043350999992,270.8174530759
1142,36785821662829,"[""ring14"",""active"",32]",-3.2997871025999999,270.97815946700001
1143,203342938881546,"[""ring14"",""active"",33]",-16.489151809900001,270.49613560210003
1144,231496839406695,"[""ring14"",""active"",34]",-29.6394060708,269.37252478829998
1145,192153151333618,"[""ring14"",""active"",35]",-42.719358935099997,267.60999210649999
1146,210943705361219,"[""ring14"",""active"",36]",-55.697986199799999,265.21271808940003
1147,108143700784386,"[""ring14"",""active"",37]",-68.544503994699994,262.18638880610001
1148,76865928448142,"[""ring14"",""active"",38]",-81.228441799099997,258.53818237529998
1149,200059509651920,"[""ring14"",""active"",39]",-93.719714713900004,254.27675193970001
1150,72724369807386,"[""ring14"",""active"",40]",-105.9886948196,249.41220514139999
1151,167711516952786,"[""ring14"",""active"",41]",-118.00628145100001,243.95608014800001
1152,109031202809065,"[""ring14"",""active"",42]",-129.74397022030001,237.9213182851
1153,142206005456204,"[""ring14"",""active"",43]",-141.17392062659999,231.32223334119999
1154,80172088093958,"[""ring14"",""active"",44]",-152.26902209030001,224.17447761669999
1155,230951571330593,"[""ring14"",""active"",45]",-163.00295825660001,216.4950047984
1156,267854983090524,"[""ring14"",""active"",46]",-173.35026941469999,208.3020297475
1157,262115093678066,"[""ring14"",""active"",47]",-183.2864128857,199.61498529560001
1158,264510882229136,"[""ring14"",""active"",48]",-192.7878212352,190.4544761523
1159,125975122494763,"[""ring14"",""active"",49]",-201.83195817219999,180.84223003330001
1160,154642961588767,"[""ring14"",""active"",50]",-210.39737200319999,170.80104612439999
1161,119322581839012,"[""ring14"",""active"",51]",-218.46374651279999,160.3547410045
1162,123848728733568,"[""ring14"",""active"",52]",-226.011949152,149.5280921552
1163,179482561833507,"[""ring14"",""active"",53]",-233.02407641790001,138.34677919149999
1164,33015343834190,"[""ring14"",""active"",54]",-239.48349631939999,126.8373229522
1165,126957954850566,"[""ring14"",""active"",55]",-245.37488782619999,115.0270225961
1166,91554095515787,"[""ring14"",""active"",56]",-250.68427720849999,102.9438908508
1167,233918787006458,"[""ring14"",""active"",57]",-255.3990711813,90.616587569800004
1168,93963281763917,"[""ring14"",""active"",58]",-259.50808677409998,78.074351754600002
1169,212226544833028,"[""ring14"",""active"",59]",-263.00157785599998,65.346932202700003
1170,121944945474230,"[""ring14"",""active"",60]",-265.87125825210001,52.4645169474
1171,244875630498560,"[""ring14"",""active"",61]",-268.1103213975,39.457661654100001
1172,168307710207132,"[""ring14"",""active"",62]",-269.71345648179999,26.3572171468
1173,278578927113112,"[""ring14"",""active"",63]",-270.67686104569998,13.194256232400001
1174,48423019669204,"[""ring14"",""active"",64]",-270.99824999999998,0
1175,213564933028245,"[""ring14"",""active"",65]",-270.67686104569998,-13.194256232400001
1176,25205538278220,"[""ring14"",""active"",66]",-269.71345648179999,-26.3572171468
1177,153992992233852,"[""ring14"",""active"",67]",-268.1103213975,-39.457661654100001
1178,86422131754859,"[""ring14"",""active"",68]",-265.87125825210001,-52.4645169474
1179,273623864397578,"[""ring14"",""active"",69]",-263.00157785599998,-65.346932202700003
1180,249484876394297,"[""ring14"",""active"",70]",-259.50808677409998,-78.074351754600002
1181,66858818865940,"[""ring14"",""active"",71]",-255.3990711813,-90.616587569800004
1182,190491352311633,"[""ring14"",""active"",72]",-250.68427720849999,-102.9438908508
1183,110628173690996,"[""ring14"",""active"",73]",-245.37488782619999,-115.0270225961
1184,240500657153407,"[""ring14"",""active"",74]",-239.48349631939999,-126.8373229522
1185,238403072576231,"[""ring14"",""active"",75]",-233.02407641790001,-138.34677919149999
1186,102593657771864,"[""ring14"",""active"",76]",-226.011949152,-149.5280921552
1187,231658491970914,"[""ring14"",""active"",77]",-218.46374651279999,-160.3547410045
1188,142032638776788,"[""ring14"",""active"",78]",-210.39737200319999,-170.80104612439999
1189,234397770208937,"[""ring14"",""active"",79]",-201.83195817219999,-180.84223003330001
1190,139913802883354,"[""ring14"",""active"",80]",-192.7878212352,-190.4544761523
1191,153925458068499,"[""ring14"",""active"",81]",-183.2864128857,-199.61498529549999
1192,55754587224573,"[""ring14"",""active"",82]",-173.35026941469999,-208.3020297475
1193,94593199519989,"[""ring14"",""active"",83]",-163.00295825660001,-216.4950047984
1194,23295052439916,"[""ring14"",""active"",84]",-152.26902209030001,-224.17447761669999
1195,73030158914170,"[""ring14"",""active"",85]",-141.17392062659999,-231.32223334119999
1196,60069928433582,"[""ring14"",""active"",86]",-129.74397022030001,-237.9213182851
1197,168594754478742,"[""ring14"",""active"",87]",-118.00628145100001,-243.95608014800001
1198,88588187381472,"[""ring14"",""active"",88]",-105.9886948196,-249.41220514139999
1199,4235587694370,"[""ring14"",""active"",89]",-93.719714713900004,-254.27675193970001
1200,150488079226957,"[""ring14"",""active"",90]",-81.228441799099997,-258.53818237529998
1201,263053778912769,"[""ring14"",""active"",91]",-68.544503994699994,-262.18638880610001
1202,175626298057502,"[""ring14"",""active"",92]",-55.697986199799999,-265.21271808940003
1203,71938830255529,"[""ring14"",""active"",93]",-42.719358935099997,-267.60999210649999
1204,198864484214443,"[""ring14"",""active"",94]",-29.6394060708,-269.37252478829998
1205,146733266417024,"[""ring14"",""active"",95]",-16.489151809900001,-270.49613560210003
1206,238562325658976,"[""ring14"",""active"",96]",-3.2997871025999999,-270.97815946700001
1207,197606680473689,"[""ring14"",""active"",97]",9.8974043350999992,-270.8174530759
1208,259390075620803,"[""ring14"",""active"",98]",23.071120223200001,-270.01439760630001
1209,170116120698118,"[""ring14"",""active"",99]",36.190113963000002,-268.57089781730002
1210,107742301018192,"[""ring14"",""active"",100]",49.223268750899997,-266.49037753089999
1211,245440387150543,"[""ring14"",""active"",101]",62.139671383600003,-263.7777715112
1212,188341486774513,"[""ring14"",""active"",102]",74.908685581100002,-260.4395137601
1213,131310957410491,"[""ring14"",""active"",103]",87.5000246524,-256.4835222561
1214,182407800481005,"[""ring14"",""active"",104]",99.883823332299997,-251.91918017410001
1215,11439508708079,"[""ring14"",""active"",105]",112.0307086187,-246.7573136291
1216,198901339841775,"[""ring14"",""active"",106]",123.9118694415,-241.0101659984
1217,25940401524802,"[""ring14"",""active"",107]",135.49912499999999,-234.6913688811
1218,244769720855644,"[""ring14"",""active"",108]",146.76499160419999,-227.815909766
1219,218846116043648,"[""ring14"",""active"",109]",157.68274786309999,-220.4000964823
1220,56736207360768,"[""ring14"",""active"",110]",168.2264980651,-212.46151851990001
1221,60634598257175,"[""ring14"",""active"",111]",178.37123359969999,-204.01900530879999
1222,105940736597232,"[""ring14"",""active"",112]",188.092892275,-195.09258155730001
1223,117761648078679,"[""ring14"",""active"",113]",197.36841539049999,-185.7034197566
1224,5086298317043,"[""ring14"",""active"",114]",206.17580243040001,-175.873789961
1225,261058592629171,"[""ring14"",""active"",115]",214.4941632455,-165.62700696650001
1226,269911043411629,"[""ring14"",""active"",116]",222.30376760300001,-154.9873750102
1227,118175019741976,"[""ring14"",""active"",117]",229.5860919843,-143.98013012359999
1228,104705800302701,"[""ring14"",""active"",118]",236.3238635205,-132.63138027560001
1229,214683212472702,"[""ring14"",""active"",119]",242.50110096189999,-120.9680434468
1230,52846934536192,"[""ring14"",""active"",120]",248.10315258360001,-109.0177837838
1231,128678306911609,"[""ring14"",""active"",121]",253.11673093830001,-96.808945982099999
1232,87512828126621,"[""ring14"",""active"",122]",257.52994437199999,-84.370488056100001
1233,217054029818238,"[""ring14"",""active"",123]",261.33232522989999,-71.731912653799995
1234,65949936761626,"[""ring14"",""active"",124]",264.5148546849,-58.923197079799998
1235,116056289881208,"[""ring14"",""active"",125]",267.06998412849998,-45.974722192199998
1236,75109967983850,"[""ring14"",""active"",126]",268.99165307620001,-32.917200342999998
1237,195353107458117,"[""ring14"",""active"",127]",270.27530354129999,-19.781602531299999
1238,473120660121,"[""ring14"",""active"",128]",270.91789084700002,-6.5990849439000003
1239,259212103618568,"[""ring15"",""active"",0]",284.03770082279999,6.5624228402
1240,133443344161279,"[""ring15"",""active"",1]",283.43155005509999,19.673263979400001
1241,197648184705491,"[""ring15"",""active"",2]",282.22054207600002,32.742121381899999
1242,52106100998113,"[""ring15"",""active"",3]",280.40726123749999,45.741105447300001
1243,56875388605354,"[""ring15"",""active"",4]",277.99557717229999,58.642475688499999
1244,93860728925624,"[""ring15"",""active"",5]",274.99063653579998,71.418699931399999
1245,250866175170411,"[""ring15"",""active"",6]",271.3988520227,84.042513069400002
1246,81684147593473,"[""ring15"",""active"",7]",267.22788868219999,96.4869752492
1247,97992445606301,"[""ring15"",""active"",8]",262.48664756009998,108.7255293613
1248,230829756256160,"[""ring15"",""active"",9]",257.18524670419998,120.7320577145
1249,43377485708803,"[""ring15"",""active"",10]",251.33499957079999,132.48093777220001
1250,81120339377481,"[""ring15"",""active"",11]",244.9483908823,143.94709683229999
1251,279364788569901,"[""ring15"",""active"",12]",238.0390499833,155.10606553349999
1252,5194909739840,"[""ring15"",""active"",13]",230.62172175570001,165.9340300742
1253,267305865248056,"[""ring15"",""active"",14]",222.7122351516,176.4078830325
1254,105954157304361,"[""ring15"",""active"",15]",214.32746941409999,186.5052726783
1255,174576859448037,"[""ring15"",""active"",16]",205.48531805569999,196.20465067320001
1256,160207716641544,"[""ring15"",""active"",17]",196.20465067320001,205.48531805569999
1257,73520737797048,"[""ring15"",""active"",18]",186.5052726783,214.32746941409999
1258,6713702698585,"[""ring15"",""active"",19]",176.4078830325,222.7122351516
1259,195301154799590,"[""ring15"",""active"",20]",165.9340300742,230.62172175570001
1260,201669159287225,"[""ring15"",""active"",21]",155.10606553349999,238.0390499833
1261,209990551669753,"[""ring15"",""active"",22]",143.94709683229999,244.9483908823
1262,32571105795623,"[""ring15"",""active"",23]",132.48093777220001,251.33499957079999
1263,262300684399781,"[""ring15"",""active"",24]",120.7320577145,257.18524670419998
1264,200861100011056,"[""ring15"",""active"",25]",108.7255293613,262.48664756009998
1265,26128418700104,"[""ring15"",""active"",26]",96.4869752492,267.22788868219999
1266,234574533317925,"[""ring15"",""active"",27]",84.042513069400002,271.3988520227
1267,263796972873561,"[""ring15"",""active"",28]",71.418699931399999,274.99063653579998
1268,81482977543357,"[""ring15"",""active"",29]",58.642475688499999,277.99557717229999
1269,165450055074352,"[""ring15"",""active"",30]",45.741105447300001,280.40726123749999
1270,228344882376100,"[""ring15"",""active"",31]",32.742121381899999,282.22054207600002
1271,94268610072374,"[""ring15"",""active"",32]",19.673263979400001,283.43155005509999
1272,197372566965640,"[""ring15"",""active"",33]",6.5624228402,284.03770082279999
1273,132585554488954,"[""ring15"",""active"",34]",-6.5624228402,284.03770082279999
1274,97263302824896,"[""ring15"",""active"",35]",-19.673263979400001,283.43155005509999
1275,232469024281685,"[""ring15"",""active"",36]",-32.742121381899999,282.22054207600002
1276,159699280532894,"[""ring15"",""active"",37]",-45.741105447300001,280.40726123749999
1277,191122481008251,"[""ring15"",""active"",38]",-58.642475688499999,277.99557717229999
1278,220089412287740,"[""ring15"",""active"",39]",-71.418699931399999,274.99063653579998
1279,276276095719582,"[""ring15"",""active"",40]",-84.042513069400002,271.3988520227
1280,167553349737317,"[""ring15"",""active"",41]",-96.4869752492,267.22788868219999
1281,253158467848667,"[""ring15"",""active"",42]",-108.7255293613,262.48664756009998
1282,30989953454086,"[""ring15"",""active"",43]",-120.7320577145,257.18524670419998
1283,66403068318291,"[""ring15"",""active"",44]",-132.48093777220001,251.33499957079999
1284,57035283632322,"[""ring15"",""active"",45]",-143.94709683229999,244.9483908823
1285,20564325801018,"[""ring15"",""active"",46]",-155.10606553349999,238.0390499833
1286,111532104877773,"[""ring15"",""active"",47]",-165.9340300742,230.62172175570001
1287,66990161067564,"[""ring15"",""active"",48]",-176.4078830325,222.7122351516
1288,91916441936778,"[""ring15"",""active"",49]",-186.5052726783,214.32746941409999
1289,273418900851785,"[""ring15"",""active"",50]",-196.20465067320001,205.48531805569999
1290,92957508625192,"[""ring15"",""active"",51]",-205.48531805569999,196.20465067320001
1291,275605062085477,"[""ring15"",""active"",52]",-214.32746941409999,186.5052726783
1292,130013491045549,"[""ring15"",""active"",53]",-222.7122351516,176.4078830325
1293,119163007092565,"[""ring15"",""active"",54]",-230.62172175570001,165.9340300742
1294,191958207238798,"[""ring15"",""active"",55]",-238.0390499833,155.10606553349999
1295,106294614914250,"[""ring15"",""active"",56]",-244.9483908823,143.94709683229999
1296,196740456360525,"[""ring15"",""active"",57]",-251.33499957079999,132.48093777220001
1297,111219419266340,"[""ring15"",""active"",58]",-257.18524670419998,120.7320577145
1298,130464597535559,"[""ring15"",""active"",59]",-262.48664756009998,108.7255293613
1299,199716584153140,"[""ring15"",""active"",60]",-267.22788868219999,96.4869752492
1300,182892645988234,"[""ring15"",""active"",61]",-271.3988520227,84.042513069400002
1301,221054123772071,"[""ring15"",""active"",62]",-274.99063653579998,71.418699931399999
1302,3324005652176,"[""ring15"",""active"",63]",-277.99557717229999,58.642475688499999
1303,46892702591934,"[""ring15"",""active"",64]",-280.40726123749999,45.741105447300001
1304,121264571975823,"[""ring15"",""active"",65]",-282.22054207600002,32.742121381899999
1305,264643561389576,"[""ring15"",""active"",66]",-283.43155005509999,19.673263979400001
1306,6104868983332,"[""ring15"",""active"",67]",-284.03770082279999,6.5624228402
1307,137290986780193,"[""ring15"",""active"",68]",-284.03770082279999,-6.5624228402
1308,91204338331379,"[""ring15"",""active"",69]",-283.43155005509999,-19.673263979400001
1309,150304764922938,"[""ring15"",""active"",70]",-282.22054207600002,-32.742121381899999
1310,52830853654258,"[""ring15"",""active"",71]",-280.40726123749999,-45.741105447300001
1311,99525184265806,"[""ring15"",""active"",72]",-277.99557717229999,-58.642475688499999
1312,228315376663278,"[""ring15"",""active"",73]",-274.99063653579998,-71.418699931399999
1313,114321155340225,"[""ring15"",""active"",74]",-271.3988520227,-84.042513069400002
1314,39233505499888,"[""ring15"",""active"",75]",-267.22788868219999,-96.4869752492
1315,22726234347156,"[""ring15"",""active"",76]",-262.48664756009998,-108.7255293613
1316,262613881902835,"[""ring15"",""active"",77]",-257.18524670419998,-120.7320577145
1317,66265991293552,"[""ring15"",""active"",78]",-251.33499957079999,-132.48093777220001
1318,229075944153635,"[""ring15"",""active"",79]",-244.9483908823,-143.94709683229999
1319,214154437290567,"[""ring15"",""active"",80]",-238.0390499833,-155.10606553349999
1320,74016198572246,"[""ring15"",""active"",81]",-230.62172175570001,-165.9340300742
1321,219306611378044,"[""ring15"",""active"",82]",-222.7122351516,-176.4078830325
1322,214206830998113,"[""ring15"",""active"",83]",-214.32746941409999,-186.5052726783
1323,185425079044593,"[""ring15"",""active"",84]",-205.48531805569999,-196.20465067320001
1324,88980372223594,"[""ring15"",""active"",85]",-196.20465067320001,-205.48531805569999
1325,238122011130581,"[""ring15"",""active"",86]",-186.5052726783,-214.32746941409999
1326,227444938917402,"[""ring15"",""active"",87]",-176.4078830325,-222.7122351516
1327,194635426361415,"[""ring15"",""active"",88]",-165.9340300742,-230.62172175570001
1328,52749987776962,"[""ring15"",""active"",89]",-155.10606553349999,-238.0390499833
1329,217737432651963,"[""ring15"",""active"",90]",-143.94709683229999,-244.9483908823
1330,267632697404921,"[""ring15"",""active"",91]",-132.48093777220001,-251.33499957079999
1331,9824114316099,"[""ring15"",""active"",92]",-120.7320577145,-257.18524670419998
1332,250145362902141,"[""ring15"",""active"",93]",-108.7255293613,-262.48664756009998
1333,76843182733081,"[""ring15"",""active"",94]",-96.4869752492,-267.22788868219999
1334,88797921873446,"[""ring15"",""active"",95]",-84.042513069400002,-271.3988520227
1335,35800965919726,"[""ring15"",""active"",96]",-71.418699931399999,-274.99063653579998
1336,273068505438699,"[""ring15"",""active"",97]",-58.642475688499999,-277.99557717229999
1337,142739253956927,"[""ring15"",""active"",98]",-45.741105447300001,-280.40726123749999
1338,36622147450458,"[""ring15"",""active"",99]",-32.742121381899999,-282.22054207600002
1339,40725664284004,"[""ring15"",""active"",100]",-19.673263979400001,-283.43155005509999
1340,204310470875647,"[""ring15"",""active"",101]",-6.5624228402,-284.03770082279999
1341,169861755553393,"[""ring15"",""active"",102]",6.5624228402,-284.03770082279999
1342,88995080594103,"[""ring15"",""active"",103]",19.673263979400001,-283.43155005509999
1343,50100395270457,"[""ring15"",""active"",104]",32.742121381899999,-282.22054207600002
1344,193793736353104,"[""ring15"",""active"",105]",45.741105447300001,-280.40726123749999
1345,167479042217002,"[""ring15"",""active"",106]",58.642475688499999,-277.99557717229999
1346,64986316465694,"[""ring15"",""active"",107]",71.418699931399999,-274.99063653579998
1347,35276538837329,"[""ring15"",""active"",108]",84.042513069400002,-271.3988520227
1348,255743880772885,"[""ring15"",""active"",109]",96.4869752492,-267.22788868219999
1349,151907051827430,"[""ring15"",""active"",110]",108.7255293613,-262.48664756009998
1350,134385797693950,"[""ring15"",""active"",111]",120.7320577145,-257.18524670419998
1351,37134238671359,"[""ring15"",""active"",112]",132.48093777220001,-251.33499957079999
1352,152344736214831,"[""ring15"",""active"",113]",143.94709683229999,-244.9483908823
1353,275750035530644,"[""ring15"",""active"",114]",155.10606553349999,-238.0390499833
1354,255331147916648,"[""ring15"",""active"",115]",165.9340300742,-230.62172175570001
1355,154355497792895,"[""ring15"",""active"",116]",176.4078830325,-222.7122351516
1356,46806515055276,"[""ring15"",""active"",117]",186.5052726783,-214.32746941409999
1357,272389089847533,"[""ring15"",""active"",118]",196.20465067320001,-205.48531805569999
1358,101993828738359,"[""ring15"",""active"",119]",205.48531805569999,-196.20465067320001
1359,68424580916613,"[""ring15"",""active"",120]",214.32746941409999,-186.5052726783
1360,51546915386042,"[""ring15"",""active"",121]",222.7122351516,-176.4078830325
1361,172827283982721,"[""ring15"",""active"",122]",230.62172175570001,-165.9340300742
1362,170432097981546,"[""ring15"",""active"",123]",238.0390499833,-155.10606553349999
1363,139660057820024,"[""ring15"",""active"",124]",244.9483908823,-143.94709683229999
1364,189874177124259,"[""ring15"",""active"",125]",251.33499957079999,-132.48093777220001
1365,206231192438809,"[""ring15"",""active"",126]",257.18524670419998,-120.7320577145
1366,213772904359274,"[""ring15"",""active"",127]",262.48664756009998,-108.7255293613
1367,120788764153735,"[""ring15"",""active"",128]",267.22788868219999,-96.4869752492
1368,21664756132764,"[""ring15"",""active"",129]",271.3988520227,-84.042513069400002
1369,221566204865194,"[""ring15"",""active"",130]",274.99063653579998,-71.418699931399999
1370,169639666653311,"[""ring15"",""active"",131]",277.99557717229999,-58.642475688499999
1371,205599993332939,"[""ring15"",""active"",132]",280.40726123749999,-45.741105447300001
1372,144433080557057,"[""ring15"",""active"",133]",282.22054207600002,-32.742121381899999
1373,169805117689061,"[""ring15"",""active"",134]",283.43155005509999,-19.673263979400001
1374,263173312980897,"[""ring15"",""active"",135]",284.03770082279999,-6.5624228402
1375,193447473720018,"[""ring16"",""active"",0]",297.15601119510001,6.5753203118999997
1376,87265361536470,"[""ring16"",""active"",1]",296.5743143487,19.713089437499999
1377,76753201431482,"[""ring16"",""active"",2]",295.41205935480002,32.812269264800001
1378,244633680785605,"[""ring16"",""active"",3]",293.67152138220001,45.847217534099997
1379,171089089649091,"[""ring16"",""active"",4]",291.35610761570001,58.792417722099998
1380,75222676762851,"[""ring16"",""active"",5]",288.4703505864,71.622528991600007
1381,159687415027606,"[""ring16"",""active"",6]",285.01989929920001,84.312435797099994
1382,205870072698856,"[""ring16"",""active"",7]",281.01150817460001,96.837297050199993
1383,16864311046591,"[""ring16"",""active"",8]",276.45302382649999,109.1725947469
1384,204981441336373,"[""ring16"",""active"",9]",271.35336970190002,121.29418196260001
1385,103723275366416,"[""ring16"",""active"",10]",265.72252861340002,133.1783301211
1386,135248353464592,"[""ring16"",""active"",11]",259.5715231968,144.80177544439999
1387,273325127549535,"[""ring16"",""active"",12]",252.912394334,156.14176449230001
1388,228939531969834,"[""ring16"",""active"",13]",245.75817758260001,167.17609870390001
1389,136619400440251,"[""ring16"",""active"",14]",238.1228776577,177.88317785160001
1390,19320977857301,"[""ring16"",""active"",15]",230.02144101760001,188.2420423252
1391,137174363616339,"[""ring16"",""active"",16]",221.4697266048,198.23241416120001
1392,116954962661799,"[""ring16"",""active"",17]",212.48447480199999,207.83473673739999
1393,142161348478028,"[""ring16"",""active"",18]",203.0832746614,217.0302130565
1394,50842970292472,"[""ring16"",""active"",19]",193.28452947389999,225.80084254179999
1395,267570022784505,"[""ring16"",""active"",20]",183.10742074340001,234.1294562743
1396,13864981062684,"[""ring16"",""active"",21]",172.57187063789999,241.99975060130001
1397,130420148558664,"[""ring16"",""active"",22]",161.6985029917,249.3963190522
1398,55930330310476,"[""ring16"",""active"",23]",150.50860293260001,256.3046824969
1399,73577390635375,"[""ring16"",""active"",24]",139.0240752153,262.7113174895
1400,149399166553063,"[""ring16"",""active"",25]",127.2674013422,268.60368274130002
1401,279402197812434,"[""ring16"",""active"",26]",115.2615955545,273.97024367040001
1402,264334776305930,"[""ring16"",""active"",27]",103.03015978080001,278.8004949818
1403,196885275650974,"[""ring16"",""active"",28]",90.597037631000006,283.08498123189997
1404,42941508145883,"[""ring16"",""active"",29]",77.986567525599995,286.81531533750001
1405,115921171693836,"[""ring16"",""active"",30]",65.223435052100001,289.98419499440001
1406,99080569954259,"[""ring16"",""active"",31]",52.332624641499997,292.58541697200002
1407,154937969768674,"[""ring16"",""active"",32]",39.339370660599997,294.61388925609998
1408,225736060795511,"[""ring16"",""active"",33]",26.269108014299999,296.06564101679999
1409,157898677119004,"[""ring16"",""active"",34]",13.1474223555,296.93783038200002
1410,59551296272313,"[""ring16"",""active"",35]",0,297.22874999999999
1411,274313755171394,"[""ring16"",""active"",36]",-13.1474223555,296.93783038200002
1412,82259964132185,"[""ring16"",""active"",37]",-26.269108014299999,296.06564101679999
1413,89028808034281,"[""ring16"",""active"",38]",-39.339370660599997,294.61388925609998
1414,71214580142678,"[""ring16"",""active"",39]",-52.332624641499997,292.58541697200002
1415,209832996406320,"[""ring16"",""active"",40]",-65.223435052100001,289.98419499440001
1416,245758326240794,"[""ring16"",""active"",41]",-77.986567525599995,286.81531533750001
1417,224307788764112,"[""ring16"",""active"",42]",-90.597037631000006,283.08498123189997
1418,444633846910,"[""ring16"",""active"",43]",-103.03015978080001,278.8004949818
1419,32576038785920,"[""ring16"",""active"",44]",-115.2615955545,273.97024367040001
1420,33234973475922,"[""ring16"",""active"",45]",-127.2674013422,268.60368274130002
1421,238501059863328,"[""ring16"",""active"",46]",-139.0240752153,262.7113174895
1422,14330179294251,"[""ring16"",""active"",47]",-150.50860293260001,256.3046824969
1423,108102254257362,"[""ring16"",""active"",48]",-161.6985029917,249.3963190522
1424,16631441601829,"[""ring16"",""active"",49]",-172.57187063789999,241.99975060130001
1425,234907186680731,"[""ring16"",""active"",50]",-183.10742074340001,234.1294562743
1426,179552535594046,"[""ring16"",""active"",51]",-193.28452947389999,225.80084254179999
1427,258165220027317,"[""ring16"",""active"",52]",-203.0832746614,217.0302130565
1428,155003283069244,"[""ring16"",""active"",53]",-212.48447480199999,207.83473673739999
1429,7335489149434,"[""ring16"",""active"",54]",-221.4697266048,198.23241416120001
1430,87164892262637,"[""ring16"",""active"",55]",-230.02144101760001,188.2420423252
1431,248931544040157,"[""ring16"",""active"",56]",-238.1228776577,177.88317785160001
1432,272615998927664,"[""ring16"",""active"",57]",-245.75817758260001,167.17609870390001
1433,94315279257914,"[""ring16"",""active"",58]",-252.912394334,156.14176449230001
1434,190751843800270,"[""ring16"",""active"",59]",-259.5715231968,144.80177544439999
1435,176357689890001,"[""ring16"",""active"",60]",-265.72252861340002,133.1783301211
1436,270298400263533,"[""ring16"",""active"",61]",-271.35336970190002,121.29418196260001
1437,257840753784473,"[""ring16"",""active"",62]",-276.45302382649999,109.1725947469
1438,209845167553271,"[""ring16"",""active"",63]",-281.01150817460001,96.837297050199993
1439,77772483715893,"[""ring16"",""active"",64]",-285.01989929920001,84.312435797099994
1440,148848413995031,"[""ring16"",""active"",65]",-288.4703505864,71.622528991600007
1441,5015204120109,"[""ring16"",""active"",66]",-291.35610761570001,58.792417722099998
1442,192847377889347,"[""ring16"",""active"",67]",-293.67152138220001,45.847217534099997
1443,178399702431466,"[""ring16"",""active"",68]",-295.41205935480002,32.812269264800001
1444,24408035345326,"[""ring16"",""active"",69]",-296.5743143487,19.713089437499999
1445,37622008485791,"[""ring16"",""active"",70]",-297.15601119510001,6.5753203118999997
1446,32406834867674,"[""ring16"",""active"",71]",-297.15601119510001,-6.5753203118999997
1447,151002547788672,"[""ring16"",""active"",72]",-296.5743143487,-19.713089437499999
1448,238959383580873,"[""ring16"",""active"",73]",-295.41205935480002,-32.812269264800001
1449,141409688199073,"[""ring16"",""active"",74]",-293.67152138220001,-45.847217534099997
1450,10321860085575,"[""ring16"",""active"",75]",-291.35610761570001,-58.792417722099998
1451,224933793133217,"[""ring16"",""active"",76]",-288.4703505864,-71.622528991600007
1452,217216644954539,"[""ring16"",""active"",77]",-285.01989929920001,-84.312435797099994
1453,131817295067948,"[""ring16"",""active"",78]",-281.01150817460001,-96.837297050199993
1454,131447070494517,"[""ring16"",""active"",79]",-276.45302382649999,-109.1725947469
1455,140870330439689,"[""ring16"",""active"",80]",-271.35336970190002,-121.29418196260001
1456,209720119376888,"[""ring16"",""active"",81]",-265.72252861340002,-133.1783301211
1457,102587553866632,"[""ring16"",""active"",82]",-259.5715231968,-144.80177544439999
1458,123520448655837,"[""ring16"",""active"",83]",-252.912394334,-156.14176449230001
1459,175469797535929,"[""ring16"",""active"",84]",-245.75817758260001,-167.17609870390001
1460,110920405379085,"[""ring16"",""active"",85]",-238.1228776577,-177.88317785160001
1461,18758428725497,"[""ring16"",""active"",86]",-230.02144101760001,-188.2420423252
1462,112916222806564,"[""ring16"",""active"",87]",-221.4697266048,-198.23241416120001
1463,128937598277306,"[""ring16"",""active"",88]",-212.48447480199999,-207.83473673739999
1464,1641469871596,"[""ring16"",""active"",89]",-203.0832746614,-217.0302130565
1465,18488076514066,"[""ring16"",""active"",90]",-193.28452947389999,-225.80084254179999
1466,67995201028626,"[""ring16"",""active"",91]",-183.10742074340001,-234.1294562743
1467,210221579404422,"[""ring16"",""active"",92]",-172.57187063789999,-241.99975060130001
1468,220568856956932,"[""ring16"",""active"",93]",-161.6985029917,-249.3963190522
1469,43187512220110,"[""ring16"",""active"",94]",-150.50860293260001,-256.3046824969
1470,22978603507286,"[""ring16"",""active"",95]",-139.0240752153,-262.7113174895
1471,194773182875544,"[""ring16"",""active"",96]",-127.2674013422,-268.60368274130002
1472,63434873642628,"[""ring16"",""active"",97]",-115.2615955545,-273.97024367040001
1473,132117428841544,"[""ring16"",""active"",98]",-103.03015978080001,-278.8004949818
1474,36960658828889,"[""ring16"",""active"",99]",-90.597037631000006,-283.08498123189997
1475,177521801038115,"[""ring16"",""active"",100]",-77.986567525599995,-286.81531533750001
1476,18579577482944,"[""ring16"",""active"",101]",-65.223435052100001,-289.98419499440001
1477,69356576224099,"[""ring16"",""active"",102]",-52.332624641499997,-292.58541697200002
1478,214429682807619,"[""ring16"",""active"",103]",-39.339370660599997,-294.61388925609998
1479,14461001732285,"[""ring16"",""active"",104]",-26.269108014299999,-296.06564101679999
1480,50513181434582,"[""ring16"",""active"",105]",-13.1474223555,-296.93783038200002
1481,14769251562116,"[""ring16"",""active"",106]",-0,-297.22874999999999
1482,170555967697402,"[""ring16"",""active"",107]",13.1474223555,-296.93783038200002
1483,155287201458499,"[""ring16"",""active"",108]",26.269108014299999,-296.06564101679999
1484,161094313670143,"[""ring16"",""active"",109]",39.339370660599997,-294.61388925609998
1485,215043742917443,"[""ring16"",""active"",110]",52.332624641499997,-292.58541697200002
1486,70859261646082,"[""ring16"",""active"",111]",65.223435052100001,-289.98419499440001
1487,8885639921859,"[""ring16"",""active"",112]",77.986567525599995,-286.81531533750001
1488,215288196606087,"[""ring16"",""active"",113]",90.597037631000006,-283.08498123189997
1489,212714981450534,"[""ring16"",""active"",114]",103.03015978080001,-278.8004949818
1490,153019746543945,"[""ring16"",""active"",115]",115.2615955545,-273.97024367040001
1491,184760879991204,"[""ring16"",""active"",116]",127.2674013422,-268.60368274130002
1492,169030723475227,"[""ring16"",""active"",117]",139.0240752153,-262.7113174895
1493,152386917882543,"[""ring16"",""active"",118]",150.50860293260001,-256.3046824969
1494,41288607084060,"[""ring16"",""active"",119]",161.6985029917,-249.3963190522
1495,95347803079932,"[""ring16"",""active"",120]",172.57187063789999,-241.99975060130001
1496,143911326652809,"[""ring16"",""active"",121]",183.10742074340001,-234.1294562743
1497,204975196466675,"[""ring16"",""active"",122]",193.28452947389999,-225.80084254179999
1498,120137828637781,"[""ring16"",""active"",123]",203.0832746614,-217.0302130565
1499,63734798092075,"[""ring16"",""active"",124]",212.48447480199999,-207.83473673739999
1500,162720497796868,"[""ring16"",""active"",125]",221.4697266048,-198.23241416120001
1501,259022853252728,"[""ring16"",""active"",126]",230.02144101760001,-188.2420423252
1502,196679537670668,"[""ring16"",""active"",127]",238.1228776577,-177.88317785160001
1503,95159986483458,"[""ring16"",""active"",128]",245.75817758260001,-167.17609870390001
1504,271822871141826,"[""ring16"",""active"",129]",252.912394334,-156.14176449230001
1505,98997363811546,"[""ring16"",""active"",130]",259.5715231968,-144.80177544439999
1506,160406783408531,"[""ring16"",""active"",131]",265.72252861340002,-133.1783301211
1507,106438360706500,"[""ring16"",""active"",132]",271.35336970190002,-121.29418196260001
1508,48654103769125,"[""ring16"",""active"",133]",276.45302382649999,-109.1725947469
1509,281172161546770,"[""ring16"",""active"",134]",281.01150817460001,-96.837297050199993
1510,133145961371623,"[""ring16"",""active"",135]",285.01989929920001,-84.312435797099994
1511,57767020510651,"[""ring16"",""active"",136]",288.4703505864,-71.622528991600007
1512,213258274086803,"[""ring16"",""active"",137]",291.35610761570001,-58.792417722099998
1513,2608047645654,"[""ring16"",""active"",138]",293.67152138220001,-45.847217534099997
1514,144559940529482,"[""ring16"",""active"",139]",295.41205935480002,-32.812269264800001
1515,126826221860251,"[""ring16"",""active"",140]",296.5743143487,-19.713089437499999
1516,216889800911452,"[""ring16"",""active"",141]",297.15601119510001,-6.5753203118999997
1517,152332581738467,"[""ring17"",""active"",0]",310.27408451650001,6.5871703653000004
1518,199053255616929,"[""ring17"",""active"",1]",309.71494964459998,19.7496405696
1519,266339809339803,"[""ring17"",""active"",2]",308.5976874996,32.876520586799998
1520,146226846484379,"[""ring17"",""active"",3]",306.92431146339999,45.944154891700002
1521,129508688164245,"[""ring17"",""active"",4]",304.6978370727,58.928994724100001
1522,116112618666332,"[""ring17"",""active"",5]",301.92227658489998,71.807640524999997
1523,257123315037316,"[""ring17"",""active"",6]",298.60263174760001,84.556884104100007
1524,272980153295873,"[""ring17"",""active"",7]",294.74488478519999,97.153750462800005
1525,116117485616113,"[""ring17"",""active"",8]",290.35598761829999,109.5755391965
1526,198106948524149,"[""ring17"",""active"",9]",285.44384933639998,121.7998654022
1527,208443878535548,"[""ring17"",""active"",10]",280.01732194469997,133.80470001800001
1528,120943244017986,"[""ring17"",""active"",11]",274.08618441229999,145.5684095204
1529,30958100787413,"[""ring17"",""active"",12]",267.66112504990002,157.06979490980001
1530,201247811876415,"[""ring17"",""active"",13]",260.75372224879999,168.28812991230001
1531,143384296230983,"[""ring17"",""active"",14]",253.37642361569999,179.20319832999999
1532,248604990759548,"[""ring17"",""active"",15]",245.54252354139999,189.7953304719
1533,237911829236964,"[""ring17"",""active"",16]",237.2661392432,200.0454385999
1534,108597255970984,"[""ring17"",""active"",17]",228.56218532520001,209.9350513263
1535,23798040952883,"[""ring17"",""active"",18]",219.44634690059999,219.44634690059999
1536,110316593108706,"[""ring17"",""active"",19]",209.9350513263,228.56218532520001
1537,185556115726987,"[""ring17"",""active"",20]",200.0454385999,237.2661392432
1538,90738966461833,"[""ring17"",""active"",21]",189.7953304719,245.54252354139999
1539,8346490300935,"[""ring17"",""active"",22]",179.20319832999999,253.37642361569999
1540,234128383958195,"[""ring17"",""active"",23]",168.28812991230001,260.75372224879999
1541,28859929127715,"[""ring17"",""active"",24]",157.06979490980001,267.66112504990002
1542,23726128480770,"[""ring17"",""active"",25]",145.5684095204,274.08618441229999
1543,271409770005992,"[""ring17"",""active"",26]",133.80470001800001,280.01732194469997
1544,22478568156834,"[""ring17"",""active"",27]",121.7998654022,285.44384933639998
1545,211153487037457,"[""ring17"",""active"",28]",109.5755391965,290.35598761829999
1546,36648644039662,"[""ring17"",""active"",29]",97.153750462800005,294.74488478519999
1547,257938817487333,"[""ring17"",""active"",30]",84.556884104100007,298.60263174760001
1548,268477681315656,"[""ring17"",""active"",31]",71.807640524999997,301.92227658489998
1549,197023921387560,"[""ring17"",""active"",32]",58.928994724100001,304.6978370727
1550,221087366691279,"[""ring17"",""active"",33]",45.944154891700002,306.92431146339999
1551,5622303700049,"[""ring17"",""active"",34]",32.876520586799998,308.5976874996
1552,35400039421816,"[""ring17"",""active"",35]",19.7496405696,309.71494964459998
1553,159025315117172,"[""ring17"",""active"",36]",6.5871703653000004,310.27408451650001
1554,171344980200586,"[""ring17"",""active"",37]",-6.5871703653000004,310.27408451650001
1555,92313167300311,"[""ring17"",""active"",38]",-19.7496405696,309.71494964459998
1556,224644992062927,"[""ring17"",""active"",39]",-32.876520586799998,308.5976874996
1557,32131299766892,"[""ring17"",""active"",40]",-45.944154891700002,306.92431146339999
1558,72172651845139,"[""ring17"",""active"",41]",-58.928994724100001,304.6978370727
1559,187894532517525,"[""ring17"",""active"",42]",-71.807640524999997,301.92227658489998
1560,122817225486272,"[""ring17"",""active"",43]",-84.556884104100007,298.60263174760001
1561,71700088228001,"[""ring17"",""active"",44]",-97.153750462800005,294.74488478519999
1562,107023919264082,"[""ring17"",""active"",45]",-109.5755391965,290.35598761829999
1563,141831917306643,"[""ring17"",""active"",46]",-121.7998654022,285.44384933639998
1564,219614657588130,"[""ring17"",""active"",47]",-133.80470001800001,280.01732194469997
1565,153750100346813,"[""ring17"",""active"",48]",-145.5684095204,274.08618441229999
1566,247721869966835,"[""ring17"",""active"",49]",-157.06979490980001,267.66112504990002
1567,218465199506569,"[""ring17"",""active"",50]",-168.28812991230001,260.75372224879999
1568,236871194085760,"[""ring17"",""active"",51]",-179.20319832999999,253.37642361569999
1569,96106580541926,"[""ring17"",""active"",52]",-189.7953304719,245.54252354139999
1570,63970671960349,"[""ring17"",""active"",53]",-200.0454385999,237.2661392432
1571,33902868893571,"[""ring17"",""active"",54]",-209.9350513263,228.56218532520001
1572,232869216563541,"[""ring17"",""active"",55]",-219.44634690059999,219.44634690059999
1573,148247924972767,"[""ring17"",""active"",56]",-228.56218532520001,209.9350513263
1574,158256827859760,"[""ring17"",""active"",57]",-237.2661392432,200.0454385999
1575,147922613123157,"[""ring17"",""active"",58]",-245.54252354139999,189.7953304719
1576,50814025232388,"[""ring17"",""active"",59]",-253.37642361569999,179.20319832999999
1577,135727687250940,"[""ring17"",""active"",60]",-260.75372224879999,168.28812991230001
1578,167028907175436,"[""ring17"",""active"",61]",-267.66112504990002,157.06979490980001
1579,43485611768770,"[""ring17"",""active"",62]",-274.08618441229999,145.5684095204
1580,82635219630128,"[""ring17"",""active"",63]",-280.01732194469997,133.80470001800001
1581,156989152467440,"[""ring17"",""active"",64]",-285.44384933639998,121.7998654022
1582,178215120521680,"[""ring17"",""active"",65]",-290.35598761829999,109.5755391965
1583,82010388378724,"[""ring17"",""active"",66]",-294.74488478519999,97.153750462800005
1584,219404492720106,"[""ring17"",""active"",67]",-298.60263174760001,84.556884104100007
1585,108605301621107,"[""ring17"",""active"",68]",-301.92227658489998,71.807640524999997
1586,24092907508848,"[""ring17"",""active"",69]",-304.6978370727,58.928994724100001
1587,238937182268067,"[""ring17"",""active"",70]",-306.92431146339999,45.944154891700002
1588,44209357611909,"[""ring17"",""active"",71]",-308.5976874996,32.876520586799998
1589,185626620875155,"[""ring17"",""active"",72]",-309.71494964459998,19.7496405696
1590,144131097326950,"[""ring17"",""active"",73]",-310.27408451650001,6.5871703653000004
1591,143793068460306,"[""ring17"",""active"",74]",-310.27408451650001,-6.5871703653000004
1592,247738519839330,"[""ring17"",""active"",75]",-309.71494964459998,-19.7496405696
1593,83298141352093,"[""ring17"",""active"",76]",-308.5976874996,-32.876520586799998
1594,221388406430441,"[""ring17"",""active"",77]",-306.92431146339999,-45.944154891700002
1595,114729982555594,"[""ring17"",""active"",78]",-304.6978370727,-58.928994724100001
1596,135528691957711,"[""ring17"",""active"",79]",-301.92227658489998,-71.807640524999997
1597,248627043291406,"[""ring17"",""active"",80]",-298.60263174760001,-84.556884104100007
1598,56244365122025,"[""ring17"",""active"",81]",-294.74488478519999,-97.153750462800005
1599,210946985406917,"[""ring17"",""active"",82]",-290.35598761829999,-109.5755391965
1600,241281173893893,"[""ring17"",""active"",83]",-285.44384933639998,-121.7998654022
1601,278110400583338,"[""ring17"",""active"",84]",-280.01732194469997,-133.80470001800001
1602,196422725800613,"[""ring17"",""active"",85]",-274.08618441229999,-145.5684095204
1603,196846397849689,"[""ring17"",""active"",86]",-267.66112504990002,-157.06979490980001
1604,129265144312677,"[""ring17"",""active"",87]",-260.75372224879999,-168.28812991230001
1605,271936762083973,"[""ring17"",""active"",88]",-253.37642361569999,-179.20319832999999
1606,5741476612264,"[""ring17"",""active"",89]",-245.54252354139999,-189.7953304719
1607,260017355602868,"[""ring17"",""active"",90]",-237.2661392432,-200.0454385999
1608,23854921196729,"[""ring17"",""active"",91]",-228.56218532520001,-209.9350513263
1609,213041179426182,"[""ring17"",""active"",92]",-219.44634690059999,-219.44634690059999
1610,95422213872904,"[""ring17"",""active"",93]",-209.9350513263,-228.56218532520001
1611,182065263883261,"[""ring17"",""active"",94]",-200.0454385999,-237.2661392432
1612,241653503451134,"[""ring17"",""active"",95]",-189.7953304719,-245.54252354139999
1613,84149117789219,"[""ring17"",""active"",96]",-179.20319832999999,-253.37642361569999
1614,223070655028455,"[""ring17"",""active"",97]",-168.28812991230001,-260.75372224879999
1615,75778086879722,"[""ring17"",""active"",98]",-157.06979490980001,-267.66112504990002
1616,26322713958826,"[""ring17"",""active"",99]",-145.5684095204,-274.08618441229999
1617,254832894285080,"[""ring17"",""active"",100]",-133.80470001800001,-280.01732194469997
1618,10237182307115,"[""ring17"",""active"",101]",-121.7998654022,-285.44384933639998
1619,74667159389243,"[""ring17"",""active"",102]",-109.5755391965,-290.35598761829999
1620,16998823208067,"[""ring17"",""active"",103]",-97.153750462800005,-294.74488478519999
1621,198870372975839,"[""ring17"",""active"",104]",-84.556884104100007,-298.60263174760001
1622,237969300662403,"[""ring17"",""active"",105]",-71.807640524999997,-301.92227658489998
1623,39445518379225,"[""ring17"",""active"",106]",-58.928994724100001,-304.6978370727
1624,32955783209006,"[""ring17"",""active"",107]",-45.944154891700002,-306.92431146339999
1625,2171467442470,"[""ring17"",""active"",108]",-32.876520586799998,-308.5976874996
1626,196853429909388,"[""ring17"",""active"",109]",-19.7496405696,-309.71494964459998
1627,44267831354079,"[""ring17"",""active"",110]",-6.5871703653000004,-310.27408451650001
1628,21889595414037,"[""ring17"",""active"",111]",6.5871703653000004,-310.27408451650001
1629,248430547049404,"[""ring17"",""active"",112]",19.7496405696,-309.71494964459998
1630,16136750397997,"[""ring17"",""active"",113]",32.876520586799998,-308.5976874996
1631,216258440273442,"[""ring17"",""active"",114]",45.944154891700002,-306.92431146339999
1632,147141817253421,"[""ring17"",""active"",115]",58.928994724100001,-304.6978370727
1633,205178016076400,"[""ring17"",""active"",116]",71.807640524999997,-301.92227658489998
1634,140063204668918,"[""ring17"",""active"",117]",84.556884104100007,-298.60263174760001
1635,86140855427130,"[""ring17"",""active"",118]",97.153750462800005,-294.74488478519999
1636,23904793050562,"[""ring17"",""active"",119]",109.5755391965,-290.35598761829999
1637,119999746498498,"[""ring17"",""active"",120]",121.7998654022,-285.44384933639998
1638,207995473774921,"[""ring17"",""active"",121]",133.80470001800001,-280.01732194469997
1639,10639942692080,"[""ring17"",""active"",122]",145.5684095204,-274.08618441229999
1640,134614430981216,"[""ring17"",""active"",123]",157.06979490980001,-267.66112504990002
1641,57235720261960,"[""ring17"",""active"",124]",168.28812991230001,-260.75372224879999
1642,155633209357334,"[""ring17"",""active"",125]",179.20319832999999,-253.37642361569999
1643,57906862421079,"[""ring17"",""active"",126]",189.7953304719,-245.54252354139999
1644,92552431469620,"[""ring17"",""active"",127]",200.0454385999,-237.2661392432
1645,172316060373940,"[""ring17"",""active"",128]",209.9350513263,-228.56218532520001
1646,191364965754374,"[""ring17"",""active"",129]",219.44634690059999,-219.44634690059999
1647,198471947343034,"[""ring17"",""active"",130]",228.56218532520001,-209.9350513263
1648,103489191769989,"[""ring17"",""active"",131]",237.2661392432,-200.0454385999
1649,171620299433118,"[""ring17"",""active"",132]",245.54252354139999,-189.7953304719
1650,157276700629638,"[""ring17"",""active"",133]",253.37642361569999,-179.20319832999999
1651,226243713014840,"[""ring17"",""active"",134]",260.75372224879999,-168.28812991230001
1652,26822975470399,"[""ring17"",""active"",135]",267.66112504990002,-157.06979490980001
1653,16156409227702,"[""ring17"",""active"",136]",274.08618441229999,-145.5684095204
1654,241139842313361,"[""ring17"",""active"",137]",280.01732194469997,-133.80470001800001
1655,181360247310062,"[""ring17"",""active"",138]",285.44384933639998,-121.7998654022
1656,206098423994556,"[""ring17"",""active"",139]",290.35598761829999,-109.5755391965
1657,104542358557080,"[""ring17"",""active"",140]",294.74488478519999,-97.153750462800005
1658,128777339931757,"[""ring17"",""active"",141]",298.60263174760001,-84.556884104100007
1659,246907806449070,"[""ring17"",""active"",142]",301.92227658489998,-71.807640524999997
1660,275231421179683,"[""ring17"",""active"",143]",304.6978370727,-58.928994724100001
1661,52829172164163,"[""ring17"",""active"",144]",306.92431146339999,-45.944154891700002
1662,85863643510885,"[""ring17"",""active"",145]",308.5976874996,-32.876520586799998
1663,77224651492242,"[""ring17"",""active"",146]",309.71494964459998,-19.7496405696
1664,25844157282951,"[""ring17"",""active"",147]",310.27408451650001,-6.5871703653000004
1665,5762012480086,"[""ring18"",""active"",0]",323.3919472481,6.5980956057000002
1666,129057732237894,"[""ring18"",""active"",1]",322.85369326720001,19.783304938200001
1667,51662000541937,"[""ring18"",""active"",2]",321.778081176,32.935586911999998
1668,161470488071468,"[""ring18"",""active"",3]",320.16690122469998,46.033050851699997
1669,257999781074935,"[""ring18"",""active"",4]",318.02283506330002,59.053897321299999
1670,164472754128888,"[""ring18"",""active"",5]",315.34945127840001,71.976454406800002
1671,200667525256665,"[""ring18"",""active"",6]",312.15119945340001,84.779213787200007
1672,194821771349612,"[""ring18"",""active"",7]",308.43340276279997,97.440866533100007
1673,243893772504631,"[""ring18"",""active"",8]",304.20224911240001,109.9403385729
1674,108839338023775,"[""ring18"",""active"",9]",299.46478083980003,122.25682576920001
1675,46628578844218,"[""ring18"",""active"",10]",294.22888299340002,134.36982854429999
1676,191875740936992,"[""ring18"",""active"",11]",288.50327020840001,146.2591860007
1677,64564087161774,"[""ring18"",""active"",12]",282.2974722024,157.90510947620001
1678,150850869635148,"[""ring18"",""active"",13]",275.62181791360001,169.28821548050001
1679,45627480635122,"[""ring18"",""active"",14]",268.48741830969999,180.38955795710001
1680,157516067797918,"[""ring18"",""active"",15]",260.90614789490002,191.19065981689999
1681,39262183685514,"[""ring18"",""active"",16]",252.89062494550001,201.67354369189999
1682,102511923753351,"[""ring18"",""active"",17]",244.45419050839999,211.8207618564
1683,185400548692230,"[""ring18"",""active"",18]",235.61088619629999,221.61542526720001
1684,120160480246547,"[""ring18"",""active"",19]",226.3754308163,231.0412316737
1685,206709256324027,"[""ring18"",""active"",20]",216.76319587250001,240.0824927514
1686,110112206687254,"[""ring18"",""active"",21]",206.79017998130001,248.72416021340001
1687,116048700908079,"[""ring18"",""active"",22]",196.4729822436,256.9518508571
1688,57082595673925,"[""ring18"",""active"",23]",185.82877461659999,264.75187050340003
1689,165592498746466,"[""ring18"",""active"",24]",174.87527333360001,272.11123678939998
1690,64066666316926,"[""ring18"",""active"",25]",163.63070941640001,279.0177007762
1691,211214046366219,"[""ring18"",""active"",26]",152.1137983319,285.45976733610001
1692,33930819274805,"[""ring18"",""active"",27]",140.34370884219999,291.42671428509999
1693,231046789370253,"[""ring18"",""active"",28]",128.34003109939999,296.90861022870001
1694,166126953148753,"[""ring18"",""active"",29]",116.1227440407,301.89633109239998
1695,123197998121212,"[""ring18"",""active"",30]",103.7121821345,306.38157530680002
1696,20760280086707,"[""ring18"",""active"",31]",91.129001536499999,310.35687762560002
1697,102876901691900,"[""ring18"",""active"",32]",78.394145708899998,313.8156215505
1698,51205666606287,"[""ring18"",""active"",33]",65.528810562299995,316.75205034359999
1699,278351613325182,"[""ring18"",""active"",34]",52.5544091776,319.16127660879999
1700,214993254887475,"[""ring18"",""active"",35]",39.492536165399997,321.03929042689998
1701,115614104738572,"[""ring18"",""active"",36]",26.364931724200002,322.38296602909998
1702,253931963245466,"[""ring18"",""active"",37]",13.193445455999999,323.19006700009999
1703,169345275459016,"[""ring18"",""active"",38]",0,323.45925
1704,186816254639434,"[""ring18"",""active"",39]",-13.193445455999999,323.19006700009999
1705,13293680560939,"[""ring18"",""active"",40]",-26.364931724200002,322.38296602909998
1706,7434663066545,"[""ring18"",""active"",41]",-39.492536165399997,321.03929042689998
1707,175362438616906,"[""ring18"",""active"",42]",-52.5544091776,319.16127660879999
1708,49667682937252,"[""ring18"",""active"",43]",-65.528810562299995,316.75205034359999
1709,236690274872400,"[""ring18"",""active"",44]",-78.394145708899998,313.8156215505
1710,205901654929942,"[""ring18"",""active"",45]",-91.129001536499999,310.35687762560002
1711,133038285563845,"[""ring18"",""active"",46]",-103.7121821345,306.38157530680002
1712,97557644461165,"[""ring18"",""active"",47]",-116.1227440407,301.89633109239998
1713,116287721881500,"[""ring18"",""active"",48]",-128.34003109939999,296.90861022870001
1714,123803214053936,"[""ring18"",""active"",49]",-140.34370884219999,291.42671428509999
1715,228958550534608,"[""ring18"",""active"",50]",-152.1137983319,285.45976733610001
1716,222332739817851,"[""ring18"",""active"",51]",-163.63070941640001,279.0177007762
1717,145186145822296,"[""ring18"",""active"",52]",-174.87527333360001,272.11123678939998
1718,190595490196150,"[""ring18"",""active"",53]",-185.82877461659999,264.75187050340003
1719,100727241466520,"[""ring18"",""active"",54]",-196.4729822436,256.9518508571
1720,129661906765590,"[""ring18"",""active"",55]",-206.79017998130001,248.72416021340001
1721,234850321170973,"[""ring18"",""active"",56]",-216.76319587250001,240.0824927514
1722,73234966483171,"[""ring18"",""active"",57]",-226.3754308163,231.0412316737
1723,252365840156568,"[""ring18"",""active"",58]",-235.61088619629999,221.61542526720001
1724,87153313961211,"[""ring18"",""active"",59]",-244.45419050839999,211.8207618564
1725,142409163373394,"[""ring18"",""active"",60]",-252.89062494550001,201.67354369189999
1726,48128680187867,"[""ring18"",""active"",61]",-260.90614789490002,191.19065981689999
1727,44462215873291,"[""ring18"",""active"",62]",-268.48741830969999,180.38955795710001
1728,60710795197036,"[""ring18"",""active"",63]",-275.62181791360001,169.28821548050001
1729,14029063300297,"[""ring18"",""active"",64]",-282.2974722024,157.90510947620001
1730,66410244609533,"[""ring18"",""active"",65]",-288.50327020840001,146.2591860007
1731,91673403325969,"[""ring18"",""active"",66]",-294.22888299340002,134.36982854429999
1732,59860204061184,"[""ring18"",""active"",67]",-299.46478083980003,122.25682576920001
1733,162944862596564,"[""ring18"",""active"",68]",-304.20224911240001,109.9403385729
1734,150477590376457,"[""ring18"",""active"",69]",-308.43340276279997,97.440866533100007
1735,65527687264022,"[""ring18"",""active"",70]",-312.15119945340001,84.779213787200007
1736,249390348373101,"[""ring18"",""active"",71]",-315.34945127840001,71.976454406800002
1737,262921644860004,"[""ring18"",""active"",72]",-318.02283506330002,59.053897321299999
1738,251842229762754,"[""ring18"",""active"",73]",-320.16690122469998,46.033050851699997
1739,144017493423444,"[""ring18"",""active"",74]",-321.778081176,32.935586911999998
1740,100377099933099,"[""ring18"",""active"",75]",-322.85369326720001,19.783304938200001
1741,147427115862132,"[""ring18"",""active"",76]",-323.3919472481,6.5980956057000002
1742,162052305224799,"[""ring18"",""active"",77]",-323.3919472481,-6.5980956057000002
1743,177328063126791,"[""ring18"",""active"",78]",-322.85369326720001,-19.783304938200001
1744,201306233856411,"[""ring18"",""active"",79]",-321.778081176,-32.935586911999998
1745,159810078970497,"[""ring18"",""active"",80]",-320.16690122469998,-46.033050851699997
1746,26286432051957,"[""ring18"",""active"",81]",-318.02283506330002,-59.053897321299999
1747,106877602394727,"[""ring18"",""active"",82]",-315.34945127840001,-71.976454406800002
1748,102794912343445,"[""ring18"",""active"",83]",-312.15119945340001,-84.779213787200007
1749,246876766591778,"[""ring18"",""active"",84]",-308.43340276279997,-97.440866533100007
1750,67995143019354,"[""ring18"",""active"",85]",-304.20224911240001,-109.9403385729
1751,114118865286952,"[""ring18"",""active"",86]",-299.46478083980003,-122.25682576920001
1752,148282787321965,"[""ring18"",""active"",87]",-294.22888299340002,-134.36982854429999
1753,151607414064008,"[""ring18"",""active"",88]",-288.50327020840001,-146.2591860007
1754,5825280643680,"[""ring18"",""active"",89]",-282.2974722024,-157.90510947620001
1755,179392680341701,"[""ring18"",""active"",90]",-275.62181791360001,-169.28821548050001
1756,140100608992752,"[""ring18"",""active"",91]",-268.48741830969999,-180.38955795710001
1757,272156019080195,"[""ring18"",""active"",92]",-260.90614789490002,-191.19065981689999
1758,79440452184593,"[""ring18"",""active"",93]",-252.89062494550001,-201.67354369189999
1759,212471432004898,"[""ring18"",""active"",94]",-244.45419050839999,-211.8207618564
1760,175340454758172,"[""ring18"",""active"",95]",-235.61088619629999,-221.61542526720001
1761,2576142823562,"[""ring18"",""active"",96]",-226.3754308163,-231.0412316737
1762,203687940647536,"[""ring18"",""active"",97]",-216.76319587250001,-240.0824927514
1763,29614012575291,"[""ring18"",""active"",98]",-206.79017998130001,-248.72416021340001
1764,174390295730444,"[""ring18"",""active"",99]",-196.4729822436,-256.9518508571
1765,270863437412696,"[""ring18"",""active"",100]",-185.82877461659999,-264.75187050340003
1766,125278195869116,"[""ring18"",""active"",101]",-174.87527333360001,-272.11123678939998
1767,154259846075998,"[""ring18"",""active"",102]",-163.63070941640001,-279.0177007762
1768,244389653573224,"[""ring18"",""active"",103]",-152.1137983319,-285.45976733610001
1769,218092614553705,"[""ring18"",""active"",104]",-140.34370884219999,-291.42671428509999
1770,244584433896762,"[""ring18"",""active"",105]",-128.34003109939999,-296.90861022870001
1771,42586331075959,"[""ring18"",""active"",106]",-116.1227440407,-301.89633109239998
1772,11579516311506,"[""ring18"",""active"",107]",-103.7121821345,-306.38157530680002
1773,175209006739617,"[""ring18"",""active"",108]",-91.129001536499999,-310.35687762560002
1774,230128922133889,"[""ring18"",""active"",109]",-78.394145708899998,-313.8156215505
1775,210670220044352,"[""ring18"",""active"",110]",-65.528810562299995,-316.75205034359999
1776,136803074719671,"[""ring18"",""active"",111]",-52.5544091776,-319.16127660879999
1777,226016282136040,"[""ring18"",""active"",112]",-39.492536165399997,-321.03929042689998
1778,20611435144728,"[""ring18"",""active"",113]",-26.364931724200002,-322.38296602909998
1779,239175970945218,"[""ring18"",""active"",114]",-13.193445455999999,-323.19006700009999
1780,7415915761368,"[""ring18"",""active"",115]",-0,-323.45925
1781,2622051748678,"[""ring18"",""active"",116]",13.193445455999999,-323.19006700009999
1782,134796749759882,"[""ring18"",""active"",117]",26.364931724200002,-322.38296602909998
1783,237919078230214,"[""ring18"",""active"",118]",39.492536165399997,-321.03929042689998
1784,250652226073893,"[""ring18"",""active"",119]",52.5544091776,-319.16127660879999
1785,21346071793198,"[""ring18"",""active"",120]",65.528810562299995,-316.75205034359999
1786,198579803769270,"[""ring18"",""active"",121]",78.394145708899998,-313.8156215505
1787,233509972930597,"[""ring18"",""active"",122]",91.129001536499999,-310.35687762560002
1788,202267226479205,"[""ring18"",""active"",123]",103.7121821345,-306.38157530680002
1789,187776901083648,"[""ring18"",""active"",124]",116.1227440407,-301.89633109239998
1790,39959682719366,"[""ring18"",""active"",125]",128.34003109939999,-296.90861022870001
1791,15479280675743,"[""ring18"",""active"",126]",140.34370884219999,-291.42671428509999
1792,134088594318057,"[""ring18"",""active"",127]",152.1137983319,-285.45976733610001
1793,115818588719683,"[""ring18"",""active"",128]",163.63070941640001,-279.0177007762
1794,275355260885541,"[""ring18"",""active"",129]",174.87527333360001,-272.11123678939998
1795,83131579736017,"[""ring18"",""active"",130]",185.82877461659999,-264.75187050340003
1796,66004767184331,"[""ring18"",""active"",131]",196.4729822436,-256.9518508571
1797,269313125635604,"[""ring18"",""active"",132]",206.79017998130001,-248.72416021340001
1798,206864327062664,"[""ring18"",""active"",133]",216.76319587250001,-240.0824927514
1799,79926680384517,"[""ring18"",""active"",134]",226.3754308163,-231.0412316737
1800,176170864686460,"[""ring18"",""active"",135]",235.61088619629999,-221.61542526720001
1801,45428382896164,"[""ring18"",""active"",136]",244.45419050839999,-211.8207618564
1802,244930070181754,"[""ring18"",""active"",137]",252.89062494550001,-201.67354369189999
1803,109737722730261,"[""ring18"",""active"",138]",260.90614789490002,-191.19065981689999
1804,3328709304044,"[""ring18"",""active"",139]",268.48741830969999,-180.38955795710001
1805,109358889155648,"[""ring18"",""active"",140]",275.62181791360001,-169.28821548050001
1806,239845409791930,"[""ring18"",""active"",141]",282.2974722024,-157.90510947620001
1807,135726820501633,"[""ring18"",""active"",142]",288.50327020840001,-146.2591860007
1808,251879555488923,"[""ring18"",""active"",143]",294.22888299340002,-134.36982854429999
1809,240452969406585,"[""ring18"",""active"",144]",299.46478083980003,-122.25682576920001
1810,14744526494476,"[""ring18"",""active"",145]",304.20224911240001,-109.9403385729
1811,111832761757185,"[""ring18"",""active"",146]",308.43340276279997,-97.440866533100007
1812,170232707335489,"[""ring18"",""active"",147]",312.15119945340001,-84.779213787200007
1813,82451366371332,"[""ring18"",""active"",148]",315.34945127840001,-71.976454406800002
1814,233328969049597,"[""ring18"",""active"",149]",318.02283506330002,-59.053897321299999
1815,239270968938449,"[""ring18"",""active"",150]",320.16690122469998,-46.033050851699997
1816,80384939527472,"[""ring18"",""active"",151]",321.778081176,-32.935586911999998
1817,160932634190881,"[""ring18"",""active"",152]",322.85369326720001,-19.783304938200001
1818,86185192178947,"[""ring18"",""active"",153]",323.3919472481,-6.5980956057000002
1819,80417162532152,"[""ring19"",""active"",0]",336.51042547039998,6.5671607270000001
1820,164174908366175,"[""ring19"",""active"",1]",335.99797560019999,19.6914814784
1821,6909989444034,"[""ring19"",""active"",2]",334.97385623650001,32.785815351700002
1822,198461130717884,"[""ring19"",""active"",3]",333.43962694419997,45.830221836200003
1823,258789264602960,"[""ring19"",""active"",4]",331.39762410140003,58.804836452700002
1824,42167234651988,"[""ring19"",""active"",5]",328.85095734150002,71.689901003200006
1825,2327218371915,"[""ring19"",""active"",6]",325.80350481800002,84.465793659799999
1826,6790610267480,"[""ring19"",""active"",7]",322.25990729839998,97.113058845400005
1827,133349311851532,"[""ring19"",""active"",8]",318.22556109710001,109.6124368613
1828,54768823658163,"[""ring19"",""active"",9]",313.70660985810002,121.94489321659999
1829,57360425040979,"[""ring19"",""active"",10]",308.70993519849998,134.0916476145
1830,3265448839071,"[""ring19"",""active"",11]",303.2431462298,146.0342025516
1831,96812547267648,"[""ring19"",""active"",12]",297.31456796980001,157.75437148680001
1832,135766017480940,"[""ring19"",""active"",13]",290.93322866509999,169.23430653610001
1833,239300882133747,"[""ring19"",""active"",14]",284.10884604300003,180.45652565189999
1834,11427387278160,"[""ring19"",""active"",15]",276.85181251260002,191.4039392457
1835,233906880639778,"[""ring19"",""active"",16]",269.17317933869998,202.0598762123
1836,25519697885984,"[""ring19"",""active"",17]",261.0846398132,212.40810931760001
1837,35693125326166,"[""ring19"",""active"",18]",252.59851144749999,222.4328799093
1838,254271760492824,"[""ring19"",""active"",19]",243.72771721539999,232.1189219156
1839,15342883159364,"[""ring19"",""active"",20]",234.48576587310001,241.45148509200001
1840,140087184077929,"[""ring19"",""active"",21]",224.88673138819999,250.4163574845
1841,133516759985974,"[""ring19"",""active"",22]",214.9452315067,258.99988707099999
1842,25664232707452,"[""ring19"",""active"",23]",204.67640549309999,267.18900255189999
1843,87560163203732,"[""ring19"",""active"",24]",194.0958910757,274.97123325500002
1844,93188402482093,"[""ring19"",""active"",25]",183.21980063239999,282.33472812679997
1845,105712438482977,"[""ring19"",""active"",26]",172.06469665520001,289.2682737792
1846,95390922516384,"[""ring19"",""active"",27]",160.6475665273,295.76131156579999
1847,11752238171204,"[""ring19"",""active"",28]",148.98579665459999,301.80395366110002
1848,156410186679370,"[""ring19"",""active"",29]",137.09714598900001,307.38699811790002
1849,226620961609507,"[""ring19"",""active"",30]",124.9997189844,312.5019428805
1850,204503545529657,"[""ring19"",""active"",31]",112.7119380266,317.14099873169999
1851,200890586498772,"[""ring19"",""active"",32]",100.25251537929999,321.2971011546
1852,152803476474171,"[""ring19"",""active"",33]",87.640424687800007,324.96392109089999
1853,272708853521373,"[""ring19"",""active"",34]",74.894872085900005,328.13587457860001
1854,265837752506308,"[""ring19"",""active"",35]",62.035266947799997,330.80813125579999
1855,19477370167863,"[""ring19"",""active"",36]",49.081192330999997,332.97662171629997
1856,38289667248126,"[""ring19"",""active"",37]",36.0523751542,334.63804370690002
1857,245276864947409,"[""ring19"",""active"",38]",22.968656157000002,335.78986715590003
1858,128528741801345,"[""ring19"",""active"",39]",9.8499596852,336.43033802619999
1859,209397250092406,"[""ring19"",""active"",40]",-3.2837366504999999,336.55848098640001
1860,186912821600874,"[""ring19"",""active"",41]",-16.412432396900002,336.1741008958
1861,139553662965706,"[""ring19"",""active"",42]",-29.516134716,335.27778310180003
1862,93806919789147,"[""ring19"",""active"",43]",-42.574888830699997,333.87089254879999
1863,163644871786656,"[""ring19"",""active"",44]",-55.568808412499997,331.95557169879999
1864,137172614678648,"[""ring19"",""active"",45]",-68.478105865200007,329.53473726959999
1865,32485782020197,"[""ring19"",""active"",46]",-81.283122458199998,326.6120757928
1866,152875726376527,"[""ring19"",""active"",47]",-93.964358263500003,323.19203799970001
1867,244155150709629,"[""ring19"",""active"",48]",-106.5025018507,319.27983204359998
1868,73235561139386,"[""ring19"",""active"",49]",-118.87845969529999,314.88141556900001
1869,130226342297397,"[""ring19"",""active"",50]",-131.07338525500001,310.00348663850002
1870,12290890876818,"[""ring19"",""active"",51]",-143.0687076696,304.65347353350001
1871,207502900180019,"[""ring19"",""active"",52]",-154.8461600418,298.83952344120001
1872,115215119629411,"[""ring19"",""active"",53]",-166.3878072544,292.57049004869998
1873,41657173831006,"[""ring19"",""active"",54]",-177.67607328240001,285.8559200597
1874,268654797521524,"[""ring19"",""active"",55]",-188.69376795880001,278.70603865679999
1875,34723539270648,"[""ring19"",""active"",56]",-199.42411315179999,271.13173393
1876,160236057663466,"[""ring19"",""active"",57]",-209.85076831570001,263.14454029590001
1877,9247724698969,"[""ring19"",""active"",58]",-219.95785537469999,254.75662093299999
1878,99675956044625,"[""ring19"",""active"",59]",-229.72998290219999,245.9807492589
1879,170954525565605,"[""ring19"",""active"",60]",-239.1522695601,236.83028947849999
1880,32464463123110,"[""ring19"",""active"",61]",-248.21036676,227.31917623269999
1881,60188997605917,"[""ring19"",""active"",62]",-256.8904805139,217.46189337819999
1882,4210324774030,"[""ring19"",""active"",63]",-265.17939244029998,207.2734519306
1883,248007543782829,"[""ring19"",""active"",64]",-273.0644798939,196.76936720570001
1884,203505867274245,"[""ring19"",""active"",65]",-280.53373518680002,185.96563519200001
1885,50282950338760,"[""ring19"",""active"",66]",-287.57578387550001,174.87870819119999
1886,126918555497847,"[""ring19"",""active"",67]",-294.17990208139997,163.5254697643
1887,64567352066092,"[""ring19"",""active"",68]",-300.33603282180002,151.92320902060001
1888,35410024593946,"[""ring19"",""active"",69]",-306.03480132499999,140.0895942896
1889,240389882602176,"[""ring19"",""active"",70]",-311.26752930660001,128.04264621440001
1890,190560676712574,"[""ring19"",""active"",71]",-316.02624818509997,115.8007103099
1891,274949299100779,"[""ring19"",""active"",72]",-320.30371121659999,103.38242902499999
1892,123329586181351,"[""ring19"",""active"",73]",-324.09340453039999,90.806713353800006
1893,185162908392774,"[""ring19"",""active"",74]",-327.38955704879999,78.092714036800004
1894,207665246418798,"[""ring19"",""active"",75]",-330.18714927510001,65.2597923979
1895,54063286344905,"[""ring19"",""active"",76]",-332.48192093789999,52.327490859800001
1896,154833855350422,"[""ring19"",""active"",77]",-334.2703774785,39.315503184699999
1897,50713802602784,"[""ring19"",""active"",78]",-335.54979537240001,26.243644483299999
1898,32112557538704,"[""ring19"",""active"",79]",-336.3182262775,13.1318210403
1899,153387489493047,"[""ring19"",""active"",80]",-336.5745,0
1900,172892419274941,"[""ring19"",""active"",81]",-336.3182262775,-13.1318210403
1901,270735859433160,"[""ring19"",""active"",82]",-335.54979537240001,-26.243644483299999
1902,132312952946540,"[""ring19"",""active"",83]",-334.2703774785,-39.315503184699999
1903,65659170498141,"[""ring19"",""active"",84]",-332.48192093789999,-52.327490859800001
1904,17336838421526,"[""ring19"",""active"",85]",-330.18714927510001,-65.2597923979
1905,131659654320323,"[""ring19"",""active"",86]",-327.38955704879999,-78.092714036800004
1906,229630225059637,"[""ring19"",""active"",87]",-324.09340453039999,-90.806713353800006
1907,197155042676810,"[""ring19"",""active"",88]",-320.30371121659999,-103.38242902499999
1908,186091635602029,"[""ring19"",""active"",89]",-316.02624818509997,-115.8007103099
1909,121411265238177,"[""ring19"",""active"",90]",-311.26752930660001,-128.04264621440001
1910,62448783882894,"[""ring19"",""active"",91]",-306.03480132499999,-140.0895942896
1911,225745181052717,"[""ring19"",""active"",92]",-300.33603282180002,-151.92320902060001
1912,251259085187468,"[""ring19"",""active"",93]",-294.17990208139997,-163.5254697643
1913,50975383295743,"[""ring19"",""active"",94]",-287.57578387550001,-174.87870819119999
1914,90408238065889,"[""ring19"",""active"",95]",-280.53373518680002,-185.96563519200001
1915,55939865690049,"[""ring19"",""active"",96]",-273.0644798939,-196.76936720570001
1916,242786790786313,"[""ring19"",""active"",97]",-265.17939244029998,-207.2734519306
1917,175040140199953,"[""ring19"",""active"",98]",-256.8904805139,-217.46189337819999
1918,23567832443682,"[""ring19"",""active"",99]",-248.21036676,-227.31917623269999
1919,113325637467731,"[""ring19"",""active"",100]",-239.1522695601,-236.83028947849999
1920,94619096890220,"[""ring19"",""active"",101]",-229.72998290219999,-245.9807492589
1921,206056020091562,"[""ring19"",""active"",102]",-219.95785537469999,-254.75662093299999
1922,69081015069486,"[""ring19"",""active"",103]",-209.85076831570001,-263.14454029590001
1923,118184313866488,"[""ring19"",""active"",104]",-199.42411315179999,-271.13173393
1924,250528129789634,"[""ring19"",""active"",105]",-188.69376795880001,-278.70603865679999
1925,31010130500302,"[""ring19"",""active"",106]",-177.67607328240001,-285.8559200597
1926,260645371808164,"[""ring19"",""active"",107]",-166.3878072544,-292.57049004869998
1927,161538923304652,"[""ring19"",""active"",108]",-154.8461600418,-298.83952344120001
1928,76850049066435,"[""ring19"",""active"",109]",-143.0687076696,-304.65347353350001
1929,118684836203633,"[""ring19"",""active"",110]",-131.07338525500001,-310.00348663850002
1930,199679856541514,"[""ring19"",""active"",111]",-118.87845969529999,-314.88141556900001
1931,116857166067294,"[""ring19"",""active"",112]",-106.5025018507,-319.27983204359998
1932,245617112967801,"[""ring19"",""active"",113]",-93.964358263500003,-323.19203799970001
1933,56347780819699,"[""ring19"",""active"",114]",-81.283122458199998,-326.6120757928
1934,261849005983507,"[""ring19"",""active"",115]",-68.478105865200007,-329.53473726959999
1935,21360195730394,"[""ring19"",""active"",116]",-55.568808412499997,-331.95557169879999
1936,238828545117622,"[""ring19"",""active"",117]",-42.574888830699997,-333.87089254879999
1937,200659765114050,"[""ring19"",""active"",118]",-29.516134716,-335.27778310180003
1938,185331608664855,"[""ring19"",""active"",119]",-16.412432396900002,-336.1741008958
1939,108858100589720,"[""ring19"",""active"",120]",-3.2837366504999999,-336.55848098640001
1940,117719200074655,"[""ring19"",""active"",121]",9.8499596852,-336.43033802619999
1941,170469127123559,"[""ring19"",""active"",122]",22.968656157000002,-335.78986715590003
1942,68083989736273,"[""ring19"",""active"",123]",36.0523751542,-334.63804370690002
1943,169818815414902,"[""ring19"",""active"",124]",49.081192330999997,-332.97662171629997
1944,279546917727108,"[""ring19"",""active"",125]",62.035266947799997,-330.80813125579999
1945,77579479147197,"[""ring19"",""active"",126]",74.894872085900005,-328.13587457860001
1946,272065435790945,"[""ring19"",""active"",127]",87.640424687800007,-324.96392109089999
1947,117226084117405,"[""ring19"",""active"",128]",100.25251537929999,-321.2971011546
1948,154931380563374,"[""ring19"",""active"",129]",112.7119380266,-317.14099873169999
1949,96249692014701,"[""ring19"",""active"",130]",124.9997189844,-312.5019428805
1950,69908596284472,"[""ring19"",""active"",131]",137.09714598900001,-307.38699811790002
1951,171610439415987,"[""ring19"",""active"",132]",148.98579665459999,-301.80395366110002
1952,184863652712402,"[""ring19"",""active"",133]",160.6475665273,-295.76131156579999
1953,113746992943500,"[""ring19"",""active"",134]",172.06469665520001,-289.2682737792
1954,114895227358916,"[""ring19"",""active"",135]",183.21980063239999,-282.33472812679997
1955,35357071027062,"[""ring19"",""active"",136]",194.0958910757,-274.97123325500002
1956,52829406693561,"[""ring19"",""active"",137]",204.67640549309999,-267.18900255189999
1957,99295216355174,"[""ring19"",""active"",138]",214.9452315067,-258.99988707099999
1958,64475443738919,"[""ring19"",""active"",139]",224.88673138819999,-250.4163574845
1959,113253281361398,"[""ring19"",""active"",140]",234.48576587310001,-241.45148509200001
1960,182635927410197,"[""ring19"",""active"",141]",243.72771721539999,-232.1189219156
1961,185655844720228,"[""ring19"",""active"",142]",252.59851144749999,-222.4328799093
1962,180889112598696,"[""ring19"",""active"",143]",261.0846398132,-212.40810931760001
1963,189120010469138,"[""ring19"",""active"",144]",269.17317933869998,-202.0598762123
1964,10641210340585,"[""ring19"",""active"",145]",276.85181251260002,-191.4039392457
1965,120785876800155,"[""ring19"",""active"",146]",284.10884604300003,-180.45652565189999
1966,209018680300682,"[""ring19"",""active"",147]",290.93322866509999,-169.23430653610001
1967,198303399455667,"[""ring19"",""active"",148]",297.31456796980001,-157.75437148680001
1968,157722723891704,"[""ring19"",""active"",149]",303.2431462298,-146.0342025516
1969,165233220467026,"[""ring19"",""active"",150]",308.70993519849998,-134.0916476145
1970,218841059774200,"[""ring19"",""active"",151]",313.70660985810002,-121.94489321659999
1971,114912189900900,"[""ring19"",""active"",152]",318.22556109710001,-109.6124368613
1972,119550110743805,"[""ring19"",""active"",153]",322.25990729839998,-97.113058845400005
1973,262792931102068,"[""ring19"",""active"",154]",325.80350481800002,-84.465793659799999
1974,15371411005174,"[""ring19"",""active"",155]",328.85095734150002,-71.689901003200006
1975,201286774226111,"[""ring19"",""active"",156]",331.39762410140003,-58.804836452700002
1976,132112174867428,"[""ring19"",""active"",157]",333.43962694419997,-45.830221836200003
1977,265423241036527,"[""ring19"",""active"",158]",334.97385623650001,-32.785815351700002
1978,161907720056678,"[""ring19"",""active"",159]",335.99797560019999,-19.6914814784
1979,119283998772800,"[""ring19"",""active"",160]",336.51042547039998,-6.5671607270000001
1980,196339814985697,"[""ring20"",""active"",0]",349.62787618390001,6.5779518249000004
1981,234080391320086,"[""ring20"",""active"",1]",349.13301702199999,19.7245451195
1982,129237540857754,"[""ring20"",""active"",2]",348.14399911610002,32.8432205262
1983,183088262793326,"[""ring20"",""active"",3]",346.66222231030002,45.915410026899998
1984,185682095003971,"[""ring20"",""active"",4]",344.6897838941,58.922611399200001
1985,154410032273212,"[""ring20"",""active"",5]",342.22947563349999,71.846414404000001
1986,59575505862370,"[""ring20"",""active"",6]",339.28477981959998,84.668526843400002
1987,224170047728808,"[""ring20"",""active"",7]",335.85986434019998,97.370800450999994
1988,78194818953670,"[""ring20"",""active"",8]",331.95957678000002,109.935256579
1989,122608968701962,"[""ring20"",""active"",9]",327.58943756010001,122.34411164470001
1990,202598441108029,"[""ring20"",""active"",10]",322.75563212370002,134.57980230140001
1991,94934668134722,"[""ring20"",""active"",11]",317.46500218189999,146.62501029730001
1992,53729414262073,"[""ring20"",""active"",12]",311.72503602990002,158.4626869873
1993,224944812445364,"[""ring20"",""active"",13]",305.54385794770002,170.07607746389999
1994,249173392196016,"[""ring20"",""active"",14]",298.93021670180002,181.44874427139999
1995,165941016518796,"[""ring20"",""active"",15]",291.89347316179999,192.5645906718
1996,57522986425160,"[""ring20"",""active"",16]",284.44358705140002,203.40788342740001
1997,80287007484599,"[""ring20"",""active"",17]",276.5911028511,213.96327507000001
1998,165763592646768,"[""ring20"",""active"",18]",268.34713487430002,224.215825623
1999,169889807896768,"[""ring20"",""active"",19]",259.72335153580002,234.15102374759999
2000,66342759838077,"[""ring20"",""active"",20]",250.7319588366,243.75480728190001
2001,169736278969944,"[""ring20"",""active"",21]",241.3856830876,253.01358314410001
2002,32796543426627,"[""ring20"",""active"",22]",231.6977528969,261.91424657239997
2003,68332999914388,"[""ring20"",""active"",23]",221.68188044639999,270.4441996731
2004,194588380487749,"[""ring20"",""active"",24]",211.35224208349999,278.59136925130002
2005,98954439059017,"[""ring20"",""active"",25]",200.72345825630001,286.34422389970001
2006,105731197563646,"[""ring20"",""active"",26]",189.8105728196,293.69179031930003
2007,192113044057481,"[""ring20"",""active"",27]",178.62903174260001,300.62366885159997
2008,267354279475119,"[""ring20"",""active"",28]",167.1946612461,307.13004819759999
2009,231516307735255,"[""ring20"",""active"",29]",155.52364540310001,313.20171930499998
2010,172206806907177,"[""ring20"",""active"",30]",143.63250323130001,318.83008840219998
2011,149507773042685,"[""ring20"",""active"",31]",131.5380653128,324.00718916229999
2012,200156666146780,"[""ring20"",""active"",32]",119.257449972,328.72569397789999
2013,18611197678508,"[""ring20"",""active"",33]",106.8080390466,332.97892433319998
2014,177718223928633,"[""ring20"",""active"",34]",94.207453285699998,336.76086025619998
2015,256455196178599,"[""ring20"",""active"",35]",81.473527409300004,340.06614883949999
2016,235323863538756,"[""ring20"",""active"",36]",68.624284865600004,342.89011181680002
2017,15943802155415,"[""ring20"",""active"",37]",55.677912320499999,345.2287521842
2018,185280901634515,"[""ring20"",""active"",38]",42.652733916700001,347.07875985790002
2019,79836920781692,"[""ring20"",""active"",39]",29.567185337600002,348.4375163588
2020,106353068916056,"[""ring20"",""active"",40]",16.439787714000001,349.303098519
2021,137382016993202,"[""ring20"",""active"",41]",3.2891214092999999,349.67428120379998
2022,124080633610874,"[""ring20"",""active"",42]",-9.8662002789999992,349.55053904570002
2023,72798260696514,"[""ring20"",""active"",43]",-23.0075574641,348.93204718769999
2024,53669186850719,"[""ring20"",""active"",44]",-36.116350024399999,347.81968103600002
2025,81721533174650,"[""ring20"",""active"",45]",-49.174023929900002,346.21501502040002
2026,188361387199280,"[""ring20"",""active"",46]",-62.162097503399998,344.12032036639999
2027,269629187836502,"[""ring20"",""active"",47]",-75.062187579099998,341.5385618798
2028,70877225213662,"[""ring20"",""active"",48]",-87.856035521999999,338.47339375109999
2029,224518187708682,"[""ring20"",""active"",49]",-100.5255330711,334.9291543832
2030,55892366820952,"[""ring20"",""active"",50]",-113.0527479694,330.91086025039999
2031,102521658914127,"[""ring20"",""active"",51]",-125.4199493449,326.42419879869999
2032,56062407163641,"[""ring20"",""active"",52]",-137.60963280710001,321.4755203958
2033,137664004298440,"[""ring20"",""active"",53]",-149.6045452221,316.0718293425
2034,61579366192012,"[""ring20"",""active"",54]",-161.38770913280001,310.2207739593
2035,1950715800013,"[""ring20"",""active"",55]",-172.9424467883,303.9306357607
2036,79442100847761,"[""ring20"",""active"",56]",-184.25240374949999,297.21031773409999
2037,141739552123550,"[""ring20"",""active"",57]",-195.30157203709999,290.06933173789997
2038,66207696425752,"[""ring20"",""active"",58]",-206.07431278889999,282.51778503949998
2039,152948188147364,"[""ring20"",""active"",59]",-216.55537839510001,274.56636600870002
2040,191647137491667,"[""ring20"",""active"",60]",-226.72993407929999,266.22632899000001
2041,58280605015421,"[""ring20"",""active"",61]",-236.5835788956,257.50947837310002
2042,104286687855580,"[""ring20"",""active"",62]",-246.10236611190001,248.42815188540001
2043,52556045685329,"[""ring20"",""active"",63]",-255.2728229491,238.995203129
2044,176751109349285,"[""ring20"",""active"",64]",-264.0819696511,229.22398338799999
2045,151869936480162,"[""ring20"",""active"",65]",-272.51733785580001,219.12832273129999
2046,159404042683435,"[""ring20"",""active"",66]",-280.56698824279999,208.72251043770001
2047,58318370150846,"[""ring20"",""active"",67]",-288.21952743219998,198.02127477069999
2048,230169472788567,"[""ring20"",""active"",68]",-295.46412411040001,187.03976213289999
2049,33426951964673,"[""ring20"",""active"",69]",-302.290524361,175.79351562740001
2050,125406603809863,"[""ring20"",""active"",70]",-308.6890661777,164.29845305840001
2051,41483773868676,"[""ring20"",""active"",71]",-314.65069314020002,152.5708444018
2052,139662029704486,"[""ring20"",""active"",72]",-320.16696723209998,140.62728877590001
2053,111518255249667,"[""ring20"",""active"",73]",-325.23008078430001,128.48469094839999
2054,228794599588889,"[""ring20"",""active"",74]",-329.8328675258,116.1602374085
2055,128228961783974,"[""ring20"",""active"",75]",-333.9688127265,103.6713720421
2056,98361663629905,"[""ring20"",""active"",76]",-337.6320624187,91.035771441500003
2057,168827426811671,"[""ring20"",""active"",77]",-340.81743168200001,78.271319886499995
2058,8014908708169,"[""ring20"",""active"",78]",-343.5204119823,65.396084030799997
2059,28451691466524,"[""ring20"",""active"",79]",-345.73717755339999,52.428287331
2060,223310813535360,"[""ring20"",""active"",80]",-347.46459081149999,39.386284253200003
2061,75216244663238,"[""ring20"",""active"",81]",-348.70020679620001,26.2885342945
2062,216093050985634,"[""ring20"",""active"",82]",-349.44227663129999,13.1535758551
2063,119764513011608,"[""ring20"",""active"",83]",-349.68975,-0
2064,120012735270283,"[""ring20"",""active"",84]",-349.44227663129999,-13.1535758551
2065,218373099640218,"[""ring20"",""active"",85]",-348.70020679620001,-26.2885342945
2066,28249106700817,"[""ring20"",""active"",86]",-347.46459081149999,-39.386284253200003
2067,268156658804848,"[""ring20"",""active"",87]",-345.73717755339999,-52.428287331
2068,124818957030180,"[""ring20"",""active"",88]",-343.5204119823,-65.396084030799997
2069,226644521524755,"[""ring20"",""active"",89]",-340.81743168200001,-78.271319886499995
2070,113645287957574,"[""ring20"",""active"",90]",-337.6320624187,-91.035771441500003
2071,56760503988636,"[""ring20"",""active"",91]",-333.9688127265,-103.6713720421
2072,249533301348313,"[""ring20"",""active"",92]",-329.8328675258,-116.1602374085
2073,184080694767450,"[""ring20"",""active"",93]",-325.23008078430001,-128.48469094839999
2074,43503243385057,"[""ring20"",""active"",94]",-320.16696723209998,-140.62728877590001
2075,128892992130202,"[""ring20"",""active"",95]",-314.65069314020002,-152.5708444018
2076,152768119928278,"[""ring20"",""active"",96]",-308.6890661777,-164.29845305840001
2077,103806882177428,"[""ring20"",""active"",97]",-302.290524361,-175.79351562740001
2078,40099992966954,"[""ring20"",""active"",98]",-295.46412411040001,-187.03976213289999
2079,38513198902789,"[""ring20"",""active"",99]",-288.21952743219998,-198.02127477069999
2080,137061318708654,"[""ring20"",""active"",100]",-280.56698824279999,-208.72251043770001
2081,235175976188437,"[""ring20"",""active"",101]",-272.51733785580001,-219.12832273129999
2082,247407022746241,"[""ring20"",""active"",102]",-264.0819696511,-229.22398338799999
2083,8955518594043,"[""ring20"",""active"",103]",-255.2728229491,-238.995203129
2084,256830370113831,"[""ring20"",""active"",104]",-246.10236611190001,-248.42815188540001
2085,93349303518809,"[""ring20"",""active"",105]",-236.5835788956,-257.50947837310002
2086,279147689668603,"[""ring20"",""active"",106]",-226.72993407929999,-266.22632899000001
2087,266742212583414,"[""ring20"",""active"",107]",-216.55537839510001,-274.56636600870002
2088,259219312824707,"[""ring20"",""active"",108]",-206.07431278889999,-282.51778503949998
2089,20547450937499,"[""ring20"",""active"",109]",-195.30157203709999,-290.06933173789997
2090,89079271576972,"[""ring20"",""active"",110]",-184.25240374949999,-297.21031773409999
2091,118668427613848,"[""ring20"",""active"",111]",-172.9424467883,-303.9306357607
2092,125542322585787,"[""ring20"",""active"",112]",-161.38770913280001,-310.2207739593
2093,53335303119182,"[""ring20"",""active"",113]",-149.6045452221,-316.0718293425
2094,22354313811371,"[""ring20"",""active"",114]",-137.60963280710001,-321.4755203958
2095,175261800411706,"[""ring20"",""active"",115]",-125.4199493449,-326.42419879869999
2096,243774862079737,"[""ring20"",""active"",116]",-113.0527479694,-330.91086025039999
2097,140877411243461,"[""ring20"",""active"",117]",-100.5255330711,-334.9291543832
2098,48979393470405,"[""ring20"",""active"",118]",-87.856035521999999,-338.47339375109999
2099,210894625468027,"[""ring20"",""active"",119]",-75.062187579099998,-341.5385618798
2100,76880362850986,"[""ring20"",""active"",120]",-62.162097503399998,-344.12032036639999
2101,192108887535771,"[""ring20"",""active"",121]",-49.174023929900002,-346.21501502040002
2102,256492243716144,"[""ring20"",""active"",122]",-36.116350024399999,-347.81968103600002
2103,31694472183952,"[""ring20"",""active"",123]",-23.0075574641,-348.93204718769999
2104,193590525653996,"[""ring20"",""active"",124]",-9.8662002789999992,-349.55053904570002
2105,264012500929052,"[""ring20"",""active"",125]",3.2891214092999999,-349.67428120379998
2106,153431291169149,"[""ring20"",""active"",126]",16.439787714000001,-349.303098519
2107,1447127186549,"[""ring20"",""active"",127]",29.567185337600002,-348.4375163588
2108,206259522117979,"[""ring20"",""active"",128]",42.652733916700001,-347.07875985790002
2109,226648194502282,"[""ring20"",""active"",129]",55.677912320499999,-345.2287521842
2110,110122729481987,"[""ring20"",""active"",130]",68.624284865600004,-342.89011181680002
2111,78957538109259,"[""ring20"",""active"",131]",81.473527409300004,-340.06614883949999
2112,16434798481745,"[""ring20"",""active"",132]",94.207453285699998,-336.76086025619998
2113,245624065038555,"[""ring20"",""active"",133]",106.8080390466,-332.97892433319998
2114,19667710271046,"[""ring20"",""active"",134]",119.257449972,-328.72569397789999
2115,100349626004568,"[""ring20"",""active"",135]",131.5380653128,-324.00718916229999
2116,226837070491919,"[""ring20"",""active"",136]",143.63250323130001,-318.83008840219998
2117,153334028926209,"[""ring20"",""active"",137]",155.52364540310001,-313.20171930499998
2118,170946542147726,"[""ring20"",""active"",138]",167.1946612461,-307.13004819759999
2119,26636579651129,"[""ring20"",""active"",139]",178.62903174260001,-300.62366885159997
2120,144260673941587,"[""ring20"",""active"",140]",189.8105728196,-293.69179031930003
2121,7141706873887,"[""ring20"",""active"",141]",200.72345825630001,-286.34422389970001
2122,105696684945216,"[""ring20"",""active"",142]",211.35224208349999,-278.59136925130002
2123,246786272447548,"[""ring20"",""active"",143]",221.68188044639999,-270.4441996731
2124,183977234244346,"[""ring20"",""active"",144]",231.6977528969,-261.91424657239997
2125,170623225287279,"[""ring20"",""active"",145]",241.3856830876,-253.01358314410001
2126,108304531774605,"[""ring20"",""active"",146]",250.7319588366,-243.75480728190001
2127,98355306245616,"[""ring20"",""active"",147]",259.72335153580002,-234.15102374759999
2128,14706671598964,"[""ring20"",""active"",148]",268.34713487430002,-224.215825623
2129,113155522328676,"[""ring20"",""active"",149]",276.5911028511,-213.96327507000001
2130,48981603025837,"[""ring20"",""active"",150]",284.44358705140002,-203.40788342740001
2131,34902809297899,"[""ring20"",""active"",151]",291.89347316179999,-192.5645906718
2132,95111758142924,"[""ring20"",""active"",152]",298.93021670180002,-181.44874427139999
2133,159083049760905,"[""ring20"",""active"",153]",305.54385794770002,-170.07607746389999
2134,164055565274825,"[""ring20"",""active"",154]",311.72503602990002,-158.4626869873
2135,119538488134668,"[""ring20"",""active"",155]",317.46500218189999,-146.62501029730001
2136,162045815195932,"[""ring20"",""active"",156]",322.75563212370002,-134.57980230140001
2137,183934423126246,"[""ring20"",""active"",157]",327.58943756010001,-122.34411164470001
2138,144898470712532,"[""ring20"",""active"",158]",331.95957678000002,-109.935256579
2139,108626992919227,"[""ring20"",""active"",159]",335.85986434019998,-97.370800450999994
2140,232405841036747,"[""ring20"",""active"",160]",339.28477981959998,-84.668526843400002
2141,145454679487157,"[""ring20"",""active"",161]",342.22947563349999,-71.846414404000001
2142,94873013411094,"[""ring20"",""active"",162]",344.6897838941,-58.922611399200001
2143,136304723096840,"[""ring20"",""active"",163]",346.66222231030002,-45.915410026899998
2144,23956625797225,"[""ring20"",""active"",164]",348.14399911610002,-32.8432205262
2145,168103576464971,"[""ring20"",""active"",165]",349.13301702199999,-19.7245451195
2146,14637150043858,"[""ring20"",""active"",166]",349.62787618390001,-6.5779518249000004
