export_index,mirror_id,position_key,x,y
1,225977427565346,"[""ring1"",""active"",0]",100.2848217855,-173.42698551239999
2,98461791273696,"[""ring1"",""active"",1]",98.5689206805,-160.39342263739999
3,146546269447317,"[""ring1"",""active"",2]",95.166478014299997,-147.695333737
4,91816430395141,"[""ring1"",""active"",3]",90.135710524000004,-135.549986633
5,231364419112210,"[""ring1"",""active"",4]",83.562696036399998,-124.1651915815
6,186914820487113,"[""ring1"",""active"",5]",75.559900651600003,-113.7357455824
7,218691133102543,"[""ring1"",""active"",6]",66.2642544176,-104.4400993484
8,249518401681586,"[""ring1"",""active"",7]",55.834808418500003,-96.437303963600002
9,257081424862060,"[""ring1"",""active"",8]",44.450013366999997,-89.864289475999996
10,462329393670,"[""ring1"",""active"",9]",32.304666263000001,-84.833521985700003
11,136638878541845,"[""ring1"",""active"",10]",19.6065773626,-81.4310793195
12,113440114950139,"[""ring1"",""active"",11]",6.5730144876000001,-79.7151782145
13,189893974123011,"[""ring1"",""active"",12]",-6.5730144876000001,-79.7151782145
14,259292959545620,"[""ring1"",""active"",13]",-19.6065773626,-81.4310793195
15,199461450372935,"[""ring1"",""active"",14]",-32.304666263000001,-84.833521985700003
16,53150555964577,"[""ring1"",""active"",15]",-44.450013366999997,-89.864289475999996
17,182181300776484,"[""ring1"",""active"",16]",-55.834808418500003,-96.437303963600002
18,36828647183504,"[""ring1"",""active"",17]",-66.2642544176,-104.4400993484
19,245044142097057,"[""ring1"",""active"",18]",-75.559900651600003,-113.7357455824
20,164989153111639,"[""ring1"",""active"",19]",-83.562696036399998,-124.1651915815
21,82757952312123,"[""ring1"",""active"",20]",-90.135710524000004,-135.549986633
22,264367324792324,"[""ring1"",""active"",21]",-95.166478014299997,-147.695333737
23,96077426024455,"[""ring1"",""active"",22]",-98.5689206805,-160.39342263739999
24,175280640722083,"[""ring1"",""active"",23]",-100.2848217855,-173.42698551239999
25,271289438101252,"[""ring1"",""active"",24]",-100.2848217855,-186.57301448760001
26,22151644413009,"[""ring1"",""active"",25]",-98.5689206805,-199.60657736260001
27,54785332350034,"[""ring1"",""active"",26]",-95.166478014299997,-212.304666263
28,37097415433566,"[""ring1"",""active"",27]",-90.135710524000004,-224.450013367
29,7974149837147,"[""ring1"",""active"",28]",-83.562696036399998,-235.83480841849999
30,159066063835249,"[""ring1"",""active"",29]",-75.559900651600003,-246.2642544176
31,227814935923795,"[""ring1"",""active"",30]",-66.2642544176,-255.5599006516
32,112737315580354,"[""ring1"",""active"",31]",-55.834808418500003,-263.56269603639998
33,279057199714791,"[""ring1"",""active"",32]",-44.450013366999997,-270.13571052399999
34,104555532071604,"[""ring1"",""active"",33]",-32.304666263000001,-275.16647801430003
35,114636202083057,"[""ring1"",""active"",34]",-19.6065773626,-278.56892068050001
36,166816355597687,"[""ring1"",""active"",35]",-6.5730144876000001,-280.28482178550001
37,196871639851600,"[""ring1"",""active"",36]",6.5730144876000001,-280.28482178550001
38,163201643135464,"[""ring1"",""active"",37]",19.6065773626,-278.56892068050001
39,141087017475327,"[""ring1"",""active"",38]",32.304666263000001,-275.16647801430003
40,274460507970912,"[""ring1"",""active"",39]",44.450013366999997,-270.13571052399999
41,211658257369416,"[""ring1"",""active"",40]",55.834808418500003,-263.56269603639998
42,25256560694987,"[""ring1"",""active"",41]",66.2642544176,-255.5599006516
43,111109889874469,"[""ring1"",""active"",42]",75.559900651600003,-246.2642544176
44,248359595964128,"[""ring1"",""active"",43]",83.562696036399998,-235.83480841849999
45,232550607584963,"[""ring1"",""active"",44]",90.135710524000004,-224.450013367
46,8954556596020,"[""ring1"",""active"",45]",95.166478014299997,-212.304666263
47,16077873566104,"[""ring1"",""active"",46]",98.5689206805,-199.60657736260001
48,82931331611565,"[""ring1"",""active"",47]",100.2848217855,-186.57301448760001
49,118963306441431,"[""ring2"",""active"",0]",113.423030979,-173.39386072709999
50,166210091923763,"[""ring2"",""active"",1]",111.8891790604,-160.27091888230001
51,117307025828046,"[""ring2"",""active"",2]",108.8422179391,-147.4147790147
52,31761126237247,"[""ring2"",""active"",3]",104.32335253719999,-134.9992983615
53,8755066053518,"[""ring2"",""active"",4]",98.393692757300002,-123.192375
54,26147884959761,"[""ring2"",""active"",5]",91.133427075699998,-112.15367731400001
55,113321123638128,"[""ring2"",""active"",6]",82.640738130700001,-102.03248475309999
56,146421478213383,"[""ring2"",""active"",7]",73.030474971399997,-92.965669083899996
57,209994560452606,"[""ring2"",""active"",8]",62.432599920800001,-85.075843434399999
58,52342416943538,"[""ring2"",""active"",9]",50.990431058299997,-78.469704161500005
59,200784994231433,"[""ring2"",""active"",10]",38.858704089,-73.236587966299993
60,91357866436445,"[""ring2"",""active"",11]",26.201479808399998,-69.447263767899997
61,198849746917301,"[""ring2"",""active"",12]",13.1899254616,-67.152975675600004
62,195368130266985,"[""ring2"",""active"",13]",0,-66.384749999999997
63,150101175004650,"[""ring2"",""active"",14]",-13.1899254616,-67.152975675600004
64,24350496598495,"[""ring2"",""active"",15]",-26.201479808399998,-69.447263767899997
65,111513192711181,"[""ring2"",""active"",16]",-38.858704089,-73.236587966299993
66,183037382441518,"[""ring2"",""active"",17]",-50.990431058299997,-78.469704161500005
67,224334105978858,"[""ring2"",""active"",18]",-62.432599920800001,-85.075843434399999
68,240661364293959,"[""ring2"",""active"",19]",-73.030474971399997,-92.965669083899996
69,206103613447385,"[""ring2"",""active"",20]",-82.640738130700001,-102.03248475309999
70,205049209907177,"[""ring2"",""active"",21]",-91.133427075699998,-112.15367731400001
71,140036588241521,"[""ring2"",""active"",22]",-98.393692757300002,-123.192375
72,178109332024333,"[""ring2"",""active"",23]",-104.32335253719999,-134.9992983615
73,147447801650378,"[""ring2"",""active"",24]",-108.8422179391,-147.4147790147
74,186058987222788,"[""ring2"",""active"",25]",-111.8891790604,-160.27091888230001
75,15063983504382,"[""ring2"",""active"",26]",-113.423030979,-173.39386072709999
76,82820283973980,"[""ring2"",""active"",27]",-113.423030979,-186.60613927290001
77,4812291460678,"[""ring2"",""active"",28]",-111.8891790604,-199.72908111769999
78,254876129109843,"[""ring2"",""active"",29]",-108.8422179391,-212.5852209853
79,52090938489001,"[""ring2"",""active"",30]",-104.32335253719999,-225.0007016385
80,276426639245006,"[""ring2"",""active"",31]",-98.393692757300002,-236.807625
81,150770518482208,"[""ring2"",""active"",32]",-91.133427075699998,-247.84632268600001
82,65908650420079,"[""ring2"",""active"",33]",-82.640738130700001,-257.96751524690001
83,238391778599238,"[""ring2"",""active"",34]",-73.030474971399997,-267.03433091609998
84,187322721507181,"[""ring2"",""active"",35]",-62.432599920800001,-274.92415656560001
85,75900330232157,"[""ring2"",""active"",36]",-50.990431058299997,-281.53029583850002
86,56946199260712,"[""ring2"",""active"",37]",-38.858704089,-286.76341203369998
87,155089634456550,"[""ring2"",""active"",38]",-26.201479808399998,-290.55273623210002
88,273285650791107,"[""ring2"",""active"",39]",-13.1899254616,-292.84702432440002
89,251067079882723,"[""ring2"",""active"",40]",-0,-293.61525
90,13564978797403,"[""ring2"",""active"",41]",13.1899254616,-292.84702432440002
91,94878253318120,"[""ring2"",""active"",42]",26.201479808399998,-290.55273623210002
92,207197014732390,"[""ring2"",""active"",43]",38.858704089,-286.76341203369998
93,203533647948113,"[""ring2"",""active"",44]",50.990431058299997,-281.53029583850002
94,82706652683496,"[""ring2"",""active"",45]",62.432599920800001,-274.92415656560001
95,5167778211505,"[""ring2"",""active"",46]",73.030474971399997,-267.03433091609998
96,255403182698697,"[""ring2"",""active"",47]",82.640738130700001,-257.96751524690001
97,82825078268065,"[""ring2"",""active"",48]",91.133427075699998,-247.84632268600001
98,260003801076989,"[""ring2"",""active"",49]",98.393692757300002,-236.807625
99,100092810805523,"[""ring2"",""active"",50]",104.32335253719999,-225.0007016385
100,29530510557746,"[""ring2"",""active"",51]",108.8422179391,-212.5852209853
101,197980779087096,"[""ring2"",""active"",52]",111.8891790604,-199.72908111769999
102,226745184831197,"[""ring2"",""active"",53]",113.423030979,-186.60613927290001
103,59555902021457,"[""ring3"",""active"",0]",126.55682025420001,-173.3674380974
104,155037580514219,"[""ring3"",""active"",1]",125.1702372478,-160.17498202819999
105,110538863576565,"[""ring3"",""active"",2]",122.4122629285,-147.19973300460001
106,21100493715803,"[""ring3"",""active"",3]",118.31311424019999,-134.5838505701
107,269401024120553,"[""ring3"",""active"",4]",112.9177023137,-122.4655569728
108,24001370476862,"[""ring3"",""active"",5]",106.285140411,-110.97762277299999
109,85543209124447,"[""ring3"",""active"",6]",98.4880962684,-100.2459121821
110,43223118027071,"[""ring3"",""active"",7]",89.611995933200006,-90.388004066799994
111,25623575773241,"[""ring3"",""active"",8]",79.7540878179,-81.5119037316
112,42003389714630,"[""ring3"",""active"",9]",69.022377227000007,-73.714859589
113,173233600349033,"[""ring3"",""active"",10]",57.534443027199998,-67.082297686299995
114,166617546774744,"[""ring3"",""active"",11]",45.416149429900003,-61.686885759799999
115,178831113494194,"[""ring3"",""active"",12]",32.800266995400001,-57.587737071500001
116,28095630898990,"[""ring3"",""active"",13]",19.825017971800001,-54.829762752199997
117,19801002341314,"[""ring3"",""active"",14]",6.6325619026,-53.443179745800002
118,58685437539979,"[""ring3"",""active"",15]",-6.6325619026,-53.443179745800002
119,17543371511003,"[""ring3"",""active"",16]",-19.825017971800001,-54.829762752199997
120,46877405992558,"[""ring3"",""active"",17]",-32.800266995400001,-57.587737071500001
121,273908240264989,"[""ring3"",""active"",18]",-45.416149429900003,-61.686885759799999
122,161842297312095,"[""ring3"",""active"",19]",-57.534443027199998,-67.082297686299995
123,231218104024720,"[""ring3"",""active"",20]",-69.022377227000007,-73.714859589
124,205055244769105,"[""ring3"",""active"",21]",-79.7540878179,-81.5119037316
125,191462345087505,"[""ring3"",""active"",22]",-89.611995933200006,-90.388004066799994
126,265632588695131,"[""ring3"",""active"",23]",-98.4880962684,-100.2459121821
127,276076003264301,"[""ring3"",""active"",24]",-106.285140411,-110.97762277299999
128,130320065610047,"[""ring3"",""active"",25]",-112.9177023137,-122.4655569728
129,59230288788533,"[""ring3"",""active"",26]",-118.31311424019999,-134.5838505701
130,226518258385086,"[""ring3"",""active"",27]",-122.4122629285,-147.19973300460001
131,81015478178530,"[""ring3"",""active"",28]",-125.1702372478,-160.17498202819999
132,210566870952543,"[""ring3"",""active"",29]",-126.55682025420001,-173.3674380974
133,3505673751328,"[""ring3"",""active"",30]",-126.55682025420001,-186.6325619026
134,253362427386527,"[""ring3"",""active"",31]",-125.1702372478,-199.82501797180001
135,76531743404135,"[""ring3"",""active"",32]",-122.4122629285,-212.80026699539999
136,195453761152477,"[""ring3"",""active"",33]",-118.31311424019999,-225.4161494299
137,63322776522913,"[""ring3"",""active"",34]",-112.9177023137,-237.53444302720001
138,113370853181240,"[""ring3"",""active"",35]",-106.285140411,-249.02237722699999
139,268794731500274,"[""ring3"",""active"",36]",-98.4880962684,-259.75408781789997
140,48292612333692,"[""ring3"",""active"",37]",-89.611995933200006,-269.61199593319998
141,104208630898379,"[""ring3"",""active"",38]",-79.7540878179,-278.4880962684
142,127018589188985,"[""ring3"",""active"",39]",-69.022377227000007,-286.28514041099999
143,244169488799987,"[""ring3"",""active"",40]",-57.534443027199998,-292.91770231369998
144,148935662595744,"[""ring3"",""active"",41]",-45.416149429900003,-298.31311424019998
145,199967798838602,"[""ring3"",""active"",42]",-32.800266995400001,-302.41226292850001
146,121681998251905,"[""ring3"",""active"",43]",-19.825017971800001,-305.1702372478
147,182935117419065,"[""ring3"",""active"",44]",-6.6325619026,-306.55682025419998
148,86274112702088,"[""ring3"",""active"",45]",6.6325619026,-306.55682025419998
149,244499907031112,"[""ring3"",""active"",46]",19.825017971800001,-305.1702372478
150,222166567313161,"[""ring3"",""active"",47]",32.800266995400001,-302.41226292850001
151,267749192257242,"[""ring3"",""active"",48]",45.416149429900003,-298.31311424019998
152,13950193364604,"[""ring3"",""active"",49]",57.534443027199998,-292.91770231369998
153,272467347277926,"[""ring3"",""active"",50]",69.022377227000007,-286.28514041099999
154,11858837470873,"[""ring3"",""active"",51]",79.7540878179,-278.4880962684
155,189466156649008,"[""ring3"",""active"",52]",89.611995933200006,-269.61199593319998
156,76442142729759,"[""ring3"",""active"",53]",98.4880962684,-259.75408781789997
157,250969228161012,"[""ring3"",""active"",54]",106.285140411,-249.02237722699999
158,184232455508123,"[""ring3"",""active"",55]",112.9177023137,-237.53444302720001
159,42226490475413,"[""ring3"",""active"",56]",118.31311424019999,-225.4161494299
160,144422509818658,"[""ring3"",""active"",57]",122.4122629285,-212.80026699539999
161,98077237719699,"[""ring3"",""active"",58]",125.1702372478,-199.82501797180001
162,120457024512250,"[""ring3"",""active"",59]",126.55682025420001,-186.6325619026
163,5424059042925,"[""ring4"",""active"",0]",139.6873521986,-173.3458712952
164,184631012827970,"[""ring4"",""active"",1]",138.42232190589999,-160.0978747055
165,190689089557200,"[""ring4"",""active"",2]",135.90371763089999,-147.03011484449999
166,236894004599218,"[""ring4"",""active"",3]",132.1543482438,-134.26093536889999
167,146448383842108,"[""ring4"",""active"",4]",127.20816861430001,-121.9059759455
168,104860549194081,"[""ring4"",""active"",5]",121.1099721113,-110.077125
169,5389593131496,"[""ring4"",""active"",6]",113.9149849464,-98.881506438299994
170,88418679951807,"[""ring4"",""active"",7]",105.68836603779999,-88.420509515899994
171,249409769455279,"[""ring4"",""active"",8]",96.504616920000004,-78.788870640699997
172,44101727948432,"[""ring4"",""active"",9]",86.446907047300002,-70.073815425899994
173,61639682505539,"[""ring4"",""active"",10]",75.606320597700005,-62.354268761100002
174,48148122241354,"[""ring4"",""active"",11]",64.081031600900005,-55.7001400563
175,229813584610610,"[""ring4"",""active"",12]",51.975414858699999,-50.171690131399998
176,192150591661156,"[""ring4"",""active"",13]",39.399100710900001,-45.818985485200002
177,21417868438074,"[""ring4"",""active"",14]",26.465982206,-42.681444884800001
178,178315088531963,"[""ring4"",""active"",15]",13.293183667899999,-40.787482383799997
179,197963288963277,"[""ring4"",""active"",16]",0,-40.154249999999998
180,212266651691770,"[""ring4"",""active"",17]",-13.293183667899999,-40.787482383799997
181,143717716437285,"[""ring4"",""active"",18]",-26.465982206,-42.681444884800001
182,154191620653451,"[""ring4"",""active"",19]",-39.399100710900001,-45.818985485200002
183,243286050297014,"[""ring4"",""active"",20]",-51.975414858699999,-50.171690131399998
184,135187365860870,"[""ring4"",""active"",21]",-64.081031600900005,-55.7001400563
185,84394000815830,"[""ring4"",""active"",22]",-75.606320597700005,-62.354268761100002
186,196795816969926,"[""ring4"",""active"",23]",-86.446907047300002,-70.073815425899994
187,62752732012976,"[""ring4"",""active"",24]",-96.504616920000004,-78.788870640699997
188,262689507356988,"[""ring4"",""active"",25]",-105.68836603779999,-88.420509515899994
189,231588664315353,"[""ring4"",""active"",26]",-113.9149849464,-98.881506438299994
190,58670018595032,"[""ring4"",""active"",27]",-121.1099721113,-110.077125
191,56146106527894,"[""ring4"",""active"",28]",-127.20816861430001,-121.9059759455
192,98821130631326,"[""ring4"",""active"",29]",-132.1543482438,-134.26093536889999
193,167574568333979,"[""ring4"",""active"",30]",-135.90371763089999,-147.03011484449999
194,28634006172748,"[""ring4"",""active"",31]",-138.42232190589999,-160.0978747055
195,271869694795325,"[""ring4"",""active"",32]",-139.6873521986,-173.3458712952
196,137894532284547,"[""ring4"",""active"",33]",-139.6873521986,-186.6541287048
197,109821404521477,"[""ring4"",""active"",34]",-138.42232190589999,-199.9021252945
198,164092274472377,"[""ring4"",""active"",35]",-135.90371763089999,-212.96988515550001
199,177578951612703,"[""ring4"",""active"",36]",-132.1543482438,-225.73906463110001
200,102808210306553,"[""ring4"",""active"",37]",-127.20816861430001,-238.09402405450001
201,186356616046128,"[""ring4"",""active"",38]",-121.1099721113,-249.922875
202,90336894231343,"[""ring4"",""active"",39]",-113.9149849464,-261.11849356170001
203,110974730378632,"[""ring4"",""active"",40]",-105.68836603779999,-271.57949048410001
204,189460664477081,"[""ring4"",""active"",41]",-96.504616920000004,-281.2111293593
205,174627487827072,"[""ring4"",""active"",42]",-86.446907047300002,-289.92618457409998
206,12666634866111,"[""ring4"",""active"",43]",-75.606320597700005,-297.6457312389
207,264137056305333,"[""ring4"",""active"",44]",-64.081031600900005,-304.29985994370003
208,157926074659033,"[""ring4"",""active"",45]",-51.975414858699999,-309.8283098686
209,188394866474283,"[""ring4"",""active"",46]",-39.399100710900001,-314.18101451479998
210,273110110346102,"[""ring4"",""active"",47]",-26.465982206,-317.31855511520001
211,86286860731454,"[""ring4"",""active"",48]",-13.293183667899999,-319.21251761619999
212,213624765757933,"[""ring4"",""active"",49]",-0,-319.84575000000001
213,134127273969171,"[""ring4"",""active"",50]",13.293183667899999,-319.21251761619999
214,117092707444576,"[""ring4"",""active"",51]",26.465982206,-317.31855511520001
215,89888352884877,"[""ring4"",""active"",52]",39.399100710900001,-314.18101451479998
216,148741488918137,"[""ring4"",""active"",53]",51.975414858699999,-309.8283098686
217,31140464893598,"[""ring4"",""active"",54]",64.081031600900005,-304.29985994370003
218,157861437555367,"[""ring4"",""active"",55]",75.606320597700005,-297.6457312389
219,174967414936778,"[""ring4"",""active"",56]",86.446907047300002,-289.92618457409998
220,158805511150832,"[""ring4"",""active"",57]",96.504616920000004,-281.2111293593
221,31065264203047,"[""ring4"",""active"",58]",105.68836603779999,-271.57949048410001
222,107117089717890,"[""ring4"",""active"",59]",113.9149849464,-261.11849356170001
223,166642483298093,"[""ring4"",""active"",60]",121.1099721113,-249.922875
224,138840614426827,"[""ring4"",""active"",61]",127.20816861430001,-238.09402405450001
225,193394635713193,"[""ring4"",""active"",62]",132.1543482438,-225.73906463110001
226,274420313286902,"[""ring4"",""active"",63]",135.90371763089999,-212.96988515550001
227,176401512941857,"[""ring4"",""active"",64]",138.42232190589999,-199.9021252945
228,169552146916756,"[""ring4"",""active"",65]",139.6873521986,-186.6541287048
229,23520626475590,"[""ring5"",""active"",0]",152.81937572019999,-173.41927621740001
230,222353045440909,"[""ring5"",""active"",1]",151.68795452910001,-160.3065500287
231,13627925224066,"[""ring5"",""active"",2]",149.43348879370001,-147.33962725340001
232,261600412324865,"[""ring5"",""active"",3]",146.07266978940001,-134.61451045109999
233,155123218978573,"[""ring5"",""active"",4]",141.63037984429999,-122.2254119344
234,139126295387140,"[""ring5"",""active"",5]",136.139508119,-110.2640562543
235,17104254734932,"[""ring5"",""active"",6]",129.64070710659999,-98.819001103100007
236,257202337253132,"[""ring5"",""active"",7]",122.1820916561,-87.974981665100003
237,20256286585924,"[""ring5"",""active"",8]",113.8188827467,-77.812283265999994
238,226842049771351,"[""ring5"",""active"",9]",104.6129986511,-68.406146969399998
239,22306274976552,"[""ring5"",""active"",10]",94.632596514400007,-59.8262125173
240,8522133503955,"[""ring5"",""active"",11]",83.951567742199998,-52.136002742599999
241,109224736450407,"[""ring5"",""active"",12]",72.648990934400004,-45.392453267999997
242,192014594872712,"[""ring5"",""active"",13]",60.808546415499997,-39.645490974300003
243,5788196010393,"[""ring5"",""active"",14]",48.517896693899999,-34.937664359800003
244,227952558828436,"[""ring5"",""active"",15]",35.868037440099997,-31.3038285254
245,152308738858516,"[""ring5"",""active"",16]",22.9526237862,-28.770887120499999
246,213125153228881,"[""ring5"",""active"",17]",9.8672769361999997,-27.357593156899998
247,71269691663161,"[""ring5"",""active"",18]",-3.2911237798999999,-27.074410168699998
248,156249175796049,"[""ring5"",""active"",19]",-16.425158167100001,-27.923434743600001
249,202748898602645,"[""ring5"",""active"",20]",-29.4375864298,-29.898381000800001
250,43945525603687,"[""ring5"",""active"",21]",-42.232069101999997,-32.984627129099998
251,73207654735822,"[""ring5"",""active"",22]",-54.713880310199997,-37.159323641999997
252,5758917734907,"[""ring5"",""active"",23]",-66.790609091199997,-42.391562547100001
253,97876239973797,"[""ring5"",""active"",24]",-78.372843570599997,-48.642606178199998
254,33095221570398,"[""ring5"",""active"",25]",-89.374832936399997,-55.8661739952
255,277111629805253,"[""ring5"",""active"",26]",-99.715122308600002,-64.008785229300003
256,52709217833209,"[""ring5"",""active"",27]",-109.3171558025,-73.010154835899996
257,245682835225288,"[""ring5"",""active"",28]",-118.1098433216,-82.803639823500006
258,125292141479106,"[""ring5"",""active"",29]",-126.0280868837,-93.316732655999999
259,94762750622421,"[""ring5"",""active"",30]",-133.01326258380001,-104.47159807200001
260,75994957899253,"[""ring5"",""active"",31]",-139.0136546251,-116.18564935080001
261,20004688814997,"[""ring5"",""active"",32]",-143.98483820409999,-128.37215975519999
262,175860044824892,"[""ring5"",""active"",33]",-147.8900084169,-140.9409046257
263,183972625240563,"[""ring5"",""active"",34]",-150.70025274950001,-153.7988293729
264,238480623597105,"[""ring5"",""active"",35]",-152.39476513619999,-166.85073842029999
265,123379877610518,"[""ring5"",""active"",36]",-152.96100000000001,-180
266,239283752301026,"[""ring5"",""active"",37]",-152.39476513619999,-193.14926157970001
267,183370882837706,"[""ring5"",""active"",38]",-150.70025274950001,-206.2011706271
268,175759257811417,"[""ring5"",""active"",39]",-147.8900084169,-219.0590953743
269,85670323711507,"[""ring5"",""active"",40]",-143.98483820409999,-231.62784024480001
270,192077555300193,"[""ring5"",""active"",41]",-139.0136546251,-243.81435064920001
271,72709185471645,"[""ring5"",""active"",42]",-133.01326258380001,-255.52840192799999
272,72248347403569,"[""ring5"",""active"",43]",-126.0280868837,-266.683267344
273,191260267335111,"[""ring5"",""active"",44]",-118.1098433216,-277.19636017649998
274,83628581397731,"[""ring5"",""active"",45]",-109.3171558025,-286.98984516410002
275,83195177570344,"[""ring5"",""active"",46]",-99.715122308600002,-295.99121477070003
276,60631607472577,"[""ring5"",""active"",47]",-89.374832936399997,-304.13382600480003
277,52503766025382,"[""ring5"",""active"",48]",-78.372843570599997,-311.35739382179997
278,217241937472025,"[""ring5"",""active"",49]",-66.790609091199997,-317.60843745289998
279,121174415326769,"[""ring5"",""active"",50]",-54.713880310199997,-322.840676358
280,104047867091438,"[""ring5"",""active"",51]",-42.232069101999997,-327.01537287090002
281,214778283416061,"[""ring5"",""active"",52]",-29.4375864298,-330.10161899920001
282,234678724139405,"[""ring5"",""active"",53]",-16.425158167100001,-332.07656525639999
283,173585238361232,"[""ring5"",""active"",54]",-3.2911237798999999,-332.92558983129999
284,270449284997860,"[""ring5"",""active"",55]",9.8672769361999997,-332.64240684309999
285,256100742887971,"[""ring5"",""active"",56]",22.9526237862,-331.22911287950001
286,81250924882693,"[""ring5"",""active"",57]",35.868037440099997,-328.69617147460002
287,155366379369128,"[""ring5"",""active"",58]",48.517896693899999,-325.06233564019999
288,250091917024527,"[""ring5"",""active"",59]",60.808546415499997,-320.3545090257
289,161047720681361,"[""ring5"",""active"",60]",72.648990934400004,-314.607546732
290,271279813364339,"[""ring5"",""active"",61]",83.951567742199998,-307.8639972574
291,55992506942994,"[""ring5"",""active"",62]",94.632596514400007,-300.17378748269999
292,98626777492812,"[""ring5"",""active"",63]",104.6129986511,-291.59385303059997
293,280366544408847,"[""ring5"",""active"",64]",113.8188827467,-282.18771673399999
294,247862487429520,"[""ring5"",""active"",65]",122.1820916561,-272.02501833489998
295,113428781052480,"[""ring5"",""active"",66]",129.64070710659999,-261.18099889690001
296,186944288805866,"[""ring5"",""active"",67]",136.139508119,-249.73594374570001
297,62639937718710,"[""ring5"",""active"",68]",141.63037984429999,-237.7745880656
298,181048829255108,"[""ring5"",""active"",69]",146.07266978940001,-225.38548954890001
299,238349268831454,"[""ring5"",""active"",70]",149.43348879370001,-212.66037274659999
300,204699139529072,"[""ring5"",""active"",71]",151.68795452910001,-199.6934499713
301,115322783196771,"[""ring5"",""active"",72]",152.81937572019999,-186.58072378259999
302,15633397888638,"[""ring6"",""active"",0]",165.9449496563,-173.39738705959999
303,3618394902825,"[""ring6"",""active"",1]",164.89579225509999,-160.23390502379999
304,66424263510672,"[""ring6"",""active"",2]",162.80411056380001,-147.19539060439999
305,257966886653104,"[""ring6"",""active"",3]",159.68312886730001,-134.3642774878
306,153079224300172,"[""ring6"",""active"",4]",155.55257901690001,-121.8216881023
307,172708008851399,"[""ring6"",""active"",5]",150.4385756785,-109.6469207363
308,201027126862124,"[""ring6"",""active"",6]",144.37345122790001,-97.916948188999996
309,97077543497017,"[""ring6"",""active"",7]",137.39555133459999,-86.705931123599996
310,173356775268481,"[""ring6"",""active"",8]",129.54899252850001,-76.084749199599997
311,203453305678702,"[""ring6"",""active"",9]",120.8833832806,-66.120552948799997
312,30604529686480,"[""ring6"",""active"",10]",111.4535103628,-56.876339228100001
313,74175571152741,"[""ring6"",""active"",11]",101.3189924676,-48.410552932999998
314,7294419471254,"[""ring6"",""active"",12]",90.543903280400002,-40.776717490199999
315,72501091431243,"[""ring6"",""active"",13]",79.196366384100003,-34.023096465199998
316,125008252351536,"[""ring6"",""active"",14]",67.348124560700001,-28.192388424600001
317,82741542558678,"[""ring6"",""active"",15]",55.074086209599997,-23.321456982000001
318,136347579096247,"[""ring6"",""active"",16]",42.451851753299998,-19.441097734300001
319,204917347607831,"[""ring6"",""active"",17]",29.561223022,-16.575843561900001
320,90721195782871,"[""ring6"",""active"",18]",16.483698720900001,-14.7438095243
321,19437795711162,"[""ring6"",""active"",19]",3.3019591691999999,-13.956578330499999
322,8742095329409,"[""ring6"",""active"",20]",-9.9006564314999999,-14.2191271096
323,171071219876311,"[""ring6"",""active"",21]",-23.040676894499999,-15.5297959437
324,193133937668178,"[""ring6"",""active"",22]",-36.035026779799999,-17.8802983625
325,46566491873461,"[""ring6"",""active"",23]",-48.801551623500004,-21.2557737327
326,31492300519486,"[""ring6"",""active"",24]",-61.259537345200002,-25.6348812124
327,24546376086534,"[""ring6"",""active"",25]",-73.330220548100002,-30.989934674099999
328,133965456100379,"[""ring6"",""active"",26]",-84.937286486399998,-37.287077745600001
329,278872408392949,"[""ring6"",""active"",27]",-96.007351552299994,-44.486497860999997
330,190393026479347,"[""ring6"",""active"",28]",-106.4704272302,-52.542677968299998
331,170312264844696,"[""ring6"",""active"",29]",-116.2603625867,-61.404684303000003
332,192903510103468,"[""ring6"",""active"",30]",-125.31526249860001,-71.016488407699995
333,204096031368815,"[""ring6"",""active"",31]",-133.577878973,-81.317321362200005
334,68236790755907,"[""ring6"",""active"",32]",-140.99597308849999,-92.242057983999999
335,175706828718013,"[""ring6"",""active"",33]",-147.5226452656,-103.72162857070001
336,152553411453083,"[""ring6"",""active"",34]",-153.11663178129999,-115.6834555809
337,136600615361312,"[""ring6"",""active"",35]",-157.74256565190001,-128.051912493
338,62373048652962,"[""ring6"",""active"",36]",-161.3712002339,-140.74880194010001
339,181856645093371,"[""ring6"",""active"",37]",-163.97959413129999,-153.693850099
340,130293704323625,"[""ring6"",""active"",38]",-165.55125623789999,-166.8052142075
341,61753894552097,"[""ring6"",""active"",39]",-166.07624999999999,-180
342,89052692619480,"[""ring6"",""active"",40]",-165.55125623789999,-193.1947857925
343,110421658250941,"[""ring6"",""active"",41]",-163.97959413129999,-206.306149901
344,237887334612196,"[""ring6"",""active"",42]",-161.3712002339,-219.25119805989999
345,6774256656513,"[""ring6"",""active"",43]",-157.74256565190001,-231.948087507
346,1461599247815,"[""ring6"",""active"",44]",-153.11663178129999,-244.31654441910001
347,113080086478275,"[""ring6"",""active"",45]",-147.5226452656,-256.27837142930002
348,275076801571628,"[""ring6"",""active"",46]",-140.99597308849999,-267.75794201600002
349,219525186125527,"[""ring6"",""active"",47]",-133.577878973,-278.6826786378
350,256415157047643,"[""ring6"",""active"",48]",-125.31526249860001,-288.98351159229998
351,105765501990854,"[""ring6"",""active"",49]",-116.2603625867,-298.59531569699999
352,233392164539072,"[""ring6"",""active"",50]",-106.4704272302,-307.45732203170002
353,121780138828961,"[""ring6"",""active"",51]",-96.007351552299994,-315.51350213900002
354,123535355556610,"[""ring6"",""active"",52]",-84.937286486399998,-322.71292225439998
355,41644475214493,"[""ring6"",""active"",53]",-73.330220548100002,-329.01006532589997
356,232600081420609,"[""ring6"",""active"",54]",-61.259537345200002,-334.36511878760001
357,184013294735046,"[""ring6"",""active"",55]",-48.801551623500004,-338.74422626730001
358,246913989650040,"[""ring6"",""active"",56]",-36.035026779799999,-342.11970163749999
359,142277293781531,"[""ring6"",""active"",57]",-23.040676894499999,-344.47020405630002
360,15539963977653,"[""ring6"",""active"",58]",-9.9006564314999999,-345.78087289040002
361,50027054714596,"[""ring6"",""active"",59]",3.3019591691999999,-346.04342166949999
362,8968266447559,"[""ring6"",""active"",60]",16.483698720900001,-345.25619047570001
363,249035387025584,"[""ring6"",""active"",61]",29.561223022,-343.4241564381
364,76221010187168,"[""ring6"",""active"",62]",42.451851753299998,-340.5589022657
365,148413189653386,"[""ring6"",""active"",63]",55.074086209599997,-336.67854301800003
366,176562161909927,"[""ring6"",""active"",64]",67.348124560700001,-331.80761157540002
367,46369425058666,"[""ring6"",""active"",65]",79.196366384100003,-325.97690353479999
368,85685822949842,"[""ring6"",""active"",66]",90.543903280400002,-319.22328250980001
369,148816550349384,"[""ring6"",""active"",67]",101.3189924676,-311.58944706699998
370,51096767258723,"[""ring6"",""active"",68]",111.4535103628,-303.12366077190001
371,174982740500412,"[""ring6"",""active"",69]",120.8833832806,-293.87944705119997
372,156109459724971,"[""ring6"",""active"",70]",129.54899252850001,-283.91525080039997
373,279829217726053,"[""ring6"",""active"",71]",137.39555133459999,-273.29406887639999
374,159198802282531,"[""ring6"",""active"",72]",144.37345122790001,-262.08305181100002
375,170710736352246,"[""ring6"",""active"",73]",150.4385756785,-250.35307926370001
376,109619617615190,"[""ring6"",""active"",74]",155.55257901690001,-238.17831189770001
377,96667164186716,"[""ring6"",""active"",75]",159.68312886730001,-225.6357225122
378,259606036457484,"[""ring6"",""active"",76]",162.80411056380001,-212.80460939560001
379,196804299156461,"[""ring6"",""active"",77]",164.89579225509999,-199.76609497620001
380,243713746614021,"[""ring6"",""active"",78]",165.9449496563,-186.60261294040001
381,98704091431607,"[""ring7"",""active"",0]",179.06912298259999,-173.3786053972
382,139223695998237,"[""ring7"",""active"",1]",178.09110952899999,-160.1719799528
383,3815330794391,"[""ring7"",""active"",2]",176.14042419200001,-147.07364827820001
384,168939197208594,"[""ring7"",""active"",3]",173.22772093859999,-134.15514891870001
385,257718557202517,"[""ring7"",""active"",4]",169.36890794390001,-121.4870382381
386,197611875643245,"[""ring7"",""active"",5]",164.5850607063,-109.1385050641
387,277769438802380,"[""ring7"",""active"",6]",158.90230694050001,-97.176992802599997
388,10407145213078,"[""ring7"",""active"",7]",152.35168387709999,-85.667831085800003
389,79668007178407,"[""ring7"",""active"",8]",144.96896874750001,-74.673878963799993
390,216898390126945,"[""ring7"",""active"",9]",136.79448338180001,-64.255181590899994
391,195311553297786,"[""ring7"",""active"",10]",127.8728739843,-54.468642279100003
392,6707637656343,"[""ring7"",""active"",11]",118.2528672917,-45.367711712499997
393,113547112726121,"[""ring7"",""active"",12]",107.98700444479999,-37.0020960178
394,111992766214480,"[""ring7"",""active"",13]",97.131354026300002,-29.4174852871
395,154388842427142,"[""ring7"",""active"",14]",85.7452058346,-22.655304034
396,188844447436172,"[""ring7"",""active"",15]",73.890747062599999,-16.752484947599999
397,240676286273810,"[""ring7"",""active"",16]",61.632722653400002,-11.741267178799999
398,193077115442914,"[""ring7"",""active"",17]",49.038081685500003,-7.6490202613999996
399,165270732462952,"[""ring7"",""active"",18]",36.175611720500001,-4.4980946288999997
400,112275944231314,"[""ring7"",""active"",19]",23.115563108900002,-2.3056995443999999
401,245752944709934,"[""ring7"",""active"",20]",9.9292653073999997,-1.0838091097
402,202662447900705,"[""ring7"",""active"",21]",-3.3112626980000002,-0.83909686650000004
403,154415203091408,"[""ring7"",""active"",22]",-16.533705734800002,-1.5728993484
404,249000034967445,"[""ring7"",""active"",23]",-29.665847404200001,-3.2812087806000001
405,105432625421735,"[""ring7"",""active"",24]",-42.635964502500002,-5.9546949694000002
406,64235322929390,"[""ring7"",""active"",25]",-55.373218747499998,-9.5787562603000005
407,80583806395388,"[""ring7"",""active"",26]",-67.808043673699999,-14.133599287299999
408,221514684970239,"[""ring7"",""active"",27]",-79.872524579100002,-19.5943470771
409,204545893520169,"[""ring7"",""active"",28]",-91.500769452900002,-25.9311749192
410,97550895784992,"[""ring7"",""active"",29]",-102.6292688537,-33.109473257099999
411,179768472648573,"[""ring7"",""active"",30]",-113.197242777,-41.090036714699998
412,4663288236199,"[""ring7"",""active"",31]",-123.1469726139,-49.829278221700001
413,278056749230886,"[""ring7"",""active"",32]",-132.42411639010001,-59.279467071500001
414,49078469715113,"[""ring7"",""active"",33]",-140.97800556359999,-69.388989609700005
415,209456995452956,"[""ring7"",""active"",34]",-148.76192175790001,-80.102631130000006
416,281391758338618,"[""ring7"",""active"",35]",-155.73335192190001,-91.361877437399997
417,39867733414405,"[""ring7"",""active"",36]",-161.85422052160001,-103.10523443309999
418,221665518473018,"[""ring7"",""active"",37]",-167.0910974953,-115.26856397340001
419,235395455773571,"[""ring7"",""active"",38]",-171.4153808369,-127.78543417029999
420,248140748251892,"[""ring7"",""active"",39]",-174.80345281039999,-140.58748221920001
421,130737922101960,"[""ring7"",""active"",40]",-177.2368089414,-153.604787773
422,142947773551174,"[""ring7"",""active"",41]",-178.70215908279999,-166.766254823
423,246134825458202,"[""ring7"",""active"",42]",-179.19149999999999,-180
424,112355342081427,"[""ring7"",""active"",43]",-178.70215908279999,-193.233745177
425,168562849537525,"[""ring7"",""active"",44]",-177.2368089414,-206.395212227
426,240623476709370,"[""ring7"",""active"",45]",-174.80345281039999,-219.41251778079999
427,179552823553090,"[""ring7"",""active"",46]",-171.4153808369,-232.21456582970001
428,20451532741646,"[""ring7"",""active"",47]",-167.0910974953,-244.73143602659999
429,44138025319731,"[""ring7"",""active"",48]",-161.85422052160001,-256.89476556689999
430,87526950589628,"[""ring7"",""active"",49]",-155.73335192190001,-268.63812256260002
431,271874786952402,"[""ring7"",""active"",50]",-148.76192175790001,-279.89736886999998
432,99017401013374,"[""ring7"",""active"",51]",-140.97800556359999,-290.61101039020002
433,107612685271568,"[""ring7"",""active"",52]",-132.42411639010001,-300.72053292850001
434,210097438333945,"[""ring7"",""active"",53]",-123.1469726139,-310.17072177829999
435,201864549490165,"[""ring7"",""active"",54]",-113.197242777,-318.90996328530002
436,120445623188901,"[""ring7"",""active"",55]",-102.6292688537,-326.89052674290002
437,195350791113158,"[""ring7"",""active"",56]",-91.500769452900002,-334.06882508080002
438,101971248769460,"[""ring7"",""active"",57]",-79.872524579100002,-340.4056529229
439,126511770896516,"[""ring7"",""active"",70]",85.7452058346,-337.34469596600002
440,231552121987345,"[""ring7"",""active"",71]",97.131354026300002,-330.58251471289998
441,247506303056146,"[""ring7"",""active"",72]",107.98700444479999,-322.9979039822
442,102684164402542,"[""ring7"",""active"",73]",118.2528672917,-314.63228828749999
443,278706186294013,"[""ring7"",""active"",74]",127.8728739843,-305.53135772090002
444,85489333571197,"[""ring7"",""active"",75]",136.79448338180001,-295.74481840909999
445,208130067677265,"[""ring7"",""active"",76]",144.96896874750001,-285.32612103619999
446,64146519403722,"[""ring7"",""active"",77]",152.35168387709999,-274.3321689142
447,222194219887615,"[""ring7"",""active"",78]",158.90230694050001,-262.82300719739999
448,95507527291869,"[""ring7"",""active"",79]",164.5850607063,-250.8614949359
449,41593819833030,"[""ring7"",""active"",80]",169.36890794390001,-238.51296176189999
450,148418666345158,"[""ring7"",""active"",81]",173.22772093859999,-225.84485108129999
451,181422169739776,"[""ring7"",""active"",82]",176.14042419200001,-212.92635172179999
452,26420087111766,"[""ring7"",""active"",83]",178.09110952899999,-199.8280200472
453,110309838343784,"[""ring7"",""active"",84]",179.06912298259999,-186.6213946028
454,103035038586406,"[""ring8"",""active"",0]",192.1946394659,-173.43443405869999
455,47162301186622,"[""ring8"",""active"",1]",191.298539336,-160.33391387539999
456,24425660975383,"[""ring8"",""active"",2]",189.5105171088,-147.32508606389999
457,153621519479959,"[""ring8"",""active"",3]",186.83890936910001,-134.4686037845
458,140424434400610,"[""ring8"",""active"",4]",183.2961723855,-121.8244098924
459,40460452271116,"[""ring8"",""active"",5]",178.89882403339999,-109.45145745630001
460,253726371640365,"[""ring8"",""active"",6]",173.6673667805,-97.4074348921
461,118483385141232,"[""ring8"",""active"",7]",167.62619209549999,-85.748496992699998
462,80665172016646,"[""ring8"",""active"",8]",160.80346672350001,-74.529003108599994
463,230879612048369,"[""ring8"",""active"",9]",153.23100135979999,-63.801263699499998
464,256672054013719,"[""ring8"",""active"",10]",144.9441023334,-53.615296438500003
465,118704804263222,"[""ring8"",""active"",11]",135.98140699289999,-44.018593007100002
466,141175085968341,"[""ring8"",""active"",12]",126.3847035615,-35.055897666600004
467,211148652082234,"[""ring8"",""active"",13]",116.1987363005,-26.7689986402
468,183297492580179,"[""ring8"",""active"",14]",105.47099689140001,-19.196533276499999
469,56077620833608,"[""ring8"",""active"",15]",94.251503007300002,-12.3738079045
470,227864090595258,"[""ring8"",""active"",16]",82.5925651079,-6.3326332194999999
471,149823144396876,"[""ring8"",""active"",17]",70.548542543699995,-1.1011759666000001
472,212903673864193,"[""ring8"",""active"",18]",58.175590107600001,3.2961723854999998
473,135359725410911,"[""ring8"",""active"",19]",45.531396215500003,6.8389093690999996
474,148039290650802,"[""ring8"",""active"",20]",32.674913936099998,9.5105171088000002
475,153477916426313,"[""ring8"",""active"",21]",19.6660861246,11.298539335999999
476,11663329182261,"[""ring8"",""active"",22]",6.5655659413,12.1946394659
477,55124408669199,"[""ring8"",""active"",23]",-6.5655659413,12.1946394659
478,156367101167981,"[""ring8"",""active"",24]",-19.6660861246,11.298539335999999
479,109111027470527,"[""ring8"",""active"",25]",-32.674913936099998,9.5105171088000002
480,186589492827295,"[""ring8"",""active"",26]",-45.531396215500003,6.8389093690999996
481,234973109690632,"[""ring8"",""active"",27]",-58.175590107600001,3.2961723854999998
482,159068333180735,"[""ring8"",""active"",28]",-70.548542543699995,-1.1011759666000001
483,3553896438682,"[""ring8"",""active"",29]",-82.5925651079,-6.3326332194999999
484,125490996073539,"[""ring8"",""active"",30]",-94.251503007300002,-12.3738079045
485,197296522472290,"[""ring8"",""active"",31]",-105.47099689140001,-19.196533276499999
486,15471845928098,"[""ring8"",""active"",32]",-116.1987363005,-26.7689986402
487,221332755877106,"[""ring8"",""active"",33]",-126.3847035615,-35.055897666600004
488,142716136045108,"[""ring8"",""active"",34]",-135.98140699289999,-44.018593007100002
489,113991812987888,"[""ring8"",""active"",35]",-144.9441023334,-53.615296438500003
490,137127856256707,"[""ring8"",""active"",36]",-153.23100135979999,-63.801263699499998
491,275724049879911,"[""ring8"",""active"",37]",-160.80346672350001,-74.529003108599994
492,216476624374123,"[""ring8"",""active"",38]",-167.62619209549999,-85.748496992699998
493,276855416670102,"[""ring8"",""active"",39]",-173.6673667805,-97.4074348921
494,63086328637961,"[""ring8"",""active"",40]",-178.89882403339999,-109.45145745630001
495,80180257145509,"[""ring8"",""active"",41]",-183.2961723855,-121.8244098924
496,201068241412195,"[""ring8"",""active"",42]",-186.83890936910001,-134.4686037845
497,89479408681291,"[""ring8"",""active"",43]",-189.5105171088,-147.32508606389999
498,26501276598608,"[""ring8"",""active"",44]",-191.298539336,-160.33391387539999
499,252764545910328,"[""ring8"",""active"",45]",-192.1946394659,-173.43443405869999
500,237539323347336,"[""ring8"",""active"",46]",-192.1946394659,-186.56556594130001
501,75029977817500,"[""ring8"",""active"",47]",-191.298539336,-199.66608612460001
502,224607538536195,"[""ring8"",""active"",48]",-189.5105171088,-212.67491393610001
503,210764997604661,"[""ring8"",""active"",49]",-186.83890936910001,-225.5313962155
504,46772381161956,"[""ring8"",""active"",50]",-183.2961723855,-238.17559010759999
505,62421198131876,"[""ring8"",""active"",51]",-178.89882403339999,-250.54854254369999
506,235643662284623,"[""ring8"",""active"",52]",-173.6673667805,-262.59256510789999
507,262819177905100,"[""ring8"",""active"",53]",-167.62619209549999,-274.25150300730002
508,252552166573107,"[""ring8"",""active"",54]",-160.80346672350001,-285.47099689139998
509,42675663034389,"[""ring8"",""active"",55]",-153.23100135979999,-296.1987363005
510,228157238553140,"[""ring8"",""active"",56]",-144.9441023334,-306.38470356149998
511,34098461380809,"[""ring8"",""active"",57]",-135.98140699289999,-315.98140699290002
512,60965590524995,"[""ring8"",""active"",58]",-126.3847035615,-324.9441023334
513,232376188121005,"[""ring8"",""active"",79]",126.3847035615,-324.9441023334
514,241242393035060,"[""ring8"",""active"",80]",135.98140699289999,-315.98140699290002
515,19805932009010,"[""ring8"",""active"",81]",144.9441023334,-306.38470356149998
516,233273024537107,"[""ring8"",""active"",82]",153.23100135979999,-296.1987363005
517,48147940526515,"[""ring8"",""active"",83]",160.80346672350001,-285.47099689139998
518,2159862752157,"[""ring8"",""active"",84]",167.62619209549999,-274.25150300730002
519,159032990764413,"[""ring8"",""active"",85]",173.6673667805,-262.59256510789999
520,249691745359107,"[""ring8"",""active"",86]",178.89882403339999,-250.54854254369999
521,167953906478754,"[""ring8"",""active"",87]",183.2961723855,-238.17559010759999
522,91552215359534,"[""ring8"",""active"",88]",186.83890936910001,-225.5313962155
523,106578588540520,"[""ring8"",""active"",89]",189.5105171088,-212.67491393610001
524,185343818846557,"[""ring8"",""active"",90]",191.298539336,-199.66608612460001
525,35243663952562,"[""ring8"",""active"",91]",192.1946394659,-186.56556594130001
526,125797870279228,"[""ring9"",""active"",0]",205.31645750440001,-173.41590083209999
527,194797963855147,"[""ring9"",""active"",1]",204.47276814029999,-160.274757972
528,89571561756875,"[""ring9"",""active"",2]",202.78885631259999,-147.21467036249999
529,168223872581822,"[""ring9"",""active"",3]",200.27164157620001,-134.2893047048
530,270332021443703,"[""ring9"",""active"",4]",196.9314677065,-121.5517740991
531,3423682913562,"[""ring9"",""active"",5]",192.78206019429999,-109.0544197907
532,250743824423220,"[""ring9"",""active"",6]",187.8404698452,-96.848596089099999
533,123984057099878,"[""ring9"",""active"",7]",182.12700271380001,-84.984459342099996
534,109131239212470,"[""ring9"",""active"",8]",175.6651366621,-73.510761832499995
535,60007292473724,"[""ring9"",""active"",9]",168.4814248838,-62.474651444400003
536,183922960676722,"[""ring9"",""active"",10]",160.6053867915,-51.921477922599998
537,244026363009533,"[""ring9"",""active"",11]",152.06938671520001,-41.894606520700002
538,134526403365745,"[""ring9"",""active"",12]",142.9085009101,-32.435239804200002
539,271629929750622,"[""ring9"",""active"",13]",133.16037342089999,-23.582248339900001
540,91866714086023,"[""ring9"",""active"",14]",122.8650613946,-15.3720109686
541,252673504642266,"[""ring9"",""active"",15]",112.0648704765,-7.8382653169000003
542,182925999859411,"[""ring9"",""active"",16]",100.80418096779999,-1.0119691615999999
543,74309374254258,"[""ring9"",""active"",17]",89.129265457000002,5.0788267823000002
544,230210593372475,"[""ring9"",""active"",18]",77.088098676300007,10.4090941275
545,13443920988055,"[""ring9"",""active"",19]",64.730160362800007,14.9569296624
546,208622677056872,"[""ring9"",""active"",20]",52.106231935899999,18.703645355199999
547,39592251780274,"[""ring9"",""active"",21]",39.2681878251,21.633845147399999
548,12335931589554,"[""ring9"",""active"",22]",26.268782307599999,23.735488219600001
549,37921723584664,"[""ring9"",""active"",23]",13.161432728899999,24.9999384696
550,46532540838939,"[""ring9"",""active"",24]",0,25.422000000000001
551,221836744379569,"[""ring9"",""active"",25]",-13.161432728899999,24.9999384696
552,163801405267883,"[""ring9"",""active"",26]",-26.268782307599999,23.735488219600001
553,238982923778748,"[""ring9"",""active"",27]",-39.2681878251,21.633845147399999
554,205745359222780,"[""ring9"",""active"",28]",-52.106231935899999,18.703645355199999
555,162046055810862,"[""ring9"",""active"",29]",-64.730160362800007,14.9569296624
556,16135229903257,"[""ring9"",""active"",30]",-77.088098676300007,10.4090941275
557,219961057606929,"[""ring9"",""active"",31]",-89.129265457000002,5.0788267823000002
558,38238546939468,"[""ring9"",""active"",32]",-100.80418096779999,-1.0119691615999999
559,275681201462891,"[""ring9"",""active"",33]",-112.0648704765,-7.8382653169000003
560,211355088550619,"[""ring9"",""active"",34]",-122.8650613946,-15.3720109686
561,221360357038448,"[""ring9"",""active"",35]",-133.16037342089999,-23.582248339900001
562,223009927988812,"[""ring9"",""active"",36]",-142.9085009101,-32.435239804200002
563,210617608994225,"[""ring9"",""active"",37]",-152.06938671520001,-41.894606520700002
564,15081599663134,"[""ring9"",""active"",38]",-160.6053867915,-51.921477922599998
565,46320946312222,"[""ring9"",""active"",39]",-168.4814248838,-62.474651444400003
566,225269520396524,"[""ring9"",""active"",40]",-175.6651366621,-73.510761832499995
567,173457709519417,"[""ring9"",""active"",41]",-182.12700271380001,-84.984459342099996
568,154323244090370,"[""ring9"",""active"",42]",-187.8404698452,-96.848596089099999
569,179984352001694,"[""ring9"",""active"",43]",-192.78206019429999,-109.0544197907
570,103164462862684,"[""ring9"",""active"",44]",-196.9314677065,-121.5517740991
571,213722942061737,"[""ring9"",""active"",45]",-200.27164157620001,-134.2893047048
572,277505777930000,"[""ring9"",""active"",46]",-202.78885631259999,-147.21467036249999
573,270924983377453,"[""ring9"",""active"",47]",-204.47276814029999,-160.274757972
574,181821888419372,"[""ring9"",""active"",48]",-205.31645750440001,-173.41590083209999
575,156532336352418,"[""ring9"",""active"",49]",-205.31645750440001,-186.58409916790001
576,227955277581842,"[""ring9"",""active"",50]",-204.47276814029999,-199.725242028
577,11340136088227,"[""ring9"",""active"",51]",-202.78885631259999,-212.78532963750001
578,57652450693941,"[""ring9"",""active"",52]",-200.27164157620001,-225.7106952952
579,123785471648349,"[""ring9"",""active"",53]",-196.9314677065,-238.44822590090001
580,75091553331911,"[""ring9"",""active"",54]",-192.78206019429999,-250.9455802093
581,272340083496617,"[""ring9"",""active"",55]",-187.8404698452,-263.1514039109
582,209873485150225,"[""ring9"",""active"",56]",-182.12700271380001,-275.01554065789998
583,60973697421276,"[""ring9"",""active"",57]",-175.6651366621,-286.48923816749999
584,91243862051056,"[""ring9"",""active"",58]",-168.4814248838,-297.52534855559998
585,107611000919233,"[""ring9"",""active"",59]",-160.6053867915,-308.07852207740001
586,102537577230001,"[""ring9"",""active"",87]",160.6053867915,-308.07852207740001
587,276435026690437,"[""ring9"",""active"",88]",168.4814248838,-297.52534855559998
588,156943680986413,"[""ring9"",""active"",89]",175.6651366621,-286.48923816749999
589,203154318715974,"[""ring9"",""active"",90]",182.12700271380001,-275.01554065789998
590,145621433959359,"[""ring9"",""active"",91]",187.8404698452,-263.1514039109
591,5914374245098,"[""ring9"",""active"",92]",192.78206019429999,-250.9455802093
592,201446661129401,"[""ring9"",""active"",93]",196.9314677065,-238.44822590090001
593,201054203457862,"[""ring9"",""active"",94]",200.27164157620001,-225.7106952952
594,250695471417951,"[""ring9"",""active"",95]",202.78885631259999,-212.78532963750001
595,173283086101942,"[""ring9"",""active"",96]",204.47276814029999,-199.725242028
596,55538106196645,"[""ring9"",""active"",97]",205.31645750440001,-186.58409916790001
597,172474163115530,"[""ring10"",""active"",0]",218.4375499169,-173.39951336269999
598,199925557887058,"[""ring10"",""active"",1]",217.64049498610001,-160.22262454809999
599,279228618000839,"[""ring10"",""active"",2]",216.04929349150001,-147.11790123169999
600,42309364814537,"[""ring10"",""active"",3]",213.66975155470001,-134.13316112780001
601,269370549870250,"[""ring10"",""active"",4]",210.51055186619999,-121.31578414480001
602,177128027911657,"[""ring10"",""active"",5]",206.58322200320001,-108.7125395013
603,140196495955528,"[""ring10"",""active"",6]",201.9020923663,-96.369415070399995
604,77902284120045,"[""ring10"",""active"",7]",196.48424388999999,-84.331449574399997
605,274383146580543,"[""ring10"",""active"",8]",190.34944571579999,-72.642568243900001
606,233739275243107,"[""ring10"",""active"",9]",183.52008305690001,-61.345422539399998
607,173313357515596,"[""ring10"",""active"",10]",176.0210755171,-50.481234520299999
608,49304209612529,"[""ring10"",""active"",11]",167.87978616160001,-40.089646430599998
609,265830952138703,"[""ring10"",""active"",12]",159.12592167240001,-30.208576048299999
610,183373277524924,"[""ring10"",""active"",13]",149.79142395170001,-20.874078327599999
611,5637792400540,"[""ring10"",""active"",14]",139.9103535694,-12.1202138384
612,269084107532656,"[""ring10"",""active"",15]",129.51876547969999,-3.9789244829000001
613,277164273177310,"[""ring10"",""active"",16]",118.6545774606,3.5200830568999999
614,159639930345126,"[""ring10"",""active"",17]",107.3574317561,10.3494457158
615,25205170815886,"[""ring10"",""active"",18]",95.668550425600003,16.484243889999998
616,51186292520246,"[""ring10"",""active"",19]",83.630584929600005,21.9020923663
617,55975604336411,"[""ring10"",""active"",20]",71.2874604987,26.5832220032
618,44345853330234,"[""ring10"",""active"",21]",58.684215855200001,30.5105518662
619,142948145984137,"[""ring10"",""active"",22]",45.866838872199999,33.669751554699999
620,38917648349763,"[""ring10"",""active"",23]",32.882098768299997,36.049293491500002
621,167132142782736,"[""ring10"",""active"",24]",19.777375451899999,37.640494986100002
622,172575138973074,"[""ring10"",""active"",25]",6.6004866373000004,38.437549916899997
623,206709984788430,"[""ring10"",""active"",26]",-6.6004866373000004,38.437549916899997
624,23020641473524,"[""ring10"",""active"",27]",-19.777375451899999,37.640494986100002
625,34433825127062,"[""ring10"",""active"",28]",-32.882098768299997,36.049293491500002
626,110094276154620,"[""ring10"",""active"",29]",-45.866838872199999,33.669751554699999
627,227745589159590,"[""ring10"",""active"",30]",-58.684215855200001,30.5105518662
628,11255515374092,"[""ring10"",""active"",31]",-71.2874604987,26.5832220032
629,270450823204176,"[""ring10"",""active"",32]",-83.630584929600005,21.9020923663
630,239794502843318,"[""ring10"",""active"",33]",-95.668550425600003,16.484243889999998
631,123345788251926,"[""ring10"",""active"",34]",-107.3574317561,10.3494457158
632,86620170567299,"[""ring10"",""active"",35]",-118.6545774606,3.5200830568999999
633,278948417656352,"[""ring10"",""active"",36]",-129.51876547969999,-3.9789244829000001
634,153329039887504,"[""ring10"",""active"",37]",-139.9103535694,-12.1202138384
635,244852078210318,"[""ring10"",""active"",38]",-149.79142395170001,-20.874078327599999
636,236665206409186,"[""ring10"",""active"",39]",-159.12592167240001,-30.208576048299999
637,238818893321525,"[""ring10"",""active"",40]",-167.87978616160001,-40.089646430599998
638,233169623684519,"[""ring10"",""active"",41]",-176.0210755171,-50.481234520299999
639,266925950329579,"[""ring10"",""active"",42]",-183.52008305690001,-61.345422539399998
640,223340820183600,"[""ring10"",""active"",43]",-190.34944571579999,-72.642568243900001
641,147184792139813,"[""ring10"",""active"",44]",-196.48424388999999,-84.331449574399997
642,249082231839352,"[""ring10"",""active"",45]",-201.9020923663,-96.369415070399995
643,142449631629575,"[""ring10"",""active"",46]",-206.58322200320001,-108.7125395013
644,55790143994605,"[""ring10"",""active"",47]",-210.51055186619999,-121.31578414480001
645,58116577585164,"[""ring10"",""active"",48]",-213.66975155470001,-134.13316112780001
646,203524580081841,"[""ring10"",""active"",49]",-216.04929349150001,-147.11790123169999
647,121511660269856,"[""ring10"",""active"",50]",-217.64049498610001,-160.22262454809999
648,137924173292362,"[""ring10"",""active"",51]",-218.4375499169,-173.39951336269999
649,127642190415742,"[""ring10"",""active"",52]",-218.4375499169,-186.60048663730001
650,263568781339220,"[""ring10"",""active"",53]",-217.64049498610001,-199.77737545190001
651,132280700110107,"[""ring10"",""active"",54]",-216.04929349150001,-212.88209876830001
652,155529656779273,"[""ring10"",""active"",55]",-213.66975155470001,-225.86683887219999
653,255689862235959,"[""ring10"",""active"",56]",-210.51055186619999,-238.68421585519999
654,194032139333679,"[""ring10"",""active"",57]",-206.58322200320001,-251.2874604987
655,63692208333685,"[""ring10"",""active"",58]",-201.9020923663,-263.63058492959999
656,227404135121849,"[""ring10"",""active"",59]",-196.48424388999999,-275.66855042560002
657,249406166904954,"[""ring10"",""active"",60]",-190.34944571579999,-287.35743175610003
658,259683155172694,"[""ring10"",""active"",95]",190.34944571579999,-287.35743175610003
659,194933884746118,"[""ring10"",""active"",96]",196.48424388999999,-275.66855042560002
660,251885263781592,"[""ring10"",""active"",97]",201.9020923663,-263.63058492959999
661,254981362410777,"[""ring10"",""active"",98]",206.58322200320001,-251.2874604987
662,70650623938862,"[""ring10"",""active"",99]",210.51055186619999,-238.68421585519999
663,111597398850170,"[""ring10"",""active"",100]",213.66975155470001,-225.86683887219999
664,33206401265888,"[""ring10"",""active"",101]",216.04929349150001,-212.88209876830001
665,124499559175476,"[""ring10"",""active"",102]",217.64049498610001,-199.77737545190001
666,211767509360928,"[""ring10"",""active"",103]",218.4375499169,-186.60048663730001
667,232479309947301,"[""ring11"",""active"",0]",231.55803044909999,-173.3849194435
668,50860905246844,"[""ring11"",""active"",1]",230.8027362837,-160.17633534839999
669,143329153940912,"[""ring11"",""active"",2]",229.29461156529999,-147.03241192690001
670,3919468611562,"[""ring11"",""active"",3]",227.03857548350001,-133.9960219253
671,230294396515493,"[""ring11"",""active"",4]",224.04198675879999,-121.1096873382
672,149700328576904,"[""ring11"",""active"",5]",220.31461964109999,-108.4154407106
673,664180320899,"[""ring11"",""active"",6]",215.8686320269,-95.954688036299999
674,115375702687656,"[""ring11"",""active"",7]",210.71852580390001,-83.768073700599999
675,215832399220657,"[""ring11"",""active"",8]",204.88109954800001,-71.895347906500007
676,22825761017195,"[""ring11"",""active"",9]",198.37539373039999,-60.375237017700002
677,210615559996919,"[""ring11"",""active"",10]",191.22262861120001,-49.245317241499997
678,31872758005241,"[""ring11"",""active"",11]",183.44613502350001,-38.541892062800002
679,221025727242852,"[""ring11"",""active"",12]",175.07127827310001,-28.299873829700001
680,225771381567190,"[""ring11"",""active"",13]",166.12537540189999,-18.552669877100001
681,9006412514781,"[""ring11"",""active"",14]",156.63760608570001,-9.3320735580999994
682,148011200851181,"[""ring11"",""active"",15]",146.638917456,-0.66816054140000003
683,135996081291481,"[""ring11"",""active"",16]",136.1619231567,7.4108092894000004
684,271030481597108,"[""ring11"",""active"",17]",125.2407969656,14.8784840142
685,81300645859808,"[""ring11"",""active"",18]",113.91116132649999,21.71050563
686,104310201120189,"[""ring11"",""active"",19]",102.2099711557,27.884589502400001
687,203883247483410,"[""ring11"",""active"",20]",90.175393303700005,33.380597053199999
688,14709532842178,"[""ring11"",""active"",21]",77.846682061799996,38.180601447999997
689,52305640921682,"[""ring11"",""active"",22]",65.2640511237,42.268946070200002
690,56159762189962,"[""ring11"",""active"",23]",52.4685424161,45.632295589500004
691,32249758069300,"[""ring11"",""active"",24]",39.501892228800003,48.259679458699999
692,244462011710435,"[""ring11"",""active"",25]",26.406395079700001,50.142527697799999
693,75668972759819,"[""ring11"",""active"",26]",13.2247657584,51.2746988472
694,100936505335710,"[""ring11"",""active"",27]",0,51.652500000000003
695,66324793799683,"[""ring11"",""active"",28]",-13.2247657584,51.2746988472
696,191337993838044,"[""ring11"",""active"",29]",-26.406395079700001,50.142527697799999
697,1073285995238,"[""ring11"",""active"",30]",-39.501892228800003,48.259679458699999
698,240691178521803,"[""ring11"",""active"",31]",-52.4685424161,45.632295589500004
699,192207009879479,"[""ring11"",""active"",32]",-65.2640511237,42.268946070200002
700,103074661770529,"[""ring11"",""active"",33]",-77.846682061799996,38.180601447999997
701,14045776964446,"[""ring11"",""active"",34]",-90.175393303700005,33.380597053199999
702,70529921752921,"[""ring11"",""active"",35]",-102.2099711557,27.884589502400001
703,9662780048332,"[""ring11"",""active"",36]",-113.91116132649999,21.71050563
704,103980759562146,"[""ring11"",""active"",37]",-125.2407969656,14.8784840142
705,280440000870112,"[""ring11"",""active"",38]",-136.1619231567,7.4108092894000004
706,132900369217242,"[""ring11"",""active"",39]",-146.638917456,-0.66816054140000003
707,87791505369010,"[""ring11"",""active"",40]",-156.63760608570001,-9.3320735580999994
708,128219859946054,"[""ring11"",""active"",41]",-166.12537540189999,-18.552669877100001
709,138724918645793,"[""ring11"",""active"",42]",-175.07127827310001,-28.299873829700001
710,190207085053315,"[""ring11"",""active"",43]",-183.44613502350001,-38.541892062800002
711,14715469083712,"[""ring11"",""active"",44]",-191.22262861120001,-49.245317241499997
712,209780806195365,"[""ring11"",""active"",45]",-198.37539373039999,-60.375237017700002
713,85778706310978,"[""ring11"",""active"",46]",-204.88109954800001,-71.895347906500007
714,94854430522564,"[""ring11"",""active"",47]",-210.71852580390001,-83.768073700599999
715,8568384943035,"[""ring11"",""active"",48]",-215.8686320269,-95.954688036299999
716,167724292612319,"[""ring11"",""active"",49]",-220.31461964109999,-108.4154407106
717,183752988734648,"[""ring11"",""active"",50]",-224.04198675879999,-121.1096873382
718,219427054293820,"[""ring11"",""active"",51]",-227.03857548350001,-133.9960219253
719,229158023095686,"[""ring11"",""active"",52]",-229.29461156529999,-147.03241192690001
720,273403135210151,"[""ring11"",""active"",53]",-230.8027362837,-160.17633534839999
721,250221646710141,"[""ring11"",""active"",54]",-231.55803044909999,-173.3849194435
722,79821941779339,"[""ring11"",""active"",55]",-231.55803044909999,-186.6150805565
723,184232025959448,"[""ring11"",""active"",56]",-230.8027362837,-199.82366465160001
724,14493196065562,"[""ring11"",""active"",57]",-229.29461156529999,-212.96758807309999
725,281234359718790,"[""ring11"",""active"",58]",-227.03857548350001,-226.0039780747
726,154672153942259,"[""ring11"",""active"",59]",-224.04198675879999,-238.89031266180001
727,192757230556453,"[""ring11"",""active"",60]",-220.31461964109999,-251.5845592894
728,212199831827710,"[""ring11"",""active"",61]",-215.8686320269,-264.04531196369999
729,60603431078269,"[""ring11"",""active"",62]",-210.71852580390001,-276.23192629940002
730,99354851501123,"[""ring11"",""active"",102]",210.71852580390001,-276.23192629940002
731,208909764743883,"[""ring11"",""active"",103]",215.8686320269,-264.04531196369999
732,181970186264977,"[""ring11"",""active"",104]",220.31461964109999,-251.5845592894
733,131657036157416,"[""ring11"",""active"",105]",224.04198675879999,-238.89031266180001
734,131889163410686,"[""ring11"",""active"",106]",227.03857548350001,-226.0039780747
735,174703455648911,"[""ring11"",""active"",107]",229.29461156529999,-212.96758807309999
736,122741607093549,"[""ring11"",""active"",108]",230.8027362837,-199.82366465160001
737,187924930219905,"[""ring11"",""active"",109]",231.55803044909999,-186.6150805565
738,269190325658942,"[""ring12"",""active"",0]",244.6795179991,-173.42847720789999
739,221256282841499,"[""ring12"",""active"",1]",243.9740436081,-160.304379025
740,15095316137380,"[""ring12"",""active"",2]",242.56512889140001,-147.237068416
741,21284940582560,"[""ring12"",""active"",3]",240.45683611480001,-134.26422182019999
742,104244924606252,"[""ring12"",""active"",4]",237.6552440323,-121.42324331259999
743,43693989809466,"[""ring12"",""active"",5]",234.16843035900001,-108.7511567584
744,241596496230020,"[""ring12"",""active"",6]",230.00644848140001,-96.284499063499993
745,181193497203570,"[""ring12"",""active"",7]",225.18129847060001,-84.059214829400005
746,67595663728408,"[""ring12"",""active"",8]",219.70689248330001,-72.110552715300003
747,144704543391314,"[""ring12"",""active"",9]",213.59901464910001,-60.472963807299998
748,25630916321626,"[""ring12"",""active"",10]",206.87527556090001,-49.180002286799997
749,198287664105918,"[""ring12"",""active"",11]",199.555061499,-38.264228685299997
750,98297547837049,"[""ring12"",""active"",12]",191.65947853579999,-27.757116003899998
751,167442685379849,"[""ring12"",""active"",13]",183.21129168069999,-17.688958968400001
752,43722190179802,"[""ring12"",""active"",14]",174.2348592434,-8.0887866819000003
753,149792332955911,"[""ring12"",""active"",15]",164.75606260250001,1.0157210736
754,271968116210543,"[""ring12"",""active"",16]",154.8022315824,9.5983136453999993
755,18830141797848,"[""ring12"",""active"",17]",144.40206565470001,17.6342451973
756,155746111806125,"[""ring12"",""active"",18]",133.58555119019999,25.1003460584
757,260616336067978,"[""ring12"",""active"",19]",122.383875,31.975089527200002
758,91602902997760,"[""ring12"",""active"",20]",110.8293344165,38.238653938399999
759,224297049614986,"[""ring12"",""active"",21]",98.955244171299995,43.872979814600001
760,196350846926909,"[""ring12"",""active"",22]",86.795840340400005,48.861821935599998
761,49739719040863,"[""ring12"",""active"",23]",74.386181632800003,53.190796177999999
762,216886670514881,"[""ring12"",""active"",24]",61.762048307199997,56.8474209886
763,88316470805252,"[""ring12"",""active"",25]",48.959839007799999,59.821153371400001
764,198631377282869,"[""ring12"",""active"",26]",36.016465818199997,62.103419286099999
765,134918750124482,"[""ring12"",""active"",27]",22.969247834000001,63.687638369299997
766,136285100735002,"[""ring12"",""active"",28]",9.8558035622000002,64.569242907200007
767,188667730959992,"[""ring12"",""active"",29]",-3.2860575426,64.745691005799998
768,106995176848617,"[""ring12"",""active"",30]",-16.4184440929,64.216473919400002
769,231353215825364,"[""ring12"",""active"",31]",-29.503492018599999,62.983117518
770,58669025125971,"[""ring12"",""active"",32]",-42.503473739100002,61.049177887399999
771,275876603261418,"[""ring12"",""active"",33]",-55.380906942000003,58.420231076
772,121581170320119,"[""ring12"",""active"",34]",-68.0986626535,55.103857018299998
773,195777189040132,"[""ring12"",""active"",35]",-80.620072291900001,51.109617679000003
774,141670809921506,"[""ring12"",""active"",36]",-92.909033391500003,46.449029484199997
775,159062754341843,"[""ring12"",""active"",37]",-104.9301136964,41.1355301161
776,60045675090491,"[""ring12"",""active"",38]",-116.64865331999999,35.184439769000001
777,45078197210876,"[""ring12"",""active"",39]",-128.03086467910001,28.612916976899999
778,95413172796324,"[""ring12"",""active"",40]",-139.04392991169999,21.439909141099999
779,240700718671888,"[""ring12"",""active"",41]",-149.6560954999,13.6860979002
780,191455264063925,"[""ring12"",""active"",42]",-159.83676382300001,5.3738394991999998
781,10916194490280,"[""ring12"",""active"",43]",-169.5565813787,-3.4728996691999998
782,219377941947507,"[""ring12"",""active"",44]",-178.78752341699999,-12.828612165599999
783,77593315184034,"[""ring12"",""active"",45]",-187.5029747422,-22.666323049100001
784,58681086670728,"[""ring12"",""active"",46]",-195.67780645209999,-32.957667652600001
785,249342145052635,"[""ring12"",""active"",47]",-203.28844839039999,-43.672973365200001
786,145178005254912,"[""ring12"",""active"",48]",-210.31295710649999,-54.781345186899998
787,44980537554465,"[""ring12"",""active"",49]",-216.73107912309999,-66.250754806000003
788,46456468654295,"[""ring12"",""active"",50]",-222.52430933299999,-78.048132945399999
789,249442802094454,"[""ring12"",""active"",51]",-227.67594435390001,-90.139464709999999
790,249608969179111,"[""ring12"",""active"",52]",-232.17113068840001,-102.4898876602
791,20616595894406,"[""ring12"",""active"",53]",-235.99690755060001,-115.0637923294
792,264769390966077,"[""ring12"",""active"",54]",-239.14224423530001,-127.8249248955
793,31999187835031,"[""ring12"",""active"",55]",-241.59807192279999,-140.73649170979999
794,227396253847991,"[""ring12"",""active"",56]",-243.35730982600001,-153.7612653827
795,165501752665255,"[""ring12"",""active"",57]",-244.41488560670001,-166.86169211999999
796,95266915561523,"[""ring12"",""active"",58]",-244.76775000000001,-180
797,166404974261654,"[""ring12"",""active"",59]",-244.41488560670001,-193.13830788000001
798,10201852040239,"[""ring12"",""active"",60]",-243.35730982600001,-206.2387346173
799,205465049660772,"[""ring12"",""active"",61]",-241.59807192279999,-219.26350829020001
800,10344509672464,"[""ring12"",""active"",62]",-239.14224423530001,-232.1750751045
801,230525511777620,"[""ring12"",""active"",63]",-235.99690755060001,-244.9362076706
802,150971642869940,"[""ring12"",""active"",64]",-232.17113068840001,-257.5101123398
803,84770271152357,"[""ring12"",""active"",110]",230.00644848140001,-263.71550093650001
804,85122021844772,"[""ring12"",""active"",111]",234.16843035900001,-251.24884324160001
805,144173032482230,"[""ring12"",""active"",112]",237.6552440323,-238.57675668740001
806,176244116972311,"[""ring12"",""active"",113]",240.45683611480001,-225.73577817980001
807,110613808500423,"[""ring12"",""active"",114]",242.56512889140001,-212.762931584
808,275429855542782,"[""ring12"",""active"",115]",243.9740436081,-199.695620975
809,105562974288314,"[""ring12"",""active"",116]",244.6795179991,-186.57152279210001
810,213297009641175,"[""ring13"",""active"",0]",257.79888786999999,-173.41402232230001
811,75195992771248,"[""ring13"",""active"",1]",257.12632000669998,-160.25924903079999
812,77756164280441,"[""ring13"",""active"",2]",255.78293893270001,-147.15597710450001
813,114138200992416,"[""ring13"",""active"",3]",253.7722493759,-134.13839148389999
814,75905514426929,"[""ring13"",""active"",4]",251.09949699590001,-121.2404535635
815,79593789155106,"[""ring13"",""active"",5]",247.77165469830001,-108.4958125907
816,224024464921948,"[""ring13"",""active"",6]",243.79740444379999,-95.937717878599997
817,115358409673717,"[""ring13"",""active"",7]",239.18711459759999,-83.598932062499998
818,253947070548006,"[""ring13"",""active"",8]",233.95281287930001,-71.511645625699998
819,56640937062918,"[""ring13"",""active"",9]",228.10815498470001,-59.707392918399997
820,155964098212232,"[""ring13"",""active"",10]",221.66838895870001,-48.216969888100003
821,90079464318083,"[""ring13"",""active"",11]",214.65031541569999,-37.0703537367
822,171187211124927,"[""ring13"",""active"",12]",207.07224370820001,-26.2966247128
823,136821204232748,"[""ring13"",""active"",13]",198.95394415999999,-15.923890245500001
824,115971082239510,"[""ring13"",""active"",14]",190.31659648780001,-5.9792116145999996
825,72097578443091,"[""ring13"",""active"",15]",181.1827345454,3.5114666488999999
826,28413221684397,"[""ring13"",""active"",16]",171.57618753579999,12.523384449
827,278485981031859,"[""ring13"",""active"",17]",161.52201784319999,21.033030720999999
828,96159390607854,"[""ring13"",""active"",18]",151.0464556483,29.018204769499999
829,166539769967329,"[""ring13"",""active"",19]",140.176830497,36.458074187199998
830,179958761746142,"[""ring13"",""active"",20]",128.94149999999999,43.3332292041
831,244866176847542,"[""ring13"",""active"",21]",117.3697758519,49.625733326000002
832,197072398286193,"[""ring13"",""active"",22]",105.4918473597,55.3191701278
833,11412244382667,"[""ring13"",""active"",23]",93.338702682600001,60.398686083199998
834,221687157353772,"[""ring13"",""active"",24]",80.942047987500004,64.851029315000005
835,269278683033416,"[""ring13"",""active"",25]",68.334224731000006,68.664584167900003
836,104067888206321,"[""ring13"",""active"",26]",55.548125284500003,71.829401512999993
837,254104218705053,"[""ring13"",""active"",27]",42.617107121499998,74.337224702900002
838,181649543333504,"[""ring13"",""active"",28]",29.574905791999999,76.181511113499994
839,84778092386348,"[""ring13"",""active"",29]",16.455546910100001,77.357449212000006
840,173373651370546,"[""ring13"",""active"",30]",3.2932573852,77.861971110100001
841,155379072514124,"[""ring13"",""active"",31]",-9.8776238721999992,77.6937605679
842,63542301426551,"[""ring13"",""active"",32]",-23.022735536700001,76.8532564275
843,237809870710852,"[""ring13"",""active"",33]",-36.107783512899999,75.342651468100001
844,273607465278557,"[""ring13"",""active"",34]",-49.098630404700003,73.165886685700002
845,33764067025229,"[""ring13"",""active"",35]",-61.961384575799997,70.328641011100004
846,110411429840760,"[""ring13"",""active"",36]",-74.662488569100006,66.838316494200001
847,58712024746136,"[""ring13"",""active"",37]",-87.168806654600004,62.7040189931
848,166870077349135,"[""ring13"",""active"",38]",-99.4477112764,57.936534418100003
849,119094303591965,"[""ring13"",""active"",39]",-111.4671681742,52.548300591999997
850,220178697738434,"[""ring13"",""active"",40]",-123.1958199574,46.553374801700002
851,219966376844426,"[""ring13"",""active"",41]",-134.60306791260001,39.967397124000001
852,205134850792663,"[""ring13"",""active"",42]",-145.65915183249999,32.807549622800003
853,27691301402871,"[""ring13"",""active"",43]",-156.33522765629999,25.092511522599999
854,220607542025826,"[""ring13"",""active"",44]",-166.60344272130001,16.842410477000001
855,37495623747716,"[""ring13"",""active"",45]",-176.43700842679999,8.0787700576999999
856,198694389500383,"[""ring13"",""active"",46]",-185.8102701226,-1.1755463982000001
857,257225471507128,"[""ring13"",""active"",47]",-194.69877403909999,-10.896395435600001
858,258198880208190,"[""ring13"",""active"",48]",-203.0793310846,-21.058416469400001
859,269062723872836,"[""ring13"",""active"",49]",-210.93007734259999,-31.635097946799998
860,262626287242684,"[""ring13"",""active"",50]",-218.23053111249999,-42.598846513700003
861,192097914777951,"[""ring13"",""active"",51]",-224.96164634389999,-53.921059001700002
862,199714151705518,"[""ring13"",""active"",52]",-231.10586232579999,-65.572197051399996
863,62427143292944,"[""ring13"",""active"",53]",-236.64714950019999,-77.521864173699996
864,46873906860480,"[""ring13"",""active"",54]",-241.57105128149999,-89.738885051599993
865,20284609643554,"[""ring13"",""active"",55]",-245.86472177229999,-102.1913868725
866,233189163668774,"[""ring13"",""active"",56]",-249.5169592764,-114.84688248099999
867,237793420755871,"[""ring13"",""active"",57]",-252.51823552330001,-127.672355134
868,136116521257291,"[""ring13"",""active"",58]",-254.8607205257,-140.63434463780001
869,260100402853990,"[""ring13"",""active"",59]",-256.53830300800001,-153.6990346417
870,242212528664118,"[""ring13"",""active"",60]",-257.54660634880003,-166.83234086120001
871,265805318521810,"[""ring13"",""active"",61]",-257.88299999999998,-180
872,256763333786165,"[""ring13"",""active"",62]",-257.54660634880003,-193.16765913879999
873,37956813547818,"[""ring13"",""active"",63]",-256.53830300800001,-206.3009653583
874,124903472850436,"[""ring13"",""active"",64]",-254.8607205257,-219.36565536219999
875,228409984721145,"[""ring13"",""active"",65]",-252.51823552330001,-232.32764486600001
876,257845415292791,"[""ring13"",""active"",66]",-249.5169592764,-245.15311751900001
877,51553472216118,"[""ring13"",""active"",118]",251.09949699590001,-238.75954643649999
878,11545260115334,"[""ring13"",""active"",119]",253.7722493759,-225.86160851610001
879,189116214371953,"[""ring13"",""active"",120]",255.78293893270001,-212.84402289549999
880,154293181366446,"[""ring13"",""active"",121]",257.12632000669998,-199.74075096920001
881,96829031723895,"[""ring13"",""active"",122]",257.79888786999999,-186.58597767769999
882,165521876770160,"[""ring14"",""active"",0]",270.91789084700002,-173.40091505609999
883,220781063234208,"[""ring14"",""active"",1]",270.27530354129999,-160.2183974687
884,277729416573949,"[""ring14"",""active"",2]",268.99165307620001,-147.08279965700001
885,116124002375182,"[""ring14"",""active"",3]",267.06998412849998,-134.02527780779999
886,89963099715261,"[""ring14"",""active"",4]",264.5148546849,-121.0768029202
887,37844420093744,"[""ring14"",""active"",5]",261.33232522989999,-108.26808734620001
888,42964507451191,"[""ring14"",""active"",6]",257.52994437199999,-95.629511943899999
889,247535241469648,"[""ring14"",""active"",7]",253.11673093830001,-83.191054018000003
890,88950734206602,"[""ring14"",""active"",8]",248.10315258360001,-70.982216216200001
891,164070270869329,"[""ring14"",""active"",9]",242.50110096189999,-59.031956553199997
892,163899520792589,"[""ring14"",""active"",10]",236.3238635205,-47.368619724399998
893,12640003296592,"[""ring14"",""active"",11]",229.5860919843,-36.019869876400001
894,5255470547261,"[""ring14"",""active"",12]",222.30376760300001,-25.012624989799999
895,6779128017491,"[""ring14"",""active"",13]",214.4941632455,-14.3729930335
896,108190285495901,"[""ring14"",""active"",14]",206.17580243040001,-4.1262100390000001
897,39848678046352,"[""ring14"",""active"",15]",197.36841539049999,5.7034197565999998
898,104440436143463,"[""ring14"",""active"",16]",188.092892275,15.092581557300001
899,196974781915655,"[""ring14"",""active"",17]",178.37123359969999,24.019005308800001
900,11351353555516,"[""ring14"",""active"",18]",168.2264980651,32.461518519899997
901,222776227942792,"[""ring14"",""active"",19]",157.68274786309999,40.4000964823
902,13049090244020,"[""ring14"",""active"",20]",146.76499160419999,47.815909765999997
903,101300716087733,"[""ring14"",""active"",21]",135.49912499999999,54.691368881099997
904,80693098301653,"[""ring14"",""active"",22]",123.9118694415,61.010165998399998
905,160012145064261,"[""ring14"",""active"",23]",112.0307086187,66.757313629099997
906,51468201348844,"[""ring14"",""active"",24]",99.883823332299997,71.919180174100006
907,169438365934401,"[""ring14"",""active"",25]",87.5000246524,76.483522256100002
908,44297045969110,"[""ring14"",""active"",26]",74.908685581100002,80.439513760099999
909,226955197929705,"[""ring14"",""active"",27]",62.139671383600003,83.777771511200001
910,198014312129454,"[""ring14"",""active"",28]",49.223268750899997,86.490377530900005
911,180640409003371,"[""ring14"",""active"",29]",36.190113963000002,88.570897817299993
912,133818827219190,"[""ring14"",""active"",30]",23.071120223200001,90.014397606299994
913,127403532046269,"[""ring14"",""active"",31]",9.8974043350999992,90.817453075900005
914,36785821662829,"[""ring14"",""active"",32]",-3.2997871025999999,90.978159466999998
915,203342938881546,"[""ring14"",""active"",33]",-16.489151809900001,90.496135602099997
916,231496839406695,"[""ring14"",""active"",34]",-29.6394060708,89.372524788299998
917,192153151333618,"[""ring14"",""active"",35]",-42.719358935099997,87.609992106500002
918,210943705361219,"[""ring14"",""active"",36]",-55.697986199799999,85.212718089399999
919,108143700784386,"[""ring14"",""active"",37]",-68.544503994699994,82.186388806099998
920,76865928448142,"[""ring14"",""active"",38]",-81.228441799099997,78.538182375299996
921,200059509651920,"[""ring14"",""active"",39]",-93.719714713900004,74.276751939700006
922,72724369807386,"[""ring14"",""active"",40]",-105.9886948196,69.412205141399994
923,167711516952786,"[""ring14"",""active"",41]",-118.00628145100001,63.956080147999998
924,109031202809065,"[""ring14"",""active"",42]",-129.74397022030001,57.9213182851
925,142206005456204,"[""ring14"",""active"",43]",-141.17392062659999,51.322233341199997
926,80172088093958,"[""ring14"",""active"",44]",-152.26902209030001,44.174477616700003
927,230951571330593,"[""ring14"",""active"",45]",-163.00295825660001,36.495004798399997
928,267854983090524,"[""ring14"",""active"",46]",-173.35026941469999,28.302029747500001
929,262115093678066,"[""ring14"",""active"",47]",-183.2864128857,19.6149852956
930,264510882229136,"[""ring14"",""active"",48]",-192.7878212352,10.4544761523
931,125975122494763,"[""ring14"",""active"",49]",-201.83195817219999,0.84223003330000001
932,154642961588767,"[""ring14"",""active"",50]",-210.39737200319999,-9.1989538756000009
933,119322581839012,"[""ring14"",""active"",51]",-218.46374651279999,-19.645258995500001
934,123848728733568,"[""ring14"",""active"",52]",-226.011949152,-30.4719078448
935,179482561833507,"[""ring14"",""active"",53]",-233.02407641790001,-41.653220808500002
936,33015343834190,"[""ring14"",""active"",54]",-239.48349631939999,-53.162677047800003
937,126957954850566,"[""ring14"",""active"",55]",-245.37488782619999,-64.972977403900003
938,91554095515787,"[""ring14"",""active"",56]",-250.68427720849999,-77.056109149199997
939,233918787006458,"[""ring14"",""active"",57]",-255.3990711813,-89.383412430199996
940,93963281763917,"[""ring14"",""active"",58]",-259.50808677409998,-101.9256482454
941,212226544833028,"[""ring14"",""active"",59]",-263.00157785599998,-114.6530677973
942,121944945474230,"[""ring14"",""active"",60]",-265.87125825210001,-127.5354830526
943,244875630498560,"[""ring14"",""active"",61]",-268.1103213975,-140.54233834589999
944,168307710207132,"[""ring14"",""active"",62]",-269.71345648179999,-153.6427828532
945,278578927113112,"[""ring14"",""active"",63]",-270.67686104569998,-166.80574376760001
946,48423019669204,"[""ring14"",""active"",64]",-270.99824999999998,-180
947,213564933028245,"[""ring14"",""active"",65]",-270.67686104569998,-193.19425623239999
948,25205538278220,"[""ring14"",""active"",66]",-269.71345648179999,-206.3572171468
949,153992992233852,"[""ring14"",""active"",67]",-268.1103213975,-219.45766165410001
950,116056289881208,"[""ring14"",""active"",125]",267.06998412849998,-225.97472219220001
951,75109967983850,"[""ring14"",""active"",126]",268.99165307620001,-212.91720034299999
952,195353107458117,"[""ring14"",""active"",127]",270.27530354129999,-199.7816025313
953,473120660121,"[""ring14"",""active"",128]",270.91789084700002,-186.59908494390001
954,259212103618568,"[""ring15"",""active"",0]",284.03770082279999,-173.43757715979999
955,133443344161279,"[""ring15"",""active"",1]",283.43155005509999,-160.32673602060001
956,197648184705491,"[""ring15"",""active"",2]",282.22054207600002,-147.25787861809999
957,52106100998113,"[""ring15"",""active"",3]",280.40726123749999,-134.25889455270001
958,56875388605354,"[""ring15"",""active"",4]",277.99557717229999,-121.3575243115
959,93860728925624,"[""ring15"",""active"",5]",274.99063653579998,-108.5813000686
960,250866175170411,"[""ring15"",""active"",6]",271.3988520227,-95.957486930599998
961,81684147593473,"[""ring15"",""active"",7]",267.22788868219999,-83.5130247508
962,97992445606301,"[""ring15"",""active"",8]",262.48664756009998,-71.274470638699995
963,230829756256160,"[""ring15"",""active"",9]",257.18524670419998,-59.267942285499998
964,43377485708803,"[""ring15"",""active"",10]",251.33499957079999,-47.519062227799999
965,81120339377481,"[""ring15"",""active"",11]",244.9483908823,-36.052903167700002
966,279364788569901,"[""ring15"",""active"",12]",238.0390499833,-24.893934466499999
967,5194909739840,"[""ring15"",""active"",13]",230.62172175570001,-14.065969925799999
968,267305865248056,"[""ring15"",""active"",14]",222.7122351516,-3.5921169675
969,105954157304361,"[""ring15"",""active"",15]",214.32746941409999,6.5052726782999999
970,174576859448037,"[""ring15"",""active"",16]",205.48531805569999,16.2046506732
971,160207716641544,"[""ring15"",""active"",17]",196.20465067320001,25.485318055699999
972,73520737797048,"[""ring15"",""active"",18]",186.5052726783,34.327469414100001
973,6713702698585,"[""ring15"",""active"",19]",176.4078830325,42.712235151599998
974,195301154799590,"[""ring15"",""active"",20]",165.9340300742,50.621721755700001
975,201669159287225,"[""ring15"",""active"",21]",155.10606553349999,58.039049983300004
976,209990551669753,"[""ring15"",""active"",22]",143.94709683229999,64.948390882300004
977,32571105795623,"[""ring15"",""active"",23]",132.48093777220001,71.334999570799994
978,262300684399781,"[""ring15"",""active"",24]",120.7320577145,77.185246704199997
979,200861100011056,"[""ring15"",""active"",25]",108.7255293613,82.486647560099996
980,26128418700104,"[""ring15"",""active"",26]",96.4869752492,87.227888682200003
981,234574533317925,"[""ring15"",""active"",27]",84.042513069400002,91.398852022699998
982,263796972873561,"[""ring15"",""active"",28]",71.418699931399999,94.990636535799993
983,81482977543357,"[""ring15"",""active"",29]",58.642475688499999,97.995577172300003
984,165450055074352,"[""ring15"",""active"",30]",45.741105447300001,100.40726123749999
985,228344882376100,"[""ring15"",""active"",31]",32.742121381899999,102.220542076
986,94268610072374,"[""ring15"",""active"",32]",19.673263979400001,103.4315500551
987,197372566965640,"[""ring15"",""active"",33]",6.5624228402,104.03770082280001
988,132585554488954,"[""ring15"",""active"",34]",-6.5624228402,104.03770082280001
989,97263302824896,"[""ring15"",""active"",35]",-19.673263979400001,103.4315500551
990,232469024281685,"[""ring15"",""active"",36]",-32.742121381899999,102.220542076
991,159699280532894,"[""ring15"",""active"",37]",-45.741105447300001,100.40726123749999
992,191122481008251,"[""ring15"",""active"",38]",-58.642475688499999,97.995577172300003
993,220089412287740,"[""ring15"",""active"",39]",-71.418699931399999,94.990636535799993
994,276276095719582,"[""ring15"",""active"",40]",-84.042513069400002,91.398852022699998
995,167553349737317,"[""ring15"",""active"",41]",-96.4869752492,87.227888682200003
996,253158467848667,"[""ring15"",""active"",42]",-108.7255293613,82.486647560099996
997,30989953454086,"[""ring15"",""active"",43]",-120.7320577145,77.185246704199997
998,66403068318291,"[""ring15"",""active"",44]",-132.48093777220001,71.334999570799994
999,57035283632322,"[""ring15"",""active"",45]",-143.94709683229999,64.948390882300004
1000,20564325801018,"[""ring15"",""active"",46]",-155.10606553349999,58.039049983300004
1001,111532104877773,"[""ring15"",""active"",47]",-165.9340300742,50.621721755700001
1002,66990161067564,"[""ring15"",""active"",48]",-176.4078830325,42.712235151599998
1003,91916441936778,"[""ring15"",""active"",49]",-186.5052726783,34.327469414100001
1004,273418900851785,"[""ring15"",""active"",50]",-196.20465067320001,25.485318055699999
1005,92957508625192,"[""ring15"",""active"",51]",-205.48531805569999,16.2046506732
1006,275605062085477,"[""ring15"",""active"",52]",-214.32746941409999,6.5052726782999999
1007,130013491045549,"[""ring15"",""active"",53]",-222.7122351516,-3.5921169675
1008,119163007092565,"[""ring15"",""active"",54]",-230.62172175570001,-14.065969925799999
1009,191958207238798,"[""ring15"",""active"",55]",-238.0390499833,-24.893934466499999
1010,106294614914250,"[""ring15"",""active"",56]",-244.9483908823,-36.052903167700002
1011,196740456360525,"[""ring15"",""active"",57]",-251.33499957079999,-47.519062227799999
1012,111219419266340,"[""ring15"",""active"",58]",-257.18524670419998,-59.267942285499998
1013,130464597535559,"[""ring15"",""active"",59]",-262.48664756009998,-71.274470638699995
1014,199716584153140,"[""ring15"",""active"",60]",-267.22788868219999,-83.5130247508
1015,182892645988234,"[""ring15"",""active"",61]",-271.3988520227,-95.957486930599998
1016,221054123772071,"[""ring15"",""active"",62]",-274.99063653579998,-108.5813000686
1017,3324005652176,"[""ring15"",""active"",63]",-277.99557717229999,-121.3575243115
1018,46892702591934,"[""ring15"",""active"",64]",-280.40726123749999,-134.25889455270001
1019,121264571975823,"[""ring15"",""active"",65]",-282.22054207600002,-147.25787861809999
1020,264643561389576,"[""ring15"",""active"",66]",-283.43155005509999,-160.32673602060001
1021,6104868983332,"[""ring15"",""active"",67]",-284.03770082279999,-173.43757715979999
1022,137290986780193,"[""ring15"",""active"",68]",-284.03770082279999,-186.56242284020001
1023,91204338331379,"[""ring15"",""active"",69]",-283.43155005509999,-199.67326397939999
1024,169805117689061,"[""ring15"",""active"",134]",283.43155005509999,-199.67326397939999
1025,263173312980897,"[""ring15"",""active"",135]",284.03770082279999,-186.56242284020001
1026,193447473720018,"[""ring16"",""active"",0]",297.15601119510001,-173.42467968810001
1027,87265361536470,"[""ring16"",""active"",1]",296.5743143487,-160.2869105625
1028,76753201431482,"[""ring16"",""active"",2]",295.41205935480002,-147.18773073520001
1029,244633680785605,"[""ring16"",""active"",3]",293.67152138220001,-134.1527824659
1030,171089089649091,"[""ring16"",""active"",4]",291.35610761570001,-121.2075822779
1031,75222676762851,"[""ring16"",""active"",5]",288.4703505864,-108.37747100839999
1032,159687415027606,"[""ring16"",""active"",6]",285.01989929920001,-95.687564202900006
1033,205870072698856,"[""ring16"",""active"",7]",281.01150817460001,-83.162702949800007
1034,16864311046591,"[""ring16"",""active"",8]",276.45302382649999,-70.827405253099997
1035,204981441336373,"[""ring16"",""active"",9]",271.35336970190002,-58.7058180374
1036,103723275366416,"[""ring16"",""active"",10]",265.72252861340002,-46.821669878900003
1037,135248353464592,"[""ring16"",""active"",11]",259.5715231968,-35.1982245556
1038,273325127549535,"[""ring16"",""active"",12]",252.912394334,-23.858235507700002
1039,228939531969834,"[""ring16"",""active"",13]",245.75817758260001,-12.823901296100001
1040,136619400440251,"[""ring16"",""active"",14]",238.1228776577,-2.1168221483999998
1041,19320977857301,"[""ring16"",""active"",15]",230.02144101760001,8.2420423251999999
1042,137174363616339,"[""ring16"",""active"",16]",221.4697266048,18.232414161200001
1043,116954962661799,"[""ring16"",""active"",17]",212.48447480199999,27.8347367374
1044,142161348478028,"[""ring16"",""active"",18]",203.0832746614,37.030213056500003
1045,50842970292472,"[""ring16"",""active"",19]",193.28452947389999,45.800842541800002
1046,267570022784505,"[""ring16"",""active"",20]",183.10742074340001,54.129456274299997
1047,13864981062684,"[""ring16"",""active"",21]",172.57187063789999,61.999750601300001
1048,130420148558664,"[""ring16"",""active"",22]",161.6985029917,69.396319052199999
1049,55930330310476,"[""ring16"",""active"",23]",150.50860293260001,76.3046824969
1050,73577390635375,"[""ring16"",""active"",24]",139.0240752153,82.711317489500004
1051,149399166553063,"[""ring16"",""active"",25]",127.2674013422,88.603682741300005
1052,279402197812434,"[""ring16"",""active"",26]",115.2615955545,93.970243670399995
1053,264334776305930,"[""ring16"",""active"",27]",103.03015978080001,98.8004949818
1054,196885275650974,"[""ring16"",""active"",28]",90.597037631000006,103.0849812319
1055,42941508145883,"[""ring16"",""active"",29]",77.986567525599995,106.8153153375
1056,115921171693836,"[""ring16"",""active"",30]",65.223435052100001,109.9841949944
1057,99080569954259,"[""ring16"",""active"",31]",52.332624641499997,112.585416972
1058,154937969768674,"[""ring16"",""active"",32]",39.339370660599997,114.61388925609999
1059,225736060795511,"[""ring16"",""active"",33]",26.269108014299999,116.0656410168
1060,157898677119004,"[""ring16"",""active"",34]",13.1474223555,116.937830382
1061,59551296272313,"[""ring16"",""active"",35]",0,117.22875000000001
1062,274313755171394,"[""ring16"",""active"",36]",-13.1474223555,116.937830382
1063,82259964132185,"[""ring16"",""active"",37]",-26.269108014299999,116.0656410168
1064,89028808034281,"[""ring16"",""active"",38]",-39.339370660599997,114.61388925609999
1065,71214580142678,"[""ring16"",""active"",39]",-52.332624641499997,112.585416972
1066,209832996406320,"[""ring16"",""active"",40]",-65.223435052100001,109.9841949944
1067,245758326240794,"[""ring16"",""active"",41]",-77.986567525599995,106.8153153375
1068,224307788764112,"[""ring16"",""active"",42]",-90.597037631000006,103.0849812319
1069,444633846910,"[""ring16"",""active"",43]",-103.03015978080001,98.8004949818
1070,32576038785920,"[""ring16"",""active"",44]",-115.2615955545,93.970243670399995
1071,33234973475922,"[""ring16"",""active"",45]",-127.2674013422,88.603682741300005
1072,238501059863328,"[""ring16"",""active"",46]",-139.0240752153,82.711317489500004
1073,14330179294251,"[""ring16"",""active"",47]",-150.50860293260001,76.3046824969
1074,108102254257362,"[""ring16"",""active"",48]",-161.6985029917,69.396319052199999
1075,16631441601829,"[""ring16"",""active"",49]",-172.57187063789999,61.999750601300001
1076,234907186680731,"[""ring16"",""active"",50]",-183.10742074340001,54.129456274299997
1077,179552535594046,"[""ring16"",""active"",51]",-193.28452947389999,45.800842541800002
1078,258165220027317,"[""ring16"",""active"",52]",-203.0832746614,37.030213056500003
1079,155003283069244,"[""ring16"",""active"",53]",-212.48447480199999,27.8347367374
1080,7335489149434,"[""ring16"",""active"",54]",-221.4697266048,18.232414161200001
1081,87164892262637,"[""ring16"",""active"",55]",-230.02144101760001,8.2420423251999999
1082,248931544040157,"[""ring16"",""active"",56]",-238.1228776577,-2.1168221483999998
1083,272615998927664,"[""ring16"",""active"",57]",-245.75817758260001,-12.823901296100001
1084,94315279257914,"[""ring16"",""active"",58]",-252.912394334,-23.858235507700002
1085,190751843800270,"[""ring16"",""active"",59]",-259.5715231968,-35.1982245556
1086,176357689890001,"[""ring16"",""active"",60]",-265.72252861340002,-46.821669878900003
1087,270298400263533,"[""ring16"",""active"",61]",-271.35336970190002,-58.7058180374
1088,257840753784473,"[""ring16"",""active"",62]",-276.45302382649999,-70.827405253099997
1089,209845167553271,"[""ring16"",""active"",63]",-281.01150817460001,-83.162702949800007
1090,77772483715893,"[""ring16"",""active"",64]",-285.01989929920001,-95.687564202900006
1091,148848413995031,"[""ring16"",""active"",65]",-288.4703505864,-108.37747100839999
1092,5015204120109,"[""ring16"",""active"",66]",-291.35610761570001,-121.2075822779
1093,192847377889347,"[""ring16"",""active"",67]",-293.67152138220001,-134.1527824659
1094,178399702431466,"[""ring16"",""active"",68]",-295.41205935480002,-147.18773073520001
1095,24408035345326,"[""ring16"",""active"",69]",-296.5743143487,-160.2869105625
1096,37622008485791,"[""ring16"",""active"",70]",-297.15601119510001,-173.42467968810001
1097,199053255616929,"[""ring17"",""active"",1]",309.71494964459998,-160.25035943040001
1098,266339809339803,"[""ring17"",""active"",2]",308.5976874996,-147.12347941319999
1099,146226846484379,"[""ring17"",""active"",3]",306.92431146339999,-134.05584510829999
1100,129508688164245,"[""ring17"",""active"",4]",304.6978370727,-121.07100527590001
1101,116112618666332,"[""ring17"",""active"",5]",301.92227658489998,-108.192359475
1102,257123315037316,"[""ring17"",""active"",6]",298.60263174760001,-95.443115895899993
1103,272980153295873,"[""ring17"",""active"",7]",294.74488478519999,-82.846249537199995
1104,116117485616113,"[""ring17"",""active"",8]",290.35598761829999,-70.424460803499997
1105,198106948524149,"[""ring17"",""active"",9]",285.44384933639998,-58.200134597800002
1106,208443878535548,"[""ring17"",""active"",10]",280.01732194469997,-46.195299982000002
1107,120943244017986,"[""ring17"",""active"",11]",274.08618441229999,-34.431590479599997
1108,30958100787413,"[""ring17"",""active"",12]",267.66112504990002,-22.930205090200001
1109,201247811876415,"[""ring17"",""active"",13]",260.75372224879999,-11.711870087699999
1110,143384296230983,"[""ring17"",""active"",14]",253.37642361569999,-0.79680167000000002
1111,248604990759548,"[""ring17"",""active"",15]",245.54252354139999,9.7953304718999998
1112,237911829236964,"[""ring17"",""active"",16]",237.2661392432,20.045438599899999
1113,108597255970984,"[""ring17"",""active"",17]",228.56218532520001,29.935051326300002
1114,23798040952883,"[""ring17"",""active"",18]",219.44634690059999,39.446346900599998
1115,110316593108706,"[""ring17"",""active"",19]",209.9350513263,48.562185325199998
1116,185556115726987,"[""ring17"",""active"",20]",200.0454385999,57.266139243200001
1117,90738966461833,"[""ring17"",""active"",21]",189.7953304719,65.542523541400001
1118,8346490300935,"[""ring17"",""active"",22]",179.20319832999999,73.376423615700006
1119,234128383958195,"[""ring17"",""active"",23]",168.28812991230001,80.753722248800003
1120,28859929127715,"[""ring17"",""active"",24]",157.06979490980001,87.661125049899994
1121,23726128480770,"[""ring17"",""active"",25]",145.5684095204,94.0861844123
1122,271409770005992,"[""ring17"",""active"",26]",133.80470001800001,100.0173219447
1123,22478568156834,"[""ring17"",""active"",27]",121.7998654022,105.44384933640001
1124,211153487037457,"[""ring17"",""active"",28]",109.5755391965,110.35598761830001
1125,36648644039662,"[""ring17"",""active"",29]",97.153750462800005,114.7448847852
1126,257938817487333,"[""ring17"",""active"",30]",84.556884104100007,118.6026317476
1127,268477681315656,"[""ring17"",""active"",31]",71.807640524999997,121.9222765849
1128,197023921387560,"[""ring17"",""active"",32]",58.928994724100001,124.6978370727
1129,221087366691279,"[""ring17"",""active"",33]",45.944154891700002,126.9243114634
1130,5622303700049,"[""ring17"",""active"",34]",32.876520586799998,128.5976874996
1131,35400039421816,"[""ring17"",""active"",35]",19.7496405696,129.71494964460001
1132,159025315117172,"[""ring17"",""active"",36]",6.5871703653000004,130.27408451650001
1133,171344980200586,"[""ring17"",""active"",37]",-6.5871703653000004,130.27408451650001
1134,92313167300311,"[""ring17"",""active"",38]",-19.7496405696,129.71494964460001
1135,224644992062927,"[""ring17"",""active"",39]",-32.876520586799998,128.5976874996
1136,32131299766892,"[""ring17"",""active"",40]",-45.944154891700002,126.9243114634
1137,72172651845139,"[""ring17"",""active"",41]",-58.928994724100001,124.6978370727
1138,187894532517525,"[""ring17"",""active"",42]",-71.807640524999997,121.9222765849
1139,122817225486272,"[""ring17"",""active"",43]",-84.556884104100007,118.6026317476
1140,71700088228001,"[""ring17"",""active"",44]",-97.153750462800005,114.7448847852
1141,107023919264082,"[""ring17"",""active"",45]",-109.5755391965,110.35598761830001
1142,141831917306643,"[""ring17"",""active"",46]",-121.7998654022,105.44384933640001
1143,219614657588130,"[""ring17"",""active"",47]",-133.80470001800001,100.0173219447
1144,153750100346813,"[""ring17"",""active"",48]",-145.5684095204,94.0861844123
1145,247721869966835,"[""ring17"",""active"",49]",-157.06979490980001,87.661125049899994
1146,218465199506569,"[""ring17"",""active"",50]",-168.28812991230001,80.753722248800003
1147,236871194085760,"[""ring17"",""active"",51]",-179.20319832999999,73.376423615700006
1148,96106580541926,"[""ring17"",""active"",52]",-189.7953304719,65.542523541400001
1149,63970671960349,"[""ring17"",""active"",53]",-200.0454385999,57.266139243200001
1150,33902868893571,"[""ring17"",""active"",54]",-209.9350513263,48.562185325199998
1151,232869216563541,"[""ring17"",""active"",55]",-219.44634690059999,39.446346900599998
1152,148247924972767,"[""ring17"",""active"",56]",-228.56218532520001,29.935051326300002
1153,158256827859760,"[""ring17"",""active"",57]",-237.2661392432,20.045438599899999
1154,147922613123157,"[""ring17"",""active"",58]",-245.54252354139999,9.7953304718999998
1155,50814025232388,"[""ring17"",""active"",59]",-253.37642361569999,-0.79680167000000002
1156,135727687250940,"[""ring17"",""active"",60]",-260.75372224879999,-11.711870087699999
1157,167028907175436,"[""ring17"",""active"",61]",-267.66112504990002,-22.930205090200001
1158,43485611768770,"[""ring17"",""active"",62]",-274.08618441229999,-34.431590479599997
1159,82635219630128,"[""ring17"",""active"",63]",-280.01732194469997,-46.195299982000002
1160,156989152467440,"[""ring17"",""active"",64]",-285.44384933639998,-58.200134597800002
1161,178215120521680,"[""ring17"",""active"",65]",-290.35598761829999,-70.424460803499997
1162,82010388378724,"[""ring17"",""active"",66]",-294.74488478519999,-82.846249537199995
1163,219404492720106,"[""ring17"",""active"",67]",-298.60263174760001,-95.443115895899993
1164,108605301621107,"[""ring17"",""active"",68]",-301.92227658489998,-108.192359475
1165,24092907508848,"[""ring17"",""active"",69]",-304.6978370727,-121.07100527590001
1166,238937182268067,"[""ring17"",""active"",70]",-306.92431146339999,-134.05584510829999
1167,44209357611909,"[""ring17"",""active"",71]",-308.5976874996,-147.12347941319999
1168,185626620875155,"[""ring17"",""active"",72]",-309.71494964459998,-160.25035943040001
1169,161470488071468,"[""ring18"",""active"",3]",320.16690122469998,-133.96694914829999
1170,257999781074935,"[""ring18"",""active"",4]",318.02283506330002,-120.9461026787
1171,164472754128888,"[""ring18"",""active"",5]",315.34945127840001,-108.0235455932
1172,200667525256665,"[""ring18"",""active"",6]",312.15119945340001,-95.220786212799993
1173,194821771349612,"[""ring18"",""active"",7]",308.43340276279997,-82.559133466899993
1174,243893772504631,"[""ring18"",""active"",8]",304.20224911240001,-70.059661427099996
1175,108839338023775,"[""ring18"",""active"",9]",299.46478083980003,-57.743174230800001
1176,46628578844218,"[""ring18"",""active"",10]",294.22888299340002,-45.630171455700001
1177,191875740936992,"[""ring18"",""active"",11]",288.50327020840001,-33.740813999300002
1178,64564087161774,"[""ring18"",""active"",12]",282.2974722024,-22.0948905238
1179,150850869635148,"[""ring18"",""active"",13]",275.62181791360001,-10.7117845195
1180,45627480635122,"[""ring18"",""active"",14]",268.48741830969999,0.38955795710000002
1181,157516067797918,"[""ring18"",""active"",15]",260.90614789490002,11.1906598169
1182,39262183685514,"[""ring18"",""active"",16]",252.89062494550001,21.673543691900001
1183,102511923753351,"[""ring18"",""active"",17]",244.45419050839999,31.820761856400001
1184,185400548692230,"[""ring18"",""active"",18]",235.61088619629999,41.615425267200003
1185,120160480246547,"[""ring18"",""active"",19]",226.3754308163,51.041231673699997
1186,206709256324027,"[""ring18"",""active"",20]",216.76319587250001,60.082492751399997
1187,110112206687254,"[""ring18"",""active"",21]",206.79017998130001,68.724160213399998
1188,116048700908079,"[""ring18"",""active"",22]",196.4729822436,76.951850857099998
1189,57082595673925,"[""ring18"",""active"",23]",185.82877461659999,84.751870503399999
1190,165592498746466,"[""ring18"",""active"",24]",174.87527333360001,92.111236789399996
1191,64066666316926,"[""ring18"",""active"",25]",163.63070941640001,99.017700776200002
1192,211214046366219,"[""ring18"",""active"",26]",152.1137983319,105.4597673361
1193,33930819274805,"[""ring18"",""active"",27]",140.34370884219999,111.4267142851
1194,231046789370253,"[""ring18"",""active"",28]",128.34003109939999,116.9086102287
1195,166126953148753,"[""ring18"",""active"",29]",116.1227440407,121.8963310924
1196,123197998121212,"[""ring18"",""active"",30]",103.7121821345,126.3815753068
1197,20760280086707,"[""ring18"",""active"",31]",91.129001536499999,130.35687762559999
1198,102876901691900,"[""ring18"",""active"",32]",78.394145708899998,133.8156215505
1199,51205666606287,"[""ring18"",""active"",33]",65.528810562299995,136.75205034359999
1200,278351613325182,"[""ring18"",""active"",34]",52.5544091776,139.16127660879999
1201,214993254887475,"[""ring18"",""active"",35]",39.492536165399997,141.03929042690001
1202,115614104738572,"[""ring18"",""active"",36]",26.364931724200002,142.3829660291
1203,253931963245466,"[""ring18"",""active"",37]",13.193445455999999,143.19006700009999
1204,169345275459016,"[""ring18"",""active"",38]",0,143.45925
1205,186816254639434,"[""ring18"",""active"",39]",-13.193445455999999,143.19006700009999
1206,13293680560939,"[""ring18"",""active"",40]",-26.364931724200002,142.3829660291
1207,7434663066545,"[""ring18"",""active"",41]",-39.492536165399997,141.03929042690001
1208,175362438616906,"[""ring18"",""active"",42]",-52.5544091776,139.16127660879999
1209,49667682937252,"[""ring18"",""active"",43]",-65.528810562299995,136.75205034359999
1210,236690274872400,"[""ring18"",""active"",44]",-78.394145708899998,133.8156215505
1211,205901654929942,"[""ring18"",""active"",45]",-91.129001536499999,130.35687762559999
1212,133038285563845,"[""ring18"",""active"",46]",-103.7121821345,126.3815753068
1213,97557644461165,"[""ring18"",""active"",47]",-116.1227440407,121.8963310924
1214,116287721881500,"[""ring18"",""active"",48]",-128.34003109939999,116.9086102287
1215,123803214053936,"[""ring18"",""active"",49]",-140.34370884219999,111.4267142851
1216,228958550534608,"[""ring18"",""active"",50]",-152.1137983319,105.4597673361
1217,222332739817851,"[""ring18"",""active"",51]",-163.63070941640001,99.017700776200002
1218,145186145822296,"[""ring18"",""active"",52]",-174.87527333360001,92.111236789399996
1219,190595490196150,"[""ring18"",""active"",53]",-185.82877461659999,84.751870503399999
1220,100727241466520,"[""ring18"",""active"",54]",-196.4729822436,76.951850857099998
1221,129661906765590,"[""ring18"",""active"",55]",-206.79017998130001,68.724160213399998
1222,234850321170973,"[""ring18"",""active"",56]",-216.76319587250001,60.082492751399997
1223,73234966483171,"[""ring18"",""active"",57]",-226.3754308163,51.041231673699997
1224,252365840156568,"[""ring18"",""active"",58]",-235.61088619629999,41.615425267200003
1225,87153313961211,"[""ring18"",""active"",59]",-244.45419050839999,31.820761856400001
1226,142409163373394,"[""ring18"",""active"",60]",-252.89062494550001,21.673543691900001
1227,48128680187867,"[""ring18"",""active"",61]",-260.90614789490002,11.1906598169
1228,44462215873291,"[""ring18"",""active"",62]",-268.48741830969999,0.38955795710000002
1229,60710795197036,"[""ring18"",""active"",63]",-275.62181791360001,-10.7117845195
1230,14029063300297,"[""ring18"",""active"",64]",-282.2974722024,-22.0948905238
1231,66410244609533,"[""ring18"",""active"",65]",-288.50327020840001,-33.740813999300002
1232,91673403325969,"[""ring18"",""active"",66]",-294.22888299340002,-45.630171455700001
1233,59860204061184,"[""ring18"",""active"",67]",-299.46478083980003,-57.743174230800001
1234,162944862596564,"[""ring18"",""active"",68]",-304.20224911240001,-70.059661427099996
1235,150477590376457,"[""ring18"",""active"",69]",-308.43340276279997,-82.559133466899993
1236,65527687264022,"[""ring18"",""active"",70]",-312.15119945340001,-95.220786212799993
1237,249390348373101,"[""ring18"",""active"",71]",-315.34945127840001,-108.0235455932
1238,262921644860004,"[""ring18"",""active"",72]",-318.02283506330002,-120.9461026787
1239,251842229762754,"[""ring18"",""active"",73]",-320.16690122469998,-133.96694914829999
1240,42167234651988,"[""ring19"",""active"",5]",328.85095734150002,-108.31009899679999
1241,2327218371915,"[""ring19"",""active"",6]",325.80350481800002,-95.534206340200001
1242,6790610267480,"[""ring19"",""active"",7]",322.25990729839998,-82.886941154599995
1243,133349311851532,"[""ring19"",""active"",8]",318.22556109710001,-70.387563138700003
1244,54768823658163,"[""ring19"",""active"",9]",313.70660985810002,-58.055106783399999
1245,57360425040979,"[""ring19"",""active"",10]",308.70993519849998,-45.908352385500002
1246,3265448839071,"[""ring19"",""active"",11]",303.2431462298,-33.965797448399996
1247,96812547267648,"[""ring19"",""active"",12]",297.31456796980001,-22.2456285132
1248,135766017480940,"[""ring19"",""active"",13]",290.93322866509999,-10.7656934639
1249,239300882133747,"[""ring19"",""active"",14]",284.10884604300003,0.4565256519
1250,11427387278160,"[""ring19"",""active"",15]",276.85181251260002,11.4039392457
1251,233906880639778,"[""ring19"",""active"",16]",269.17317933869998,22.059876212300001
1252,25519697885984,"[""ring19"",""active"",17]",261.0846398132,32.408109317600001
1253,35693125326166,"[""ring19"",""active"",18]",252.59851144749999,42.432879909299999
1254,254271760492824,"[""ring19"",""active"",19]",243.72771721539999,52.118921915599998
1255,15342883159364,"[""ring19"",""active"",20]",234.48576587310001,61.451485091999999
1256,140087184077929,"[""ring19"",""active"",21]",224.88673138819999,70.416357484499997
1257,133516759985974,"[""ring19"",""active"",22]",214.9452315067,78.999887071000003
1258,25664232707452,"[""ring19"",""active"",23]",204.67640549309999,87.189002551900003
1259,87560163203732,"[""ring19"",""active"",24]",194.0958910757,94.971233255000001
1260,93188402482093,"[""ring19"",""active"",25]",183.21980063239999,102.3347281268
1261,105712438482977,"[""ring19"",""active"",26]",172.06469665520001,109.2682737792
1262,95390922516384,"[""ring19"",""active"",27]",160.6475665273,115.7613115658
1263,11752238171204,"[""ring19"",""active"",28]",148.98579665459999,121.8039536611
1264,156410186679370,"[""ring19"",""active"",29]",137.09714598900001,127.38699811790001
1265,226620961609507,"[""ring19"",""active"",30]",124.9997189844,132.5019428805
1266,204503545529657,"[""ring19"",""active"",31]",112.7119380266,137.14099873169999
1267,200890586498772,"[""ring19"",""active"",32]",100.25251537929999,141.2971011546
1268,152803476474171,"[""ring19"",""active"",33]",87.640424687800007,144.96392109089999
1269,272708853521373,"[""ring19"",""active"",34]",74.894872085900005,148.13587457860001
1270,265837752506308,"[""ring19"",""active"",35]",62.035266947799997,150.80813125579999
1271,19477370167863,"[""ring19"",""active"",36]",49.081192330999997,152.9766217163
1272,38289667248126,"[""ring19"",""active"",37]",36.0523751542,154.63804370689999
1273,245276864947409,"[""ring19"",""active"",38]",22.968656157000002,155.7898671559
1274,128528741801345,"[""ring19"",""active"",39]",9.8499596852,156.43033802619999
1275,209397250092406,"[""ring19"",""active"",40]",-3.2837366504999999,156.55848098640001
1276,186912821600874,"[""ring19"",""active"",41]",-16.412432396900002,156.1741008958
1277,139553662965706,"[""ring19"",""active"",42]",-29.516134716,155.2777831018
1278,93806919789147,"[""ring19"",""active"",43]",-42.574888830699997,153.87089254879999
1279,163644871786656,"[""ring19"",""active"",44]",-55.568808412499997,151.95557169879999
1280,137172614678648,"[""ring19"",""active"",45]",-68.478105865200007,149.53473726959999
1281,32485782020197,"[""ring19"",""active"",46]",-81.283122458199998,146.6120757928
1282,152875726376527,"[""ring19"",""active"",47]",-93.964358263500003,143.19203799970001
1283,244155150709629,"[""ring19"",""active"",48]",-106.5025018507,139.27983204360001
1284,73235561139386,"[""ring19"",""active"",49]",-118.87845969529999,134.88141556900001
1285,130226342297397,"[""ring19"",""active"",50]",-131.07338525500001,130.00348663849999
1286,12290890876818,"[""ring19"",""active"",51]",-143.0687076696,124.65347353350001
1287,207502900180019,"[""ring19"",""active"",52]",-154.8461600418,118.8395234412
1288,115215119629411,"[""ring19"",""active"",53]",-166.3878072544,112.57049004869999
1289,41657173831006,"[""ring19"",""active"",54]",-177.67607328240001,105.8559200597
1290,268654797521524,"[""ring19"",""active"",55]",-188.69376795880001,98.706038656800004
1291,34723539270648,"[""ring19"",""active"",56]",-199.42411315179999,91.131733929999996
1292,160236057663466,"[""ring19"",""active"",57]",-209.85076831570001,83.144540295900001
1293,9247724698969,"[""ring19"",""active"",58]",-219.95785537469999,74.756620932999994
1294,99675956044625,"[""ring19"",""active"",59]",-229.72998290219999,65.980749258900005
1295,170954525565605,"[""ring19"",""active"",60]",-239.1522695601,56.830289478499999
1296,32464463123110,"[""ring19"",""active"",61]",-248.21036676,47.319176232700002
1297,60188997605917,"[""ring19"",""active"",62]",-256.8904805139,37.461893378200003
1298,4210324774030,"[""ring19"",""active"",63]",-265.17939244029998,27.2734519306
1299,248007543782829,"[""ring19"",""active"",64]",-273.0644798939,16.7693672057
1300,203505867274245,"[""ring19"",""active"",65]",-280.53373518680002,5.9656351919999997
1301,50282950338760,"[""ring19"",""active"",66]",-287.57578387550001,-5.1212918087999997
1302,126918555497847,"[""ring19"",""active"",67]",-294.17990208139997,-16.474530235700001
1303,64567352066092,"[""ring19"",""active"",68]",-300.33603282180002,-28.076790979399998
1304,35410024593946,"[""ring19"",""active"",69]",-306.03480132499999,-39.910405710399999
1305,240389882602176,"[""ring19"",""active"",70]",-311.26752930660001,-51.957353785599999
1306,190560676712574,"[""ring19"",""active"",71]",-316.02624818509997,-64.199289690100002
1307,274949299100779,"[""ring19"",""active"",72]",-320.30371121659999,-76.617570975000007
1308,123329586181351,"[""ring19"",""active"",73]",-324.09340453039999,-89.193286646199994
1309,185162908392774,"[""ring19"",""active"",74]",-327.38955704879999,-101.9072859632
1310,207665246418798,"[""ring19"",""active"",75]",-330.18714927510001,-114.7402076021
1311,224170047728808,"[""ring20"",""active"",7]",335.85986434019998,-82.629199549000006
1312,78194818953670,"[""ring20"",""active"",8]",331.95957678000002,-70.064743421000003
1313,122608968701962,"[""ring20"",""active"",9]",327.58943756010001,-57.6558883553
1314,202598441108029,"[""ring20"",""active"",10]",322.75563212370002,-45.420197698599999
1315,94934668134722,"[""ring20"",""active"",11]",317.46500218189999,-33.374989702699999
1316,53729414262073,"[""ring20"",""active"",12]",311.72503602990002,-21.5373130127
1317,224944812445364,"[""ring20"",""active"",13]",305.54385794770002,-9.9239225360999992
1318,249173392196016,"[""ring20"",""active"",14]",298.93021670180002,1.4487442714000001
1319,165941016518796,"[""ring20"",""active"",15]",291.89347316179999,12.5645906718
1320,57522986425160,"[""ring20"",""active"",16]",284.44358705140002,23.407883427400002
1321,80287007484599,"[""ring20"",""active"",17]",276.5911028511,33.963275070000002
1322,165763592646768,"[""ring20"",""active"",18]",268.34713487430002,44.215825623000001
1323,169889807896768,"[""ring20"",""active"",19]",259.72335153580002,54.1510237476
1324,66342759838077,"[""ring20"",""active"",20]",250.7319588366,63.7548072819
1325,169736278969944,"[""ring20"",""active"",21]",241.3856830876,73.013583144099997
1326,32796543426627,"[""ring20"",""active"",22]",231.6977528969,81.914246572400003
1327,68332999914388,"[""ring20"",""active"",23]",221.68188044639999,90.444199673100002
1328,194588380487749,"[""ring20"",""active"",24]",211.35224208349999,98.591369251299994
1329,98954439059017,"[""ring20"",""active"",25]",200.72345825630001,106.3442238997
1330,105731197563646,"[""ring20"",""active"",26]",189.8105728196,113.6917903193
1331,192113044057481,"[""ring20"",""active"",27]",178.62903174260001,120.6236688516
1332,267354279475119,"[""ring20"",""active"",28]",167.1946612461,127.1300481976
1333,231516307735255,"[""ring20"",""active"",29]",155.52364540310001,133.20171930500001
1334,172206806907177,"[""ring20"",""active"",30]",143.63250323130001,138.8300884022
1335,149507773042685,"[""ring20"",""active"",31]",131.5380653128,144.00718916229999
1336,200156666146780,"[""ring20"",""active"",32]",119.257449972,148.72569397789999
1337,18611197678508,"[""ring20"",""active"",33]",106.8080390466,152.97892433320001
1338,177718223928633,"[""ring20"",""active"",34]",94.207453285699998,156.7608602562
1339,256455196178599,"[""ring20"",""active"",35]",81.473527409300004,160.06614883949999
1340,235323863538756,"[""ring20"",""active"",36]",68.624284865600004,162.89011181679999
1341,15943802155415,"[""ring20"",""active"",37]",55.677912320499999,165.2287521842
1342,185280901634515,"[""ring20"",""active"",38]",42.652733916700001,167.0787598579
1343,79836920781692,"[""ring20"",""active"",39]",29.567185337600002,168.4375163588
1344,106353068916056,"[""ring20"",""active"",40]",16.439787714000001,169.303098519
1345,137382016993202,"[""ring20"",""active"",41]",3.2891214092999999,169.67428120380001
1346,124080633610874,"[""ring20"",""active"",42]",-9.8662002789999992,169.55053904569999
1347,72798260696514,"[""ring20"",""active"",43]",-23.0075574641,168.93204718769999
1348,53669186850719,"[""ring20"",""active"",44]",-36.116350024399999,167.81968103599999
1349,81721533174650,"[""ring20"",""active"",45]",-49.174023929900002,166.21501502039999
1350,188361387199280,"[""ring20"",""active"",46]",-62.162097503399998,164.12032036639999
1351,269629187836502,"[""ring20"",""active"",47]",-75.062187579099998,161.5385618798
1352,70877225213662,"[""ring20"",""active"",48]",-87.856035521999999,158.47339375109999
1353,224518187708682,"[""ring20"",""active"",49]",-100.5255330711,154.9291543832
1354,55892366820952,"[""ring20"",""active"",50]",-113.0527479694,150.91086025039999
1355,102521658914127,"[""ring20"",""active"",51]",-125.4199493449,146.42419879869999
1356,56062407163641,"[""ring20"",""active"",52]",-137.60963280710001,141.4755203958
1357,137664004298440,"[""ring20"",""active"",53]",-149.6045452221,136.0718293425
1358,61579366192012,"[""ring20"",""active"",54]",-161.38770913280001,130.2207739593
1359,1950715800013,"[""ring20"",""active"",55]",-172.9424467883,123.9306357607
1360,79442100847761,"[""ring20"",""active"",56]",-184.25240374949999,117.2103177341
1361,141739552123550,"[""ring20"",""active"",57]",-195.30157203709999,110.0693317379
1362,66207696425752,"[""ring20"",""active"",58]",-206.07431278889999,102.5177850395
1363,152948188147364,"[""ring20"",""active"",59]",-216.55537839510001,94.566366008700001
1364,191647137491667,"[""ring20"",""active"",60]",-226.72993407929999,86.226328989999999
1365,58280605015421,"[""ring20"",""active"",61]",-236.5835788956,77.509478373099995
1366,104286687855580,"[""ring20"",""active"",62]",-246.10236611190001,68.428151885399998
1367,52556045685329,"[""ring20"",""active"",63]",-255.2728229491,58.995203128999997
1368,176751109349285,"[""ring20"",""active"",64]",-264.0819696511,49.223983388000001
1369,151869936480162,"[""ring20"",""active"",65]",-272.51733785580001,39.128322731300003
1370,159404042683435,"[""ring20"",""active"",66]",-280.56698824279999,28.722510437699999
1371,58318370150846,"[""ring20"",""active"",67]",-288.21952743219998,18.0212747707
1372,230169472788567,"[""ring20"",""active"",68]",-295.46412411040001,7.0397621329
1373,33426951964673,"[""ring20"",""active"",69]",-302.290524361,-4.2064843726000003
1374,125406603809863,"[""ring20"",""active"",70]",-308.6890661777,-15.7015469416
1375,41483773868676,"[""ring20"",""active"",71]",-314.65069314020002,-27.429155598200001
1376,139662029704486,"[""ring20"",""active"",72]",-320.16696723209998,-39.372711224100001
1377,111518255249667,"[""ring20"",""active"",73]",-325.23008078430001,-51.515309051599999
1378,228794599588889,"[""ring20"",""active"",74]",-329.8328675258,-63.839762591499998
1379,128228961783974,"[""ring20"",""active"",75]",-333.9688127265,-76.328627957899997
1380,98361663629905,"[""ring20"",""active"",76]",-337.6320624187,-88.964228558499997
1381,281389260332159,"[""ring21"",""active"",9]",341.4231484979,-57.290172786500001
1382,190871916934041,"[""ring21"",""active"",10]",336.74227559849999,-44.973677196799997
1383,143133634176524,"[""ring21"",""active"",11]",331.6172652093,-32.835271073100003
1384,244690956127829,"[""ring21"",""active"",12]",326.05487682990002,-20.890964051499999
1385,204448031959903,"[""ring21"",""active"",13]",320.06244682800002,-9.1565097656999992
1386,258294407032245,"[""ring21"",""active"",14]",313.64787876399998,2.3526149301000001
1387,177609762776696,"[""ring21"",""active"",15]",306.8196329658,13.6212303744
1388,105172938710935,"[""ring21"",""active"",16]",299.58671537129999,24.6344741192
1389,127223541188007,"[""ring21"",""active"",17]",291.95866564940002,35.377820532299999
1390,214406591817547,"[""ring21"",""active"",18]",283.94554461839999,45.837099955600003
1391,29583187833191,"[""ring21"",""active"",19]",275.55792097649999,55.998517393900002
1392,212140445188074,"[""ring21"",""active"",20]",266.80685736240002,65.848670709100006
1393,152734073453297,"[""ring21"",""active"",21]",257.7038957643,75.374568296999996
1394,63523999754764,"[""ring21"",""active"",22]",248.26104229750001,84.563646222200006
1395,135574700611258,"[""ring21"",""active"",23]",238.4907513684,93.403784788600007
1396,183238173394401,"[""ring21"",""active"",24]",228.40590924899999,101.8833245248
1397,165259471032153,"[""ring21"",""active"",25]",218.01981708010001,109.9910815618
1398,257109685904341,"[""ring21"",""active"",26]",207.3461733286,117.7163623837
1399,277706360066451,"[""ring21"",""active"",27]",196.39905572000001,125.0489779319
1400,238621239644679,"[""ring21"",""active"",28]",185.1929026713,131.97925704310001
1401,25746603470639,"[""ring21"",""active"",29]",173.7424942472,138.49805920559999
1402,2136767469297,"[""ring21"",""active"",30]",162.06293266700001,144.5967866144
1403,266919169064262,"[""ring21"",""active"",31]",150.16962238549999,150.26739551099999
1404,187103468035798,"[""ring21"",""active"",32]",138.07824977569999,155.50240679300001
1405,108319536364705,"[""ring21"",""active"",33]",125.8047624399,160.29491587800001
1406,151772599394285,"[""ring21"",""active"",34]",113.3653481759,164.63860181059999
1407,252725651360732,"[""ring21"",""active"",35]",100.7764136265,168.52773559869999
1408,81440726705628,"[""ring21"",""active"",36]",88.054562640300006,171.9571877704
1409,82986948758250,"[""ring21"",""active"",37]",75.216574372799997,174.92243513849999
1410,257286547541682,"[""ring21"",""active"",38]",62.279381155499998,177.41956676699999
1411,76379606568897,"[""ring21"",""active"",39]",49.260046163799998,179.44528912889999
1412,192360787972710,"[""ring21"",""active"",40]",36.175740912000002,180.99693045020001
1413,108887979063300,"[""ring21"",""active"",41]",23.043722605100001,182.0724442339
1414,9707543976464,"[""ring21"",""active"",42]",9.8813113779999995,182.67041195889999
1415,235051967456065,"[""ring21"",""active"",43]",-3.2941325483999999,182.79004495129999
1416,248568575966378,"[""ring21"",""active"",44]",-16.465231764199999,182.43118542409999
1417,56266112536894,"[""ring21"",""active"",45]",-29.614614589599999,181.59430668600001
1418,72309401645807,"[""ring21"",""active"",46]",-42.724937987300002,180.28051251630001
1419,137706384511391,"[""ring21"",""active"",47]",-55.7789104362,178.49153570979999
1420,97473119878354,"[""ring21"",""active"",48]",-68.759314738100002,176.229735791
1421,233950657086445,"[""ring21"",""active"",49]",-81.649030725299994,173.4980959024
1422,51430324629691,"[""ring21"",""active"",50]",-94.431057841200001,170.30021886949999
1423,138958469651518,"[""ring21"",""active"",51]",-107.0885375629,166.64032244910001
1424,229986469746932,"[""ring21"",""active"",52]",-119.60477563569999,162.52323376690001
1425,211600126175996,"[""ring21"",""active"",53]",-131.963264092,157.95438295010001
1426,19476505624503,"[""ring21"",""active"",54]",-144.1477030241,152.93979596599999
1427,194052533287993,"[""ring21"",""active"",55]",-156.1420220823,147.48608667400001
1428,148123392631972,"[""ring21"",""active"",56]",-167.93040167059999,141.6004481025
1429,234270516919715,"[""ring21"",""active"",57]",-179.4972938116,135.29064296190001
1430,170295456254668,"[""ring21"",""active"",58]",-190.8274426527,128.56499340600001
1431,137666871444390,"[""ring21"",""active"",59]",-201.9059045882,121.43237005580001
1432,257621263878560,"[""ring21"",""active"",60]",-212.71806796800001,113.90218029979999
1433,65731315052332,"[""ring21"",""active"",61]",-223.24967236960001,105.9843558866
1434,75842427205242,"[""ring21"",""active"",62]",-233.4868274067,97.689339825199994
1435,258035917648931,"[""ring21"",""active"",63]",-243.41603104910001,89.028072611900001
1436,138750280357757,"[""ring21"",""active"",64]",-253.02418743129999,80.011977800500006
1437,163038539327807,"[""ring21"",""active"",65]",-262.29862412450001,70.652946935399996
1438,91528293230572,"[""ring21"",""active"",66]",-271.22710885110001,60.963323867500002
1439,164722565347743,"[""ring21"",""active"",67]",-279.79786561780003,50.955888473800002
1440,18741108580529,"[""ring21"",""active"",68]",-287.99959024719999,40.643839801699997
1441,22655680139135,"[""ring21"",""active"",69]",-295.82146528729999,30.040778660400001
1442,209251381934845,"[""ring21"",""active"",70]",-303.25317427909999,19.160689682099999
1443,166984755071973,"[""ring21"",""active"",71]",-310.28491536259997,8.0179228782000003
1444,209168461923326,"[""ring21"",""active"",72]",-316.90741420529997,-3.3728252881
1445,269584347076417,"[""ring21"",""active"",73]",-323.1119362343,-14.9965312851
1446,237349919418326,"[""ring21"",""active"",74]",-328.89029815599997,-26.837864327199998
1447,112085597460893,"[""ring21"",""active"",75]",-334.23487875000001,-38.8812065953
1448,32976345520012,"[""ring21"",""active"",76]",-339.13862892020001,-51.110673835500002
1449,38340988529189,"[""ring21"",""active"",77]",-343.5950809926,-63.510136309300002
1450,33303182028197,"[""ring22"",""active"",11]",346.03641463610001,-33.116256495499997
1451,224875896278474,"[""ring22"",""active"",12]",340.6994498798,-21.129237391899998
1452,228819173469228,"[""ring22"",""active"",13]",334.94739532450001,-9.3357778403000005
1453,66837460426742,"[""ring22"",""active"",14]",328.78725896280002,2.2497536453999998
1454,59709388449451,"[""ring22"",""active"",15]",322.22654597180002,13.6132418797
1455,194472066619383,"[""ring22"",""active"",16]",315.2732495697,24.7408422026
1456,52358747611243,"[""ring22"",""active"",17]",307.9358412771,35.618997347200001
1457,231475696044089,"[""ring22"",""active"",18]",300.2232605959,46.234453957100001
1458,118966798040174,"[""ring22"",""active"",19]",292.14490411740002,56.574278733600003
1459,9899031480923,"[""ring22"",""active"",20]",283.7106140747,66.6258741929
1460,141502903083873,"[""ring22"",""active"",21]",274.9306663511,76.376994014299996
1461,172862148257048,"[""ring22"",""active"",22]",265.8157579603,85.815757960300004
1462,106659757751851,"[""ring22"",""active"",23]",256.37699401430001,94.930666351100001
1463,221208546924957,"[""ring22"",""active"",24]",246.6258741929,103.7106140747
1464,195504718181077,"[""ring22"",""active"",25]",236.57427873360001,112.1449041174
1465,10820651053037,"[""ring22"",""active"",26]",226.23445395709999,120.2232605959
1466,237759111622489,"[""ring22"",""active"",27]",215.61899734720001,127.9358412771
1467,139164730123232,"[""ring22"",""active"",28]",204.74084220259999,135.2732495697
1468,92300581925034,"[""ring22"",""active"",29]",193.61324187970001,142.22654597179999
1469,122421230801569,"[""ring22"",""active"",30]",182.24975364540001,148.7872589628
1470,53178161524911,"[""ring22"",""active"",31]",170.66422215969999,154.94739532450001
1471,63467716104247,"[""ring22"",""active"",32]",158.87076260809999,160.6994498798
1472,167751271623566,"[""ring22"",""active"",33]",146.88374350449999,166.03641463610001
1473,182600265393067,"[""ring22"",""active"",34]",134.7177691851,170.95178732389999
1474,101933987258619,"[""ring22"",""active"",35]",122.3876620156,175.4395793189
1475,54673075798481,"[""ring22"",""active"",36]",109.90844433229999,179.49432293780001
1476,74116476765210,"[""ring22"",""active"",37]",97.295320139699996,183.11107809999999
1477,195055049209871,"[""ring22"",""active"",38]",84.563656586700006,186.28543834659999
1478,262792545052223,"[""ring22"",""active"",39]",71.728965244199998,189.01353620840001
1479,220117885923027,"[""ring22"",""active"",40]",58.806883206499997,191.29204791859999
1480,183675946504112,"[""ring22"",""active"",41]",45.813154040199997,193.11819746149999
1481,141117461512258,"[""ring22"",""active"",42]",32.763608602600002,194.4897599553
1482,126577995742743,"[""ring22"",""active"",43]",19.674145754800001,195.40506436230001
1483,218212375497753,"[""ring22"",""active"",44]",6.5607129909999999,195.86299552509999
1484,270368623799371,"[""ring22"",""active"",45]",-6.5607129909999999,195.86299552509999
1485,122966240122593,"[""ring22"",""active"",46]",-19.674145754800001,195.40506436230001
1486,103981055132913,"[""ring22"",""active"",47]",-32.763608602600002,194.4897599553
1487,107948464922574,"[""ring22"",""active"",48]",-45.813154040199997,193.11819746149999
1488,255949345494494,"[""ring22"",""active"",49]",-58.806883206499997,191.29204791859999
1489,34877087260188,"[""ring22"",""active"",50]",-71.728965244199998,189.01353620840001
1490,97377047622373,"[""ring22"",""active"",51]",-84.563656586700006,186.28543834659999
1491,277411555592790,"[""ring22"",""active"",52]",-97.295320139699996,183.11107809999999
1492,220503518175765,"[""ring22"",""active"",53]",-109.90844433229999,179.49432293780001
1493,190787266779524,"[""ring22"",""active"",54]",-122.3876620156,175.4395793189
1494,265597356022259,"[""ring22"",""active"",55]",-134.7177691851,170.95178732389999
1495,173042217884110,"[""ring22"",""active"",56]",-146.88374350449999,166.03641463610001
1496,132618413168491,"[""ring22"",""active"",57]",-158.87076260809999,160.6994498798
1497,210371789318722,"[""ring22"",""active"",58]",-170.66422215969999,154.94739532450001
1498,160040212516831,"[""ring22"",""active"",59]",-182.24975364540001,148.7872589628
1499,239005669868478,"[""ring22"",""active"",60]",-193.61324187970001,142.22654597179999
1500,110916036668362,"[""ring22"",""active"",61]",-204.74084220259999,135.2732495697
1501,26137534605234,"[""ring22"",""active"",62]",-215.61899734720001,127.9358412771
1502,166514487772148,"[""ring22"",""active"",63]",-226.23445395709999,120.2232605959
1503,238280713318919,"[""ring22"",""active"",64]",-236.57427873360001,112.1449041174
1504,87541064405727,"[""ring22"",""active"",65]",-246.6258741929,103.7106140747
1505,155478646514206,"[""ring22"",""active"",66]",-256.37699401430001,94.930666351100001
1506,108807271109195,"[""ring22"",""active"",67]",-265.8157579603,85.815757960300004
1507,257725145122836,"[""ring22"",""active"",68]",-274.9306663511,76.376994014299996
1508,139744908749103,"[""ring22"",""active"",69]",-283.7106140747,66.6258741929
1509,1822815595464,"[""ring22"",""active"",70]",-292.14490411740002,56.574278733600003
1510,147882436203894,"[""ring22"",""active"",71]",-300.2232605959,46.234453957100001
1511,28008124705650,"[""ring22"",""active"",72]",-307.9358412771,35.618997347200001
1512,45220370675439,"[""ring22"",""active"",73]",-315.2732495697,24.7408422026
1513,245567369293603,"[""ring22"",""active"",74]",-322.22654597180002,13.6132418797
1514,249354784235887,"[""ring22"",""active"",75]",-328.78725896280002,2.2497536453999998
1515,11203696527796,"[""ring22"",""active"",76]",-334.94739532450001,-9.3357778403000005
1516,214726477187220,"[""ring22"",""active"",77]",-340.6994498798,-21.129237391899998
1517,3948429331338,"[""ring22"",""active"",78]",-346.03641463610001,-33.116256495499997
1518,182847117562454,"[""ring23"",""active"",13]",349.27783795419998,-8.6710410516999996
1519,149357216329356,"[""ring23"",""active"",14]",343.2920832113,3.0277734789999999
1520,260572544799711,"[""ring23"",""active"",15]",336.91462597399999,14.517749999999999
1521,175509771518871,"[""ring23"",""active"",16]",330.15274303659999,25.785778239599999
1522,278917884124648,"[""ring23"",""active"",17]",323.01414983030003,36.819001173099998
1523,198605637543972,"[""ring23"",""active"",18]",315.50699161929998,47.604829692999999
1524,242252960866190,"[""ring23"",""active"",19]",307.63983420739999,58.130956973399996
1525,16161931824324,"[""ring23"",""active"",20]",299.42165416400002,68.385372512100005
1526,229833085620917,"[""ring23"",""active"",21]",290.8618285814,78.356375834900007
1527,17795509507080,"[""ring23"",""active"",22]",281.97012437609999,88.032589846099995
1528,242947255580395,"[""ring23"",""active"",23]",272.75668714369999,97.402973810000006
1529,170428988699174,"[""ring23"",""active"",24]",263.23202958339999,106.4568359486
1530,106293823328493,"[""ring23"",""active"",25]",253.40701950210001,115.1838456409
1531,111469565484485,"[""ring23"",""active"",26]",243.29286741460001,123.5740452104
1532,76780221903879,"[""ring23"",""active"",27]",232.9011137519,131.61786128739999
1533,25128352658261,"[""ring23"",""active"",28]",222.2436156935,139.30611573179999
1534,134124510805259,"[""ring23"",""active"",29]",211.332533638,146.63003610569999
1535,229840037737798,"[""ring23"",""active"",30]",200.1803173278,153.5812656832
1536,106613257445133,"[""ring23"",""active"",31]",188.7996916443,160.1518729851
1537,207198314463800,"[""ring23"",""active"",32]",177.2036420876,166.33436082950001
1538,166065304027098,"[""ring23"",""active"",33]",165.40539996070001,172.12167488540001
1539,265405380967139,"[""ring23"",""active"",34]",153.41842727189999,177.5072117226
1540,45186216161021,"[""ring23"",""active"",35]",141.2564013745,182.4848263458
1541,4460143286361,"[""ring23"",""active"",36]",128.9331993607,187.04883920649999
1542,37371492208123,"[""ring23"",""active"",37]",116.4628822275,191.1940426832
1543,26524453641855,"[""ring23"",""active"",38]",103.859678833,194.9157070235
1544,43334649312220,"[""ring23"",""active"",39]",91.137969660799996,198.20958574100001
1545,196867025681636,"[""ring23"",""active"",40]",78.312270412000004,201.07192046009999
1546,132559118074572,"[""ring23"",""active"",41]",65.397215441900002,203.4994452052
1547,38204869768324,"[""ring23"",""active"",42]",52.4075410628,205.4893901264
1548,182710248943602,"[""ring23"",""active"",43]",39.358068728500001,207.03948466040001
1549,220362098886556,"[""ring23"",""active"",44]",26.2636881239,208.14796012139999
1550,92680825303001,"[""ring23"",""active"",45]",13.139340174699999,208.8135517186
1551,198407378591608,"[""ring23"",""active"",46]",0,209.03550000000001
1552,92836036995502,"[""ring23"",""active"",47]",-13.139340174699999,208.8135517186
1553,104822327260968,"[""ring23"",""active"",48]",-26.2636881239,208.14796012139999
1554,117623883448496,"[""ring23"",""active"",49]",-39.358068728500001,207.03948466040001
1555,276270131586084,"[""ring23"",""active"",50]",-52.4075410628,205.4893901264
1556,209741499560634,"[""ring23"",""active"",51]",-65.397215441900002,203.4994452052
1557,143961677220138,"[""ring23"",""active"",52]",-78.312270412000004,201.07192046009999
1558,182942892498471,"[""ring23"",""active"",53]",-91.137969660799996,198.20958574100001
1559,16215891065952,"[""ring23"",""active"",54]",-103.859678833,194.9157070235
1560,278744439925560,"[""ring23"",""active"",55]",-116.4628822275,191.1940426832
1561,273808916878422,"[""ring23"",""active"",56]",-128.9331993607,187.04883920649999
1562,56800991338401,"[""ring23"",""active"",57]",-141.2564013745,182.4848263458
1563,169617879114393,"[""ring23"",""active"",58]",-153.41842727189999,177.5072117226
1564,121930626409342,"[""ring23"",""active"",59]",-165.40539996070001,172.12167488540001
1565,120678061666484,"[""ring23"",""active"",60]",-177.2036420876,166.33436082950001
1566,247016266106142,"[""ring23"",""active"",61]",-188.7996916443,160.1518729851
1567,242738715196904,"[""ring23"",""active"",62]",-200.1803173278,153.5812656832
1568,180753170342963,"[""ring23"",""active"",63]",-211.332533638,146.63003610569999
1569,258950298849356,"[""ring23"",""active"",64]",-222.2436156935,139.30611573179999
1570,134326307652931,"[""ring23"",""active"",65]",-232.9011137519,131.61786128739999
1571,189743711453430,"[""ring23"",""active"",66]",-243.29286741460001,123.5740452104
1572,56977596792422,"[""ring23"",""active"",67]",-253.40701950210001,115.1838456409
1573,90851163978647,"[""ring23"",""active"",68]",-263.23202958339999,106.4568359486
1574,42533723503559,"[""ring23"",""active"",69]",-272.75668714369999,97.402973810000006
1575,191561531231348,"[""ring23"",""active"",70]",-281.97012437609999,88.032589846099995
1576,275829676214121,"[""ring23"",""active"",71]",-290.8618285814,78.356375834900007
1577,112753908648638,"[""ring23"",""active"",72]",-299.42165416400002,68.385372512100005
1578,163518635563795,"[""ring23"",""active"",73]",-307.63983420739999,58.130956973399996
1579,161254553905642,"[""ring23"",""active"",74]",-315.50699161929998,47.604829692999999
1580,50216016787134,"[""ring23"",""active"",75]",-323.01414983030003,36.819001173099998
1581,84337015256086,"[""ring23"",""active"",76]",-330.15274303659999,25.785778239599999
1582,71043794003371,"[""ring23"",""active"",77]",-336.91462597399999,14.517749999999999
1583,25814073397310,"[""ring23"",""active"",78]",-343.2920832113,3.0277734789999999
1584,178402572748525,"[""ring23"",""active"",79]",-349.27783795419998,-8.6710410516999996
1585,191613220790577,"[""ring24"",""active"",16]",344.9362038081,26.746804154399999
1586,226070041896337,"[""ring24"",""active"",17]",337.9869548364,37.922105546799997
1587,199844792966767,"[""ring24"",""active"",18]",330.67578096789998,48.864050490300002
1588,262575420507553,"[""ring24"",""active"",19]",323.01051119060003,59.560922076099999
1589,38027884145492,"[""ring24"",""active"",20]",314.99935366739999,70.001265826199997
1590,73701012990134,"[""ring24"",""active"",21]",306.65088694640002,80.173901959000005
1591,74521510415387,"[""ring24"",""active"",22]",297.97405077479999,90.067937360900004
1592,148584988045990,"[""ring24"",""active"",23]",288.97813652629998,99.672777251100001
1593,240627842932181,"[""ring24"",""active"",24]",279.6727772511,108.97813652630001
1594,193773095316661,"[""ring24"",""active"",25]",270.06793736089998,117.97405077480001
1595,222980411534294,"[""ring24"",""active"",26]",260.17390195899998,126.65088694640001
1596,141561099459772,"[""ring24"",""active"",27]",250.00126582620001,134.99935366739999
1597,196536086807655,"[""ring24"",""active"",28]",239.56092207610001,143.0105111906
1598,197827550994298,"[""ring24"",""active"",29]",228.8640504903,150.67578096790001
1599,248074285415363,"[""ring24"",""active"",30]",217.9221055468,157.9869548364
1600,60940640924950,"[""ring24"",""active"",31]",206.7468041544,164.9362038081
1601,252416097513859,"[""ring24"",""active"",32]",195.3501131056,171.51608645300001
1602,74342450093514,"[""ring24"",""active"",33]",183.74423626270001,177.71955686800001
1603,20225666753970,"[""ring24"",""active"",34]",171.94160148930001,183.53997222160001
1604,151155694842940,"[""ring24"",""active"",35]",159.9548473424,188.9710998672
1605,162328731185936,"[""ring24"",""active"",36]",147.79680953850001,194.0071240174
1606,166959468841107,"[""ring24"",""active"",37]",135.48050720910001,198.6426519714
1607,5850206264174,"[""ring24"",""active"",38]",123.0191289591,202.87271988969999
1608,98472940468487,"[""ring24"",""active"",39]",110.4260187445,206.69279810960001
1609,19701828127026,"[""ring24"",""active"",40]",97.714661583199998,210.0987959956
1610,221181631788393,"[""ring24"",""active"",41]",84.898669114800001,213.08706631999999
1611,182196156155851,"[""ring24"",""active"",42]",71.991765025000007,215.65440916809999
1612,210384393170808,"[""ring24"",""active"",43]",59.007770350100003,217.7980753647
1613,52054821784230,"[""ring24"",""active"",44]",45.960588676599997,219.51576941850001
1614,137073483869227,"[""ring24"",""active"",45]",32.8641912537,220.80565197959999
1615,236363147489794,"[""ring24"",""active"",46]",19.732602031500001,221.66634180950001
1616,185063562080671,"[""ring24"",""active"",47]",6.5798826448999996,222.09691725990001
1617,125335396341710,"[""ring24"",""active"",48]",-6.5798826448999996,222.09691725990001
1618,47660881120559,"[""ring24"",""active"",49]",-19.732602031500001,221.66634180950001
1619,195681711238749,"[""ring24"",""active"",50]",-32.8641912537,220.80565197959999
1620,146364132776263,"[""ring24"",""active"",51]",-45.960588676599997,219.51576941850001
1621,242006095312795,"[""ring24"",""active"",52]",-59.007770350100003,217.7980753647
1622,24568865142898,"[""ring24"",""active"",53]",-71.991765025000007,215.65440916809999
1623,235637730874526,"[""ring24"",""active"",54]",-84.898669114800001,213.08706631999999
1624,43717075562995,"[""ring24"",""active"",55]",-97.714661583199998,210.0987959956
1625,92826395622882,"[""ring24"",""active"",56]",-110.4260187445,206.69279810960001
1626,100771691659703,"[""ring24"",""active"",57]",-123.0191289591,202.87271988969999
1627,148853577847673,"[""ring24"",""active"",58]",-135.48050720910001,198.6426519714
1628,115338910477986,"[""ring24"",""active"",59]",-147.79680953850001,194.0071240174
1629,91085862702413,"[""ring24"",""active"",60]",-159.9548473424,188.9710998672
1630,180430180510315,"[""ring24"",""active"",61]",-171.94160148930001,183.53997222160001
1631,242310311901251,"[""ring24"",""active"",62]",-183.74423626270001,177.71955686800001
1632,174985283718676,"[""ring24"",""active"",63]",-195.3501131056,171.51608645300001
1633,177304213362875,"[""ring24"",""active"",64]",-206.7468041544,164.9362038081
1634,280885304589792,"[""ring24"",""active"",65]",-217.9221055468,157.9869548364
1635,181707612634253,"[""ring24"",""active"",66]",-228.8640504903,150.67578096790001
1636,272292974374781,"[""ring24"",""active"",67]",-239.56092207610001,143.0105111906
1637,197742970690053,"[""ring24"",""active"",68]",-250.00126582620001,134.99935366739999
1638,225338406389378,"[""ring24"",""active"",69]",-260.17390195899998,126.65088694640001
1639,23481573933285,"[""ring24"",""active"",70]",-270.06793736089998,117.97405077480001
1640,27281225297101,"[""ring24"",""active"",71]",-279.6727772511,108.97813652630001
1641,184672686012349,"[""ring24"",""active"",72]",-288.97813652629998,99.672777251100001
1642,29410985394741,"[""ring24"",""active"",73]",-297.97405077479999,90.067937360900004
1643,124396721192526,"[""ring24"",""active"",74]",-306.65088694640002,80.173901959000005
1644,247916299868933,"[""ring24"",""active"",75]",-314.99935366739999,70.001265826199997
1645,182331503111437,"[""ring24"",""active"",76]",-323.01051119060003,59.560922076099999
1646,21638397362788,"[""ring24"",""active"",77]",-330.67578096789998,48.864050490300002
1647,147190922257799,"[""ring24"",""active"",78]",-337.9869548364,37.922105546799997
1648,23146289602364,"[""ring24"",""active"",79]",-344.9362038081,26.746804154399999
1649,76964437138499,"[""ring25"",""active"",18]",345.7379532548,50.024169241400003
1650,162660184732723,"[""ring25"",""active"",19]",338.2656973041,60.877912610000003
1651,240057048377566,"[""ring25"",""active"",20]",330.45283646989998,71.4891123389
1652,53890821004426,"[""ring25"",""active"",21]",322.30723764060002,81.847083849499995
1653,126757585051374,"[""ring25"",""active"",22]",313.83710274380002,91.941397542499999
1654,171248947633630,"[""ring25"",""active"",23]",305.0509604874,101.7618892997
1655,26451376693814,"[""ring25"",""active"",24]",295.95765777179997,111.2986707183
1656,228454111711432,"[""ring25"",""active"",25]",286.56635078210002,120.54213906770001
1657,156775336642785,"[""ring25"",""active"",26]",276.88649576839998,129.4829869591
1658,67777379234803,"[""ring25"",""active"",27]",266.92783952410002,138.11221171619999
1659,47993321589188,"[""ring25"",""active"",28]",256.70040957190002,146.42112444150001
1660,125710786495711,"[""ring25"",""active"",29]",246.2145040668,154.40135876389999
1661,82504666956167,"[""ring25"",""active"",30]",235.4806814268,162.044879264
1662,88988495367815,"[""ring25"",""active"",31]",224.5097497015,169.3439895647
1663,118336863109641,"[""ring25"",""active"",32]",213.31275568909999,176.2913400804
1664,33071995459555,"[""ring25"",""active"",33]",201.9009738135,182.87993541829999
1665,230431841370738,"[""ring25"",""active"",34]",190.28589477169999,189.10314142109999
1666,179199003408098,"[""ring25"",""active"",35]",178.47921396359999,194.9546918481
1667,162669639183760,"[""ring25"",""active"",36]",166.49281971619999,200.42869468399999
1668,210291710557967,"[""ring25"",""active"",37]",154.33878131220001,205.5196380719
1669,244632226173872,"[""ring25"",""active"",38]",142.0293368383,210.22239586329999
1670,36510009265828,"[""ring25"",""active"",39]",129.57688086140001,214.53223277980001
1671,222353969637681,"[""ring25"",""active"",40]",116.9939519493,218.44480918100001
1672,193373059910139,"[""ring25"",""active"",41]",104.29322004470001,221.95618543410001
1673,253352043236311,"[""ring25"",""active"",42]",91.487473708099998,225.06282588080001
1674,266255656553962,"[""ring25"",""active"",43]",78.589607240600003,227.76160239750001
1675,173683184817233,"[""ring25"",""active"",44]",65.612607700300003,230.04979754510001
1676,51005463727040,"[""ring25"",""active"",45]",52.569541825800002,231.92510730500001
1677,140989840786449,"[""ring25"",""active"",46]",39.473542878799996,233.38564339920001
1678,2255754440157,"[""ring25"",""active"",47]",26.337797420099999,234.42993519180001
1679,120286578660717,"[""ring25"",""active"",48]",13.175532032,235.05693116929999
1680,175793760023825,"[""ring25"",""active"",49]",-0,235.26599999999999
1681,49137254083481,"[""ring25"",""active"",50]",-13.175532032,235.05693116929999
1682,74374311193287,"[""ring25"",""active"",51]",-26.337797420099999,234.42993519180001
1683,276790812181886,"[""ring25"",""active"",52]",-39.473542878799996,233.38564339920001
1684,83644482308735,"[""ring25"",""active"",53]",-52.569541825800002,231.92510730500001
1685,163175264289921,"[""ring25"",""active"",54]",-65.612607700300003,230.04979754510001
1686,205539540028178,"[""ring25"",""active"",55]",-78.589607240600003,227.76160239750001
1687,127466556638726,"[""ring25"",""active"",56]",-91.487473708099998,225.06282588080001
1688,221865701010109,"[""ring25"",""active"",57]",-104.29322004470001,221.95618543410001
1689,256100426937860,"[""ring25"",""active"",58]",-116.9939519493,218.44480918100001
1690,122509725981241,"[""ring25"",""active"",59]",-129.57688086140001,214.53223277980001
1691,4993059664279,"[""ring25"",""active"",60]",-142.0293368383,210.22239586329999
1692,125920944004859,"[""ring25"",""active"",61]",-154.33878131220001,205.5196380719
1693,147317463386880,"[""ring25"",""active"",62]",-166.49281971619999,200.42869468399999
1694,260379782544562,"[""ring25"",""active"",63]",-178.47921396359999,194.9546918481
1695,168476051491059,"[""ring25"",""active"",64]",-190.28589477169999,189.10314142109999
1696,10616337233747,"[""ring25"",""active"",65]",-201.9009738135,182.87993541829999
1697,154401146165217,"[""ring25"",""active"",66]",-213.31275568909999,176.2913400804
1698,45326395321126,"[""ring25"",""active"",67]",-224.5097497015,169.3439895647
1699,49507025687669,"[""ring25"",""active"",68]",-235.4806814268,162.044879264
1700,259499417272873,"[""ring25"",""active"",69]",-246.2145040668,154.40135876389999
1701,127792590929921,"[""ring25"",""active"",70]",-256.70040957190002,146.42112444150001
1702,85960775799929,"[""ring25"",""active"",71]",-266.92783952410002,138.11221171619999
1703,237889203989733,"[""ring25"",""active"",72]",-276.88649576839998,129.4829869591
1704,80749341375228,"[""ring25"",""active"",73]",-286.56635078210002,120.54213906770001
1705,160382129159043,"[""ring25"",""active"",74]",-295.95765777179997,111.2986707183
1706,98524383104815,"[""ring25"",""active"",75]",-305.0509604874,101.7618892997
1707,138073781285841,"[""ring25"",""active"",76]",-313.83710274380002,91.941397542499999
1708,225364036224745,"[""ring25"",""active"",77]",-322.30723764060002,81.847083849499995
1709,213444848349963,"[""ring25"",""active"",78]",-330.45283646989998,71.4891123389
1710,197248888657997,"[""ring25"",""active"",79]",-338.2656973041,60.877912610000003
1711,234520780815631,"[""ring25"",""active"",80]",-345.7379532548,50.024169241400003
1712,191425975500816,"[""ring26"",""active"",21]",338.68867541959997,82.298449278800007
1713,132867709972771,"[""ring26"",""active"",22]",330.49149921359998,92.554332746900002
1714,119997441145645,"[""ring26"",""active"",23]",321.9838825539,102.55419785780001
1715,96286015332634,"[""ring26"",""active"",24]",313.17381689690001,112.288651442
1716,188165463825796,"[""ring26"",""active"",25]",304.06957779819999,121.7485496389
1717,57847421334900,"[""ring26"",""active"",26]",294.67971713920002,130.925006486
1718,236085594169207,"[""ring26"",""active"",27]",285.01305509410003,139.80940226569999
1719,255187241147926,"[""ring26"",""active"",28]",275.0786718448,148.39339160169999
1720,239632297238098,"[""ring26"",""active"",29]",264.88589905190003,156.66891129870001
1721,1345173829075,"[""ring26"",""active"",30]",254.4443110887,164.62818791590001
1722,40334484534805,"[""ring26"",""active"",31]",243.7637160479,172.26374506900001
1723,7870127271612,"[""ring26"",""active"",32]",232.85414652899999,179.56841045319999
1724,172889424647471,"[""ring26"",""active"",33]",221.7258502135,186.53532257980001
1725,80821069530537,"[""ring26"",""active"",34]",210.38928024000001,193.1579372219
1726,234719118302147,"[""ring26"",""active"",35]",198.85508538420001,199.43003356139999
1727,52045198113719,"[""ring26"",""active"",36]",187.1341000571,205.3457200325
1728,183157162850742,"[""ring26"",""active"",37]",175.23733412729999,210.8994398557
1729,136144764463232,"[""ring26"",""active"",38]",163.17596257939999,216.08597625749999
1730,205695171795823,"[""ring26"",""active"",39]",150.96131501689999,220.90045737060001
1731,127306246615159,"[""ring26"",""active"",40]",138.60486502009999,225.33836081019999
1732,223806985894447,"[""ring26"",""active"",41]",126.11821936840001,229.39551792239999
1733,244354508444845,"[""ring26"",""active"",42]",113.51310713789999,233.06811769909999
1734,120112043799369,"[""ring26"",""active"",43]",100.80136868380001,236.35271035869999
1735,123297861072270,"[""ring26"",""active"",44]",87.994944518699995,239.24621058599999
1736,259328716769589,"[""ring26"",""active"",45]",75.105864095900003,241.7459004305
1737,5540729977930,"[""ring26"",""active"",46]",62.146234510500001,243.8494318596
1738,128817495286612,"[""ring26"",""active"",47]",49.128229126400001,245.55482896390001
1739,12621325375734,"[""ring26"",""active"",48]",36.064076141699999,246.86048981330001
1740,178940822042277,"[""ring26"",""active"",49]",22.966047102000001,247.76518796190001
1741,23952590042241,"[""ring26"",""active"",50]",9.8464453741,248.26807360000001
1742,265132272943637,"[""ring26"",""active"",51]",-3.2824054115000001,248.3686743522
1743,43170172059622,"[""ring26"",""active"",52]",-16.4081729366,248.0668957213
1744,108109023426078,"[""ring26"",""active"",53]",-29.518527778799999,247.3630211768
1745,212762680432467,"[""ring26"",""active"",54]",-42.601154993599998,246.25771188889999
1746,94350295489601,"[""ring26"",""active"",55]",-55.643765681799998,244.75200610749999
1747,22781247148274,"[""ring26"",""active"",56]",-68.634108532799999,242.84731818649999
1748,278475121399491,"[""ring26"",""active"",57]",-81.559981332800007,240.54543725569999
1749,180306898735464,"[""ring26"",""active"",58]",-94.409242426800006,237.84852554
1750,165528706291514,"[""ring26"",""active"",59]",-107.16982212320001,234.75911632859999
1751,169032926491513,"[""ring26"",""active"",60]",-119.8297340315,231.28011159490001
1752,228567730717014,"[""ring26"",""active"",61]",-132.37708632159999,227.41477927119999
1753,152993005518245,"[""ring26"",""active"",62]",-144.8000928937,223.1667501785
1754,227255859649199,"[""ring26"",""active"",63]",-157.08708444999999,218.54001461659999
1755,175780829443969,"[""ring26"",""active"",64]",-169.22651945519999,213.538918615
1756,256210454338346,"[""ring26"",""active"",65]",-181.20699497859999,208.16815985139999
1757,225598712263367,"[""ring26"",""active"",66]",-193.0172574046,202.43278323850001
1758,161779759005630,"[""ring26"",""active"",67]",-204.64621300409999,196.3381761855
1759,45236188503151,"[""ring26"",""active"",68]",-216.0829383544,189.89006353740001
1760,9399744318143,"[""ring26"",""active"",69]",-227.31669060089999,183.0945021972
1761,102463380670853,"[""ring26"",""active"",70]",-238.3369175473,175.95787543700001
1762,53989245944009,"[""ring26"",""active"",71]",-249.13326756800001,168.48688690169999
1763,15520135910018,"[""ring26"",""active"",72]",-259.69559933170001,160.68855431220001
1764,190389931305045,"[""ring26"",""active"",73]",-270.0139913273,152.57020287309999
1765,43654941741493,"[""ring26"",""active"",74]",-280.07875118359999,144.13945839249999
1766,161790738443597,"[""ring26"",""active"",75]",-289.8804247736,135.40424011830001
1767,78456227931250,"[""ring26"",""active"",76]",-299.40980509510001,126.3727532998
1768,238780504941595,"[""ring26"",""active"",77]",-308.65794091869998,117.05348148
1769,24818322259541,"[""ring26"",""active"",78]",-317.61614519659997,107.455178527
1770,92380224551111,"[""ring26"",""active"",79]",-326.27600322230001,97.586860411000004
1771,56184222294224,"[""ring26"",""active"",80]",-334.62938053459999,87.457796735499997
1772,234880993423873,"[""ring27"",""active"",24]",329.12017639210001,114.27719756019999
1773,34340772915009,"[""ring27"",""active"",25]",320.21253620890002,123.9458688104
1774,234774690754127,"[""ring27"",""active"",26]",311.0209727061,133.34503993070001
1775,247723715801915,"[""ring27"",""active"",27]",301.55363578079999,142.4663769444
1776,150984949967478,"[""ring27"",""active"",28]",291.81891985039999,151.30179222219999
1777,123852879436854,"[""ring27"",""active"",29]",281.82545640979998,159.8434516534
1778,268432866567497,"[""ring27"",""active"",30]",271.58210637799999,168.08378159220001
1779,56858344578232,"[""ring27"",""active"",31]",261.09795224110002,176.01547557340001
1780,245355746991140,"[""ring27"",""active"",32]",250.3822899996,183.63150079010001
1781,75733301734597,"[""ring27"",""active"",33]",239.4446209253,190.92510433000001
1782,154829979102371,"[""ring27"",""active"",34]",228.29464313739999,197.889819163
1783,19822523146194,"[""ring27"",""active"",35]",216.94224300299999,204.5194698752
1784,254073475126406,"[""ring27"",""active"",36]",205.39748637150001,210.80817814439999
1785,194937274182894,"[""ring27"",""active"",37]",193.67060964909999,216.75036795240001
1786,106901706976003,"[""ring27"",""active"",38]",181.77201072299999,222.34077052910001
1787,153609176206390,"[""ring27"",""active"",39]",169.71223974110001,227.5744290241
1788,193882877176841,"[""ring27"",""active"",40]",157.5019897585,232.44670290159999
1789,99205272389929,"[""ring27"",""active"",41]",145.15208725529999,236.95327205539999
1790,131687885082017,"[""ring27"",""active"",42]",132.6734825378,241.0901406392
1791,280656371384859,"[""ring27"",""active"",43]",120.0772400287,244.85364060969999
1792,6433185154926,"[""ring27"",""active"",44]",107.37452845689999,248.2404349789
1793,17702591530861,"[""ring27"",""active"",45]",94.576610954200007,251.24752077279999
1794,207703751107717,"[""ring27"",""active"",46]",81.694835069099994,253.8722316942
1795,124822604665979,"[""ring27"",""active"",47]",68.7406227046,256.11224048679998
1796,251869692717977,"[""ring27"",""active"",48]",55.725459991199997,257.96556099880002
1797,31018589125576,"[""ring27"",""active"",49]",42.660887102399997,259.43054994379997
1798,63111848319567,"[""ring27"",""active"",50]",29.558488022100001,260.50590835780002
1799,254144875854036,"[""ring27"",""active"",51]",16.4298802739,261.19068275119997
1800,59196330464688,"[""ring27"",""active"",52]",3.2867046197000001,261.48426595410001
1801,98638683206714,"[""ring27"",""active"",53]",-9.8593852618,261.38639765459999
1802,130197156033417,"[""ring27"",""active"",54]",-22.996733107699999,260.89716462979999
1803,100247184737288,"[""ring27"",""active"",55]",-36.113690406499998,260.01700066870001
1804,108335536169590,"[""ring27"",""active"",56]",-49.198626726299999,258.74668618750002
1805,15543082120689,"[""ring27"",""active"",57]",-62.239940027599999,257.08734753779999
1806,266916126787362,"[""ring27"",""active"",58]",-75.2260669498,255.0404560078
1807,223408876383796,"[""ring27"",""active"",59]",-88.145493064799993,252.607826518
1808,79205212476643,"[""ring27"",""active"",60]",-100.9867630861,249.79161601140001
1809,202531658477106,"[""ring27"",""active"",61]",-113.7384910258,246.59432154149999
1810,194118444900821,"[""ring27"",""active"",62]",-126.3893702907,243.0187780581
1811,236512242270589,"[""ring27"",""active"",63]",-138.92818370699999,239.06815589370001
1812,72233641107700,"[""ring27"",""active"",64]",-151.3438134667,234.74595795210001
1813,141523380396680,"[""ring27"",""active"",65]",-163.6252509851,230.05601660299999
1814,80209661154055,"[""ring27"",""active"",66]",-175.7616066619,225.00249028350001
1815,151395764319031,"[""ring27"",""active"",67]",-187.74211953689999,219.58985981129999
1816,239379562818066,"[""ring27"",""active"",68]",-199.5561668311,213.82292441140001
1817,251382497807485,"[""ring27"",""active"",69]",-211.1932733658,207.7067974608
1818,150627451807774,"[""ring27"",""active"",70]",-222.6431208507,201.24690195479999
1819,138431747966447,"[""ring27"",""active"",71]",-233.8955570327,194.4489656984
1820,245297471447511,"[""ring27"",""active"",72]",-244.9406046977,187.31901622780001
1821,129175714092710,"[""ring27"",""active"",73]",-255.76847051710001,179.86337546569999
1822,78567026708758,"[""ring27"",""active"",74]",-266.36955373120003,172.0886541161
1823,47952322356204,"[""ring27"",""active"",75]",-276.73445466200002,164.00174580250001
1824,156119172687886,"[""ring27"",""active"",76]",-286.85398304739999,155.60982095590001
1825,144027874464002,"[""ring27"",""active"",77]",-296.71916619059999,146.9203204566
1826,187824591161979,"[""ring27"",""active"",78]",-306.3212569149,137.94094903659999
1827,192700965531237,"[""ring27"",""active"",79]",-315.65174132060002,128.6796684485
1828,155984729793611,"[""ring27"",""active"",80]",-324.70234633339999,119.1446904056
1829,4368973039656,"[""ring28"",""active"",27]",317.94975551620001,144.9304482581
1830,182070223023177,"[""ring28"",""active"",28]",308.40951150849997,153.99912641969999
1831,87230416068488,"[""ring28"",""active"",29]",298.61072157989997,162.7878063695
1832,210668138693441,"[""ring28"",""active"",30]",288.56160025370002,171.28912037960001
1833,131139777569877,"[""ring28"",""active"",31]",278.27057191149999,179.4959416268
1834,257151861148803,"[""ring28"",""active"",32]",267.74626372990002,187.4013901671
1835,4812071050776,"[""ring28"",""active"",33]",256.99749844910002,194.99883870350001
1836,188074156663549,"[""ring28"",""active"",34]",246.033286976,202.28191814140001
1837,157059084681422,"[""ring28"",""active"",35]",234.8628208305,209.24452292820001
1838,15125313023537,"[""ring28"",""active"",36]",223.49546443989999,215.88081617180001
1839,18490783995317,"[""ring28"",""active"",37]",211.94074728859999,222.18523453349999
1840,233513517128641,"[""ring28"",""active"",38]",200.2083559294,228.1524928922
1841,255240873996256,"[""ring28"",""active"",39]",188.3081258627,233.77758877459999
1842,186769743697834,"[""ring28"",""active"",40]",176.2500332919,239.0558065493
1843,77902557157167,"[""ring28"",""active"",41]",164.04418675919999,243.9827213797
1844,198429291823163,"[""ring28"",""active"",42]",151.7008186724,248.55420293380001
1845,23010110828555,"[""ring28"",""active"",43]",139.23027672609999,252.76641884599999
1846,120393727922906,"[""ring28"",""active"",44]",126.6430152275,256.61583793099999
1847,49658139137641,"[""ring28"",""active"",45]",113.9495863321,260.09923314269997
1848,256427614783314,"[""ring28"",""active"",46]",101.1606311975,263.21368428080001
1849,269661634736647,"[""ring28"",""active"",47]",88.286871063199996,265.956580438
1850,96317674869198,"[""ring28"",""active"",48]",75.339098262099995,268.325622189
1851,214976246230902,"[""ring28"",""active"",49]",62.328167173799997,270.31882351820002
1852,134679166654450,"[""ring28"",""active"",50]",49.264985124299997,271.93451348479999
1853,222141745582735,"[""ring28"",""active"",51]",36.160503243100003,273.17133762330002
1854,111649138154959,"[""ring28"",""active"",52]",23.025707281799999,274.02825907890002
1855,20081917327608,"[""ring28"",""active"",53]",9.8716084051999999,274.50455947720002
1856,281395720134661,"[""ring28"",""active"",54]",-3.2907660400999998,274.59983952589999
1857,246450227421195,"[""ring28"",""active"",55]",-16.450381769700002,274.3140193497
1858,209561618009177,"[""ring28"",""active"",56]",-29.596206812199998,273.64733855759999
1859,204250433413820,"[""ring28"",""active"",57]",-42.717220756899998,272.60035604149999
1860,69860834360238,"[""ring28"",""active"",58]",-55.802423992800001,271.17394950789998
1861,9772799053764,"[""ring28"",""active"",59]",-68.840846929999998,269.36931474239998
1862,234410338133009,"[""ring28"",""active"",60]",-81.821559195099994,267.18796460649997
1863,244259245232002,"[""ring28"",""active"",61]",-94.733678795000003,264.63172777030002
1864,39133175061423,"[""ring28"",""active"",62]",-107.5663812391,261.70274717870001
1865,125762146689910,"[""ring28"",""active"",63]",-120.3089086138,258.40347825510003
1866,149603912000652,"[""ring28"",""active"",64]",-132.95057860119999,254.7366868435
1867,93605236897604,"[""ring28"",""active"",65]",-145.4807934339,250.70544688909999
1868,123286209481428,"[""ring28"",""active"",66]",-157.88904878,246.31313786160001
1869,243091446896348,"[""ring28"",""active"",67]",-170.16494254829999,241.56344192259999
1870,146041668069472,"[""ring28"",""active"",68]",-182.2981836093,236.46034083789999
1871,158051517460197,"[""ring28"",""active"",69]",-194.2786004221,231.0081126403
1872,66653958380104,"[""ring28"",""active"",70]",-206.09614956109999,225.21132804269999
1873,145141625937140,"[""ring28"",""active"",71]",-217.74092413650001,219.07484660680001
1874,141673816737420,"[""ring28"",""active"",72]",-229.20316209859999,212.6038126688
1875,243996863326144,"[""ring28"",""active"",73]",-240.47325442179999,205.80365102709999
1876,44481414357302,"[""ring28"",""active"",74]",-251.5417531601,198.68006239459999
1877,20279132159157,"[""ring28"",""active"",75]",-262.39937936759998,191.2390186195
1878,199061210730399,"[""ring28"",""active"",76]",-273.03703087700001,183.48675767899999
1879,123787448716240,"[""ring28"",""active"",77]",-283.44578993020002,175.4297784499
1880,149148078449207,"[""ring28"",""active"",78]",-293.61693065430001,167.07483526070001
1881,78347164636056,"[""ring28"",""active"",79]",-303.54192637670002,158.42893222890001
1882,34276134966430,"[""ring28"",""active"",80]",-313.21245677309997,149.49931738960001
1883,59926418413543,"[""ring29"",""active"",31]",296.72286762200002,181.55786032
1884,229531962465098,"[""ring29"",""active"",32]",286.4658002653,189.737598585
1885,217198346376685,"[""ring29"",""active"",33]",275.9833567325,197.62644681699999
1886,35528746174352,"[""ring29"",""active"",34]",265.28378405730001,205.21819848659999
1887,257864510027934,"[""ring29"",""active"",35]",254.37550009879999,212.50688080399999
1888,137349204285199,"[""ring29"",""active"",36]",243.26708691920001,219.48675941869999
1889,66374349757315,"[""ring29"",""active"",37]",231.96728403180001,226.1523429305
1890,147550315021234,"[""ring29"",""active"",38]",220.4849815254,232.49838720989999
1891,66246879074830,"[""ring29"",""active"",39]",208.82921306969999,238.5198995241
1892,8012853299186,"[""ring29"",""active"",40]",197.0091488082,244.21214246509999
1893,166536074393285,"[""ring29"",""active"",41]",185.03408814389999,249.57063767650001
1894,20483206468802,"[""ring29"",""active"",42]",172.9134524225,254.59116937690001
1895,47511876353937,"[""ring29"",""active"",43]",160.65677752069999,259.26978767679998
1896,87175963989216,"[""ring29"",""active"",44]",148.2737063436,263.60281168649999
1897,19572073649518,"[""ring29"",""active"",45]",135.77398123820001,267.58683241099999
1898,6435646497747,"[""ring29"",""active"",46]",123.1674363286,271.21871543330002
1899,899091079279,"[""ring29"",""active"",47]",110.46398977920001,274.49560337920002
1900,135350869537607,"[""ring29"",""active"",48]",97.673635991300003,277.4149181665
1901,270399870317226,"[""ring29"",""active"",49]",84.806437740600003,279.97436303209997
1902,83879236477514,"[""ring29"",""active"",50]",71.872518259499998,282.17192433989999
1903,277914845128285,"[""ring29"",""active"",51]",58.882053273499999,284.00587316470001
1904,270122376866487,"[""ring29"",""active"",52]",45.845262994899997,285.4747666522
1905,166627446970920,"[""ring29"",""active"",53]",32.772404082500003,286.5774491546
1906,57066578708678,"[""ring29"",""active"",54]",19.673761571899998,287.31305313960002
1907,245249401420489,"[""ring29"",""active"",55]",6.5596407836999999,287.68099987260001
1908,264746105413582,"[""ring29"",""active"",56]",-6.5596407836999999,287.68099987260001
1909,248055468547418,"[""ring29"",""active"",57]",-19.673761571899998,287.31305313960002
1910,160846216893275,"[""ring29"",""active"",58]",-32.772404082500003,286.5774491546
1911,57209191318873,"[""ring29"",""active"",59]",-45.845262994899997,285.4747666522
1912,227133744759832,"[""ring29"",""active"",60]",-58.882053273499999,284.00587316470001
1913,225571913483102,"[""ring29"",""active"",61]",-71.872518259499998,282.17192433989999
1914,144809554799960,"[""ring29"",""active"",62]",-84.806437740600003,279.97436303209997
1915,12247266630010,"[""ring29"",""active"",63]",-97.673635991300003,277.4149181665
1916,153897115011600,"[""ring29"",""active"",64]",-110.46398977920001,274.49560337920002
1917,153548783677452,"[""ring29"",""active"",65]",-123.1674363286,271.21871543330002
1918,189314116080507,"[""ring29"",""active"",66]",-135.77398123820001,267.58683241099999
1919,233876124835542,"[""ring29"",""active"",67]",-148.2737063436,263.60281168649999
1920,21053002455077,"[""ring29"",""active"",68]",-160.65677752069999,259.26978767679998
1921,247824420903731,"[""ring29"",""active"",69]",-172.9134524225,254.59116937690001
1922,23466497547996,"[""ring29"",""active"",70]",-185.03408814389999,249.57063767650001
1923,221128665394404,"[""ring29"",""active"",71]",-197.0091488082,244.21214246509999
1924,96770466211447,"[""ring29"",""active"",72]",-208.82921306969999,238.5198995241
1925,245808679015655,"[""ring29"",""active"",73]",-220.4849815254,232.49838720989999
1926,161484525682048,"[""ring29"",""active"",74]",-231.96728403180001,226.1523429305
1927,201395984115328,"[""ring29"",""active"",75]",-243.26708691920001,219.48675941869999
1928,63320370566255,"[""ring29"",""active"",76]",-254.37550009879999,212.50688080399999
1929,129590122022076,"[""ring29"",""active"",77]",-265.28378405730001,205.21819848659999
1930,99872274022541,"[""ring29"",""active"",78]",-275.9833567325,197.62644681699999
1931,2145832419616,"[""ring29"",""active"",79]",-286.4658002653,189.737598585
1932,63261892453158,"[""ring29"",""active"",80]",-296.72286762200002,181.55786032
1933,218762352674712,"[""ring30"",""active"",35]",271.90081012100001,216.58444099659999
1934,22519647837743,"[""ring30"",""active"",36]",260.96673443859999,223.8633839574
1935,211142117900385,"[""ring30"",""active"",37]",249.8379155989,230.84094892580001
1936,27621580829719,"[""ring30"",""active"",38]",238.5226583436,237.51192898139999
1937,126328442741033,"[""ring30"",""active"",39]",227.0294065418,243.87134598879999
1938,88973397402653,"[""ring30"",""active"",40]",215.3667368886,249.9144543127
1939,138019148317551,"[""ring30"",""active"",41]",203.5433525052,255.63674435940001
1940,75131014542280,"[""ring30"",""active"",42]",191.5680764441,261.03394594129998
1941,122531408589125,"[""ring30"",""active"",43]",179.44984510520001,266.10203146449999
1942,61720926735485,"[""ring30"",""active"",44]",167.1977015667,270.8372189337
1943,107916304871534,"[""ring30"",""active"",45]",154.82078883739999,275.23597477440001
1944,111178043426839,"[""ring30"",""active"",46]",142.32834303339999,279.29501647030003
1945,16840416658934,"[""ring30"",""active"",47]",129.7296864859,283.01131501219999
1946,145914680875060,"[""ring30"",""active"",48]",117.03422078449999,286.38209715900001
1947,105724285661920,"[""ring30"",""active"",49]",104.2514197616,289.40484750669998
1948,198448685437977,"[""ring30"",""active"",50]",91.390822422400007,292.0773103656
1949,208364807643950,"[""ring30"",""active"",51]",78.462025826499996,294.39749144389998
1950,107782316153414,"[""ring30"",""active"",52]",65.474677926400005,296.36365933550002
1951,25941221015557,"[""ring30"",""active"",53]",52.438470367900003,297.9743468122
1952,146267763565261,"[""ring30"",""active"",54]",39.363131257699997,299.22835191860003
1953,146033189945524,"[""ring30"",""active"",55]",26.2584179037,300.12473886919997
1954,276332465723396,"[""ring30"",""active"",56]",13.1341095342,300.66283874649997
1955,280062793351889,"[""ring30"",""active"",57]",0,300.84224999999998
1956,156355612397412,"[""ring30"",""active"",58]",-13.1341095342,300.66283874649997
1957,235830710303468,"[""ring30"",""active"",59]",-26.2584179037,300.12473886919997
1958,265217234418626,"[""ring30"",""active"",60]",-39.363131257699997,299.22835191860003
1959,251000096282066,"[""ring30"",""active"",61]",-52.438470367900003,297.9743468122
1960,203444133161018,"[""ring30"",""active"",62]",-65.474677926400005,296.36365933550002
1961,145210875183951,"[""ring30"",""active"",63]",-78.462025826499996,294.39749144389998
1962,270600528578164,"[""ring30"",""active"",64]",-91.390822422400007,292.0773103656
1963,47662776048149,"[""ring30"",""active"",65]",-104.2514197616,289.40484750669998
1964,253003672098003,"[""ring30"",""active"",66]",-117.03422078449999,286.38209715900001
1965,72637557733175,"[""ring30"",""active"",67]",-129.7296864859,283.01131501219999
1966,270636244831925,"[""ring30"",""active"",68]",-142.32834303339999,279.29501647030003
1967,101677809070402,"[""ring30"",""active"",69]",-154.82078883739999,275.23597477440001
1968,102788865266377,"[""ring30"",""active"",70]",-167.1977015667,270.8372189337
1969,114151045403360,"[""ring30"",""active"",71]",-179.44984510520001,266.10203146449999
1970,34930401845648,"[""ring30"",""active"",72]",-191.5680764441,261.03394594129998
1971,152082085466140,"[""ring30"",""active"",73]",-203.5433525052,255.63674435940001
1972,95185436691626,"[""ring30"",""active"",74]",-215.3667368886,249.9144543127
1973,215000235108049,"[""ring30"",""active"",75]",-227.0294065418,243.87134598879999
1974,40870042012392,"[""ring30"",""active"",76]",-238.5226583436,237.51192898139999
1975,175501081221727,"[""ring30"",""active"",77]",-249.8379155989,230.84094892580001
1976,63777349334103,"[""ring30"",""active"",78]",-260.96673443859999,223.8633839574
1977,248452828115807,"[""ring30"",""active"",79]",-271.90081012100001,216.58444099659999
1978,196945610820899,"[""ring31"",""active"",39]",245.07814725590001,248.87144174439999
1979,6715811897612,"[""ring31"",""active"",40]",233.5745128776,255.2435625489
1980,140834037931511,"[""ring31"",""active"",41]",221.90532608090001,261.30719239910002
1981,20457643620243,"[""ring31"",""active"",42]",210.07885772579999,267.05803352909999
1982,251947451469142,"[""ring31"",""active"",43]",198.10349014990001,272.4920098705
1983,91078574419200,"[""ring31"",""active"",44]",185.98771122740001,277.60526994190002
1984,72917528320591,"[""ring31"",""active"",45]",173.74010835289999,282.39418957829997
1985,205894456186590,"[""ring31"",""active"",46]",161.3693623547,286.85537449999998
1986,176251956802099,"[""ring31"",""active"",47]",148.8842413424,290.98566271819999
1987,225543822891612,"[""ring31"",""active"",48]",136.2935944921,294.7821267768
1988,164266241556172,"[""ring31"",""active"",49]",123.60634577419999,298.24207582629998
1989,32215785285370,"[""ring31"",""active"",50]",110.83148762819999,301.3630575318
1990,110474237327430,"[""ring31"",""active"",51]",97.978074589399995,304.14285981099999
1991,216030276688442,"[""ring31"",""active"",52]",85.055216871100001,306.57951240189999
1992,101570661787943,"[""ring31"",""active"",53]",72.072073907299995,308.67128825930001
1993,25178427622707,"[""ring31"",""active"",54]",59.037847860799999,310.4167047789
1994,276156020756866,"[""ring31"",""active"",55]",45.961777101199999,311.81452484850001
1995,87830343557356,"[""ring31"",""active"",56]",32.853129656599997,312.86375772420001
1996,126201690776052,"[""ring31"",""active"",57]",19.721196644399999,313.5636597331
1997,30465357078388,"[""ring31"",""active"",58]",6.5752856869,313.91373480030001
1998,78389111970516,"[""ring31"",""active"",59]",-6.5752856869,313.91373480030001
1999,175958815266985,"[""ring31"",""active"",60]",-19.721196644399999,313.5636597331
2000,65500230740978,"[""ring31"",""active"",61]",-32.853129656599997,312.86375772420001
2001,265122091905569,"[""ring31"",""active"",62]",-45.961777101199999,311.81452484850001
2002,17142688109880,"[""ring31"",""active"",63]",-59.037847860799999,310.4167047789
2003,218140912372733,"[""ring31"",""active"",64]",-72.072073907299995,308.67128825930001
2004,204054577372736,"[""ring31"",""active"",65]",-85.055216871100001,306.57951240189999
2005,52456209415506,"[""ring31"",""active"",66]",-97.978074589399995,304.14285981099999
2006,40177208392275,"[""ring31"",""active"",67]",-110.83148762819999,301.3630575318
2007,103848115443121,"[""ring31"",""active"",68]",-123.60634577419999,298.24207582629998
2008,216729027699020,"[""ring31"",""active"",69]",-136.2935944921,294.7821267768
2009,45792578777562,"[""ring31"",""active"",70]",-148.8842413424,290.98566271819999
2010,166133999266218,"[""ring31"",""active"",71]",-161.3693623547,286.85537449999998
2011,51165488441164,"[""ring31"",""active"",72]",-173.74010835289999,282.39418957829997
2012,48236858237022,"[""ring31"",""active"",73]",-185.98771122740001,277.60526994190002
2013,177415208429987,"[""ring31"",""active"",74]",-198.10349014990001,272.4920098705
2014,223584700023446,"[""ring31"",""active"",75]",-210.07885772579999,267.05803352909999
2015,192283343604286,"[""ring31"",""active"",76]",-221.90532608090001,261.30719239910002
2016,244443037981204,"[""ring31"",""active"",77]",-233.5745128776,255.2435625489
2017,243482059133272,"[""ring31"",""active"",78]",-245.07814725590001,248.87144174439999
2018,23980096508944,"[""ring32"",""active"",45]",192.52691319420001,289.10144050989999
2019,13900290817018,"[""ring32"",""active"",46]",180.28384254759999,293.94146253399998
2020,158109911619600,"[""ring32"",""active"",47]",167.91924808069999,298.46201512409999
2021,40000994947412,"[""ring32"",""active"",48]",155.44146438819999,302.66005111409999
2022,57387668698598,"[""ring32"",""active"",49]",142.8589023621,306.5327407364
2023,225777390799693,"[""ring32"",""active"",50]",130.1800435225,310.07747352950003
2024,115590616392045,"[""ring32"",""active"",51]",117.4134342999,313.29186009749998
2025,179484168713587,"[""ring32"",""active"",52]",104.5676802749,316.17373372079999
2026,70486010009456,"[""ring32"",""active"",53]",91.651440377200004,318.7211518167
2027,161809426532608,"[""ring32"",""active"",54]",78.673421048700007,320.93239724839998
2028,128320594890083,"[""ring32"",""active"",55]",65.642370374999999,322.80597948320002
2029,22609697696847,"[""ring32"",""active"",56]",52.567072188600001,324.3406355967
2030,182013107705583,"[""ring32"",""active"",57]",39.456340147799999,325.53533112410003
2031,178560024953943,"[""ring32"",""active"",58]",26.319011795600002,326.38926075760003
2032,160019665043496,"[""ring32"",""active"",59]",13.163942603200001,326.90184888959999
2033,123937571938867,"[""ring32"",""active"",60]",0,327.07274999999998
2034,111980913414087,"[""ring32"",""active"",61]",-13.163942603200001,326.90184888959999
2035,97994279432145,"[""ring32"",""active"",62]",-26.319011795600002,326.38926075760003
2036,111526424563931,"[""ring32"",""active"",63]",-39.456340147799999,325.53533112410003
2037,56836024448142,"[""ring32"",""active"",64]",-52.567072188600001,324.3406355967
2038,135917724295840,"[""ring32"",""active"",65]",-65.642370374999999,322.80597948320002
2039,68819150050766,"[""ring32"",""active"",66]",-78.673421048700007,320.93239724839998
2040,179247556889280,"[""ring32"",""active"",67]",-91.651440377200004,318.7211518167
2041,241478638600035,"[""ring32"",""active"",68]",-104.5676802749,316.17373372079999
2042,125991532725691,"[""ring32"",""active"",69]",-117.4134342999,313.29186009749998
2043,175177709339286,"[""ring32"",""active"",70]",-130.1800435225,310.07747352950003
2044,148347467229577,"[""ring32"",""active"",71]",-142.8589023621,306.5327407364
2045,149481029133961,"[""ring32"",""active"",72]",-155.44146438819999,302.66005111409999
2046,227772775172065,"[""ring32"",""active"",73]",-167.91924808069999,298.46201512409999
2047,48021094105260,"[""ring32"",""active"",74]",-180.28384254759999,293.94146253399998
2048,61089654614203,"[""ring32"",""active"",75]",-192.52691319420001,289.10144050989999
2049,182104800779500,"[""ring33"",""active"",52]",126.6937785293,324.52377726520001
2050,164463838977140,"[""ring33"",""active"",53]",113.92380678550001,327.55977144719998
2051,110283384750225,"[""ring33"",""active"",54]",101.08129922800001,330.27259998
2052,167514267251016,"[""ring33"",""active"",55]",88.1744327408,332.66053559329998
2053,178016614336035,"[""ring33"",""active"",56]",75.211425185300001,334.7220578774
2054,220528361349765,"[""ring33"",""active"",57]",62.200530168299998,336.45585425159999
2055,64392393313605,"[""ring33"",""active"",58]",49.150031786600003,337.86082079969998
2056,233284445937788,"[""ring33"",""active"",59]",36.068239352799999,338.93606297309998
2057,115867843124889,"[""ring33"",""active"",60]",22.963482104499999,339.68089615999997
2058,272248612515327,"[""ring33"",""active"",61]",9.8441039013000005,340.09484612170002
2059,195391873015401,"[""ring33"",""active"",62]",-3.2815420884000002,340.17764929449999
2060,241863615562264,"[""ring33"",""active"",63]",-16.405098705099999,339.9292529571
2061,7844126209578,"[""ring33"",""active"",64]",-29.518210119700001,339.34981526460001
2062,109325629124789,"[""ring33"",""active"",65]",-42.6125271537,338.43970514760002
2063,42103292233860,"[""ring33"",""active"",66]",-55.679712594999998,337.19950207760002
2064,208655347088764,"[""ring33"",""active"",67]",-68.711446506300007,335.62999569750002
2065,197317711288969,"[""ring33"",""active"",68]",-81.699431522500007,333.73218531930002
2066,115025144204225,"[""ring33"",""active"",69]",-94.635398133500004,331.50727928750001
2067,206454858052802,"[""ring33"",""active"",70]",-107.5111099498,328.9566942102
2068,180552301116264,"[""ring33"",""active"",71]",-120.31836894609999,326.08205405659999
2069,29406860074283,"[""ring33"",""active"",72]",-133.04902068160001,322.88518912339998
