export_index,mirror_id,position_key,x,y
1,225977427565346,"[""ring1"",""active"",0]",100.2848217855,-93.426985512399995
2,98461791273696,"[""ring1"",""active"",1]",98.5689206805,-80.393422637399993
3,146546269447317,"[""ring1"",""active"",2]",95.166478014299997,-67.695333736999999
4,91816430395141,"[""ring1"",""active"",3]",90.135710524000004,-55.549986633000003
5,231364419112210,"[""ring1"",""active"",4]",83.562696036399998,-44.165191581499997
6,186914820487113,"[""ring1"",""active"",5]",75.559900651600003,-33.7357455824
7,218691133102543,"[""ring1"",""active"",6]",66.2642544176,-24.4400993484
8,249518401681586,"[""ring1"",""active"",7]",55.834808418500003,-16.437303963600002
9,257081424862060,"[""ring1"",""active"",8]",44.450013366999997,-9.8642894759999997
10,462329393670,"[""ring1"",""active"",9]",32.304666263000001,-4.8335219857
11,136638878541845,"[""ring1"",""active"",10]",19.6065773626,-1.4310793195
12,113440114950139,"[""ring1"",""active"",11]",6.5730144876000001,0.28482178549999998
13,189893974123011,"[""ring1"",""active"",12]",-6.5730144876000001,0.28482178549999998
14,259292959545620,"[""ring1"",""active"",13]",-19.6065773626,-1.4310793195
15,199461450372935,"[""ring1"",""active"",14]",-32.304666263000001,-4.8335219857
16,53150555964577,"[""ring1"",""active"",15]",-44.450013366999997,-9.8642894759999997
17,182181300776484,"[""ring1"",""active"",16]",-55.834808418500003,-16.437303963600002
18,36828647183504,"[""ring1"",""active"",17]",-66.2642544176,-24.4400993484
19,245044142097057,"[""ring1"",""active"",18]",-75.559900651600003,-33.7357455824
20,164989153111639,"[""ring1"",""active"",19]",-83.562696036399998,-44.165191581499997
21,82757952312123,"[""ring1"",""active"",20]",-90.135710524000004,-55.549986633000003
22,264367324792324,"[""ring1"",""active"",21]",-95.166478014299997,-67.695333736999999
23,96077426024455,"[""ring1"",""active"",22]",-98.5689206805,-80.393422637399993
24,175280640722083,"[""ring1"",""active"",23]",-100.2848217855,-93.426985512399995
25,271289438101252,"[""ring1"",""active"",24]",-100.2848217855,-106.57301448760001
26,22151644413009,"[""ring1"",""active"",25]",-98.5689206805,-119.60657736260001
27,54785332350034,"[""ring1"",""active"",26]",-95.166478014299997,-132.304666263
28,37097415433566,"[""ring1"",""active"",27]",-90.135710524000004,-144.450013367
29,7974149837147,"[""ring1"",""active"",28]",-83.562696036399998,-155.83480841849999
30,159066063835249,"[""ring1"",""active"",29]",-75.559900651600003,-166.2642544176
31,227814935923795,"[""ring1"",""active"",30]",-66.2642544176,-175.5599006516
32,112737315580354,"[""ring1"",""active"",31]",-55.834808418500003,-183.56269603640001
33,279057199714791,"[""ring1"",""active"",32]",-44.450013366999997,-190.13571052399999
34,104555532071604,"[""ring1"",""active"",33]",-32.304666263000001,-195.1664780143
35,114636202083057,"[""ring1"",""active"",34]",-19.6065773626,-198.56892068050001
36,166816355597687,"[""ring1"",""active"",35]",-6.5730144876000001,-200.28482178549999
37,196871639851600,"[""ring1"",""active"",36]",6.5730144876000001,-200.28482178549999
38,163201643135464,"[""ring1"",""active"",37]",19.6065773626,-198.56892068050001
39,141087017475327,"[""ring1"",""active"",38]",32.304666263000001,-195.1664780143
40,274460507970912,"[""ring1"",""active"",39]",44.450013366999997,-190.13571052399999
41,211658257369416,"[""ring1"",""active"",40]",55.834808418500003,-183.56269603640001
42,25256560694987,"[""ring1"",""active"",41]",66.2642544176,-175.5599006516
43,111109889874469,"[""ring1"",""active"",42]",75.559900651600003,-166.2642544176
44,248359595964128,"[""ring1"",""active"",43]",83.562696036399998,-155.83480841849999
45,232550607584963,"[""ring1"",""active"",44]",90.135710524000004,-144.450013367
46,8954556596020,"[""ring1"",""active"",45]",95.166478014299997,-132.304666263
47,16077873566104,"[""ring1"",""active"",46]",98.5689206805,-119.60657736260001
48,82931331611565,"[""ring1"",""active"",47]",100.2848217855,-106.57301448760001
49,118963306441431,"[""ring2"",""active"",0]",113.423030979,-93.393860727100005
50,166210091923763,"[""ring2"",""active"",1]",111.8891790604,-80.270918882299995
51,117307025828046,"[""ring2"",""active"",2]",108.8422179391,-67.414779014700002
52,31761126237247,"[""ring2"",""active"",3]",104.32335253719999,-54.999298361500003
53,8755066053518,"[""ring2"",""active"",4]",98.393692757300002,-43.192374999999998
54,26147884959761,"[""ring2"",""active"",5]",91.133427075699998,-32.153677313999999
55,113321123638128,"[""ring2"",""active"",6]",82.640738130700001,-22.0324847531
56,146421478213383,"[""ring2"",""active"",7]",73.030474971399997,-12.9656690839
57,209994560452606,"[""ring2"",""active"",8]",62.432599920800001,-5.0758434344000003
58,52342416943538,"[""ring2"",""active"",9]",50.990431058299997,1.5302958385000001
59,200784994231433,"[""ring2"",""active"",10]",38.858704089,6.7634120336999999
60,91357866436445,"[""ring2"",""active"",11]",26.201479808399998,10.552736232099999
61,198849746917301,"[""ring2"",""active"",12]",13.1899254616,12.8470243244
62,195368130266985,"[""ring2"",""active"",13]",0,13.61525
63,150101175004650,"[""ring2"",""active"",14]",-13.1899254616,12.8470243244
64,24350496598495,"[""ring2"",""active"",15]",-26.201479808399998,10.552736232099999
65,111513192711181,"[""ring2"",""active"",16]",-38.858704089,6.7634120336999999
66,183037382441518,"[""ring2"",""active"",17]",-50.990431058299997,1.5302958385000001
67,224334105978858,"[""ring2"",""active"",18]",-62.432599920800001,-5.0758434344000003
68,240661364293959,"[""ring2"",""active"",19]",-73.030474971399997,-12.9656690839
69,206103613447385,"[""ring2"",""active"",20]",-82.640738130700001,-22.0324847531
70,205049209907177,"[""ring2"",""active"",21]",-91.133427075699998,-32.153677313999999
71,140036588241521,"[""ring2"",""active"",22]",-98.393692757300002,-43.192374999999998
72,178109332024333,"[""ring2"",""active"",23]",-104.32335253719999,-54.999298361500003
73,147447801650378,"[""ring2"",""active"",24]",-108.8422179391,-67.414779014700002
74,186058987222788,"[""ring2"",""active"",25]",-111.8891790604,-80.270918882299995
75,15063983504382,"[""ring2"",""active"",26]",-113.423030979,-93.393860727100005
76,82820283973980,"[""ring2"",""active"",27]",-113.423030979,-106.60613927289999
77,4812291460678,"[""ring2"",""active"",28]",-111.8891790604,-119.72908111770001
78,254876129109843,"[""ring2"",""active"",29]",-108.8422179391,-132.5852209853
79,52090938489001,"[""ring2"",""active"",30]",-104.32335253719999,-145.0007016385
80,276426639245006,"[""ring2"",""active"",31]",-98.393692757300002,-156.807625
81,150770518482208,"[""ring2"",""active"",32]",-91.133427075699998,-167.84632268600001
82,65908650420079,"[""ring2"",""active"",33]",-82.640738130700001,-177.96751524690001
83,238391778599238,"[""ring2"",""active"",34]",-73.030474971399997,-187.0343309161
84,187322721507181,"[""ring2"",""active"",35]",-62.432599920800001,-194.92415656559999
85,75900330232157,"[""ring2"",""active"",36]",-50.990431058299997,-201.5302958385
86,56946199260712,"[""ring2"",""active"",37]",-38.858704089,-206.76341203370001
87,155089634456550,"[""ring2"",""active"",38]",-26.201479808399998,-210.55273623209999
88,273285650791107,"[""ring2"",""active"",39]",-13.1899254616,-212.8470243244
89,251067079882723,"[""ring2"",""active"",40]",-0,-213.61525
90,13564978797403,"[""ring2"",""active"",41]",13.1899254616,-212.8470243244
91,94878253318120,"[""ring2"",""active"",42]",26.201479808399998,-210.55273623209999
92,207197014732390,"[""ring2"",""active"",43]",38.858704089,-206.76341203370001
93,203533647948113,"[""ring2"",""active"",44]",50.990431058299997,-201.5302958385
94,82706652683496,"[""ring2"",""active"",45]",62.432599920800001,-194.92415656559999
95,5167778211505,"[""ring2"",""active"",46]",73.030474971399997,-187.0343309161
96,255403182698697,"[""ring2"",""active"",47]",82.640738130700001,-177.96751524690001
97,82825078268065,"[""ring2"",""active"",48]",91.133427075699998,-167.84632268600001
98,260003801076989,"[""ring2"",""active"",49]",98.393692757300002,-156.807625
99,100092810805523,"[""ring2"",""active"",50]",104.32335253719999,-145.0007016385
100,29530510557746,"[""ring2"",""active"",51]",108.8422179391,-132.5852209853
101,197980779087096,"[""ring2"",""active"",52]",111.8891790604,-119.72908111770001
102,226745184831197,"[""ring2"",""active"",53]",113.423030979,-106.60613927289999
103,59555902021457,"[""ring3"",""active"",0]",126.55682025420001,-93.367438097399997
104,155037580514219,"[""ring3"",""active"",1]",125.1702372478,-80.174982028200006
105,110538863576565,"[""ring3"",""active"",2]",122.4122629285,-67.199733004600006
106,21100493715803,"[""ring3"",""active"",3]",118.31311424019999,-54.583850570099997
107,269401024120553,"[""ring3"",""active"",4]",112.9177023137,-42.465556972800002
108,24001370476862,"[""ring3"",""active"",5]",106.285140411,-30.977622773
109,85543209124447,"[""ring3"",""active"",6]",98.4880962684,-20.2459121821
110,43223118027071,"[""ring3"",""active"",7]",89.611995933200006,-10.388004066800001
111,25623575773241,"[""ring3"",""active"",8]",79.7540878179,-1.5119037315999999
112,42003389714630,"[""ring3"",""active"",9]",69.022377227000007,6.2851404110000004
113,173233600349033,"[""ring3"",""active"",10]",57.534443027199998,12.9177023137
114,166617546774744,"[""ring3"",""active"",11]",45.416149429900003,18.313114240200001
115,178831113494194,"[""ring3"",""active"",12]",32.800266995400001,22.412262928499999
116,28095630898990,"[""ring3"",""active"",13]",19.825017971800001,25.170237247799999
117,19801002341314,"[""ring3"",""active"",14]",6.6325619026,26.556820254200002
118,58685437539979,"[""ring3"",""active"",15]",-6.6325619026,26.556820254200002
119,17543371511003,"[""ring3"",""active"",16]",-19.825017971800001,25.170237247799999
120,46877405992558,"[""ring3"",""active"",17]",-32.800266995400001,22.412262928499999
121,273908240264989,"[""ring3"",""active"",18]",-45.416149429900003,18.313114240200001
122,161842297312095,"[""ring3"",""active"",19]",-57.534443027199998,12.9177023137
123,231218104024720,"[""ring3"",""active"",20]",-69.022377227000007,6.2851404110000004
124,205055244769105,"[""ring3"",""active"",21]",-79.7540878179,-1.5119037315999999
125,191462345087505,"[""ring3"",""active"",22]",-89.611995933200006,-10.388004066800001
126,265632588695131,"[""ring3"",""active"",23]",-98.4880962684,-20.2459121821
127,276076003264301,"[""ring3"",""active"",24]",-106.285140411,-30.977622773
128,130320065610047,"[""ring3"",""active"",25]",-112.9177023137,-42.465556972800002
129,59230288788533,"[""ring3"",""active"",26]",-118.31311424019999,-54.583850570099997
130,226518258385086,"[""ring3"",""active"",27]",-122.4122629285,-67.199733004600006
131,81015478178530,"[""ring3"",""active"",28]",-125.1702372478,-80.174982028200006
132,210566870952543,"[""ring3"",""active"",29]",-126.55682025420001,-93.367438097399997
133,3505673751328,"[""ring3"",""active"",30]",-126.55682025420001,-106.6325619026
134,253362427386527,"[""ring3"",""active"",31]",-125.1702372478,-119.82501797179999
135,76531743404135,"[""ring3"",""active"",32]",-122.4122629285,-132.80026699539999
136,195453761152477,"[""ring3"",""active"",33]",-118.31311424019999,-145.4161494299
137,63322776522913,"[""ring3"",""active"",34]",-112.9177023137,-157.53444302720001
138,113370853181240,"[""ring3"",""active"",35]",-106.285140411,-169.02237722699999
139,268794731500274,"[""ring3"",""active"",36]",-98.4880962684,-179.7540878179
140,48292612333692,"[""ring3"",""active"",37]",-89.611995933200006,-189.61199593320001
141,104208630898379,"[""ring3"",""active"",38]",-79.7540878179,-198.4880962684
142,127018589188985,"[""ring3"",""active"",39]",-69.022377227000007,-206.28514041099999
143,244169488799987,"[""ring3"",""active"",40]",-57.534443027199998,-212.9177023137
144,148935662595744,"[""ring3"",""active"",41]",-45.416149429900003,-218.31311424020001
145,199967798838602,"[""ring3"",""active"",42]",-32.800266995400001,-222.41226292850001
146,121681998251905,"[""ring3"",""active"",43]",-19.825017971800001,-225.1702372478
147,182935117419065,"[""ring3"",""active"",44]",-6.6325619026,-226.55682025420001
148,86274112702088,"[""ring3"",""active"",45]",6.6325619026,-226.55682025420001
149,244499907031112,"[""ring3"",""active"",46]",19.825017971800001,-225.1702372478
150,222166567313161,"[""ring3"",""active"",47]",32.800266995400001,-222.41226292850001
151,267749192257242,"[""ring3"",""active"",48]",45.416149429900003,-218.31311424020001
152,13950193364604,"[""ring3"",""active"",49]",57.534443027199998,-212.9177023137
153,272467347277926,"[""ring3"",""active"",50]",69.022377227000007,-206.28514041099999
154,11858837470873,"[""ring3"",""active"",51]",79.7540878179,-198.4880962684
155,189466156649008,"[""ring3"",""active"",52]",89.611995933200006,-189.61199593320001
156,76442142729759,"[""ring3"",""active"",53]",98.4880962684,-179.7540878179
157,250969228161012,"[""ring3"",""active"",54]",106.285140411,-169.02237722699999
158,184232455508123,"[""ring3"",""active"",55]",112.9177023137,-157.53444302720001
159,42226490475413,"[""ring3"",""active"",56]",118.31311424019999,-145.4161494299
160,144422509818658,"[""ring3"",""active"",57]",122.4122629285,-132.80026699539999
161,98077237719699,"[""ring3"",""active"",58]",125.1702372478,-119.82501797179999
162,120457024512250,"[""ring3"",""active"",59]",126.55682025420001,-106.6325619026
163,5424059042925,"[""ring4"",""active"",0]",139.6873521986,-93.345871295199998
164,184631012827970,"[""ring4"",""active"",1]",138.42232190589999,-80.097874705500004
165,190689089557200,"[""ring4"",""active"",2]",135.90371763089999,-67.030114844500005
166,236894004599218,"[""ring4"",""active"",3]",132.1543482438,-54.2609353689
167,146448383842108,"[""ring4"",""active"",4]",127.20816861430001,-41.905975945500003
168,104860549194081,"[""ring4"",""active"",5]",121.1099721113,-30.077124999999999
169,5389593131496,"[""ring4"",""active"",6]",113.9149849464,-18.881506438300001
170,88418679951807,"[""ring4"",""active"",7]",105.68836603779999,-8.4205095158999992
171,249409769455279,"[""ring4"",""active"",8]",96.504616920000004,1.2111293593000001
172,44101727948432,"[""ring4"",""active"",9]",86.446907047300002,9.9261845741000005
173,61639682505539,"[""ring4"",""active"",10]",75.606320597700005,17.645731238900002
174,48148122241354,"[""ring4"",""active"",11]",64.081031600900005,24.2998599437
175,229813584610610,"[""ring4"",""active"",12]",51.975414858699999,29.828309868600002
176,192150591661156,"[""ring4"",""active"",13]",39.399100710900001,34.181014514799998
177,21417868438074,"[""ring4"",""active"",14]",26.465982206,37.318555115199999
178,178315088531963,"[""ring4"",""active"",15]",13.293183667899999,39.212517616200003
179,197963288963277,"[""ring4"",""active"",16]",0,39.845750000000002
180,212266651691770,"[""ring4"",""active"",17]",-13.293183667899999,39.212517616200003
181,143717716437285,"[""ring4"",""active"",18]",-26.465982206,37.318555115199999
182,154191620653451,"[""ring4"",""active"",19]",-39.399100710900001,34.181014514799998
183,243286050297014,"[""ring4"",""active"",20]",-51.975414858699999,29.828309868600002
184,135187365860870,"[""ring4"",""active"",21]",-64.081031600900005,24.2998599437
185,84394000815830,"[""ring4"",""active"",22]",-75.606320597700005,17.645731238900002
186,196795816969926,"[""ring4"",""active"",23]",-86.446907047300002,9.9261845741000005
187,62752732012976,"[""ring4"",""active"",24]",-96.504616920000004,1.2111293593000001
188,262689507356988,"[""ring4"",""active"",25]",-105.68836603779999,-8.4205095158999992
189,231588664315353,"[""ring4"",""active"",26]",-113.9149849464,-18.881506438300001
190,58670018595032,"[""ring4"",""active"",27]",-121.1099721113,-30.077124999999999
191,56146106527894,"[""ring4"",""active"",28]",-127.20816861430001,-41.905975945500003
192,98821130631326,"[""ring4"",""active"",29]",-132.1543482438,-54.2609353689
193,167574568333979,"[""ring4"",""active"",30]",-135.90371763089999,-67.030114844500005
194,28634006172748,"[""ring4"",""active"",31]",-138.42232190589999,-80.097874705500004
195,271869694795325,"[""ring4"",""active"",32]",-139.6873521986,-93.345871295199998
196,137894532284547,"[""ring4"",""active"",33]",-139.6873521986,-106.6541287048
197,109821404521477,"[""ring4"",""active"",34]",-138.42232190589999,-119.9021252945
198,164092274472377,"[""ring4"",""active"",35]",-135.90371763089999,-132.96988515550001
199,177578951612703,"[""ring4"",""active"",36]",-132.1543482438,-145.73906463110001
200,102808210306553,"[""ring4"",""active"",37]",-127.20816861430001,-158.09402405450001
201,186356616046128,"[""ring4"",""active"",38]",-121.1099721113,-169.922875
202,90336894231343,"[""ring4"",""active"",39]",-113.9149849464,-181.11849356170001
203,110974730378632,"[""ring4"",""active"",40]",-105.68836603779999,-191.57949048410001
204,189460664477081,"[""ring4"",""active"",41]",-96.504616920000004,-201.2111293593
205,174627487827072,"[""ring4"",""active"",42]",-86.446907047300002,-209.92618457410001
206,12666634866111,"[""ring4"",""active"",43]",-75.606320597700005,-217.6457312389
207,264137056305333,"[""ring4"",""active"",44]",-64.081031600900005,-224.2998599437
208,157926074659033,"[""ring4"",""active"",45]",-51.975414858699999,-229.8283098686
209,188394866474283,"[""ring4"",""active"",46]",-39.399100710900001,-234.18101451480001
210,273110110346102,"[""ring4"",""active"",47]",-26.465982206,-237.31855511520001
211,86286860731454,"[""ring4"",""active"",48]",-13.293183667899999,-239.21251761619999
212,213624765757933,"[""ring4"",""active"",49]",-0,-239.84575000000001
213,134127273969171,"[""ring4"",""active"",50]",13.293183667899999,-239.21251761619999
214,117092707444576,"[""ring4"",""active"",51]",26.465982206,-237.31855511520001
215,89888352884877,"[""ring4"",""active"",52]",39.399100710900001,-234.18101451480001
216,148741488918137,"[""ring4"",""active"",53]",51.975414858699999,-229.8283098686
217,31140464893598,"[""ring4"",""active"",54]",64.081031600900005,-224.2998599437
218,157861437555367,"[""ring4"",""active"",55]",75.606320597700005,-217.6457312389
219,174967414936778,"[""ring4"",""active"",56]",86.446907047300002,-209.92618457410001
220,158805511150832,"[""ring4"",""active"",57]",96.504616920000004,-201.2111293593
221,31065264203047,"[""ring4"",""active"",58]",105.68836603779999,-191.57949048410001
222,107117089717890,"[""ring4"",""active"",59]",113.9149849464,-181.11849356170001
223,166642483298093,"[""ring4"",""active"",60]",121.1099721113,-169.922875
224,138840614426827,"[""ring4"",""active"",61]",127.20816861430001,-158.09402405450001
225,193394635713193,"[""ring4"",""active"",62]",132.1543482438,-145.73906463110001
226,274420313286902,"[""ring4"",""active"",63]",135.90371763089999,-132.96988515550001
227,176401512941857,"[""ring4"",""active"",64]",138.42232190589999,-119.9021252945
228,169552146916756,"[""ring4"",""active"",65]",139.6873521986,-106.6541287048
229,23520626475590,"[""ring5"",""active"",0]",152.81937572019999,-93.419276217399997
230,222353045440909,"[""ring5"",""active"",1]",151.68795452910001,-80.306550028700002
231,13627925224066,"[""ring5"",""active"",2]",149.43348879370001,-67.339627253399996
232,261600412324865,"[""ring5"",""active"",3]",146.07266978940001,-54.614510451100003
233,155123218978573,"[""ring5"",""active"",4]",141.63037984429999,-42.2254119344
234,139126295387140,"[""ring5"",""active"",5]",136.139508119,-30.264056254300002
235,17104254734932,"[""ring5"",""active"",6]",129.64070710659999,-18.8190011031
236,257202337253132,"[""ring5"",""active"",7]",122.1820916561,-7.9749816650999996
237,20256286585924,"[""ring5"",""active"",8]",113.8188827467,2.1877167339999999
238,226842049771351,"[""ring5"",""active"",9]",104.6129986511,11.5938530306
239,22306274976552,"[""ring5"",""active"",10]",94.632596514400007,20.1737874827
240,8522133503955,"[""ring5"",""active"",11]",83.951567742199998,27.863997257400001
241,109224736450407,"[""ring5"",""active"",12]",72.648990934400004,34.607546732000003
242,192014594872712,"[""ring5"",""active"",13]",60.808546415499997,40.354509025699997
243,5788196010393,"[""ring5"",""active"",14]",48.517896693899999,45.062335640199997
244,227952558828436,"[""ring5"",""active"",15]",35.868037440099997,48.6961714746
245,152308738858516,"[""ring5"",""active"",16]",22.9526237862,51.229112879500001
246,213125153228881,"[""ring5"",""active"",17]",9.8672769361999997,52.642406843099998
247,71269691663161,"[""ring5"",""active"",18]",-3.2911237798999999,52.925589831300002
248,156249175796049,"[""ring5"",""active"",19]",-16.425158167100001,52.076565256400002
249,202748898602645,"[""ring5"",""active"",20]",-29.4375864298,50.101618999199999
250,43945525603687,"[""ring5"",""active"",21]",-42.232069101999997,47.015372870900002
251,73207654735822,"[""ring5"",""active"",22]",-54.713880310199997,42.840676358000003
252,5758917734907,"[""ring5"",""active"",23]",-66.790609091199997,37.608437452899999
253,97876239973797,"[""ring5"",""active"",24]",-78.372843570599997,31.357393821799999
254,33095221570398,"[""ring5"",""active"",25]",-89.374832936399997,24.1338260048
255,277111629805253,"[""ring5"",""active"",26]",-99.715122308600002,15.991214770699999
256,52709217833209,"[""ring5"",""active"",27]",-109.3171558025,6.9898451641000001
257,245682835225288,"[""ring5"",""active"",28]",-118.1098433216,-2.8036398235000002
258,125292141479106,"[""ring5"",""active"",29]",-126.0280868837,-13.316732655999999
259,94762750622421,"[""ring5"",""active"",30]",-133.01326258380001,-24.471598071999999
260,75994957899253,"[""ring5"",""active"",31]",-139.0136546251,-36.185649350799999
261,20004688814997,"[""ring5"",""active"",32]",-143.98483820409999,-48.372159755200002
262,175860044824892,"[""ring5"",""active"",33]",-147.8900084169,-60.9409046257
263,183972625240563,"[""ring5"",""active"",34]",-150.70025274950001,-73.798829372900002
264,238480623597105,"[""ring5"",""active"",35]",-152.39476513619999,-86.850738420300004
265,123379877610518,"[""ring5"",""active"",36]",-152.96100000000001,-100
266,239283752301026,"[""ring5"",""active"",37]",-152.39476513619999,-113.1492615797
267,183370882837706,"[""ring5"",""active"",38]",-150.70025274950001,-126.2011706271
268,175759257811417,"[""ring5"",""active"",39]",-147.8900084169,-139.0590953743
269,85670323711507,"[""ring5"",""active"",40]",-143.98483820409999,-151.62784024480001
270,192077555300193,"[""ring5"",""active"",41]",-139.0136546251,-163.81435064920001
271,72709185471645,"[""ring5"",""active"",42]",-133.01326258380001,-175.52840192799999
272,72248347403569,"[""ring5"",""active"",43]",-126.0280868837,-186.683267344
273,191260267335111,"[""ring5"",""active"",44]",-118.1098433216,-197.19636017650001
274,83628581397731,"[""ring5"",""active"",45]",-109.3171558025,-206.98984516409999
275,83195177570344,"[""ring5"",""active"",46]",-99.715122308600002,-215.9912147707
276,60631607472577,"[""ring5"",""active"",47]",-89.374832936399997,-224.1338260048
277,52503766025382,"[""ring5"",""active"",48]",-78.372843570599997,-231.3573938218
278,217241937472025,"[""ring5"",""active"",49]",-66.790609091199997,-237.60843745290001
279,121174415326769,"[""ring5"",""active"",50]",-54.713880310199997,-242.840676358
280,104047867091438,"[""ring5"",""active"",51]",-42.232069101999997,-247.01537287089999
281,214778283416061,"[""ring5"",""active"",52]",-29.4375864298,-250.10161899920001
282,234678724139405,"[""ring5"",""active"",53]",-16.425158167100001,-252.07656525639999
283,173585238361232,"[""ring5"",""active"",54]",-3.2911237798999999,-252.92558983129999
284,270449284997860,"[""ring5"",""active"",55]",9.8672769361999997,-252.64240684309999
285,256100742887971,"[""ring5"",""active"",56]",22.9526237862,-251.22911287950001
286,81250924882693,"[""ring5"",""active"",57]",35.868037440099997,-248.69617147459999
287,155366379369128,"[""ring5"",""active"",58]",48.517896693899999,-245.06233564019999
288,250091917024527,"[""ring5"",""active"",59]",60.808546415499997,-240.3545090257
289,161047720681361,"[""ring5"",""active"",60]",72.648990934400004,-234.607546732
290,271279813364339,"[""ring5"",""active"",61]",83.951567742199998,-227.8639972574
291,55992506942994,"[""ring5"",""active"",62]",94.632596514400007,-220.17378748269999
292,98626777492812,"[""ring5"",""active"",63]",104.6129986511,-211.5938530306
293,280366544408847,"[""ring5"",""active"",64]",113.8188827467,-202.18771673399999
294,247862487429520,"[""ring5"",""active"",65]",122.1820916561,-192.02501833490001
295,113428781052480,"[""ring5"",""active"",66]",129.64070710659999,-181.18099889690001
296,186944288805866,"[""ring5"",""active"",67]",136.139508119,-169.73594374570001
297,62639937718710,"[""ring5"",""active"",68]",141.63037984429999,-157.7745880656
298,181048829255108,"[""ring5"",""active"",69]",146.07266978940001,-145.38548954890001
299,238349268831454,"[""ring5"",""active"",70]",149.43348879370001,-132.66037274659999
300,204699139529072,"[""ring5"",""active"",71]",151.68795452910001,-119.6934499713
301,115322783196771,"[""ring5"",""active"",72]",152.81937572019999,-106.5807237826
302,15633397888638,"[""ring6"",""active"",0]",165.9449496563,-93.397387059600007
303,3618394902825,"[""ring6"",""active"",1]",164.89579225509999,-80.233905023800006
304,66424263510672,"[""ring6"",""active"",2]",162.80411056380001,-67.195390604400004
305,257966886653104,"[""ring6"",""active"",3]",159.68312886730001,-54.364277487800003
306,153079224300172,"[""ring6"",""active"",4]",155.55257901690001,-41.821688102300001
307,172708008851399,"[""ring6"",""active"",5]",150.4385756785,-29.6469207363
308,201027126862124,"[""ring6"",""active"",6]",144.37345122790001,-17.916948188999999
309,97077543497017,"[""ring6"",""active"",7]",137.39555133459999,-6.7059311236000001
310,173356775268481,"[""ring6"",""active"",8]",129.54899252850001,3.9152508004
311,203453305678702,"[""ring6"",""active"",9]",120.8833832806,13.8794470512
312,30604529686480,"[""ring6"",""active"",10]",111.4535103628,23.123660771899999
313,74175571152741,"[""ring6"",""active"",11]",101.3189924676,31.589447066999998
314,7294419471254,"[""ring6"",""active"",12]",90.543903280400002,39.223282509800001
315,72501091431243,"[""ring6"",""active"",13]",79.196366384100003,45.976903534800002
316,125008252351536,"[""ring6"",""active"",14]",67.348124560700001,51.807611575400003
317,82741542558678,"[""ring6"",""active"",15]",55.074086209599997,56.678543017999999
318,136347579096247,"[""ring6"",""active"",16]",42.451851753299998,60.558902265699999
319,204917347607831,"[""ring6"",""active"",17]",29.561223022,63.424156438099999
320,90721195782871,"[""ring6"",""active"",18]",16.483698720900001,65.256190475699995
321,19437795711162,"[""ring6"",""active"",19]",3.3019591691999999,66.043421669500006
322,8742095329409,"[""ring6"",""active"",20]",-9.9006564314999999,65.780872890400005
323,171071219876311,"[""ring6"",""active"",21]",-23.040676894499999,64.470204056300005
324,193133937668178,"[""ring6"",""active"",22]",-36.035026779799999,62.1197016375
325,46566491873461,"[""ring6"",""active"",23]",-48.801551623500004,58.7442262673
326,31492300519486,"[""ring6"",""active"",24]",-61.259537345200002,54.365118787599997
327,24546376086534,"[""ring6"",""active"",25]",-73.330220548100002,49.010065325900001
328,133965456100379,"[""ring6"",""active"",26]",-84.937286486399998,42.712922254399999
329,278872408392949,"[""ring6"",""active"",27]",-96.007351552299994,35.513502139000003
330,190393026479347,"[""ring6"",""active"",28]",-106.4704272302,27.457322031699999
331,170312264844696,"[""ring6"",""active"",29]",-116.2603625867,18.595315697
332,192903510103468,"[""ring6"",""active"",30]",-125.31526249860001,8.9835115922999993
333,204096031368815,"[""ring6"",""active"",31]",-133.577878973,-1.3173213622
334,68236790755907,"[""ring6"",""active"",32]",-140.99597308849999,-12.242057984000001
335,175706828718013,"[""ring6"",""active"",33]",-147.5226452656,-23.721628570699998
336,152553411453083,"[""ring6"",""active"",34]",-153.11663178129999,-35.683455580900002
337,136600615361312,"[""ring6"",""active"",35]",-157.74256565190001,-48.051912493000003
338,62373048652962,"[""ring6"",""active"",36]",-161.3712002339,-60.748801940100002
339,181856645093371,"[""ring6"",""active"",37]",-163.97959413129999,-73.693850099000002
340,130293704323625,"[""ring6"",""active"",38]",-165.55125623789999,-86.805214207500001
341,61753894552097,"[""ring6"",""active"",39]",-166.07624999999999,-100
342,89052692619480,"[""ring6"",""active"",40]",-165.55125623789999,-113.1947857925
343,110421658250941,"[""ring6"",""active"",41]",-163.97959413129999,-126.306149901
344,237887334612196,"[""ring6"",""active"",42]",-161.3712002339,-139.25119805989999
345,6774256656513,"[""ring6"",""active"",43]",-157.74256565190001,-151.948087507
346,1461599247815,"[""ring6"",""active"",44]",-153.11663178129999,-164.31654441910001
347,113080086478275,"[""ring6"",""active"",45]",-147.5226452656,-176.27837142929999
348,275076801571628,"[""ring6"",""active"",46]",-140.99597308849999,-187.75794201599999
349,219525186125527,"[""ring6"",""active"",47]",-133.577878973,-198.6826786378
350,256415157047643,"[""ring6"",""active"",48]",-125.31526249860001,-208.9835115923
351,105765501990854,"[""ring6"",""active"",49]",-116.2603625867,-218.59531569699999
352,233392164539072,"[""ring6"",""active"",50]",-106.4704272302,-227.45732203169999
353,121780138828961,"[""ring6"",""active"",51]",-96.007351552299994,-235.513502139
354,123535355556610,"[""ring6"",""active"",52]",-84.937286486399998,-242.71292225440001
355,41644475214493,"[""ring6"",""active"",53]",-73.330220548100002,-249.0100653259
356,232600081420609,"[""ring6"",""active"",54]",-61.259537345200002,-254.36511878760001
357,184013294735046,"[""ring6"",""active"",55]",-48.801551623500004,-258.74422626730001
358,246913989650040,"[""ring6"",""active"",56]",-36.035026779799999,-262.11970163749999
359,142277293781531,"[""ring6"",""active"",57]",-23.040676894499999,-264.47020405630002
360,15539963977653,"[""ring6"",""active"",58]",-9.9006564314999999,-265.78087289040002
361,50027054714596,"[""ring6"",""active"",59]",3.3019591691999999,-266.04342166949999
362,8968266447559,"[""ring6"",""active"",60]",16.483698720900001,-265.25619047570001
363,249035387025584,"[""ring6"",""active"",61]",29.561223022,-263.4241564381
364,76221010187168,"[""ring6"",""active"",62]",42.451851753299998,-260.5589022657
365,148413189653386,"[""ring6"",""active"",63]",55.074086209599997,-256.67854301800003
366,176562161909927,"[""ring6"",""active"",64]",67.348124560700001,-251.80761157539999
367,46369425058666,"[""ring6"",""active"",65]",79.196366384100003,-245.97690353479999
368,85685822949842,"[""ring6"",""active"",66]",90.543903280400002,-239.22328250979999
369,148816550349384,"[""ring6"",""active"",67]",101.3189924676,-231.58944706700001
370,51096767258723,"[""ring6"",""active"",68]",111.4535103628,-223.12366077190001
371,174982740500412,"[""ring6"",""active"",69]",120.8833832806,-213.8794470512
372,156109459724971,"[""ring6"",""active"",70]",129.54899252850001,-203.9152508004
373,279829217726053,"[""ring6"",""active"",71]",137.39555133459999,-193.29406887639999
374,159198802282531,"[""ring6"",""active"",72]",144.37345122790001,-182.08305181099999
375,170710736352246,"[""ring6"",""active"",73]",150.4385756785,-170.35307926370001
376,109619617615190,"[""ring6"",""active"",74]",155.55257901690001,-158.17831189770001
377,96667164186716,"[""ring6"",""active"",75]",159.68312886730001,-145.6357225122
378,259606036457484,"[""ring6"",""active"",76]",162.80411056380001,-132.80460939560001
379,196804299156461,"[""ring6"",""active"",77]",164.89579225509999,-119.76609497619999
380,243713746614021,"[""ring6"",""active"",78]",165.9449496563,-106.60261294039999
381,98704091431607,"[""ring7"",""active"",0]",179.06912298259999,-93.378605397200005
382,139223695998237,"[""ring7"",""active"",1]",178.09110952899999,-80.171979952800001
383,3815330794391,"[""ring7"",""active"",2]",176.14042419200001,-67.073648278199997
384,168939197208594,"[""ring7"",""active"",3]",173.22772093859999,-54.1551489187
385,257718557202517,"[""ring7"",""active"",4]",169.36890794390001,-41.487038238099998
386,197611875643245,"[""ring7"",""active"",5]",164.5850607063,-29.138505064099999
387,277769438802380,"[""ring7"",""active"",6]",158.90230694050001,-17.176992802600001
388,10407145213078,"[""ring7"",""active"",7]",152.35168387709999,-5.6678310857999996
389,79668007178407,"[""ring7"",""active"",8]",144.96896874750001,5.3261210362
390,216898390126945,"[""ring7"",""active"",9]",136.79448338180001,15.744818409100001
391,195311553297786,"[""ring7"",""active"",10]",127.8728739843,25.531357720900001
392,6707637656343,"[""ring7"",""active"",11]",118.2528672917,34.632288287500003
393,113547112726121,"[""ring7"",""active"",12]",107.98700444479999,42.9979039822
394,111992766214480,"[""ring7"",""active"",13]",97.131354026300002,50.5825147129
395,154388842427142,"[""ring7"",""active"",14]",85.7452058346,57.344695966000003
396,188844447436172,"[""ring7"",""active"",15]",73.890747062599999,63.247515052399997
397,240676286273810,"[""ring7"",""active"",16]",61.632722653400002,68.258732821199999
398,193077115442914,"[""ring7"",""active"",17]",49.038081685500003,72.350979738600003
399,165270732462952,"[""ring7"",""active"",18]",36.175611720500001,75.501905371099994
400,112275944231314,"[""ring7"",""active"",19]",23.115563108900002,77.694300455600001
401,245752944709934,"[""ring7"",""active"",20]",9.9292653073999997,78.916190890300001
402,202662447900705,"[""ring7"",""active"",21]",-3.3112626980000002,79.1609031335
403,154415203091408,"[""ring7"",""active"",22]",-16.533705734800002,78.4271006516
404,249000034967445,"[""ring7"",""active"",23]",-29.665847404200001,76.718791219400003
405,105432625421735,"[""ring7"",""active"",24]",-42.635964502500002,74.045305030600005
406,64235322929390,"[""ring7"",""active"",25]",-55.373218747499998,70.421243739700003
407,80583806395388,"[""ring7"",""active"",26]",-67.808043673699999,65.866400712699999
408,221514684970239,"[""ring7"",""active"",27]",-79.872524579100002,60.405652922900003
409,204545893520169,"[""ring7"",""active"",28]",-91.500769452900002,54.068825080800003
410,97550895784992,"[""ring7"",""active"",29]",-102.6292688537,46.890526742900001
411,179768472648573,"[""ring7"",""active"",30]",-113.197242777,38.909963285300002
412,4663288236199,"[""ring7"",""active"",31]",-123.1469726139,30.170721778299999
413,278056749230886,"[""ring7"",""active"",32]",-132.42411639010001,20.720532928499999
414,49078469715113,"[""ring7"",""active"",33]",-140.97800556359999,10.611010390300001
415,209456995452956,"[""ring7"",""active"",34]",-148.76192175790001,-0.10263113
416,281391758338618,"[""ring7"",""active"",35]",-155.73335192190001,-11.3618774374
417,39867733414405,"[""ring7"",""active"",36]",-161.85422052160001,-23.105234433100001
418,221665518473018,"[""ring7"",""active"",37]",-167.0910974953,-35.268563973399999
419,235395455773571,"[""ring7"",""active"",38]",-171.4153808369,-47.7854341703
420,248140748251892,"[""ring7"",""active"",39]",-174.80345281039999,-60.587482219199998
421,130737922101960,"[""ring7"",""active"",40]",-177.2368089414,-73.604787772999998
422,142947773551174,"[""ring7"",""active"",41]",-178.70215908279999,-86.766254822999997
423,246134825458202,"[""ring7"",""active"",42]",-179.19149999999999,-100
424,112355342081427,"[""ring7"",""active"",43]",-178.70215908279999,-113.233745177
425,168562849537525,"[""ring7"",""active"",44]",-177.2368089414,-126.395212227
426,240623476709370,"[""ring7"",""active"",45]",-174.80345281039999,-139.41251778079999
427,179552823553090,"[""ring7"",""active"",46]",-171.4153808369,-152.21456582970001
428,20451532741646,"[""ring7"",""active"",47]",-167.0910974953,-164.73143602659999
429,44138025319731,"[""ring7"",""active"",48]",-161.85422052160001,-176.89476556689999
430,87526950589628,"[""ring7"",""active"",49]",-155.73335192190001,-188.63812256259999
431,271874786952402,"[""ring7"",""active"",50]",-148.76192175790001,-199.89736887000001
432,99017401013374,"[""ring7"",""active"",51]",-140.97800556359999,-210.61101039019999
433,107612685271568,"[""ring7"",""active"",52]",-132.42411639010001,-220.72053292850001
434,210097438333945,"[""ring7"",""active"",53]",-123.1469726139,-230.17072177829999
435,201864549490165,"[""ring7"",""active"",54]",-113.197242777,-238.90996328529999
436,120445623188901,"[""ring7"",""active"",55]",-102.6292688537,-246.89052674289999
437,195350791113158,"[""ring7"",""active"",56]",-91.500769452900002,-254.0688250808
438,101971248769460,"[""ring7"",""active"",57]",-79.872524579100002,-260.4056529229
439,158861748357609,"[""ring7"",""active"",58]",-67.808043673699999,-265.8664007127
440,4014003715286,"[""ring7"",""active"",59]",-55.373218747499998,-270.4212437397
441,14706700728349,"[""ring7"",""active"",60]",-42.635964502500002,-274.04530503059999
442,74070345870799,"[""ring7"",""active"",61]",-29.665847404200001,-276.71879121939998
443,162208365690802,"[""ring7"",""active"",62]",-16.533705734800002,-278.42710065160003
444,240940228290301,"[""ring7"",""active"",63]",-3.3112626980000002,-279.16090313350003
445,35689871892062,"[""ring7"",""active"",64]",9.9292653073999997,-278.91619089030002
446,102525601656100,"[""ring7"",""active"",65]",23.115563108900002,-277.6943004556
447,228865871761749,"[""ring7"",""active"",66]",36.175611720500001,-275.50190537110001
448,269494860956806,"[""ring7"",""active"",67]",49.038081685500003,-272.35097973860002
449,97910135213203,"[""ring7"",""active"",68]",61.632722653400002,-268.2587328212
450,194550140205816,"[""ring7"",""active"",69]",73.890747062599999,-263.24751505239999
451,126511770896516,"[""ring7"",""active"",70]",85.7452058346,-257.34469596600002
452,231552121987345,"[""ring7"",""active"",71]",97.131354026300002,-250.58251471290001
453,247506303056146,"[""ring7"",""active"",72]",107.98700444479999,-242.9979039822
454,102684164402542,"[""ring7"",""active"",73]",118.2528672917,-234.63228828749999
455,278706186294013,"[""ring7"",""active"",74]",127.8728739843,-225.53135772089999
456,85489333571197,"[""ring7"",""active"",75]",136.79448338180001,-215.74481840909999
457,208130067677265,"[""ring7"",""active"",76]",144.96896874750001,-205.32612103619999
458,64146519403722,"[""ring7"",""active"",77]",152.35168387709999,-194.3321689142
459,222194219887615,"[""ring7"",""active"",78]",158.90230694050001,-182.82300719739999
460,95507527291869,"[""ring7"",""active"",79]",164.5850607063,-170.8614949359
461,41593819833030,"[""ring7"",""active"",80]",169.36890794390001,-158.51296176189999
462,148418666345158,"[""ring7"",""active"",81]",173.22772093859999,-145.84485108129999
463,181422169739776,"[""ring7"",""active"",82]",176.14042419200001,-132.92635172179999
464,26420087111766,"[""ring7"",""active"",83]",178.09110952899999,-119.8280200472
465,110309838343784,"[""ring7"",""active"",84]",179.06912298259999,-106.6213946028
466,103035038586406,"[""ring8"",""active"",0]",192.1946394659,-93.434434058700006
467,47162301186622,"[""ring8"",""active"",1]",191.298539336,-80.3339138754
468,24425660975383,"[""ring8"",""active"",2]",189.5105171088,-67.325086063900002
469,153621519479959,"[""ring8"",""active"",3]",186.83890936910001,-54.468603784499997
470,140424434400610,"[""ring8"",""active"",4]",183.2961723855,-41.824409892399999
471,40460452271116,"[""ring8"",""active"",5]",178.89882403339999,-29.451457456299998
472,253726371640365,"[""ring8"",""active"",6]",173.6673667805,-17.4074348921
473,118483385141232,"[""ring8"",""active"",7]",167.62619209549999,-5.7484969926999998
474,80665172016646,"[""ring8"",""active"",8]",160.80346672350001,5.4709968913999996
475,230879612048369,"[""ring8"",""active"",9]",153.23100135979999,16.198736300499998
476,256672054013719,"[""ring8"",""active"",10]",144.9441023334,26.3847035615
477,118704804263222,"[""ring8"",""active"",11]",135.98140699289999,35.981406992899998
478,141175085968341,"[""ring8"",""active"",12]",126.3847035615,44.944102333399996
479,211148652082234,"[""ring8"",""active"",13]",116.1987363005,53.231001359799997
480,183297492580179,"[""ring8"",""active"",14]",105.47099689140001,60.803466723500001
481,56077620833608,"[""ring8"",""active"",15]",94.251503007300002,67.626192095500002
482,227864090595258,"[""ring8"",""active"",16]",82.5925651079,73.667366780500004
483,149823144396876,"[""ring8"",""active"",17]",70.548542543699995,78.898824033400004
484,212903673864193,"[""ring8"",""active"",18]",58.175590107600001,83.2961723855
485,135359725410911,"[""ring8"",""active"",19]",45.531396215500003,86.838909369099994
486,148039290650802,"[""ring8"",""active"",20]",32.674913936099998,89.510517108800002
487,153477916426313,"[""ring8"",""active"",21]",19.6660861246,91.298539336000005
488,11663329182261,"[""ring8"",""active"",22]",6.5655659413,92.194639465899996
489,55124408669199,"[""ring8"",""active"",23]",-6.5655659413,92.194639465899996
490,156367101167981,"[""ring8"",""active"",24]",-19.6660861246,91.298539336000005
491,109111027470527,"[""ring8"",""active"",25]",-32.674913936099998,89.510517108800002
492,186589492827295,"[""ring8"",""active"",26]",-45.531396215500003,86.838909369099994
493,234973109690632,"[""ring8"",""active"",27]",-58.175590107600001,83.2961723855
494,159068333180735,"[""ring8"",""active"",28]",-70.548542543699995,78.898824033400004
495,3553896438682,"[""ring8"",""active"",29]",-82.5925651079,73.667366780500004
496,125490996073539,"[""ring8"",""active"",30]",-94.251503007300002,67.626192095500002
497,197296522472290,"[""ring8"",""active"",31]",-105.47099689140001,60.803466723500001
498,15471845928098,"[""ring8"",""active"",32]",-116.1987363005,53.231001359799997
499,221332755877106,"[""ring8"",""active"",33]",-126.3847035615,44.944102333399996
500,142716136045108,"[""ring8"",""active"",34]",-135.98140699289999,35.981406992899998
501,113991812987888,"[""ring8"",""active"",35]",-144.9441023334,26.3847035615
502,137127856256707,"[""ring8"",""active"",36]",-153.23100135979999,16.198736300499998
503,275724049879911,"[""ring8"",""active"",37]",-160.80346672350001,5.4709968913999996
504,216476624374123,"[""ring8"",""active"",38]",-167.62619209549999,-5.7484969926999998
505,276855416670102,"[""ring8"",""active"",39]",-173.6673667805,-17.4074348921
506,63086328637961,"[""ring8"",""active"",40]",-178.89882403339999,-29.451457456299998
507,80180257145509,"[""ring8"",""active"",41]",-183.2961723855,-41.824409892399999
508,201068241412195,"[""ring8"",""active"",42]",-186.83890936910001,-54.468603784499997
509,89479408681291,"[""ring8"",""active"",43]",-189.5105171088,-67.325086063900002
510,26501276598608,"[""ring8"",""active"",44]",-191.298539336,-80.3339138754
511,252764545910328,"[""ring8"",""active"",45]",-192.1946394659,-93.434434058700006
512,237539323347336,"[""ring8"",""active"",46]",-192.1946394659,-106.56556594129999
513,75029977817500,"[""ring8"",""active"",47]",-191.298539336,-119.6660861246
514,224607538536195,"[""ring8"",""active"",48]",-189.5105171088,-132.67491393610001
515,210764997604661,"[""ring8"",""active"",49]",-186.83890936910001,-145.5313962155
516,46772381161956,"[""ring8"",""active"",50]",-183.2961723855,-158.17559010759999
517,62421198131876,"[""ring8"",""active"",51]",-178.89882403339999,-170.54854254369999
518,235643662284623,"[""ring8"",""active"",52]",-173.6673667805,-182.59256510789999
519,262819177905100,"[""ring8"",""active"",53]",-167.62619209549999,-194.25150300729999
520,252552166573107,"[""ring8"",""active"",54]",-160.80346672350001,-205.47099689140001
521,42675663034389,"[""ring8"",""active"",55]",-153.23100135979999,-216.1987363005
522,228157238553140,"[""ring8"",""active"",56]",-144.9441023334,-226.3847035615
523,34098461380809,"[""ring8"",""active"",57]",-135.98140699289999,-235.98140699289999
524,60965590524995,"[""ring8"",""active"",58]",-126.3847035615,-244.9441023334
525,244959290494479,"[""ring8"",""active"",59]",-116.1987363005,-253.23100135979999
526,60173186848283,"[""ring8"",""active"",60]",-105.47099689140001,-260.80346672349998
527,253936474644625,"[""ring8"",""active"",61]",-94.251503007300002,-267.62619209550002
528,116280888669318,"[""ring8"",""active"",62]",-82.5925651079,-273.6673667805
529,114106914944888,"[""ring8"",""active"",63]",-70.548542543699995,-278.89882403339999
530,40740589002729,"[""ring8"",""active"",64]",-58.175590107600001,-283.29617238549997
531,51205540404889,"[""ring8"",""active"",65]",-45.531396215500003,-286.83890936910001
532,19872357901552,"[""ring8"",""active"",66]",-32.674913936099998,-289.5105171088
533,189715827529505,"[""ring8"",""active"",67]",-19.6660861246,-291.29853933599998
534,63005344182816,"[""ring8"",""active"",68]",-6.5655659413,-292.19463946590002
535,128083550342654,"[""ring8"",""active"",69]",6.5655659413,-292.19463946590002
536,138766779980065,"[""ring8"",""active"",70]",19.6660861246,-291.29853933599998
537,187394656298656,"[""ring8"",""active"",71]",32.674913936099998,-289.5105171088
538,201676767879538,"[""ring8"",""active"",72]",45.531396215500003,-286.83890936910001
539,74078940039340,"[""ring8"",""active"",73]",58.175590107600001,-283.29617238549997
540,12482717360514,"[""ring8"",""active"",74]",70.548542543699995,-278.89882403339999
541,12895439530384,"[""ring8"",""active"",75]",82.5925651079,-273.6673667805
542,81516970422050,"[""ring8"",""active"",76]",94.251503007300002,-267.62619209550002
543,119517088957190,"[""ring8"",""active"",77]",105.47099689140001,-260.80346672349998
544,99429861058485,"[""ring8"",""active"",78]",116.1987363005,-253.23100135979999
545,232376188121005,"[""ring8"",""active"",79]",126.3847035615,-244.9441023334
546,241242393035060,"[""ring8"",""active"",80]",135.98140699289999,-235.98140699289999
547,19805932009010,"[""ring8"",""active"",81]",144.9441023334,-226.3847035615
548,233273024537107,"[""ring8"",""active"",82]",153.23100135979999,-216.1987363005
549,48147940526515,"[""ring8"",""active"",83]",160.80346672350001,-205.47099689140001
550,2159862752157,"[""ring8"",""active"",84]",167.62619209549999,-194.25150300729999
551,159032990764413,"[""ring8"",""active"",85]",173.6673667805,-182.59256510789999
552,249691745359107,"[""ring8"",""active"",86]",178.89882403339999,-170.54854254369999
553,167953906478754,"[""ring8"",""active"",87]",183.2961723855,-158.17559010759999
554,91552215359534,"[""ring8"",""active"",88]",186.83890936910001,-145.5313962155
555,106578588540520,"[""ring8"",""active"",89]",189.5105171088,-132.67491393610001
556,185343818846557,"[""ring8"",""active"",90]",191.298539336,-119.6660861246
557,35243663952562,"[""ring8"",""active"",91]",192.1946394659,-106.56556594129999
558,125797870279228,"[""ring9"",""active"",0]",205.31645750440001,-93.415900832099993
559,194797963855147,"[""ring9"",""active"",1]",204.47276814029999,-80.274757972000003
560,89571561756875,"[""ring9"",""active"",2]",202.78885631259999,-67.214670362500001
561,168223872581822,"[""ring9"",""active"",3]",200.27164157620001,-54.289304704800003
562,270332021443703,"[""ring9"",""active"",4]",196.9314677065,-41.551774099100001
563,3423682913562,"[""ring9"",""active"",5]",192.78206019429999,-29.054419790699999
564,250743824423220,"[""ring9"",""active"",6]",187.8404698452,-16.848596089099999
565,123984057099878,"[""ring9"",""active"",7]",182.12700271380001,-4.9844593421000001
566,109131239212470,"[""ring9"",""active"",8]",175.6651366621,6.4892381674999999
567,60007292473724,"[""ring9"",""active"",9]",168.4814248838,17.525348555600001
568,183922960676722,"[""ring9"",""active"",10]",160.6053867915,28.078522077399999
569,244026363009533,"[""ring9"",""active"",11]",152.06938671520001,38.105393479299998
570,134526403365745,"[""ring9"",""active"",12]",142.9085009101,47.564760195799998
571,271629929750622,"[""ring9"",""active"",13]",133.16037342089999,56.417751660100002
572,91866714086023,"[""ring9"",""active"",14]",122.8650613946,64.627989031400006
573,252673504642266,"[""ring9"",""active"",15]",112.0648704765,72.161734683099994
574,182925999859411,"[""ring9"",""active"",16]",100.80418096779999,78.988030838399993
575,74309374254258,"[""ring9"",""active"",17]",89.129265457000002,85.078826782299998
576,230210593372475,"[""ring9"",""active"",18]",77.088098676300007,90.409094127499998
577,13443920988055,"[""ring9"",""active"",19]",64.730160362800007,94.9569296624
578,208622677056872,"[""ring9"",""active"",20]",52.106231935899999,98.703645355199995
579,39592251780274,"[""ring9"",""active"",21]",39.2681878251,101.6338451474
580,12335931589554,"[""ring9"",""active"",22]",26.268782307599999,103.7354882196
581,37921723584664,"[""ring9"",""active"",23]",13.161432728899999,104.9999384696
582,46532540838939,"[""ring9"",""active"",24]",0,105.422
583,221836744379569,"[""ring9"",""active"",25]",-13.161432728899999,104.9999384696
584,163801405267883,"[""ring9"",""active"",26]",-26.268782307599999,103.7354882196
585,238982923778748,"[""ring9"",""active"",27]",-39.2681878251,101.6338451474
586,205745359222780,"[""ring9"",""active"",28]",-52.106231935899999,98.703645355199995
587,162046055810862,"[""ring9"",""active"",29]",-64.730160362800007,94.9569296624
588,16135229903257,"[""ring9"",""active"",30]",-77.088098676300007,90.409094127499998
589,219961057606929,"[""ring9"",""active"",31]",-89.129265457000002,85.078826782299998
590,38238546939468,"[""ring9"",""active"",32]",-100.80418096779999,78.988030838399993
591,275681201462891,"[""ring9"",""active"",33]",-112.0648704765,72.161734683099994
592,211355088550619,"[""ring9"",""active"",34]",-122.8650613946,64.627989031400006
593,221360357038448,"[""ring9"",""active"",35]",-133.16037342089999,56.417751660100002
594,223009927988812,"[""ring9"",""active"",36]",-142.9085009101,47.564760195799998
595,210617608994225,"[""ring9"",""active"",37]",-152.06938671520001,38.105393479299998
596,15081599663134,"[""ring9"",""active"",38]",-160.6053867915,28.078522077399999
597,46320946312222,"[""ring9"",""active"",39]",-168.4814248838,17.525348555600001
598,225269520396524,"[""ring9"",""active"",40]",-175.6651366621,6.4892381674999999
599,173457709519417,"[""ring9"",""active"",41]",-182.12700271380001,-4.9844593421000001
600,154323244090370,"[""ring9"",""active"",42]",-187.8404698452,-16.848596089099999
601,179984352001694,"[""ring9"",""active"",43]",-192.78206019429999,-29.054419790699999
602,103164462862684,"[""ring9"",""active"",44]",-196.9314677065,-41.551774099100001
603,213722942061737,"[""ring9"",""active"",45]",-200.27164157620001,-54.289304704800003
604,277505777930000,"[""ring9"",""active"",46]",-202.78885631259999,-67.214670362500001
605,270924983377453,"[""ring9"",""active"",47]",-204.47276814029999,-80.274757972000003
606,181821888419372,"[""ring9"",""active"",48]",-205.31645750440001,-93.415900832099993
607,156532336352418,"[""ring9"",""active"",49]",-205.31645750440001,-106.58409916790001
608,227955277581842,"[""ring9"",""active"",50]",-204.47276814029999,-119.725242028
609,11340136088227,"[""ring9"",""active"",51]",-202.78885631259999,-132.78532963750001
610,57652450693941,"[""ring9"",""active"",52]",-200.27164157620001,-145.7106952952
611,123785471648349,"[""ring9"",""active"",53]",-196.9314677065,-158.44822590090001
612,75091553331911,"[""ring9"",""active"",54]",-192.78206019429999,-170.9455802093
613,272340083496617,"[""ring9"",""active"",55]",-187.8404698452,-183.1514039109
614,209873485150225,"[""ring9"",""active"",56]",-182.12700271380001,-195.0155406579
615,60973697421276,"[""ring9"",""active"",57]",-175.6651366621,-206.48923816749999
616,91243862051056,"[""ring9"",""active"",58]",-168.4814248838,-217.5253485556
617,107611000919233,"[""ring9"",""active"",59]",-160.6053867915,-228.07852207740001
618,86254612139789,"[""ring9"",""active"",60]",-152.06938671520001,-238.10539347930001
619,270522535005507,"[""ring9"",""active"",61]",-142.9085009101,-247.56476019580001
620,74320493226543,"[""ring9"",""active"",62]",-133.16037342089999,-256.41775166010001
621,196184725122870,"[""ring9"",""active"",63]",-122.8650613946,-264.62798903139998
622,11587045354879,"[""ring9"",""active"",64]",-112.0648704765,-272.16173468310001
623,203586314635190,"[""ring9"",""active"",65]",-100.80418096779999,-278.98803083839999
624,227591073418422,"[""ring9"",""active"",66]",-89.129265457000002,-285.07882678229998
625,157083688824109,"[""ring9"",""active"",67]",-77.088098676300007,-290.4090941275
626,185510044971820,"[""ring9"",""active"",68]",-64.730160362800007,-294.9569296624
627,18749223168059,"[""ring9"",""active"",69]",-52.106231935899999,-298.70364535520002
628,192505269951683,"[""ring9"",""active"",70]",-39.2681878251,-301.6338451474
629,149755163902934,"[""ring9"",""active"",71]",-26.268782307599999,-303.73548821959997
630,268581028682212,"[""ring9"",""active"",72]",-13.161432728899999,-304.99993846960001
631,187245590747074,"[""ring9"",""active"",73]",-0,-305.42200000000003
632,99094017082654,"[""ring9"",""active"",74]",13.161432728899999,-304.99993846960001
633,241208998722174,"[""ring9"",""active"",75]",26.268782307599999,-303.73548821959997
634,132733550750949,"[""ring9"",""active"",76]",39.2681878251,-301.6338451474
635,147102363113430,"[""ring9"",""active"",77]",52.106231935899999,-298.70364535520002
636,248640178524843,"[""ring9"",""active"",78]",64.730160362800007,-294.9569296624
637,151007083847908,"[""ring9"",""active"",79]",77.088098676300007,-290.4090941275
638,182641311822839,"[""ring9"",""active"",80]",89.129265457000002,-285.07882678229998
639,89551781189199,"[""ring9"",""active"",81]",100.80418096779999,-278.98803083839999
640,42228713324520,"[""ring9"",""active"",82]",112.0648704765,-272.16173468310001
641,259212033993984,"[""ring9"",""active"",83]",122.8650613946,-264.62798903139998
642,81821775887024,"[""ring9"",""active"",84]",133.16037342089999,-256.41775166010001
643,223961144654042,"[""ring9"",""active"",85]",142.9085009101,-247.56476019580001
644,29854241787711,"[""ring9"",""active"",86]",152.06938671520001,-238.10539347930001
645,102537577230001,"[""ring9"",""active"",87]",160.6053867915,-228.07852207740001
646,276435026690437,"[""ring9"",""active"",88]",168.4814248838,-217.5253485556
647,156943680986413,"[""ring9"",""active"",89]",175.6651366621,-206.48923816749999
648,203154318715974,"[""ring9"",""active"",90]",182.12700271380001,-195.0155406579
649,145621433959359,"[""ring9"",""active"",91]",187.8404698452,-183.1514039109
650,5914374245098,"[""ring9"",""active"",92]",192.78206019429999,-170.9455802093
651,201446661129401,"[""ring9"",""active"",93]",196.9314677065,-158.44822590090001
652,201054203457862,"[""ring9"",""active"",94]",200.27164157620001,-145.7106952952
653,250695471417951,"[""ring9"",""active"",95]",202.78885631259999,-132.78532963750001
654,173283086101942,"[""ring9"",""active"",96]",204.47276814029999,-119.725242028
655,55538106196645,"[""ring9"",""active"",97]",205.31645750440001,-106.58409916790001
656,172474163115530,"[""ring10"",""active"",0]",218.4375499169,-93.399513362700006
657,199925557887058,"[""ring10"",""active"",1]",217.64049498610001,-80.222624548100001
658,279228618000839,"[""ring10"",""active"",2]",216.04929349150001,-67.117901231700003
659,42309364814537,"[""ring10"",""active"",3]",213.66975155470001,-54.133161127800001
660,269370549870250,"[""ring10"",""active"",4]",210.51055186619999,-41.315784144799999
661,177128027911657,"[""ring10"",""active"",5]",206.58322200320001,-28.7125395013
662,140196495955528,"[""ring10"",""active"",6]",201.9020923663,-16.369415070399999
663,77902284120045,"[""ring10"",""active"",7]",196.48424388999999,-4.3314495743999997
664,274383146580543,"[""ring10"",""active"",8]",190.34944571579999,7.3574317561000004
665,233739275243107,"[""ring10"",""active"",9]",183.52008305690001,18.654577460599999
666,173313357515596,"[""ring10"",""active"",10]",176.0210755171,29.518765479700001
667,49304209612529,"[""ring10"",""active"",11]",167.87978616160001,39.910353569400002
668,265830952138703,"[""ring10"",""active"",12]",159.12592167240001,49.791423951699997
669,183373277524924,"[""ring10"",""active"",13]",149.79142395170001,59.125921672399997
670,5637792400540,"[""ring10"",""active"",14]",139.9103535694,67.879786161599995
671,269084107532656,"[""ring10"",""active"",15]",129.51876547969999,76.021075517100002
672,277164273177310,"[""ring10"",""active"",16]",118.6545774606,83.520083056900006
673,159639930345126,"[""ring10"",""active"",17]",107.3574317561,90.349445715800002
674,25205170815886,"[""ring10"",""active"",18]",95.668550425600003,96.484243890000002
675,51186292520246,"[""ring10"",""active"",19]",83.630584929600005,101.9020923663
676,55975604336411,"[""ring10"",""active"",20]",71.2874604987,106.58322200320001
677,44345853330234,"[""ring10"",""active"",21]",58.684215855200001,110.5105518662
678,142948145984137,"[""ring10"",""active"",22]",45.866838872199999,113.6697515547
679,38917648349763,"[""ring10"",""active"",23]",32.882098768299997,116.04929349149999
680,167132142782736,"[""ring10"",""active"",24]",19.777375451899999,117.64049498609999
681,172575138973074,"[""ring10"",""active"",25]",6.6004866373000004,118.4375499169
682,206709984788430,"[""ring10"",""active"",26]",-6.6004866373000004,118.4375499169
683,23020641473524,"[""ring10"",""active"",27]",-19.777375451899999,117.64049498609999
684,34433825127062,"[""ring10"",""active"",28]",-32.882098768299997,116.04929349149999
685,110094276154620,"[""ring10"",""active"",29]",-45.866838872199999,113.6697515547
686,227745589159590,"[""ring10"",""active"",30]",-58.684215855200001,110.5105518662
687,11255515374092,"[""ring10"",""active"",31]",-71.2874604987,106.58322200320001
688,270450823204176,"[""ring10"",""active"",32]",-83.630584929600005,101.9020923663
689,239794502843318,"[""ring10"",""active"",33]",-95.668550425600003,96.484243890000002
690,123345788251926,"[""ring10"",""active"",34]",-107.3574317561,90.349445715800002
691,86620170567299,"[""ring10"",""active"",35]",-118.6545774606,83.520083056900006
692,278948417656352,"[""ring10"",""active"",36]",-129.51876547969999,76.021075517100002
693,153329039887504,"[""ring10"",""active"",37]",-139.9103535694,67.879786161599995
694,244852078210318,"[""ring10"",""active"",38]",-149.79142395170001,59.125921672399997
695,236665206409186,"[""ring10"",""active"",39]",-159.12592167240001,49.791423951699997
696,238818893321525,"[""ring10"",""active"",40]",-167.87978616160001,39.910353569400002
697,233169623684519,"[""ring10"",""active"",41]",-176.0210755171,29.518765479700001
698,266925950329579,"[""ring10"",""active"",42]",-183.52008305690001,18.654577460599999
699,223340820183600,"[""ring10"",""active"",43]",-190.34944571579999,7.3574317561000004
700,147184792139813,"[""ring10"",""active"",44]",-196.48424388999999,-4.3314495743999997
701,249082231839352,"[""ring10"",""active"",45]",-201.9020923663,-16.369415070399999
702,142449631629575,"[""ring10"",""active"",46]",-206.58322200320001,-28.7125395013
703,55790143994605,"[""ring10"",""active"",47]",-210.51055186619999,-41.315784144799999
704,58116577585164,"[""ring10"",""active"",48]",-213.66975155470001,-54.133161127800001
705,203524580081841,"[""ring10"",""active"",49]",-216.04929349150001,-67.117901231700003
706,121511660269856,"[""ring10"",""active"",50]",-217.64049498610001,-80.222624548100001
707,137924173292362,"[""ring10"",""active"",51]",-218.4375499169,-93.399513362700006
708,127642190415742,"[""ring10"",""active"",52]",-218.4375499169,-106.60048663729999
709,263568781339220,"[""ring10"",""active"",53]",-217.64049498610001,-119.7773754519
710,132280700110107,"[""ring10"",""active"",54]",-216.04929349150001,-132.88209876830001
711,155529656779273,"[""ring10"",""active"",55]",-213.66975155470001,-145.86683887219999
712,255689862235959,"[""ring10"",""active"",56]",-210.51055186619999,-158.68421585519999
713,194032139333679,"[""ring10"",""active"",57]",-206.58322200320001,-171.2874604987
714,63692208333685,"[""ring10"",""active"",58]",-201.9020923663,-183.63058492959999
715,227404135121849,"[""ring10"",""active"",59]",-196.48424388999999,-195.66855042559999
716,249406166904954,"[""ring10"",""active"",60]",-190.34944571579999,-207.3574317561
717,85426733846450,"[""ring10"",""active"",61]",-183.52008305690001,-218.6545774606
718,11883891431356,"[""ring10"",""active"",62]",-176.0210755171,-229.51876547969999
719,14450273945529,"[""ring10"",""active"",63]",-167.87978616160001,-239.9103535694
720,257643605249143,"[""ring10"",""active"",64]",-159.12592167240001,-249.79142395170001
721,95578123324507,"[""ring10"",""active"",65]",-149.79142395170001,-259.12592167240001
722,223318424710327,"[""ring10"",""active"",66]",-139.9103535694,-267.87978616160001
723,157274789700213,"[""ring10"",""active"",67]",-129.51876547969999,-276.02107551709997
724,238033804364506,"[""ring10"",""active"",68]",-118.6545774606,-283.52008305689998
725,211626795745911,"[""ring10"",""active"",69]",-107.3574317561,-290.34944571580002
726,94246836274515,"[""ring10"",""active"",70]",-95.668550425600003,-296.48424389000002
727,279877602851949,"[""ring10"",""active"",71]",-83.630584929600005,-301.9020923663
728,279986596671727,"[""ring10"",""active"",72]",-71.2874604987,-306.58322200319998
729,170392112000190,"[""ring10"",""active"",73]",-58.684215855200001,-310.51055186619999
730,177354929160852,"[""ring10"",""active"",74]",-45.866838872199999,-313.66975155469999
731,138858386300720,"[""ring10"",""active"",75]",-32.882098768299997,-316.04929349150001
732,67114489787986,"[""ring10"",""active"",76]",-19.777375451899999,-317.64049498610001
733,90377669861419,"[""ring10"",""active"",77]",-6.6004866373000004,-318.43754991690002
734,264504839112860,"[""ring10"",""active"",78]",6.6004866373000004,-318.43754991690002
735,34889752875108,"[""ring10"",""active"",79]",19.777375451899999,-317.64049498610001
736,25443323091142,"[""ring10"",""active"",80]",32.882098768299997,-316.04929349150001
737,18903049302519,"[""ring10"",""active"",81]",45.866838872199999,-313.66975155469999
738,191207807449243,"[""ring10"",""active"",82]",58.684215855200001,-310.51055186619999
739,207907828713153,"[""ring10"",""active"",83]",71.2874604987,-306.58322200319998
740,226224473190248,"[""ring10"",""active"",84]",83.630584929600005,-301.9020923663
741,60883834291409,"[""ring10"",""active"",85]",95.668550425600003,-296.48424389000002
742,233430294875271,"[""ring10"",""active"",86]",107.3574317561,-290.34944571580002
743,279322100995832,"[""ring10"",""active"",87]",118.6545774606,-283.52008305689998
744,272633075433432,"[""ring10"",""active"",88]",129.51876547969999,-276.02107551709997
745,6454662654908,"[""ring10"",""active"",89]",139.9103535694,-267.87978616160001
746,52996592054251,"[""ring10"",""active"",90]",149.79142395170001,-259.12592167240001
747,272114709703238,"[""ring10"",""active"",91]",159.12592167240001,-249.79142395170001
748,229685360108091,"[""ring10"",""active"",92]",167.87978616160001,-239.9103535694
749,130139810655057,"[""ring10"",""active"",93]",176.0210755171,-229.51876547969999
750,254315922779276,"[""ring10"",""active"",94]",183.52008305690001,-218.6545774606
751,259683155172694,"[""ring10"",""active"",95]",190.34944571579999,-207.3574317561
752,194933884746118,"[""ring10"",""active"",96]",196.48424388999999,-195.66855042559999
753,251885263781592,"[""ring10"",""active"",97]",201.9020923663,-183.63058492959999
754,254981362410777,"[""ring10"",""active"",98]",206.58322200320001,-171.2874604987
755,70650623938862,"[""ring10"",""active"",99]",210.51055186619999,-158.68421585519999
756,111597398850170,"[""ring10"",""active"",100]",213.66975155470001,-145.86683887219999
757,33206401265888,"[""ring10"",""active"",101]",216.04929349150001,-132.88209876830001
758,124499559175476,"[""ring10"",""active"",102]",217.64049498610001,-119.7773754519
759,211767509360928,"[""ring10"",""active"",103]",218.4375499169,-106.60048663729999
760,232479309947301,"[""ring11"",""active"",0]",231.55803044909999,-93.384919443499996
761,50860905246844,"[""ring11"",""active"",1]",230.8027362837,-80.176335348400002
762,143329153940912,"[""ring11"",""active"",2]",229.29461156529999,-67.032411926899997
763,3919468611562,"[""ring11"",""active"",3]",227.03857548350001,-53.996021925299999
764,230294396515493,"[""ring11"",""active"",4]",224.04198675879999,-41.109687338199997
765,149700328576904,"[""ring11"",""active"",5]",220.31461964109999,-28.415440710599999
766,664180320899,"[""ring11"",""active"",6]",215.8686320269,-15.9546880363
767,115375702687656,"[""ring11"",""active"",7]",210.71852580390001,-3.7680737006
768,215832399220657,"[""ring11"",""active"",8]",204.88109954800001,8.1046520935000004
769,22825761017195,"[""ring11"",""active"",9]",198.37539373039999,19.624762982299998
770,210615559996919,"[""ring11"",""active"",10]",191.22262861120001,30.7546827585
771,31872758005241,"[""ring11"",""active"",11]",183.44613502350001,41.458107937199998
772,221025727242852,"[""ring11"",""active"",12]",175.07127827310001,51.700126170300003
773,225771381567190,"[""ring11"",""active"",13]",166.12537540189999,61.447330122899999
774,9006412514781,"[""ring11"",""active"",14]",156.63760608570001,70.667926441899994
775,148011200851181,"[""ring11"",""active"",15]",146.638917456,79.331839458600001
776,135996081291481,"[""ring11"",""active"",16]",136.1619231567,87.410809289400007
777,271030481597108,"[""ring11"",""active"",17]",125.2407969656,94.878484014199998
778,81300645859808,"[""ring11"",""active"",18]",113.91116132649999,101.71050563
779,104310201120189,"[""ring11"",""active"",19]",102.2099711557,107.8845895024
780,203883247483410,"[""ring11"",""active"",20]",90.175393303700005,113.38059705320001
781,14709532842178,"[""ring11"",""active"",21]",77.846682061799996,118.180601448
782,52305640921682,"[""ring11"",""active"",22]",65.2640511237,122.2689460702
783,56159762189962,"[""ring11"",""active"",23]",52.4685424161,125.6322955895
784,32249758069300,"[""ring11"",""active"",24]",39.501892228800003,128.25967945869999
785,244462011710435,"[""ring11"",""active"",25]",26.406395079700001,130.14252769780001
786,75668972759819,"[""ring11"",""active"",26]",13.2247657584,131.2746988472
787,100936505335710,"[""ring11"",""active"",27]",0,131.6525
788,66324793799683,"[""ring11"",""active"",28]",-13.2247657584,131.2746988472
789,191337993838044,"[""ring11"",""active"",29]",-26.406395079700001,130.14252769780001
790,1073285995238,"[""ring11"",""active"",30]",-39.501892228800003,128.25967945869999
791,240691178521803,"[""ring11"",""active"",31]",-52.4685424161,125.6322955895
792,192207009879479,"[""ring11"",""active"",32]",-65.2640511237,122.2689460702
793,103074661770529,"[""ring11"",""active"",33]",-77.846682061799996,118.180601448
794,14045776964446,"[""ring11"",""active"",34]",-90.175393303700005,113.38059705320001
795,70529921752921,"[""ring11"",""active"",35]",-102.2099711557,107.8845895024
796,9662780048332,"[""ring11"",""active"",36]",-113.91116132649999,101.71050563
797,103980759562146,"[""ring11"",""active"",37]",-125.2407969656,94.878484014199998
798,280440000870112,"[""ring11"",""active"",38]",-136.1619231567,87.410809289400007
799,132900369217242,"[""ring11"",""active"",39]",-146.638917456,79.331839458600001
800,87791505369010,"[""ring11"",""active"",40]",-156.63760608570001,70.667926441899994
801,128219859946054,"[""ring11"",""active"",41]",-166.12537540189999,61.447330122899999
802,138724918645793,"[""ring11"",""active"",42]",-175.07127827310001,51.700126170300003
803,190207085053315,"[""ring11"",""active"",43]",-183.44613502350001,41.458107937199998
804,14715469083712,"[""ring11"",""active"",44]",-191.22262861120001,30.7546827585
805,209780806195365,"[""ring11"",""active"",45]",-198.37539373039999,19.624762982299998
806,85778706310978,"[""ring11"",""active"",46]",-204.88109954800001,8.1046520935000004
807,94854430522564,"[""ring11"",""active"",47]",-210.71852580390001,-3.7680737006
808,8568384943035,"[""ring11"",""active"",48]",-215.8686320269,-15.9546880363
809,167724292612319,"[""ring11"",""active"",49]",-220.31461964109999,-28.415440710599999
810,183752988734648,"[""ring11"",""active"",50]",-224.04198675879999,-41.109687338199997
811,219427054293820,"[""ring11"",""active"",51]",-227.03857548350001,-53.996021925299999
812,229158023095686,"[""ring11"",""active"",52]",-229.29461156529999,-67.032411926899997
813,273403135210151,"[""ring11"",""active"",53]",-230.8027362837,-80.176335348400002
814,250221646710141,"[""ring11"",""active"",54]",-231.55803044909999,-93.384919443499996
815,79821941779339,"[""ring11"",""active"",55]",-231.55803044909999,-106.6150805565
816,184232025959448,"[""ring11"",""active"",56]",-230.8027362837,-119.8236646516
817,14493196065562,"[""ring11"",""active"",57]",-229.29461156529999,-132.96758807309999
818,281234359718790,"[""ring11"",""active"",58]",-227.03857548350001,-146.0039780747
819,154672153942259,"[""ring11"",""active"",59]",-224.04198675879999,-158.89031266180001
820,192757230556453,"[""ring11"",""active"",60]",-220.31461964109999,-171.5845592894
821,212199831827710,"[""ring11"",""active"",61]",-215.8686320269,-184.04531196369999
822,60603431078269,"[""ring11"",""active"",62]",-210.71852580390001,-196.23192629939999
823,126538151549551,"[""ring11"",""active"",63]",-204.88109954800001,-208.10465209349999
824,146495590976733,"[""ring11"",""active"",64]",-198.37539373039999,-219.62476298230001
825,50984545312830,"[""ring11"",""active"",65]",-191.22262861120001,-230.7546827585
826,114948843564819,"[""ring11"",""active"",66]",-183.44613502350001,-241.4581079372
827,97039671693358,"[""ring11"",""active"",67]",-175.07127827310001,-251.7001261703
828,205412286443043,"[""ring11"",""active"",68]",-166.12537540189999,-261.44733012289998
829,177994386183626,"[""ring11"",""active"",69]",-156.63760608570001,-270.66792644190002
830,116775653627168,"[""ring11"",""active"",70]",-146.638917456,-279.33183945859997
831,242577475189343,"[""ring11"",""active"",71]",-136.1619231567,-287.41080928939999
832,141227925571676,"[""ring11"",""active"",72]",-125.2407969656,-294.87848401420001
833,224474531022220,"[""ring11"",""active"",73]",-113.91116132649999,-301.71050563
834,221649901822275,"[""ring11"",""active"",74]",-102.2099711557,-307.88458950239999
835,21635422337719,"[""ring11"",""active"",75]",-90.175393303700005,-313.38059705320001
836,265241412869527,"[""ring11"",""active"",76]",-77.846682061799996,-318.180601448
837,202357802237107,"[""ring11"",""active"",77]",-65.2640511237,-322.2689460702
838,174430358125708,"[""ring11"",""active"",78]",-52.4685424161,-325.63229558950002
839,85469451193117,"[""ring11"",""active"",79]",-39.501892228800003,-328.25967945870002
840,160923453275381,"[""ring11"",""active"",80]",-26.406395079700001,-330.14252769780001
841,203036847881288,"[""ring11"",""active"",81]",-13.2247657584,-331.2746988472
842,61049107394931,"[""ring11"",""active"",82]",-0,-331.65249999999997
843,175072175491814,"[""ring11"",""active"",83]",13.2247657584,-331.2746988472
844,189770622283281,"[""ring11"",""active"",84]",26.406395079700001,-330.14252769780001
845,250801272459662,"[""ring11"",""active"",85]",39.501892228800003,-328.25967945870002
846,189062369803687,"[""ring11"",""active"",86]",52.4685424161,-325.63229558950002
847,109864598712152,"[""ring11"",""active"",87]",65.2640511237,-322.2689460702
848,260021851945382,"[""ring11"",""active"",88]",77.846682061799996,-318.180601448
849,254776523053778,"[""ring11"",""active"",89]",90.175393303700005,-313.38059705320001
850,3827488127292,"[""ring11"",""active"",90]",102.2099711557,-307.88458950239999
851,50039479609044,"[""ring11"",""active"",91]",113.91116132649999,-301.71050563
852,206304457823327,"[""ring11"",""active"",92]",125.2407969656,-294.87848401420001
853,241522368853595,"[""ring11"",""active"",93]",136.1619231567,-287.41080928939999
854,272460952974965,"[""ring11"",""active"",94]",146.638917456,-279.33183945859997
855,71188371819745,"[""ring11"",""active"",95]",156.63760608570001,-270.66792644190002
856,178633431209095,"[""ring11"",""active"",96]",166.12537540189999,-261.44733012289998
857,37158976091471,"[""ring11"",""active"",97]",175.07127827310001,-251.7001261703
858,15717292378236,"[""ring11"",""active"",98]",183.44613502350001,-241.4581079372
859,275154700834855,"[""ring11"",""active"",99]",191.22262861120001,-230.7546827585
860,191439786176492,"[""ring11"",""active"",100]",198.37539373039999,-219.62476298230001
861,58724142858365,"[""ring11"",""active"",101]",204.88109954800001,-208.10465209349999
862,99354851501123,"[""ring11"",""active"",102]",210.71852580390001,-196.23192629939999
863,208909764743883,"[""ring11"",""active"",103]",215.8686320269,-184.04531196369999
864,181970186264977,"[""ring11"",""active"",104]",220.31461964109999,-171.5845592894
865,131657036157416,"[""ring11"",""active"",105]",224.04198675879999,-158.89031266180001
866,131889163410686,"[""ring11"",""active"",106]",227.03857548350001,-146.0039780747
867,174703455648911,"[""ring11"",""active"",107]",229.29461156529999,-132.96758807309999
868,122741607093549,"[""ring11"",""active"",108]",230.8027362837,-119.8236646516
869,187924930219905,"[""ring11"",""active"",109]",231.55803044909999,-106.6150805565
870,269190325658942,"[""ring12"",""active"",0]",244.6795179991,-93.428477207900002
871,221256282841499,"[""ring12"",""active"",1]",243.9740436081,-80.304379025000003
872,15095316137380,"[""ring12"",""active"",2]",242.56512889140001,-67.237068416
873,21284940582560,"[""ring12"",""active"",3]",240.45683611480001,-54.2642218202
874,104244924606252,"[""ring12"",""active"",4]",237.6552440323,-41.4232433126
875,43693989809466,"[""ring12"",""active"",5]",234.16843035900001,-28.751156758400001
876,241596496230020,"[""ring12"",""active"",6]",230.00644848140001,-16.2844990635
877,181193497203570,"[""ring12"",""active"",7]",225.18129847060001,-4.0592148294000001
878,67595663728408,"[""ring12"",""active"",8]",219.70689248330001,7.8894472847000001
879,144704543391314,"[""ring12"",""active"",9]",213.59901464910001,19.527036192699999
880,25630916321626,"[""ring12"",""active"",10]",206.87527556090001,30.819997713199999
881,198287664105918,"[""ring12"",""active"",11]",199.555061499,41.735771314700003
882,98297547837049,"[""ring12"",""active"",12]",191.65947853579999,52.242883996099998
883,167442685379849,"[""ring12"",""active"",13]",183.21129168069999,62.311041031599999
884,43722190179802,"[""ring12"",""active"",14]",174.2348592434,71.911213318099996
885,149792332955911,"[""ring12"",""active"",15]",164.75606260250001,81.015721073600005
886,271968116210543,"[""ring12"",""active"",16]",154.8022315824,89.598313645399998
887,18830141797848,"[""ring12"",""active"",17]",144.40206565470001,97.634245197300004
888,155746111806125,"[""ring12"",""active"",18]",133.58555119019999,105.10034605840001
889,260616336067978,"[""ring12"",""active"",19]",122.383875,111.9750895272
890,91602902997760,"[""ring12"",""active"",20]",110.8293344165,118.23865393840001
891,224297049614986,"[""ring12"",""active"",21]",98.955244171299995,123.8729798146
892,196350846926909,"[""ring12"",""active"",22]",86.795840340400005,128.86182193560001
893,49739719040863,"[""ring12"",""active"",23]",74.386181632800003,133.190796178
894,216886670514881,"[""ring12"",""active"",24]",61.762048307199997,136.84742098859999
895,88316470805252,"[""ring12"",""active"",25]",48.959839007799999,139.82115337139999
896,198631377282869,"[""ring12"",""active"",26]",36.016465818199997,142.10341928610001
897,134918750124482,"[""ring12"",""active"",27]",22.969247834000001,143.6876383693
898,136285100735002,"[""ring12"",""active"",28]",9.8558035622000002,144.56924290719999
899,188667730959992,"[""ring12"",""active"",29]",-3.2860575426,144.74569100580001
900,106995176848617,"[""ring12"",""active"",30]",-16.4184440929,144.21647391939999
901,231353215825364,"[""ring12"",""active"",31]",-29.503492018599999,142.983117518
902,58669025125971,"[""ring12"",""active"",32]",-42.503473739100002,141.04917788739999
903,275876603261418,"[""ring12"",""active"",33]",-55.380906942000003,138.42023107599999
904,121581170320119,"[""ring12"",""active"",34]",-68.0986626535,135.1038570183
905,195777189040132,"[""ring12"",""active"",35]",-80.620072291900001,131.109617679
906,141670809921506,"[""ring12"",""active"",36]",-92.909033391500003,126.4490294842
907,159062754341843,"[""ring12"",""active"",37]",-104.9301136964,121.1355301161
908,60045675090491,"[""ring12"",""active"",38]",-116.64865331999999,115.18443976899999
909,45078197210876,"[""ring12"",""active"",39]",-128.03086467910001,108.6129169769
910,95413172796324,"[""ring12"",""active"",40]",-139.04392991169999,101.4399091411
911,240700718671888,"[""ring12"",""active"",41]",-149.6560954999,93.686097900199997
912,191455264063925,"[""ring12"",""active"",42]",-159.83676382300001,85.373839499200002
913,10916194490280,"[""ring12"",""active"",43]",-169.5565813787,76.527100330799996
914,219377941947507,"[""ring12"",""active"",44]",-178.78752341699999,67.171387834399994
915,77593315184034,"[""ring12"",""active"",45]",-187.5029747422,57.333676950899999
916,58681086670728,"[""ring12"",""active"",46]",-195.67780645209999,47.042332347399999
917,249342145052635,"[""ring12"",""active"",47]",-203.28844839039999,36.327026634799999
918,145178005254912,"[""ring12"",""active"",48]",-210.31295710649999,25.218654813099999
919,44980537554465,"[""ring12"",""active"",49]",-216.73107912309999,13.749245194
920,46456468654295,"[""ring12"",""active"",50]",-222.52430933299999,1.9518670546000001
921,249442802094454,"[""ring12"",""active"",51]",-227.67594435390001,-10.13946471
922,249608969179111,"[""ring12"",""active"",52]",-232.17113068840001,-22.489887660200001
923,20616595894406,"[""ring12"",""active"",53]",-235.99690755060001,-35.063792329400002
924,264769390966077,"[""ring12"",""active"",54]",-239.14224423530001,-47.824924895499997
925,31999187835031,"[""ring12"",""active"",55]",-241.59807192279999,-60.736491709799999
926,227396253847991,"[""ring12"",""active"",56]",-243.35730982600001,-73.761265382700003
927,165501752665255,"[""ring12"",""active"",57]",-244.41488560670001,-86.861692120000001
928,95266915561523,"[""ring12"",""active"",58]",-244.76775000000001,-100
929,166404974261654,"[""ring12"",""active"",59]",-244.41488560670001,-113.13830788
930,10201852040239,"[""ring12"",""active"",60]",-243.35730982600001,-126.2387346173
931,205465049660772,"[""ring12"",""active"",61]",-241.59807192279999,-139.26350829020001
932,10344509672464,"[""ring12"",""active"",62]",-239.14224423530001,-152.1750751045
933,230525511777620,"[""ring12"",""active"",63]",-235.99690755060001,-164.9362076706
934,150971642869940,"[""ring12"",""active"",64]",-232.17113068840001,-177.5101123398
935,27433145668803,"[""ring12"",""active"",65]",-227.67594435390001,-189.86053529
936,98516881441238,"[""ring12"",""active"",66]",-222.52430933299999,-201.9518670546
937,114603262057233,"[""ring12"",""active"",67]",-216.73107912309999,-213.749245194
938,140207872446827,"[""ring12"",""active"",68]",-210.31295710649999,-225.21865481309999
939,149562009251788,"[""ring12"",""active"",69]",-203.28844839039999,-236.32702663480001
940,236784146795693,"[""ring12"",""active"",70]",-195.67780645209999,-247.04233234739999
941,234297305485642,"[""ring12"",""active"",71]",-187.5029747422,-257.33367695089999
942,209156984760191,"[""ring12"",""active"",72]",-178.78752341699999,-267.17138783439998
943,174946711384915,"[""ring12"",""active"",73]",-169.5565813787,-276.52710033080001
944,118430693722699,"[""ring12"",""active"",74]",-159.83676382300001,-285.37383949920002
945,128304446077643,"[""ring12"",""active"",75]",-149.6560954999,-293.68609790020002
946,210022615229227,"[""ring12"",""active"",76]",-139.04392991169999,-301.43990914109997
947,154665226185820,"[""ring12"",""active"",77]",-128.03086467910001,-308.61291697690001
948,233373844302372,"[""ring12"",""active"",78]",-116.64865331999999,-315.18443976899999
949,99582618091822,"[""ring12"",""active"",79]",-104.9301136964,-321.13553011610003
950,243934654619073,"[""ring12"",""active"",80]",-92.909033391500003,-326.44902948420003
951,47614242750233,"[""ring12"",""active"",81]",-80.620072291900001,-331.109617679
952,9279963809241,"[""ring12"",""active"",82]",-68.0986626535,-335.1038570183
953,165811290820437,"[""ring12"",""active"",83]",-55.380906942000003,-338.42023107599999
954,265187751631559,"[""ring12"",""active"",84]",-42.503473739100002,-341.04917788739999
955,40422474913371,"[""ring12"",""active"",85]",-29.503492018599999,-342.98311751799997
956,239487686309002,"[""ring12"",""active"",86]",-16.4184440929,-344.21647391940002
957,122666795304571,"[""ring12"",""active"",87]",-3.2860575426,-344.74569100579998
958,75864942510999,"[""ring12"",""active"",88]",9.8558035622000002,-344.56924290720002
959,263579081709917,"[""ring12"",""active"",89]",22.969247834000001,-343.68763836929998
960,161024714351662,"[""ring12"",""active"",90]",36.016465818199997,-342.10341928610001
961,280030850197261,"[""ring12"",""active"",91]",48.959839007799999,-339.82115337139999
962,218253714635309,"[""ring12"",""active"",92]",61.762048307199997,-336.84742098859999
963,217830259050576,"[""ring12"",""active"",93]",74.386181632800003,-333.19079617800003
964,7694552399685,"[""ring12"",""active"",94]",86.795840340400005,-328.86182193560001
965,228174665817603,"[""ring12"",""active"",95]",98.955244171299995,-323.8729798146
966,277705832341425,"[""ring12"",""active"",96]",110.8293344165,-318.23865393839998
967,97831994198355,"[""ring12"",""active"",97]",122.383875,-311.9750895272
968,244131129918854,"[""ring12"",""active"",98]",133.58555119019999,-305.10034605840002
969,194892250364782,"[""ring12"",""active"",99]",144.40206565470001,-297.6342451973
970,109180435459956,"[""ring12"",""active"",100]",154.8022315824,-289.59831364540003
971,101382382657739,"[""ring12"",""active"",101]",164.75606260250001,-281.01572107359999
972,163383066976963,"[""ring12"",""active"",102]",174.2348592434,-271.91121331810001
973,170653666858158,"[""ring12"",""active"",103]",183.21129168069999,-262.31104103159998
974,43744543950323,"[""ring12"",""active"",104]",191.65947853579999,-252.24288399610001
975,276439940473265,"[""ring12"",""active"",105]",199.555061499,-241.7357713147
976,97667290093723,"[""ring12"",""active"",106]",206.87527556090001,-230.8199977132
977,65697387845285,"[""ring12"",""active"",107]",213.59901464910001,-219.5270361927
978,151110095186405,"[""ring12"",""active"",108]",219.70689248330001,-207.8894472847
979,61580402032051,"[""ring12"",""active"",109]",225.18129847060001,-195.94078517060001
980,84770271152357,"[""ring12"",""active"",110]",230.00644848140001,-183.71550093650001
981,85122021844772,"[""ring12"",""active"",111]",234.16843035900001,-171.24884324160001
982,144173032482230,"[""ring12"",""active"",112]",237.6552440323,-158.57675668740001
983,176244116972311,"[""ring12"",""active"",113]",240.45683611480001,-145.73577817980001
984,110613808500423,"[""ring12"",""active"",114]",242.56512889140001,-132.762931584
985,275429855542782,"[""ring12"",""active"",115]",243.9740436081,-119.695620975
986,105562974288314,"[""ring12"",""active"",116]",244.6795179991,-106.5715227921
987,213297009641175,"[""ring13"",""active"",0]",257.79888786999999,-93.414022322299999
988,75195992771248,"[""ring13"",""active"",1]",257.12632000669998,-80.259249030800007
989,77756164280441,"[""ring13"",""active"",2]",255.78293893270001,-67.155977104499996
990,114138200992416,"[""ring13"",""active"",3]",253.7722493759,-54.138391483900001
991,75905514426929,"[""ring13"",""active"",4]",251.09949699590001,-41.240453563499997
992,79593789155106,"[""ring13"",""active"",5]",247.77165469830001,-28.495812590700002
993,224024464921948,"[""ring13"",""active"",6]",243.79740444379999,-15.937717878600001
994,115358409673717,"[""ring13"",""active"",7]",239.18711459759999,-3.5989320624999999
995,253947070548006,"[""ring13"",""active"",8]",233.95281287930001,8.4883543743000001
996,56640937062918,"[""ring13"",""active"",9]",228.10815498470001,20.2926070816
997,155964098212232,"[""ring13"",""active"",10]",221.66838895870001,31.7830301119
998,90079464318083,"[""ring13"",""active"",11]",214.65031541569999,42.9296462633
999,171187211124927,"[""ring13"",""active"",12]",207.07224370820001,53.703375287199997
1000,136821204232748,"[""ring13"",""active"",13]",198.95394415999999,64.076109754499996
1001,115971082239510,"[""ring13"",""active"",14]",190.31659648780001,74.020788385399996
1002,72097578443091,"[""ring13"",""active"",15]",181.1827345454,83.511466648899997
1003,28413221684397,"[""ring13"",""active"",16]",171.57618753579999,92.523384449000005
1004,278485981031859,"[""ring13"",""active"",17]",161.52201784319999,101.033030721
1005,96159390607854,"[""ring13"",""active"",18]",151.0464556483,109.0182047695
1006,166539769967329,"[""ring13"",""active"",19]",140.176830497,116.4580741872
1007,179958761746142,"[""ring13"",""active"",20]",128.94149999999999,123.33322920409999
1008,244866176847542,"[""ring13"",""active"",21]",117.3697758519,129.62573332599999
1009,197072398286193,"[""ring13"",""active"",22]",105.4918473597,135.31917012779999
1010,11412244382667,"[""ring13"",""active"",23]",93.338702682600001,140.3986860832
1011,221687157353772,"[""ring13"",""active"",24]",80.942047987500004,144.85102931500001
1012,269278683033416,"[""ring13"",""active"",25]",68.334224731000006,148.66458416789999
1013,104067888206321,"[""ring13"",""active"",26]",55.548125284500003,151.82940151299999
1014,254104218705053,"[""ring13"",""active"",27]",42.617107121499998,154.33722470289999
1015,181649543333504,"[""ring13"",""active"",28]",29.574905791999999,156.18151111349999
1016,84778092386348,"[""ring13"",""active"",29]",16.455546910100001,157.35744921200001
1017,173373651370546,"[""ring13"",""active"",30]",3.2932573852,157.8619711101
1018,155379072514124,"[""ring13"",""active"",31]",-9.8776238721999992,157.6937605679
1019,63542301426551,"[""ring13"",""active"",32]",-23.022735536700001,156.85325642750001
1020,237809870710852,"[""ring13"",""active"",33]",-36.107783512899999,155.3426514681
1021,273607465278557,"[""ring13"",""active"",34]",-49.098630404700003,153.1658866857
1022,33764067025229,"[""ring13"",""active"",35]",-61.961384575799997,150.32864101109999
1023,110411429840760,"[""ring13"",""active"",36]",-74.662488569100006,146.8383164942
1024,58712024746136,"[""ring13"",""active"",37]",-87.168806654600004,142.70401899309999
1025,166870077349135,"[""ring13"",""active"",38]",-99.4477112764,137.9365344181
1026,119094303591965,"[""ring13"",""active"",39]",-111.4671681742,132.548300592
1027,220178697738434,"[""ring13"",""active"",40]",-123.1958199574,126.5533748017
1028,219966376844426,"[""ring13"",""active"",41]",-134.60306791260001,119.967397124
1029,205134850792663,"[""ring13"",""active"",42]",-145.65915183249999,112.8075496228
1030,27691301402871,"[""ring13"",""active"",43]",-156.33522765629999,105.09251152260001
1031,220607542025826,"[""ring13"",""active"",44]",-166.60344272130001,96.842410477000001
1032,37495623747716,"[""ring13"",""active"",45]",-176.43700842679999,88.078770057699998
1033,198694389500383,"[""ring13"",""active"",46]",-185.8102701226,78.824453601800002
1034,257225471507128,"[""ring13"",""active"",47]",-194.69877403909999,69.103604564400001
1035,258198880208190,"[""ring13"",""active"",48]",-203.0793310846,58.941583530599999
1036,269062723872836,"[""ring13"",""active"",49]",-210.93007734259999,48.364902053199998
1037,262626287242684,"[""ring13"",""active"",50]",-218.23053111249999,37.401153486299997
1038,192097914777951,"[""ring13"",""active"",51]",-224.96164634389999,26.078940998299998
1039,199714151705518,"[""ring13"",""active"",52]",-231.10586232579999,14.4278029486
1040,62427143292944,"[""ring13"",""active"",53]",-236.64714950019999,2.4781358263
1041,46873906860480,"[""ring13"",""active"",54]",-241.57105128149999,-9.7388850516000005
1042,20284609643554,"[""ring13"",""active"",55]",-245.86472177229999,-22.191386872500001
1043,233189163668774,"[""ring13"",""active"",56]",-249.5169592764,-34.846882481000002
1044,237793420755871,"[""ring13"",""active"",57]",-252.51823552330001,-47.672355134
1045,136116521257291,"[""ring13"",""active"",58]",-254.8607205257,-60.634344637799998
1046,260100402853990,"[""ring13"",""active"",59]",-256.53830300800001,-73.699034641699996
1047,242212528664118,"[""ring13"",""active"",60]",-257.54660634880003,-86.832340861199995
1048,265805318521810,"[""ring13"",""active"",61]",-257.88299999999998,-100
1049,256763333786165,"[""ring13"",""active"",62]",-257.54660634880003,-113.1676591388
1050,37956813547818,"[""ring13"",""active"",63]",-256.53830300800001,-126.3009653583
1051,124903472850436,"[""ring13"",""active"",64]",-254.8607205257,-139.36565536219999
1052,228409984721145,"[""ring13"",""active"",65]",-252.51823552330001,-152.32764486600001
1053,257845415292791,"[""ring13"",""active"",66]",-249.5169592764,-165.15311751900001
1054,172941068119887,"[""ring13"",""active"",67]",-245.86472177229999,-177.8086131275
1055,146714694009248,"[""ring13"",""active"",68]",-241.57105128149999,-190.26111494840001
1056,62281214065341,"[""ring13"",""active"",69]",-236.64714950019999,-202.47813582629999
1057,123954796464206,"[""ring13"",""active"",70]",-231.10586232579999,-214.4278029486
1058,269529217296095,"[""ring13"",""active"",71]",-224.96164634389999,-226.0789409983
1059,182698035263456,"[""ring13"",""active"",72]",-218.23053111249999,-237.40115348629999
1060,193261455930841,"[""ring13"",""active"",73]",-210.93007734259999,-248.36490205320001
1061,240374523610471,"[""ring13"",""active"",74]",-203.0793310846,-258.94158353059998
1062,25847724206996,"[""ring13"",""active"",75]",-194.69877403909999,-269.10360456439997
1063,99900438958548,"[""ring13"",""active"",76]",-185.8102701226,-278.82445360179997
1064,41313077115241,"[""ring13"",""active"",77]",-176.43700842679999,-288.07877005770001
1065,93565013798631,"[""ring13"",""active"",78]",-166.60344272130001,-296.84241047699999
1066,19412408499543,"[""ring13"",""active"",79]",-156.33522765629999,-305.09251152259998
1067,266037415184431,"[""ring13"",""active"",80]",-145.65915183249999,-312.80754962280002
1068,256884819153012,"[""ring13"",""active"",81]",-134.60306791260001,-319.967397124
1069,208397139707786,"[""ring13"",""active"",82]",-123.1958199574,-326.55337480169999
1070,158338418875060,"[""ring13"",""active"",101]",117.3697758519,-329.62573332599999
1071,172741640759657,"[""ring13"",""active"",102]",128.94149999999999,-323.33322920410001
1072,189051532114106,"[""ring13"",""active"",103]",140.176830497,-316.4580741872
1073,52087541888626,"[""ring13"",""active"",104]",151.0464556483,-309.01820476950002
1074,64583828452707,"[""ring13"",""active"",105]",161.52201784319999,-301.03303072099999
1075,246239122304271,"[""ring13"",""active"",106]",171.57618753579999,-292.52338444899999
1076,257474299046800,"[""ring13"",""active"",107]",181.1827345454,-283.51146664890001
1077,150562822561842,"[""ring13"",""active"",108]",190.31659648780001,-274.02078838540001
1078,65922793645812,"[""ring13"",""active"",109]",198.95394415999999,-264.07610975450001
1079,190461575870470,"[""ring13"",""active"",110]",207.07224370820001,-253.7033752872
1080,223181713130484,"[""ring13"",""active"",111]",214.65031541569999,-242.92964626329999
1081,182646617967587,"[""ring13"",""active"",112]",221.66838895870001,-231.78303011189999
1082,214047941104287,"[""ring13"",""active"",113]",228.10815498470001,-220.29260708160001
1083,85053400414174,"[""ring13"",""active"",114]",233.95281287930001,-208.4883543743
1084,174984015660313,"[""ring13"",""active"",115]",239.18711459759999,-196.40106793749999
1085,57468794985210,"[""ring13"",""active"",116]",243.79740444379999,-184.06228212139999
1086,121178945039635,"[""ring13"",""active"",117]",247.77165469830001,-171.50418740929999
1087,51553472216118,"[""ring13"",""active"",118]",251.09949699590001,-158.75954643649999
1088,11545260115334,"[""ring13"",""active"",119]",253.7722493759,-145.86160851610001
1089,189116214371953,"[""ring13"",""active"",120]",255.78293893270001,-132.84402289549999
1090,154293181366446,"[""ring13"",""active"",121]",257.12632000669998,-119.74075096919999
1091,96829031723895,"[""ring13"",""active"",122]",257.79888786999999,-106.5859776777
1092,165521876770160,"[""ring14"",""active"",0]",270.91789084700002,-93.400915056100004
1093,220781063234208,"[""ring14"",""active"",1]",270.27530354129999,-80.218397468700005
1094,277729416573949,"[""ring14"",""active"",2]",268.99165307620001,-67.082799656999995
1095,116124002375182,"[""ring14"",""active"",3]",267.06998412849998,-54.025277807800002
1096,89963099715261,"[""ring14"",""active"",4]",264.5148546849,-41.076802920200002
1097,37844420093744,"[""ring14"",""active"",5]",261.33232522989999,-28.268087346200002
1098,42964507451191,"[""ring14"",""active"",6]",257.52994437199999,-15.629511943900001
1099,247535241469648,"[""ring14"",""active"",7]",253.11673093830001,-3.191054018
1100,88950734206602,"[""ring14"",""active"",8]",248.10315258360001,9.0177837838000006
1101,164070270869329,"[""ring14"",""active"",9]",242.50110096189999,20.968043446799999
1102,163899520792589,"[""ring14"",""active"",10]",236.3238635205,32.631380275600002
1103,12640003296592,"[""ring14"",""active"",11]",229.5860919843,43.980130123599999
1104,5255470547261,"[""ring14"",""active"",12]",222.30376760300001,54.987375010199997
1105,6779128017491,"[""ring14"",""active"",13]",214.4941632455,65.627006966500005
1106,108190285495901,"[""ring14"",""active"",14]",206.17580243040001,75.873789961
1107,39848678046352,"[""ring14"",""active"",15]",197.36841539049999,85.703419756599999
1108,104440436143463,"[""ring14"",""active"",16]",188.092892275,95.092581557299994
1109,196974781915655,"[""ring14"",""active"",17]",178.37123359969999,104.0190053088
1110,11351353555516,"[""ring14"",""active"",18]",168.2264980651,112.4615185199
1111,222776227942792,"[""ring14"",""active"",19]",157.68274786309999,120.4000964823
1112,13049090244020,"[""ring14"",""active"",20]",146.76499160419999,127.815909766
1113,101300716087733,"[""ring14"",""active"",21]",135.49912499999999,134.6913688811
1114,80693098301653,"[""ring14"",""active"",22]",123.9118694415,141.0101659984
1115,160012145064261,"[""ring14"",""active"",23]",112.0307086187,146.7573136291
1116,51468201348844,"[""ring14"",""active"",24]",99.883823332299997,151.91918017410001
1117,169438365934401,"[""ring14"",""active"",25]",87.5000246524,156.4835222561
1118,44297045969110,"[""ring14"",""active"",26]",74.908685581100002,160.4395137601
1119,226955197929705,"[""ring14"",""active"",27]",62.139671383600003,163.7777715112
1120,198014312129454,"[""ring14"",""active"",28]",49.223268750899997,166.49037753089999
1121,180640409003371,"[""ring14"",""active"",29]",36.190113963000002,168.57089781729999
1122,133818827219190,"[""ring14"",""active"",30]",23.071120223200001,170.01439760630001
1123,127403532046269,"[""ring14"",""active"",31]",9.8974043350999992,170.8174530759
1124,36785821662829,"[""ring14"",""active"",32]",-3.2997871025999999,170.97815946700001
1125,203342938881546,"[""ring14"",""active"",33]",-16.489151809900001,170.4961356021
1126,231496839406695,"[""ring14"",""active"",34]",-29.6394060708,169.37252478830001
1127,192153151333618,"[""ring14"",""active"",35]",-42.719358935099997,167.60999210649999
1128,210943705361219,"[""ring14"",""active"",36]",-55.697986199799999,165.2127180894
1129,108143700784386,"[""ring14"",""active"",37]",-68.544503994699994,162.18638880610001
1130,76865928448142,"[""ring14"",""active"",38]",-81.228441799099997,158.53818237530001
1131,200059509651920,"[""ring14"",""active"",39]",-93.719714713900004,154.27675193970001
1132,72724369807386,"[""ring14"",""active"",40]",-105.9886948196,149.41220514139999
1133,167711516952786,"[""ring14"",""active"",41]",-118.00628145100001,143.95608014800001
1134,109031202809065,"[""ring14"",""active"",42]",-129.74397022030001,137.9213182851
1135,142206005456204,"[""ring14"",""active"",43]",-141.17392062659999,131.32223334119999
1136,80172088093958,"[""ring14"",""active"",44]",-152.26902209030001,124.1744776167
1137,230951571330593,"[""ring14"",""active"",45]",-163.00295825660001,116.4950047984
1138,267854983090524,"[""ring14"",""active"",46]",-173.35026941469999,108.3020297475
1139,262115093678066,"[""ring14"",""active"",47]",-183.2864128857,99.614985295599993
1140,264510882229136,"[""ring14"",""active"",48]",-192.7878212352,90.454476152300003
1141,125975122494763,"[""ring14"",""active"",49]",-201.83195817219999,80.842230033299998
1142,154642961588767,"[""ring14"",""active"",50]",-210.39737200319999,70.801046124400003
1143,119322581839012,"[""ring14"",""active"",51]",-218.46374651279999,60.354741004499999
1144,123848728733568,"[""ring14"",""active"",52]",-226.011949152,49.5280921552
1145,179482561833507,"[""ring14"",""active"",53]",-233.02407641790001,38.346779191499998
1146,33015343834190,"[""ring14"",""active"",54]",-239.48349631939999,26.837322952200001
1147,126957954850566,"[""ring14"",""active"",55]",-245.37488782619999,15.0270225961
1148,91554095515787,"[""ring14"",""active"",56]",-250.68427720849999,2.9438908507999999
1149,233918787006458,"[""ring14"",""active"",57]",-255.3990711813,-9.3834124301999999
1150,93963281763917,"[""ring14"",""active"",58]",-259.50808677409998,-21.925648245400001
1151,212226544833028,"[""ring14"",""active"",59]",-263.00157785599998,-34.653067797299997
1152,121944945474230,"[""ring14"",""active"",60]",-265.87125825210001,-47.5354830526
1153,244875630498560,"[""ring14"",""active"",61]",-268.1103213975,-60.542338345899999
1154,168307710207132,"[""ring14"",""active"",62]",-269.71345648179999,-73.642782853200004
1155,278578927113112,"[""ring14"",""active"",63]",-270.67686104569998,-86.805743767600006
1156,48423019669204,"[""ring14"",""active"",64]",-270.99824999999998,-100
1157,213564933028245,"[""ring14"",""active"",65]",-270.67686104569998,-113.19425623239999
1158,25205538278220,"[""ring14"",""active"",66]",-269.71345648179999,-126.3572171468
1159,153992992233852,"[""ring14"",""active"",67]",-268.1103213975,-139.45766165410001
1160,86422131754859,"[""ring14"",""active"",68]",-265.87125825210001,-152.4645169474
1161,273623864397578,"[""ring14"",""active"",69]",-263.00157785599998,-165.3469322027
1162,249484876394297,"[""ring14"",""active"",70]",-259.50808677409998,-178.0743517546
1163,66858818865940,"[""ring14"",""active"",71]",-255.3990711813,-190.6165875698
1164,190491352311633,"[""ring14"",""active"",72]",-250.68427720849999,-202.94389085079999
1165,110628173690996,"[""ring14"",""active"",73]",-245.37488782619999,-215.02702259610001
1166,240500657153407,"[""ring14"",""active"",74]",-239.48349631939999,-226.8373229522
1167,238403072576231,"[""ring14"",""active"",75]",-233.02407641790001,-238.34677919149999
1168,102593657771864,"[""ring14"",""active"",76]",-226.011949152,-249.5280921552
1169,231658491970914,"[""ring14"",""active"",77]",-218.46374651279999,-260.3547410045
1170,142032638776788,"[""ring14"",""active"",78]",-210.39737200319999,-270.80104612439999
1171,234397770208937,"[""ring14"",""active"",79]",-201.83195817219999,-280.84223003329998
1172,139913802883354,"[""ring14"",""active"",80]",-192.7878212352,-290.4544761523
1173,105940736597232,"[""ring14"",""active"",112]",188.092892275,-295.09258155729998
1174,117761648078679,"[""ring14"",""active"",113]",197.36841539049999,-285.7034197566
1175,5086298317043,"[""ring14"",""active"",114]",206.17580243040001,-275.873789961
1176,261058592629171,"[""ring14"",""active"",115]",214.4941632455,-265.62700696650001
1177,269911043411629,"[""ring14"",""active"",116]",222.30376760300001,-254.9873750102
1178,118175019741976,"[""ring14"",""active"",117]",229.5860919843,-243.98013012359999
1179,104705800302701,"[""ring14"",""active"",118]",236.3238635205,-232.63138027560001
1180,214683212472702,"[""ring14"",""active"",119]",242.50110096189999,-220.96804344680001
1181,52846934536192,"[""ring14"",""active"",120]",248.10315258360001,-209.01778378380001
1182,128678306911609,"[""ring14"",""active"",121]",253.11673093830001,-196.8089459821
1183,87512828126621,"[""ring14"",""active"",122]",257.52994437199999,-184.37048805609999
1184,217054029818238,"[""ring14"",""active"",123]",261.33232522989999,-171.73191265380001
1185,65949936761626,"[""ring14"",""active"",124]",264.5148546849,-158.92319707979999
1186,116056289881208,"[""ring14"",""active"",125]",267.06998412849998,-145.97472219220001
1187,75109967983850,"[""ring14"",""active"",126]",268.99165307620001,-132.91720034299999
1188,195353107458117,"[""ring14"",""active"",127]",270.27530354129999,-119.7816025313
1189,473120660121,"[""ring14"",""active"",128]",270.91789084700002,-106.5990849439
1190,259212103618568,"[""ring15"",""active"",0]",284.03770082279999,-93.4375771598
1191,133443344161279,"[""ring15"",""active"",1]",283.43155005509999,-80.326736020599995
1192,197648184705491,"[""ring15"",""active"",2]",282.22054207600002,-67.257878618099994
1193,52106100998113,"[""ring15"",""active"",3]",280.40726123749999,-54.258894552699999
1194,56875388605354,"[""ring15"",""active"",4]",277.99557717229999,-41.357524311500001
1195,93860728925624,"[""ring15"",""active"",5]",274.99063653579998,-28.581300068600001
1196,250866175170411,"[""ring15"",""active"",6]",271.3988520227,-15.9574869306
1197,81684147593473,"[""ring15"",""active"",7]",267.22788868219999,-3.5130247508000001
1198,97992445606301,"[""ring15"",""active"",8]",262.48664756009998,8.7255293612999996
1199,230829756256160,"[""ring15"",""active"",9]",257.18524670419998,20.732057714500002
1200,43377485708803,"[""ring15"",""active"",10]",251.33499957079999,32.480937772200001
1201,81120339377481,"[""ring15"",""active"",11]",244.9483908823,43.947096832299998
1202,279364788569901,"[""ring15"",""active"",12]",238.0390499833,55.106065533500001
1203,5194909739840,"[""ring15"",""active"",13]",230.62172175570001,65.934030074199995
1204,267305865248056,"[""ring15"",""active"",14]",222.7122351516,76.407883032499996
1205,105954157304361,"[""ring15"",""active"",15]",214.32746941409999,86.505272678300003
1206,174576859448037,"[""ring15"",""active"",16]",205.48531805569999,96.204650673200007
1207,160207716641544,"[""ring15"",""active"",17]",196.20465067320001,105.48531805570001
1208,73520737797048,"[""ring15"",""active"",18]",186.5052726783,114.32746941409999
1209,6713702698585,"[""ring15"",""active"",19]",176.4078830325,122.7122351516
1210,195301154799590,"[""ring15"",""active"",20]",165.9340300742,130.62172175570001
1211,201669159287225,"[""ring15"",""active"",21]",155.10606553349999,138.0390499833
1212,209990551669753,"[""ring15"",""active"",22]",143.94709683229999,144.9483908823
1213,32571105795623,"[""ring15"",""active"",23]",132.48093777220001,151.33499957079999
1214,262300684399781,"[""ring15"",""active"",24]",120.7320577145,157.18524670420001
1215,200861100011056,"[""ring15"",""active"",25]",108.7255293613,162.48664756010001
1216,26128418700104,"[""ring15"",""active"",26]",96.4869752492,167.22788868219999
1217,234574533317925,"[""ring15"",""active"",27]",84.042513069400002,171.3988520227
1218,263796972873561,"[""ring15"",""active"",28]",71.418699931399999,174.99063653580001
1219,81482977543357,"[""ring15"",""active"",29]",58.642475688499999,177.99557717229999
1220,165450055074352,"[""ring15"",""active"",30]",45.741105447300001,180.40726123749999
1221,228344882376100,"[""ring15"",""active"",31]",32.742121381899999,182.22054207599999
1222,94268610072374,"[""ring15"",""active"",32]",19.673263979400001,183.43155005509999
1223,197372566965640,"[""ring15"",""active"",33]",6.5624228402,184.03770082279999
1224,132585554488954,"[""ring15"",""active"",34]",-6.5624228402,184.03770082279999
1225,97263302824896,"[""ring15"",""active"",35]",-19.673263979400001,183.43155005509999
1226,232469024281685,"[""ring15"",""active"",36]",-32.742121381899999,182.22054207599999
1227,159699280532894,"[""ring15"",""active"",37]",-45.741105447300001,180.40726123749999
1228,191122481008251,"[""ring15"",""active"",38]",-58.642475688499999,177.99557717229999
1229,220089412287740,"[""ring15"",""active"",39]",-71.418699931399999,174.99063653580001
1230,276276095719582,"[""ring15"",""active"",40]",-84.042513069400002,171.3988520227
1231,167553349737317,"[""ring15"",""active"",41]",-96.4869752492,167.22788868219999
1232,253158467848667,"[""ring15"",""active"",42]",-108.7255293613,162.48664756010001
1233,30989953454086,"[""ring15"",""active"",43]",-120.7320577145,157.18524670420001
1234,66403068318291,"[""ring15"",""active"",44]",-132.48093777220001,151.33499957079999
1235,57035283632322,"[""ring15"",""active"",45]",-143.94709683229999,144.9483908823
1236,20564325801018,"[""ring15"",""active"",46]",-155.10606553349999,138.0390499833
1237,111532104877773,"[""ring15"",""active"",47]",-165.9340300742,130.62172175570001
1238,66990161067564,"[""ring15"",""active"",48]",-176.4078830325,122.7122351516
1239,91916441936778,"[""ring15"",""active"",49]",-186.5052726783,114.32746941409999
1240,273418900851785,"[""ring15"",""active"",50]",-196.20465067320001,105.48531805570001
1241,92957508625192,"[""ring15"",""active"",51]",-205.48531805569999,96.204650673200007
1242,275605062085477,"[""ring15"",""active"",52]",-214.32746941409999,86.505272678300003
1243,130013491045549,"[""ring15"",""active"",53]",-222.7122351516,76.407883032499996
1244,119163007092565,"[""ring15"",""active"",54]",-230.62172175570001,65.934030074199995
1245,191958207238798,"[""ring15"",""active"",55]",-238.0390499833,55.106065533500001
1246,106294614914250,"[""ring15"",""active"",56]",-244.9483908823,43.947096832299998
1247,196740456360525,"[""ring15"",""active"",57]",-251.33499957079999,32.480937772200001
1248,111219419266340,"[""ring15"",""active"",58]",-257.18524670419998,20.732057714500002
1249,130464597535559,"[""ring15"",""active"",59]",-262.48664756009998,8.7255293612999996
1250,199716584153140,"[""ring15"",""active"",60]",-267.22788868219999,-3.5130247508000001
1251,182892645988234,"[""ring15"",""active"",61]",-271.3988520227,-15.9574869306
1252,221054123772071,"[""ring15"",""active"",62]",-274.99063653579998,-28.581300068600001
1253,3324005652176,"[""ring15"",""active"",63]",-277.99557717229999,-41.357524311500001
1254,46892702591934,"[""ring15"",""active"",64]",-280.40726123749999,-54.258894552699999
1255,121264571975823,"[""ring15"",""active"",65]",-282.22054207600002,-67.257878618099994
1256,264643561389576,"[""ring15"",""active"",66]",-283.43155005509999,-80.326736020599995
1257,6104868983332,"[""ring15"",""active"",67]",-284.03770082279999,-93.4375771598
1258,137290986780193,"[""ring15"",""active"",68]",-284.03770082279999,-106.5624228402
1259,91204338331379,"[""ring15"",""active"",69]",-283.43155005509999,-119.67326397940001
1260,150304764922938,"[""ring15"",""active"",70]",-282.22054207600002,-132.74212138190001
1261,52830853654258,"[""ring15"",""active"",71]",-280.40726123749999,-145.74110544729999
1262,99525184265806,"[""ring15"",""active"",72]",-277.99557717229999,-158.64247568850001
1263,228315376663278,"[""ring15"",""active"",73]",-274.99063653579998,-171.4186999314
1264,114321155340225,"[""ring15"",""active"",74]",-271.3988520227,-184.0425130694
1265,39233505499888,"[""ring15"",""active"",75]",-267.22788868219999,-196.48697524919999
1266,22726234347156,"[""ring15"",""active"",76]",-262.48664756009998,-208.7255293613
1267,262613881902835,"[""ring15"",""active"",77]",-257.18524670419998,-220.7320577145
1268,66265991293552,"[""ring15"",""active"",78]",-251.33499957079999,-232.48093777220001
1269,229075944153635,"[""ring15"",""active"",79]",-244.9483908823,-243.94709683229999
1270,214154437290567,"[""ring15"",""active"",80]",-238.0390499833,-255.10606553349999
1271,170432097981546,"[""ring15"",""active"",123]",238.0390499833,-255.10606553349999
1272,139660057820024,"[""ring15"",""active"",124]",244.9483908823,-243.94709683229999
1273,189874177124259,"[""ring15"",""active"",125]",251.33499957079999,-232.48093777220001
1274,206231192438809,"[""ring15"",""active"",126]",257.18524670419998,-220.7320577145
1275,213772904359274,"[""ring15"",""active"",127]",262.48664756009998,-208.7255293613
1276,120788764153735,"[""ring15"",""active"",128]",267.22788868219999,-196.48697524919999
1277,21664756132764,"[""ring15"",""active"",129]",271.3988520227,-184.0425130694
1278,221566204865194,"[""ring15"",""active"",130]",274.99063653579998,-171.4186999314
1279,169639666653311,"[""ring15"",""active"",131]",277.99557717229999,-158.64247568850001
1280,205599993332939,"[""ring15"",""active"",132]",280.40726123749999,-145.74110544729999
1281,144433080557057,"[""ring15"",""active"",133]",282.22054207600002,-132.74212138190001
1282,169805117689061,"[""ring15"",""active"",134]",283.43155005509999,-119.67326397940001
1283,263173312980897,"[""ring15"",""active"",135]",284.03770082279999,-106.5624228402
1284,193447473720018,"[""ring16"",""active"",0]",297.15601119510001,-93.424679688099999
1285,87265361536470,"[""ring16"",""active"",1]",296.5743143487,-80.286910562499997
1286,76753201431482,"[""ring16"",""active"",2]",295.41205935480002,-67.187730735200006
1287,244633680785605,"[""ring16"",""active"",3]",293.67152138220001,-54.152782465900003
1288,171089089649091,"[""ring16"",""active"",4]",291.35610761570001,-41.207582277900002
1289,75222676762851,"[""ring16"",""active"",5]",288.4703505864,-28.377471008400001
1290,159687415027606,"[""ring16"",""active"",6]",285.01989929920001,-15.687564202900001
1291,205870072698856,"[""ring16"",""active"",7]",281.01150817460001,-3.1627029497999999
1292,16864311046591,"[""ring16"",""active"",8]",276.45302382649999,9.1725947468999998
1293,204981441336373,"[""ring16"",""active"",9]",271.35336970190002,21.2941819626
1294,103723275366416,"[""ring16"",""active"",10]",265.72252861340002,33.178330121099997
1295,135248353464592,"[""ring16"",""active"",11]",259.5715231968,44.8017754444
1296,273325127549535,"[""ring16"",""active"",12]",252.912394334,56.141764492299998
1297,228939531969834,"[""ring16"",""active"",13]",245.75817758260001,67.176098703899996
1298,136619400440251,"[""ring16"",""active"",14]",238.1228776577,77.883177851599996
1299,19320977857301,"[""ring16"",""active"",15]",230.02144101760001,88.242042325200003
1300,137174363616339,"[""ring16"",""active"",16]",221.4697266048,98.232414161199998
1301,116954962661799,"[""ring16"",""active"",17]",212.48447480199999,107.83473673739999
1302,142161348478028,"[""ring16"",""active"",18]",203.0832746614,117.0302130565
1303,50842970292472,"[""ring16"",""active"",19]",193.28452947389999,125.80084254179999
1304,267570022784505,"[""ring16"",""active"",20]",183.10742074340001,134.1294562743
1305,13864981062684,"[""ring16"",""active"",21]",172.57187063789999,141.99975060130001
1306,130420148558664,"[""ring16"",""active"",22]",161.6985029917,149.3963190522
1307,55930330310476,"[""ring16"",""active"",23]",150.50860293260001,156.3046824969
1308,73577390635375,"[""ring16"",""active"",24]",139.0240752153,162.7113174895
1309,149399166553063,"[""ring16"",""active"",25]",127.2674013422,168.60368274129999
1310,279402197812434,"[""ring16"",""active"",26]",115.2615955545,173.97024367040001
1311,264334776305930,"[""ring16"",""active"",27]",103.03015978080001,178.8004949818
1312,196885275650974,"[""ring16"",""active"",28]",90.597037631000006,183.0849812319
1313,42941508145883,"[""ring16"",""active"",29]",77.986567525599995,186.81531533750001
1314,115921171693836,"[""ring16"",""active"",30]",65.223435052100001,189.98419499440001
1315,99080569954259,"[""ring16"",""active"",31]",52.332624641499997,192.58541697199999
1316,154937969768674,"[""ring16"",""active"",32]",39.339370660599997,194.61388925610001
1317,225736060795511,"[""ring16"",""active"",33]",26.269108014299999,196.06564101679999
1318,157898677119004,"[""ring16"",""active"",34]",13.1474223555,196.93783038199999
1319,59551296272313,"[""ring16"",""active"",35]",0,197.22874999999999
1320,274313755171394,"[""ring16"",""active"",36]",-13.1474223555,196.93783038199999
1321,82259964132185,"[""ring16"",""active"",37]",-26.269108014299999,196.06564101679999
1322,89028808034281,"[""ring16"",""active"",38]",-39.339370660599997,194.61388925610001
1323,71214580142678,"[""ring16"",""active"",39]",-52.332624641499997,192.58541697199999
1324,209832996406320,"[""ring16"",""active"",40]",-65.223435052100001,189.98419499440001
1325,245758326240794,"[""ring16"",""active"",41]",-77.986567525599995,186.81531533750001
1326,224307788764112,"[""ring16"",""active"",42]",-90.597037631000006,183.0849812319
1327,444633846910,"[""ring16"",""active"",43]",-103.03015978080001,178.8004949818
1328,32576038785920,"[""ring16"",""active"",44]",-115.2615955545,173.97024367040001
1329,33234973475922,"[""ring16"",""active"",45]",-127.2674013422,168.60368274129999
1330,238501059863328,"[""ring16"",""active"",46]",-139.0240752153,162.7113174895
1331,14330179294251,"[""ring16"",""active"",47]",-150.50860293260001,156.3046824969
1332,108102254257362,"[""ring16"",""active"",48]",-161.6985029917,149.3963190522
1333,16631441601829,"[""ring16"",""active"",49]",-172.57187063789999,141.99975060130001
1334,234907186680731,"[""ring16"",""active"",50]",-183.10742074340001,134.1294562743
1335,179552535594046,"[""ring16"",""active"",51]",-193.28452947389999,125.80084254179999
1336,258165220027317,"[""ring16"",""active"",52]",-203.0832746614,117.0302130565
1337,155003283069244,"[""ring16"",""active"",53]",-212.48447480199999,107.83473673739999
1338,7335489149434,"[""ring16"",""active"",54]",-221.4697266048,98.232414161199998
1339,87164892262637,"[""ring16"",""active"",55]",-230.02144101760001,88.242042325200003
1340,248931544040157,"[""ring16"",""active"",56]",-238.1228776577,77.883177851599996
1341,272615998927664,"[""ring16"",""active"",57]",-245.75817758260001,67.176098703899996
1342,94315279257914,"[""ring16"",""active"",58]",-252.912394334,56.141764492299998
1343,190751843800270,"[""ring16"",""active"",59]",-259.5715231968,44.8017754444
1344,176357689890001,"[""ring16"",""active"",60]",-265.72252861340002,33.178330121099997
1345,270298400263533,"[""ring16"",""active"",61]",-271.35336970190002,21.2941819626
1346,257840753784473,"[""ring16"",""active"",62]",-276.45302382649999,9.1725947468999998
1347,209845167553271,"[""ring16"",""active"",63]",-281.01150817460001,-3.1627029497999999
1348,77772483715893,"[""ring16"",""active"",64]",-285.01989929920001,-15.687564202900001
1349,148848413995031,"[""ring16"",""active"",65]",-288.4703505864,-28.377471008400001
1350,5015204120109,"[""ring16"",""active"",66]",-291.35610761570001,-41.207582277900002
1351,192847377889347,"[""ring16"",""active"",67]",-293.67152138220001,-54.152782465900003
1352,178399702431466,"[""ring16"",""active"",68]",-295.41205935480002,-67.187730735200006
1353,24408035345326,"[""ring16"",""active"",69]",-296.5743143487,-80.286910562499997
1354,37622008485791,"[""ring16"",""active"",70]",-297.15601119510001,-93.424679688099999
1355,32406834867674,"[""ring16"",""active"",71]",-297.15601119510001,-106.5753203119
1356,151002547788672,"[""ring16"",""active"",72]",-296.5743143487,-119.7130894375
1357,238959383580873,"[""ring16"",""active"",73]",-295.41205935480002,-132.81226926479999
1358,141409688199073,"[""ring16"",""active"",74]",-293.67152138220001,-145.8472175341
1359,10321860085575,"[""ring16"",""active"",75]",-291.35610761570001,-158.7924177221
1360,224933793133217,"[""ring16"",""active"",76]",-288.4703505864,-171.62252899160001
1361,217216644954539,"[""ring16"",""active"",77]",-285.01989929920001,-184.31243579709999
1362,131817295067948,"[""ring16"",""active"",78]",-281.01150817460001,-196.83729705019999
1363,131447070494517,"[""ring16"",""active"",79]",-276.45302382649999,-209.17259474689999
1364,48654103769125,"[""ring16"",""active"",133]",276.45302382649999,-209.17259474689999
1365,281172161546770,"[""ring16"",""active"",134]",281.01150817460001,-196.83729705019999
1366,133145961371623,"[""ring16"",""active"",135]",285.01989929920001,-184.31243579709999
1367,57767020510651,"[""ring16"",""active"",136]",288.4703505864,-171.62252899160001
1368,213258274086803,"[""ring16"",""active"",137]",291.35610761570001,-158.7924177221
1369,2608047645654,"[""ring16"",""active"",138]",293.67152138220001,-145.8472175341
1370,144559940529482,"[""ring16"",""active"",139]",295.41205935480002,-132.81226926479999
1371,126826221860251,"[""ring16"",""active"",140]",296.5743143487,-119.7130894375
1372,216889800911452,"[""ring16"",""active"",141]",297.15601119510001,-106.5753203119
1373,152332581738467,"[""ring17"",""active"",0]",310.27408451650001,-93.412829634700003
1374,199053255616929,"[""ring17"",""active"",1]",309.71494964459998,-80.250359430399996
1375,266339809339803,"[""ring17"",""active"",2]",308.5976874996,-67.123479413200002
1376,146226846484379,"[""ring17"",""active"",3]",306.92431146339999,-54.055845108299998
1377,129508688164245,"[""ring17"",""active"",4]",304.6978370727,-41.071005275899999
1378,116112618666332,"[""ring17"",""active"",5]",301.92227658489998,-28.192359475
1379,257123315037316,"[""ring17"",""active"",6]",298.60263174760001,-15.4431158959
1380,272980153295873,"[""ring17"",""active"",7]",294.74488478519999,-2.8462495371999998
1381,116117485616113,"[""ring17"",""active"",8]",290.35598761829999,9.5755391964999994
1382,198106948524149,"[""ring17"",""active"",9]",285.44384933639998,21.799865402199998
1383,208443878535548,"[""ring17"",""active"",10]",280.01732194469997,33.804700017999998
1384,120943244017986,"[""ring17"",""active"",11]",274.08618441229999,45.568409520400003
1385,30958100787413,"[""ring17"",""active"",12]",267.66112504990002,57.069794909800002
1386,201247811876415,"[""ring17"",""active"",13]",260.75372224879999,68.288129912299993
1387,143384296230983,"[""ring17"",""active"",14]",253.37642361569999,79.203198330000006
1388,248604990759548,"[""ring17"",""active"",15]",245.54252354139999,89.795330471900002
1389,237911829236964,"[""ring17"",""active"",16]",237.2661392432,100.0454385999
1390,108597255970984,"[""ring17"",""active"",17]",228.56218532520001,109.9350513263
1391,23798040952883,"[""ring17"",""active"",18]",219.44634690059999,119.44634690060001
1392,110316593108706,"[""ring17"",""active"",19]",209.9350513263,128.56218532520001
1393,185556115726987,"[""ring17"",""active"",20]",200.0454385999,137.2661392432
1394,90738966461833,"[""ring17"",""active"",21]",189.7953304719,145.54252354139999
1395,8346490300935,"[""ring17"",""active"",22]",179.20319832999999,153.37642361569999
1396,234128383958195,"[""ring17"",""active"",23]",168.28812991230001,160.75372224879999
1397,28859929127715,"[""ring17"",""active"",24]",157.06979490980001,167.66112504989999
1398,23726128480770,"[""ring17"",""active"",25]",145.5684095204,174.08618441230001
1399,271409770005992,"[""ring17"",""active"",26]",133.80470001800001,180.0173219447
1400,22478568156834,"[""ring17"",""active"",27]",121.7998654022,185.44384933640001
1401,211153487037457,"[""ring17"",""active"",28]",109.5755391965,190.35598761829999
1402,36648644039662,"[""ring17"",""active"",29]",97.153750462800005,194.74488478519999
1403,257938817487333,"[""ring17"",""active"",30]",84.556884104100007,198.60263174759999
1404,268477681315656,"[""ring17"",""active"",31]",71.807640524999997,201.9222765849
1405,197023921387560,"[""ring17"",""active"",32]",58.928994724100001,204.6978370727
1406,221087366691279,"[""ring17"",""active"",33]",45.944154891700002,206.92431146339999
1407,5622303700049,"[""ring17"",""active"",34]",32.876520586799998,208.5976874996
1408,35400039421816,"[""ring17"",""active"",35]",19.7496405696,209.71494964460001
1409,159025315117172,"[""ring17"",""active"",36]",6.5871703653000004,210.27408451650001
1410,171344980200586,"[""ring17"",""active"",37]",-6.5871703653000004,210.27408451650001
1411,92313167300311,"[""ring17"",""active"",38]",-19.7496405696,209.71494964460001
1412,224644992062927,"[""ring17"",""active"",39]",-32.876520586799998,208.5976874996
1413,32131299766892,"[""ring17"",""active"",40]",-45.944154891700002,206.92431146339999
1414,72172651845139,"[""ring17"",""active"",41]",-58.928994724100001,204.6978370727
1415,187894532517525,"[""ring17"",""active"",42]",-71.807640524999997,201.9222765849
1416,122817225486272,"[""ring17"",""active"",43]",-84.556884104100007,198.60263174759999
1417,71700088228001,"[""ring17"",""active"",44]",-97.153750462800005,194.74488478519999
1418,107023919264082,"[""ring17"",""active"",45]",-109.5755391965,190.35598761829999
1419,141831917306643,"[""ring17"",""active"",46]",-121.7998654022,185.44384933640001
1420,219614657588130,"[""ring17"",""active"",47]",-133.80470001800001,180.0173219447
1421,153750100346813,"[""ring17"",""active"",48]",-145.5684095204,174.08618441230001
1422,247721869966835,"[""ring17"",""active"",49]",-157.06979490980001,167.66112504989999
1423,218465199506569,"[""ring17"",""active"",50]",-168.28812991230001,160.75372224879999
1424,236871194085760,"[""ring17"",""active"",51]",-179.20319832999999,153.37642361569999
1425,96106580541926,"[""ring17"",""active"",52]",-189.7953304719,145.54252354139999
1426,63970671960349,"[""ring17"",""active"",53]",-200.0454385999,137.2661392432
1427,33902868893571,"[""ring17"",""active"",54]",-209.9350513263,128.56218532520001
1428,232869216563541,"[""ring17"",""active"",55]",-219.44634690059999,119.44634690060001
1429,148247924972767,"[""ring17"",""active"",56]",-228.56218532520001,109.9350513263
1430,158256827859760,"[""ring17"",""active"",57]",-237.2661392432,100.0454385999
1431,147922613123157,"[""ring17"",""active"",58]",-245.54252354139999,89.795330471900002
1432,50814025232388,"[""ring17"",""active"",59]",-253.37642361569999,79.203198330000006
1433,135727687250940,"[""ring17"",""active"",60]",-260.75372224879999,68.288129912299993
1434,167028907175436,"[""ring17"",""active"",61]",-267.66112504990002,57.069794909800002
1435,43485611768770,"[""ring17"",""active"",62]",-274.08618441229999,45.568409520400003
1436,82635219630128,"[""ring17"",""active"",63]",-280.01732194469997,33.804700017999998
1437,156989152467440,"[""ring17"",""active"",64]",-285.44384933639998,21.799865402199998
1438,178215120521680,"[""ring17"",""active"",65]",-290.35598761829999,9.5755391964999994
1439,82010388378724,"[""ring17"",""active"",66]",-294.74488478519999,-2.8462495371999998
1440,219404492720106,"[""ring17"",""active"",67]",-298.60263174760001,-15.4431158959
1441,108605301621107,"[""ring17"",""active"",68]",-301.92227658489998,-28.192359475
1442,24092907508848,"[""ring17"",""active"",69]",-304.6978370727,-41.071005275899999
1443,238937182268067,"[""ring17"",""active"",70]",-306.92431146339999,-54.055845108299998
1444,44209357611909,"[""ring17"",""active"",71]",-308.5976874996,-67.123479413200002
1445,185626620875155,"[""ring17"",""active"",72]",-309.71494964459998,-80.250359430399996
1446,144131097326950,"[""ring17"",""active"",73]",-310.27408451650001,-93.412829634700003
1447,143793068460306,"[""ring17"",""active"",74]",-310.27408451650001,-106.5871703653
1448,247738519839330,"[""ring17"",""active"",75]",-309.71494964459998,-119.7496405696
1449,83298141352093,"[""ring17"",""active"",76]",-308.5976874996,-132.87652058680001
1450,221388406430441,"[""ring17"",""active"",77]",-306.92431146339999,-145.94415489170001
1451,114729982555594,"[""ring17"",""active"",78]",-304.6978370727,-158.92899472409999
1452,135528691957711,"[""ring17"",""active"",79]",-301.92227658489998,-171.80764052500001
1453,246907806449070,"[""ring17"",""active"",142]",301.92227658489998,-171.80764052500001
1454,275231421179683,"[""ring17"",""active"",143]",304.6978370727,-158.92899472409999
1455,52829172164163,"[""ring17"",""active"",144]",306.92431146339999,-145.94415489170001
1456,85863643510885,"[""ring17"",""active"",145]",308.5976874996,-132.87652058680001
1457,77224651492242,"[""ring17"",""active"",146]",309.71494964459998,-119.7496405696
1458,25844157282951,"[""ring17"",""active"",147]",310.27408451650001,-106.5871703653
1459,5762012480086,"[""ring18"",""active"",0]",323.3919472481,-93.401904394300004
1460,129057732237894,"[""ring18"",""active"",1]",322.85369326720001,-80.216695061799996
1461,51662000541937,"[""ring18"",""active"",2]",321.778081176,-67.064413087999995
1462,161470488071468,"[""ring18"",""active"",3]",320.16690122469998,-53.966949148300003
1463,257999781074935,"[""ring18"",""active"",4]",318.02283506330002,-40.946102678700001
1464,164472754128888,"[""ring18"",""active"",5]",315.34945127840001,-28.023545593200001
1465,200667525256665,"[""ring18"",""active"",6]",312.15119945340001,-15.2207862128
1466,194821771349612,"[""ring18"",""active"",7]",308.43340276279997,-2.5591334669000001
1467,243893772504631,"[""ring18"",""active"",8]",304.20224911240001,9.9403385729
1468,108839338023775,"[""ring18"",""active"",9]",299.46478083980003,22.256825769199999
1469,46628578844218,"[""ring18"",""active"",10]",294.22888299340002,34.369828544299999
1470,191875740936992,"[""ring18"",""active"",11]",288.50327020840001,46.259186000699998
1471,64564087161774,"[""ring18"",""active"",12]",282.2974722024,57.905109476200003
1472,150850869635148,"[""ring18"",""active"",13]",275.62181791360001,69.2882154805
1473,45627480635122,"[""ring18"",""active"",14]",268.48741830969999,80.389557957099996
1474,157516067797918,"[""ring18"",""active"",15]",260.90614789490002,91.190659816899995
1475,39262183685514,"[""ring18"",""active"",16]",252.89062494550001,101.67354369189999
1476,102511923753351,"[""ring18"",""active"",17]",244.45419050839999,111.8207618564
1477,185400548692230,"[""ring18"",""active"",18]",235.61088619629999,121.6154252672
1478,120160480246547,"[""ring18"",""active"",19]",226.3754308163,131.0412316737
1479,206709256324027,"[""ring18"",""active"",20]",216.76319587250001,140.0824927514
1480,110112206687254,"[""ring18"",""active"",21]",206.79017998130001,148.72416021340001
1481,116048700908079,"[""ring18"",""active"",22]",196.4729822436,156.9518508571
1482,57082595673925,"[""ring18"",""active"",23]",185.82877461659999,164.7518705034
1483,165592498746466,"[""ring18"",""active"",24]",174.87527333360001,172.11123678940001
1484,64066666316926,"[""ring18"",""active"",25]",163.63070941640001,179.0177007762
1485,211214046366219,"[""ring18"",""active"",26]",152.1137983319,185.45976733609999
1486,33930819274805,"[""ring18"",""active"",27]",140.34370884219999,191.42671428509999
1487,231046789370253,"[""ring18"",""active"",28]",128.34003109939999,196.90861022870001
1488,166126953148753,"[""ring18"",""active"",29]",116.1227440407,201.8963310924
1489,123197998121212,"[""ring18"",""active"",30]",103.7121821345,206.38157530679999
1490,20760280086707,"[""ring18"",""active"",31]",91.129001536499999,210.35687762559999
1491,102876901691900,"[""ring18"",""active"",32]",78.394145708899998,213.8156215505
1492,51205666606287,"[""ring18"",""active"",33]",65.528810562299995,216.75205034359999
1493,278351613325182,"[""ring18"",""active"",34]",52.5544091776,219.16127660879999
1494,214993254887475,"[""ring18"",""active"",35]",39.492536165399997,221.03929042690001
1495,115614104738572,"[""ring18"",""active"",36]",26.364931724200002,222.3829660291
1496,253931963245466,"[""ring18"",""active"",37]",13.193445455999999,223.19006700009999
1497,169345275459016,"[""ring18"",""active"",38]",0,223.45925
1498,186816254639434,"[""ring18"",""active"",39]",-13.193445455999999,223.19006700009999
1499,13293680560939,"[""ring18"",""active"",40]",-26.364931724200002,222.3829660291
1500,7434663066545,"[""ring18"",""active"",41]",-39.492536165399997,221.03929042690001
1501,175362438616906,"[""ring18"",""active"",42]",-52.5544091776,219.16127660879999
1502,49667682937252,"[""ring18"",""active"",43]",-65.528810562299995,216.75205034359999
1503,236690274872400,"[""ring18"",""active"",44]",-78.394145708899998,213.8156215505
1504,205901654929942,"[""ring18"",""active"",45]",-91.129001536499999,210.35687762559999
1505,133038285563845,"[""ring18"",""active"",46]",-103.7121821345,206.38157530679999
1506,97557644461165,"[""ring18"",""active"",47]",-116.1227440407,201.8963310924
1507,116287721881500,"[""ring18"",""active"",48]",-128.34003109939999,196.90861022870001
1508,123803214053936,"[""ring18"",""active"",49]",-140.34370884219999,191.42671428509999
1509,228958550534608,"[""ring18"",""active"",50]",-152.1137983319,185.45976733609999
1510,222332739817851,"[""ring18"",""active"",51]",-163.63070941640001,179.0177007762
1511,145186145822296,"[""ring18"",""active"",52]",-174.87527333360001,172.11123678940001
1512,190595490196150,"[""ring18"",""active"",53]",-185.82877461659999,164.7518705034
1513,100727241466520,"[""ring18"",""active"",54]",-196.4729822436,156.9518508571
1514,129661906765590,"[""ring18"",""active"",55]",-206.79017998130001,148.72416021340001
1515,234850321170973,"[""ring18"",""active"",56]",-216.76319587250001,140.0824927514
1516,73234966483171,"[""ring18"",""active"",57]",-226.3754308163,131.0412316737
1517,252365840156568,"[""ring18"",""active"",58]",-235.61088619629999,121.6154252672
1518,87153313961211,"[""ring18"",""active"",59]",-244.45419050839999,111.8207618564
1519,142409163373394,"[""ring18"",""active"",60]",-252.89062494550001,101.67354369189999
1520,48128680187867,"[""ring18"",""active"",61]",-260.90614789490002,91.190659816899995
1521,44462215873291,"[""ring18"",""active"",62]",-268.48741830969999,80.389557957099996
1522,60710795197036,"[""ring18"",""active"",63]",-275.62181791360001,69.2882154805
1523,14029063300297,"[""ring18"",""active"",64]",-282.2974722024,57.905109476200003
1524,66410244609533,"[""ring18"",""active"",65]",-288.50327020840001,46.259186000699998
1525,91673403325969,"[""ring18"",""active"",66]",-294.22888299340002,34.369828544299999
1526,59860204061184,"[""ring18"",""active"",67]",-299.46478083980003,22.256825769199999
1527,162944862596564,"[""ring18"",""active"",68]",-304.20224911240001,9.9403385729
1528,150477590376457,"[""ring18"",""active"",69]",-308.43340276279997,-2.5591334669000001
1529,65527687264022,"[""ring18"",""active"",70]",-312.15119945340001,-15.2207862128
1530,249390348373101,"[""ring18"",""active"",71]",-315.34945127840001,-28.023545593200001
1531,262921644860004,"[""ring18"",""active"",72]",-318.02283506330002,-40.946102678700001
1532,251842229762754,"[""ring18"",""active"",73]",-320.16690122469998,-53.966949148300003
1533,144017493423444,"[""ring18"",""active"",74]",-321.778081176,-67.064413087999995
1534,100377099933099,"[""ring18"",""active"",75]",-322.85369326720001,-80.216695061799996
1535,147427115862132,"[""ring18"",""active"",76]",-323.3919472481,-93.401904394300004
1536,162052305224799,"[""ring18"",""active"",77]",-323.3919472481,-106.5980956057
1537,177328063126791,"[""ring18"",""active"",78]",-322.85369326720001,-119.7833049382
1538,201306233856411,"[""ring18"",""active"",79]",-321.778081176,-132.93558691199999
1539,80384939527472,"[""ring18"",""active"",151]",321.778081176,-132.93558691199999
1540,160932634190881,"[""ring18"",""active"",152]",322.85369326720001,-119.7833049382
1541,86185192178947,"[""ring18"",""active"",153]",323.3919472481,-106.5980956057
1542,80417162532152,"[""ring19"",""active"",0]",336.51042547039998,-93.432839272999999
1543,164174908366175,"[""ring19"",""active"",1]",335.99797560019999,-80.308518521600007
1544,6909989444034,"[""ring19"",""active"",2]",334.97385623650001,-67.214184648300005
1545,198461130717884,"[""ring19"",""active"",3]",333.43962694419997,-54.169778163799997
1546,258789264602960,"[""ring19"",""active"",4]",331.39762410140003,-41.195163547299998
1547,42167234651988,"[""ring19"",""active"",5]",328.85095734150002,-28.310098996800001
1548,2327218371915,"[""ring19"",""active"",6]",325.80350481800002,-15.534206340200001
1549,6790610267480,"[""ring19"",""active"",7]",322.25990729839998,-2.8869411546000001
1550,133349311851532,"[""ring19"",""active"",8]",318.22556109710001,9.6124368613000009
1551,54768823658163,"[""ring19"",""active"",9]",313.70660985810002,21.944893216600001
1552,57360425040979,"[""ring19"",""active"",10]",308.70993519849998,34.091647614499998
1553,3265448839071,"[""ring19"",""active"",11]",303.2431462298,46.034202551600004
1554,96812547267648,"[""ring19"",""active"",12]",297.31456796980001,57.754371486799997
1555,135766017480940,"[""ring19"",""active"",13]",290.93322866509999,69.234306536099993
1556,239300882133747,"[""ring19"",""active"",14]",284.10884604300003,80.456525651899995
1557,11427387278160,"[""ring19"",""active"",15]",276.85181251260002,91.403939245700002
1558,233906880639778,"[""ring19"",""active"",16]",269.17317933869998,102.0598762123
1559,25519697885984,"[""ring19"",""active"",17]",261.0846398132,112.40810931759999
1560,35693125326166,"[""ring19"",""active"",18]",252.59851144749999,122.4328799093
1561,254271760492824,"[""ring19"",""active"",19]",243.72771721539999,132.1189219156
1562,15342883159364,"[""ring19"",""active"",20]",234.48576587310001,141.45148509200001
1563,140087184077929,"[""ring19"",""active"",21]",224.88673138819999,150.4163574845
1564,133516759985974,"[""ring19"",""active"",22]",214.9452315067,158.99988707099999
1565,25664232707452,"[""ring19"",""active"",23]",204.67640549309999,167.18900255189999
1566,87560163203732,"[""ring19"",""active"",24]",194.0958910757,174.97123325499999
1567,93188402482093,"[""ring19"",""active"",25]",183.21980063239999,182.3347281268
1568,105712438482977,"[""ring19"",""active"",26]",172.06469665520001,189.2682737792
1569,95390922516384,"[""ring19"",""active"",27]",160.6475665273,195.76131156580001
1570,11752238171204,"[""ring19"",""active"",28]",148.98579665459999,201.8039536611
1571,156410186679370,"[""ring19"",""active"",29]",137.09714598900001,207.38699811789999
1572,226620961609507,"[""ring19"",""active"",30]",124.9997189844,212.5019428805
1573,204503545529657,"[""ring19"",""active"",31]",112.7119380266,217.14099873169999
1574,200890586498772,"[""ring19"",""active"",32]",100.25251537929999,221.2971011546
1575,152803476474171,"[""ring19"",""active"",33]",87.640424687800007,224.96392109089999
1576,272708853521373,"[""ring19"",""active"",34]",74.894872085900005,228.13587457860001
1577,265837752506308,"[""ring19"",""active"",35]",62.035266947799997,230.80813125579999
1578,19477370167863,"[""ring19"",""active"",36]",49.081192330999997,232.9766217163
1579,38289667248126,"[""ring19"",""active"",37]",36.0523751542,234.63804370689999
1580,245276864947409,"[""ring19"",""active"",38]",22.968656157000002,235.7898671559
1581,128528741801345,"[""ring19"",""active"",39]",9.8499596852,236.43033802619999
1582,209397250092406,"[""ring19"",""active"",40]",-3.2837366504999999,236.55848098640001
1583,186912821600874,"[""ring19"",""active"",41]",-16.412432396900002,236.1741008958
1584,139553662965706,"[""ring19"",""active"",42]",-29.516134716,235.2777831018
1585,93806919789147,"[""ring19"",""active"",43]",-42.574888830699997,233.87089254879999
1586,163644871786656,"[""ring19"",""active"",44]",-55.568808412499997,231.95557169879999
1587,137172614678648,"[""ring19"",""active"",45]",-68.478105865200007,229.53473726959999
1588,32485782020197,"[""ring19"",""active"",46]",-81.283122458199998,226.6120757928
1589,152875726376527,"[""ring19"",""active"",47]",-93.964358263500003,223.19203799970001
1590,244155150709629,"[""ring19"",""active"",48]",-106.5025018507,219.27983204360001
1591,73235561139386,"[""ring19"",""active"",49]",-118.87845969529999,214.88141556900001
1592,130226342297397,"[""ring19"",""active"",50]",-131.07338525500001,210.00348663849999
1593,12290890876818,"[""ring19"",""active"",51]",-143.0687076696,204.65347353350001
1594,207502900180019,"[""ring19"",""active"",52]",-154.8461600418,198.83952344119999
1595,115215119629411,"[""ring19"",""active"",53]",-166.3878072544,192.57049004870001
1596,41657173831006,"[""ring19"",""active"",54]",-177.67607328240001,185.8559200597
1597,268654797521524,"[""ring19"",""active"",55]",-188.69376795880001,178.70603865679999
1598,34723539270648,"[""ring19"",""active"",56]",-199.42411315179999,171.13173393
1599,160236057663466,"[""ring19"",""active"",57]",-209.85076831570001,163.14454029589999
1600,9247724698969,"[""ring19"",""active"",58]",-219.95785537469999,154.75662093299999
1601,99675956044625,"[""ring19"",""active"",59]",-229.72998290219999,145.9807492589
1602,170954525565605,"[""ring19"",""active"",60]",-239.1522695601,136.83028947849999
1603,32464463123110,"[""ring19"",""active"",61]",-248.21036676,127.3191762327
1604,60188997605917,"[""ring19"",""active"",62]",-256.8904805139,117.4618933782
1605,4210324774030,"[""ring19"",""active"",63]",-265.17939244029998,107.2734519306
1606,248007543782829,"[""ring19"",""active"",64]",-273.0644798939,96.769367205699993
1607,203505867274245,"[""ring19"",""active"",65]",-280.53373518680002,85.965635191999993
1608,50282950338760,"[""ring19"",""active"",66]",-287.57578387550001,74.878708191200005
1609,126918555497847,"[""ring19"",""active"",67]",-294.17990208139997,63.525469764299999
1610,64567352066092,"[""ring19"",""active"",68]",-300.33603282180002,51.923209020599998
1611,35410024593946,"[""ring19"",""active"",69]",-306.03480132499999,40.089594289600001
1612,240389882602176,"[""ring19"",""active"",70]",-311.26752930660001,28.042646214400001
1613,190560676712574,"[""ring19"",""active"",71]",-316.02624818509997,15.800710309899999
1614,274949299100779,"[""ring19"",""active"",72]",-320.30371121659999,3.382429025
1615,123329586181351,"[""ring19"",""active"",73]",-324.09340453039999,-9.1932866462000007
1616,185162908392774,"[""ring19"",""active"",74]",-327.38955704879999,-21.9072859632
1617,207665246418798,"[""ring19"",""active"",75]",-330.18714927510001,-34.7402076021
1618,54063286344905,"[""ring19"",""active"",76]",-332.48192093789999,-47.672509140199999
1619,154833855350422,"[""ring19"",""active"",77]",-334.2703774785,-60.684496815300001
1620,50713802602784,"[""ring19"",""active"",78]",-335.54979537240001,-73.756355516699998
1621,32112557538704,"[""ring19"",""active"",79]",-336.3182262775,-86.868178959700003
1622,185682095003971,"[""ring20"",""active"",4]",344.6897838941,-41.077388600799999
1623,154410032273212,"[""ring20"",""active"",5]",342.22947563349999,-28.153585595999999
1624,59575505862370,"[""ring20"",""active"",6]",339.28477981959998,-15.3314731566
1625,224170047728808,"[""ring20"",""active"",7]",335.85986434019998,-2.629199549
1626,78194818953670,"[""ring20"",""active"",8]",331.95957678000002,9.9352565790000007
1627,122608968701962,"[""ring20"",""active"",9]",327.58943756010001,22.3441116447
1628,202598441108029,"[""ring20"",""active"",10]",322.75563212370002,34.579802301400001
1629,94934668134722,"[""ring20"",""active"",11]",317.46500218189999,46.625010297300001
1630,53729414262073,"[""ring20"",""active"",12]",311.72503602990002,58.462686987300003
1631,224944812445364,"[""ring20"",""active"",13]",305.54385794770002,70.076077463900006
1632,249173392196016,"[""ring20"",""active"",14]",298.93021670180002,81.448744271400003
1633,165941016518796,"[""ring20"",""active"",15]",291.89347316179999,92.564590671800005
1634,57522986425160,"[""ring20"",""active"",16]",284.44358705140002,103.40788342739999
1635,80287007484599,"[""ring20"",""active"",17]",276.5911028511,113.96327506999999
1636,165763592646768,"[""ring20"",""active"",18]",268.34713487430002,124.215825623
1637,169889807896768,"[""ring20"",""active"",19]",259.72335153580002,134.15102374759999
1638,66342759838077,"[""ring20"",""active"",20]",250.7319588366,143.75480728190001
1639,169736278969944,"[""ring20"",""active"",21]",241.3856830876,153.01358314410001
1640,32796543426627,"[""ring20"",""active"",22]",231.6977528969,161.9142465724
1641,68332999914388,"[""ring20"",""active"",23]",221.68188044639999,170.4441996731
1642,194588380487749,"[""ring20"",""active"",24]",211.35224208349999,178.59136925129999
1643,98954439059017,"[""ring20"",""active"",25]",200.72345825630001,186.34422389970001
1644,105731197563646,"[""ring20"",""active"",26]",189.8105728196,193.6917903193
1645,192113044057481,"[""ring20"",""active"",27]",178.62903174260001,200.6236688516
1646,267354279475119,"[""ring20"",""active"",28]",167.1946612461,207.13004819759999
1647,231516307735255,"[""ring20"",""active"",29]",155.52364540310001,213.20171930500001
1648,172206806907177,"[""ring20"",""active"",30]",143.63250323130001,218.8300884022
1649,149507773042685,"[""ring20"",""active"",31]",131.5380653128,224.00718916229999
1650,200156666146780,"[""ring20"",""active"",32]",119.257449972,228.72569397789999
1651,18611197678508,"[""ring20"",""active"",33]",106.8080390466,232.97892433320001
1652,177718223928633,"[""ring20"",""active"",34]",94.207453285699998,236.7608602562
1653,256455196178599,"[""ring20"",""active"",35]",81.473527409300004,240.06614883949999
1654,235323863538756,"[""ring20"",""active"",36]",68.624284865600004,242.89011181679999
1655,15943802155415,"[""ring20"",""active"",37]",55.677912320499999,245.2287521842
1656,185280901634515,"[""ring20"",""active"",38]",42.652733916700001,247.0787598579
1657,79836920781692,"[""ring20"",""active"",39]",29.567185337600002,248.4375163588
1658,106353068916056,"[""ring20"",""active"",40]",16.439787714000001,249.303098519
1659,137382016993202,"[""ring20"",""active"",41]",3.2891214092999999,249.67428120380001
1660,124080633610874,"[""ring20"",""active"",42]",-9.8662002789999992,249.55053904569999
1661,72798260696514,"[""ring20"",""active"",43]",-23.0075574641,248.93204718769999
1662,53669186850719,"[""ring20"",""active"",44]",-36.116350024399999,247.81968103599999
1663,81721533174650,"[""ring20"",""active"",45]",-49.174023929900002,246.21501502039999
1664,188361387199280,"[""ring20"",""active"",46]",-62.162097503399998,244.12032036639999
1665,269629187836502,"[""ring20"",""active"",47]",-75.062187579099998,241.5385618798
1666,70877225213662,"[""ring20"",""active"",48]",-87.856035521999999,238.47339375109999
1667,224518187708682,"[""ring20"",""active"",49]",-100.5255330711,234.9291543832
1668,55892366820952,"[""ring20"",""active"",50]",-113.0527479694,230.91086025039999
1669,102521658914127,"[""ring20"",""active"",51]",-125.4199493449,226.42419879869999
1670,56062407163641,"[""ring20"",""active"",52]",-137.60963280710001,221.4755203958
1671,137664004298440,"[""ring20"",""active"",53]",-149.6045452221,216.0718293425
1672,61579366192012,"[""ring20"",""active"",54]",-161.38770913280001,210.2207739593
1673,1950715800013,"[""ring20"",""active"",55]",-172.9424467883,203.9306357607
1674,79442100847761,"[""ring20"",""active"",56]",-184.25240374949999,197.21031773409999
1675,141739552123550,"[""ring20"",""active"",57]",-195.30157203709999,190.0693317379
1676,66207696425752,"[""ring20"",""active"",58]",-206.07431278889999,182.51778503950001
1677,152948188147364,"[""ring20"",""active"",59]",-216.55537839510001,174.56636600869999
1678,191647137491667,"[""ring20"",""active"",60]",-226.72993407929999,166.22632899000001
1679,58280605015421,"[""ring20"",""active"",61]",-236.5835788956,157.50947837309999
1680,104286687855580,"[""ring20"",""active"",62]",-246.10236611190001,148.42815188540001
1681,52556045685329,"[""ring20"",""active"",63]",-255.2728229491,138.995203129
1682,176751109349285,"[""ring20"",""active"",64]",-264.0819696511,129.22398338799999
1683,151869936480162,"[""ring20"",""active"",65]",-272.51733785580001,119.1283227313
1684,159404042683435,"[""ring20"",""active"",66]",-280.56698824279999,108.7225104377
1685,58318370150846,"[""ring20"",""active"",67]",-288.21952743219998,98.021274770700003
1686,230169472788567,"[""ring20"",""active"",68]",-295.46412411040001,87.039762132899995
1687,33426951964673,"[""ring20"",""active"",69]",-302.290524361,75.793515627399998
1688,125406603809863,"[""ring20"",""active"",70]",-308.6890661777,64.2984530584
1689,41483773868676,"[""ring20"",""active"",71]",-314.65069314020002,52.570844401800002
1690,139662029704486,"[""ring20"",""active"",72]",-320.16696723209998,40.627288775899999
1691,111518255249667,"[""ring20"",""active"",73]",-325.23008078430001,28.484690948400001
1692,228794599588889,"[""ring20"",""active"",74]",-329.8328675258,16.160237408499999
1693,128228961783974,"[""ring20"",""active"",75]",-333.9688127265,3.6713720420999998
1694,98361663629905,"[""ring20"",""active"",76]",-337.6320624187,-8.9642285585000003
1695,168827426811671,"[""ring20"",""active"",77]",-340.81743168200001,-21.728680113500001
1696,8014908708169,"[""ring20"",""active"",78]",-343.5204119823,-34.603915969200003
1697,28451691466524,"[""ring20"",""active"",79]",-345.73717755339999,-47.571712669
1698,34993949294007,"[""ring21"",""active"",7]",349.4283808902,-2.3922408132999999
1699,275515080803394,"[""ring21"",""active"",8]",345.65371019169999,10.2314866801
1700,281389260332159,"[""ring21"",""active"",9]",341.4231484979,22.709827213499999
1701,190871916934041,"[""ring21"",""active"",10]",336.74227559849999,35.026322803200003
1702,143133634176524,"[""ring21"",""active"",11]",331.6172652093,47.164728926899997
1703,244690956127829,"[""ring21"",""active"",12]",326.05487682990002,59.109035948500001
1704,204448031959903,"[""ring21"",""active"",13]",320.06244682800002,70.843490234300006
1705,258294407032245,"[""ring21"",""active"",14]",313.64787876399998,82.352614930100003
1706,177609762776696,"[""ring21"",""active"",15]",306.8196329658,93.6212303744
1707,105172938710935,"[""ring21"",""active"",16]",299.58671537129999,104.63447411919999
1708,127223541188007,"[""ring21"",""active"",17]",291.95866564940002,115.37782053230001
1709,214406591817547,"[""ring21"",""active"",18]",283.94554461839999,125.8370999556
1710,29583187833191,"[""ring21"",""active"",19]",275.55792097649999,135.99851739389999
1711,212140445188074,"[""ring21"",""active"",20]",266.80685736240002,145.84867070909999
1712,152734073453297,"[""ring21"",""active"",21]",257.7038957643,155.374568297
1713,63523999754764,"[""ring21"",""active"",22]",248.26104229750001,164.56364622219999
1714,135574700611258,"[""ring21"",""active"",23]",238.4907513684,173.40378478860001
1715,183238173394401,"[""ring21"",""active"",24]",228.40590924899999,181.8833245248
1716,165259471032153,"[""ring21"",""active"",25]",218.01981708010001,189.9910815618
1717,257109685904341,"[""ring21"",""active"",26]",207.3461733286,197.71636238369999
1718,277706360066451,"[""ring21"",""active"",27]",196.39905572000001,205.0489779319
1719,238621239644679,"[""ring21"",""active"",28]",185.1929026713,211.97925704310001
1720,25746603470639,"[""ring21"",""active"",29]",173.7424942472,218.49805920559999
1721,2136767469297,"[""ring21"",""active"",30]",162.06293266700001,224.5967866144
1722,266919169064262,"[""ring21"",""active"",31]",150.16962238549999,230.26739551099999
1723,187103468035798,"[""ring21"",""active"",32]",138.07824977569999,235.50240679300001
1724,108319536364705,"[""ring21"",""active"",33]",125.8047624399,240.29491587800001
1725,151772599394285,"[""ring21"",""active"",34]",113.3653481759,244.63860181059999
1726,252725651360732,"[""ring21"",""active"",35]",100.7764136265,248.52773559869999
1727,81440726705628,"[""ring21"",""active"",36]",88.054562640300006,251.9571877704
1728,82986948758250,"[""ring21"",""active"",37]",75.216574372799997,254.92243513849999
1729,257286547541682,"[""ring21"",""active"",38]",62.279381155499998,257.41956676699999
1730,76379606568897,"[""ring21"",""active"",39]",49.260046163799998,259.44528912890001
1731,192360787972710,"[""ring21"",""active"",40]",36.175740912000002,260.99693045020001
1732,108887979063300,"[""ring21"",""active"",41]",23.043722605100001,262.0724442339
1733,9707543976464,"[""ring21"",""active"",42]",9.8813113779999995,262.67041195889999
1734,235051967456065,"[""ring21"",""active"",43]",-3.2941325483999999,262.79004495129999
1735,248568575966378,"[""ring21"",""active"",44]",-16.465231764199999,262.43118542410002
1736,56266112536894,"[""ring21"",""active"",45]",-29.614614589599999,261.59430668599998
1737,72309401645807,"[""ring21"",""active"",46]",-42.724937987300002,260.28051251630001
1738,137706384511391,"[""ring21"",""active"",47]",-55.7789104362,258.49153570980002
1739,97473119878354,"[""ring21"",""active"",48]",-68.759314738100002,256.229735791
1740,233950657086445,"[""ring21"",""active"",49]",-81.649030725299994,253.4980959024
1741,51430324629691,"[""ring21"",""active"",50]",-94.431057841200001,250.30021886949999
1742,138958469651518,"[""ring21"",""active"",51]",-107.0885375629,246.64032244910001
1743,229986469746932,"[""ring21"",""active"",52]",-119.60477563569999,242.52323376690001
1744,211600126175996,"[""ring21"",""active"",53]",-131.963264092,237.95438295010001
1745,19476505624503,"[""ring21"",""active"",54]",-144.1477030241,232.93979596599999
1746,194052533287993,"[""ring21"",""active"",55]",-156.1420220823,227.48608667400001
1747,148123392631972,"[""ring21"",""active"",56]",-167.93040167059999,221.6004481025
1748,234270516919715,"[""ring21"",""active"",57]",-179.4972938116,215.29064296190001
1749,170295456254668,"[""ring21"",""active"",58]",-190.8274426527,208.56499340600001
1750,137666871444390,"[""ring21"",""active"",59]",-201.9059045882,201.43237005579999
1751,257621263878560,"[""ring21"",""active"",60]",-212.71806796800001,193.90218029979999
1752,65731315052332,"[""ring21"",""active"",61]",-223.24967236960001,185.98435588660001
1753,75842427205242,"[""ring21"",""active"",62]",-233.4868274067,177.68933982519999
1754,258035917648931,"[""ring21"",""active"",63]",-243.41603104910001,169.0280726119
1755,138750280357757,"[""ring21"",""active"",64]",-253.02418743129999,160.01197780050001
1756,163038539327807,"[""ring21"",""active"",65]",-262.29862412450001,150.6529469354
1757,91528293230572,"[""ring21"",""active"",66]",-271.22710885110001,140.96332386750001
1758,164722565347743,"[""ring21"",""active"",67]",-279.79786561780003,130.9558884738
1759,18741108580529,"[""ring21"",""active"",68]",-287.99959024719999,120.6438398017
1760,22655680139135,"[""ring21"",""active"",69]",-295.82146528729999,110.04077866039999
1761,209251381934845,"[""ring21"",""active"",70]",-303.25317427909999,99.160689682099999
1762,166984755071973,"[""ring21"",""active"",71]",-310.28491536259997,88.017922878199997
1763,209168461923326,"[""ring21"",""active"",72]",-316.90741420529997,76.627174711899997
1764,269584347076417,"[""ring21"",""active"",73]",-323.1119362343,65.003468714899995
1765,237349919418326,"[""ring21"",""active"",74]",-328.89029815599997,53.162135672799998
1766,112085597460893,"[""ring21"",""active"",75]",-334.23487875000001,41.1187934047
1767,32976345520012,"[""ring21"",""active"",76]",-339.13862892020001,28.889326164500002
1768,38340988529189,"[""ring21"",""active"",77]",-343.5950809926,16.489863690699998
1769,112378154584070,"[""ring21"",""active"",78]",-347.59835724530001,3.9367599328999998
1770,33303182028197,"[""ring22"",""active"",11]",346.03641463610001,46.883743504500003
1771,224875896278474,"[""ring22"",""active"",12]",340.6994498798,58.870762608100002
1772,228819173469228,"[""ring22"",""active"",13]",334.94739532450001,70.664222159700003
1773,66837460426742,"[""ring22"",""active"",14]",328.78725896280002,82.249753645400006
1774,59709388449451,"[""ring22"",""active"",15]",322.22654597180002,93.613241879699999
1775,194472066619383,"[""ring22"",""active"",16]",315.2732495697,104.74084220260001
1776,52358747611243,"[""ring22"",""active"",17]",307.9358412771,115.61899734719999
1777,231475696044089,"[""ring22"",""active"",18]",300.2232605959,126.2344539571
1778,118966798040174,"[""ring22"",""active"",19]",292.14490411740002,136.57427873360001
1779,9899031480923,"[""ring22"",""active"",20]",283.7106140747,146.6258741929
1780,141502903083873,"[""ring22"",""active"",21]",274.9306663511,156.37699401430001
1781,172862148257048,"[""ring22"",""active"",22]",265.8157579603,165.8157579603
1782,106659757751851,"[""ring22"",""active"",23]",256.37699401430001,174.9306663511
1783,221208546924957,"[""ring22"",""active"",24]",246.6258741929,183.7106140747
1784,195504718181077,"[""ring22"",""active"",25]",236.57427873360001,192.14490411739999
1785,10820651053037,"[""ring22"",""active"",26]",226.23445395709999,200.2232605959
1786,237759111622489,"[""ring22"",""active"",27]",215.61899734720001,207.9358412771
1787,139164730123232,"[""ring22"",""active"",28]",204.74084220259999,215.2732495697
1788,92300581925034,"[""ring22"",""active"",29]",193.61324187970001,222.22654597179999
1789,122421230801569,"[""ring22"",""active"",30]",182.24975364540001,228.7872589628
1790,53178161524911,"[""ring22"",""active"",31]",170.66422215969999,234.94739532450001
1791,63467716104247,"[""ring22"",""active"",32]",158.87076260809999,240.6994498798
1792,167751271623566,"[""ring22"",""active"",33]",146.88374350449999,246.03641463610001
1793,182600265393067,"[""ring22"",""active"",34]",134.7177691851,250.95178732389999
1794,101933987258619,"[""ring22"",""active"",35]",122.3876620156,255.4395793189
1795,54673075798481,"[""ring22"",""active"",36]",109.90844433229999,259.49432293780001
1796,74116476765210,"[""ring22"",""active"",37]",97.295320139699996,263.11107809999999
1797,195055049209871,"[""ring22"",""active"",38]",84.563656586700006,266.28543834660002
1798,262792545052223,"[""ring22"",""active"",39]",71.728965244199998,269.01353620840001
1799,220117885923027,"[""ring22"",""active"",40]",58.806883206499997,271.29204791860002
1800,183675946504112,"[""ring22"",""active"",41]",45.813154040199997,273.11819746150002
1801,141117461512258,"[""ring22"",""active"",42]",32.763608602600002,274.48975995529997
1802,126577995742743,"[""ring22"",""active"",43]",19.674145754800001,275.40506436229998
1803,218212375497753,"[""ring22"",""active"",44]",6.5607129909999999,275.86299552510002
1804,270368623799371,"[""ring22"",""active"",45]",-6.5607129909999999,275.86299552510002
1805,122966240122593,"[""ring22"",""active"",46]",-19.674145754800001,275.40506436229998
1806,103981055132913,"[""ring22"",""active"",47]",-32.763608602600002,274.48975995529997
1807,107948464922574,"[""ring22"",""active"",48]",-45.813154040199997,273.11819746150002
1808,255949345494494,"[""ring22"",""active"",49]",-58.806883206499997,271.29204791860002
1809,34877087260188,"[""ring22"",""active"",50]",-71.728965244199998,269.01353620840001
1810,97377047622373,"[""ring22"",""active"",51]",-84.563656586700006,266.28543834660002
1811,277411555592790,"[""ring22"",""active"",52]",-97.295320139699996,263.11107809999999
1812,220503518175765,"[""ring22"",""active"",53]",-109.90844433229999,259.49432293780001
1813,190787266779524,"[""ring22"",""active"",54]",-122.3876620156,255.4395793189
1814,265597356022259,"[""ring22"",""active"",55]",-134.7177691851,250.95178732389999
1815,173042217884110,"[""ring22"",""active"",56]",-146.88374350449999,246.03641463610001
1816,132618413168491,"[""ring22"",""active"",57]",-158.87076260809999,240.6994498798
1817,210371789318722,"[""ring22"",""active"",58]",-170.66422215969999,234.94739532450001
1818,160040212516831,"[""ring22"",""active"",59]",-182.24975364540001,228.7872589628
1819,239005669868478,"[""ring22"",""active"",60]",-193.61324187970001,222.22654597179999
1820,110916036668362,"[""ring22"",""active"",61]",-204.74084220259999,215.2732495697
1821,26137534605234,"[""ring22"",""active"",62]",-215.61899734720001,207.9358412771
1822,166514487772148,"[""ring22"",""active"",63]",-226.23445395709999,200.2232605959
1823,238280713318919,"[""ring22"",""active"",64]",-236.57427873360001,192.14490411739999
1824,87541064405727,"[""ring22"",""active"",65]",-246.6258741929,183.7106140747
1825,155478646514206,"[""ring22"",""active"",66]",-256.37699401430001,174.9306663511
1826,108807271109195,"[""ring22"",""active"",67]",-265.8157579603,165.8157579603
1827,257725145122836,"[""ring22"",""active"",68]",-274.9306663511,156.37699401430001
1828,139744908749103,"[""ring22"",""active"",69]",-283.7106140747,146.6258741929
1829,1822815595464,"[""ring22"",""active"",70]",-292.14490411740002,136.57427873360001
1830,147882436203894,"[""ring22"",""active"",71]",-300.2232605959,126.2344539571
1831,28008124705650,"[""ring22"",""active"",72]",-307.9358412771,115.61899734719999
1832,45220370675439,"[""ring22"",""active"",73]",-315.2732495697,104.74084220260001
1833,245567369293603,"[""ring22"",""active"",74]",-322.22654597180002,93.613241879699999
1834,249354784235887,"[""ring22"",""active"",75]",-328.78725896280002,82.249753645400006
1835,11203696527796,"[""ring22"",""active"",76]",-334.94739532450001,70.664222159700003
1836,214726477187220,"[""ring22"",""active"",77]",-340.6994498798,58.870762608100002
1837,3948429331338,"[""ring22"",""active"",78]",-346.03641463610001,46.883743504500003
1838,260572544799711,"[""ring23"",""active"",15]",336.91462597399999,94.517750000000007
1839,175509771518871,"[""ring23"",""active"",16]",330.15274303659999,105.78577823960001
1840,278917884124648,"[""ring23"",""active"",17]",323.01414983030003,116.81900117310001
1841,198605637543972,"[""ring23"",""active"",18]",315.50699161929998,127.604829693
1842,242252960866190,"[""ring23"",""active"",19]",307.63983420739999,138.1309569734
1843,16161931824324,"[""ring23"",""active"",20]",299.42165416400002,148.38537251209999
1844,229833085620917,"[""ring23"",""active"",21]",290.8618285814,158.35637583490001
1845,17795509507080,"[""ring23"",""active"",22]",281.97012437609999,168.0325898461
1846,242947255580395,"[""ring23"",""active"",23]",272.75668714369999,177.40297380999999
1847,170428988699174,"[""ring23"",""active"",24]",263.23202958339999,186.4568359486
1848,106293823328493,"[""ring23"",""active"",25]",253.40701950210001,195.18384564089999
1849,111469565484485,"[""ring23"",""active"",26]",243.29286741460001,203.57404521039999
1850,76780221903879,"[""ring23"",""active"",27]",232.9011137519,211.61786128739999
1851,25128352658261,"[""ring23"",""active"",28]",222.2436156935,219.30611573179999
1852,134124510805259,"[""ring23"",""active"",29]",211.332533638,226.63003610569999
1853,229840037737798,"[""ring23"",""active"",30]",200.1803173278,233.5812656832
1854,106613257445133,"[""ring23"",""active"",31]",188.7996916443,240.1518729851
1855,207198314463800,"[""ring23"",""active"",32]",177.2036420876,246.33436082950001
1856,166065304027098,"[""ring23"",""active"",33]",165.40539996070001,252.12167488540001
1857,265405380967139,"[""ring23"",""active"",34]",153.41842727189999,257.5072117226
1858,45186216161021,"[""ring23"",""active"",35]",141.2564013745,262.4848263458
1859,4460143286361,"[""ring23"",""active"",36]",128.9331993607,267.04883920650002
1860,37371492208123,"[""ring23"",""active"",37]",116.4628822275,271.1940426832
1861,26524453641855,"[""ring23"",""active"",38]",103.859678833,274.91570702349998
1862,43334649312220,"[""ring23"",""active"",39]",91.137969660799996,278.20958574100001
1863,196867025681636,"[""ring23"",""active"",40]",78.312270412000004,281.07192046009999
1864,132559118074572,"[""ring23"",""active"",41]",65.397215441900002,283.4994452052
1865,38204869768324,"[""ring23"",""active"",42]",52.4075410628,285.4893901264
1866,182710248943602,"[""ring23"",""active"",43]",39.358068728500001,287.03948466039998
1867,220362098886556,"[""ring23"",""active"",44]",26.2636881239,288.14796012139999
1868,92680825303001,"[""ring23"",""active"",45]",13.139340174699999,288.81355171860002
1869,198407378591608,"[""ring23"",""active"",46]",0,289.03550000000001
1870,92836036995502,"[""ring23"",""active"",47]",-13.139340174699999,288.81355171860002
1871,104822327260968,"[""ring23"",""active"",48]",-26.2636881239,288.14796012139999
1872,117623883448496,"[""ring23"",""active"",49]",-39.358068728500001,287.03948466039998
1873,276270131586084,"[""ring23"",""active"",50]",-52.4075410628,285.4893901264
1874,209741499560634,"[""ring23"",""active"",51]",-65.397215441900002,283.4994452052
1875,143961677220138,"[""ring23"",""active"",52]",-78.312270412000004,281.07192046009999
1876,182942892498471,"[""ring23"",""active"",53]",-91.137969660799996,278.20958574100001
1877,16215891065952,"[""ring23"",""active"",54]",-103.859678833,274.91570702349998
1878,278744439925560,"[""ring23"",""active"",55]",-116.4628822275,271.1940426832
1879,273808916878422,"[""ring23"",""active"",56]",-128.9331993607,267.04883920650002
1880,56800991338401,"[""ring23"",""active"",57]",-141.2564013745,262.4848263458
1881,169617879114393,"[""ring23"",""active"",58]",-153.41842727189999,257.5072117226
1882,121930626409342,"[""ring23"",""active"",59]",-165.40539996070001,252.12167488540001
1883,120678061666484,"[""ring23"",""active"",60]",-177.2036420876,246.33436082950001
1884,247016266106142,"[""ring23"",""active"",61]",-188.7996916443,240.1518729851
1885,242738715196904,"[""ring23"",""active"",62]",-200.1803173278,233.5812656832
1886,180753170342963,"[""ring23"",""active"",63]",-211.332533638,226.63003610569999
1887,258950298849356,"[""ring23"",""active"",64]",-222.2436156935,219.30611573179999
1888,134326307652931,"[""ring23"",""active"",65]",-232.9011137519,211.61786128739999
1889,189743711453430,"[""ring23"",""active"",66]",-243.29286741460001,203.57404521039999
1890,56977596792422,"[""ring23"",""active"",67]",-253.40701950210001,195.18384564089999
1891,90851163978647,"[""ring23"",""active"",68]",-263.23202958339999,186.4568359486
1892,42533723503559,"[""ring23"",""active"",69]",-272.75668714369999,177.40297380999999
1893,191561531231348,"[""ring23"",""active"",70]",-281.97012437609999,168.0325898461
1894,275829676214121,"[""ring23"",""active"",71]",-290.8618285814,158.35637583490001
1895,112753908648638,"[""ring23"",""active"",72]",-299.42165416400002,148.38537251209999
1896,163518635563795,"[""ring23"",""active"",73]",-307.63983420739999,138.1309569734
1897,161254553905642,"[""ring23"",""active"",74]",-315.50699161929998,127.604829693
1898,50216016787134,"[""ring23"",""active"",75]",-323.01414983030003,116.81900117310001
1899,84337015256086,"[""ring23"",""active"",76]",-330.15274303659999,105.78577823960001
1900,71043794003371,"[""ring23"",""active"",77]",-336.91462597399999,94.517750000000007
1901,38027884145492,"[""ring24"",""active"",20]",314.99935366739999,150.00126582620001
1902,73701012990134,"[""ring24"",""active"",21]",306.65088694640002,160.17390195900001
1903,74521510415387,"[""ring24"",""active"",22]",297.97405077479999,170.0679373609
1904,148584988045990,"[""ring24"",""active"",23]",288.97813652629998,179.6727772511
1905,240627842932181,"[""ring24"",""active"",24]",279.6727772511,188.97813652630001
1906,193773095316661,"[""ring24"",""active"",25]",270.06793736089998,197.97405077479999
1907,222980411534294,"[""ring24"",""active"",26]",260.17390195899998,206.65088694639999
1908,141561099459772,"[""ring24"",""active"",27]",250.00126582620001,214.99935366739999
1909,196536086807655,"[""ring24"",""active"",28]",239.56092207610001,223.0105111906
1910,197827550994298,"[""ring24"",""active"",29]",228.8640504903,230.67578096790001
1911,248074285415363,"[""ring24"",""active"",30]",217.9221055468,237.9869548364
1912,60940640924950,"[""ring24"",""active"",31]",206.7468041544,244.9362038081
1913,252416097513859,"[""ring24"",""active"",32]",195.3501131056,251.51608645300001
1914,74342450093514,"[""ring24"",""active"",33]",183.74423626270001,257.71955686799998
1915,20225666753970,"[""ring24"",""active"",34]",171.94160148930001,263.53997222160001
1916,151155694842940,"[""ring24"",""active"",35]",159.9548473424,268.9710998672
1917,162328731185936,"[""ring24"",""active"",36]",147.79680953850001,274.00712401739997
1918,166959468841107,"[""ring24"",""active"",37]",135.48050720910001,278.64265197140003
1919,5850206264174,"[""ring24"",""active"",38]",123.0191289591,282.87271988970002
1920,98472940468487,"[""ring24"",""active"",39]",110.4260187445,286.69279810960001
1921,19701828127026,"[""ring24"",""active"",40]",97.714661583199998,290.09879599560003
1922,221181631788393,"[""ring24"",""active"",41]",84.898669114800001,293.08706632000002
1923,182196156155851,"[""ring24"",""active"",42]",71.991765025000007,295.65440916810002
1924,210384393170808,"[""ring24"",""active"",43]",59.007770350100003,297.79807536470003
1925,52054821784230,"[""ring24"",""active"",44]",45.960588676599997,299.51576941849999
1926,137073483869227,"[""ring24"",""active"",45]",32.8641912537,300.80565197959999
1927,236363147489794,"[""ring24"",""active"",46]",19.732602031500001,301.66634180950001
1928,185063562080671,"[""ring24"",""active"",47]",6.5798826448999996,302.09691725990001
1929,125335396341710,"[""ring24"",""active"",48]",-6.5798826448999996,302.09691725990001
1930,47660881120559,"[""ring24"",""active"",49]",-19.732602031500001,301.66634180950001
1931,195681711238749,"[""ring24"",""active"",50]",-32.8641912537,300.80565197959999
1932,146364132776263,"[""ring24"",""active"",51]",-45.960588676599997,299.51576941849999
1933,242006095312795,"[""ring24"",""active"",52]",-59.007770350100003,297.79807536470003
1934,24568865142898,"[""ring24"",""active"",53]",-71.991765025000007,295.65440916810002
1935,235637730874526,"[""ring24"",""active"",54]",-84.898669114800001,293.08706632000002
1936,43717075562995,"[""ring24"",""active"",55]",-97.714661583199998,290.09879599560003
1937,92826395622882,"[""ring24"",""active"",56]",-110.4260187445,286.69279810960001
1938,100771691659703,"[""ring24"",""active"",57]",-123.0191289591,282.87271988970002
1939,148853577847673,"[""ring24"",""active"",58]",-135.48050720910001,278.64265197140003
1940,115338910477986,"[""ring24"",""active"",59]",-147.79680953850001,274.00712401739997
1941,91085862702413,"[""ring24"",""active"",60]",-159.9548473424,268.9710998672
1942,180430180510315,"[""ring24"",""active"",61]",-171.94160148930001,263.53997222160001
1943,242310311901251,"[""ring24"",""active"",62]",-183.74423626270001,257.71955686799998
1944,174985283718676,"[""ring24"",""active"",63]",-195.3501131056,251.51608645300001
1945,177304213362875,"[""ring24"",""active"",64]",-206.7468041544,244.9362038081
1946,280885304589792,"[""ring24"",""active"",65]",-217.9221055468,237.9869548364
1947,181707612634253,"[""ring24"",""active"",66]",-228.8640504903,230.67578096790001
1948,272292974374781,"[""ring24"",""active"",67]",-239.56092207610001,223.0105111906
1949,197742970690053,"[""ring24"",""active"",68]",-250.00126582620001,214.99935366739999
1950,225338406389378,"[""ring24"",""active"",69]",-260.17390195899998,206.65088694639999
1951,23481573933285,"[""ring24"",""active"",70]",-270.06793736089998,197.97405077479999
1952,27281225297101,"[""ring24"",""active"",71]",-279.6727772511,188.97813652630001
1953,184672686012349,"[""ring24"",""active"",72]",-288.97813652629998,179.6727772511
1954,29410985394741,"[""ring24"",""active"",73]",-297.97405077479999,170.0679373609
1955,124396721192526,"[""ring24"",""active"",74]",-306.65088694640002,160.17390195900001
1956,247916299868933,"[""ring24"",""active"",75]",-314.99935366739999,150.00126582620001
1957,228454111711432,"[""ring25"",""active"",25]",286.56635078210002,200.54213906769999
1958,156775336642785,"[""ring25"",""active"",26]",276.88649576839998,209.4829869591
1959,67777379234803,"[""ring25"",""active"",27]",266.92783952410002,218.11221171619999
1960,47993321589188,"[""ring25"",""active"",28]",256.70040957190002,226.42112444150001
1961,125710786495711,"[""ring25"",""active"",29]",246.2145040668,234.40135876389999
1962,82504666956167,"[""ring25"",""active"",30]",235.4806814268,242.044879264
1963,88988495367815,"[""ring25"",""active"",31]",224.5097497015,249.3439895647
1964,118336863109641,"[""ring25"",""active"",32]",213.31275568909999,256.2913400804
1965,33071995459555,"[""ring25"",""active"",33]",201.9009738135,262.87993541830002
1966,230431841370738,"[""ring25"",""active"",34]",190.28589477169999,269.10314142110002
1967,179199003408098,"[""ring25"",""active"",35]",178.47921396359999,274.95469184810003
1968,162669639183760,"[""ring25"",""active"",36]",166.49281971619999,280.42869468399999
1969,210291710557967,"[""ring25"",""active"",37]",154.33878131220001,285.51963807189998
1970,244632226173872,"[""ring25"",""active"",38]",142.0293368383,290.22239586329999
1971,36510009265828,"[""ring25"",""active"",39]",129.57688086140001,294.53223277979998
1972,222353969637681,"[""ring25"",""active"",40]",116.9939519493,298.44480918099998
1973,193373059910139,"[""ring25"",""active"",41]",104.29322004470001,301.95618543410001
1974,253352043236311,"[""ring25"",""active"",42]",91.487473708099998,305.06282588080001
1975,266255656553962,"[""ring25"",""active"",43]",78.589607240600003,307.76160239749998
1976,173683184817233,"[""ring25"",""active"",44]",65.612607700300003,310.04979754509998
1977,51005463727040,"[""ring25"",""active"",45]",52.569541825800002,311.92510730499998
1978,140989840786449,"[""ring25"",""active"",46]",39.473542878799996,313.38564339919998
1979,2255754440157,"[""ring25"",""active"",47]",26.337797420099999,314.42993519179998
1980,120286578660717,"[""ring25"",""active"",48]",13.175532032,315.05693116930001
1981,175793760023825,"[""ring25"",""active"",49]",-0,315.26600000000002
1982,49137254083481,"[""ring25"",""active"",50]",-13.175532032,315.05693116930001
1983,74374311193287,"[""ring25"",""active"",51]",-26.337797420099999,314.42993519179998
1984,276790812181886,"[""ring25"",""active"",52]",-39.473542878799996,313.38564339919998
1985,83644482308735,"[""ring25"",""active"",53]",-52.569541825800002,311.92510730499998
1986,163175264289921,"[""ring25"",""active"",54]",-65.612607700300003,310.04979754509998
1987,205539540028178,"[""ring25"",""active"",55]",-78.589607240600003,307.76160239749998
1988,127466556638726,"[""ring25"",""active"",56]",-91.487473708099998,305.06282588080001
1989,221865701010109,"[""ring25"",""active"",57]",-104.29322004470001,301.95618543410001
1990,256100426937860,"[""ring25"",""active"",58]",-116.9939519493,298.44480918099998
1991,122509725981241,"[""ring25"",""active"",59]",-129.57688086140001,294.53223277979998
1992,4993059664279,"[""ring25"",""active"",60]",-142.0293368383,290.22239586329999
1993,125920944004859,"[""ring25"",""active"",61]",-154.33878131220001,285.51963807189998
1994,147317463386880,"[""ring25"",""active"",62]",-166.49281971619999,280.42869468399999
1995,260379782544562,"[""ring25"",""active"",63]",-178.47921396359999,274.95469184810003
1996,168476051491059,"[""ring25"",""active"",64]",-190.28589477169999,269.10314142110002
1997,10616337233747,"[""ring25"",""active"",65]",-201.9009738135,262.87993541830002
1998,154401146165217,"[""ring25"",""active"",66]",-213.31275568909999,256.2913400804
1999,45326395321126,"[""ring25"",""active"",67]",-224.5097497015,249.3439895647
2000,49507025687669,"[""ring25"",""active"",68]",-235.4806814268,242.044879264
2001,259499417272873,"[""ring25"",""active"",69]",-246.2145040668,234.40135876389999
2002,127792590929921,"[""ring25"",""active"",70]",-256.70040957190002,226.42112444150001
2003,85960775799929,"[""ring25"",""active"",71]",-266.92783952410002,218.11221171619999
2004,237889203989733,"[""ring25"",""active"",72]",-276.88649576839998,209.4829869591
2005,80749341375228,"[""ring25"",""active"",73]",-286.56635078210002,200.54213906769999
2006,7870127271612,"[""ring26"",""active"",32]",232.85414652899999,259.56841045319999
2007,172889424647471,"[""ring26"",""active"",33]",221.7258502135,266.53532257979998
2008,80821069530537,"[""ring26"",""active"",34]",210.38928024000001,273.1579372219
2009,234719118302147,"[""ring26"",""active"",35]",198.85508538420001,279.43003356140002
2010,52045198113719,"[""ring26"",""active"",36]",187.1341000571,285.34572003250003
2011,183157162850742,"[""ring26"",""active"",37]",175.23733412729999,290.8994398557
2012,136144764463232,"[""ring26"",""active"",38]",163.17596257939999,296.08597625750002
2013,205695171795823,"[""ring26"",""active"",39]",150.96131501689999,300.90045737060001
2014,127306246615159,"[""ring26"",""active"",40]",138.60486502009999,305.33836081020002
2015,223806985894447,"[""ring26"",""active"",41]",126.11821936840001,309.39551792240002
2016,244354508444845,"[""ring26"",""active"",42]",113.51310713789999,313.06811769910001
2017,120112043799369,"[""ring26"",""active"",43]",100.80136868380001,316.35271035869999
2018,123297861072270,"[""ring26"",""active"",44]",87.994944518699995,319.24621058600002
2019,259328716769589,"[""ring26"",""active"",45]",75.105864095900003,321.7459004305
2020,5540729977930,"[""ring26"",""active"",46]",62.146234510500001,323.84943185959997
2021,128817495286612,"[""ring26"",""active"",47]",49.128229126400001,325.55482896389998
2022,12621325375734,"[""ring26"",""active"",48]",36.064076141699999,326.86048981329998
2023,178940822042277,"[""ring26"",""active"",49]",22.966047102000001,327.76518796189998
2024,23952590042241,"[""ring26"",""active"",50]",9.8464453741,328.26807359999998
2025,265132272943637,"[""ring26"",""active"",51]",-3.2824054115000001,328.3686743522
2026,43170172059622,"[""ring26"",""active"",52]",-16.4081729366,328.0668957213
2027,108109023426078,"[""ring26"",""active"",53]",-29.518527778799999,327.36302117679998
2028,212762680432467,"[""ring26"",""active"",54]",-42.601154993599998,326.25771188890002
2029,94350295489601,"[""ring26"",""active"",55]",-55.643765681799998,324.75200610749999
2030,22781247148274,"[""ring26"",""active"",56]",-68.634108532799999,322.84731818649999
2031,278475121399491,"[""ring26"",""active"",57]",-81.559981332800007,320.54543725569999
2032,180306898735464,"[""ring26"",""active"",58]",-94.409242426800006,317.84852554000003
2033,165528706291514,"[""ring26"",""active"",59]",-107.16982212320001,314.75911632859999
2034,169032926491513,"[""ring26"",""active"",60]",-119.8297340315,311.28011159490001
2035,228567730717014,"[""ring26"",""active"",61]",-132.37708632159999,307.41477927120002
2036,152993005518245,"[""ring26"",""active"",62]",-144.8000928937,303.16675017850002
2037,227255859649199,"[""ring26"",""active"",63]",-157.08708444999999,298.54001461659999
2038,175780829443969,"[""ring26"",""active"",64]",-169.22651945519999,293.538918615
2039,256210454338346,"[""ring26"",""active"",65]",-181.20699497859999,288.16815985139999
2040,225598712263367,"[""ring26"",""active"",66]",-193.0172574046,282.43278323850001
2041,161779759005630,"[""ring26"",""active"",67]",-204.64621300409999,276.3381761855
2042,45236188503151,"[""ring26"",""active"",68]",-216.0829383544,269.89006353740001
2043,9399744318143,"[""ring26"",""active"",69]",-227.31669060089999,263.09450219719997
2044,102463380670853,"[""ring26"",""active"",70]",-238.3369175473,255.95787543700001
2045,193882877176841,"[""ring27"",""active"",40]",157.5019897585,312.44670290160002
2046,99205272389929,"[""ring27"",""active"",41]",145.15208725529999,316.95327205540002
2047,131687885082017,"[""ring27"",""active"",42]",132.6734825378,321.0901406392
2048,280656371384859,"[""ring27"",""active"",43]",120.0772400287,324.85364060969999
2049,6433185154926,"[""ring27"",""active"",44]",107.37452845689999,328.2404349789
2050,17702591530861,"[""ring27"",""active"",45]",94.576610954200007,331.24752077279999
2051,207703751107717,"[""ring27"",""active"",46]",81.694835069099994,333.87223169420002
2052,124822604665979,"[""ring27"",""active"",47]",68.7406227046,336.11224048679998
2053,251869692717977,"[""ring27"",""active"",48]",55.725459991199997,337.96556099880002
2054,31018589125576,"[""ring27"",""active"",49]",42.660887102399997,339.43054994379997
2055,63111848319567,"[""ring27"",""active"",50]",29.558488022100001,340.50590835780002
2056,254144875854036,"[""ring27"",""active"",51]",16.4298802739,341.19068275119997
2057,59196330464688,"[""ring27"",""active"",52]",3.2867046197000001,341.48426595410001
2058,98638683206714,"[""ring27"",""active"",53]",-9.8593852618,341.38639765459999
2059,130197156033417,"[""ring27"",""active"",54]",-22.996733107699999,340.89716462979999
2060,100247184737288,"[""ring27"",""active"",55]",-36.113690406499998,340.01700066870001
2061,108335536169590,"[""ring27"",""active"",56]",-49.198626726299999,338.74668618750002
2062,15543082120689,"[""ring27"",""active"",57]",-62.239940027599999,337.08734753779999
2063,266916126787362,"[""ring27"",""active"",58]",-75.2260669498,335.0404560078
2064,223408876383796,"[""ring27"",""active"",59]",-88.145493064799993,332.60782651800002
2065,79205212476643,"[""ring27"",""active"",60]",-100.9867630861,329.79161601139998
2066,202531658477106,"[""ring27"",""active"",61]",-113.7384910258,326.59432154149999
2067,194118444900821,"[""ring27"",""active"",62]",-126.3893702907,323.0187780581
2068,236512242270589,"[""ring27"",""active"",63]",-138.92818370699999,319.06815589370001
2069,72233641107700,"[""ring27"",""active"",64]",-151.3438134667,314.74595795210001
