export_index,mirror_id,position_key,x,y
1,89904618064464,"[""hex-band"",10,0,0]",110.5,0
2,278346033341436,"[""hex-band"",10,0,1]",104.97499999999999,9.5695807118000005
3,177323706621083,"[""hex-band"",10,0,2]",99.450000000000003,19.139161423600001
4,275563573785371,"[""hex-band"",10,0,8]",66.299999999999997,76.556645694500006
5,224071872910899,"[""hex-band"",10,0,9]",60.774999999999999,86.126226406399994
6,255117604682208,"[""hex-band"",10,1,0]",55.25,95.695807118199994
7,105245893851088,"[""hex-band"",10,1,1]",44.200000000000003,95.695807118199994
8,195452634905345,"[""hex-band"",10,1,2]",33.149999999999999,95.695807118199994
9,215692473942463,"[""hex-band"",10,1,8]",-33.149999999999999,95.695807118199994
10,206020418947876,"[""hex-band"",10,1,9]",-44.200000000000003,95.695807118199994
11,67600813541500,"[""hex-band"",10,2,0]",-55.25,95.695807118199994
12,59869326812629,"[""hex-band"",10,2,1]",-60.774999999999999,86.126226406399994
13,244994884214128,"[""hex-band"",10,2,2]",-66.299999999999997,76.556645694500006
14,144507812617364,"[""hex-band"",10,2,8]",-99.450000000000003,19.139161423600001
15,138433268632805,"[""hex-band"",10,2,9]",-104.97499999999999,9.5695807118000005
16,1533875686683,"[""hex-band"",10,3,0]",-110.5,0
17,75464367817410,"[""hex-band"",10,3,1]",-104.97499999999999,-9.5695807118000005
18,6220332736254,"[""hex-band"",10,3,2]",-99.450000000000003,-19.139161423600001
19,280107329565572,"[""hex-band"",10,3,8]",-66.299999999999997,-76.556645694500006
20,144012505710847,"[""hex-band"",10,3,9]",-60.774999999999999,-86.126226406399994
21,37155753701037,"[""hex-band"",10,4,0]",-55.25,-95.695807118199994
22,280756153409610,"[""hex-band"",10,4,1]",-44.200000000000003,-95.695807118199994
23,11156119872906,"[""hex-band"",10,4,2]",-33.149999999999999,-95.695807118199994
24,36105700325758,"[""hex-band"",10,4,8]",33.149999999999999,-95.695807118199994
25,82671876788899,"[""hex-band"",10,4,9]",44.200000000000003,-95.695807118199994
26,74564245450559,"[""hex-band"",10,5,0]",55.25,-95.695807118199994
27,181331855708057,"[""hex-band"",10,5,1]",60.774999999999999,-86.126226406399994
28,183677429999757,"[""hex-band"",10,5,2]",66.299999999999997,-76.556645694500006
29,167128585885071,"[""hex-band"",10,5,8]",99.450000000000003,-19.139161423600001
30,62319368229771,"[""hex-band"",10,5,9]",104.97499999999999,-9.5695807118000005
31,153189874031512,"[""hex-band"",11,0,0]",121.55,0
32,240412278914398,"[""hex-band"",11,0,1]",116.02500000000001,9.5695807118000005
33,275528122189541,"[""hex-band"",11,0,2]",110.5,19.139161423600001
34,17028557315594,"[""hex-band"",11,0,3]",104.97499999999999,28.7087421355
35,144878093907021,"[""hex-band"",11,0,4]",99.450000000000003,38.278322847299997
36,206179143997496,"[""hex-band"",11,0,5]",93.924999999999997,47.847903559099997
37,208955478078024,"[""hex-band"",11,0,6]",88.400000000000006,57.417484270899998
38,157713449424452,"[""hex-band"",11,0,7]",82.875,66.987064982700005
39,79663288311742,"[""hex-band"",11,0,8]",77.349999999999994,76.556645694500006
40,260363571250693,"[""hex-band"",11,0,9]",71.825000000000003,86.126226406399994
41,7231455433911,"[""hex-band"",11,0,10]",66.299999999999997,95.695807118199994
42,176473955952466,"[""hex-band"",11,1,0]",60.774999999999999,105.26538782999999
43,229269183430037,"[""hex-band"",11,1,1]",49.725000000000001,105.26538782999999
44,152232605824603,"[""hex-band"",11,1,2]",38.674999999999997,105.26538782999999
45,71319363180275,"[""hex-band"",11,1,3]",27.625,105.26538782999999
46,10914015125390,"[""hex-band"",11,1,4]",16.574999999999999,105.26538782999999
47,209650717723858,"[""hex-band"",11,1,5]",5.5250000000000004,105.26538782999999
48,16698139039894,"[""hex-band"",11,1,6]",-5.5250000000000004,105.26538782999999
49,69696978933011,"[""hex-band"",11,1,7]",-16.574999999999999,105.26538782999999
50,90770907946586,"[""hex-band"",11,1,8]",-27.625,105.26538782999999
51,157657742313900,"[""hex-band"",11,1,9]",-38.674999999999997,105.26538782999999
52,260039499101912,"[""hex-band"",11,1,10]",-49.725000000000001,105.26538782999999
53,120463441666170,"[""hex-band"",11,2,0]",-60.774999999999999,105.26538782999999
54,236027974321111,"[""hex-band"",11,2,1]",-66.299999999999997,95.695807118199994
55,258517554260625,"[""hex-band"",11,2,2]",-71.825000000000003,86.126226406399994
56,196162943096446,"[""hex-band"",11,2,3]",-77.349999999999994,76.556645694500006
57,43055927466783,"[""hex-band"",11,2,4]",-82.875,66.987064982700005
58,36401444875153,"[""hex-band"",11,2,5]",-88.400000000000006,57.417484270899998
59,46340083281544,"[""hex-band"",11,2,6]",-93.924999999999997,47.847903559099997
60,108286705995337,"[""hex-band"",11,2,7]",-99.450000000000003,38.278322847299997
61,56694295567632,"[""hex-band"",11,2,8]",-104.97499999999999,28.7087421355
62,228916784188497,"[""hex-band"",11,2,9]",-110.5,19.139161423600001
63,264079712264287,"[""hex-band"",11,2,10]",-116.02500000000001,9.5695807118000005
64,243238263156700,"[""hex-band"",11,3,0]",-121.55,0
65,20869853658198,"[""hex-band"",11,3,1]",-116.02500000000001,-9.5695807118000005
66,187588110057734,"[""hex-band"",11,3,2]",-110.5,-19.139161423600001
67,259031836353772,"[""hex-band"",11,3,3]",-104.97499999999999,-28.7087421355
68,92177258930757,"[""hex-band"",11,3,4]",-99.450000000000003,-38.278322847299997
69,261554616392934,"[""hex-band"",11,3,5]",-93.924999999999997,-47.847903559099997
70,190223169976436,"[""hex-band"",11,3,6]",-88.400000000000006,-57.417484270899998
71,138387082483771,"[""hex-band"",11,3,7]",-82.875,-66.987064982700005
72,5936470234243,"[""hex-band"",11,3,8]",-77.349999999999994,-76.556645694500006
73,200303165851684,"[""hex-band"",11,3,9]",-71.825000000000003,-86.126226406399994
74,179050913619602,"[""hex-band"",11,3,10]",-66.299999999999997,-95.695807118199994
75,70734596816709,"[""hex-band"",11,4,0]",-60.774999999999999,-105.26538782999999
76,132396308358834,"[""hex-band"",11,4,1]",-49.725000000000001,-105.26538782999999
77,256853190115680,"[""hex-band"",11,4,2]",-38.674999999999997,-105.26538782999999
78,43830207481730,"[""hex-band"",11,4,3]",-27.625,-105.26538782999999
79,273283303755760,"[""hex-band"",11,4,4]",-16.574999999999999,-105.26538782999999
80,275344161273608,"[""hex-band"",11,4,5]",-5.5250000000000004,-105.26538782999999
81,221706970523184,"[""hex-band"",11,4,6]",5.5250000000000004,-105.26538782999999
82,678515161710,"[""hex-band"",11,4,7]",16.574999999999999,-105.26538782999999
83,237070424355595,"[""hex-band"",11,4,8]",27.625,-105.26538782999999
84,152115906367490,"[""hex-band"",11,4,9]",38.674999999999997,-105.26538782999999
85,101297234378893,"[""hex-band"",11,4,10]",49.725000000000001,-105.26538782999999
86,220946225149750,"[""hex-band"",11,5,0]",60.774999999999999,-105.26538782999999
87,215976871463620,"[""hex-band"",11,5,1]",66.299999999999997,-95.695807118199994
88,109799970619614,"[""hex-band"",11,5,2]",71.825000000000003,-86.126226406399994
89,31537197169660,"[""hex-band"",11,5,3]",77.349999999999994,-76.556645694500006
90,141688957179651,"[""hex-band"",11,5,4]",82.875,-66.987064982700005
91,179993127561501,"[""hex-band"",11,5,5]",88.400000000000006,-57.417484270899998
92,212049274706934,"[""hex-band"",11,5,6]",93.924999999999997,-47.847903559099997
93,177863450437620,"[""hex-band"",11,5,7]",99.450000000000003,-38.278322847299997
94,165123955546890,"[""hex-band"",11,5,8]",104.97499999999999,-28.7087421355
95,253177551580986,"[""hex-band"",11,5,9]",110.5,-19.139161423600001
96,229503601224378,"[""hex-band"",11,5,10]",116.02500000000001,-9.5695807118000005
97,146790922420656,"[""hex-band"",12,0,0]",132.59999999999999,0
98,50499689404535,"[""hex-band"",12,0,1]",127.075,9.5695807118000005
99,122342691442469,"[""hex-band"",12,0,2]",121.55,19.139161423600001
100,38741126285183,"[""hex-band"",12,0,3]",116.02500000000001,28.7087421355
101,231284995081504,"[""hex-band"",12,0,4]",110.5,38.278322847299997
102,225490188677966,"[""hex-band"",12,0,5]",104.97499999999999,47.847903559099997
103,267794638135180,"[""hex-band"",12,0,6]",99.450000000000003,57.417484270899998
104,88520675205682,"[""hex-band"",12,0,7]",93.924999999999997,66.987064982700005
105,238825606687135,"[""hex-band"",12,0,8]",88.400000000000006,76.556645694500006
106,48873765080342,"[""hex-band"",12,0,9]",82.875,86.126226406399994
107,182206212093754,"[""hex-band"",12,0,10]",77.349999999999994,95.695807118199994
108,178306814925449,"[""hex-band"",12,0,11]",71.825000000000003,105.26538782999999
109,174303916202366,"[""hex-band"",12,1,0]",66.299999999999997,114.8349685418
110,242822572962631,"[""hex-band"",12,1,1]",55.25,114.8349685418
111,281435064245271,"[""hex-band"",12,1,2]",44.200000000000003,114.8349685418
112,155069851139912,"[""hex-band"",12,1,3]",33.149999999999999,114.8349685418
113,61339523627770,"[""hex-band"",12,1,4]",22.100000000000001,114.8349685418
114,253240753052662,"[""hex-band"",12,1,5]",11.050000000000001,114.8349685418
115,229009583568750,"[""hex-band"",12,1,6]",0,114.8349685418
116,110903855869588,"[""hex-band"",12,1,7]",-11.050000000000001,114.8349685418
117,259658379633096,"[""hex-band"",12,1,8]",-22.100000000000001,114.8349685418
118,74266446450040,"[""hex-band"",12,1,9]",-33.149999999999999,114.8349685418
119,226286276109516,"[""hex-band"",12,1,10]",-44.200000000000003,114.8349685418
120,169235791257023,"[""hex-band"",12,1,11]",-55.25,114.8349685418
121,117937354484107,"[""hex-band"",12,2,0]",-66.299999999999997,114.8349685418
122,219757636121032,"[""hex-band"",12,2,1]",-71.825000000000003,105.26538782999999
123,35612362782156,"[""hex-band"",12,2,2]",-77.349999999999994,95.695807118199994
124,46639056168315,"[""hex-band"",12,2,3]",-82.875,86.126226406399994
125,123589898328340,"[""hex-band"",12,2,4]",-88.400000000000006,76.556645694500006
126,146260826751562,"[""hex-band"",12,2,5]",-93.924999999999997,66.987064982700005
127,120548681186564,"[""hex-band"",12,2,6]",-99.450000000000003,57.417484270899998
128,150534760744571,"[""hex-band"",12,2,7]",-104.97499999999999,47.847903559099997
129,247201299275302,"[""hex-band"",12,2,8]",-110.5,38.278322847299997
130,271946601262280,"[""hex-band"",12,2,9]",-116.02500000000001,28.7087421355
131,21708508138883,"[""hex-band"",12,2,10]",-121.55,19.139161423600001
132,265754388044411,"[""hex-band"",12,2,11]",-127.075,9.5695807118000005
133,30411183859251,"[""hex-band"",12,3,0]",-132.59999999999999,0
134,166302607510144,"[""hex-band"",12,3,1]",-127.075,-9.5695807118000005
135,17869129087078,"[""hex-band"",12,3,2]",-121.55,-19.139161423600001
136,187541238596124,"[""hex-band"",12,3,3]",-116.02500000000001,-28.7087421355
137,204288487503921,"[""hex-band"",12,3,4]",-110.5,-38.278322847299997
138,116316732120640,"[""hex-band"",12,3,5]",-104.97499999999999,-47.847903559099997
139,137707475973211,"[""hex-band"",12,3,6]",-99.450000000000003,-57.417484270899998
140,272414163012702,"[""hex-band"",12,3,7]",-93.924999999999997,-66.987064982700005
141,194945863272242,"[""hex-band"",12,3,8]",-88.400000000000006,-76.556645694500006
142,67106962953241,"[""hex-band"",12,3,9]",-82.875,-86.126226406399994
143,34604938764943,"[""hex-band"",12,3,10]",-77.349999999999994,-95.695807118199994
144,19423641866985,"[""hex-band"",12,3,11]",-71.825000000000003,-105.26538782999999
145,279966804695459,"[""hex-band"",12,4,0]",-66.299999999999997,-114.8349685418
146,147161093678494,"[""hex-band"",12,4,1]",-55.25,-114.8349685418
147,41310639069051,"[""hex-band"",12,4,2]",-44.200000000000003,-114.8349685418
148,43981739894554,"[""hex-band"",12,4,3]",-33.149999999999999,-114.8349685418
149,124121343271844,"[""hex-band"",12,4,4]",-22.100000000000001,-114.8349685418
150,141464618033261,"[""hex-band"",12,4,5]",-11.050000000000001,-114.8349685418
151,197897013595157,"[""hex-band"",12,4,6]",0,-114.8349685418
152,40539965940612,"[""hex-band"",12,4,7]",11.050000000000001,-114.8349685418
153,88914227476885,"[""hex-band"",12,4,8]",22.100000000000001,-114.8349685418
154,55123481297883,"[""hex-band"",12,4,9]",33.149999999999999,-114.8349685418
155,186790265827907,"[""hex-band"",12,4,10]",44.200000000000003,-114.8349685418
156,35637851789039,"[""hex-band"",12,4,11]",55.25,-114.8349685418
157,11164151434121,"[""hex-band"",12,5,0]",66.299999999999997,-114.8349685418
158,116164255541382,"[""hex-band"",12,5,1]",71.825000000000003,-105.26538782999999
159,75227080610486,"[""hex-band"",12,5,2]",77.349999999999994,-95.695807118199994
160,134715498883849,"[""hex-band"",12,5,3]",82.875,-86.126226406399994
161,153813569158249,"[""hex-band"",12,5,4]",88.400000000000006,-76.556645694500006
162,11820283705204,"[""hex-band"",12,5,5]",93.924999999999997,-66.987064982700005
163,184012306912625,"[""hex-band"",12,5,6]",99.450000000000003,-57.417484270899998
164,119611443665031,"[""hex-band"",12,5,7]",104.97499999999999,-47.847903559099997
165,160700819315072,"[""hex-band"",12,5,8]",110.5,-38.278322847299997
166,250744431195498,"[""hex-band"",12,5,9]",116.02500000000001,-28.7087421355
167,124714590254959,"[""hex-band"",12,5,10]",121.55,-19.139161423600001
168,91670882417122,"[""hex-band"",12,5,11]",127.075,-9.5695807118000005
169,69555350630589,"[""hex-band"",13,0,0]",143.65000000000001,0
170,40662886654065,"[""hex-band"",13,0,1]",138.125,9.5695807118000005
171,83934908876773,"[""hex-band"",13,0,2]",132.59999999999999,19.139161423600001
172,41638843280213,"[""hex-band"",13,0,3]",127.075,28.7087421355
173,275908030693144,"[""hex-band"",13,0,4]",121.55,38.278322847299997
174,28244214077752,"[""hex-band"",13,0,5]",116.02500000000001,47.847903559099997
175,254413689136265,"[""hex-band"",13,0,6]",110.5,57.417484270899998
176,244012985895872,"[""hex-band"",13,0,7]",104.97499999999999,66.987064982700005
177,223515432283264,"[""hex-band"",13,0,8]",99.450000000000003,76.556645694500006
178,194621901044911,"[""hex-band"",13,0,9]",93.924999999999997,86.126226406399994
179,143927768118125,"[""hex-band"",13,0,10]",88.400000000000006,95.695807118199994
180,278336733461073,"[""hex-band"",13,0,11]",82.875,105.26538782999999
181,194998621578182,"[""hex-band"",13,0,12]",77.349999999999994,114.8349685418
182,262997427547024,"[""hex-band"",13,1,0]",71.825000000000003,124.4045492536
183,105807764202739,"[""hex-band"",13,1,1]",60.774999999999999,124.4045492536
184,240076024820603,"[""hex-band"",13,1,2]",49.725000000000001,124.4045492536
185,270395461996760,"[""hex-band"",13,1,3]",38.674999999999997,124.4045492536
186,260763522094417,"[""hex-band"",13,1,4]",27.625,124.4045492536
187,139185481376976,"[""hex-band"",13,1,5]",16.574999999999999,124.4045492536
188,241806086325726,"[""hex-band"",13,1,6]",5.5250000000000004,124.4045492536
189,106685888860178,"[""hex-band"",13,1,7]",-5.5250000000000004,124.4045492536
190,265533450351955,"[""hex-band"",13,1,8]",-16.574999999999999,124.4045492536
191,48412176434409,"[""hex-band"",13,1,9]",-27.625,124.4045492536
192,254230798140059,"[""hex-band"",13,1,10]",-38.674999999999997,124.4045492536
193,16604965764617,"[""hex-band"",13,1,11]",-49.725000000000001,124.4045492536
194,29301980458594,"[""hex-band"",13,1,12]",-60.774999999999999,124.4045492536
195,6342167325607,"[""hex-band"",13,2,0]",-71.825000000000003,124.4045492536
196,205387399329187,"[""hex-band"",13,2,1]",-77.349999999999994,114.8349685418
197,31576099617909,"[""hex-band"",13,2,2]",-82.875,105.26538782999999
198,155348272212373,"[""hex-band"",13,2,3]",-88.400000000000006,95.695807118199994
199,72986731195544,"[""hex-band"",13,2,4]",-93.924999999999997,86.126226406399994
200,55061459849205,"[""hex-band"",13,2,5]",-99.450000000000003,76.556645694500006
201,186136989051325,"[""hex-band"",13,2,6]",-104.97499999999999,66.987064982700005
202,2166446701338,"[""hex-band"",13,2,7]",-110.5,57.417484270899998
203,204611909141200,"[""hex-band"",13,2,8]",-116.02500000000001,47.847903559099997
204,247442533882217,"[""hex-band"",13,2,9]",-121.55,38.278322847299997
205,129861518656581,"[""hex-band"",13,2,10]",-127.075,28.7087421355
206,266569196569164,"[""hex-band"",13,2,11]",-132.59999999999999,19.139161423600001
207,125018598961772,"[""hex-band"",13,2,12]",-138.125,9.5695807118000005
208,20901246463210,"[""hex-band"",13,3,0]",-143.65000000000001,0
209,55801601763428,"[""hex-band"",13,3,1]",-138.125,-9.5695807118000005
210,78742762328867,"[""hex-band"",13,3,2]",-132.59999999999999,-19.139161423600001
211,75286828196666,"[""hex-band"",13,3,3]",-127.075,-28.7087421355
212,122972312859154,"[""hex-band"",13,3,4]",-121.55,-38.278322847299997
213,192621965202897,"[""hex-band"",13,3,5]",-116.02500000000001,-47.847903559099997
214,227950892214684,"[""hex-band"",13,3,6]",-110.5,-57.417484270899998
215,155066289025551,"[""hex-band"",13,3,7]",-104.97499999999999,-66.987064982700005
216,41919185317433,"[""hex-band"",13,3,8]",-99.450000000000003,-76.556645694500006
217,122704835461708,"[""hex-band"",13,3,9]",-93.924999999999997,-86.126226406399994
218,93677020544830,"[""hex-band"",13,3,10]",-88.400000000000006,-95.695807118199994
219,155731814629612,"[""hex-band"",13,3,11]",-82.875,-105.26538782999999
220,271870630794992,"[""hex-band"",13,3,12]",-77.349999999999994,-114.8349685418
221,2202198738950,"[""hex-band"",13,4,0]",-71.825000000000003,-124.4045492536
222,218499158361670,"[""hex-band"",13,4,1]",-60.774999999999999,-124.4045492536
223,131219256012028,"[""hex-band"",13,4,2]",-49.725000000000001,-124.4045492536
224,49164607448423,"[""hex-band"",13,4,3]",-38.674999999999997,-124.4045492536
225,216061378100022,"[""hex-band"",13,4,4]",-27.625,-124.4045492536
226,190343948247824,"[""hex-band"",13,4,5]",-16.574999999999999,-124.4045492536
227,132026628202612,"[""hex-band"",13,4,6]",-5.5250000000000004,-124.4045492536
228,48044195436110,"[""hex-band"",13,4,7]",5.5250000000000004,-124.4045492536
229,67069787442612,"[""hex-band"",13,4,8]",16.574999999999999,-124.4045492536
230,115562487175916,"[""hex-band"",13,4,9]",27.625,-124.4045492536
231,134491681259123,"[""hex-band"",13,4,10]",38.674999999999997,-124.4045492536
232,137381878144778,"[""hex-band"",13,4,11]",49.725000000000001,-124.4045492536
233,86795514705281,"[""hex-band"",13,4,12]",60.774999999999999,-124.4045492536
234,80229852405869,"[""hex-band"",13,5,0]",71.825000000000003,-124.4045492536
235,155858580934219,"[""hex-band"",13,5,1]",77.349999999999994,-114.8349685418
236,138812124217486,"[""hex-band"",13,5,2]",82.875,-105.26538782999999
237,123819954583165,"[""hex-band"",13,5,3]",88.400000000000006,-95.695807118199994
238,80910363570965,"[""hex-band"",13,5,4]",93.924999999999997,-86.126226406399994
239,192276226297692,"[""hex-band"",13,5,5]",99.450000000000003,-76.556645694500006
240,180530819743717,"[""hex-band"",13,5,6]",104.97499999999999,-66.987064982700005
241,68141946955765,"[""hex-band"",13,5,7]",110.5,-57.417484270899998
242,188308247892896,"[""hex-band"",13,5,8]",116.02500000000001,-47.847903559099997
243,74674877293930,"[""hex-band"",13,5,9]",121.55,-38.278322847299997
244,96630520302892,"[""hex-band"",13,5,10]",127.075,-28.7087421355
245,34598735229668,"[""hex-band"",13,5,11]",132.59999999999999,-19.139161423600001
246,76325793499876,"[""hex-band"",13,5,12]",138.125,-9.5695807118000005
247,104552433444533,"[""hex-band"",14,0,0]",154.69999999999999,0
248,168880754338744,"[""hex-band"",14,0,1]",149.17500000000001,9.5695807118000005
249,50458691862069,"[""hex-band"",14,0,2]",143.65000000000001,19.139161423600001
250,27887023483763,"[""hex-band"",14,0,3]",138.125,28.7087421355
251,246063195867582,"[""hex-band"",14,0,4]",132.59999999999999,38.278322847299997
252,263624242021151,"[""hex-band"",14,0,5]",127.075,47.847903559099997
253,147837621493787,"[""hex-band"",14,0,6]",121.55,57.417484270899998
254,169046582480812,"[""hex-band"",14,0,7]",116.02500000000001,66.987064982700005
255,218778994981048,"[""hex-band"",14,0,8]",110.5,76.556645694500006
256,47201761296504,"[""hex-band"",14,0,9]",104.97499999999999,86.126226406399994
257,42554378542029,"[""hex-band"",14,0,10]",99.450000000000003,95.695807118199994
258,5093330953218,"[""hex-band"",14,0,11]",93.924999999999997,105.26538782999999
259,10157399936884,"[""hex-band"",14,0,12]",88.400000000000006,114.8349685418
260,196638726081398,"[""hex-band"",14,0,13]",82.875,124.4045492536
261,104483310974754,"[""hex-band"",14,1,0]",77.349999999999994,133.9741299655
262,268809013135831,"[""hex-band"",14,1,1]",66.299999999999997,133.9741299655
263,82372187750958,"[""hex-band"",14,1,2]",55.25,133.9741299655
264,43387795452148,"[""hex-band"",14,1,3]",44.200000000000003,133.9741299655
265,263379652708624,"[""hex-band"",14,1,4]",33.149999999999999,133.9741299655
266,141688170627236,"[""hex-band"",14,1,5]",22.100000000000001,133.9741299655
267,230247869296974,"[""hex-band"",14,1,6]",11.050000000000001,133.9741299655
268,15600588583948,"[""hex-band"",14,1,7]",0,133.9741299655
269,242669736797898,"[""hex-band"",14,1,8]",-11.050000000000001,133.9741299655
270,264581680765917,"[""hex-band"",14,1,9]",-22.100000000000001,133.9741299655
271,208697108726381,"[""hex-band"",14,1,10]",-33.149999999999999,133.9741299655
272,172350385716933,"[""hex-band"",14,1,11]",-44.200000000000003,133.9741299655
273,175581494704135,"[""hex-band"",14,1,12]",-55.25,133.9741299655
274,171039940519581,"[""hex-band"",14,1,13]",-66.299999999999997,133.9741299655
275,100213520434424,"[""hex-band"",14,2,0]",-77.349999999999994,133.9741299655
276,97362952347105,"[""hex-band"",14,2,1]",-82.875,124.4045492536
277,272336415320228,"[""hex-band"",14,2,2]",-88.400000000000006,114.8349685418
278,65826349253664,"[""hex-band"",14,2,3]",-93.924999999999997,105.26538782999999
279,132185601536353,"[""hex-band"",14,2,4]",-99.450000000000003,95.695807118199994
280,219706864609084,"[""hex-band"",14,2,5]",-104.97499999999999,86.126226406399994
281,63718526562655,"[""hex-band"",14,2,6]",-110.5,76.556645694500006
282,113160619070789,"[""hex-band"",14,2,7]",-116.02500000000001,66.987064982700005
283,42810699729242,"[""hex-band"",14,2,8]",-121.55,57.417484270899998
284,208063182875100,"[""hex-band"",14,2,9]",-127.075,47.847903559099997
285,158125880803573,"[""hex-band"",14,2,10]",-132.59999999999999,38.278322847299997
286,184375732270631,"[""hex-band"",14,2,11]",-138.125,28.7087421355
287,97859214930507,"[""hex-band"",14,2,12]",-143.65000000000001,19.139161423600001
288,6668035432681,"[""hex-band"",14,2,13]",-149.17500000000001,9.5695807118000005
289,54868047310679,"[""hex-band"",14,3,0]",-154.69999999999999,0
290,219387671005483,"[""hex-band"",14,3,1]",-149.17500000000001,-9.5695807118000005
291,174059073166420,"[""hex-band"",14,3,2]",-143.65000000000001,-19.139161423600001
292,26883909849444,"[""hex-band"",14,3,3]",-138.125,-28.7087421355
293,272521787513325,"[""hex-band"",14,3,4]",-132.59999999999999,-38.278322847299997
294,118423826764794,"[""hex-band"",14,3,5]",-127.075,-47.847903559099997
295,218310116844472,"[""hex-band"",14,3,6]",-121.55,-57.417484270899998
296,71803465337110,"[""hex-band"",14,3,7]",-116.02500000000001,-66.987064982700005
297,123932482719172,"[""hex-band"",14,3,8]",-110.5,-76.556645694500006
298,110178412477435,"[""hex-band"",14,3,9]",-104.97499999999999,-86.126226406399994
299,172597950512938,"[""hex-band"",14,3,10]",-99.450000000000003,-95.695807118199994
300,266587565598981,"[""hex-band"",14,3,11]",-93.924999999999997,-105.26538782999999
301,113700989403028,"[""hex-band"",14,3,12]",-88.400000000000006,-114.8349685418
302,135923717680055,"[""hex-band"",14,3,13]",-82.875,-124.4045492536
303,108904767949121,"[""hex-band"",14,4,0]",-77.349999999999994,-133.9741299655
304,265800708613213,"[""hex-band"",14,4,1]",-66.299999999999997,-133.9741299655
305,53762842604883,"[""hex-band"",14,4,2]",-55.25,-133.9741299655
306,226584797150810,"[""hex-band"",14,4,3]",-44.200000000000003,-133.9741299655
307,97260863328553,"[""hex-band"",14,4,4]",-33.149999999999999,-133.9741299655
308,185371135600664,"[""hex-band"",14,4,5]",-22.100000000000001,-133.9741299655
309,28513564837206,"[""hex-band"",14,4,6]",-11.050000000000001,-133.9741299655
310,100770446782432,"[""hex-band"",14,4,7]",-0,-133.9741299655
311,131475072638537,"[""hex-band"",14,4,8]",11.050000000000001,-133.9741299655
312,215308475687211,"[""hex-band"",14,4,9]",22.100000000000001,-133.9741299655
313,160503736472871,"[""hex-band"",14,4,10]",33.149999999999999,-133.9741299655
314,149489916915100,"[""hex-band"",14,4,11]",44.200000000000003,-133.9741299655
315,214375457858177,"[""hex-band"",14,4,12]",55.25,-133.9741299655
316,92633479744761,"[""hex-band"",14,4,13]",66.299999999999997,-133.9741299655
317,29722893422921,"[""hex-band"",14,5,0]",77.349999999999994,-133.9741299655
318,246962660307875,"[""hex-band"",14,5,1]",82.875,-124.4045492536
319,147601001709013,"[""hex-band"",14,5,2]",88.400000000000006,-114.8349685418
320,127081564632702,"[""hex-band"",14,5,3]",93.924999999999997,-105.26538782999999
321,172442440912050,"[""hex-band"",14,5,4]",99.450000000000003,-95.695807118199994
322,258743254887973,"[""hex-band"",14,5,5]",104.97499999999999,-86.126226406399994
323,50827598908627,"[""hex-band"",14,5,6]",110.5,-76.556645694500006
324,159274125505890,"[""hex-band"",14,5,7]",116.02500000000001,-66.987064982700005
325,164490931979721,"[""hex-band"",14,5,8]",121.55,-57.417484270899998
326,179158797743457,"[""hex-band"",14,5,9]",127.075,-47.847903559099997
327,25262615112265,"[""hex-band"",14,5,10]",132.59999999999999,-38.278322847299997
328,86847052901809,"[""hex-band"",14,5,11]",138.125,-28.7087421355
329,17440257715294,"[""hex-band"",14,5,12]",143.65000000000001,-19.139161423600001
330,189104528793940,"[""hex-band"",14,5,13]",149.17500000000001,-9.5695807118000005
331,196619825607547,"[""hex-band"",15,0,0]",165.75,0
332,33697263946241,"[""hex-band"",15,0,1]",160.22499999999999,9.5695807118000005
333,107423309467707,"[""hex-band"",15,0,2]",154.69999999999999,19.139161423600001
334,51881286704261,"[""hex-band"",15,0,3]",149.17500000000001,28.7087421355
335,205561360813020,"[""hex-band"",15,0,4]",143.65000000000001,38.278322847299997
336,228176672104704,"[""hex-band"",15,0,5]",138.125,47.847903559099997
337,13233365106211,"[""hex-band"",15,0,6]",132.59999999999999,57.417484270899998
338,66876686064358,"[""hex-band"",15,0,7]",127.075,66.987064982700005
339,218137076110381,"[""hex-band"",15,0,8]",121.55,76.556645694500006
340,62238979866297,"[""hex-band"",15,0,9]",116.02500000000001,86.126226406399994
341,4810008922874,"[""hex-band"",15,0,10]",110.5,95.695807118199994
342,24260306819572,"[""hex-band"",15,0,11]",104.97499999999999,105.26538782999999
343,210881236732980,"[""hex-band"",15,0,12]",99.450000000000003,114.8349685418
344,102423660332038,"[""hex-band"",15,0,13]",93.924999999999997,124.4045492536
345,215947162731488,"[""hex-band"",15,0,14]",88.400000000000006,133.9741299655
346,12276327053164,"[""hex-band"",15,1,0]",82.875,143.5437106773
347,122905558323580,"[""hex-band"",15,1,1]",71.825000000000003,143.5437106773
348,113995572083046,"[""hex-band"",15,1,2]",60.774999999999999,143.5437106773
349,117013199321609,"[""hex-band"",15,1,3]",49.725000000000001,143.5437106773
350,267503822611931,"[""hex-band"",15,1,4]",38.674999999999997,143.5437106773
351,62351987336369,"[""hex-band"",15,1,5]",27.625,143.5437106773
352,70555504379136,"[""hex-band"",15,1,6]",16.574999999999999,143.5437106773
353,229972447926457,"[""hex-band"",15,1,7]",5.5250000000000004,143.5437106773
354,90252933770733,"[""hex-band"",15,1,8]",-5.5250000000000004,143.5437106773
355,202620179915807,"[""hex-band"",15,1,9]",-16.574999999999999,143.5437106773
356,187541825651025,"[""hex-band"",15,1,10]",-27.625,143.5437106773
357,19865673819655,"[""hex-band"",15,1,11]",-38.674999999999997,143.5437106773
358,187239775318511,"[""hex-band"",15,1,12]",-49.725000000000001,143.5437106773
359,65500079450697,"[""hex-band"",15,1,13]",-60.774999999999999,143.5437106773
360,228017136125409,"[""hex-band"",15,1,14]",-71.825000000000003,143.5437106773
361,86616126675294,"[""hex-band"",15,2,0]",-82.875,143.5437106773
362,209613355820382,"[""hex-band"",15,2,1]",-88.400000000000006,133.9741299655
363,94975450510801,"[""hex-band"",15,2,2]",-93.924999999999997,124.4045492536
364,60871548655416,"[""hex-band"",15,2,3]",-99.450000000000003,114.8349685418
365,137375414799243,"[""hex-band"",15,2,4]",-104.97499999999999,105.26538782999999
366,143415582332189,"[""hex-band"",15,2,5]",-110.5,95.695807118199994
367,155474663107217,"[""hex-band"",15,2,6]",-116.02500000000001,86.126226406399994
368,265152169263038,"[""hex-band"",15,2,7]",-121.55,76.556645694500006
369,109252323464286,"[""hex-band"",15,2,8]",-127.075,66.987064982700005
370,23437322522716,"[""hex-band"",15,2,9]",-132.59999999999999,57.417484270899998
371,87450442670400,"[""hex-band"",15,2,10]",-138.125,47.847903559099997
372,74465098747094,"[""hex-band"",15,2,11]",-143.65000000000001,38.278322847299997
373,118587432428585,"[""hex-band"",15,2,12]",-149.17500000000001,28.7087421355
374,65136835039223,"[""hex-band"",15,2,13]",-154.69999999999999,19.139161423600001
375,80386903127495,"[""hex-band"",15,2,14]",-160.22499999999999,9.5695807118000005
376,255883810498209,"[""hex-band"",15,3,0]",-165.75,0
377,5626650562202,"[""hex-band"",15,3,1]",-160.22499999999999,-9.5695807118000005
378,74226967622530,"[""hex-band"",15,3,2]",-154.69999999999999,-19.139161423600001
379,239478523103858,"[""hex-band"",15,3,3]",-149.17500000000001,-28.7087421355
380,180137690668936,"[""hex-band"",15,3,4]",-143.65000000000001,-38.278322847299997
381,44495403056815,"[""hex-band"",15,3,5]",-138.125,-47.847903559099997
382,160470871266125,"[""hex-band"",15,3,6]",-132.59999999999999,-57.417484270899998
383,233679848107463,"[""hex-band"",15,3,7]",-127.075,-66.987064982700005
384,224137846386976,"[""hex-band"",15,3,8]",-121.55,-76.556645694500006
385,76227098546631,"[""hex-band"",15,3,9]",-116.02500000000001,-86.126226406399994
386,252923762043920,"[""hex-band"",15,3,10]",-110.5,-95.695807118199994
387,25103219904921,"[""hex-band"",15,3,11]",-104.97499999999999,-105.26538782999999
388,264951269302744,"[""hex-band"",15,3,12]",-99.450000000000003,-114.8349685418
389,30052718084906,"[""hex-band"",15,3,13]",-93.924999999999997,-124.4045492536
390,28843072950694,"[""hex-band"",15,3,14]",-88.400000000000006,-133.9741299655
391,75306798120416,"[""hex-band"",15,4,0]",-82.875,-143.5437106773
392,230841024294450,"[""hex-band"",15,4,1]",-71.825000000000003,-143.5437106773
393,31068722144618,"[""hex-band"",15,4,2]",-60.774999999999999,-143.5437106773
394,188329501570247,"[""hex-band"",15,4,3]",-49.725000000000001,-143.5437106773
395,183986763339325,"[""hex-band"",15,4,4]",-38.674999999999997,-143.5437106773
396,109422864212874,"[""hex-band"",15,4,5]",-27.625,-143.5437106773
397,159484190765314,"[""hex-band"",15,4,6]",-16.574999999999999,-143.5437106773
398,84233534506114,"[""hex-band"",15,4,7]",-5.5250000000000004,-143.5437106773
399,266230238312097,"[""hex-band"",15,4,8]",5.5250000000000004,-143.5437106773
400,206631868494174,"[""hex-band"",15,4,9]",16.574999999999999,-143.5437106773
401,194581356673578,"[""hex-band"",15,4,10]",27.625,-143.5437106773
402,31044315118009,"[""hex-band"",15,4,11]",38.674999999999997,-143.5437106773
403,278158889432340,"[""hex-band"",15,4,12]",49.725000000000001,-143.5437106773
404,126661819150243,"[""hex-band"",15,4,13]",60.774999999999999,-143.5437106773
405,216100398250876,"[""hex-band"",15,4,14]",71.825000000000003,-143.5437106773
406,191786642166579,"[""hex-band"",15,5,0]",82.875,-143.5437106773
407,232306023573346,"[""hex-band"",15,5,1]",88.400000000000006,-133.9741299655
408,178958571218533,"[""hex-band"",15,5,2]",93.924999999999997,-124.4045492536
409,191621287471667,"[""hex-band"",15,5,3]",99.450000000000003,-114.8349685418
410,88742775574072,"[""hex-band"",15,5,4]",104.97499999999999,-105.26538782999999
411,264533518667547,"[""hex-band"",15,5,5]",110.5,-95.695807118199994
412,148870309729782,"[""hex-band"",15,5,6]",116.02500000000001,-86.126226406399994
413,121449705891715,"[""hex-band"",15,5,7]",121.55,-76.556645694500006
414,77123985990687,"[""hex-band"",15,5,8]",127.075,-66.987064982700005
415,102545738663580,"[""hex-band"",15,5,9]",132.59999999999999,-57.417484270899998
416,54538541228761,"[""hex-band"",15,5,10]",138.125,-47.847903559099997
417,172303308546975,"[""hex-band"",15,5,11]",143.65000000000001,-38.278322847299997
418,216320975841403,"[""hex-band"",15,5,12]",149.17500000000001,-28.7087421355
419,18172971306556,"[""hex-band"",15,5,13]",154.69999999999999,-19.139161423600001
420,134037645383345,"[""hex-band"",15,5,14]",160.22499999999999,-9.5695807118000005
421,176674419315293,"[""hex-band"",16,0,0]",176.80000000000001,0
422,130245900632856,"[""hex-band"",16,0,1]",171.27500000000001,9.5695807118000005
423,202050019095728,"[""hex-band"",16,0,2]",165.75,19.139161423600001
424,124102053975832,"[""hex-band"",16,0,3]",160.22499999999999,28.7087421355
425,148336799995762,"[""hex-band"",16,0,4]",154.69999999999999,38.278322847299997
426,173817599226152,"[""hex-band"",16,0,5]",149.17500000000001,47.847903559099997
427,84665520540795,"[""hex-band"",16,0,6]",143.65000000000001,57.417484270899998
428,248759436175039,"[""hex-band"",16,0,7]",138.125,66.987064982700005
429,76411558392428,"[""hex-band"",16,0,8]",132.59999999999999,76.556645694500006
430,194503568859531,"[""hex-band"",16,0,9]",127.075,86.126226406399994
431,193317972794150,"[""hex-band"",16,0,10]",121.55,95.695807118199994
432,70651112464740,"[""hex-band"",16,0,11]",116.02500000000001,105.26538782999999
433,101340381644719,"[""hex-band"",16,0,12]",110.5,114.8349685418
434,245869762726138,"[""hex-band"",16,0,13]",104.97499999999999,124.4045492536
435,211860547267595,"[""hex-band"",16,0,14]",99.450000000000003,133.9741299655
436,242493878374741,"[""hex-band"",16,0,15]",93.924999999999997,143.5437106773
437,201442747742383,"[""hex-band"",16,1,0]",88.400000000000006,153.1132913891
438,244437090583721,"[""hex-band"",16,1,1]",77.349999999999994,153.1132913891
439,196199736217379,"[""hex-band"",16,1,2]",66.299999999999997,153.1132913891
440,31130122837057,"[""hex-band"",16,1,3]",55.25,153.1132913891
441,265068004259620,"[""hex-band"",16,1,4]",44.200000000000003,153.1132913891
442,128906271592889,"[""hex-band"",16,1,5]",33.149999999999999,153.1132913891
443,107812796477325,"[""hex-band"",16,1,6]",22.100000000000001,153.1132913891
444,124969548767796,"[""hex-band"",16,1,7]",11.050000000000001,153.1132913891
445,154240445314192,"[""hex-band"",16,1,8]",0,153.1132913891
446,218651568219118,"[""hex-band"",16,1,9]",-11.050000000000001,153.1132913891
447,279131948416719,"[""hex-band"",16,1,10]",-22.100000000000001,153.1132913891
448,137808875922779,"[""hex-band"",16,1,11]",-33.149999999999999,153.1132913891
449,89666306556422,"[""hex-band"",16,1,12]",-44.200000000000003,153.1132913891
450,217438439390577,"[""hex-band"",16,1,13]",-55.25,153.1132913891
451,45938974177118,"[""hex-band"",16,1,14]",-66.299999999999997,153.1132913891
452,119190617857173,"[""hex-band"",16,1,15]",-77.349999999999994,153.1132913891
453,75225767523020,"[""hex-band"",16,2,0]",-88.400000000000006,153.1132913891
454,209131995757796,"[""hex-band"",16,2,1]",-93.924999999999997,143.5437106773
455,45655918418856,"[""hex-band"",16,2,2]",-99.450000000000003,133.9741299655
456,207871524907124,"[""hex-band"",16,2,3]",-104.97499999999999,124.4045492536
457,181410829418903,"[""hex-band"",16,2,4]",-110.5,114.8349685418
458,264349817364920,"[""hex-band"",16,2,5]",-116.02500000000001,105.26538782999999
459,65740453250339,"[""hex-band"",16,2,6]",-121.55,95.695807118199994
460,193084755518191,"[""hex-band"",16,2,7]",-127.075,86.126226406399994
461,132061731272157,"[""hex-band"",16,2,8]",-132.59999999999999,76.556645694500006
462,83653647656077,"[""hex-band"",16,2,9]",-138.125,66.987064982700005
463,239407682453916,"[""hex-band"",16,2,10]",-143.65000000000001,57.417484270899998
464,78142298466762,"[""hex-band"",16,2,11]",-149.17500000000001,47.847903559099997
465,265132588046173,"[""hex-band"",16,2,12]",-154.69999999999999,38.278322847299997
466,21403148386937,"[""hex-band"",16,2,13]",-160.22499999999999,28.7087421355
467,6692402776593,"[""hex-band"",16,2,14]",-165.75,19.139161423600001
468,73823331467378,"[""hex-band"",16,2,15]",-171.27500000000001,9.5695807118000005
469,89747642133670,"[""hex-band"",16,3,0]",-176.80000000000001,0
470,276957211457939,"[""hex-band"",16,3,1]",-171.27500000000001,-9.5695807118000005
471,101844792777189,"[""hex-band"",16,3,2]",-165.75,-19.139161423600001
472,6992046717304,"[""hex-band"",16,3,3]",-160.22499999999999,-28.7087421355
473,100575687574342,"[""hex-band"",16,3,4]",-154.69999999999999,-38.278322847299997
474,105005895866947,"[""hex-band"",16,3,5]",-149.17500000000001,-47.847903559099997
475,213763481101996,"[""hex-band"",16,3,6]",-143.65000000000001,-57.417484270899998
476,166844334056455,"[""hex-band"",16,3,7]",-138.125,-66.987064982700005
477,180762944110749,"[""hex-band"",16,3,8]",-132.59999999999999,-76.556645694500006
478,280016878668999,"[""hex-band"",16,3,9]",-127.075,-86.126226406399994
479,102664326394882,"[""hex-band"",16,3,10]",-121.55,-95.695807118199994
480,118540289629139,"[""hex-band"",16,3,11]",-116.02500000000001,-105.26538782999999
481,111480320447239,"[""hex-band"",16,3,12]",-110.5,-114.8349685418
482,268521732948253,"[""hex-band"",16,3,13]",-104.97499999999999,-124.4045492536
483,91190407948140,"[""hex-band"",16,3,14]",-99.450000000000003,-133.9741299655
484,251460184468841,"[""hex-band"",16,3,15]",-93.924999999999997,-143.5437106773
485,252818804185686,"[""hex-band"",16,4,0]",-88.400000000000006,-153.1132913891
486,221387278460735,"[""hex-band"",16,4,1]",-77.349999999999994,-153.1132913891
487,276958108552697,"[""hex-band"",16,4,2]",-66.299999999999997,-153.1132913891
488,81555806352334,"[""hex-band"",16,4,3]",-55.25,-153.1132913891
489,263175017865020,"[""hex-band"",16,4,4]",-44.200000000000003,-153.1132913891
490,17811640342189,"[""hex-band"",16,4,5]",-33.149999999999999,-153.1132913891
491,20593879214871,"[""hex-band"",16,4,6]",-22.100000000000001,-153.1132913891
492,241554874899338,"[""hex-band"",16,4,7]",-11.050000000000001,-153.1132913891
493,250996981870020,"[""hex-band"",16,4,8]",-0,-153.1132913891
494,100386836510248,"[""hex-band"",16,4,9]",11.050000000000001,-153.1132913891
495,214152294768487,"[""hex-band"",16,4,10]",22.100000000000001,-153.1132913891
496,35490932818306,"[""hex-band"",16,4,11]",33.149999999999999,-153.1132913891
497,238498194585917,"[""hex-band"",16,4,12]",44.200000000000003,-153.1132913891
498,262454164463466,"[""hex-band"",16,4,13]",55.25,-153.1132913891
499,166784174638808,"[""hex-band"",16,4,14]",66.299999999999997,-153.1132913891
500,131802681050202,"[""hex-band"",16,4,15]",77.349999999999994,-153.1132913891
501,46207358142723,"[""hex-band"",16,5,0]",88.400000000000006,-153.1132913891
502,171020852104287,"[""hex-band"",16,5,1]",93.924999999999997,-143.5437106773
503,237936556382022,"[""hex-band"",16,5,2]",99.450000000000003,-133.9741299655
504,84190395407927,"[""hex-band"",16,5,3]",104.97499999999999,-124.4045492536
505,10536388307570,"[""hex-band"",16,5,4]",110.5,-114.8349685418
506,159379695616172,"[""hex-band"",16,5,5]",116.02500000000001,-105.26538782999999
507,207348796936549,"[""hex-band"",16,5,6]",121.55,-95.695807118199994
508,193146033921158,"[""hex-band"",16,5,7]",127.075,-86.126226406399994
509,40866549821665,"[""hex-band"",16,5,8]",132.59999999999999,-76.556645694500006
510,231783139164303,"[""hex-band"",16,5,9]",138.125,-66.987064982700005
511,100755619904339,"[""hex-band"",16,5,10]",143.65000000000001,-57.417484270899998
512,53301450423573,"[""hex-band"",16,5,11]",149.17500000000001,-47.847903559099997
513,205492565132287,"[""hex-band"",16,5,12]",154.69999999999999,-38.278322847299997
514,94763419531571,"[""hex-band"",16,5,13]",160.22499999999999,-28.7087421355
515,237472206687221,"[""hex-band"",16,5,14]",165.75,-19.139161423600001
516,9197696269884,"[""hex-band"",16,5,15]",171.27500000000001,-9.5695807118000005
517,89896719513096,"[""hex-band"",17,0,0]",187.84999999999999,0
518,139982841407341,"[""hex-band"",17,0,1]",182.32499999999999,9.5695807118000005
519,85762195517730,"[""hex-band"",17,0,2]",176.80000000000001,19.139161423600001
520,229845908543163,"[""hex-band"",17,0,3]",171.27500000000001,28.7087421355
521,149678600793968,"[""hex-band"",17,0,4]",165.75,38.278322847299997
522,65043310117666,"[""hex-band"",17,0,5]",160.22499999999999,47.847903559099997
523,39396016322814,"[""hex-band"",17,0,6]",154.69999999999999,57.417484270899998
524,95484174886072,"[""hex-band"",17,0,7]",149.17500000000001,66.987064982700005
525,24499894956776,"[""hex-band"",17,0,8]",143.65000000000001,76.556645694500006
526,212043793116585,"[""hex-band"",17,0,9]",138.125,86.126226406399994
527,245322299633311,"[""hex-band"",17,0,10]",132.59999999999999,95.695807118199994
528,27909237148275,"[""hex-band"",17,0,11]",127.075,105.26538782999999
529,179489700501997,"[""hex-band"",17,0,12]",121.55,114.8349685418
530,138485993733172,"[""hex-band"",17,0,13]",116.02500000000001,124.4045492536
531,216819941745920,"[""hex-band"",17,0,14]",110.5,133.9741299655
532,175015488616493,"[""hex-band"",17,0,15]",104.97499999999999,143.5437106773
533,212994220057733,"[""hex-band"",17,0,16]",99.450000000000003,153.1132913891
534,33189835655605,"[""hex-band"",17,1,0]",93.924999999999997,162.6828721009
535,205552607929170,"[""hex-band"",17,1,1]",82.875,162.6828721009
536,212292815927167,"[""hex-band"",17,1,2]",71.825000000000003,162.6828721009
537,74008103163377,"[""hex-band"",17,1,3]",60.774999999999999,162.6828721009
538,125775148784575,"[""hex-band"",17,1,4]",49.725000000000001,162.6828721009
539,214174681769455,"[""hex-band"",17,1,5]",38.674999999999997,162.6828721009
540,107566521651660,"[""hex-band"",17,1,6]",27.625,162.6828721009
541,43885950647091,"[""hex-band"",17,1,7]",16.574999999999999,162.6828721009
542,63359211167876,"[""hex-band"",17,1,8]",5.5250000000000004,162.6828721009
543,205900167985537,"[""hex-band"",17,1,9]",-5.5250000000000004,162.6828721009
544,180527921229208,"[""hex-band"",17,1,10]",-16.574999999999999,162.6828721009
545,117770467290046,"[""hex-band"",17,1,11]",-27.625,162.6828721009
546,191344842672393,"[""hex-band"",17,1,12]",-38.674999999999997,162.6828721009
547,95696750299700,"[""hex-band"",17,1,13]",-49.725000000000001,162.6828721009
548,166490465060517,"[""hex-band"",17,1,14]",-60.774999999999999,162.6828721009
549,11508479873259,"[""hex-band"",17,1,15]",-71.825000000000003,162.6828721009
550,280081577820771,"[""hex-band"",17,1,16]",-82.875,162.6828721009
551,278305766328219,"[""hex-band"",17,2,0]",-93.924999999999997,162.6828721009
552,80268429027580,"[""hex-band"",17,2,1]",-99.450000000000003,153.1132913891
553,135000125566632,"[""hex-band"",17,2,2]",-104.97499999999999,143.5437106773
554,278621340141386,"[""hex-band"",17,2,3]",-110.5,133.9741299655
555,275716104201950,"[""hex-band"",17,2,4]",-116.02500000000001,124.4045492536
556,25192711258595,"[""hex-band"",17,2,5]",-121.55,114.8349685418
557,188238659819933,"[""hex-band"",17,2,6]",-127.075,105.26538782999999
558,128016374250425,"[""hex-band"",17,2,7]",-132.59999999999999,95.695807118199994
559,45474569192386,"[""hex-band"",17,2,8]",-138.125,86.126226406399994
560,162041155614113,"[""hex-band"",17,2,9]",-143.65000000000001,76.556645694500006
561,231828660416530,"[""hex-band"",17,2,10]",-149.17500000000001,66.987064982700005
562,207789016362644,"[""hex-band"",17,2,11]",-154.69999999999999,57.417484270899998
563,246149682745460,"[""hex-band"",17,2,12]",-160.22499999999999,47.847903559099997
564,126809035287481,"[""hex-band"",17,2,13]",-165.75,38.278322847299997
565,135200843073500,"[""hex-band"",17,2,14]",-171.27500000000001,28.7087421355
566,261680741157283,"[""hex-band"",17,2,15]",-176.80000000000001,19.139161423600001
567,242389097159394,"[""hex-band"",17,2,16]",-182.32499999999999,9.5695807118000005
568,188325288241418,"[""hex-band"",17,3,0]",-187.84999999999999,0
569,101175207192891,"[""hex-band"",17,3,1]",-182.32499999999999,-9.5695807118000005
570,257332179245297,"[""hex-band"",17,3,2]",-176.80000000000001,-19.139161423600001
571,117387057346951,"[""hex-band"",17,3,3]",-171.27500000000001,-28.7087421355
572,110680079547612,"[""hex-band"",17,3,4]",-165.75,-38.278322847299997
573,120714868318626,"[""hex-band"",17,3,5]",-160.22499999999999,-47.847903559099997
574,55184399861300,"[""hex-band"",17,3,6]",-154.69999999999999,-57.417484270899998
575,249641623160588,"[""hex-band"",17,3,7]",-149.17500000000001,-66.987064982700005
576,41983818588904,"[""hex-band"",17,3,8]",-143.65000000000001,-76.556645694500006
577,30262127979227,"[""hex-band"",17,3,9]",-138.125,-86.126226406399994
578,37548063384441,"[""hex-band"",17,3,10]",-132.59999999999999,-95.695807118199994
579,103816007345851,"[""hex-band"",17,3,11]",-127.075,-105.26538782999999
580,56702269119463,"[""hex-band"",17,3,12]",-121.55,-114.8349685418
581,76953648052841,"[""hex-band"",17,3,13]",-116.02500000000001,-124.4045492536
582,217292881549279,"[""hex-band"",17,3,14]",-110.5,-133.9741299655
583,46255889877541,"[""hex-band"",17,3,15]",-104.97499999999999,-143.5437106773
584,57692993761320,"[""hex-band"",17,3,16]",-99.450000000000003,-153.1132913891
585,120486877939845,"[""hex-band"",17,4,0]",-93.924999999999997,-162.6828721009
586,161658462989748,"[""hex-band"",17,4,1]",-82.875,-162.6828721009
587,166658637471930,"[""hex-band"",17,4,2]",-71.825000000000003,-162.6828721009
588,21598380912474,"[""hex-band"",17,4,3]",-60.774999999999999,-162.6828721009
589,178680783205310,"[""hex-band"",17,4,4]",-49.725000000000001,-162.6828721009
590,95891874269643,"[""hex-band"",17,4,5]",-38.674999999999997,-162.6828721009
591,158386037566785,"[""hex-band"",17,4,6]",-27.625,-162.6828721009
592,233828812500774,"[""hex-band"",17,4,7]",-16.574999999999999,-162.6828721009
593,143299099689477,"[""hex-band"",17,4,8]",-5.5250000000000004,-162.6828721009
594,251423679919614,"[""hex-band"",17,4,9]",5.5250000000000004,-162.6828721009
595,70868056276724,"[""hex-band"",17,4,10]",16.574999999999999,-162.6828721009
596,43094325679245,"[""hex-band"",17,4,11]",27.625,-162.6828721009
597,32365724644094,"[""hex-band"",17,4,12]",38.674999999999997,-162.6828721009
598,271651532353349,"[""hex-band"",17,4,13]",49.725000000000001,-162.6828721009
599,276096442252657,"[""hex-band"",17,4,14]",60.774999999999999,-162.6828721009
600,158836689574002,"[""hex-band"",17,4,15]",71.825000000000003,-162.6828721009
601,106716313849236,"[""hex-band"",17,4,16]",82.875,-162.6828721009
602,18017833700163,"[""hex-band"",17,5,0]",93.924999999999997,-162.6828721009
603,53196455246475,"[""hex-band"",17,5,1]",99.450000000000003,-153.1132913891
604,5340840393576,"[""hex-band"",17,5,2]",104.97499999999999,-143.5437106773
605,240054662362479,"[""hex-band"",17,5,3]",110.5,-133.9741299655
606,157323622745301,"[""hex-band"",17,5,4]",116.02500000000001,-124.4045492536
607,239608333150793,"[""hex-band"",17,5,5]",121.55,-114.8349685418
608,270090239520523,"[""hex-band"",17,5,6]",127.075,-105.26538782999999
609,16161001361628,"[""hex-band"",17,5,7]",132.59999999999999,-95.695807118199994
610,73126713844768,"[""hex-band"",17,5,8]",138.125,-86.126226406399994
611,249036240597617,"[""hex-band"",17,5,9]",143.65000000000001,-76.556645694500006
612,64410502597840,"[""hex-band"",17,5,10]",149.17500000000001,-66.987064982700005
613,229991884852525,"[""hex-band"",17,5,11]",154.69999999999999,-57.417484270899998
614,215874413521968,"[""hex-band"",17,5,12]",160.22499999999999,-47.847903559099997
615,229258220396942,"[""hex-band"",17,5,13]",165.75,-38.278322847299997
616,79061055582688,"[""hex-band"",17,5,14]",171.27500000000001,-28.7087421355
617,267104298489898,"[""hex-band"",17,5,15]",176.80000000000001,-19.139161423600001
618,119379844793890,"[""hex-band"",17,5,16]",182.32499999999999,-9.5695807118000005
619,275147997867634,"[""hex-band"",18,0,0]",198.90000000000001,0
620,99177317287684,"[""hex-band"",18,0,1]",193.375,9.5695807118000005
621,80134760066959,"[""hex-band"",18,0,2]",187.84999999999999,19.139161423600001
622,38988626279768,"[""hex-band"",18,0,3]",182.32499999999999,28.7087421355
623,103611118323350,"[""hex-band"",18,0,4]",176.80000000000001,38.278322847299997
624,95007004372153,"[""hex-band"",18,0,5]",171.27500000000001,47.847903559099997
625,113448537150815,"[""hex-band"",18,0,6]",165.75,57.417484270899998
626,197515525072134,"[""hex-band"",18,0,7]",160.22499999999999,66.987064982700005
627,25135297792429,"[""hex-band"",18,0,8]",154.69999999999999,76.556645694500006
628,95408266252534,"[""hex-band"",18,0,9]",149.17500000000001,86.126226406399994
629,31843900582425,"[""hex-band"",18,0,10]",143.65000000000001,95.695807118199994
630,8651775894254,"[""hex-band"",18,0,11]",138.125,105.26538782999999
631,50151671173131,"[""hex-band"",18,0,12]",132.59999999999999,114.8349685418
632,183069813529661,"[""hex-band"",18,0,13]",127.075,124.4045492536
633,153669343074460,"[""hex-band"",18,0,14]",121.55,133.9741299655
634,133880654489538,"[""hex-band"",18,0,15]",116.02500000000001,143.5437106773
635,162304852808156,"[""hex-band"",18,0,16]",110.5,153.1132913891
636,121824622041535,"[""hex-band"",18,0,17]",104.97499999999999,162.6828721009
637,127571588179135,"[""hex-band"",18,1,0]",99.450000000000003,172.2524528127
638,89302131150426,"[""hex-band"",18,1,1]",88.400000000000006,172.2524528127
639,27237910254636,"[""hex-band"",18,1,2]",77.349999999999994,172.2524528127
640,94607966809378,"[""hex-band"",18,1,3]",66.299999999999997,172.2524528127
641,215749721954612,"[""hex-band"",18,1,4]",55.25,172.2524528127
642,179281389492565,"[""hex-band"",18,1,5]",44.200000000000003,172.2524528127
643,168791176317975,"[""hex-band"",18,1,6]",33.149999999999999,172.2524528127
644,77494575892655,"[""hex-band"",18,1,7]",22.100000000000001,172.2524528127
645,203152920376232,"[""hex-band"",18,1,8]",11.050000000000001,172.2524528127
646,253589912832056,"[""hex-band"",18,1,9]",0,172.2524528127
647,255500006939326,"[""hex-band"",18,1,10]",-11.050000000000001,172.2524528127
648,86581379724605,"[""hex-band"",18,1,11]",-22.100000000000001,172.2524528127
649,11019744564826,"[""hex-band"",18,1,12]",-33.149999999999999,172.2524528127
650,89177892635297,"[""hex-band"",18,1,13]",-44.200000000000003,172.2524528127
651,73185581318608,"[""hex-band"",18,1,14]",-55.25,172.2524528127
652,156545143914947,"[""hex-band"",18,1,15]",-66.299999999999997,172.2524528127
653,180246283551448,"[""hex-band"",18,1,16]",-77.349999999999994,172.2524528127
654,216043471296242,"[""hex-band"",18,1,17]",-88.400000000000006,172.2524528127
655,242262086411757,"[""hex-band"",18,2,0]",-99.450000000000003,172.2524528127
656,244947988695159,"[""hex-band"",18,2,1]",-104.97499999999999,162.6828721009
657,184900748062289,"[""hex-band"",18,2,2]",-110.5,153.1132913891
658,174946977095995,"[""hex-band"",18,2,3]",-116.02500000000001,143.5437106773
659,14131049672470,"[""hex-band"",18,2,4]",-121.55,133.9741299655
660,177991587101825,"[""hex-band"",18,2,5]",-127.075,124.4045492536
661,69396380063332,"[""hex-band"",18,2,6]",-132.59999999999999,114.8349685418
662,204200010827805,"[""hex-band"",18,2,7]",-138.125,105.26538782999999
663,16213822226696,"[""hex-band"",18,2,8]",-143.65000000000001,95.695807118199994
664,110735423652707,"[""hex-band"",18,2,9]",-149.17500000000001,86.126226406399994
665,121578092168941,"[""hex-band"",18,2,10]",-154.69999999999999,76.556645694500006
666,185230426745604,"[""hex-band"",18,2,11]",-160.22499999999999,66.987064982700005
667,147290309362660,"[""hex-band"",18,2,12]",-165.75,57.417484270899998
668,57185206377720,"[""hex-band"",18,2,13]",-171.27500000000001,47.847903559099997
669,88621398532483,"[""hex-band"",18,2,14]",-176.80000000000001,38.278322847299997
670,171204322359396,"[""hex-band"",18,2,15]",-182.32499999999999,28.7087421355
671,3788731050373,"[""hex-band"",18,2,16]",-187.84999999999999,19.139161423600001
672,191851554007606,"[""hex-band"",18,2,17]",-193.375,9.5695807118000005
673,143207823582372,"[""hex-band"",18,3,0]",-198.90000000000001,0
674,140464443402463,"[""hex-band"",18,3,1]",-193.375,-9.5695807118000005
675,248924612033527,"[""hex-band"",18,3,2]",-187.84999999999999,-19.139161423600001
676,196890560442770,"[""hex-band"",18,3,3]",-182.32499999999999,-28.7087421355
677,115225297722117,"[""hex-band"",18,3,4]",-176.80000000000001,-38.278322847299997
678,132168259861165,"[""hex-band"",18,3,5]",-171.27500000000001,-47.847903559099997
679,152649439917976,"[""hex-band"",18,3,6]",-165.75,-57.417484270899998
680,260854023410429,"[""hex-band"",18,3,7]",-160.22499999999999,-66.987064982700005
681,166543503634595,"[""hex-band"",18,3,8]",-154.69999999999999,-76.556645694500006
682,231930315401864,"[""hex-band"",18,3,9]",-149.17500000000001,-86.126226406399994
683,56403965443860,"[""hex-band"",18,3,10]",-143.65000000000001,-95.695807118199994
684,25179710910971,"[""hex-band"",18,3,11]",-138.125,-105.26538782999999
685,10835348106896,"[""hex-band"",18,3,12]",-132.59999999999999,-114.8349685418
686,21114999055725,"[""hex-band"",18,3,13]",-127.075,-124.4045492536
687,6783836854604,"[""hex-band"",18,3,14]",-121.55,-133.9741299655
688,233423904936369,"[""hex-band"",18,3,15]",-116.02500000000001,-143.5437106773
689,239821332945321,"[""hex-band"",18,3,16]",-110.5,-153.1132913891
690,116683575566118,"[""hex-band"",18,3,17]",-104.97499999999999,-162.6828721009
691,251950903315523,"[""hex-band"",18,4,0]",-99.450000000000003,-172.2524528127
692,54156637107170,"[""hex-band"",18,4,1]",-88.400000000000006,-172.2524528127
693,124882695309433,"[""hex-band"",18,4,2]",-77.349999999999994,-172.2524528127
694,116731055076097,"[""hex-band"",18,4,3]",-66.299999999999997,-172.2524528127
695,201280594165005,"[""hex-band"",18,4,4]",-55.25,-172.2524528127
696,200049342657987,"[""hex-band"",18,4,5]",-44.200000000000003,-172.2524528127
697,23136598804165,"[""hex-band"",18,4,6]",-33.149999999999999,-172.2524528127
698,193906634830859,"[""hex-band"",18,4,7]",-22.100000000000001,-172.2524528127
699,141569038695271,"[""hex-band"",18,4,8]",-11.050000000000001,-172.2524528127
700,15944852206879,"[""hex-band"",18,4,9]",-0,-172.2524528127
701,254631637098441,"[""hex-band"",18,4,10]",11.050000000000001,-172.2524528127
702,131468587179691,"[""hex-band"",18,4,11]",22.100000000000001,-172.2524528127
703,132549855310223,"[""hex-band"",18,4,12]",33.149999999999999,-172.2524528127
704,208294721340405,"[""hex-band"",18,4,13]",44.200000000000003,-172.2524528127
705,167929063736886,"[""hex-band"",18,4,14]",55.25,-172.2524528127
706,187426831599825,"[""hex-band"",18,4,15]",66.299999999999997,-172.2524528127
707,121991474565823,"[""hex-band"",18,4,16]",77.349999999999994,-172.2524528127
708,124000091754877,"[""hex-band"",18,4,17]",88.400000000000006,-172.2524528127
709,106165676769907,"[""hex-band"",18,5,0]",99.450000000000003,-172.2524528127
710,273205819500478,"[""hex-band"",18,5,1]",104.97499999999999,-162.6828721009
711,12417313847848,"[""hex-band"",18,5,2]",110.5,-153.1132913891
712,49773684235592,"[""hex-band"",18,5,3]",116.02500000000001,-143.5437106773
713,161068836841248,"[""hex-band"",18,5,4]",121.55,-133.9741299655
714,195177043622701,"[""hex-band"",18,5,5]",127.075,-124.4045492536
715,264992217270671,"[""hex-band"",18,5,6]",132.59999999999999,-114.8349685418
716,82286261235365,"[""hex-band"",18,5,7]",138.125,-105.26538782999999
717,83734664566568,"[""hex-band"",18,5,8]",143.65000000000001,-95.695807118199994
718,223302281081458,"[""hex-band"",18,5,9]",149.17500000000001,-86.126226406399994
719,84858700397858,"[""hex-band"",18,5,10]",154.69999999999999,-76.556645694500006
720,107610970112877,"[""hex-band"",18,5,11]",160.22499999999999,-66.987064982700005
721,33080915159496,"[""hex-band"",18,5,12]",165.75,-57.417484270899998
722,133763734396423,"[""hex-band"",18,5,13]",171.27500000000001,-47.847903559099997
723,218944031065291,"[""hex-band"",18,5,14]",176.80000000000001,-38.278322847299997
724,29232112009744,"[""hex-band"",18,5,15]",182.32499999999999,-28.7087421355
725,248123878768278,"[""hex-band"",18,5,16]",187.84999999999999,-19.139161423600001
726,84136907198199,"[""hex-band"",18,5,17]",193.375,-9.5695807118000005
727,263790551244077,"[""hex-band"",19,0,0]",209.94999999999999,0
728,199058141160905,"[""hex-band"",19,0,1]",204.42500000000001,9.5695807118000005
729,79931911905206,"[""hex-band"",19,0,2]",198.90000000000001,19.139161423600001
730,217876154239469,"[""hex-band"",19,0,3]",193.375,28.7087421355
731,269528630112481,"[""hex-band"",19,0,4]",187.84999999999999,38.278322847299997
732,238780621932662,"[""hex-band"",19,0,5]",182.32499999999999,47.847903559099997
733,259819815994449,"[""hex-band"",19,0,6]",176.80000000000001,57.417484270899998
734,122031122441231,"[""hex-band"",19,0,7]",171.27500000000001,66.987064982700005
735,227825004102474,"[""hex-band"",19,0,8]",165.75,76.556645694500006
736,202555628818533,"[""hex-band"",19,0,9]",160.22499999999999,86.126226406399994
737,175436191057645,"[""hex-band"",19,0,10]",154.69999999999999,95.695807118199994
738,88087048830427,"[""hex-band"",19,0,11]",149.17500000000001,105.26538782999999
739,10305670298295,"[""hex-band"",19,0,12]",143.65000000000001,114.8349685418
740,181909397787590,"[""hex-band"",19,0,13]",138.125,124.4045492536
741,232136471488808,"[""hex-band"",19,0,14]",132.59999999999999,133.9741299655
742,3866969505294,"[""hex-band"",19,0,15]",127.075,143.5437106773
743,146976953943779,"[""hex-band"",19,0,16]",121.55,153.1132913891
744,149700114216263,"[""hex-band"",19,0,17]",116.02500000000001,162.6828721009
745,20960176619126,"[""hex-band"",19,0,18]",110.5,172.2524528127
746,113194571958480,"[""hex-band"",19,1,0]",104.97499999999999,181.8220335245
747,172388075471967,"[""hex-band"",19,1,1]",93.924999999999997,181.8220335245
748,272068060727590,"[""hex-band"",19,1,2]",82.875,181.8220335245
749,137680561038175,"[""hex-band"",19,1,3]",71.825000000000003,181.8220335245
750,23583510876386,"[""hex-band"",19,1,4]",60.774999999999999,181.8220335245
751,134731824099247,"[""hex-band"",19,1,5]",49.725000000000001,181.8220335245
752,205015715033781,"[""hex-band"",19,1,6]",38.674999999999997,181.8220335245
753,258917117022987,"[""hex-band"",19,1,7]",27.625,181.8220335245
754,19714269552980,"[""hex-band"",19,1,8]",16.574999999999999,181.8220335245
755,98456764686721,"[""hex-band"",19,1,9]",5.5250000000000004,181.8220335245
756,26231425687860,"[""hex-band"",19,1,10]",-5.5250000000000004,181.8220335245
757,124596872093148,"[""hex-band"",19,1,11]",-16.574999999999999,181.8220335245
758,178470263841652,"[""hex-band"",19,1,12]",-27.625,181.8220335245
759,83882679573437,"[""hex-band"",19,1,13]",-38.674999999999997,181.8220335245
760,115975320017581,"[""hex-band"",19,1,14]",-49.725000000000001,181.8220335245
761,99078758707247,"[""hex-band"",19,1,15]",-60.774999999999999,181.8220335245
762,210324240065987,"[""hex-band"",19,1,16]",-71.825000000000003,181.8220335245
763,67279384935732,"[""hex-band"",19,1,17]",-82.875,181.8220335245
764,174124759317216,"[""hex-band"",19,1,18]",-93.924999999999997,181.8220335245
765,170732161088740,"[""hex-band"",19,2,0]",-104.97499999999999,181.8220335245
766,101773489034827,"[""hex-band"",19,2,1]",-110.5,172.2524528127
767,6303551434328,"[""hex-band"",19,2,2]",-116.02500000000001,162.6828721009
768,160603933858934,"[""hex-band"",19,2,3]",-121.55,153.1132913891
769,36866375505872,"[""hex-band"",19,2,4]",-127.075,143.5437106773
770,99267205637123,"[""hex-band"",19,2,5]",-132.59999999999999,133.9741299655
771,202875439924180,"[""hex-band"",19,2,6]",-138.125,124.4045492536
772,203256773232183,"[""hex-band"",19,2,7]",-143.65000000000001,114.8349685418
773,226305547413209,"[""hex-band"",19,2,8]",-149.17500000000001,105.26538782999999
774,80178581372813,"[""hex-band"",19,2,9]",-154.69999999999999,95.695807118199994
775,73296340969442,"[""hex-band"",19,2,10]",-160.22499999999999,86.126226406399994
776,8949008389888,"[""hex-band"",19,2,11]",-165.75,76.556645694500006
777,124754533996325,"[""hex-band"",19,2,12]",-171.27500000000001,66.987064982700005
778,3572328726401,"[""hex-band"",19,2,13]",-176.80000000000001,57.417484270899998
779,120098788537275,"[""hex-band"",19,2,14]",-182.32499999999999,47.847903559099997
780,244963133114370,"[""hex-band"",19,2,15]",-187.84999999999999,38.278322847299997
781,117825569590153,"[""hex-band"",19,2,16]",-193.375,28.7087421355
782,265248850318953,"[""hex-band"",19,2,17]",-198.90000000000001,19.139161423600001
783,175591248910396,"[""hex-band"",19,2,18]",-204.42500000000001,9.5695807118000005
784,226937122588977,"[""hex-band"",19,3,0]",-209.94999999999999,0
785,42192931695846,"[""hex-band"",19,3,1]",-204.42500000000001,-9.5695807118000005
786,32775660491141,"[""hex-band"",19,3,2]",-198.90000000000001,-19.139161423600001
787,127110089342278,"[""hex-band"",19,3,3]",-193.375,-28.7087421355
788,198718583165423,"[""hex-band"",19,3,4]",-187.84999999999999,-38.278322847299997
789,35986789080242,"[""hex-band"",19,3,5]",-182.32499999999999,-47.847903559099997
790,181637571894787,"[""hex-band"",19,3,6]",-176.80000000000001,-57.417484270899998
791,275635345071777,"[""hex-band"",19,3,7]",-171.27500000000001,-66.987064982700005
792,159530777404426,"[""hex-band"",19,3,8]",-165.75,-76.556645694500006
793,155657543033117,"[""hex-band"",19,3,9]",-160.22499999999999,-86.126226406399994
794,179855927536561,"[""hex-band"",19,3,10]",-154.69999999999999,-95.695807118199994
795,261129796135354,"[""hex-band"",19,3,11]",-149.17500000000001,-105.26538782999999
796,204716298513842,"[""hex-band"",19,3,12]",-143.65000000000001,-114.8349685418
797,154350247619860,"[""hex-band"",19,3,13]",-138.125,-124.4045492536
798,201666320606585,"[""hex-band"",19,3,14]",-132.59999999999999,-133.9741299655
799,112566425244093,"[""hex-band"",19,3,15]",-127.075,-143.5437106773
800,33060047075800,"[""hex-band"",19,3,16]",-121.55,-153.1132913891
801,134078159340239,"[""hex-band"",19,3,17]",-116.02500000000001,-162.6828721009
802,155219063456130,"[""hex-band"",19,3,18]",-110.5,-172.2524528127
803,114688979413884,"[""hex-band"",19,4,0]",-104.97499999999999,-181.8220335245
804,38790465356178,"[""hex-band"",19,4,1]",-93.924999999999997,-181.8220335245
805,238779983830284,"[""hex-band"",19,4,2]",-82.875,-181.8220335245
806,279484183545629,"[""hex-band"",19,4,3]",-71.825000000000003,-181.8220335245
807,147331950236671,"[""hex-band"",19,4,4]",-60.774999999999999,-181.8220335245
808,208895152278658,"[""hex-band"",19,4,5]",-49.725000000000001,-181.8220335245
809,98204660851684,"[""hex-band"",19,4,6]",-38.674999999999997,-181.8220335245
810,241058302133157,"[""hex-band"",19,4,7]",-27.625,-181.8220335245
811,52873196738872,"[""hex-band"",19,4,8]",-16.574999999999999,-181.8220335245
812,220211231134150,"[""hex-band"",19,4,9]",-5.5250000000000004,-181.8220335245
813,179653795423529,"[""hex-band"",19,4,10]",5.5250000000000004,-181.8220335245
814,67012550990980,"[""hex-band"",19,4,11]",16.574999999999999,-181.8220335245
815,153172327807741,"[""hex-band"",19,4,12]",27.625,-181.8220335245
816,201080898837756,"[""hex-band"",19,4,13]",38.674999999999997,-181.8220335245
817,259378735349359,"[""hex-band"",19,4,14]",49.725000000000001,-181.8220335245
818,25376223930464,"[""hex-band"",19,4,15]",60.774999999999999,-181.8220335245
819,7521190267934,"[""hex-band"",19,4,16]",71.825000000000003,-181.8220335245
820,107063890206797,"[""hex-band"",19,4,17]",82.875,-181.8220335245
821,132349412846845,"[""hex-band"",19,4,18]",93.924999999999997,-181.8220335245
822,204723632506894,"[""hex-band"",19,5,0]",104.97499999999999,-181.8220335245
823,132650836264506,"[""hex-band"",19,5,1]",110.5,-172.2524528127
824,251185263271179,"[""hex-band"",19,5,2]",116.02500000000001,-162.6828721009
825,144965648828604,"[""hex-band"",19,5,3]",121.55,-153.1132913891
826,169403184123707,"[""hex-band"",19,5,4]",127.075,-143.5437106773
827,233423843945981,"[""hex-band"",19,5,5]",132.59999999999999,-133.9741299655
828,42773139240179,"[""hex-band"",19,5,6]",138.125,-124.4045492536
829,6628254188528,"[""hex-band"",19,5,7]",143.65000000000001,-114.8349685418
830,22175223443480,"[""hex-band"",19,5,8]",149.17500000000001,-105.26538782999999
831,163944941228908,"[""hex-band"",19,5,9]",154.69999999999999,-95.695807118199994
832,110307096390873,"[""hex-band"",19,5,10]",160.22499999999999,-86.126226406399994
833,96380280480500,"[""hex-band"",19,5,11]",165.75,-76.556645694500006
834,14055541241234,"[""hex-band"",19,5,12]",171.27500000000001,-66.987064982700005
835,80112333021167,"[""hex-band"",19,5,13]",176.80000000000001,-57.417484270899998
836,118044384971813,"[""hex-band"",19,5,14]",182.32499999999999,-47.847903559099997
837,273067617613983,"[""hex-band"",19,5,15]",187.84999999999999,-38.278322847299997
838,224880435566056,"[""hex-band"",19,5,16]",193.375,-28.7087421355
839,279408712510251,"[""hex-band"",19,5,17]",198.90000000000001,-19.139161423600001
840,232575211743493,"[""hex-band"",19,5,18]",204.42500000000001,-9.5695807118000005
841,76691010042098,"[""hex-band"",20,0,0]",221,0
842,185260668022991,"[""hex-band"",20,0,1]",215.47499999999999,9.5695807118000005
843,88155112598818,"[""hex-band"",20,0,2]",209.94999999999999,19.139161423600001
844,157917950600605,"[""hex-band"",20,0,3]",204.42500000000001,28.7087421355
845,36041327823188,"[""hex-band"",20,0,4]",198.90000000000001,38.278322847299997
846,207801145164,"[""hex-band"",20,0,5]",193.375,47.847903559099997
847,247634171833769,"[""hex-band"",20,0,6]",187.84999999999999,57.417484270899998
848,196491582754715,"[""hex-band"",20,0,7]",182.32499999999999,66.987064982700005
849,172852143170941,"[""hex-band"",20,0,8]",176.80000000000001,76.556645694500006
850,202308700772999,"[""hex-band"",20,0,9]",171.27500000000001,86.126226406399994
851,17078461340537,"[""hex-band"",20,0,10]",165.75,95.695807118199994
852,249217517211115,"[""hex-band"",20,0,11]",160.22499999999999,105.26538782999999
853,108304591624043,"[""hex-band"",20,0,12]",154.69999999999999,114.8349685418
854,34888769702734,"[""hex-band"",20,0,13]",149.17500000000001,124.4045492536
855,92900853426488,"[""hex-band"",20,0,14]",143.65000000000001,133.9741299655
856,214625162511063,"[""hex-band"",20,0,15]",138.125,143.5437106773
857,18003924885376,"[""hex-band"",20,0,16]",132.59999999999999,153.1132913891
858,124498807154694,"[""hex-band"",20,0,17]",127.075,162.6828721009
859,165200003510746,"[""hex-band"",20,0,18]",121.55,172.2524528127
860,134778155411117,"[""hex-band"",20,0,19]",116.02500000000001,181.8220335245
861,183511091236900,"[""hex-band"",20,1,0]",110.5,191.39161423639999
862,182969536101410,"[""hex-band"",20,1,1]",99.450000000000003,191.39161423639999
863,135207210702881,"[""hex-band"",20,1,2]",88.400000000000006,191.39161423639999
864,17248539010439,"[""hex-band"",20,1,3]",77.349999999999994,191.39161423639999
865,247487177261427,"[""hex-band"",20,1,4]",66.299999999999997,191.39161423639999
866,242161852914333,"[""hex-band"",20,1,5]",55.25,191.39161423639999
867,141540426133935,"[""hex-band"",20,1,6]",44.200000000000003,191.39161423639999
868,15539910590182,"[""hex-band"",20,1,7]",33.149999999999999,191.39161423639999
869,91975628599030,"[""hex-band"",20,1,8]",22.100000000000001,191.39161423639999
870,206284960028719,"[""hex-band"",20,1,9]",11.050000000000001,191.39161423639999
871,38594704330969,"[""hex-band"",20,1,10]",0,191.39161423639999
872,138736060398613,"[""hex-band"",20,1,11]",-11.050000000000001,191.39161423639999
873,238521628496254,"[""hex-band"",20,1,12]",-22.100000000000001,191.39161423639999
874,32797692385451,"[""hex-band"",20,1,13]",-33.149999999999999,191.39161423639999
875,127642450899081,"[""hex-band"",20,1,14]",-44.200000000000003,191.39161423639999
876,166109877019545,"[""hex-band"",20,1,15]",-55.25,191.39161423639999
877,196809287291313,"[""hex-band"",20,1,16]",-66.299999999999997,191.39161423639999
878,91136179945142,"[""hex-band"",20,1,17]",-77.349999999999994,191.39161423639999
879,209484340318058,"[""hex-band"",20,1,18]",-88.400000000000006,191.39161423639999
880,198074046534707,"[""hex-band"",20,1,19]",-99.450000000000003,191.39161423639999
881,108861095334091,"[""hex-band"",20,2,0]",-110.5,191.39161423639999
882,64842504621441,"[""hex-band"",20,2,1]",-116.02500000000001,181.8220335245
883,270463792947196,"[""hex-band"",20,2,2]",-121.55,172.2524528127
884,144931711217426,"[""hex-band"",20,2,3]",-127.075,162.6828721009
885,59951971486069,"[""hex-band"",20,2,4]",-132.59999999999999,153.1132913891
886,62238401660579,"[""hex-band"",20,2,5]",-138.125,143.5437106773
887,137354355570470,"[""hex-band"",20,2,6]",-143.65000000000001,133.9741299655
888,258080345142873,"[""hex-band"",20,2,7]",-149.17500000000001,124.4045492536
889,280996709557243,"[""hex-band"",20,2,8]",-154.69999999999999,114.8349685418
890,155326184263793,"[""hex-band"",20,2,9]",-160.22499999999999,105.26538782999999
891,205441132478372,"[""hex-band"",20,2,10]",-165.75,95.695807118199994
892,137261995831320,"[""hex-band"",20,2,11]",-171.27500000000001,86.126226406399994
893,120737889994402,"[""hex-band"",20,2,12]",-176.80000000000001,76.556645694500006
894,245255481928935,"[""hex-band"",20,2,13]",-182.32499999999999,66.987064982700005
895,158325462151219,"[""hex-band"",20,2,14]",-187.84999999999999,57.417484270899998
896,94073131946719,"[""hex-band"",20,2,15]",-193.375,47.847903559099997
897,180961668085356,"[""hex-band"",20,2,16]",-198.90000000000001,38.278322847299997
898,68824890214784,"[""hex-band"",20,2,17]",-204.42500000000001,28.7087421355
899,220458699795959,"[""hex-band"",20,2,18]",-209.94999999999999,19.139161423600001
900,111093555848288,"[""hex-band"",20,2,19]",-215.47499999999999,9.5695807118000005
901,206468015216722,"[""hex-band"",20,3,0]",-221,0
902,162873804594374,"[""hex-band"",20,3,1]",-215.47499999999999,-9.5695807118000005
903,35082516047053,"[""hex-band"",20,3,2]",-209.94999999999999,-19.139161423600001
904,171615578649896,"[""hex-band"",20,3,3]",-204.42500000000001,-28.7087421355
905,64309214485470,"[""hex-band"",20,3,4]",-198.90000000000001,-38.278322847299997
906,253897258127825,"[""hex-band"",20,3,5]",-193.375,-47.847903559099997
907,31171345190094,"[""hex-band"",20,3,6]",-187.84999999999999,-57.417484270899998
908,95461296811641,"[""hex-band"",20,3,7]",-182.32499999999999,-66.987064982700005
909,109982746697169,"[""hex-band"",20,3,8]",-176.80000000000001,-76.556645694500006
910,224202931025020,"[""hex-band"",20,3,9]",-171.27500000000001,-86.126226406399994
911,259255712566805,"[""hex-band"",20,3,10]",-165.75,-95.695807118199994
912,60782394074624,"[""hex-band"",20,3,11]",-160.22499999999999,-105.26538782999999
913,244421259873662,"[""hex-band"",20,3,12]",-154.69999999999999,-114.8349685418
914,47245786412427,"[""hex-band"",20,3,13]",-149.17500000000001,-124.4045492536
915,139578936430878,"[""hex-band"",20,3,14]",-143.65000000000001,-133.9741299655
916,138806388010371,"[""hex-band"",20,3,15]",-138.125,-143.5437106773
917,100364776124025,"[""hex-band"",20,3,16]",-132.59999999999999,-153.1132913891
918,98041948105246,"[""hex-band"",20,3,17]",-127.075,-162.6828721009
919,180954067004717,"[""hex-band"",20,3,18]",-121.55,-172.2524528127
920,146783849210752,"[""hex-band"",20,3,19]",-116.02500000000001,-181.8220335245
921,266636968823920,"[""hex-band"",20,4,0]",-110.5,-191.39161423639999
922,216523807404458,"[""hex-band"",20,4,1]",-99.450000000000003,-191.39161423639999
923,82965823938516,"[""hex-band"",20,4,2]",-88.400000000000006,-191.39161423639999
924,222502014376233,"[""hex-band"",20,4,3]",-77.349999999999994,-191.39161423639999
925,163320202797556,"[""hex-band"",20,4,4]",-66.299999999999997,-191.39161423639999
926,100484688345905,"[""hex-band"",20,4,5]",-55.25,-191.39161423639999
927,129902903138784,"[""hex-band"",20,4,6]",-44.200000000000003,-191.39161423639999
928,274113243426616,"[""hex-band"",20,4,7]",-33.149999999999999,-191.39161423639999
929,103645213210371,"[""hex-band"",20,4,8]",-22.100000000000001,-191.39161423639999
930,267248415728007,"[""hex-band"",20,4,9]",-11.050000000000001,-191.39161423639999
931,236803027739952,"[""hex-band"",20,4,10]",-0,-191.39161423639999
932,201065809946193,"[""hex-band"",20,4,11]",11.050000000000001,-191.39161423639999
933,60634957005444,"[""hex-band"",20,4,12]",22.100000000000001,-191.39161423639999
934,184177763225361,"[""hex-band"",20,4,13]",33.149999999999999,-191.39161423639999
935,90541462158811,"[""hex-band"",20,4,14]",44.200000000000003,-191.39161423639999
936,246782371221094,"[""hex-band"",20,4,15]",55.25,-191.39161423639999
937,87287899014764,"[""hex-band"",20,4,16]",66.299999999999997,-191.39161423639999
938,228498540696886,"[""hex-band"",20,4,17]",77.349999999999994,-191.39161423639999
939,78087319340677,"[""hex-band"",20,4,18]",88.400000000000006,-191.39161423639999
940,88170938893600,"[""hex-band"",20,4,19]",99.450000000000003,-191.39161423639999
941,278410094008584,"[""hex-band"",20,5,0]",110.5,-191.39161423639999
942,94619287208399,"[""hex-band"",20,5,1]",116.02500000000001,-181.8220335245
943,234613053213651,"[""hex-band"",20,5,2]",121.55,-172.2524528127
944,247931158397978,"[""hex-band"",20,5,3]",127.075,-162.6828721009
945,165344392994961,"[""hex-band"",20,5,4]",132.59999999999999,-153.1132913891
946,185764993509957,"[""hex-band"",20,5,5]",138.125,-143.5437106773
947,233996228460382,"[""hex-band"",20,5,6]",143.65000000000001,-133.9741299655
948,128746035072428,"[""hex-band"",20,5,7]",149.17500000000001,-124.4045492536
949,179322777703759,"[""hex-band"",20,5,8]",154.69999999999999,-114.8349685418
950,252892821646728,"[""hex-band"",20,5,9]",160.22499999999999,-105.26538782999999
951,7539965213599,"[""hex-band"",20,5,10]",165.75,-95.695807118199994
952,267526342616421,"[""hex-band"",20,5,11]",171.27500000000001,-86.126226406399994
953,218888471985381,"[""hex-band"",20,5,12]",176.80000000000001,-76.556645694500006
954,25960903107727,"[""hex-band"",20,5,13]",182.32499999999999,-66.987064982700005
955,244978692398262,"[""hex-band"",20,5,14]",187.84999999999999,-57.417484270899998
956,233209790624051,"[""hex-band"",20,5,15]",193.375,-47.847903559099997
957,13009778062566,"[""hex-band"",20,5,16]",198.90000000000001,-38.278322847299997
958,165621528030170,"[""hex-band"",20,5,17]",204.42500000000001,-28.7087421355
959,14053171881029,"[""hex-band"",20,5,18]",209.94999999999999,-19.139161423600001
960,254780917261232,"[""hex-band"",20,5,19]",215.47499999999999,-9.5695807118000005
961,105643758878958,"[""hex-band"",21,0,0]",232.05000000000001,0
962,212716329672631,"[""hex-band"",21,0,1]",226.52500000000001,9.5695807118000005
963,171264852760934,"[""hex-band"",21,0,2]",221,19.139161423600001
964,237121733937949,"[""hex-band"",21,0,3]",215.47499999999999,28.7087421355
965,182028481565491,"[""hex-band"",21,0,4]",209.94999999999999,38.278322847299997
966,75617359390061,"[""hex-band"",21,0,5]",204.42500000000001,47.847903559099997
967,7989606217860,"[""hex-band"",21,0,6]",198.90000000000001,57.417484270899998
968,223262520386703,"[""hex-band"",21,0,7]",193.375,66.987064982700005
969,270933673075237,"[""hex-band"",21,0,8]",187.84999999999999,76.556645694500006
970,94517737693432,"[""hex-band"",21,0,9]",182.32499999999999,86.126226406399994
971,59613728263041,"[""hex-band"",21,0,10]",176.80000000000001,95.695807118199994
972,250301945263408,"[""hex-band"",21,0,11]",171.27500000000001,105.26538782999999
973,2760911191837,"[""hex-band"",21,0,12]",165.75,114.8349685418
974,233279035851103,"[""hex-band"",21,0,13]",160.22499999999999,124.4045492536
975,269349549320385,"[""hex-band"",21,0,14]",154.69999999999999,133.9741299655
976,219222269516147,"[""hex-band"",21,0,15]",149.17500000000001,143.5437106773
977,77967859884130,"[""hex-band"",21,0,16]",143.65000000000001,153.1132913891
978,222295528424872,"[""hex-band"",21,0,17]",138.125,162.6828721009
979,16718074673160,"[""hex-band"",21,0,18]",132.59999999999999,172.2524528127
980,43214027070549,"[""hex-band"",21,0,19]",127.075,181.8220335245
981,106972374228859,"[""hex-band"",21,0,20]",121.55,191.39161423639999
982,240183583350354,"[""hex-band"",21,1,0]",116.02500000000001,200.96119494819999
983,11577087536865,"[""hex-band"",21,1,1]",104.97499999999999,200.96119494819999
984,11663067426674,"[""hex-band"",21,1,2]",93.924999999999997,200.96119494819999
985,6726831214695,"[""hex-band"",21,1,3]",82.875,200.96119494819999
986,281300900341306,"[""hex-band"",21,1,4]",71.825000000000003,200.96119494819999
987,46456229095399,"[""hex-band"",21,1,5]",60.774999999999999,200.96119494819999
988,243042786613657,"[""hex-band"",21,1,6]",49.725000000000001,200.96119494819999
989,4760693406489,"[""hex-band"",21,1,7]",38.674999999999997,200.96119494819999
990,42881970719435,"[""hex-band"",21,1,8]",27.625,200.96119494819999
991,245713570993531,"[""hex-band"",21,1,9]",16.574999999999999,200.96119494819999
992,27241067989236,"[""hex-band"",21,1,10]",5.5250000000000004,200.96119494819999
993,221603411080905,"[""hex-band"",21,1,11]",-5.5250000000000004,200.96119494819999
994,139448662041155,"[""hex-band"",21,1,12]",-16.574999999999999,200.96119494819999
995,123038187067318,"[""hex-band"",21,1,13]",-27.625,200.96119494819999
996,51671842675726,"[""hex-band"",21,1,14]",-38.674999999999997,200.96119494819999
997,250916459060668,"[""hex-band"",21,1,15]",-49.725000000000001,200.96119494819999
998,75622904410613,"[""hex-band"",21,1,16]",-60.774999999999999,200.96119494819999
999,86844867059459,"[""hex-band"",21,1,17]",-71.825000000000003,200.96119494819999
1000,6548954796629,"[""hex-band"",21,1,18]",-82.875,200.96119494819999
1001,61095635164882,"[""hex-band"",21,1,19]",-93.924999999999997,200.96119494819999
1002,104574480998749,"[""hex-band"",21,1,20]",-104.97499999999999,200.96119494819999
1003,273954640292721,"[""hex-band"",21,2,0]",-116.02500000000001,200.96119494819999
1004,224836791861298,"[""hex-band"",21,2,1]",-121.55,191.39161423639999
1005,78398118508199,"[""hex-band"",21,2,2]",-127.075,181.8220335245
1006,102288170850487,"[""hex-band"",21,2,3]",-132.59999999999999,172.2524528127
1007,243687362670159,"[""hex-band"",21,2,4]",-138.125,162.6828721009
1008,168041574076937,"[""hex-band"",21,2,5]",-143.65000000000001,153.1132913891
1009,245042229162781,"[""hex-band"",21,2,6]",-149.17500000000001,143.5437106773
1010,24158052495237,"[""hex-band"",21,2,7]",-154.69999999999999,133.9741299655
1011,90508799595817,"[""hex-band"",21,2,8]",-160.22499999999999,124.4045492536
1012,173725521258656,"[""hex-band"",21,2,9]",-165.75,114.8349685418
1013,143718597086561,"[""hex-band"",21,2,10]",-171.27500000000001,105.26538782999999
1014,217166878014401,"[""hex-band"",21,2,11]",-176.80000000000001,95.695807118199994
1015,278206821124101,"[""hex-band"",21,2,12]",-182.32499999999999,86.126226406399994
1016,222883286203872,"[""hex-band"",21,2,13]",-187.84999999999999,76.556645694500006
1017,120421120337179,"[""hex-band"",21,2,14]",-193.375,66.987064982700005
1018,203646292122952,"[""hex-band"",21,2,15]",-198.90000000000001,57.417484270899998
1019,238575999355041,"[""hex-band"",21,2,16]",-204.42500000000001,47.847903559099997
1020,149833437418530,"[""hex-band"",21,2,17]",-209.94999999999999,38.278322847299997
1021,270544167218991,"[""hex-band"",21,2,18]",-215.47499999999999,28.7087421355
1022,162347655202909,"[""hex-band"",21,2,19]",-221,19.139161423600001
1023,50478428029470,"[""hex-band"",21,2,20]",-226.52500000000001,9.5695807118000005
1024,5516986325876,"[""hex-band"",21,3,0]",-232.05000000000001,0
1025,166440283313624,"[""hex-band"",21,3,1]",-226.52500000000001,-9.5695807118000005
1026,224188893731913,"[""hex-band"",21,3,2]",-221,-19.139161423600001
1027,232165891354971,"[""hex-band"",21,3,3]",-215.47499999999999,-28.7087421355
1028,150241107032086,"[""hex-band"",21,3,4]",-209.94999999999999,-38.278322847299997
1029,76217910118881,"[""hex-band"",21,3,5]",-204.42500000000001,-47.847903559099997
1030,54745554149436,"[""hex-band"",21,3,6]",-198.90000000000001,-57.417484270899998
1031,76721836039582,"[""hex-band"",21,3,7]",-193.375,-66.987064982700005
1032,8501836491072,"[""hex-band"",21,3,8]",-187.84999999999999,-76.556645694500006
1033,170038187024975,"[""hex-band"",21,3,9]",-182.32499999999999,-86.126226406399994
1034,64819658207831,"[""hex-band"",21,3,10]",-176.80000000000001,-95.695807118199994
1035,269886327639639,"[""hex-band"",21,3,11]",-171.27500000000001,-105.26538782999999
1036,89780158475035,"[""hex-band"",21,3,12]",-165.75,-114.8349685418
1037,171682995559755,"[""hex-band"",21,3,13]",-160.22499999999999,-124.4045492536
1038,244427763916421,"[""hex-band"",21,3,14]",-154.69999999999999,-133.9741299655
1039,71816820809815,"[""hex-band"",21,3,15]",-149.17500000000001,-143.5437106773
1040,213295443474083,"[""hex-band"",21,3,16]",-143.65000000000001,-153.1132913891
1041,56980726388782,"[""hex-band"",21,3,17]",-138.125,-162.6828721009
1042,188931606694124,"[""hex-band"",21,3,18]",-132.59999999999999,-172.2524528127
1043,243365930169195,"[""hex-band"",21,3,19]",-127.075,-181.8220335245
1044,13902916222524,"[""hex-band"",21,3,20]",-121.55,-191.39161423639999
1045,151415356849378,"[""hex-band"",21,4,0]",-116.02500000000001,-200.96119494819999
1046,202895452876794,"[""hex-band"",21,4,1]",-104.97499999999999,-200.96119494819999
1047,89603096861415,"[""hex-band"",21,4,2]",-93.924999999999997,-200.96119494819999
1048,280348031882715,"[""hex-band"",21,4,3]",-82.875,-200.96119494819999
1049,251207196972414,"[""hex-band"",21,4,4]",-71.825000000000003,-200.96119494819999
1050,277269446793208,"[""hex-band"",21,4,5]",-60.774999999999999,-200.96119494819999
1051,208347194102835,"[""hex-band"",21,4,6]",-49.725000000000001,-200.96119494819999
1052,170478842404935,"[""hex-band"",21,4,7]",-38.674999999999997,-200.96119494819999
1053,277654033181189,"[""hex-band"",21,4,8]",-27.625,-200.96119494819999
1054,151105788889205,"[""hex-band"",21,4,9]",-16.574999999999999,-200.96119494819999
1055,113700626299600,"[""hex-band"",21,4,10]",-5.5250000000000004,-200.96119494819999
1056,266164204216602,"[""hex-band"",21,4,11]",5.5250000000000004,-200.96119494819999
1057,4149877291014,"[""hex-band"",21,4,12]",16.574999999999999,-200.96119494819999
1058,121067924849837,"[""hex-band"",21,4,13]",27.625,-200.96119494819999
1059,106157915962941,"[""hex-band"",21,4,14]",38.674999999999997,-200.96119494819999
1060,273868852092119,"[""hex-band"",21,4,15]",49.725000000000001,-200.96119494819999
1061,68620991423110,"[""hex-band"",21,4,16]",60.774999999999999,-200.96119494819999
1062,155477095646389,"[""hex-band"",21,4,17]",71.825000000000003,-200.96119494819999
1063,46143604032063,"[""hex-band"",21,4,18]",82.875,-200.96119494819999
1064,95934671105308,"[""hex-band"",21,4,19]",93.924999999999997,-200.96119494819999
1065,235976069357623,"[""hex-band"",21,4,20]",104.97499999999999,-200.96119494819999
1066,30254958803598,"[""hex-band"",21,5,0]",116.02500000000001,-200.96119494819999
1067,176803769576075,"[""hex-band"",21,5,1]",121.55,-191.39161423639999
1068,136946145397055,"[""hex-band"",21,5,2]",127.075,-181.8220335245
1069,190227748326632,"[""hex-band"",21,5,3]",132.59999999999999,-172.2524528127
1070,11540620783220,"[""hex-band"",21,5,4]",138.125,-162.6828721009
1071,43832022389604,"[""hex-band"",21,5,5]",143.65000000000001,-153.1132913891
1072,40124985027946,"[""hex-band"",21,5,6]",149.17500000000001,-143.5437106773
1073,270670368653582,"[""hex-band"",21,5,7]",154.69999999999999,-133.9741299655
1074,86451798629808,"[""hex-band"",21,5,8]",160.22499999999999,-124.4045492536
1075,142236850832927,"[""hex-band"",21,5,9]",165.75,-114.8349685418
1076,268290553525843,"[""hex-band"",21,5,10]",171.27500000000001,-105.26538782999999
1077,201996725548975,"[""hex-band"",21,5,11]",176.80000000000001,-95.695807118199994
1078,34653238745817,"[""hex-band"",21,5,12]",182.32499999999999,-86.126226406399994
1079,105079558834865,"[""hex-band"",21,5,13]",187.84999999999999,-76.556645694500006
1080,153698244821938,"[""hex-band"",21,5,14]",193.375,-66.987064982700005
1081,30322905919994,"[""hex-band"",21,5,15]",198.90000000000001,-57.417484270899998
1082,101823108497127,"[""hex-band"",21,5,16]",204.42500000000001,-47.847903559099997
1083,147652304860173,"[""hex-band"",21,5,17]",209.94999999999999,-38.278322847299997
1084,237728728146025,"[""hex-band"",21,5,18]",215.47499999999999,-28.7087421355
1085,117104392096005,"[""hex-band"",21,5,19]",221,-19.139161423600001
1086,161791183304527,"[""hex-band"",21,5,20]",226.52500000000001,-9.5695807118000005
1087,28246470719870,"[""hex-band"",22,0,0]",243.09999999999999,0
1088,150185488004108,"[""hex-band"",22,0,1]",237.57499999999999,9.5695807118000005
1089,134265115931390,"[""hex-band"",22,0,2]",232.05000000000001,19.139161423600001
1090,197480526380000,"[""hex-band"",22,0,3]",226.52500000000001,28.7087421355
1091,136279550767831,"[""hex-band"",22,0,4]",221,38.278322847299997
1092,187591907365686,"[""hex-band"",22,0,5]",215.47499999999999,47.847903559099997
1093,52027745357535,"[""hex-band"",22,0,6]",209.94999999999999,57.417484270899998
1094,261827934107923,"[""hex-band"",22,0,7]",204.42500000000001,66.987064982700005
1095,50946922371652,"[""hex-band"",22,0,8]",198.90000000000001,76.556645694500006
1096,145330773283410,"[""hex-band"",22,0,9]",193.375,86.126226406399994
1097,176467833574609,"[""hex-band"",22,0,10]",187.84999999999999,95.695807118199994
1098,175156867383575,"[""hex-band"",22,0,11]",182.32499999999999,105.26538782999999
1099,22252952520195,"[""hex-band"",22,0,12]",176.80000000000001,114.8349685418
1100,254311302957203,"[""hex-band"",22,0,13]",171.27500000000001,124.4045492536
1101,229527220918889,"[""hex-band"",22,0,14]",165.75,133.9741299655
1102,269414184012029,"[""hex-band"",22,0,15]",160.22499999999999,143.5437106773
1103,169970187945525,"[""hex-band"",22,0,16]",154.69999999999999,153.1132913891
1104,243913741729813,"[""hex-band"",22,0,17]",149.17500000000001,162.6828721009
1105,74214150859082,"[""hex-band"",22,0,18]",143.65000000000001,172.2524528127
1106,94784367847316,"[""hex-band"",22,0,19]",138.125,181.8220335245
1107,92180747796954,"[""hex-band"",22,0,20]",132.59999999999999,191.39161423639999
1108,71499239221639,"[""hex-band"",22,0,21]",127.075,200.96119494819999
1109,227579879474835,"[""hex-band"",22,1,0]",121.55,210.53077565999999
1110,238271803744332,"[""hex-band"",22,1,1]",110.5,210.53077565999999
1111,155684768108162,"[""hex-band"",22,1,2]",99.450000000000003,210.53077565999999
1112,112174585764919,"[""hex-band"",22,1,3]",88.400000000000006,210.53077565999999
1113,235279059758821,"[""hex-band"",22,1,4]",77.349999999999994,210.53077565999999
1114,118361598853093,"[""hex-band"",22,1,5]",66.299999999999997,210.53077565999999
1115,133086181980558,"[""hex-band"",22,1,6]",55.25,210.53077565999999
1116,265621506495343,"[""hex-band"",22,1,7]",44.200000000000003,210.53077565999999
1117,159881622206317,"[""hex-band"",22,1,8]",33.149999999999999,210.53077565999999
1118,24200683303454,"[""hex-band"",22,1,9]",22.100000000000001,210.53077565999999
1119,128246175335430,"[""hex-band"",22,1,10]",11.050000000000001,210.53077565999999
1120,213461743731537,"[""hex-band"",22,1,11]",0,210.53077565999999
1121,251222801056836,"[""hex-band"",22,1,12]",-11.050000000000001,210.53077565999999
1122,280496309013242,"[""hex-band"",22,1,13]",-22.100000000000001,210.53077565999999
1123,223616098473617,"[""hex-band"",22,1,14]",-33.149999999999999,210.53077565999999
1124,13476336002808,"[""hex-band"",22,1,15]",-44.200000000000003,210.53077565999999
1125,87486277096704,"[""hex-band"",22,1,16]",-55.25,210.53077565999999
1126,256715972834720,"[""hex-band"",22,1,17]",-66.299999999999997,210.53077565999999
1127,157265095594675,"[""hex-band"",22,1,18]",-77.349999999999994,210.53077565999999
1128,259521304854535,"[""hex-band"",22,1,19]",-88.400000000000006,210.53077565999999
1129,118221052444267,"[""hex-band"",22,1,20]",-99.450000000000003,210.53077565999999
1130,216870219361967,"[""hex-band"",22,1,21]",-110.5,210.53077565999999
1131,272501427690920,"[""hex-band"",22,2,0]",-121.55,210.53077565999999
1132,189204465909013,"[""hex-band"",22,2,1]",-127.075,200.96119494819999
1133,138123732283324,"[""hex-band"",22,2,2]",-132.59999999999999,191.39161423639999
1134,231529892336700,"[""hex-band"",22,2,3]",-138.125,181.8220335245
1135,191265870946383,"[""hex-band"",22,2,4]",-143.65000000000001,172.2524528127
1136,34226768907453,"[""hex-band"",22,2,5]",-149.17500000000001,162.6828721009
1137,14716214331565,"[""hex-band"",22,2,6]",-154.69999999999999,153.1132913891
1138,199905555029206,"[""hex-band"",22,2,7]",-160.22499999999999,143.5437106773
1139,267833273852900,"[""hex-band"",22,2,8]",-165.75,133.9741299655
1140,12953821727561,"[""hex-band"",22,2,9]",-171.27500000000001,124.4045492536
1141,214464926443909,"[""hex-band"",22,2,10]",-176.80000000000001,114.8349685418
1142,26804226569212,"[""hex-band"",22,2,11]",-182.32499999999999,105.26538782999999
1143,11583135016214,"[""hex-band"",22,2,12]",-187.84999999999999,95.695807118199994
1144,52263518784689,"[""hex-band"",22,2,13]",-193.375,86.126226406399994
1145,138583819473548,"[""hex-band"",22,2,14]",-198.90000000000001,76.556645694500006
1146,168482534522082,"[""hex-band"",22,2,15]",-204.42500000000001,66.987064982700005
1147,261059928134129,"[""hex-band"",22,2,16]",-209.94999999999999,57.417484270899998
1148,145336782228889,"[""hex-band"",22,2,17]",-215.47499999999999,47.847903559099997
1149,263748360679435,"[""hex-band"",22,2,18]",-221,38.278322847299997
1150,136419160251,"[""hex-band"",22,2,19]",-226.52500000000001,28.7087421355
1151,95439309929415,"[""hex-band"",22,2,20]",-232.05000000000001,19.139161423600001
1152,59779532382070,"[""hex-band"",22,2,21]",-237.57499999999999,9.5695807118000005
1153,10722893687689,"[""hex-band"",22,3,0]",-243.09999999999999,0
1154,146932399206598,"[""hex-band"",22,3,1]",-237.57499999999999,-9.5695807118000005
1155,33949280691139,"[""hex-band"",22,3,2]",-232.05000000000001,-19.139161423600001
1156,24499006386064,"[""hex-band"",22,3,3]",-226.52500000000001,-28.7087421355
1157,74440152445630,"[""hex-band"",22,3,4]",-221,-38.278322847299997
1158,66103631956823,"[""hex-band"",22,3,5]",-215.47499999999999,-47.847903559099997
1159,126938746119286,"[""hex-band"",22,3,6]",-209.94999999999999,-57.417484270899998
1160,169867994425399,"[""hex-band"",22,3,7]",-204.42500000000001,-66.987064982700005
1161,34579459580395,"[""hex-band"",22,3,8]",-198.90000000000001,-76.556645694500006
1162,26171669870259,"[""hex-band"",22,3,9]",-193.375,-86.126226406399994
1163,112122157976771,"[""hex-band"",22,3,10]",-187.84999999999999,-95.695807118199994
1164,97720532484477,"[""hex-band"",22,3,11]",-182.32499999999999,-105.26538782999999
1165,41152915043064,"[""hex-band"",22,3,12]",-176.80000000000001,-114.8349685418
1166,119786141546402,"[""hex-band"",22,3,13]",-171.27500000000001,-124.4045492536
1167,80645975313432,"[""hex-band"",22,3,14]",-165.75,-133.9741299655
1168,207811187125789,"[""hex-band"",22,3,15]",-160.22499999999999,-143.5437106773
1169,253260963483804,"[""hex-band"",22,3,16]",-154.69999999999999,-153.1132913891
1170,30776468851692,"[""hex-band"",22,3,17]",-149.17500000000001,-162.6828721009
1171,27798162696184,"[""hex-band"",22,3,18]",-143.65000000000001,-172.2524528127
1172,236807230110247,"[""hex-band"",22,3,19]",-138.125,-181.8220335245
1173,10003346314693,"[""hex-band"",22,3,20]",-132.59999999999999,-191.39161423639999
1174,101820820224885,"[""hex-band"",22,3,21]",-127.075,-200.96119494819999
1175,152184802772585,"[""hex-band"",22,4,0]",-121.55,-210.53077565999999
1176,25081652887395,"[""hex-band"",22,4,1]",-110.5,-210.53077565999999
1177,73459430894111,"[""hex-band"",22,4,2]",-99.450000000000003,-210.53077565999999
1178,172163015902702,"[""hex-band"",22,4,3]",-88.400000000000006,-210.53077565999999
1179,97084509119070,"[""hex-band"",22,4,4]",-77.349999999999994,-210.53077565999999
1180,127023136664249,"[""hex-band"",22,4,5]",-66.299999999999997,-210.53077565999999
1181,116699584741331,"[""hex-band"",22,4,6]",-55.25,-210.53077565999999
1182,175656079852089,"[""hex-band"",22,4,7]",-44.200000000000003,-210.53077565999999
1183,217876055075115,"[""hex-band"",22,4,8]",-33.149999999999999,-210.53077565999999
1184,50038071989792,"[""hex-band"",22,4,9]",-22.100000000000001,-210.53077565999999
1185,5780580862997,"[""hex-band"",22,4,10]",-11.050000000000001,-210.53077565999999
1186,274128396043439,"[""hex-band"",22,4,11]",-0,-210.53077565999999
1187,55013109994436,"[""hex-band"",22,4,12]",11.050000000000001,-210.53077565999999
1188,109166654912224,"[""hex-band"",22,4,13]",22.100000000000001,-210.53077565999999
1189,16610130143722,"[""hex-band"",22,4,14]",33.149999999999999,-210.53077565999999
1190,53031884293756,"[""hex-band"",22,4,15]",44.200000000000003,-210.53077565999999
1191,199068279870452,"[""hex-band"",22,4,16]",55.25,-210.53077565999999
1192,195939993604643,"[""hex-band"",22,4,17]",66.299999999999997,-210.53077565999999
1193,234376681007876,"[""hex-band"",22,4,18]",77.349999999999994,-210.53077565999999
1194,70450046170057,"[""hex-band"",22,4,19]",88.400000000000006,-210.53077565999999
1195,228044349795114,"[""hex-band"",22,4,20]",99.450000000000003,-210.53077565999999
1196,15708273481529,"[""hex-band"",22,4,21]",110.5,-210.53077565999999
1197,125051696612637,"[""hex-band"",22,5,0]",121.55,-210.53077565999999
1198,68687695537473,"[""hex-band"",22,5,1]",127.075,-200.96119494819999
1199,235706523588336,"[""hex-band"",22,5,2]",132.59999999999999,-191.39161423639999
1200,277099631355104,"[""hex-band"",22,5,3]",138.125,-181.8220335245
1201,193179417199651,"[""hex-band"",22,5,4]",143.65000000000001,-172.2524528127
1202,53738520098516,"[""hex-band"",22,5,5]",149.17500000000001,-162.6828721009
1203,114258653831695,"[""hex-band"",22,5,6]",154.69999999999999,-153.1132913891
1204,121358499121250,"[""hex-band"",22,5,7]",160.22499999999999,-143.5437106773
1205,177468441997985,"[""hex-band"",22,5,8]",165.75,-133.9741299655
1206,4766614859226,"[""hex-band"",22,5,9]",171.27500000000001,-124.4045492536
1207,268808352709690,"[""hex-band"",22,5,10]",176.80000000000001,-114.8349685418
1208,149915994569958,"[""hex-band"",22,5,11]",182.32499999999999,-105.26538782999999
1209,71954801884407,"[""hex-band"",22,5,12]",187.84999999999999,-95.695807118199994
1210,99308429788021,"[""hex-band"",22,5,13]",193.375,-86.126226406399994
1211,11346667071366,"[""hex-band"",22,5,14]",198.90000000000001,-76.556645694500006
1212,97017370076780,"[""hex-band"",22,5,15]",204.42500000000001,-66.987064982700005
1213,59924412817791,"[""hex-band"",22,5,16]",209.94999999999999,-57.417484270899998
1214,27711304612364,"[""hex-band"",22,5,17]",215.47499999999999,-47.847903559099997
1215,271706532651185,"[""hex-band"",22,5,18]",221,-38.278322847299997
1216,124407256526061,"[""hex-band"",22,5,19]",226.52500000000001,-28.7087421355
1217,153424986566818,"[""hex-band"",22,5,20]",232.05000000000001,-19.139161423600001
1218,89989110350937,"[""hex-band"",22,5,21]",237.57499999999999,-9.5695807118000005
1219,118599271939391,"[""hex-band"",23,0,0]",254.15000000000001,0
1220,268783165320978,"[""hex-band"",23,0,1]",248.625,9.5695807118000005
1221,168980307653382,"[""hex-band"",23,0,2]",243.09999999999999,19.139161423600001
1222,266511480466319,"[""hex-band"",23,0,3]",237.57499999999999,28.7087421355
1223,232563835672268,"[""hex-band"",23,0,4]",232.05000000000001,38.278322847299997
1224,177301619834975,"[""hex-band"",23,0,5]",226.52500000000001,47.847903559099997
1225,37486006735003,"[""hex-band"",23,0,6]",221,57.417484270899998
1226,42183769528154,"[""hex-band"",23,0,7]",215.47499999999999,66.987064982700005
1227,231031716435705,"[""hex-band"",23,0,8]",209.94999999999999,76.556645694500006
1228,224095180057315,"[""hex-band"",23,0,9]",204.42500000000001,86.126226406399994
1229,264109035979176,"[""hex-band"",23,0,10]",198.90000000000001,95.695807118199994
1230,188434055233588,"[""hex-band"",23,0,11]",193.375,105.26538782999999
1231,25579623933349,"[""hex-band"",23,0,12]",187.84999999999999,114.8349685418
1232,248937193806662,"[""hex-band"",23,0,13]",182.32499999999999,124.4045492536
1233,7383208935728,"[""hex-band"",23,0,14]",176.80000000000001,133.9741299655
1234,194961005069540,"[""hex-band"",23,0,15]",171.27500000000001,143.5437106773
1235,215509588834103,"[""hex-band"",23,0,16]",165.75,153.1132913891
1236,230132140370208,"[""hex-band"",23,0,17]",160.22499999999999,162.6828721009
1237,158587006313389,"[""hex-band"",23,0,18]",154.69999999999999,172.2524528127
1238,259191295357841,"[""hex-band"",23,0,19]",149.17500000000001,181.8220335245
1239,82267255908054,"[""hex-band"",23,0,20]",143.65000000000001,191.39161423639999
1240,111072382721645,"[""hex-band"",23,0,21]",138.125,200.96119494819999
1241,45752886239859,"[""hex-band"",23,0,22]",132.59999999999999,210.53077565999999
1242,112899684642102,"[""hex-band"",23,1,0]",127.075,220.10035637179999
1243,128382900382124,"[""hex-band"",23,1,1]",116.02500000000001,220.10035637179999
1244,276462685632805,"[""hex-band"",23,1,2]",104.97499999999999,220.10035637179999
1245,131155583804355,"[""hex-band"",23,1,3]",93.924999999999997,220.10035637179999
1246,273558575082632,"[""hex-band"",23,1,4]",82.875,220.10035637179999
1247,256204477107235,"[""hex-band"",23,1,5]",71.825000000000003,220.10035637179999
1248,249985470292157,"[""hex-band"",23,1,6]",60.774999999999999,220.10035637179999
1249,253315014366642,"[""hex-band"",23,1,7]",49.725000000000001,220.10035637179999
1250,76111651460615,"[""hex-band"",23,1,8]",38.674999999999997,220.10035637179999
1251,4140977534363,"[""hex-band"",23,1,9]",27.625,220.10035637179999
1252,46361336225396,"[""hex-band"",23,1,10]",16.574999999999999,220.10035637179999
1253,87764435467615,"[""hex-band"",23,1,11]",5.5250000000000004,220.10035637179999
1254,193360714842029,"[""hex-band"",23,1,12]",-5.5250000000000004,220.10035637179999
1255,230996329469860,"[""hex-band"",23,1,13]",-16.574999999999999,220.10035637179999
1256,133212276763754,"[""hex-band"",23,1,14]",-27.625,220.10035637179999
1257,109305558196861,"[""hex-band"",23,1,15]",-38.674999999999997,220.10035637179999
1258,22332585992267,"[""hex-band"",23,1,16]",-49.725000000000001,220.10035637179999
1259,183311362760187,"[""hex-band"",23,1,17]",-60.774999999999999,220.10035637179999
1260,250625020263203,"[""hex-band"",23,1,18]",-71.825000000000003,220.10035637179999
1261,146583895115032,"[""hex-band"",23,1,19]",-82.875,220.10035637179999
1262,121339301604239,"[""hex-band"",23,1,20]",-93.924999999999997,220.10035637179999
1263,237983013821506,"[""hex-band"",23,1,21]",-104.97499999999999,220.10035637179999
1264,265064132501183,"[""hex-band"",23,1,22]",-116.02500000000001,220.10035637179999
1265,274138754531581,"[""hex-band"",23,2,0]",-127.075,220.10035637179999
1266,9065645696076,"[""hex-band"",23,2,1]",-132.59999999999999,210.53077565999999
1267,29711552772731,"[""hex-band"",23,2,2]",-138.125,200.96119494819999
1268,249426431618655,"[""hex-band"",23,2,3]",-143.65000000000001,191.39161423639999
1269,224766159371264,"[""hex-band"",23,2,4]",-149.17500000000001,181.8220335245
1270,138995338028327,"[""hex-band"",23,2,5]",-154.69999999999999,172.2524528127
1271,233026253464303,"[""hex-band"",23,2,6]",-160.22499999999999,162.6828721009
1272,85408458503465,"[""hex-band"",23,2,7]",-165.75,153.1132913891
1273,206747722068618,"[""hex-band"",23,2,8]",-171.27500000000001,143.5437106773
1274,83637385416613,"[""hex-band"",23,2,9]",-176.80000000000001,133.9741299655
1275,177013154327932,"[""hex-band"",23,2,10]",-182.32499999999999,124.4045492536
1276,51326349559309,"[""hex-band"",23,2,11]",-187.84999999999999,114.8349685418
1277,279230323684236,"[""hex-band"",23,2,12]",-193.375,105.26538782999999
1278,67304931716002,"[""hex-band"",23,2,13]",-198.90000000000001,95.695807118199994
1279,280627299319361,"[""hex-band"",23,2,14]",-204.42500000000001,86.126226406399994
1280,34160759737058,"[""hex-band"",23,2,15]",-209.94999999999999,76.556645694500006
1281,39051330189460,"[""hex-band"",23,2,16]",-215.47499999999999,66.987064982700005
1282,116239172996958,"[""hex-band"",23,2,17]",-221,57.417484270899998
1283,39138170815050,"[""hex-band"",23,2,18]",-226.52500000000001,47.847903559099997
1284,84236937925912,"[""hex-band"",23,2,19]",-232.05000000000001,38.278322847299997
1285,127404767244149,"[""hex-band"",23,2,20]",-237.57499999999999,28.7087421355
1286,19509038711309,"[""hex-band"",23,2,21]",-243.09999999999999,19.139161423600001
1287,265862922982375,"[""hex-band"",23,2,22]",-248.625,9.5695807118000005
1288,46554181100056,"[""hex-band"",23,3,0]",-254.15000000000001,0
1289,277391005185233,"[""hex-band"",23,3,1]",-248.625,-9.5695807118000005
1290,179819427875446,"[""hex-band"",23,3,2]",-243.09999999999999,-19.139161423600001
1291,265180679318874,"[""hex-band"",23,3,3]",-237.57499999999999,-28.7087421355
1292,153986183259225,"[""hex-band"",23,3,4]",-232.05000000000001,-38.278322847299997
1293,139881258932438,"[""hex-band"",23,3,5]",-226.52500000000001,-47.847903559099997
1294,226554668498708,"[""hex-band"",23,3,6]",-221,-57.417484270899998
1295,226890440276579,"[""hex-band"",23,3,7]",-215.47499999999999,-66.987064982700005
1296,207332462988835,"[""hex-band"",23,3,8]",-209.94999999999999,-76.556645694500006
1297,16966067668075,"[""hex-band"",23,3,9]",-204.42500000000001,-86.126226406399994
1298,133421324540405,"[""hex-band"",23,3,10]",-198.90000000000001,-95.695807118199994
1299,269405050170743,"[""hex-band"",23,3,11]",-193.375,-105.26538782999999
1300,135501601636402,"[""hex-band"",23,3,12]",-187.84999999999999,-114.8349685418
1301,143708717683216,"[""hex-band"",23,3,13]",-182.32499999999999,-124.4045492536
1302,276301318258017,"[""hex-band"",23,3,14]",-176.80000000000001,-133.9741299655
1303,278159489885406,"[""hex-band"",23,3,15]",-171.27500000000001,-143.5437106773
1304,53989474606148,"[""hex-band"",23,3,16]",-165.75,-153.1132913891
1305,114636136160469,"[""hex-band"",23,3,17]",-160.22499999999999,-162.6828721009
1306,86690777084137,"[""hex-band"",23,3,18]",-154.69999999999999,-172.2524528127
1307,51985728655046,"[""hex-band"",23,3,19]",-149.17500000000001,-181.8220335245
1308,19394748746439,"[""hex-band"",23,3,20]",-143.65000000000001,-191.39161423639999
1309,187726430626004,"[""hex-band"",23,3,21]",-138.125,-200.96119494819999
1310,63526714446228,"[""hex-band"",23,3,22]",-132.59999999999999,-210.53077565999999
1311,88524936367575,"[""hex-band"",23,4,0]",-127.075,-220.10035637179999
1312,153000904615869,"[""hex-band"",23,4,1]",-116.02500000000001,-220.10035637179999
1313,167012899084377,"[""hex-band"",23,4,2]",-104.97499999999999,-220.10035637179999
1314,10533213677304,"[""hex-band"",23,4,3]",-93.924999999999997,-220.10035637179999
1315,12423493068545,"[""hex-band"",23,4,4]",-82.875,-220.10035637179999
1316,216227434811902,"[""hex-band"",23,4,5]",-71.825000000000003,-220.10035637179999
1317,251299560995248,"[""hex-band"",23,4,6]",-60.774999999999999,-220.10035637179999
1318,21538150496865,"[""hex-band"",23,4,7]",-49.725000000000001,-220.10035637179999
1319,54381112661367,"[""hex-band"",23,4,8]",-38.674999999999997,-220.10035637179999
1320,229064544636260,"[""hex-band"",23,4,9]",-27.625,-220.10035637179999
1321,41489878386552,"[""hex-band"",23,4,10]",-16.574999999999999,-220.10035637179999
1322,234664808125132,"[""hex-band"",23,4,11]",-5.5250000000000004,-220.10035637179999
1323,126689212286031,"[""hex-band"",23,4,12]",5.5250000000000004,-220.10035637179999
1324,257105928114446,"[""hex-band"",23,4,13]",16.574999999999999,-220.10035637179999
1325,58256624184449,"[""hex-band"",23,4,14]",27.625,-220.10035637179999
1326,52929755726327,"[""hex-band"",23,4,15]",38.674999999999997,-220.10035637179999
1327,9188096506570,"[""hex-band"",23,4,16]",49.725000000000001,-220.10035637179999
1328,101924975843300,"[""hex-band"",23,4,17]",60.774999999999999,-220.10035637179999
1329,129907854953130,"[""hex-band"",23,4,18]",71.825000000000003,-220.10035637179999
1330,22285268802582,"[""hex-band"",23,4,19]",82.875,-220.10035637179999
1331,107818371970000,"[""hex-band"",23,4,20]",93.924999999999997,-220.10035637179999
1332,248426487472204,"[""hex-band"",23,4,21]",104.97499999999999,-220.10035637179999
1333,30987767263584,"[""hex-band"",23,4,22]",116.02500000000001,-220.10035637179999
1334,147500769273532,"[""hex-band"",23,5,0]",127.075,-220.10035637179999
1335,280592301369717,"[""hex-band"",23,5,1]",132.59999999999999,-210.53077565999999
1336,80466547462850,"[""hex-band"",23,5,2]",138.125,-200.96119494819999
1337,97344841831933,"[""hex-band"",23,5,3]",143.65000000000001,-191.39161423639999
1338,217584817343177,"[""hex-band"",23,5,4]",149.17500000000001,-181.8220335245
1339,161830928690327,"[""hex-band"",23,5,5]",154.69999999999999,-172.2524528127
1340,202441289795564,"[""hex-band"",23,5,6]",160.22499999999999,-162.6828721009
1341,73513850389600,"[""hex-band"",23,5,7]",165.75,-153.1132913891
1342,86438018383018,"[""hex-band"",23,5,8]",171.27500000000001,-143.5437106773
1343,192236925546750,"[""hex-band"",23,5,9]",176.80000000000001,-133.9741299655
1344,184107500815205,"[""hex-band"",23,5,10]",182.32499999999999,-124.4045492536
1345,152963314934028,"[""hex-band"",23,5,11]",187.84999999999999,-114.8349685418
1346,271401254999718,"[""hex-band"",23,5,12]",193.375,-105.26538782999999
1347,170322366263436,"[""hex-band"",23,5,13]",198.90000000000001,-95.695807118199994
1348,250871765613623,"[""hex-band"",23,5,14]",204.42500000000001,-86.126226406399994
1349,43376064129518,"[""hex-band"",23,5,15]",209.94999999999999,-76.556645694500006
1350,116691444590029,"[""hex-band"",23,5,16]",215.47499999999999,-66.987064982700005
1351,73794612603753,"[""hex-band"",23,5,17]",221,-57.417484270899998
1352,34377423615616,"[""hex-band"",23,5,18]",226.52500000000001,-47.847903559099997
1353,4278412918137,"[""hex-band"",23,5,19]",232.05000000000001,-38.278322847299997
1354,100810415228201,"[""hex-band"",23,5,20]",237.57499999999999,-28.7087421355
1355,247926037506377,"[""hex-band"",23,5,21]",243.09999999999999,-19.139161423600001
1356,71225400240847,"[""hex-band"",23,5,22]",248.625,-9.5695807118000005
1357,97090280383764,"[""hex-band"",24,0,0]",265.19999999999999,0
1358,200438117846825,"[""hex-band"",24,0,1]",259.67500000000001,9.5695807118000005
1359,123037105778435,"[""hex-band"",24,0,2]",254.15000000000001,19.139161423600001
1360,142390357419209,"[""hex-band"",24,0,3]",248.625,28.7087421355
1361,198552060791325,"[""hex-band"",24,0,4]",243.09999999999999,38.278322847299997
1362,23475638210232,"[""hex-band"",24,0,5]",237.57499999999999,47.847903559099997
1363,269395381620292,"[""hex-band"",24,0,6]",232.05000000000001,57.417484270899998
1364,210730564605181,"[""hex-band"",24,0,7]",226.52500000000001,66.987064982700005
1365,56853635209108,"[""hex-band"",24,0,8]",221,76.556645694500006
1366,20368984768061,"[""hex-band"",24,0,9]",215.47499999999999,86.126226406399994
1367,126510792487271,"[""hex-band"",24,0,10]",209.94999999999999,95.695807118199994
1368,120337858941185,"[""hex-band"",24,0,11]",204.42500000000001,105.26538782999999
1369,112554372074396,"[""hex-band"",24,0,12]",198.90000000000001,114.8349685418
1370,65260675545939,"[""hex-band"",24,0,13]",193.375,124.4045492536
1371,1573834027771,"[""hex-band"",24,0,14]",187.84999999999999,133.9741299655
1372,192746703039360,"[""hex-band"",24,0,15]",182.32499999999999,143.5437106773
1373,186256929797364,"[""hex-band"",24,0,16]",176.80000000000001,153.1132913891
1374,207997393523613,"[""hex-band"",24,0,17]",171.27500000000001,162.6828721009
1375,189919191152605,"[""hex-band"",24,0,18]",165.75,172.2524528127
1376,152154921633622,"[""hex-band"",24,0,19]",160.22499999999999,181.8220335245
1377,161092183288952,"[""hex-band"",24,0,20]",154.69999999999999,191.39161423639999
1378,220726193492568,"[""hex-band"",24,0,21]",149.17500000000001,200.96119494819999
1379,102895006164590,"[""hex-band"",24,0,22]",143.65000000000001,210.53077565999999
1380,125480157784277,"[""hex-band"",24,0,23]",138.125,220.10035637179999
1381,105558677352863,"[""hex-band"",24,1,0]",132.59999999999999,229.66993708359999
1382,13655631617678,"[""hex-band"",24,1,1]",121.55,229.66993708359999
1383,70002181689833,"[""hex-band"",24,1,2]",110.5,229.66993708359999
1384,98956813059260,"[""hex-band"",24,1,3]",99.450000000000003,229.66993708359999
1385,48421796925293,"[""hex-band"",24,1,4]",88.400000000000006,229.66993708359999
1386,249800087733256,"[""hex-band"",24,1,5]",77.349999999999994,229.66993708359999
1387,10029436317785,"[""hex-band"",24,1,6]",66.299999999999997,229.66993708359999
1388,174367321112521,"[""hex-band"",24,1,7]",55.25,229.66993708359999
1389,242739265537622,"[""hex-band"",24,1,8]",44.200000000000003,229.66993708359999
1390,64637257548233,"[""hex-band"",24,1,9]",33.149999999999999,229.66993708359999
1391,251621247511788,"[""hex-band"",24,1,10]",22.100000000000001,229.66993708359999
1392,259901070235962,"[""hex-band"",24,1,11]",11.050000000000001,229.66993708359999
1393,232063434000926,"[""hex-band"",24,1,12]",0,229.66993708359999
1394,66498581826239,"[""hex-band"",24,1,13]",-11.050000000000001,229.66993708359999
1395,12243329799866,"[""hex-band"",24,1,14]",-22.100000000000001,229.66993708359999
1396,146297134490478,"[""hex-band"",24,1,15]",-33.149999999999999,229.66993708359999
1397,212372959593179,"[""hex-band"",24,1,16]",-44.200000000000003,229.66993708359999
1398,83178544987009,"[""hex-band"",24,1,17]",-55.25,229.66993708359999
1399,125165929430889,"[""hex-band"",24,1,18]",-66.299999999999997,229.66993708359999
1400,45315672000506,"[""hex-band"",24,1,19]",-77.349999999999994,229.66993708359999
1401,114350719226802,"[""hex-band"",24,1,20]",-88.400000000000006,229.66993708359999
1402,190610968700884,"[""hex-band"",24,1,21]",-99.450000000000003,229.66993708359999
1403,90340475738029,"[""hex-band"",24,1,22]",-110.5,229.66993708359999
1404,106452925942634,"[""hex-band"",24,1,23]",-121.55,229.66993708359999
1405,92546690286265,"[""hex-band"",24,2,0]",-132.59999999999999,229.66993708359999
1406,163380725776199,"[""hex-band"",24,2,1]",-138.125,220.10035637179999
1407,223595699098302,"[""hex-band"",24,2,2]",-143.65000000000001,210.53077565999999
1408,101200600477146,"[""hex-band"",24,2,3]",-149.17500000000001,200.96119494819999
1409,72975044859958,"[""hex-band"",24,2,4]",-154.69999999999999,191.39161423639999
1410,208215753450175,"[""hex-band"",24,2,5]",-160.22499999999999,181.8220335245
1411,49226777822768,"[""hex-band"",24,2,6]",-165.75,172.2524528127
1412,238836533607642,"[""hex-band"",24,2,7]",-171.27500000000001,162.6828721009
1413,252539119647889,"[""hex-band"",24,2,8]",-176.80000000000001,153.1132913891
1414,219391786068594,"[""hex-band"",24,2,9]",-182.32499999999999,143.5437106773
1415,275628158807447,"[""hex-band"",24,2,10]",-187.84999999999999,133.9741299655
1416,17718602320111,"[""hex-band"",24,2,11]",-193.375,124.4045492536
1417,95920037026437,"[""hex-band"",24,2,12]",-198.90000000000001,114.8349685418
1418,28519716225786,"[""hex-band"",24,2,13]",-204.42500000000001,105.26538782999999
1419,161363416450650,"[""hex-band"",24,2,14]",-209.94999999999999,95.695807118199994
1420,261743977465356,"[""hex-band"",24,2,15]",-215.47499999999999,86.126226406399994
1421,159013982469882,"[""hex-band"",24,2,16]",-221,76.556645694500006
1422,155167541757734,"[""hex-band"",24,2,17]",-226.52500000000001,66.987064982700005
1423,237365846467170,"[""hex-band"",24,2,18]",-232.05000000000001,57.417484270899998
1424,271574780561386,"[""hex-band"",24,2,19]",-237.57499999999999,47.847903559099997
1425,75416033342255,"[""hex-band"",24,2,20]",-243.09999999999999,38.278322847299997
1426,271781361911755,"[""hex-band"",24,2,21]",-248.625,28.7087421355
1427,223147235706990,"[""hex-band"",24,2,22]",-254.15000000000001,19.139161423600001
1428,127249624738645,"[""hex-band"",24,2,23]",-259.67500000000001,9.5695807118000005
1429,194692991550470,"[""hex-band"",24,3,0]",-265.19999999999999,0
1430,72027208790167,"[""hex-band"",24,3,1]",-259.67500000000001,-9.5695807118000005
1431,56300573088644,"[""hex-band"",24,3,2]",-254.15000000000001,-19.139161423600001
1432,81386290237949,"[""hex-band"",24,3,3]",-248.625,-28.7087421355
1433,141827699576195,"[""hex-band"",24,3,4]",-243.09999999999999,-38.278322847299997
1434,244915621068159,"[""hex-band"",24,3,5]",-237.57499999999999,-47.847903559099997
1435,59828257760768,"[""hex-band"",24,3,6]",-232.05000000000001,-57.417484270899998
1436,202305882826554,"[""hex-band"",24,3,7]",-226.52500000000001,-66.987064982700005
1437,14948925957626,"[""hex-band"",24,3,8]",-221,-76.556645694500006
1438,86953393370391,"[""hex-band"",24,3,9]",-215.47499999999999,-86.126226406399994
1439,200409141060028,"[""hex-band"",24,3,10]",-209.94999999999999,-95.695807118199994
1440,133498694006121,"[""hex-band"",24,3,11]",-204.42500000000001,-105.26538782999999
1441,90091199443384,"[""hex-band"",24,3,12]",-198.90000000000001,-114.8349685418
1442,269530556940333,"[""hex-band"",24,3,13]",-193.375,-124.4045492536
1443,6138630284650,"[""hex-band"",24,3,14]",-187.84999999999999,-133.9741299655
1444,172587573972156,"[""hex-band"",24,3,15]",-182.32499999999999,-143.5437106773
1445,222311473898665,"[""hex-band"",24,3,16]",-176.80000000000001,-153.1132913891
1446,160720116887051,"[""hex-band"",24,3,17]",-171.27500000000001,-162.6828721009
1447,35962962270686,"[""hex-band"",24,3,18]",-165.75,-172.2524528127
1448,20631829799493,"[""hex-band"",24,3,19]",-160.22499999999999,-181.8220335245
1449,170483892164126,"[""hex-band"",24,3,20]",-154.69999999999999,-191.39161423639999
1450,125470544092325,"[""hex-band"",24,3,21]",-149.17500000000001,-200.96119494819999
1451,231674932006943,"[""hex-band"",24,3,22]",-143.65000000000001,-210.53077565999999
1452,181988078167103,"[""hex-band"",24,3,23]",-138.125,-220.10035637179999
1453,53324010093489,"[""hex-band"",24,4,0]",-132.59999999999999,-229.66993708359999
1454,135844409320002,"[""hex-band"",24,4,1]",-121.55,-229.66993708359999
1455,97424308305814,"[""hex-band"",24,4,2]",-110.5,-229.66993708359999
1456,225815594018163,"[""hex-band"",24,4,3]",-99.450000000000003,-229.66993708359999
1457,247215295005923,"[""hex-band"",24,4,4]",-88.400000000000006,-229.66993708359999
1458,43191319040342,"[""hex-band"",24,4,5]",-77.349999999999994,-229.66993708359999
1459,224638452556093,"[""hex-band"",24,4,6]",-66.299999999999997,-229.66993708359999
1460,206219896721031,"[""hex-band"",24,4,7]",-55.25,-229.66993708359999
1461,113977292991352,"[""hex-band"",24,4,8]",-44.200000000000003,-229.66993708359999
1462,15307743301410,"[""hex-band"",24,4,9]",-33.149999999999999,-229.66993708359999
1463,238856307279215,"[""hex-band"",24,4,10]",-22.100000000000001,-229.66993708359999
1464,224552457157827,"[""hex-band"",24,4,11]",-11.050000000000001,-229.66993708359999
1465,208150509645738,"[""hex-band"",24,4,12]",0,-229.66993708359999
1466,233021552402697,"[""hex-band"",24,4,13]",11.050000000000001,-229.66993708359999
1467,43327434888943,"[""hex-band"",24,4,14]",22.100000000000001,-229.66993708359999
1468,59915456332425,"[""hex-band"",24,4,15]",33.149999999999999,-229.66993708359999
1469,165975849282057,"[""hex-band"",24,4,16]",44.200000000000003,-229.66993708359999
1470,89979378979070,"[""hex-band"",24,4,17]",55.25,-229.66993708359999
1471,209759308314073,"[""hex-band"",24,4,18]",66.299999999999997,-229.66993708359999
1472,120717964991398,"[""hex-band"",24,4,19]",77.349999999999994,-229.66993708359999
1473,185222384298912,"[""hex-band"",24,4,20]",88.400000000000006,-229.66993708359999
1474,163640290260457,"[""hex-band"",24,4,21]",99.450000000000003,-229.66993708359999
1475,141930279214213,"[""hex-band"",24,4,22]",110.5,-229.66993708359999
1476,95583315750838,"[""hex-band"",24,4,23]",121.55,-229.66993708359999
1477,27470497177783,"[""hex-band"",24,5,0]",132.59999999999999,-229.66993708359999
1478,63534525413447,"[""hex-band"",24,5,1]",138.125,-220.10035637179999
1479,145047197785205,"[""hex-band"",24,5,2]",143.65000000000001,-210.53077565999999
1480,44576673923680,"[""hex-band"",24,5,3]",149.17500000000001,-200.96119494819999
1481,78258052202827,"[""hex-band"",24,5,4]",154.69999999999999,-191.39161423639999
1482,266118324125583,"[""hex-band"",24,5,5]",160.22499999999999,-181.8220335245
1483,221857530734223,"[""hex-band"",24,5,6]",165.75,-172.2524528127
1484,240265108908019,"[""hex-band"",24,5,7]",171.27500000000001,-162.6828721009
1485,27118273139711,"[""hex-band"",24,5,8]",176.80000000000001,-153.1132913891
1486,96775361641291,"[""hex-band"",24,5,9]",182.32499999999999,-143.5437106773
1487,218675801947885,"[""hex-band"",24,5,10]",187.84999999999999,-133.9741299655
1488,171289819547550,"[""hex-band"",24,5,11]",193.375,-124.4045492536
1489,250310996392181,"[""hex-band"",24,5,12]",198.90000000000001,-114.8349685418
1490,134427986415621,"[""hex-band"",24,5,13]",204.42500000000001,-105.26538782999999
1491,79010216337554,"[""hex-band"",24,5,14]",209.94999999999999,-95.695807118199994
1492,182027169235011,"[""hex-band"",24,5,15]",215.47499999999999,-86.126226406399994
1493,77559840111831,"[""hex-band"",24,5,16]",221,-76.556645694500006
1494,189144616472591,"[""hex-band"",24,5,17]",226.52500000000001,-66.987064982700005
1495,195292819269623,"[""hex-band"",24,5,18]",232.05000000000001,-57.417484270899998
1496,200231264833194,"[""hex-band"",24,5,19]",237.57499999999999,-47.847903559099997
1497,112301328457565,"[""hex-band"",24,5,20]",243.09999999999999,-38.278322847299997
1498,120361932561566,"[""hex-band"",24,5,21]",248.625,-28.7087421355
1499,141941026065987,"[""hex-band"",24,5,22]",254.15000000000001,-19.139161423600001
1500,188469067555357,"[""hex-band"",24,5,23]",259.67500000000001,-9.5695807118000005
1501,265350312447465,"[""hex-band"",25,0,0]",276.25,0
1502,236314552606490,"[""hex-band"",25,0,1]",270.72500000000002,9.5695807118000005
1503,229355149045002,"[""hex-band"",25,0,2]",265.19999999999999,19.139161423600001
1504,68127357133369,"[""hex-band"",25,0,3]",259.67500000000001,28.7087421355
1505,43374987373111,"[""hex-band"",25,0,4]",254.15000000000001,38.278322847299997
1506,82955995728197,"[""hex-band"",25,0,5]",248.625,47.847903559099997
1507,188781992156566,"[""hex-band"",25,0,6]",243.09999999999999,57.417484270899998
1508,7856425765976,"[""hex-band"",25,0,7]",237.57499999999999,66.987064982700005
1509,125393412620044,"[""hex-band"",25,0,8]",232.05000000000001,76.556645694500006
1510,62555287211715,"[""hex-band"",25,0,9]",226.52500000000001,86.126226406399994
1511,83342837108471,"[""hex-band"",25,0,10]",221,95.695807118199994
1512,154490478800798,"[""hex-band"",25,0,11]",215.47499999999999,105.26538782999999
1513,174567285536798,"[""hex-band"",25,0,12]",209.94999999999999,114.8349685418
1514,122875080629137,"[""hex-band"",25,0,13]",204.42500000000001,124.4045492536
1515,11624415148264,"[""hex-band"",25,0,14]",198.90000000000001,133.9741299655
1516,202709942476518,"[""hex-band"",25,0,15]",193.375,143.5437106773
1517,257138780596248,"[""hex-band"",25,0,16]",187.84999999999999,153.1132913891
1518,76034695465907,"[""hex-band"",25,0,17]",182.32499999999999,162.6828721009
1519,250275508756278,"[""hex-band"",25,0,18]",176.80000000000001,172.2524528127
1520,102179641636374,"[""hex-band"",25,0,19]",171.27500000000001,181.8220335245
1521,198475614439618,"[""hex-band"",25,0,20]",165.75,191.39161423639999
1522,10229838212552,"[""hex-band"",25,0,21]",160.22499999999999,200.96119494819999
1523,89024198100373,"[""hex-band"",25,0,22]",154.69999999999999,210.53077565999999
1524,45878380820286,"[""hex-band"",25,0,23]",149.17500000000001,220.10035637179999
1525,83251797502063,"[""hex-band"",25,0,24]",143.65000000000001,229.66993708359999
1526,112310148787021,"[""hex-band"",25,1,0]",138.125,239.23951779550001
1527,89146777350423,"[""hex-band"",25,1,1]",127.075,239.23951779550001
1528,274048475263916,"[""hex-band"",25,1,2]",116.02500000000001,239.23951779550001
1529,227852860053478,"[""hex-band"",25,1,3]",104.97499999999999,239.23951779550001
1530,147760594039404,"[""hex-band"",25,1,4]",93.924999999999997,239.23951779550001
1531,120876258134047,"[""hex-band"",25,1,5]",82.875,239.23951779550001
1532,192615171548876,"[""hex-band"",25,1,6]",71.825000000000003,239.23951779550001
1533,57924545985765,"[""hex-band"",25,1,7]",60.774999999999999,239.23951779550001
1534,166360673041764,"[""hex-band"",25,1,8]",49.725000000000001,239.23951779550001
1535,253620628463717,"[""hex-band"",25,1,9]",38.674999999999997,239.23951779550001
1536,139342339988474,"[""hex-band"",25,1,10]",27.625,239.23951779550001
1537,86643304147101,"[""hex-band"",25,1,11]",16.574999999999999,239.23951779550001
1538,77667908549784,"[""hex-band"",25,1,12]",5.5250000000000004,239.23951779550001
1539,3294113662111,"[""hex-band"",25,1,13]",-5.5250000000000004,239.23951779550001
1540,21483816956941,"[""hex-band"",25,1,14]",-16.574999999999999,239.23951779550001
1541,124093249570699,"[""hex-band"",25,1,15]",-27.625,239.23951779550001
1542,245974850002732,"[""hex-band"",25,1,16]",-38.674999999999997,239.23951779550001
1543,73819127864362,"[""hex-band"",25,1,17]",-49.725000000000001,239.23951779550001
1544,32011782053260,"[""hex-band"",25,1,18]",-60.774999999999999,239.23951779550001
1545,268727885068588,"[""hex-band"",25,1,19]",-71.825000000000003,239.23951779550001
1546,169772417772480,"[""hex-band"",25,1,20]",-82.875,239.23951779550001
1547,119066861415204,"[""hex-band"",25,1,21]",-93.924999999999997,239.23951779550001
1548,200644892253010,"[""hex-band"",25,1,22]",-104.97499999999999,239.23951779550001
1549,192478587752777,"[""hex-band"",25,1,23]",-116.02500000000001,239.23951779550001
1550,73765945969677,"[""hex-band"",25,1,24]",-127.075,239.23951779550001
1551,145547607898210,"[""hex-band"",25,2,0]",-138.125,239.23951779550001
1552,222751877726648,"[""hex-band"",25,2,1]",-143.65000000000001,229.66993708359999
1553,40591730877760,"[""hex-band"",25,2,2]",-149.17500000000001,220.10035637179999
1554,53198516294695,"[""hex-band"",25,2,3]",-154.69999999999999,210.53077565999999
1555,151940228765196,"[""hex-band"",25,2,4]",-160.22499999999999,200.96119494819999
1556,108377054935727,"[""hex-band"",25,2,5]",-165.75,191.39161423639999
1557,202106114666163,"[""hex-band"",25,2,6]",-171.27500000000001,181.8220335245
1558,191124601432387,"[""hex-band"",25,2,7]",-176.80000000000001,172.2524528127
1559,93452722466732,"[""hex-band"",25,2,8]",-182.32499999999999,162.6828721009
1560,166461462010690,"[""hex-band"",25,2,9]",-187.84999999999999,153.1132913891
1561,269200962066230,"[""hex-band"",25,2,10]",-193.375,143.5437106773
1562,265159746094054,"[""hex-band"",25,2,11]",-198.90000000000001,133.9741299655
1563,55032297342989,"[""hex-band"",25,2,12]",-204.42500000000001,124.4045492536
1564,220797193093647,"[""hex-band"",25,2,13]",-209.94999999999999,114.8349685418
1565,83124206203585,"[""hex-band"",25,2,14]",-215.47499999999999,105.26538782999999
1566,274944259394161,"[""hex-band"",25,2,15]",-221,95.695807118199994
1567,52736104517027,"[""hex-band"",25,2,16]",-226.52500000000001,86.126226406399994
1568,57083064952705,"[""hex-band"",25,2,17]",-232.05000000000001,76.556645694500006
1569,90516333661247,"[""hex-band"",25,2,18]",-237.57499999999999,66.987064982700005
1570,60304865644622,"[""hex-band"",25,2,19]",-243.09999999999999,57.417484270899998
1571,116107762474750,"[""hex-band"",25,2,20]",-248.625,47.847903559099997
1572,12033030484263,"[""hex-band"",25,2,21]",-254.15000000000001,38.278322847299997
1573,112268298487712,"[""hex-band"",25,2,22]",-259.67500000000001,28.7087421355
1574,3706530700216,"[""hex-band"",25,2,23]",-265.19999999999999,19.139161423600001
1575,159970817350520,"[""hex-band"",25,2,24]",-270.72500000000002,9.5695807118000005
1576,249843654131678,"[""hex-band"",25,3,0]",-276.25,0
1577,135217216649062,"[""hex-band"",25,3,1]",-270.72500000000002,-9.5695807118000005
1578,223619346316585,"[""hex-band"",25,3,2]",-265.19999999999999,-19.139161423600001
1579,82208137994064,"[""hex-band"",25,3,3]",-259.67500000000001,-28.7087421355
1580,21724856705078,"[""hex-band"",25,3,4]",-254.15000000000001,-38.278322847299997
1581,53362838971988,"[""hex-band"",25,3,5]",-248.625,-47.847903559099997
1582,76915408344054,"[""hex-band"",25,3,6]",-243.09999999999999,-57.417484270899998
1583,266274375547809,"[""hex-band"",25,3,7]",-237.57499999999999,-66.987064982700005
1584,142677309571541,"[""hex-band"",25,3,8]",-232.05000000000001,-76.556645694500006
1585,226881399980685,"[""hex-band"",25,3,9]",-226.52500000000001,-86.126226406399994
1586,68647664900918,"[""hex-band"",25,3,10]",-221,-95.695807118199994
1587,10966644342566,"[""hex-band"",25,3,11]",-215.47499999999999,-105.26538782999999
1588,162099205700673,"[""hex-band"",25,3,12]",-209.94999999999999,-114.8349685418
1589,186246373742623,"[""hex-band"",25,3,13]",-204.42500000000001,-124.4045492536
1590,128065501470667,"[""hex-band"",25,3,14]",-198.90000000000001,-133.9741299655
1591,241041660102477,"[""hex-band"",25,3,15]",-193.375,-143.5437106773
1592,74543491678322,"[""hex-band"",25,3,16]",-187.84999999999999,-153.1132913891
1593,255557765460423,"[""hex-band"",25,3,17]",-182.32499999999999,-162.6828721009
1594,265924525949247,"[""hex-band"",25,3,18]",-176.80000000000001,-172.2524528127
1595,113725916132447,"[""hex-band"",25,3,19]",-171.27500000000001,-181.8220335245
1596,246226686948855,"[""hex-band"",25,3,20]",-165.75,-191.39161423639999
1597,148750877836776,"[""hex-band"",25,3,21]",-160.22499999999999,-200.96119494819999
1598,187545383002851,"[""hex-band"",25,3,22]",-154.69999999999999,-210.53077565999999
1599,195589594956408,"[""hex-band"",25,3,23]",-149.17500000000001,-220.10035637179999
1600,925542601973,"[""hex-band"",25,3,24]",-143.65000000000001,-229.66993708359999
1601,187027846113432,"[""hex-band"",25,4,0]",-138.125,-239.23951779550001
1602,212095859948858,"[""hex-band"",25,4,1]",-127.075,-239.23951779550001
1603,58105232687254,"[""hex-band"",25,4,2]",-116.02500000000001,-239.23951779550001
1604,23240051740359,"[""hex-band"",25,4,3]",-104.97499999999999,-239.23951779550001
1605,129212705050137,"[""hex-band"",25,4,4]",-93.924999999999997,-239.23951779550001
1606,166375425257403,"[""hex-band"",25,4,5]",-82.875,-239.23951779550001
1607,224174271221720,"[""hex-band"",25,4,6]",-71.825000000000003,-239.23951779550001
1608,189434866659715,"[""hex-band"",25,4,7]",-60.774999999999999,-239.23951779550001
1609,181754241830437,"[""hex-band"",25,4,8]",-49.725000000000001,-239.23951779550001
1610,255057069210012,"[""hex-band"",25,4,9]",-38.674999999999997,-239.23951779550001
1611,5162932515086,"[""hex-band"",25,4,10]",-27.625,-239.23951779550001
1612,29601134700682,"[""hex-band"",25,4,11]",-16.574999999999999,-239.23951779550001
1613,202096196403192,"[""hex-band"",25,4,12]",-5.5250000000000004,-239.23951779550001
1614,147931235782738,"[""hex-band"",25,4,13]",5.5250000000000004,-239.23951779550001
1615,210133429004438,"[""hex-band"",25,4,14]",16.574999999999999,-239.23951779550001
1616,10366313658884,"[""hex-band"",25,4,15]",27.625,-239.23951779550001
1617,243499259585707,"[""hex-band"",25,4,16]",38.674999999999997,-239.23951779550001
1618,159287326425373,"[""hex-band"",25,4,17]",49.725000000000001,-239.23951779550001
1619,159392778931570,"[""hex-band"",25,4,18]",60.774999999999999,-239.23951779550001
1620,68503198233091,"[""hex-band"",25,4,19]",71.825000000000003,-239.23951779550001
1621,93028944142399,"[""hex-band"",25,4,20]",82.875,-239.23951779550001
1622,175309435030512,"[""hex-band"",25,4,21]",93.924999999999997,-239.23951779550001
1623,246866763303716,"[""hex-band"",25,4,22]",104.97499999999999,-239.23951779550001
1624,111747995596724,"[""hex-band"",25,4,23]",116.02500000000001,-239.23951779550001
1625,142395397444727,"[""hex-band"",25,4,24]",127.075,-239.23951779550001
1626,139885478143578,"[""hex-band"",25,5,0]",138.125,-239.23951779550001
1627,273614877498855,"[""hex-band"",25,5,1]",143.65000000000001,-229.66993708359999
1628,123413093432353,"[""hex-band"",25,5,2]",149.17500000000001,-220.10035637179999
1629,44074579671627,"[""hex-band"",25,5,3]",154.69999999999999,-210.53077565999999
1630,131142209267464,"[""hex-band"",25,5,4]",160.22499999999999,-200.96119494819999
1631,79234216303162,"[""hex-band"",25,5,5]",165.75,-191.39161423639999
1632,151243713755743,"[""hex-band"",25,5,6]",171.27500000000001,-181.8220335245
1633,195717970487846,"[""hex-band"",25,5,7]",176.80000000000001,-172.2524528127
1634,37220689307127,"[""hex-band"",25,5,8]",182.32499999999999,-162.6828721009
1635,40796707813041,"[""hex-band"",25,5,9]",187.84999999999999,-153.1132913891
1636,153338808794591,"[""hex-band"",25,5,10]",193.375,-143.5437106773
1637,227827010187262,"[""hex-band"",25,5,11]",198.90000000000001,-133.9741299655
1638,136690269579314,"[""hex-band"",25,5,12]",204.42500000000001,-124.4045492536
1639,190375276150571,"[""hex-band"",25,5,13]",209.94999999999999,-114.8349685418
1640,141103568156314,"[""hex-band"",25,5,14]",215.47499999999999,-105.26538782999999
1641,256269079708071,"[""hex-band"",25,5,15]",221,-95.695807118199994
1642,198774638261062,"[""hex-band"",25,5,16]",226.52500000000001,-86.126226406399994
1643,186186020030265,"[""hex-band"",25,5,17]",232.05000000000001,-76.556645694500006
1644,177482755311453,"[""hex-band"",25,5,18]",237.57499999999999,-66.987064982700005
1645,1223502749451,"[""hex-band"",25,5,19]",243.09999999999999,-57.417484270899998
1646,76232755797615,"[""hex-band"",25,5,20]",248.625,-47.847903559099997
1647,38665373827509,"[""hex-band"",25,5,21]",254.15000000000001,-38.278322847299997
1648,53899667432020,"[""hex-band"",25,5,22]",259.67500000000001,-28.7087421355
1649,73915109661128,"[""hex-band"",25,5,23]",265.19999999999999,-19.139161423600001
1650,137665981173745,"[""hex-band"",25,5,24]",270.72500000000002,-9.5695807118000005
1651,152051574420899,"[""hex-band"",26,0,0]",287.30000000000001,0
1652,51865206062296,"[""hex-band"",26,0,1]",281.77499999999998,9.5695807118000005
1653,160085021682821,"[""hex-band"",26,0,2]",276.25,19.139161423600001
1654,153060808078214,"[""hex-band"",26,0,3]",270.72500000000002,28.7087421355
1655,40151378940769,"[""hex-band"",26,0,4]",265.19999999999999,38.278322847299997
1656,176470050402701,"[""hex-band"",26,0,5]",259.67500000000001,47.847903559099997
1657,278006982648481,"[""hex-band"",26,0,6]",254.15000000000001,57.417484270899998
1658,75989382027062,"[""hex-band"",26,0,7]",248.625,66.987064982700005
1659,45289761453467,"[""hex-band"",26,0,8]",243.09999999999999,76.556645694500006
1660,37015292494938,"[""hex-band"",26,0,9]",237.57499999999999,86.126226406399994
1661,173618701980111,"[""hex-band"",26,0,10]",232.05000000000001,95.695807118199994
1662,58835570429075,"[""hex-band"",26,0,11]",226.52500000000001,105.26538782999999
1663,235402872295811,"[""hex-band"",26,0,12]",221,114.8349685418
1664,273070829473329,"[""hex-band"",26,0,13]",215.47499999999999,124.4045492536
1665,216815965639004,"[""hex-band"",26,0,14]",209.94999999999999,133.9741299655
1666,8601830814698,"[""hex-band"",26,0,15]",204.42500000000001,143.5437106773
1667,155916704886020,"[""hex-band"",26,0,16]",198.90000000000001,153.1132913891
1668,33052469850587,"[""hex-band"",26,0,17]",193.375,162.6828721009
1669,24189377237167,"[""hex-band"",26,0,18]",187.84999999999999,172.2524528127
1670,55110312960382,"[""hex-band"",26,0,19]",182.32499999999999,181.8220335245
1671,23768620455991,"[""hex-band"",26,0,20]",176.80000000000001,191.39161423639999
1672,108302542529501,"[""hex-band"",26,0,21]",171.27500000000001,200.96119494819999
1673,106322006762113,"[""hex-band"",26,0,22]",165.75,210.53077565999999
1674,266800422202893,"[""hex-band"",26,0,23]",160.22499999999999,220.10035637179999
1675,128135226568606,"[""hex-band"",26,0,24]",154.69999999999999,229.66993708359999
1676,105776716183786,"[""hex-band"",26,0,25]",149.17500000000001,239.23951779550001
1677,59606249507082,"[""hex-band"",26,1,0]",143.65000000000001,248.80909850730001
1678,126090607060637,"[""hex-band"",26,1,1]",132.59999999999999,248.80909850730001
1679,175981511860601,"[""hex-band"",26,1,2]",121.55,248.80909850730001
1680,135406292564914,"[""hex-band"",26,1,3]",110.5,248.80909850730001
1681,32175787342391,"[""hex-band"",26,1,4]",99.450000000000003,248.80909850730001
1682,150525091986754,"[""hex-band"",26,1,5]",88.400000000000006,248.80909850730001
1683,39845287016865,"[""hex-band"",26,1,6]",77.349999999999994,248.80909850730001
1684,151158266407435,"[""hex-band"",26,1,7]",66.299999999999997,248.80909850730001
1685,62794741272618,"[""hex-band"",26,1,8]",55.25,248.80909850730001
1686,13470354069314,"[""hex-band"",26,1,9]",44.200000000000003,248.80909850730001
1687,194008110801994,"[""hex-band"",26,1,10]",33.149999999999999,248.80909850730001
1688,192436185215976,"[""hex-band"",26,1,11]",22.100000000000001,248.80909850730001
1689,207820090795540,"[""hex-band"",26,1,12]",11.050000000000001,248.80909850730001
1690,220754637072361,"[""hex-band"",26,1,13]",0,248.80909850730001
1691,249662204280713,"[""hex-band"",26,1,14]",-11.050000000000001,248.80909850730001
1692,275784949661797,"[""hex-band"",26,1,15]",-22.100000000000001,248.80909850730001
1693,198027685669264,"[""hex-band"",26,1,16]",-33.149999999999999,248.80909850730001
1694,269657857930179,"[""hex-band"",26,1,17]",-44.200000000000003,248.80909850730001
1695,180599754730702,"[""hex-band"",26,1,18]",-55.25,248.80909850730001
1696,278622880201570,"[""hex-band"",26,1,19]",-66.299999999999997,248.80909850730001
1697,102667307885597,"[""hex-band"",26,1,20]",-77.349999999999994,248.80909850730001
1698,207826069023972,"[""hex-band"",26,1,21]",-88.400000000000006,248.80909850730001
1699,142281807444487,"[""hex-band"",26,1,22]",-99.450000000000003,248.80909850730001
1700,30884554275414,"[""hex-band"",26,1,23]",-110.5,248.80909850730001
1701,132812823782933,"[""hex-band"",26,1,24]",-121.55,248.80909850730001
1702,215646144377841,"[""hex-band"",26,1,25]",-132.59999999999999,248.80909850730001
1703,232760403416770,"[""hex-band"",26,2,0]",-143.65000000000001,248.80909850730001
1704,72741209987324,"[""hex-band"",26,2,1]",-149.17500000000001,239.23951779550001
1705,3571281614340,"[""hex-band"",26,2,2]",-154.69999999999999,229.66993708359999
1706,11752712561286,"[""hex-band"",26,2,3]",-160.22499999999999,220.10035637179999
1707,279500639477354,"[""hex-band"",26,2,4]",-165.75,210.53077565999999
1708,88913656494160,"[""hex-band"",26,2,5]",-171.27500000000001,200.96119494819999
1709,87628117043449,"[""hex-band"",26,2,6]",-176.80000000000001,191.39161423639999
1710,202828620189806,"[""hex-band"",26,2,7]",-182.32499999999999,181.8220335245
1711,234244701236052,"[""hex-band"",26,2,8]",-187.84999999999999,172.2524528127
1712,176540686274561,"[""hex-band"",26,2,9]",-193.375,162.6828721009
1713,62220547825348,"[""hex-band"",26,2,10]",-198.90000000000001,153.1132913891
1714,22948335389524,"[""hex-band"",26,2,11]",-204.42500000000001,143.5437106773
1715,267322684789344,"[""hex-band"",26,2,12]",-209.94999999999999,133.9741299655
1716,260146150524438,"[""hex-band"",26,2,13]",-215.47499999999999,124.4045492536
1717,241181674171408,"[""hex-band"",26,2,14]",-221,114.8349685418
1718,203190548177263,"[""hex-band"",26,2,15]",-226.52500000000001,105.26538782999999
1719,238875168659286,"[""hex-band"",26,2,16]",-232.05000000000001,95.695807118199994
1720,153514361886361,"[""hex-band"",26,2,17]",-237.57499999999999,86.126226406399994
1721,261367166101719,"[""hex-band"",26,2,18]",-243.09999999999999,76.556645694500006
1722,196454183873217,"[""hex-band"",26,2,19]",-248.625,66.987064982700005
1723,85124081106954,"[""hex-band"",26,2,20]",-254.15000000000001,57.417484270899998
1724,221713175354270,"[""hex-band"",26,2,21]",-259.67500000000001,47.847903559099997
1725,211786403551550,"[""hex-band"",26,2,22]",-265.19999999999999,38.278322847299997
1726,277584744382349,"[""hex-band"",26,2,23]",-270.72500000000002,28.7087421355
1727,175289474833681,"[""hex-band"",26,2,24]",-276.25,19.139161423600001
1728,47415492986369,"[""hex-band"",26,2,25]",-281.77499999999998,9.5695807118000005
1729,58274339705314,"[""hex-band"",26,3,0]",-287.30000000000001,0
1730,279125141069524,"[""hex-band"",26,3,1]",-281.77499999999998,-9.5695807118000005
1731,107438523518586,"[""hex-band"",26,3,2]",-276.25,-19.139161423600001
1732,14351986646272,"[""hex-band"",26,3,3]",-270.72500000000002,-28.7087421355
1733,115715122963067,"[""hex-band"",26,3,4]",-265.19999999999999,-38.278322847299997
1734,205338194008465,"[""hex-band"",26,3,5]",-259.67500000000001,-47.847903559099997
1735,201623511982976,"[""hex-band"",26,3,6]",-254.15000000000001,-57.417484270899998
1736,11651841299603,"[""hex-band"",26,3,7]",-248.625,-66.987064982700005
1737,239938865553383,"[""hex-band"",26,3,8]",-243.09999999999999,-76.556645694500006
1738,140885899397871,"[""hex-band"",26,3,9]",-237.57499999999999,-86.126226406399994
1739,13322800928421,"[""hex-band"",26,3,10]",-232.05000000000001,-95.695807118199994
1740,170364082468239,"[""hex-band"",26,3,11]",-226.52500000000001,-105.26538782999999
1741,99958785052062,"[""hex-band"",26,3,12]",-221,-114.8349685418
1742,229900105502398,"[""hex-band"",26,3,13]",-215.47499999999999,-124.4045492536
1743,9079167277196,"[""hex-band"",26,3,14]",-209.94999999999999,-133.9741299655
1744,167509789608261,"[""hex-band"",26,3,15]",-204.42500000000001,-143.5437106773
1745,214798659968316,"[""hex-band"",26,3,16]",-198.90000000000001,-153.1132913891
1746,174203001497005,"[""hex-band"",26,3,17]",-193.375,-162.6828721009
1747,85202215436381,"[""hex-band"",26,3,18]",-187.84999999999999,-172.2524528127
1748,28506186567326,"[""hex-band"",26,3,19]",-182.32499999999999,-181.8220335245
1749,22948452532708,"[""hex-band"",26,3,20]",-176.80000000000001,-191.39161423639999
1750,142166884244123,"[""hex-band"",26,3,21]",-171.27500000000001,-200.96119494819999
1751,16690446521213,"[""hex-band"",26,3,22]",-165.75,-210.53077565999999
1752,195117236815218,"[""hex-band"",26,3,23]",-160.22499999999999,-220.10035637179999
1753,65831771500915,"[""hex-band"",26,3,24]",-154.69999999999999,-229.66993708359999
1754,207573282742593,"[""hex-band"",26,3,25]",-149.17500000000001,-239.23951779550001
1755,113794410630338,"[""hex-band"",26,4,0]",-143.65000000000001,-248.80909850730001
1756,203351959729076,"[""hex-band"",26,4,1]",-132.59999999999999,-248.80909850730001
1757,168919702709171,"[""hex-band"",26,4,2]",-121.55,-248.80909850730001
1758,56764533477407,"[""hex-band"",26,4,3]",-110.5,-248.80909850730001
1759,31659726974175,"[""hex-band"",26,4,4]",-99.450000000000003,-248.80909850730001
1760,212149750182175,"[""hex-band"",26,4,5]",-88.400000000000006,-248.80909850730001
1761,53467016510020,"[""hex-band"",26,4,6]",-77.349999999999994,-248.80909850730001
1762,244925513570681,"[""hex-band"",26,4,7]",-66.299999999999997,-248.80909850730001
1763,51167846256617,"[""hex-band"",26,4,8]",-55.25,-248.80909850730001
1764,145176942001985,"[""hex-band"",26,4,9]",-44.200000000000003,-248.80909850730001
1765,91716761610018,"[""hex-band"",26,4,10]",-33.149999999999999,-248.80909850730001
1766,158919210274792,"[""hex-band"",26,4,11]",-22.100000000000001,-248.80909850730001
1767,210766739953842,"[""hex-band"",26,4,12]",-11.050000000000001,-248.80909850730001
1768,233582428176176,"[""hex-band"",26,4,13]",-0,-248.80909850730001
1769,184629586684730,"[""hex-band"",26,4,14]",11.050000000000001,-248.80909850730001
1770,29104933260005,"[""hex-band"",26,4,15]",22.100000000000001,-248.80909850730001
1771,113101630966724,"[""hex-band"",26,4,16]",33.149999999999999,-248.80909850730001
1772,33651365304873,"[""hex-band"",26,4,17]",44.200000000000003,-248.80909850730001
1773,46611686934274,"[""hex-band"",26,4,18]",55.25,-248.80909850730001
1774,175725981405340,"[""hex-band"",26,4,19]",66.299999999999997,-248.80909850730001
1775,278069541013773,"[""hex-band"",26,4,20]",77.349999999999994,-248.80909850730001
1776,47104825466035,"[""hex-band"",26,4,21]",88.400000000000006,-248.80909850730001
1777,355660895134,"[""hex-band"",26,4,22]",99.450000000000003,-248.80909850730001
1778,55539906418400,"[""hex-band"",26,4,23]",110.5,-248.80909850730001
1779,262327455871484,"[""hex-band"",26,4,24]",121.55,-248.80909850730001
1780,202325692375915,"[""hex-band"",26,4,25]",132.59999999999999,-248.80909850730001
1781,258214317453396,"[""hex-band"",26,5,0]",143.65000000000001,-248.80909850730001
1782,251675934650875,"[""hex-band"",26,5,1]",149.17500000000001,-239.23951779550001
1783,154566388785107,"[""hex-band"",26,5,2]",154.69999999999999,-229.66993708359999
1784,55441109532572,"[""hex-band"",26,5,3]",160.22499999999999,-220.10035637179999
1785,25333845308663,"[""hex-band"",26,5,4]",165.75,-210.53077565999999
1786,81589562952181,"[""hex-band"",26,5,5]",171.27500000000001,-200.96119494819999
1787,80470508889102,"[""hex-band"",26,5,6]",176.80000000000001,-191.39161423639999
1788,111212050536923,"[""hex-band"",26,5,7]",182.32499999999999,-181.8220335245
1789,96948091491241,"[""hex-band"",26,5,8]",187.84999999999999,-172.2524528127
1790,40765193863074,"[""hex-band"",26,5,9]",193.375,-162.6828721009
1791,271142626441641,"[""hex-band"",26,5,10]",198.90000000000001,-153.1132913891
1792,173514204840173,"[""hex-band"",26,5,11]",204.42500000000001,-143.5437106773
1793,31859152009208,"[""hex-band"",26,5,12]",209.94999999999999,-133.9741299655
1794,40165410284138,"[""hex-band"",26,5,13]",215.47499999999999,-124.4045492536
1795,20614437678183,"[""hex-band"",26,5,14]",221,-114.8349685418
1796,140429010714839,"[""hex-band"",26,5,15]",226.52500000000001,-105.26538782999999
1797,116702515912985,"[""hex-band"",26,5,16]",232.05000000000001,-95.695807118199994
1798,123295036102888,"[""hex-band"",26,5,17]",237.57499999999999,-86.126226406399994
1799,280969643305223,"[""hex-band"",26,5,18]",243.09999999999999,-76.556645694500006
1800,147516515699618,"[""hex-band"",26,5,19]",248.625,-66.987064982700005
1801,196135880508765,"[""hex-band"",26,5,20]",254.15000000000001,-57.417484270899998
1802,108580813032673,"[""hex-band"",26,5,21]",259.67500000000001,-47.847903559099997
1803,14604653556279,"[""hex-band"",26,5,22]",265.19999999999999,-38.278322847299997
1804,34929716340152,"[""hex-band"",26,5,23]",270.72500000000002,-28.7087421355
1805,42849732622629,"[""hex-band"",26,5,24]",276.25,-19.139161423600001
1806,69717153694203,"[""hex-band"",26,5,25]",281.77499999999998,-9.5695807118000005
1807,135250098656809,"[""hex-band"",27,0,0]",298.35000000000002,0
1808,252127737154968,"[""hex-band"",27,0,1]",292.82499999999999,9.5695807118000005
1809,165532965634199,"[""hex-band"",27,0,2]",287.30000000000001,19.139161423600001
1810,179742370144875,"[""hex-band"",27,0,3]",281.77499999999998,28.7087421355
1811,275793529192403,"[""hex-band"",27,0,4]",276.25,38.278322847299997
1812,175764504751812,"[""hex-band"",27,0,5]",270.72500000000002,47.847903559099997
1813,126349282525022,"[""hex-band"",27,0,6]",265.19999999999999,57.417484270899998
1814,29160077948412,"[""hex-band"",27,0,7]",259.67500000000001,66.987064982700005
1815,4636443331077,"[""hex-band"",27,0,8]",254.15000000000001,76.556645694500006
1816,77852843518939,"[""hex-band"",27,0,9]",248.625,86.126226406399994
1817,280014612600126,"[""hex-band"",27,0,10]",243.09999999999999,95.695807118199994
1818,198227700366175,"[""hex-band"",27,0,11]",237.57499999999999,105.26538782999999
1819,272341908253472,"[""hex-band"",27,0,12]",232.05000000000001,114.8349685418
1820,121626544125555,"[""hex-band"",27,0,13]",226.52500000000001,124.4045492536
1821,275455839711524,"[""hex-band"",27,0,14]",221,133.9741299655
1822,110365869440769,"[""hex-band"",27,0,15]",215.47499999999999,143.5437106773
1823,79488813052868,"[""hex-band"",27,0,16]",209.94999999999999,153.1132913891
1824,175004138866999,"[""hex-band"",27,0,17]",204.42500000000001,162.6828721009
1825,26429123532797,"[""hex-band"",27,0,18]",198.90000000000001,172.2524528127
1826,193960304164039,"[""hex-band"",27,0,19]",193.375,181.8220335245
1827,42427626477195,"[""hex-band"",27,0,20]",187.84999999999999,191.39161423639999
1828,218604097517195,"[""hex-band"",27,0,21]",182.32499999999999,200.96119494819999
1829,75819280134117,"[""hex-band"",27,0,22]",176.80000000000001,210.53077565999999
1830,167794101988757,"[""hex-band"",27,0,23]",171.27500000000001,220.10035637179999
1831,86904186805216,"[""hex-band"",27,0,24]",165.75,229.66993708359999
1832,99065007561720,"[""hex-band"",27,0,25]",160.22499999999999,239.23951779550001
1833,13508589745191,"[""hex-band"",27,0,26]",154.69999999999999,248.80909850730001
1834,258755757859973,"[""hex-band"",27,1,0]",149.17500000000001,258.37867921909998
1835,18058191138410,"[""hex-band"",27,1,1]",138.125,258.37867921909998
1836,257780999892175,"[""hex-band"",27,1,2]",127.075,258.37867921909998
1837,86134966262939,"[""hex-band"",27,1,3]",116.02500000000001,258.37867921909998
1838,143772088542411,"[""hex-band"",27,1,4]",104.97499999999999,258.37867921909998
1839,52185589085971,"[""hex-band"",27,1,5]",93.924999999999997,258.37867921909998
1840,173205940605070,"[""hex-band"",27,1,6]",82.875,258.37867921909998
1841,193873194093487,"[""hex-band"",27,1,7]",71.825000000000003,258.37867921909998
1842,217653031411026,"[""hex-band"",27,1,8]",60.774999999999999,258.37867921909998
1843,120894776330380,"[""hex-band"",27,1,9]",49.725000000000001,258.37867921909998
1844,56518778232062,"[""hex-band"",27,1,10]",38.674999999999997,258.37867921909998
1845,187631132844625,"[""hex-band"",27,1,11]",27.625,258.37867921909998
1846,18370988535184,"[""hex-band"",27,1,12]",16.574999999999999,258.37867921909998
1847,38973118595625,"[""hex-band"",27,1,13]",5.5250000000000004,258.37867921909998
1848,146916449762024,"[""hex-band"",27,1,14]",-5.5250000000000004,258.37867921909998
1849,273035151471262,"[""hex-band"",27,1,15]",-16.574999999999999,258.37867921909998
1850,126936941860651,"[""hex-band"",27,1,16]",-27.625,258.37867921909998
1851,86629469259654,"[""hex-band"",27,1,17]",-38.674999999999997,258.37867921909998
1852,144655169042527,"[""hex-band"",27,1,18]",-49.725000000000001,258.37867921909998
1853,271968221661832,"[""hex-band"",27,1,19]",-60.774999999999999,258.37867921909998
1854,4787810012109,"[""hex-band"",27,1,20]",-71.825000000000003,258.37867921909998
1855,79518002202911,"[""hex-band"",27,1,21]",-82.875,258.37867921909998
1856,186814229660751,"[""hex-band"",27,1,22]",-93.924999999999997,258.37867921909998
1857,120308474968878,"[""hex-band"",27,1,23]",-104.97499999999999,258.37867921909998
1858,70171234793999,"[""hex-band"",27,1,24]",-116.02500000000001,258.37867921909998
1859,83509722095678,"[""hex-band"",27,1,25]",-127.075,258.37867921909998
1860,253941599165531,"[""hex-band"",27,1,26]",-138.125,258.37867921909998
1861,87998140449711,"[""hex-band"",27,2,0]",-149.17500000000001,258.37867921909998
1862,166372342910036,"[""hex-band"",27,2,1]",-154.69999999999999,248.80909850730001
1863,251467805130431,"[""hex-band"",27,2,2]",-160.22499999999999,239.23951779550001
1864,275614885742915,"[""hex-band"",27,2,3]",-165.75,229.66993708359999
1865,236909808079343,"[""hex-band"",27,2,4]",-171.27500000000001,220.10035637179999
1866,54276557201495,"[""hex-band"",27,2,5]",-176.80000000000001,210.53077565999999
1867,149441054294728,"[""hex-band"",27,2,6]",-182.32499999999999,200.96119494819999
1868,88878413364973,"[""hex-band"",27,2,7]",-187.84999999999999,191.39161423639999
1869,150000658949318,"[""hex-band"",27,2,8]",-193.375,181.8220335245
1870,169344303030496,"[""hex-band"",27,2,9]",-198.90000000000001,172.2524528127
1871,274597666803423,"[""hex-band"",27,2,10]",-204.42500000000001,162.6828721009
1872,75423768695512,"[""hex-band"",27,2,11]",-209.94999999999999,153.1132913891
1873,175398543666284,"[""hex-band"",27,2,12]",-215.47499999999999,143.5437106773
1874,159321245234602,"[""hex-band"",27,2,13]",-221,133.9741299655
1875,175486497441549,"[""hex-band"",27,2,14]",-226.52500000000001,124.4045492536
1876,109371374320675,"[""hex-band"",27,2,15]",-232.05000000000001,114.8349685418
1877,207983718009876,"[""hex-band"",27,2,16]",-237.57499999999999,105.26538782999999
1878,4489315262131,"[""hex-band"",27,2,17]",-243.09999999999999,95.695807118199994
1879,266180963907741,"[""hex-band"",27,2,18]",-248.625,86.126226406399994
1880,94203554702721,"[""hex-band"",27,2,19]",-254.15000000000001,76.556645694500006
1881,122017920035076,"[""hex-band"",27,2,20]",-259.67500000000001,66.987064982700005
1882,52017609856679,"[""hex-band"",27,2,21]",-265.19999999999999,57.417484270899998
1883,155568851964375,"[""hex-band"",27,2,22]",-270.72500000000002,47.847903559099997
1884,271329537281505,"[""hex-band"",27,2,23]",-276.25,38.278322847299997
1885,260631826522349,"[""hex-band"",27,2,24]",-281.77499999999998,28.7087421355
1886,271417454888089,"[""hex-band"",27,2,25]",-287.30000000000001,19.139161423600001
1887,229584523421293,"[""hex-band"",27,2,26]",-292.82499999999999,9.5695807118000005
1888,92491197050742,"[""hex-band"",27,3,0]",-298.35000000000002,0
1889,234640029505012,"[""hex-band"",27,3,1]",-292.82499999999999,-9.5695807118000005
1890,92408143145606,"[""hex-band"",27,3,2]",-287.30000000000001,-19.139161423600001
1891,228936755397812,"[""hex-band"",27,3,3]",-281.77499999999998,-28.7087421355
1892,35431793528800,"[""hex-band"",27,3,4]",-276.25,-38.278322847299997
1893,80255352734366,"[""hex-band"",27,3,5]",-270.72500000000002,-47.847903559099997
1894,156979878475416,"[""hex-band"",27,3,6]",-265.19999999999999,-57.417484270899998
1895,187185884954028,"[""hex-band"",27,3,7]",-259.67500000000001,-66.987064982700005
1896,87519793842640,"[""hex-band"",27,3,8]",-254.15000000000001,-76.556645694500006
1897,87984564436431,"[""hex-band"",27,3,9]",-248.625,-86.126226406399994
1898,1383941574327,"[""hex-band"",27,3,10]",-243.09999999999999,-95.695807118199994
1899,126513521355237,"[""hex-band"",27,3,11]",-237.57499999999999,-105.26538782999999
1900,251436708764852,"[""hex-band"",27,3,12]",-232.05000000000001,-114.8349685418
1901,51338276177890,"[""hex-band"",27,3,13]",-226.52500000000001,-124.4045492536
1902,280561403952041,"[""hex-band"",27,3,14]",-221,-133.9741299655
1903,14961135809748,"[""hex-band"",27,3,15]",-215.47499999999999,-143.5437106773
1904,262794873829197,"[""hex-band"",27,3,16]",-209.94999999999999,-153.1132913891
1905,231057891474865,"[""hex-band"",27,3,17]",-204.42500000000001,-162.6828721009
1906,146326645250470,"[""hex-band"",27,3,18]",-198.90000000000001,-172.2524528127
1907,192416819949452,"[""hex-band"",27,3,19]",-193.375,-181.8220335245
1908,35801534940921,"[""hex-band"",27,3,20]",-187.84999999999999,-191.39161423639999
1909,128326516311002,"[""hex-band"",27,3,21]",-182.32499999999999,-200.96119494819999
1910,84253546407357,"[""hex-band"",27,3,22]",-176.80000000000001,-210.53077565999999
1911,127471194221822,"[""hex-band"",27,3,23]",-171.27500000000001,-220.10035637179999
1912,119943051258127,"[""hex-band"",27,3,24]",-165.75,-229.66993708359999
1913,245230354629233,"[""hex-band"",27,3,25]",-160.22499999999999,-239.23951779550001
1914,249865249840498,"[""hex-band"",27,3,26]",-154.69999999999999,-248.80909850730001
1915,161353166721396,"[""hex-band"",27,4,0]",-149.17500000000001,-258.37867921909998
1916,216962950207020,"[""hex-band"",27,4,1]",-138.125,-258.37867921909998
1917,134100418490622,"[""hex-band"",27,4,2]",-127.075,-258.37867921909998
1918,234744724947835,"[""hex-band"",27,4,3]",-116.02500000000001,-258.37867921909998
1919,2260319896511,"[""hex-band"",27,4,4]",-104.97499999999999,-258.37867921909998
1920,73109699243099,"[""hex-band"",27,4,5]",-93.924999999999997,-258.37867921909998
1921,32247009579788,"[""hex-band"",27,4,6]",-82.875,-258.37867921909998
1922,155369407765607,"[""hex-band"",27,4,7]",-71.825000000000003,-258.37867921909998
1923,277238574169012,"[""hex-band"",27,4,8]",-60.774999999999999,-258.37867921909998
1924,275364210747982,"[""hex-band"",27,4,9]",-49.725000000000001,-258.37867921909998
1925,275732929446582,"[""hex-band"",27,4,10]",-38.674999999999997,-258.37867921909998
1926,204975080674306,"[""hex-band"",27,4,11]",-27.625,-258.37867921909998
1927,197900268374923,"[""hex-band"",27,4,12]",-16.574999999999999,-258.37867921909998
1928,5051527163561,"[""hex-band"",27,4,13]",-5.5250000000000004,-258.37867921909998
1929,177930708959219,"[""hex-band"",27,4,14]",5.5250000000000004,-258.37867921909998
1930,91014208599520,"[""hex-band"",27,4,15]",16.574999999999999,-258.37867921909998
1931,102289959735570,"[""hex-band"",27,4,16]",27.625,-258.37867921909998
1932,76096230711831,"[""hex-band"",27,4,17]",38.674999999999997,-258.37867921909998
1933,92478125988554,"[""hex-band"",27,4,18]",49.725000000000001,-258.37867921909998
1934,204505950090393,"[""hex-band"",27,4,19]",60.774999999999999,-258.37867921909998
1935,42247656907973,"[""hex-band"",27,4,20]",71.825000000000003,-258.37867921909998
1936,217578285058989,"[""hex-band"",27,4,21]",82.875,-258.37867921909998
1937,101458144624982,"[""hex-band"",27,4,22]",93.924999999999997,-258.37867921909998
1938,121403081831305,"[""hex-band"",27,4,23]",104.97499999999999,-258.37867921909998
1939,115131255258931,"[""hex-band"",27,4,24]",116.02500000000001,-258.37867921909998
1940,144918243811061,"[""hex-band"",27,4,25]",127.075,-258.37867921909998
1941,21491426531958,"[""hex-band"",27,4,26]",138.125,-258.37867921909998
1942,9232505671676,"[""hex-band"",27,5,0]",149.17500000000001,-258.37867921909998
1943,123073596664081,"[""hex-band"",27,5,1]",154.69999999999999,-248.80909850730001
1944,227463009672711,"[""hex-band"",27,5,2]",160.22499999999999,-239.23951779550001
1945,103077742991269,"[""hex-band"",27,5,3]",165.75,-229.66993708359999
1946,75165223463531,"[""hex-band"",27,5,4]",171.27500000000001,-220.10035637179999
1947,234230822158058,"[""hex-band"",27,5,5]",176.80000000000001,-210.53077565999999
1948,237467965956447,"[""hex-band"",27,5,6]",182.32499999999999,-200.96119494819999
1949,176414883387072,"[""hex-band"",27,5,7]",187.84999999999999,-191.39161423639999
1950,46005584401253,"[""hex-band"",27,5,8]",193.375,-181.8220335245
1951,189781600002300,"[""hex-band"",27,5,9]",198.90000000000001,-172.2524528127
1952,277384739935071,"[""hex-band"",27,5,10]",204.42500000000001,-162.6828721009
1953,205873383532737,"[""hex-band"",27,5,11]",209.94999999999999,-153.1132913891
1954,94248723705310,"[""hex-band"",27,5,12]",215.47499999999999,-143.5437106773
1955,187441387796744,"[""hex-band"",27,5,13]",221,-133.9741299655
1956,150317538204200,"[""hex-band"",27,5,14]",226.52500000000001,-124.4045492536
1957,46052725292566,"[""hex-band"",27,5,15]",232.05000000000001,-114.8349685418
1958,152128702884554,"[""hex-band"",27,5,16]",237.57499999999999,-105.26538782999999
1959,136008638560494,"[""hex-band"",27,5,17]",243.09999999999999,-95.695807118199994
1960,96189080368084,"[""hex-band"",27,5,18]",248.625,-86.126226406399994
1961,84021724647207,"[""hex-band"",27,5,19]",254.15000000000001,-76.556645694500006
1962,235850649427546,"[""hex-band"",27,5,20]",259.67500000000001,-66.987064982700005
1963,148156570041673,"[""hex-band"",27,5,21]",265.19999999999999,-57.417484270899998
1964,172704382192007,"[""hex-band"",27,5,22]",270.72500000000002,-47.847903559099997
1965,138595415777225,"[""hex-band"",27,5,23]",276.25,-38.278322847299997
1966,254766425745641,"[""hex-band"",27,5,24]",281.77499999999998,-28.7087421355
1967,157540002193722,"[""hex-band"",27,5,25]",287.30000000000001,-19.139161423600001
1968,151619490970797,"[""hex-band"",27,5,26]",292.82499999999999,-9.5695807118000005
1969,241913665311925,"[""hex-band"",28,0,0]",309.39999999999998,0
1970,185909873100317,"[""hex-band"",28,0,1]",303.875,9.5695807118000005
1971,59453460452746,"[""hex-band"",28,0,2]",298.35000000000002,19.139161423600001
1972,204569705773226,"[""hex-band"",28,0,3]",292.82499999999999,28.7087421355
1973,273430644744039,"[""hex-band"",28,0,4]",287.30000000000001,38.278322847299997
1974,18984208957895,"[""hex-band"",28,0,5]",281.77499999999998,47.847903559099997
1975,50981596173022,"[""hex-band"",28,0,6]",276.25,57.417484270899998
1976,266341942459007,"[""hex-band"",28,0,7]",270.72500000000002,66.987064982700005
1977,2464944234445,"[""hex-band"",28,0,8]",265.19999999999999,76.556645694500006
1978,228824576178654,"[""hex-band"",28,0,9]",259.67500000000001,86.126226406399994
1979,242656415715248,"[""hex-band"",28,0,10]",254.15000000000001,95.695807118199994
1980,151567822616954,"[""hex-band"",28,0,11]",248.625,105.26538782999999
1981,101941597075790,"[""hex-band"",28,0,12]",243.09999999999999,114.8349685418
1982,133333229881392,"[""hex-band"",28,0,13]",237.57499999999999,124.4045492536
1983,212298836805356,"[""hex-band"",28,0,14]",232.05000000000001,133.9741299655
1984,218703669163095,"[""hex-band"",28,0,15]",226.52500000000001,143.5437106773
1985,56271568470806,"[""hex-band"",28,0,16]",221,153.1132913891
1986,122565239371444,"[""hex-band"",28,0,17]",215.47499999999999,162.6828721009
1987,154174639856705,"[""hex-band"",28,0,18]",209.94999999999999,172.2524528127
1988,242398158667920,"[""hex-band"",28,0,19]",204.42500000000001,181.8220335245
1989,120948473316039,"[""hex-band"",28,0,20]",198.90000000000001,191.39161423639999
1990,68500651119497,"[""hex-band"",28,0,21]",193.375,200.96119494819999
1991,264758263416389,"[""hex-band"",28,0,22]",187.84999999999999,210.53077565999999
1992,126746374474664,"[""hex-band"",28,0,23]",182.32499999999999,220.10035637179999
1993,143901839514678,"[""hex-band"",28,0,24]",176.80000000000001,229.66993708359999
1994,21666934478187,"[""hex-band"",28,0,25]",171.27500000000001,239.23951779550001
1995,245614861792915,"[""hex-band"",28,0,26]",165.75,248.80909850730001
1996,191371151878383,"[""hex-band"",28,0,27]",160.22499999999999,258.37867921909998
1997,280508497539593,"[""hex-band"",28,1,0]",154.69999999999999,267.94825993090001
1998,192598447864365,"[""hex-band"",28,1,1]",143.65000000000001,267.94825993090001
1999,260764267025529,"[""hex-band"",28,1,2]",132.59999999999999,267.94825993090001
2000,206954684476222,"[""hex-band"",28,1,3]",121.55,267.94825993090001
2001,176172916450262,"[""hex-band"",28,1,4]",110.5,267.94825993090001
2002,103248749780575,"[""hex-band"",28,1,5]",99.450000000000003,267.94825993090001
2003,124721333610413,"[""hex-band"",28,1,6]",88.400000000000006,267.94825993090001
2004,112502028525993,"[""hex-band"",28,1,7]",77.349999999999994,267.94825993090001
2005,31816476719484,"[""hex-band"",28,1,8]",66.299999999999997,267.94825993090001
2006,23663355638113,"[""hex-band"",28,1,9]",55.25,267.94825993090001
2007,103545868495130,"[""hex-band"",28,1,10]",44.200000000000003,267.94825993090001
2008,151494606142524,"[""hex-band"",28,1,11]",33.149999999999999,267.94825993090001
2009,259125466527559,"[""hex-band"",28,1,12]",22.100000000000001,267.94825993090001
2010,136880418379360,"[""hex-band"",28,1,13]",11.050000000000001,267.94825993090001
2011,45282407474374,"[""hex-band"",28,1,14]",0,267.94825993090001
2012,119036923277690,"[""hex-band"",28,1,15]",-11.050000000000001,267.94825993090001
2013,249084576648409,"[""hex-band"",28,1,16]",-22.100000000000001,267.94825993090001
2014,94945130163229,"[""hex-band"",28,1,17]",-33.149999999999999,267.94825993090001
2015,128555651373370,"[""hex-band"",28,1,18]",-44.200000000000003,267.94825993090001
2016,161366421139985,"[""hex-band"",28,1,19]",-55.25,267.94825993090001
2017,41840299500969,"[""hex-band"",28,1,20]",-66.299999999999997,267.94825993090001
2018,8525857149479,"[""hex-band"",28,1,21]",-77.349999999999994,267.94825993090001
2019,262835773702884,"[""hex-band"",28,1,22]",-88.400000000000006,267.94825993090001
2020,248748224440027,"[""hex-band"",28,1,23]",-99.450000000000003,267.94825993090001
2021,43002317208238,"[""hex-band"",28,1,24]",-110.5,267.94825993090001
2022,124707600679393,"[""hex-band"",28,1,25]",-121.55,267.94825993090001
2023,222912728198904,"[""hex-band"",28,1,26]",-132.59999999999999,267.94825993090001
2024,250514361931999,"[""hex-band"",28,1,27]",-143.65000000000001,267.94825993090001
2025,49638779486646,"[""hex-band"",28,2,0]",-154.69999999999999,267.94825993090001
2026,220024262279807,"[""hex-band"",28,2,1]",-160.22499999999999,258.37867921909998
2027,115395470688406,"[""hex-band"",28,2,2]",-165.75,248.80909850730001
2028,161641980035027,"[""hex-band"",28,2,3]",-171.27500000000001,239.23951779550001
2029,138985008371343,"[""hex-band"",28,2,4]",-176.80000000000001,229.66993708359999
2030,70160795495425,"[""hex-band"",28,2,5]",-182.32499999999999,220.10035637179999
2031,154799398965366,"[""hex-band"",28,2,6]",-187.84999999999999,210.53077565999999
2032,252075690979798,"[""hex-band"",28,2,7]",-193.375,200.96119494819999
2033,219431462310961,"[""hex-band"",28,2,8]",-198.90000000000001,191.39161423639999
2034,15839542065225,"[""hex-band"",28,2,9]",-204.42500000000001,181.8220335245
2035,124966939427650,"[""hex-band"",28,2,10]",-209.94999999999999,172.2524528127
2036,192759618424518,"[""hex-band"",28,2,11]",-215.47499999999999,162.6828721009
2037,78042744265546,"[""hex-band"",28,2,12]",-221,153.1132913891
2038,180682301457562,"[""hex-band"",28,2,13]",-226.52500000000001,143.5437106773
2039,115386012574354,"[""hex-band"",28,2,14]",-232.05000000000001,133.9741299655
2040,130184833091773,"[""hex-band"",28,2,15]",-237.57499999999999,124.4045492536
2041,276768553866554,"[""hex-band"",28,2,16]",-243.09999999999999,114.8349685418
2042,163510705945755,"[""hex-band"",28,2,17]",-248.625,105.26538782999999
2043,9199525360408,"[""hex-band"",28,2,18]",-254.15000000000001,95.695807118199994
2044,245411838788051,"[""hex-band"",28,2,19]",-259.67500000000001,86.126226406399994
2045,172447897213366,"[""hex-band"",28,2,20]",-265.19999999999999,76.556645694500006
2046,41214214432695,"[""hex-band"",28,2,21]",-270.72500000000002,66.987064982700005
2047,266835418398527,"[""hex-band"",28,2,22]",-276.25,57.417484270899998
2048,73292285048838,"[""hex-band"",28,2,23]",-281.77499999999998,47.847903559099997
2049,59659844853088,"[""hex-band"",28,2,24]",-287.30000000000001,38.278322847299997
2050,228591039279414,"[""hex-band"",28,2,25]",-292.82499999999999,28.7087421355
2051,248258815693418,"[""hex-band"",28,2,26]",-298.35000000000002,19.139161423600001
2052,178141287122889,"[""hex-band"",28,2,27]",-303.875,9.5695807118000005
2053,192792335147964,"[""hex-band"",28,3,0]",-309.39999999999998,0
2054,210300816451486,"[""hex-band"",28,3,1]",-303.875,-9.5695807118000005
2055,255588357949194,"[""hex-band"",28,3,2]",-298.35000000000002,-19.139161423600001
2056,121299917274050,"[""hex-band"",28,3,3]",-292.82499999999999,-28.7087421355
2057,218741097118796,"[""hex-band"",28,3,4]",-287.30000000000001,-38.278322847299997
2058,154335337299576,"[""hex-band"",28,3,5]",-281.77499999999998,-47.847903559099997
2059,155682896834123,"[""hex-band"",28,3,6]",-276.25,-57.417484270899998
2060,87403100262956,"[""hex-band"",28,3,7]",-270.72500000000002,-66.987064982700005
2061,94335384014438,"[""hex-band"",28,3,8]",-265.19999999999999,-76.556645694500006
2062,258942243635822,"[""hex-band"",28,3,9]",-259.67500000000001,-86.126226406399994
2063,92942888656572,"[""hex-band"",28,3,10]",-254.15000000000001,-95.695807118199994
2064,142755183921340,"[""hex-band"",28,3,11]",-248.625,-105.26538782999999
2065,199462796069741,"[""hex-band"",28,3,12]",-243.09999999999999,-114.8349685418
2066,96503312419976,"[""hex-band"",28,3,13]",-237.57499999999999,-124.4045492536
2067,122733446571275,"[""hex-band"",28,3,14]",-232.05000000000001,-133.9741299655
2068,200758836181352,"[""hex-band"",28,3,15]",-226.52500000000001,-143.5437106773
2069,46417751732646,"[""hex-band"",28,3,16]",-221,-153.1132913891
2070,149026465765043,"[""hex-band"",28,3,17]",-215.47499999999999,-162.6828721009
2071,90528618090375,"[""hex-band"",28,3,18]",-209.94999999999999,-172.2524528127
2072,190208720569580,"[""hex-band"",28,3,19]",-204.42500000000001,-181.8220335245
2073,178074738081321,"[""hex-band"",28,3,20]",-198.90000000000001,-191.39161423639999
2074,227842321708078,"[""hex-band"",28,3,21]",-193.375,-200.96119494819999
2075,217601013228138,"[""hex-band"",28,3,22]",-187.84999999999999,-210.53077565999999
2076,214866142280947,"[""hex-band"",28,3,23]",-182.32499999999999,-220.10035637179999
2077,228900744690214,"[""hex-band"",28,3,24]",-176.80000000000001,-229.66993708359999
2078,29555076058313,"[""hex-band"",28,3,25]",-171.27500000000001,-239.23951779550001
2079,93226499055220,"[""hex-band"",28,3,26]",-165.75,-248.80909850730001
2080,182669001938241,"[""hex-band"",28,3,27]",-160.22499999999999,-258.37867921909998
2081,6179929428990,"[""hex-band"",28,4,0]",-154.69999999999999,-267.94825993090001
2082,70372644752885,"[""hex-band"",28,4,1]",-143.65000000000001,-267.94825993090001
2083,105107718654692,"[""hex-band"",28,4,2]",-132.59999999999999,-267.94825993090001
2084,178151198266650,"[""hex-band"",28,4,3]",-121.55,-267.94825993090001
2085,80687602001095,"[""hex-band"",28,4,4]",-110.5,-267.94825993090001
2086,41951293684706,"[""hex-band"",28,4,5]",-99.450000000000003,-267.94825993090001
2087,17988671867340,"[""hex-band"",28,4,6]",-88.400000000000006,-267.94825993090001
2088,39417918313918,"[""hex-band"",28,4,7]",-77.349999999999994,-267.94825993090001
2089,82778046917424,"[""hex-band"",28,4,8]",-66.299999999999997,-267.94825993090001
2090,264759406928336,"[""hex-band"",28,4,9]",-55.25,-267.94825993090001
2091,1849109548116,"[""hex-band"",28,4,10]",-44.200000000000003,-267.94825993090001
2092,193074025542420,"[""hex-band"",28,4,11]",-33.149999999999999,-267.94825993090001
2093,213130103296715,"[""hex-band"",28,4,12]",-22.100000000000001,-267.94825993090001
2094,41268274907450,"[""hex-band"",28,4,13]",-11.050000000000001,-267.94825993090001
2095,125130245848090,"[""hex-band"",28,4,14]",-0,-267.94825993090001
2096,179365783182927,"[""hex-band"",28,4,15]",11.050000000000001,-267.94825993090001
2097,242789430213156,"[""hex-band"",28,4,16]",22.100000000000001,-267.94825993090001
2098,12229414264051,"[""hex-band"",28,4,17]",33.149999999999999,-267.94825993090001
2099,162266528205731,"[""hex-band"",28,4,18]",44.200000000000003,-267.94825993090001
2100,242261131566971,"[""hex-band"",28,4,19]",55.25,-267.94825993090001
2101,26820368808101,"[""hex-band"",28,4,20]",66.299999999999997,-267.94825993090001
2102,138604068812412,"[""hex-band"",28,4,21]",77.349999999999994,-267.94825993090001
2103,93092012739751,"[""hex-band"",28,4,22]",88.400000000000006,-267.94825993090001
2104,5660223513564,"[""hex-band"",28,4,23]",99.450000000000003,-267.94825993090001
2105,200252914965611,"[""hex-band"",28,4,24]",110.5,-267.94825993090001
2106,46989282163459,"[""hex-band"",28,4,25]",121.55,-267.94825993090001
2107,109096818840038,"[""hex-band"",28,4,26]",132.59999999999999,-267.94825993090001
2108,98185238910458,"[""hex-band"",28,4,27]",143.65000000000001,-267.94825993090001
2109,268663802076825,"[""hex-band"",28,5,0]",154.69999999999999,-267.94825993090001
2110,225243648600092,"[""hex-band"",28,5,1]",160.22499999999999,-258.37867921909998
2111,158179882193155,"[""hex-band"",28,5,2]",165.75,-248.80909850730001
2112,20369078891216,"[""hex-band"",28,5,3]",171.27500000000001,-239.23951779550001
2113,220446319031261,"[""hex-band"",28,5,4]",176.80000000000001,-229.66993708359999
2114,126752527373384,"[""hex-band"",28,5,5]",182.32499999999999,-220.10035637179999
2115,238294572256163,"[""hex-band"",28,5,6]",187.84999999999999,-210.53077565999999
2116,235279550573888,"[""hex-band"",28,5,7]",193.375,-200.96119494819999
2117,270127448693083,"[""hex-band"",28,5,8]",198.90000000000001,-191.39161423639999
2118,12139811813872,"[""hex-band"",28,5,9]",204.42500000000001,-181.8220335245
2119,63000112469192,"[""hex-band"",28,5,10]",209.94999999999999,-172.2524528127
2120,61561866297627,"[""hex-band"",28,5,11]",215.47499999999999,-162.6828721009
2121,147486236069403,"[""hex-band"",28,5,12]",221,-153.1132913891
2122,184161088803392,"[""hex-band"",28,5,13]",226.52500000000001,-143.5437106773
2123,194434511781177,"[""hex-band"",28,5,14]",232.05000000000001,-133.9741299655
2124,227998635762061,"[""hex-band"",28,5,15]",237.57499999999999,-124.4045492536
2125,96580811522699,"[""hex-band"",28,5,16]",243.09999999999999,-114.8349685418
2126,80882907793975,"[""hex-band"",28,5,17]",248.625,-105.26538782999999
2127,272406112468482,"[""hex-band"",28,5,18]",254.15000000000001,-95.695807118199994
2128,173460908635461,"[""hex-band"",28,5,19]",259.67500000000001,-86.126226406399994
2129,155246903478326,"[""hex-band"",28,5,20]",265.19999999999999,-76.556645694500006
2130,228946722365483,"[""hex-band"",28,5,21]",270.72500000000002,-66.987064982700005
2131,59779447784151,"[""hex-band"",28,5,22]",276.25,-57.417484270899998
2132,103114953491727,"[""hex-band"",28,5,23]",281.77499999999998,-47.847903559099997
2133,247446883355943,"[""hex-band"",28,5,24]",287.30000000000001,-38.278322847299997
2134,238383690733646,"[""hex-band"",28,5,25]",292.82499999999999,-28.7087421355
2135,230732335018974,"[""hex-band"",28,5,26]",298.35000000000002,-19.139161423600001
2136,172562899626254,"[""hex-band"",28,5,27]",303.875,-9.5695807118000005
2137,72788082479197,"[""hex-band"",29,0,0]",320.44999999999999,0
2138,252804408881463,"[""hex-band"",29,0,1]",314.92500000000001,9.5695807118000005
2139,65948027456798,"[""hex-band"",29,0,2]",309.39999999999998,19.139161423600001
2140,221096260429032,"[""hex-band"",29,0,3]",303.875,28.7087421355
2141,90197423977338,"[""hex-band"",29,0,4]",298.35000000000002,38.278322847299997
2142,135845149111847,"[""hex-band"",29,0,5]",292.82499999999999,47.847903559099997
2143,88966101573607,"[""hex-band"",29,0,6]",287.30000000000001,57.417484270899998
2144,138804691675088,"[""hex-band"",29,0,7]",281.77499999999998,66.987064982700005
2145,119998192522338,"[""hex-band"",29,0,8]",276.25,76.556645694500006
2146,128699900982036,"[""hex-band"",29,0,9]",270.72500000000002,86.126226406399994
2147,53080984349441,"[""hex-band"",29,0,10]",265.19999999999999,95.695807118199994
2148,197095123886024,"[""hex-band"",29,0,11]",259.67500000000001,105.26538782999999
2149,245244480398332,"[""hex-band"",29,0,12]",254.15000000000001,114.8349685418
2150,227629379336115,"[""hex-band"",29,0,13]",248.625,124.4045492536
2151,218838086551649,"[""hex-band"",29,0,14]",243.09999999999999,133.9741299655
2152,49408672671129,"[""hex-band"",29,0,15]",237.57499999999999,143.5437106773
2153,15733868510544,"[""hex-band"",29,0,16]",232.05000000000001,153.1132913891
2154,22930464900357,"[""hex-band"",29,0,17]",226.52500000000001,162.6828721009
2155,152251904954678,"[""hex-band"",29,0,18]",221,172.2524528127
2156,241266099116186,"[""hex-band"",29,0,19]",215.47499999999999,181.8220335245
2157,48753686706693,"[""hex-band"",29,0,20]",209.94999999999999,191.39161423639999
2158,149349189445645,"[""hex-band"",29,0,21]",204.42500000000001,200.96119494819999
2159,169958447004498,"[""hex-band"",29,0,22]",198.90000000000001,210.53077565999999
2160,35215831437265,"[""hex-band"",29,0,23]",193.375,220.10035637179999
2161,228124885981485,"[""hex-band"",29,0,24]",187.84999999999999,229.66993708359999
2162,180480084196641,"[""hex-band"",29,0,25]",182.32499999999999,239.23951779550001
2163,3252422526644,"[""hex-band"",29,0,26]",176.80000000000001,248.80909850730001
2164,219878645059339,"[""hex-band"",29,0,27]",171.27500000000001,258.37867921909998
2165,271831011917515,"[""hex-band"",29,0,28]",165.75,267.94825993090001
2166,207862153853753,"[""hex-band"",29,1,0]",160.22499999999999,277.51784064269998
2167,150028308697362,"[""hex-band"",29,1,1]",149.17500000000001,277.51784064269998
2168,191122820189258,"[""hex-band"",29,1,2]",138.125,277.51784064269998
2169,44879263445132,"[""hex-band"",29,1,3]",127.075,277.51784064269998
2170,229914264285779,"[""hex-band"",29,1,4]",116.02500000000001,277.51784064269998
2171,92737048993905,"[""hex-band"",29,1,5]",104.97499999999999,277.51784064269998
2172,210100694917053,"[""hex-band"",29,1,6]",93.924999999999997,277.51784064269998
2173,217338250448955,"[""hex-band"",29,1,7]",82.875,277.51784064269998
2174,26843438858963,"[""hex-band"",29,1,8]",71.825000000000003,277.51784064269998
2175,249175780648275,"[""hex-band"",29,1,9]",60.774999999999999,277.51784064269998
2176,144422075445245,"[""hex-band"",29,1,10]",49.725000000000001,277.51784064269998
2177,21710872180111,"[""hex-band"",29,1,11]",38.674999999999997,277.51784064269998
2178,49281263876610,"[""hex-band"",29,1,12]",27.625,277.51784064269998
2179,214569128470893,"[""hex-band"",29,1,13]",16.574999999999999,277.51784064269998
2180,160552651402593,"[""hex-band"",29,1,14]",5.5250000000000004,277.51784064269998
2181,199733568895265,"[""hex-band"",29,1,15]",-5.5250000000000004,277.51784064269998
2182,168086015965516,"[""hex-band"",29,1,16]",-16.574999999999999,277.51784064269998
2183,239375313878313,"[""hex-band"",29,1,17]",-27.625,277.51784064269998
2184,229010240302516,"[""hex-band"",29,1,18]",-38.674999999999997,277.51784064269998
2185,66331910243533,"[""hex-band"",29,1,19]",-49.725000000000001,277.51784064269998
2186,178262514833034,"[""hex-band"",29,1,20]",-60.774999999999999,277.51784064269998
2187,204135867305921,"[""hex-band"",29,1,21]",-71.825000000000003,277.51784064269998
2188,60291319982685,"[""hex-band"",29,1,22]",-82.875,277.51784064269998
2189,46713947896291,"[""hex-band"",29,1,23]",-93.924999999999997,277.51784064269998
2190,148997801013291,"[""hex-band"",29,1,24]",-104.97499999999999,277.51784064269998
2191,187652090234695,"[""hex-band"",29,1,25]",-116.02500000000001,277.51784064269998
2192,268983044474297,"[""hex-band"",29,1,26]",-127.075,277.51784064269998
2193,116110246175205,"[""hex-band"",29,1,27]",-138.125,277.51784064269998
2194,159859693831354,"[""hex-band"",29,1,28]",-149.17500000000001,277.51784064269998
2195,161265824518828,"[""hex-band"",29,2,0]",-160.22499999999999,277.51784064269998
2196,220792814479121,"[""hex-band"",29,2,1]",-165.75,267.94825993090001
2197,195869328389637,"[""hex-band"",29,2,2]",-171.27500000000001,258.37867921909998
2198,251755989231564,"[""hex-band"",29,2,3]",-176.80000000000001,248.80909850730001
2199,221149979039621,"[""hex-band"",29,2,4]",-182.32499999999999,239.23951779550001
2200,78084833327586,"[""hex-band"",29,2,5]",-187.84999999999999,229.66993708359999
2201,94981375827544,"[""hex-band"",29,2,6]",-193.375,220.10035637179999
2202,87061351023414,"[""hex-band"",29,2,7]",-198.90000000000001,210.53077565999999
2203,162862500127479,"[""hex-band"",29,2,8]",-204.42500000000001,200.96119494819999
2204,32299726838926,"[""hex-band"",29,2,9]",-209.94999999999999,191.39161423639999
2205,64843338085593,"[""hex-band"",29,2,10]",-215.47499999999999,181.8220335245
2206,52102871474320,"[""hex-band"",29,2,11]",-221,172.2524528127
2207,146146848703088,"[""hex-band"",29,2,12]",-226.52500000000001,162.6828721009
2208,251857364238034,"[""hex-band"",29,2,13]",-232.05000000000001,153.1132913891
2209,159948159886061,"[""hex-band"",29,2,14]",-237.57499999999999,143.5437106773
2210,139885635903852,"[""hex-band"",29,2,15]",-243.09999999999999,133.9741299655
2211,206462480114905,"[""hex-band"",29,2,16]",-248.625,124.4045492536
2212,199792101794139,"[""hex-band"",29,2,17]",-254.15000000000001,114.8349685418
2213,56308739929623,"[""hex-band"",29,2,18]",-259.67500000000001,105.26538782999999
2214,24711197109991,"[""hex-band"",29,2,19]",-265.19999999999999,95.695807118199994
2215,134421424287503,"[""hex-band"",29,2,20]",-270.72500000000002,86.126226406399994
2216,72416738633356,"[""hex-band"",29,2,21]",-276.25,76.556645694500006
2217,47992917956693,"[""hex-band"",29,2,22]",-281.77499999999998,66.987064982700005
2218,29938404841091,"[""hex-band"",29,2,23]",-287.30000000000001,57.417484270899998
2219,181634305974108,"[""hex-band"",29,2,24]",-292.82499999999999,47.847903559099997
2220,47796772495437,"[""hex-band"",29,2,25]",-298.35000000000002,38.278322847299997
2221,51445197964881,"[""hex-band"",29,2,26]",-303.875,28.7087421355
2222,200869292499785,"[""hex-band"",29,2,27]",-309.39999999999998,19.139161423600001
2223,162491803362991,"[""hex-band"",29,2,28]",-314.92500000000001,9.5695807118000005
2224,49675904587153,"[""hex-band"",29,3,0]",-320.44999999999999,0
2225,197303363224374,"[""hex-band"",29,3,1]",-314.92500000000001,-9.5695807118000005
2226,159448362166918,"[""hex-band"",29,3,2]",-309.39999999999998,-19.139161423600001
2227,28077759667759,"[""hex-band"",29,3,3]",-303.875,-28.7087421355
2228,130372040805809,"[""hex-band"",29,3,4]",-298.35000000000002,-38.278322847299997
2229,210005884966088,"[""hex-band"",29,3,5]",-292.82499999999999,-47.847903559099997
2230,143060750545317,"[""hex-band"",29,3,6]",-287.30000000000001,-57.417484270899998
2231,108405010028110,"[""hex-band"",29,3,7]",-281.77499999999998,-66.987064982700005
2232,167056425578842,"[""hex-band"",29,3,8]",-276.25,-76.556645694500006
2233,219883801609675,"[""hex-band"",29,3,9]",-270.72500000000002,-86.126226406399994
2234,86169724794655,"[""hex-band"",29,3,10]",-265.19999999999999,-95.695807118199994
2235,196757653566962,"[""hex-band"",29,3,11]",-259.67500000000001,-105.26538782999999
2236,260200571681801,"[""hex-band"",29,3,12]",-254.15000000000001,-114.8349685418
2237,26817817992689,"[""hex-band"",29,3,13]",-248.625,-124.4045492536
2238,273610004314173,"[""hex-band"",29,3,14]",-243.09999999999999,-133.9741299655
2239,8533964073478,"[""hex-band"",29,3,15]",-237.57499999999999,-143.5437106773
2240,59032891479816,"[""hex-band"",29,3,16]",-232.05000000000001,-153.1132913891
2241,50438755270204,"[""hex-band"",29,3,17]",-226.52500000000001,-162.6828721009
2242,67768071948947,"[""hex-band"",29,3,18]",-221,-172.2524528127
2243,112541591509196,"[""hex-band"",29,3,19]",-215.47499999999999,-181.8220335245
2244,40899163666660,"[""hex-band"",29,3,20]",-209.94999999999999,-191.39161423639999
2245,226011087935776,"[""hex-band"",29,3,21]",-204.42500000000001,-200.96119494819999
2246,177285822548989,"[""hex-band"",29,3,22]",-198.90000000000001,-210.53077565999999
2247,97048300062751,"[""hex-band"",29,3,23]",-193.375,-220.10035637179999
2248,4931705474886,"[""hex-band"",29,3,24]",-187.84999999999999,-229.66993708359999
2249,60715351819988,"[""hex-band"",29,3,25]",-182.32499999999999,-239.23951779550001
2250,57244900056821,"[""hex-band"",29,3,26]",-176.80000000000001,-248.80909850730001
2251,278183663862795,"[""hex-band"",29,3,27]",-171.27500000000001,-258.37867921909998
2252,84529520216430,"[""hex-band"",29,3,28]",-165.75,-267.94825993090001
2253,112070763266835,"[""hex-band"",29,4,0]",-160.22499999999999,-277.51784064269998
2254,205459103567712,"[""hex-band"",29,4,1]",-149.17500000000001,-277.51784064269998
2255,124034381923606,"[""hex-band"",29,4,2]",-138.125,-277.51784064269998
2256,161038054572836,"[""hex-band"",29,4,3]",-127.075,-277.51784064269998
2257,137635503340240,"[""hex-band"",29,4,4]",-116.02500000000001,-277.51784064269998
2258,78422519517189,"[""hex-band"",29,4,5]",-104.97499999999999,-277.51784064269998
2259,263534507103387,"[""hex-band"",29,4,6]",-93.924999999999997,-277.51784064269998
2260,178708383501248,"[""hex-band"",29,4,7]",-82.875,-277.51784064269998
2261,53773313304635,"[""hex-band"",29,4,8]",-71.825000000000003,-277.51784064269998
2262,93424755750626,"[""hex-band"",29,4,9]",-60.774999999999999,-277.51784064269998
2263,114705452726420,"[""hex-band"",29,4,10]",-49.725000000000001,-277.51784064269998
2264,648065077914,"[""hex-band"",29,4,11]",-38.674999999999997,-277.51784064269998
2265,20095321300559,"[""hex-band"",29,4,12]",-27.625,-277.51784064269998
2266,74542349225618,"[""hex-band"",29,4,13]",-16.574999999999999,-277.51784064269998
2267,276658582414333,"[""hex-band"",29,4,14]",-5.5250000000000004,-277.51784064269998
2268,123936279296045,"[""hex-band"",29,4,15]",5.5250000000000004,-277.51784064269998
2269,137597705016378,"[""hex-band"",29,4,16]",16.574999999999999,-277.51784064269998
2270,109842077585045,"[""hex-band"",29,4,17]",27.625,-277.51784064269998
2271,280516673938391,"[""hex-band"",29,4,18]",38.674999999999997,-277.51784064269998
2272,166930830703663,"[""hex-band"",29,4,19]",49.725000000000001,-277.51784064269998
2273,7737922341390,"[""hex-band"",29,4,20]",60.774999999999999,-277.51784064269998
2274,85362876012514,"[""hex-band"",29,4,21]",71.825000000000003,-277.51784064269998
2275,268384901466978,"[""hex-band"",29,4,22]",82.875,-277.51784064269998
2276,183419031469730,"[""hex-band"",29,4,23]",93.924999999999997,-277.51784064269998
2277,23212422405947,"[""hex-band"",29,4,24]",104.97499999999999,-277.51784064269998
2278,277877733431681,"[""hex-band"",29,4,25]",116.02500000000001,-277.51784064269998
2279,151957890168937,"[""hex-band"",29,4,26]",127.075,-277.51784064269998
2280,105295254629349,"[""hex-band"",29,4,27]",138.125,-277.51784064269998
2281,1981513235553,"[""hex-band"",29,4,28]",149.17500000000001,-277.51784064269998
2282,18744462743497,"[""hex-band"",29,5,0]",160.22499999999999,-277.51784064269998
2283,249076566302286,"[""hex-band"",29,5,1]",165.75,-267.94825993090001
2284,73090746610669,"[""hex-band"",29,5,2]",171.27500000000001,-258.37867921909998
2285,198906432104049,"[""hex-band"",29,5,3]",176.80000000000001,-248.80909850730001
2286,55677322550688,"[""hex-band"",29,5,4]",182.32499999999999,-239.23951779550001
2287,31867277399540,"[""hex-band"",29,5,5]",187.84999999999999,-229.66993708359999
2288,109604044449636,"[""hex-band"",29,5,6]",193.375,-220.10035637179999
2289,17941824855393,"[""hex-band"",29,5,7]",198.90000000000001,-210.53077565999999
2290,254346002690014,"[""hex-band"",29,5,8]",204.42500000000001,-200.96119494819999
2291,141430160906503,"[""hex-band"",29,5,9]",209.94999999999999,-191.39161423639999
2292,98303005814752,"[""hex-band"",29,5,10]",215.47499999999999,-181.8220335245
2293,89885894852902,"[""hex-band"",29,5,11]",221,-172.2524528127
2294,230450445716394,"[""hex-band"",29,5,12]",226.52500000000001,-162.6828721009
2295,211620525180899,"[""hex-band"",29,5,13]",232.05000000000001,-153.1132913891
2296,2553211437725,"[""hex-band"",29,5,14]",237.57499999999999,-143.5437106773
2297,96289912451133,"[""hex-band"",29,5,15]",243.09999999999999,-133.9741299655
2298,38344052819020,"[""hex-band"",29,5,16]",248.625,-124.4045492536
2299,137183393534156,"[""hex-band"",29,5,17]",254.15000000000001,-114.8349685418
2300,272332826983588,"[""hex-band"",29,5,18]",259.67500000000001,-105.26538782999999
2301,83422290468108,"[""hex-band"",29,5,19]",265.19999999999999,-95.695807118199994
2302,126835833598502,"[""hex-band"",29,5,20]",270.72500000000002,-86.126226406399994
2303,61868356854509,"[""hex-band"",29,5,21]",276.25,-76.556645694500006
2304,229502597995060,"[""hex-band"",29,5,22]",281.77499999999998,-66.987064982700005
2305,42225686492585,"[""hex-band"",29,5,23]",287.30000000000001,-57.417484270899998
2306,32823849669021,"[""hex-band"",29,5,24]",292.82499999999999,-47.847903559099997
2307,213975785389310,"[""hex-band"",29,5,25]",298.35000000000002,-38.278322847299997
2308,175005409242039,"[""hex-band"",29,5,26]",303.875,-28.7087421355
2309,231756520343084,"[""hex-band"",29,5,27]",309.39999999999998,-19.139161423600001
2310,102543113031912,"[""hex-band"",29,5,28]",314.92500000000001,-9.5695807118000005
2311,10452431847421,"[""hex-band"",30,0,0]",331.5,0
2312,34637114320301,"[""hex-band"",30,0,1]",325.97500000000002,9.5695807118000005
2313,230013457741940,"[""hex-band"",30,0,2]",320.44999999999999,19.139161423600001
2314,65041924352571,"[""hex-band"",30,0,3]",314.92500000000001,28.7087421355
2315,210704262205094,"[""hex-band"",30,0,4]",309.39999999999998,38.278322847299997
2316,143885419271902,"[""hex-band"",30,0,5]",303.875,47.847903559099997
2317,233384184084709,"[""hex-band"",30,0,6]",298.35000000000002,57.417484270899998
2318,44511718365905,"[""hex-band"",30,0,7]",292.82499999999999,66.987064982700005
2319,66936187003040,"[""hex-band"",30,0,8]",287.30000000000001,76.556645694500006
2320,198428107478305,"[""hex-band"",30,0,9]",281.77499999999998,86.126226406399994
2321,56841342308646,"[""hex-band"",30,0,10]",276.25,95.695807118199994
2322,281068538449441,"[""hex-band"",30,0,11]",270.72500000000002,105.26538782999999
2323,56470600828162,"[""hex-band"",30,0,12]",265.19999999999999,114.8349685418
2324,236180496867158,"[""hex-band"",30,0,13]",259.67500000000001,124.4045492536
2325,280685506835027,"[""hex-band"",30,0,14]",254.15000000000001,133.9741299655
2326,244012997195849,"[""hex-band"",30,0,15]",248.625,143.5437106773
2327,89796191618323,"[""hex-band"",30,0,16]",243.09999999999999,153.1132913891
2328,279780066635296,"[""hex-band"",30,0,17]",237.57499999999999,162.6828721009
2329,133498462495909,"[""hex-band"",30,0,18]",232.05000000000001,172.2524528127
2330,7288964996767,"[""hex-band"",30,0,19]",226.52500000000001,181.8220335245
2331,132962290980610,"[""hex-band"",30,0,20]",221,191.39161423639999
2332,117299662610227,"[""hex-band"",30,0,21]",215.47499999999999,200.96119494819999
2333,134041779858761,"[""hex-band"",30,0,22]",209.94999999999999,210.53077565999999
2334,6411548072285,"[""hex-band"",30,0,23]",204.42500000000001,220.10035637179999
2335,105206609904012,"[""hex-band"",30,0,24]",198.90000000000001,229.66993708359999
2336,10485417162456,"[""hex-band"",30,0,25]",193.375,239.23951779550001
2337,41152143285903,"[""hex-band"",30,0,26]",187.84999999999999,248.80909850730001
2338,278094233392947,"[""hex-band"",30,0,27]",182.32499999999999,258.37867921909998
2339,51686060994937,"[""hex-band"",30,0,28]",176.80000000000001,267.94825993090001
2340,201207700800792,"[""hex-band"",30,0,29]",171.27500000000001,277.51784064269998
2341,231084912358974,"[""hex-band"",30,1,0]",165.75,287.08742135450001
2342,257115202091941,"[""hex-band"",30,1,1]",154.69999999999999,287.08742135450001
2343,240831404902881,"[""hex-band"",30,1,2]",143.65000000000001,287.08742135450001
2344,225480780660060,"[""hex-band"",30,1,3]",132.59999999999999,287.08742135450001
2345,214789293318716,"[""hex-band"",30,1,4]",121.55,287.08742135450001
2346,137483746903648,"[""hex-band"",30,1,5]",110.5,287.08742135450001
2347,107468491210019,"[""hex-band"",30,1,6]",99.450000000000003,287.08742135450001
2348,175032254367011,"[""hex-band"",30,1,7]",88.400000000000006,287.08742135450001
2349,74254175066738,"[""hex-band"",30,1,8]",77.349999999999994,287.08742135450001
2350,219109841425680,"[""hex-band"",30,1,9]",66.299999999999997,287.08742135450001
2351,181116639330586,"[""hex-band"",30,1,10]",55.25,287.08742135450001
2352,42783344777345,"[""hex-band"",30,1,11]",44.200000000000003,287.08742135450001
2353,230796814141745,"[""hex-band"",30,1,12]",33.149999999999999,287.08742135450001
2354,36352472256084,"[""hex-band"",30,1,13]",22.100000000000001,287.08742135450001
2355,43981794564633,"[""hex-band"",30,1,14]",11.050000000000001,287.08742135450001
2356,271918488156855,"[""hex-band"",30,1,15]",0,287.08742135450001
2357,24051048878794,"[""hex-band"",30,1,16]",-11.050000000000001,287.08742135450001
2358,95802212633954,"[""hex-band"",30,1,17]",-22.100000000000001,287.08742135450001
2359,169666025435208,"[""hex-band"",30,1,18]",-33.149999999999999,287.08742135450001
2360,154412273708247,"[""hex-band"",30,1,19]",-44.200000000000003,287.08742135450001
2361,267429500541141,"[""hex-band"",30,1,20]",-55.25,287.08742135450001
2362,195750069282714,"[""hex-band"",30,1,21]",-66.299999999999997,287.08742135450001
2363,68504293784917,"[""hex-band"",30,1,22]",-77.349999999999994,287.08742135450001
2364,255471181338629,"[""hex-band"",30,1,23]",-88.400000000000006,287.08742135450001
2365,23345038022736,"[""hex-band"",30,1,24]",-99.450000000000003,287.08742135450001
2366,277791333906903,"[""hex-band"",30,1,25]",-110.5,287.08742135450001
2367,203512066417829,"[""hex-band"",30,1,26]",-121.55,287.08742135450001
2368,154967648009281,"[""hex-band"",30,1,27]",-132.59999999999999,287.08742135450001
2369,90688670530079,"[""hex-band"",30,1,28]",-143.65000000000001,287.08742135450001
2370,57715493849543,"[""hex-band"",30,1,29]",-154.69999999999999,287.08742135450001
2371,224853754474034,"[""hex-band"",30,2,0]",-165.75,287.08742135450001
2372,27044526336519,"[""hex-band"",30,2,1]",-171.27500000000001,277.51784064269998
2373,257664277370342,"[""hex-band"",30,2,2]",-176.80000000000001,267.94825993090001
2374,20264030909834,"[""hex-band"",30,2,3]",-182.32499999999999,258.37867921909998
2375,240882145780792,"[""hex-band"",30,2,4]",-187.84999999999999,248.80909850730001
2376,130004123891494,"[""hex-band"",30,2,5]",-193.375,239.23951779550001
2377,229161000809529,"[""hex-band"",30,2,6]",-198.90000000000001,229.66993708359999
2378,2860831566072,"[""hex-band"",30,2,7]",-204.42500000000001,220.10035637179999
2379,170306177686425,"[""hex-band"",30,2,8]",-209.94999999999999,210.53077565999999
2380,221406503144152,"[""hex-band"",30,2,9]",-215.47499999999999,200.96119494819999
2381,4506839751611,"[""hex-band"",30,2,10]",-221,191.39161423639999
2382,219642633791158,"[""hex-band"",30,2,11]",-226.52500000000001,181.8220335245
2383,68508075089080,"[""hex-band"",30,2,12]",-232.05000000000001,172.2524528127
2384,143891034039701,"[""hex-band"",30,2,13]",-237.57499999999999,162.6828721009
2385,88782004972613,"[""hex-band"",30,2,14]",-243.09999999999999,153.1132913891
2386,109812513755338,"[""hex-band"",30,2,15]",-248.625,143.5437106773
2387,141674628085976,"[""hex-band"",30,2,16]",-254.15000000000001,133.9741299655
2388,42134107893080,"[""hex-band"",30,2,17]",-259.67500000000001,124.4045492536
2389,177889344955017,"[""hex-band"",30,2,18]",-265.19999999999999,114.8349685418
2390,26593624129343,"[""hex-band"",30,2,19]",-270.72500000000002,105.26538782999999
2391,237652502080500,"[""hex-band"",30,2,20]",-276.25,95.695807118199994
2392,138470168605249,"[""hex-band"",30,2,21]",-281.77499999999998,86.126226406399994
2393,28505507732177,"[""hex-band"",30,2,22]",-287.30000000000001,76.556645694500006
2394,102050310591741,"[""hex-band"",30,2,23]",-292.82499999999999,66.987064982700005
2395,263146486937429,"[""hex-band"",30,2,24]",-298.35000000000002,57.417484270899998
2396,39723001518239,"[""hex-band"",30,2,25]",-303.875,47.847903559099997
2397,231843037530026,"[""hex-band"",30,2,26]",-309.39999999999998,38.278322847299997
2398,103120434425006,"[""hex-band"",30,2,27]",-314.92500000000001,28.7087421355
2399,245379483303253,"[""hex-band"",30,2,28]",-320.44999999999999,19.139161423600001
2400,267223615768912,"[""hex-band"",30,2,29]",-325.97500000000002,9.5695807118000005
2401,116810907938289,"[""hex-band"",30,3,0]",-331.5,0
2402,72179340115176,"[""hex-band"",30,3,1]",-325.97500000000002,-9.5695807118000005
2403,19034456127269,"[""hex-band"",30,3,2]",-320.44999999999999,-19.139161423600001
2404,49297686984301,"[""hex-band"",30,3,3]",-314.92500000000001,-28.7087421355
2405,200655020398383,"[""hex-band"",30,3,4]",-309.39999999999998,-38.278322847299997
2406,172127031605744,"[""hex-band"",30,3,5]",-303.875,-47.847903559099997
2407,142273390923343,"[""hex-band"",30,3,6]",-298.35000000000002,-57.417484270899998
2408,67515336404647,"[""hex-band"",30,3,7]",-292.82499999999999,-66.987064982700005
2409,1052761549574,"[""hex-band"",30,3,8]",-287.30000000000001,-76.556645694500006
2410,224500309003532,"[""hex-band"",30,3,9]",-281.77499999999998,-86.126226406399994
2411,195587325142629,"[""hex-band"",30,3,10]",-276.25,-95.695807118199994
2412,49228086324589,"[""hex-band"",30,3,11]",-270.72500000000002,-105.26538782999999
2413,253957608452049,"[""hex-band"",30,3,12]",-265.19999999999999,-114.8349685418
2414,111117611195437,"[""hex-band"",30,3,13]",-259.67500000000001,-124.4045492536
2415,159813612570175,"[""hex-band"",30,3,14]",-254.15000000000001,-133.9741299655
2416,232635028123057,"[""hex-band"",30,3,15]",-248.625,-143.5437106773
2417,43989994163381,"[""hex-band"",30,3,16]",-243.09999999999999,-153.1132913891
2418,37142857869657,"[""hex-band"",30,3,17]",-237.57499999999999,-162.6828721009
2419,176977368604549,"[""hex-band"",30,3,18]",-232.05000000000001,-172.2524528127
2420,162907027271421,"[""hex-band"",30,3,19]",-226.52500000000001,-181.8220335245
2421,236203184178697,"[""hex-band"",30,3,20]",-221,-191.39161423639999
2422,232222406896175,"[""hex-band"",30,3,21]",-215.47499999999999,-200.96119494819999
2423,156951452180384,"[""hex-band"",30,3,22]",-209.94999999999999,-210.53077565999999
2424,269328610085241,"[""hex-band"",30,3,23]",-204.42500000000001,-220.10035637179999
2425,24469302354562,"[""hex-band"",30,3,24]",-198.90000000000001,-229.66993708359999
2426,124977352345642,"[""hex-band"",30,3,25]",-193.375,-239.23951779550001
2427,276842841797295,"[""hex-band"",30,3,26]",-187.84999999999999,-248.80909850730001
2428,68283745498735,"[""hex-band"",30,3,27]",-182.32499999999999,-258.37867921909998
2429,175803361227619,"[""hex-band"",30,3,28]",-176.80000000000001,-267.94825993090001
2430,58056319131064,"[""hex-band"",30,3,29]",-171.27500000000001,-277.51784064269998
2431,247507402356839,"[""hex-band"",30,4,0]",-165.75,-287.08742135450001
2432,205339996586902,"[""hex-band"",30,4,1]",-154.69999999999999,-287.08742135450001
2433,52764340343097,"[""hex-band"",30,4,2]",-143.65000000000001,-287.08742135450001
2434,171276887332349,"[""hex-band"",30,4,3]",-132.59999999999999,-287.08742135450001
2435,223784116273192,"[""hex-band"",30,4,4]",-121.55,-287.08742135450001
2436,144083586991687,"[""hex-band"",30,4,5]",-110.5,-287.08742135450001
2437,114048596737867,"[""hex-band"",30,4,6]",-99.450000000000003,-287.08742135450001
2438,40885376133743,"[""hex-band"",30,4,7]",-88.400000000000006,-287.08742135450001
2439,136281169061131,"[""hex-band"",30,4,8]",-77.349999999999994,-287.08742135450001
2440,240631730286053,"[""hex-band"",30,4,9]",-66.299999999999997,-287.08742135450001
2441,164383406868546,"[""hex-band"",30,4,10]",-55.25,-287.08742135450001
2442,225557725012173,"[""hex-band"",30,4,11]",-44.200000000000003,-287.08742135450001
2443,210827977379899,"[""hex-band"",30,4,12]",-33.149999999999999,-287.08742135450001
2444,13510289813301,"[""hex-band"",30,4,13]",-22.100000000000001,-287.08742135450001
2445,97651815073715,"[""hex-band"",30,4,14]",-11.050000000000001,-287.08742135450001
2446,280140558584810,"[""hex-band"",30,4,15]",-0,-287.08742135450001
2447,209118809869751,"[""hex-band"",30,4,16]",11.050000000000001,-287.08742135450001
2448,35886614409312,"[""hex-band"",30,4,17]",22.100000000000001,-287.08742135450001
2449,218686700327887,"[""hex-band"",30,4,18]",33.149999999999999,-287.08742135450001
2450,7341118922520,"[""hex-band"",30,4,19]",44.200000000000003,-287.08742135450001
2451,271538564398669,"[""hex-band"",30,4,20]",55.25,-287.08742135450001
2452,100674830775922,"[""hex-band"",30,4,21]",66.299999999999997,-287.08742135450001
2453,255674623125718,"[""hex-band"",30,4,22]",77.349999999999994,-287.08742135450001
2454,87280971430292,"[""hex-band"",30,4,23]",88.400000000000006,-287.08742135450001
2455,87165810108672,"[""hex-band"",30,4,24]",99.450000000000003,-287.08742135450001
2456,167348991367107,"[""hex-band"",30,4,25]",110.5,-287.08742135450001
2457,255487314940145,"[""hex-band"",30,4,26]",121.55,-287.08742135450001
2458,85610491784043,"[""hex-band"",30,4,27]",132.59999999999999,-287.08742135450001
2459,108493842229948,"[""hex-band"",30,4,28]",143.65000000000001,-287.08742135450001
2460,224623096106257,"[""hex-band"",30,4,29]",154.69999999999999,-287.08742135450001
2461,37183730009324,"[""hex-band"",30,5,0]",165.75,-287.08742135450001
2462,6561565093956,"[""hex-band"",30,5,1]",171.27500000000001,-277.51784064269998
2463,11650513450989,"[""hex-band"",30,5,2]",176.80000000000001,-267.94825993090001
2464,255243847474193,"[""hex-band"",30,5,3]",182.32499999999999,-258.37867921909998
2465,212740333672007,"[""hex-band"",30,5,4]",187.84999999999999,-248.80909850730001
2466,240595772558975,"[""hex-band"",30,5,5]",193.375,-239.23951779550001
2467,72458659616338,"[""hex-band"",30,5,6]",198.90000000000001,-229.66993708359999
2468,254107951859877,"[""hex-band"",30,5,7]",204.42500000000001,-220.10035637179999
2469,162400820252322,"[""hex-band"",30,5,8]",209.94999999999999,-210.53077565999999
2470,180636600920911,"[""hex-band"",30,5,9]",215.47499999999999,-200.96119494819999
2471,76784729643024,"[""hex-band"",30,5,10]",221,-191.39161423639999
2472,164533746022025,"[""hex-band"",30,5,11]",226.52500000000001,-181.8220335245
2473,164576949733264,"[""hex-band"",30,5,12]",232.05000000000001,-172.2524528127
2474,218389020062216,"[""hex-band"",30,5,13]",237.57499999999999,-162.6828721009
2475,54680435302947,"[""hex-band"",30,5,14]",243.09999999999999,-153.1132913891
2476,111880640133353,"[""hex-band"",30,5,15]",248.625,-143.5437106773
2477,169347941518870,"[""hex-band"",30,5,16]",254.15000000000001,-133.9741299655
2478,133519894130905,"[""hex-band"",30,5,17]",259.67500000000001,-124.4045492536
2479,64122037019112,"[""hex-band"",30,5,18]",265.19999999999999,-114.8349685418
2480,248854786852495,"[""hex-band"",30,5,19]",270.72500000000002,-105.26538782999999
2481,11117047609953,"[""hex-band"",30,5,20]",276.25,-95.695807118199994
2482,92568024520898,"[""hex-band"",30,5,21]",281.77499999999998,-86.126226406399994
2483,179789366115905,"[""hex-band"",30,5,22]",287.30000000000001,-76.556645694500006
2484,204035565857239,"[""hex-band"",30,5,23]",292.82499999999999,-66.987064982700005
2485,128459275134576,"[""hex-band"",30,5,24]",298.35000000000002,-57.417484270899998
2486,18078910522515,"[""hex-band"",30,5,25]",303.875,-47.847903559099997
2487,20905987716282,"[""hex-band"",30,5,26]",309.39999999999998,-38.278322847299997
2488,84979573502456,"[""hex-band"",30,5,27]",314.92500000000001,-28.7087421355
2489,257035786909728,"[""hex-band"",30,5,28]",320.44999999999999,-19.139161423600001
2490,138370247588225,"[""hex-band"",30,5,29]",325.97500000000002,-9.5695807118000005
2491,152505359561113,"[""hex-band"",31,0,0]",342.55000000000001,0
2492,281263114148757,"[""hex-band"",31,0,1]",337.02499999999998,9.5695807118000005
2493,114639314091384,"[""hex-band"",31,0,2]",331.5,19.139161423600001
2494,22039270237624,"[""hex-band"",31,0,3]",325.97500000000002,28.7087421355
2495,241578518220069,"[""hex-band"",31,0,4]",320.44999999999999,38.278322847299997
2496,276398600067042,"[""hex-band"",31,0,5]",314.92500000000001,47.847903559099997
2497,112787469465631,"[""hex-band"",31,0,6]",309.39999999999998,57.417484270899998
2498,177339118477728,"[""hex-band"",31,0,7]",303.875,66.987064982700005
2499,66455292783250,"[""hex-band"",31,0,8]",298.35000000000002,76.556645694500006
2500,212744198248813,"[""hex-band"",31,0,9]",292.82499999999999,86.126226406399994
2501,248118691885528,"[""hex-band"",31,0,10]",287.30000000000001,95.695807118199994
2502,180344100245964,"[""hex-band"",31,0,11]",281.77499999999998,105.26538782999999
2503,8857336068102,"[""hex-band"",31,0,12]",276.25,114.8349685418
2504,113750938785606,"[""hex-band"",31,0,13]",270.72500000000002,124.4045492536
2505,107971238307149,"[""hex-band"",31,0,14]",265.19999999999999,133.9741299655
2506,175835427491701,"[""hex-band"",31,0,15]",259.67500000000001,143.5437106773
2507,216618114449772,"[""hex-band"",31,0,16]",254.15000000000001,153.1132913891
2508,45929685085535,"[""hex-band"",31,0,17]",248.625,162.6828721009
2509,220853885505031,"[""hex-band"",31,0,18]",243.09999999999999,172.2524528127
2510,74942279032811,"[""hex-band"",31,0,19]",237.57499999999999,181.8220335245
2511,21393788999927,"[""hex-band"",31,0,20]",232.05000000000001,191.39161423639999
2512,129798431357021,"[""hex-band"",31,0,21]",226.52500000000001,200.96119494819999
2513,212862595591738,"[""hex-band"",31,0,22]",221,210.53077565999999
2514,187187851771007,"[""hex-band"",31,0,23]",215.47499999999999,220.10035637179999
2515,133968037143930,"[""hex-band"",31,0,24]",209.94999999999999,229.66993708359999
2516,266157175777430,"[""hex-band"",31,0,25]",204.42500000000001,239.23951779550001
2517,169779339968771,"[""hex-band"",31,0,26]",198.90000000000001,248.80909850730001
2518,24715251672367,"[""hex-band"",31,0,27]",193.375,258.37867921909998
2519,232374459514595,"[""hex-band"",31,0,28]",187.84999999999999,267.94825993090001
2520,110558215489167,"[""hex-band"",31,0,29]",182.32499999999999,277.51784064269998
2521,135772392345685,"[""hex-band"",31,0,30]",176.80000000000001,287.08742135450001
2522,48289236620223,"[""hex-band"",31,1,0]",171.27500000000001,296.65700206640003
2523,280785601001317,"[""hex-band"",31,1,1]",160.22499999999999,296.65700206640003
2524,241106329242414,"[""hex-band"",31,1,2]",149.17500000000001,296.65700206640003
2525,254369185121987,"[""hex-band"",31,1,3]",138.125,296.65700206640003
2526,51995312677757,"[""hex-band"",31,1,4]",127.075,296.65700206640003
2527,20428504047947,"[""hex-band"",31,1,5]",116.02500000000001,296.65700206640003
2528,191826127570262,"[""hex-band"",31,1,6]",104.97499999999999,296.65700206640003
2529,263655578940124,"[""hex-band"",31,1,7]",93.924999999999997,296.65700206640003
2530,275255075766245,"[""hex-band"",31,1,8]",82.875,296.65700206640003
2531,75220201613933,"[""hex-band"",31,1,9]",71.825000000000003,296.65700206640003
2532,148709669257654,"[""hex-band"",31,1,10]",60.774999999999999,296.65700206640003
2533,56382611445941,"[""hex-band"",31,1,11]",49.725000000000001,296.65700206640003
2534,151137003921703,"[""hex-band"",31,1,12]",38.674999999999997,296.65700206640003
2535,183442561743210,"[""hex-band"",31,1,13]",27.625,296.65700206640003
2536,182970493072288,"[""hex-band"",31,1,14]",16.574999999999999,296.65700206640003
2537,221824349916222,"[""hex-band"",31,1,15]",5.5250000000000004,296.65700206640003
2538,28357230382193,"[""hex-band"",31,1,16]",-5.5250000000000004,296.65700206640003
2539,68235509017306,"[""hex-band"",31,1,17]",-16.574999999999999,296.65700206640003
2540,245230544139112,"[""hex-band"",31,1,18]",-27.625,296.65700206640003
2541,144405214771241,"[""hex-band"",31,1,19]",-38.674999999999997,296.65700206640003
2542,102376915437176,"[""hex-band"",31,1,20]",-49.725000000000001,296.65700206640003
2543,143005398799892,"[""hex-band"",31,1,21]",-60.774999999999999,296.65700206640003
2544,122916343017585,"[""hex-band"",31,1,22]",-71.825000000000003,296.65700206640003
2545,99057173134806,"[""hex-band"",31,1,23]",-82.875,296.65700206640003
2546,57204353688738,"[""hex-band"",31,1,24]",-93.924999999999997,296.65700206640003
2547,119654983753142,"[""hex-band"",31,1,25]",-104.97499999999999,296.65700206640003
2548,93017453245808,"[""hex-band"",31,1,26]",-116.02500000000001,296.65700206640003
2549,258026716695005,"[""hex-band"",31,1,27]",-127.075,296.65700206640003
2550,255141059327750,"[""hex-band"",31,1,28]",-138.125,296.65700206640003
2551,158789900322530,"[""hex-band"",31,1,29]",-149.17500000000001,296.65700206640003
2552,28079131729215,"[""hex-band"",31,1,30]",-160.22499999999999,296.65700206640003
2553,82029835230073,"[""hex-band"",31,2,0]",-171.27500000000001,296.65700206640003
2554,125710165438758,"[""hex-band"",31,2,1]",-176.80000000000001,287.08742135450001
2555,251923923135401,"[""hex-band"",31,2,2]",-182.32499999999999,277.51784064269998
2556,268569921455224,"[""hex-band"",31,2,3]",-187.84999999999999,267.94825993090001
2557,28402071345401,"[""hex-band"",31,2,4]",-193.375,258.37867921909998
2558,164820088546764,"[""hex-band"",31,2,5]",-198.90000000000001,248.80909850730001
2559,31058456801260,"[""hex-band"",31,2,6]",-204.42500000000001,239.23951779550001
2560,128184681099680,"[""hex-band"",31,2,7]",-209.94999999999999,229.66993708359999
2561,137446317389747,"[""hex-band"",31,2,8]",-215.47499999999999,220.10035637179999
2562,274053032169261,"[""hex-band"",31,2,9]",-221,210.53077565999999
2563,49371494733941,"[""hex-band"",31,2,10]",-226.52500000000001,200.96119494819999
2564,116082226467299,"[""hex-band"",31,2,11]",-232.05000000000001,191.39161423639999
2565,145171517231413,"[""hex-band"",31,2,12]",-237.57499999999999,181.8220335245
2566,266993074167665,"[""hex-band"",31,2,13]",-243.09999999999999,172.2524528127
2567,22610257488135,"[""hex-band"",31,2,14]",-248.625,162.6828721009
2568,70319689082112,"[""hex-band"",31,2,15]",-254.15000000000001,153.1132913891
2569,244549291371042,"[""hex-band"",31,2,16]",-259.67500000000001,143.5437106773
2570,28476551041850,"[""hex-band"",31,2,17]",-265.19999999999999,133.9741299655
2571,45753650700935,"[""hex-band"",31,2,18]",-270.72500000000002,124.4045492536
2572,76516675616784,"[""hex-band"",31,2,19]",-276.25,114.8349685418
2573,203270018216885,"[""hex-band"",31,2,20]",-281.77499999999998,105.26538782999999
2574,102554922899948,"[""hex-band"",31,2,21]",-287.30000000000001,95.695807118199994
2575,265307362234162,"[""hex-band"",31,2,22]",-292.82499999999999,86.126226406399994
2576,154705259784475,"[""hex-band"",31,2,23]",-298.35000000000002,76.556645694500006
2577,146112501981610,"[""hex-band"",31,2,24]",-303.875,66.987064982700005
2578,172867206013313,"[""hex-band"",31,2,25]",-309.39999999999998,57.417484270899998
2579,15034487049222,"[""hex-band"",31,2,26]",-314.92500000000001,47.847903559099997
2580,249109943562928,"[""hex-band"",31,2,27]",-320.44999999999999,38.278322847299997
2581,191121325047154,"[""hex-band"",31,2,28]",-325.97500000000002,28.7087421355
2582,84431270511124,"[""hex-band"",31,2,29]",-331.5,19.139161423600001
2583,74665036069225,"[""hex-band"",31,2,30]",-337.02499999999998,9.5695807118000005
2584,140796798159550,"[""hex-band"",31,3,0]",-342.55000000000001,0
2585,168611521240619,"[""hex-band"",31,3,1]",-337.02499999999998,-9.5695807118000005
2586,122857868204839,"[""hex-band"",31,3,2]",-331.5,-19.139161423600001
2587,16384173597439,"[""hex-band"",31,3,3]",-325.97500000000002,-28.7087421355
2588,262158218725468,"[""hex-band"",31,3,4]",-320.44999999999999,-38.278322847299997
2589,157476256771961,"[""hex-band"",31,3,5]",-314.92500000000001,-47.847903559099997
2590,56211176584510,"[""hex-band"",31,3,6]",-309.39999999999998,-57.417484270899998
2591,34303879857452,"[""hex-band"",31,3,7]",-303.875,-66.987064982700005
2592,280928824644332,"[""hex-band"",31,3,8]",-298.35000000000002,-76.556645694500006
2593,17273085655056,"[""hex-band"",31,3,9]",-292.82499999999999,-86.126226406399994
2594,6310730676853,"[""hex-band"",31,3,10]",-287.30000000000001,-95.695807118199994
2595,144949919160052,"[""hex-band"",31,3,11]",-281.77499999999998,-105.26538782999999
2596,167323833960816,"[""hex-band"",31,3,12]",-276.25,-114.8349685418
2597,265419005136414,"[""hex-band"",31,3,13]",-270.72500000000002,-124.4045492536
2598,99023548974424,"[""hex-band"",31,3,14]",-265.19999999999999,-133.9741299655
2599,1103795066155,"[""hex-band"",31,3,15]",-259.67500000000001,-143.5437106773
2600,205156397597656,"[""hex-band"",31,3,16]",-254.15000000000001,-153.1132913891
2601,20488416723236,"[""hex-band"",31,3,17]",-248.625,-162.6828721009
2602,148260594262545,"[""hex-band"",31,3,18]",-243.09999999999999,-172.2524528127
2603,244126790302757,"[""hex-band"",31,3,19]",-237.57499999999999,-181.8220335245
2604,1838308513128,"[""hex-band"",31,3,20]",-232.05000000000001,-191.39161423639999
2605,202749225684257,"[""hex-band"",31,3,21]",-226.52500000000001,-200.96119494819999
2606,168703630308170,"[""hex-band"",31,3,22]",-221,-210.53077565999999
2607,243090290117910,"[""hex-band"",31,3,23]",-215.47499999999999,-220.10035637179999
2608,204839443745810,"[""hex-band"",31,3,24]",-209.94999999999999,-229.66993708359999
2609,35523171359683,"[""hex-band"",31,3,25]",-204.42500000000001,-239.23951779550001
2610,87541265724984,"[""hex-band"",31,3,26]",-198.90000000000001,-248.80909850730001
2611,72718362040898,"[""hex-band"",31,3,27]",-193.375,-258.37867921909998
2612,204909752360119,"[""hex-band"",31,3,28]",-187.84999999999999,-267.94825993090001
2613,23470256924814,"[""hex-band"",31,3,29]",-182.32499999999999,-277.51784064269998
2614,158530703252925,"[""hex-band"",31,3,30]",-176.80000000000001,-287.08742135450001
2615,241102624964489,"[""hex-band"",31,4,0]",-171.27500000000001,-296.65700206640003
2616,71355019109838,"[""hex-band"",31,4,1]",-160.22499999999999,-296.65700206640003
2617,17202806152660,"[""hex-band"",31,4,2]",-149.17500000000001,-296.65700206640003
2618,200233244440325,"[""hex-band"",31,4,3]",-138.125,-296.65700206640003
2619,9696868077096,"[""hex-band"",31,4,4]",-127.075,-296.65700206640003
2620,156505647962193,"[""hex-band"",31,4,5]",-116.02500000000001,-296.65700206640003
2621,50316023392037,"[""hex-band"",31,4,6]",-104.97499999999999,-296.65700206640003
2622,259718463221888,"[""hex-band"",31,4,7]",-93.924999999999997,-296.65700206640003
2623,79996103878536,"[""hex-band"",31,4,8]",-82.875,-296.65700206640003
2624,85312342357832,"[""hex-band"",31,4,9]",-71.825000000000003,-296.65700206640003
2625,99666723925957,"[""hex-band"",31,4,10]",-60.774999999999999,-296.65700206640003
2626,179445766522314,"[""hex-band"",31,4,11]",-49.725000000000001,-296.65700206640003
2627,152323760891346,"[""hex-band"",31,4,12]",-38.674999999999997,-296.65700206640003
2628,154179780509547,"[""hex-band"",31,4,13]",-27.625,-296.65700206640003
2629,44790626910393,"[""hex-band"",31,4,14]",-16.574999999999999,-296.65700206640003
2630,94126570141231,"[""hex-band"",31,4,15]",-5.5250000000000004,-296.65700206640003
2631,2709598437118,"[""hex-band"",31,4,16]",5.5250000000000004,-296.65700206640003
2632,261184825199881,"[""hex-band"",31,4,17]",16.574999999999999,-296.65700206640003
2633,50049875080993,"[""hex-band"",31,4,18]",27.625,-296.65700206640003
2634,185354291548434,"[""hex-band"",31,4,19]",38.674999999999997,-296.65700206640003
2635,228680470719174,"[""hex-band"",31,4,20]",49.725000000000001,-296.65700206640003
2636,116790785441832,"[""hex-band"",31,4,21]",60.774999999999999,-296.65700206640003
2637,114047939121260,"[""hex-band"",31,4,22]",71.825000000000003,-296.65700206640003
2638,7962398627173,"[""hex-band"",31,4,23]",82.875,-296.65700206640003
2639,162886820971923,"[""hex-band"",31,4,24]",93.924999999999997,-296.65700206640003
2640,260865249784824,"[""hex-band"",31,4,25]",104.97499999999999,-296.65700206640003
2641,147765854312978,"[""hex-band"",31,4,26]",116.02500000000001,-296.65700206640003
2642,112384096613151,"[""hex-band"",31,4,27]",127.075,-296.65700206640003
2643,101785490568125,"[""hex-band"",31,4,28]",138.125,-296.65700206640003
2644,206876109027887,"[""hex-band"",31,4,29]",149.17500000000001,-296.65700206640003
2645,176815472719687,"[""hex-band"",31,4,30]",160.22499999999999,-296.65700206640003
2646,262599706417162,"[""hex-band"",31,5,0]",171.27500000000001,-296.65700206640003
2647,183297539772528,"[""hex-band"",31,5,1]",176.80000000000001,-287.08742135450001
2648,143828241441515,"[""hex-band"",31,5,2]",182.32499999999999,-277.51784064269998
2649,139210286660426,"[""hex-band"",31,5,3]",187.84999999999999,-267.94825993090001
2650,248432207334046,"[""hex-band"",31,5,4]",193.375,-258.37867921909998
2651,1610374376329,"[""hex-band"",31,5,5]",198.90000000000001,-248.80909850730001
2652,103669601440218,"[""hex-band"",31,5,6]",204.42500000000001,-239.23951779550001
2653,113488970874595,"[""hex-band"",31,5,7]",209.94999999999999,-229.66993708359999
2654,184261868913706,"[""hex-band"",31,5,8]",215.47499999999999,-220.10035637179999
2655,40230155742721,"[""hex-band"",31,5,9]",221,-210.53077565999999
2656,258050382424089,"[""hex-band"",31,5,10]",226.52500000000001,-200.96119494819999
2657,114795824770205,"[""hex-band"",31,5,11]",232.05000000000001,-191.39161423639999
2658,32016143705296,"[""hex-band"",31,5,12]",237.57499999999999,-181.8220335245
2659,17070824973532,"[""hex-band"",31,5,13]",243.09999999999999,-172.2524528127
2660,200290753238743,"[""hex-band"",31,5,14]",248.625,-162.6828721009
2661,85033972910443,"[""hex-band"",31,5,15]",254.15000000000001,-153.1132913891
2662,106728665529638,"[""hex-band"",31,5,16]",259.67500000000001,-143.5437106773
2663,89011114909685,"[""hex-band"",31,5,17]",265.19999999999999,-133.9741299655
2664,195095619383330,"[""hex-band"",31,5,18]",270.72500000000002,-124.4045492536
2665,205410316600186,"[""hex-band"",31,5,19]",276.25,-114.8349685418
2666,184266664301323,"[""hex-band"",31,5,20]",281.77499999999998,-105.26538782999999
2667,245705020315062,"[""hex-band"",31,5,21]",287.30000000000001,-95.695807118199994
2668,199836726994659,"[""hex-band"",31,5,22]",292.82499999999999,-86.126226406399994
2669,192828116120642,"[""hex-band"",31,5,23]",298.35000000000002,-76.556645694500006
2670,105679134044281,"[""hex-band"",31,5,24]",303.875,-66.987064982700005
2671,75352950145052,"[""hex-band"",31,5,25]",309.39999999999998,-57.417484270899998
2672,251524007153741,"[""hex-band"",31,5,26]",314.92500000000001,-47.847903559099997
2673,197212973478584,"[""hex-band"",31,5,27]",320.44999999999999,-38.278322847299997
2674,187521514315473,"[""hex-band"",31,5,28]",325.97500000000002,-28.7087421355
2675,253895435857208,"[""hex-band"",31,5,29]",331.5,-19.139161423600001
2676,118356941931530,"[""hex-band"",31,5,30]",337.02499999999998,-9.5695807118000005
2677,173565781434581,"[""hex-band"",32,0,1]",348.07499999999999,9.5695807118000005
2678,120001650294775,"[""hex-band"",32,0,2]",342.55000000000001,19.139161423600001
2679,63495188448021,"[""hex-band"",32,0,3]",337.02499999999998,28.7087421355
2680,26185891770304,"[""hex-band"",32,0,4]",331.5,38.278322847299997
2681,108559454820478,"[""hex-band"",32,0,5]",325.97500000000002,47.847903559099997
2682,38040414528243,"[""hex-band"",32,0,6]",320.44999999999999,57.417484270899998
2683,98477017247099,"[""hex-band"",32,0,7]",314.92500000000001,66.987064982700005
2684,280980749835482,"[""hex-band"",32,0,8]",309.39999999999998,76.556645694500006
2685,121078137487215,"[""hex-band"",32,0,9]",303.875,86.126226406399994
2686,157754354298119,"[""hex-band"",32,0,10]",298.35000000000002,95.695807118199994
2687,104862679663735,"[""hex-band"",32,0,11]",292.82499999999999,105.26538782999999
2688,52694429784581,"[""hex-band"",32,0,12]",287.30000000000001,114.8349685418
2689,76256144994779,"[""hex-band"",32,0,13]",281.77499999999998,124.4045492536
2690,177461361272981,"[""hex-band"",32,0,14]",276.25,133.9741299655
2691,206069230532630,"[""hex-band"",32,0,15]",270.72500000000002,143.5437106773
2692,108779100689840,"[""hex-band"",32,0,16]",265.19999999999999,153.1132913891
2693,215763050722111,"[""hex-band"",32,0,17]",259.67500000000001,162.6828721009
2694,52948007016464,"[""hex-band"",32,0,18]",254.15000000000001,172.2524528127
2695,70491805409975,"[""hex-band"",32,0,19]",248.625,181.8220335245
2696,51517649169465,"[""hex-band"",32,0,20]",243.09999999999999,191.39161423639999
2697,270240305656592,"[""hex-band"",32,0,21]",237.57499999999999,200.96119494819999
2698,229959379702199,"[""hex-band"",32,0,22]",232.05000000000001,210.53077565999999
2699,129791291745687,"[""hex-band"",32,0,23]",226.52500000000001,220.10035637179999
2700,233951594271654,"[""hex-band"",32,0,24]",221,229.66993708359999
2701,213200988364214,"[""hex-band"",32,0,25]",215.47499999999999,239.23951779550001
2702,267826139234001,"[""hex-band"",32,0,26]",209.94999999999999,248.80909850730001
2703,240390396457769,"[""hex-band"",32,0,27]",204.42500000000001,258.37867921909998
2704,229413451207011,"[""hex-band"",32,0,28]",198.90000000000001,267.94825993090001
2705,186938064322507,"[""hex-band"",32,0,29]",193.375,277.51784064269998
2706,248113875665266,"[""hex-band"",32,0,30]",187.84999999999999,287.08742135450001
2707,160381198483518,"[""hex-band"",32,0,31]",182.32499999999999,296.65700206640003
2708,229939869553077,"[""hex-band"",32,1,1]",165.75,306.2265827782
2709,189785466559981,"[""hex-band"",32,1,2]",154.69999999999999,306.2265827782
2710,118704776607585,"[""hex-band"",32,1,3]",143.65000000000001,306.2265827782
2711,3873335621003,"[""hex-band"",32,1,4]",132.59999999999999,306.2265827782
2712,185347691842737,"[""hex-band"",32,1,5]",121.55,306.2265827782
2713,203093987693817,"[""hex-band"",32,1,6]",110.5,306.2265827782
2714,126913119409251,"[""hex-band"",32,1,7]",99.450000000000003,306.2265827782
2715,20292995706693,"[""hex-band"",32,1,8]",88.400000000000006,306.2265827782
2716,26323384921027,"[""hex-band"",32,1,9]",77.349999999999994,306.2265827782
2717,141299147212795,"[""hex-band"",32,1,10]",66.299999999999997,306.2265827782
2718,257882487253839,"[""hex-band"",32,1,11]",55.25,306.2265827782
2719,88046986693401,"[""hex-band"",32,1,12]",44.200000000000003,306.2265827782
2720,181161398392393,"[""hex-band"",32,1,13]",33.149999999999999,306.2265827782
2721,27371058700823,"[""hex-band"",32,1,14]",22.100000000000001,306.2265827782
2722,105348318570235,"[""hex-band"",32,1,15]",11.050000000000001,306.2265827782
2723,204661891931008,"[""hex-band"",32,1,16]",0,306.2265827782
2724,243193116744938,"[""hex-band"",32,1,17]",-11.050000000000001,306.2265827782
2725,65652918424116,"[""hex-band"",32,1,18]",-22.100000000000001,306.2265827782
2726,188231852298471,"[""hex-band"",32,1,19]",-33.149999999999999,306.2265827782
2727,204659999024935,"[""hex-band"",32,1,20]",-44.200000000000003,306.2265827782
2728,140931420243406,"[""hex-band"",32,1,21]",-55.25,306.2265827782
2729,33041738530283,"[""hex-band"",32,1,22]",-66.299999999999997,306.2265827782
2730,33991069097952,"[""hex-band"",32,1,23]",-77.349999999999994,306.2265827782
2731,262730077810695,"[""hex-band"",32,1,24]",-88.400000000000006,306.2265827782
2732,212250976510474,"[""hex-band"",32,1,25]",-99.450000000000003,306.2265827782
2733,207460794012936,"[""hex-band"",32,1,26]",-110.5,306.2265827782
2734,9128574063477,"[""hex-band"",32,1,27]",-121.55,306.2265827782
2735,263956332834068,"[""hex-band"",32,1,28]",-132.59999999999999,306.2265827782
2736,273322731517574,"[""hex-band"",32,1,29]",-143.65000000000001,306.2265827782
2737,13746134038045,"[""hex-band"",32,1,30]",-154.69999999999999,306.2265827782
2738,252284452221564,"[""hex-band"",32,1,31]",-165.75,306.2265827782
2739,52466378246255,"[""hex-band"",32,2,1]",-182.32499999999999,296.65700206640003
2740,138076102607411,"[""hex-band"",32,2,2]",-187.84999999999999,287.08742135450001
2741,160478871822838,"[""hex-band"",32,2,3]",-193.375,277.51784064269998
2742,207372633535471,"[""hex-band"",32,2,4]",-198.90000000000001,267.94825993090001
2743,240714881828495,"[""hex-band"",32,2,5]",-204.42500000000001,258.37867921909998
2744,61304747769953,"[""hex-band"",32,2,6]",-209.94999999999999,248.80909850730001
2745,173003147132172,"[""hex-band"",32,2,7]",-215.47499999999999,239.23951779550001
2746,168229310791375,"[""hex-band"",32,2,8]",-221,229.66993708359999
2747,73769543281061,"[""hex-band"",32,2,9]",-226.52500000000001,220.10035637179999
2748,66441827998627,"[""hex-band"",32,2,10]",-232.05000000000001,210.53077565999999
2749,24184592093396,"[""hex-band"",32,2,11]",-237.57499999999999,200.96119494819999
2750,133835167677600,"[""hex-band"",32,2,12]",-243.09999999999999,191.39161423639999
2751,260744713724296,"[""hex-band"",32,2,13]",-248.625,181.8220335245
2752,266134807100801,"[""hex-band"",32,2,14]",-254.15000000000001,172.2524528127
2753,267880994551154,"[""hex-band"",32,2,15]",-259.67500000000001,162.6828721009
2754,56353756868798,"[""hex-band"",32,2,16]",-265.19999999999999,153.1132913891
2755,136516058854727,"[""hex-band"",32,2,17]",-270.72500000000002,143.5437106773
2756,131339389931272,"[""hex-band"",32,2,18]",-276.25,133.9741299655
2757,82220291165009,"[""hex-band"",32,2,19]",-281.77499999999998,124.4045492536
2758,179624977962512,"[""hex-band"",32,2,20]",-287.30000000000001,114.8349685418
2759,37500256728522,"[""hex-band"",32,2,21]",-292.82499999999999,105.26538782999999
2760,29756753661177,"[""hex-band"",32,2,22]",-298.35000000000002,95.695807118199994
2761,58883001028370,"[""hex-band"",32,2,23]",-303.875,86.126226406399994
2762,245798890890959,"[""hex-band"",32,2,24]",-309.39999999999998,76.556645694500006
2763,70688135324562,"[""hex-band"",32,2,25]",-314.92500000000001,66.987064982700005
2764,49717173358770,"[""hex-band"",32,2,26]",-320.44999999999999,57.417484270899998
2765,78939970763431,"[""hex-band"",32,2,27]",-325.97500000000002,47.847903559099997
2766,31764916939245,"[""hex-band"",32,2,28]",-331.5,38.278322847299997
2767,46651103893261,"[""hex-band"",32,2,29]",-337.02499999999998,28.7087421355
2768,264345901611772,"[""hex-band"",32,2,30]",-342.55000000000001,19.139161423600001
2769,271797763184235,"[""hex-band"",32,2,31]",-348.07499999999999,9.5695807118000005
2770,251709290596588,"[""hex-band"",32,3,1]",-348.07499999999999,-9.5695807118000005
2771,38622016236053,"[""hex-band"",32,3,2]",-342.55000000000001,-19.139161423600001
2772,96576509982912,"[""hex-band"",32,3,3]",-337.02499999999998,-28.7087421355
2773,38309578036311,"[""hex-band"",32,3,4]",-331.5,-38.278322847299997
2774,167520582456100,"[""hex-band"",32,3,5]",-325.97500000000002,-47.847903559099997
2775,203154745613552,"[""hex-band"",32,3,6]",-320.44999999999999,-57.417484270899998
2776,234744544747849,"[""hex-band"",32,3,7]",-314.92500000000001,-66.987064982700005
2777,240377959107277,"[""hex-band"",32,3,8]",-309.39999999999998,-76.556645694500006
2778,205771560083409,"[""hex-band"",32,3,9]",-303.875,-86.126226406399994
2779,43606643590508,"[""hex-band"",32,3,10]",-298.35000000000002,-95.695807118199994
2780,19071947637416,"[""hex-band"",32,3,11]",-292.82499999999999,-105.26538782999999
2781,222322209343724,"[""hex-band"",32,3,12]",-287.30000000000001,-114.8349685418
2782,135868420598885,"[""hex-band"",32,3,13]",-281.77499999999998,-124.4045492536
2783,257184433232332,"[""hex-band"",32,3,14]",-276.25,-133.9741299655
2784,250034881458540,"[""hex-band"",32,3,15]",-270.72500000000002,-143.5437106773
2785,203960323296465,"[""hex-band"",32,3,16]",-265.19999999999999,-153.1132913891
2786,118161795467655,"[""hex-band"",32,3,17]",-259.67500000000001,-162.6828721009
2787,204458042817255,"[""hex-band"",32,3,18]",-254.15000000000001,-172.2524528127
2788,257722876268714,"[""hex-band"",32,3,19]",-248.625,-181.8220335245
2789,271682617117611,"[""hex-band"",32,3,20]",-243.09999999999999,-191.39161423639999
2790,79654228211172,"[""hex-band"",32,3,21]",-237.57499999999999,-200.96119494819999
2791,102903409106468,"[""hex-band"",32,3,22]",-232.05000000000001,-210.53077565999999
2792,72198184129461,"[""hex-band"",32,3,23]",-226.52500000000001,-220.10035637179999
2793,174665320240823,"[""hex-band"",32,3,24]",-221,-229.66993708359999
2794,114227557786433,"[""hex-band"",32,3,25]",-215.47499999999999,-239.23951779550001
2795,130127227267003,"[""hex-band"",32,3,26]",-209.94999999999999,-248.80909850730001
2796,250718913729246,"[""hex-band"",32,3,27]",-204.42500000000001,-258.37867921909998
2797,197694424651562,"[""hex-band"",32,3,28]",-198.90000000000001,-267.94825993090001
2798,237684043271446,"[""hex-band"",32,3,29]",-193.375,-277.51784064269998
2799,196225048514702,"[""hex-band"",32,3,30]",-187.84999999999999,-287.08742135450001
2800,20230711656605,"[""hex-band"",32,3,31]",-182.32499999999999,-296.65700206640003
2801,193738722162018,"[""hex-band"",32,4,1]",-165.75,-306.2265827782
2802,256736699980991,"[""hex-band"",32,4,2]",-154.69999999999999,-306.2265827782
2803,162746337479658,"[""hex-band"",32,4,3]",-143.65000000000001,-306.2265827782
2804,143589793200306,"[""hex-band"",32,4,4]",-132.59999999999999,-306.2265827782
2805,279617349259528,"[""hex-band"",32,4,5]",-121.55,-306.2265827782
2806,169221077728121,"[""hex-band"",32,4,6]",-110.5,-306.2265827782
2807,119766194927796,"[""hex-band"",32,4,7]",-99.450000000000003,-306.2265827782
2808,280850099307416,"[""hex-band"",32,4,8]",-88.400000000000006,-306.2265827782
2809,154244215162230,"[""hex-band"",32,4,9]",-77.349999999999994,-306.2265827782
2810,67217519991530,"[""hex-band"",32,4,10]",-66.299999999999997,-306.2265827782
2811,47922603701172,"[""hex-band"",32,4,11]",-55.25,-306.2265827782
2812,104629160195277,"[""hex-band"",32,4,12]",-44.200000000000003,-306.2265827782
2813,15103265914644,"[""hex-band"",32,4,13]",-33.149999999999999,-306.2265827782
2814,268402067608876,"[""hex-band"",32,4,14]",-22.100000000000001,-306.2265827782
2815,237827019045215,"[""hex-band"",32,4,15]",-11.050000000000001,-306.2265827782
2816,243528092865899,"[""hex-band"",32,4,16]",-0,-306.2265827782
2817,128867988820922,"[""hex-band"",32,4,17]",11.050000000000001,-306.2265827782
2818,81177437040541,"[""hex-band"",32,4,18]",22.100000000000001,-306.2265827782
2819,118504325102298,"[""hex-band"",32,4,19]",33.149999999999999,-306.2265827782
2820,21068855723401,"[""hex-band"",32,4,20]",44.200000000000003,-306.2265827782
2821,263972757238809,"[""hex-band"",32,4,21]",55.25,-306.2265827782
2822,206423535407454,"[""hex-band"",32,4,22]",66.299999999999997,-306.2265827782
2823,115459419364672,"[""hex-band"",32,4,23]",77.349999999999994,-306.2265827782
2824,34188298985161,"[""hex-band"",32,4,24]",88.400000000000006,-306.2265827782
2825,217710342640203,"[""hex-band"",32,4,25]",99.450000000000003,-306.2265827782
2826,72366064008247,"[""hex-band"",32,4,26]",110.5,-306.2265827782
2827,78424834970760,"[""hex-band"",32,4,27]",121.55,-306.2265827782
2828,9077535114986,"[""hex-band"",32,4,28]",132.59999999999999,-306.2265827782
2829,252025582813945,"[""hex-band"",32,4,29]",143.65000000000001,-306.2265827782
2830,236606737741655,"[""hex-band"",32,4,30]",154.69999999999999,-306.2265827782
2831,274004635140163,"[""hex-band"",32,4,31]",165.75,-306.2265827782
2832,272526349667996,"[""hex-band"",32,5,1]",182.32499999999999,-296.65700206640003
2833,223043359744396,"[""hex-band"",32,5,2]",187.84999999999999,-287.08742135450001
2834,28630458853274,"[""hex-band"",32,5,3]",193.375,-277.51784064269998
2835,56798630118451,"[""hex-band"",32,5,4]",198.90000000000001,-267.94825993090001
2836,172703667725532,"[""hex-band"",32,5,5]",204.42500000000001,-258.37867921909998
2837,115650621072301,"[""hex-band"",32,5,6]",209.94999999999999,-248.80909850730001
2838,137400823558216,"[""hex-band"",32,5,7]",215.47499999999999,-239.23951779550001
2839,71837341639407,"[""hex-band"",32,5,8]",221,-229.66993708359999
2840,66076794359376,"[""hex-band"",32,5,9]",226.52500000000001,-220.10035637179999
2841,281247754906529,"[""hex-band"",32,5,10]",232.05000000000001,-210.53077565999999
2842,126537264573495,"[""hex-band"",32,5,11]",237.57499999999999,-200.96119494819999
2843,75016709236383,"[""hex-band"",32,5,12]",243.09999999999999,-191.39161423639999
2844,34276829044318,"[""hex-band"",32,5,13]",248.625,-181.8220335245
2845,93643397029157,"[""hex-band"",32,5,14]",254.15000000000001,-172.2524528127
2846,75235966384260,"[""hex-band"",32,5,15]",259.67500000000001,-162.6828721009
2847,121509596515378,"[""hex-band"",32,5,16]",265.19999999999999,-153.1132913891
2848,220976005505545,"[""hex-band"",32,5,17]",270.72500000000002,-143.5437106773
2849,97943284500385,"[""hex-band"",32,5,18]",276.25,-133.9741299655
2850,135506007467947,"[""hex-band"",32,5,19]",281.77499999999998,-124.4045492536
2851,16711919131012,"[""hex-band"",32,5,20]",287.30000000000001,-114.8349685418
2852,55020418856360,"[""hex-band"",32,5,21]",292.82499999999999,-105.26538782999999
2853,73320057056398,"[""hex-band"",32,5,22]",298.35000000000002,-95.695807118199994
2854,221406160453267,"[""hex-band"",32,5,23]",303.875,-86.126226406399994
2855,84623322427916,"[""hex-band"",32,5,24]",309.39999999999998,-76.556645694500006
2856,73854758680954,"[""hex-band"",32,5,25]",314.92500000000001,-66.987064982700005
2857,101007182263649,"[""hex-band"",32,5,26]",320.44999999999999,-57.417484270899998
2858,68946595195786,"[""hex-band"",32,5,27]",325.97500000000002,-47.847903559099997
2859,281425517352537,"[""hex-band"",32,5,28]",331.5,-38.278322847299997
2860,121836543934910,"[""hex-band"",32,5,29]",337.02499999999998,-28.7087421355
2861,37440788576106,"[""hex-band"",32,5,30]",342.55000000000001,-19.139161423600001
2862,19365023258044,"[""hex-band"",32,5,31]",348.07499999999999,-9.5695807118000005
2863,178782500998885,"[""hex-band"",33,0,3]",348.07499999999999,28.7087421355
2864,84946854618841,"[""hex-band"",33,0,4]",342.55000000000001,38.278322847299997
2865,85482564479689,"[""hex-band"",33,0,5]",337.02499999999998,47.847903559099997
2866,62572337995040,"[""hex-band"",33,0,6]",331.5,57.417484270899998
2867,116484590174393,"[""hex-band"",33,0,7]",325.97500000000002,66.987064982700005
2868,232055013626807,"[""hex-band"",33,0,8]",320.44999999999999,76.556645694500006
2869,236993308822652,"[""hex-band"",33,0,9]",314.92500000000001,86.126226406399994
2870,182779056239304,"[""hex-band"",33,0,10]",309.39999999999998,95.695807118199994
2871,160054415288373,"[""hex-band"",33,0,11]",303.875,105.26538782999999
2872,19776037858515,"[""hex-band"",33,0,12]",298.35000000000002,114.8349685418
2873,69266696493335,"[""hex-band"",33,0,13]",292.82499999999999,124.4045492536
2874,257266265047165,"[""hex-band"",33,0,14]",287.30000000000001,133.9741299655
2875,217433327453478,"[""hex-band"",33,0,15]",281.77499999999998,143.5437106773
2876,1259350294151,"[""hex-band"",33,0,16]",276.25,153.1132913891
2877,229223953333444,"[""hex-band"",33,0,17]",270.72500000000002,162.6828721009
2878,57324497189921,"[""hex-band"",33,0,18]",265.19999999999999,172.2524528127
2879,219465544374382,"[""hex-band"",33,0,19]",259.67500000000001,181.8220335245
2880,243213593078093,"[""hex-band"",33,0,20]",254.15000000000001,191.39161423639999
2881,35808683157302,"[""hex-band"",33,0,21]",248.625,200.96119494819999
2882,77037160073251,"[""hex-band"",33,0,22]",243.09999999999999,210.53077565999999
2883,182021357538245,"[""hex-band"",33,0,23]",237.57499999999999,220.10035637179999
2884,264335425098559,"[""hex-band"",33,0,24]",232.05000000000001,229.66993708359999
2885,60855831790706,"[""hex-band"",33,0,25]",226.52500000000001,239.23951779550001
2886,48815475710121,"[""hex-band"",33,0,26]",221,248.80909850730001
2887,51745918278386,"[""hex-band"",33,0,27]",215.47499999999999,258.37867921909998
2888,170430604098911,"[""hex-band"",33,0,28]",209.94999999999999,267.94825993090001
2889,212123756838146,"[""hex-band"",33,0,29]",204.42500000000001,277.51784064269998
2890,82406280482754,"[""hex-band"",33,0,30]",198.90000000000001,287.08742135450001
2891,51003963995797,"[""hex-band"",33,1,3]",149.17500000000001,315.79616349000003
2892,229859084703650,"[""hex-band"",33,1,4]",138.125,315.79616349000003
2893,261152160065744,"[""hex-band"",33,1,5]",127.075,315.79616349000003
2894,118749321686630,"[""hex-band"",33,1,6]",116.02500000000001,315.79616349000003
2895,110561362474726,"[""hex-band"",33,1,7]",104.97499999999999,315.79616349000003
2896,43606011448079,"[""hex-band"",33,1,8]",93.924999999999997,315.79616349000003
2897,243956627578119,"[""hex-band"",33,1,9]",82.875,315.79616349000003
2898,244442049990195,"[""hex-band"",33,1,10]",71.825000000000003,315.79616349000003
2899,50590781974068,"[""hex-band"",33,1,11]",60.774999999999999,315.79616349000003
2900,229451740235782,"[""hex-band"",33,1,12]",49.725000000000001,315.79616349000003
2901,195923268608351,"[""hex-band"",33,1,13]",38.674999999999997,315.79616349000003
2902,132441556286760,"[""hex-band"",33,1,14]",27.625,315.79616349000003
2903,184575209530852,"[""hex-band"",33,1,15]",16.574999999999999,315.79616349000003
2904,199313936555418,"[""hex-band"",33,1,16]",5.5250000000000004,315.79616349000003
2905,133290472626565,"[""hex-band"",33,1,17]",-5.5250000000000004,315.79616349000003
2906,115743866705683,"[""hex-band"",33,1,18]",-16.574999999999999,315.79616349000003
2907,246412952992151,"[""hex-band"",33,1,19]",-27.625,315.79616349000003
2908,48194953253397,"[""hex-band"",33,1,20]",-38.674999999999997,315.79616349000003
2909,246829039817568,"[""hex-band"",33,1,21]",-49.725000000000001,315.79616349000003
2910,145327456071176,"[""hex-band"",33,1,22]",-60.774999999999999,315.79616349000003
2911,172140791820912,"[""hex-band"",33,1,23]",-71.825000000000003,315.79616349000003
2912,60427695086804,"[""hex-band"",33,1,24]",-82.875,315.79616349000003
2913,134695776604266,"[""hex-band"",33,1,25]",-93.924999999999997,315.79616349000003
2914,240753516638232,"[""hex-band"",33,1,26]",-104.97499999999999,315.79616349000003
2915,121553579202913,"[""hex-band"",33,1,27]",-116.02500000000001,315.79616349000003
2916,191231476554494,"[""hex-band"",33,1,28]",-127.075,315.79616349000003
2917,234213088778391,"[""hex-band"",33,1,29]",-138.125,315.79616349000003
2918,128752439987575,"[""hex-band"",33,1,30]",-149.17500000000001,315.79616349000003
2919,39394435948455,"[""hex-band"",33,2,3]",-198.90000000000001,287.08742135450001
2920,112146550068514,"[""hex-band"",33,2,4]",-204.42500000000001,277.51784064269998
2921,93131340933561,"[""hex-band"",33,2,5]",-209.94999999999999,267.94825993090001
2922,52819020468172,"[""hex-band"",33,2,6]",-215.47499999999999,258.37867921909998
2923,69110098032935,"[""hex-band"",33,2,7]",-221,248.80909850730001
2924,159673271317927,"[""hex-band"",33,2,8]",-226.52500000000001,239.23951779550001
2925,36296775057083,"[""hex-band"",33,2,9]",-232.05000000000001,229.66993708359999
2926,145107898736390,"[""hex-band"",33,2,10]",-237.57499999999999,220.10035637179999
2927,221989145655405,"[""hex-band"",33,2,11]",-243.09999999999999,210.53077565999999
2928,20125028821049,"[""hex-band"",33,2,12]",-248.625,200.96119494819999
2929,239373628091953,"[""hex-band"",33,2,13]",-254.15000000000001,191.39161423639999
2930,183320577857832,"[""hex-band"",33,2,14]",-259.67500000000001,181.8220335245
2931,274200358621209,"[""hex-band"",33,2,15]",-265.19999999999999,172.2524528127
2932,146018185393922,"[""hex-band"",33,2,16]",-270.72500000000002,162.6828721009
2933,280978683454947,"[""hex-band"",33,2,17]",-276.25,153.1132913891
2934,124078403609157,"[""hex-band"",33,2,18]",-281.77499999999998,143.5437106773
2935,261198353628138,"[""hex-band"",33,2,19]",-287.30000000000001,133.9741299655
2936,59867564834552,"[""hex-band"",33,2,20]",-292.82499999999999,124.4045492536
2937,53361458494614,"[""hex-band"",33,2,21]",-298.35000000000002,114.8349685418
2938,240747561572311,"[""hex-band"",33,2,22]",-303.875,105.26538782999999
2939,14688822944280,"[""hex-band"",33,2,23]",-309.39999999999998,95.695807118199994
2940,78098082719850,"[""hex-band"",33,2,24]",-314.92500000000001,86.126226406399994
2941,278839755888013,"[""hex-band"",33,2,25]",-320.44999999999999,76.556645694500006
2942,223197202237387,"[""hex-band"",33,2,26]",-325.97500000000002,66.987064982700005
2943,253405294058175,"[""hex-band"",33,2,27]",-331.5,57.417484270899998
2944,32767330125006,"[""hex-band"",33,2,28]",-337.02499999999998,47.847903559099997
2945,191652199935295,"[""hex-band"",33,2,29]",-342.55000000000001,38.278322847299997
2946,268111596309536,"[""hex-band"",33,2,30]",-348.07499999999999,28.7087421355
2947,47518154515663,"[""hex-band"",33,3,3]",-348.07499999999999,-28.7087421355
2948,22357952857684,"[""hex-band"",33,3,4]",-342.55000000000001,-38.278322847299997
2949,107659373696620,"[""hex-band"",33,3,5]",-337.02499999999998,-47.847903559099997
2950,258091660775657,"[""hex-band"",33,3,6]",-331.5,-57.417484270899998
2951,165168322586651,"[""hex-band"",33,3,7]",-325.97500000000002,-66.987064982700005
2952,99591191521171,"[""hex-band"",33,3,8]",-320.44999999999999,-76.556645694500006
2953,277085422046148,"[""hex-band"",33,3,9]",-314.92500000000001,-86.126226406399994
2954,249222596894971,"[""hex-band"",33,3,10]",-309.39999999999998,-95.695807118199994
2955,142543601209973,"[""hex-band"",33,3,11]",-303.875,-105.26538782999999
2956,26820026545349,"[""hex-band"",33,3,12]",-298.35000000000002,-114.8349685418
2957,208566290325374,"[""hex-band"",33,3,13]",-292.82499999999999,-124.4045492536
2958,51826730595906,"[""hex-band"",33,3,14]",-287.30000000000001,-133.9741299655
2959,120872464781452,"[""hex-band"",33,3,15]",-281.77499999999998,-143.5437106773
2960,234469456361399,"[""hex-band"",33,3,16]",-276.25,-153.1132913891
2961,217043036596275,"[""hex-band"",33,3,17]",-270.72500000000002,-162.6828721009
2962,71978752894290,"[""hex-band"",33,3,18]",-265.19999999999999,-172.2524528127
2963,278270251993938,"[""hex-band"",33,3,19]",-259.67500000000001,-181.8220335245
2964,222016032568511,"[""hex-band"",33,3,20]",-254.15000000000001,-191.39161423639999
2965,266214129410777,"[""hex-band"",33,3,21]",-248.625,-200.96119494819999
2966,16042564858935,"[""hex-band"",33,3,22]",-243.09999999999999,-210.53077565999999
2967,258411513698151,"[""hex-band"",33,3,23]",-237.57499999999999,-220.10035637179999
2968,26835029732465,"[""hex-band"",33,3,24]",-232.05000000000001,-229.66993708359999
2969,9625993751583,"[""hex-band"",33,3,25]",-226.52500000000001,-239.23951779550001
2970,10536594751227,"[""hex-band"",33,3,26]",-221,-248.80909850730001
2971,12946940460044,"[""hex-band"",33,3,27]",-215.47499999999999,-258.37867921909998
2972,209220630720489,"[""hex-band"",33,3,28]",-209.94999999999999,-267.94825993090001
2973,202641435150441,"[""hex-band"",33,3,29]",-204.42500000000001,-277.51784064269998
2974,224175928706898,"[""hex-band"",33,3,30]",-198.90000000000001,-287.08742135450001
2975,226301456166136,"[""hex-band"",33,4,3]",-149.17500000000001,-315.79616349000003
2976,2552019372482,"[""hex-band"",33,4,4]",-138.125,-315.79616349000003
2977,173784609298661,"[""hex-band"",33,4,5]",-127.075,-315.79616349000003
2978,104424753884242,"[""hex-band"",33,4,6]",-116.02500000000001,-315.79616349000003
2979,8306286302756,"[""hex-band"",33,4,7]",-104.97499999999999,-315.79616349000003
2980,31299796313440,"[""hex-band"",33,4,8]",-93.924999999999997,-315.79616349000003
2981,32148318619927,"[""hex-band"",33,4,9]",-82.875,-315.79616349000003
2982,157723284021814,"[""hex-band"",33,4,10]",-71.825000000000003,-315.79616349000003
2983,260696431755081,"[""hex-band"",33,4,11]",-60.774999999999999,-315.79616349000003
2984,161959410377844,"[""hex-band"",33,4,12]",-49.725000000000001,-315.79616349000003
2985,268063307648569,"[""hex-band"",33,4,13]",-38.674999999999997,-315.79616349000003
2986,19549631899482,"[""hex-band"",33,4,14]",-27.625,-315.79616349000003
2987,19072755596268,"[""hex-band"",33,4,15]",-16.574999999999999,-315.79616349000003
2988,175768703174714,"[""hex-band"",33,4,16]",-5.5250000000000004,-315.79616349000003
2989,187071990770793,"[""hex-band"",33,4,17]",5.5250000000000004,-315.79616349000003
2990,13555516851410,"[""hex-band"",33,4,18]",16.574999999999999,-315.79616349000003
2991,272079457893028,"[""hex-band"",33,4,19]",27.625,-315.79616349000003
2992,97648491283022,"[""hex-band"",33,4,20]",38.674999999999997,-315.79616349000003
2993,79991465539217,"[""hex-band"",33,4,21]",49.725000000000001,-315.79616349000003
2994,92162108237887,"[""hex-band"",33,4,22]",60.774999999999999,-315.79616349000003
2995,168223192617368,"[""hex-band"",33,4,23]",71.825000000000003,-315.79616349000003
2996,208607916576421,"[""hex-band"",33,4,24]",82.875,-315.79616349000003
2997,130050548614564,"[""hex-band"",33,4,25]",93.924999999999997,-315.79616349000003
2998,183283556066376,"[""hex-band"",33,4,26]",104.97499999999999,-315.79616349000003
2999,32230469462083,"[""hex-band"",33,4,27]",116.02500000000001,-315.79616349000003
3000,47508135451848,"[""hex-band"",33,4,28]",127.075,-315.79616349000003
3001,270818659901824,"[""hex-band"",33,4,29]",138.125,-315.79616349000003
3002,242304985437486,"[""hex-band"",33,4,30]",149.17500000000001,-315.79616349000003
3003,112034522419648,"[""hex-band"",33,5,3]",198.90000000000001,-287.08742135450001
3004,174012576069729,"[""hex-band"",33,5,4]",204.42500000000001,-277.51784064269998
3005,49953620343369,"[""hex-band"",33,5,5]",209.94999999999999,-267.94825993090001
3006,43048064972359,"[""hex-band"",33,5,6]",215.47499999999999,-258.37867921909998
3007,208397057039253,"[""hex-band"",33,5,7]",221,-248.80909850730001
3008,174217414958723,"[""hex-band"",33,5,8]",226.52500000000001,-239.23951779550001
3009,25784490912632,"[""hex-band"",33,5,9]",232.05000000000001,-229.66993708359999
3010,226899873214647,"[""hex-band"",33,5,10]",237.57499999999999,-220.10035637179999
3011,266252201272777,"[""hex-band"",33,5,11]",243.09999999999999,-210.53077565999999
3012,100811242408466,"[""hex-band"",33,5,12]",248.625,-200.96119494819999
3013,217551855377035,"[""hex-band"",33,5,13]",254.15000000000001,-191.39161423639999
3014,195525420778985,"[""hex-band"",33,5,14]",259.67500000000001,-181.8220335245
3015,159885236521288,"[""hex-band"",33,5,15]",265.19999999999999,-172.2524528127
3016,3432552840601,"[""hex-band"",33,5,16]",270.72500000000002,-162.6828721009
3017,34435143417064,"[""hex-band"",33,5,17]",276.25,-153.1132913891
3018,39389059514206,"[""hex-band"",33,5,18]",281.77499999999998,-143.5437106773
3019,102490226070103,"[""hex-band"",33,5,19]",287.30000000000001,-133.9741299655
3020,255600467360484,"[""hex-band"",33,5,20]",292.82499999999999,-124.4045492536
3021,167898786245082,"[""hex-band"",33,5,21]",298.35000000000002,-114.8349685418
3022,127350439833770,"[""hex-band"",33,5,22]",303.875,-105.26538782999999
3023,147035903447721,"[""hex-band"",33,5,23]",309.39999999999998,-95.695807118199994
3024,97127840136559,"[""hex-band"",33,5,24]",314.92500000000001,-86.126226406399994
3025,54126240379243,"[""hex-band"",33,5,25]",320.44999999999999,-76.556645694500006
3026,84925035803418,"[""hex-band"",33,5,26]",325.97500000000002,-66.987064982700005
3027,173565373064911,"[""hex-band"",33,5,27]",331.5,-57.417484270899998
3028,140332001808891,"[""hex-band"",33,5,28]",337.02499999999998,-47.847903559099997
3029,68863755969182,"[""hex-band"",33,5,29]",342.55000000000001,-38.278322847299997
3030,181042007104605,"[""hex-band"",33,5,30]",348.07499999999999,-28.7087421355
3031,242183997223096,"[""hex-band"",34,0,6]",342.55000000000001,57.417484270899998
3032,253524272384120,"[""hex-band"",34,0,7]",337.02499999999998,66.987064982700005
3033,109655851748224,"[""hex-band"",34,0,8]",331.5,76.556645694500006
3034,42887496079473,"[""hex-band"",34,0,9]",325.97500000000002,86.126226406399994
3035,30489513120218,"[""hex-band"",34,0,10]",320.44999999999999,95.695807118199994
3036,209059242673609,"[""hex-band"",34,0,11]",314.92500000000001,105.26538782999999
3037,260956680507564,"[""hex-band"",34,0,12]",309.39999999999998,114.8349685418
3038,266052300814365,"[""hex-band"",34,0,13]",303.875,124.4045492536
3039,4535353101909,"[""hex-band"",34,0,14]",298.35000000000002,133.9741299655
3040,102632351166259,"[""hex-band"",34,0,15]",292.82499999999999,143.5437106773
3041,275165588195546,"[""hex-band"",34,0,16]",287.30000000000001,153.1132913891
3042,226523432713628,"[""hex-band"",34,0,17]",281.77499999999998,162.6828721009
3043,147334605130333,"[""hex-band"",34,0,18]",276.25,172.2524528127
3044,44106286819726,"[""hex-band"",34,0,19]",270.72500000000002,181.8220335245
3045,160522517277634,"[""hex-band"",34,0,20]",265.19999999999999,191.39161423639999
3046,95245627910000,"[""hex-band"",34,0,21]",259.67500000000001,200.96119494819999
3047,163060510364033,"[""hex-band"",34,0,22]",254.15000000000001,210.53077565999999
3048,54945749515436,"[""hex-band"",34,0,23]",248.625,220.10035637179999
3049,26203532668874,"[""hex-band"",34,0,24]",243.09999999999999,229.66993708359999
3050,168818024866729,"[""hex-band"",34,0,25]",237.57499999999999,239.23951779550001
3051,206109705784480,"[""hex-band"",34,0,26]",232.05000000000001,248.80909850730001
3052,256423902171866,"[""hex-band"",34,0,27]",226.52500000000001,258.37867921909998
3053,104935540283887,"[""hex-band"",34,0,28]",221,267.94825993090001
3054,281078993081280,"[""hex-band"",34,1,6]",121.55,325.3657442018
3055,18667160506640,"[""hex-band"",34,1,7]",110.5,325.3657442018
3056,119557747922328,"[""hex-band"",34,1,8]",99.450000000000003,325.3657442018
3057,232852185895183,"[""hex-band"",34,1,9]",88.400000000000006,325.3657442018
3058,42153092612826,"[""hex-band"",34,1,10]",77.349999999999994,325.3657442018
3059,18260393670168,"[""hex-band"",34,1,11]",66.299999999999997,325.3657442018
3060,244917382412013,"[""hex-band"",34,1,12]",55.25,325.3657442018
3061,52369203734759,"[""hex-band"",34,1,13]",44.200000000000003,325.3657442018
3062,224020741635293,"[""hex-band"",34,1,14]",33.149999999999999,325.3657442018
3063,172960336946895,"[""hex-band"",34,1,15]",22.100000000000001,325.3657442018
3064,209258842195282,"[""hex-band"",34,1,16]",11.050000000000001,325.3657442018
3065,178699500846945,"[""hex-band"",34,1,17]",0,325.3657442018
3066,208153489978075,"[""hex-band"",34,1,18]",-11.050000000000001,325.3657442018
3067,123104171522900,"[""hex-band"",34,1,19]",-22.100000000000001,325.3657442018
3068,93725857769091,"[""hex-band"",34,1,20]",-33.149999999999999,325.3657442018
3069,116137552732497,"[""hex-band"",34,1,21]",-44.200000000000003,325.3657442018
3070,192846692953970,"[""hex-band"",34,1,22]",-55.25,325.3657442018
3071,78784380173847,"[""hex-band"",34,1,23]",-66.299999999999997,325.3657442018
3072,90123627367842,"[""hex-band"",34,1,24]",-77.349999999999994,325.3657442018
3073,246184371813948,"[""hex-band"",34,1,25]",-88.400000000000006,325.3657442018
3074,254143086863904,"[""hex-band"",34,1,26]",-99.450000000000003,325.3657442018
3075,41874835103582,"[""hex-band"",34,1,27]",-110.5,325.3657442018
3076,57664048487760,"[""hex-band"",34,1,28]",-121.55,325.3657442018
3077,20953688959674,"[""hex-band"",34,2,6]",-221,267.94825993090001
3078,75318429988256,"[""hex-band"",34,2,7]",-226.52500000000001,258.37867921909998
3079,73892985454977,"[""hex-band"",34,2,8]",-232.05000000000001,248.80909850730001
3080,196740081581848,"[""hex-band"",34,2,9]",-237.57499999999999,239.23951779550001
3081,238728215239668,"[""hex-band"",34,2,10]",-243.09999999999999,229.66993708359999
3082,224437563814471,"[""hex-band"",34,2,11]",-248.625,220.10035637179999
3083,256425797285420,"[""hex-band"",34,2,12]",-254.15000000000001,210.53077565999999
3084,224264735459355,"[""hex-band"",34,2,13]",-259.67500000000001,200.96119494819999
3085,245460474530440,"[""hex-band"",34,2,14]",-265.19999999999999,191.39161423639999
3086,196136334658298,"[""hex-band"",34,2,15]",-270.72500000000002,181.8220335245
3087,41922794110883,"[""hex-band"",34,2,16]",-276.25,172.2524528127
3088,248210922232778,"[""hex-band"",34,2,17]",-281.77499999999998,162.6828721009
3089,256974775032990,"[""hex-band"",34,2,18]",-287.30000000000001,153.1132913891
3090,74641492942580,"[""hex-band"",34,2,19]",-292.82499999999999,143.5437106773
3091,9707505593210,"[""hex-band"",34,2,20]",-298.35000000000002,133.9741299655
3092,78730957963749,"[""hex-band"",34,2,21]",-303.875,124.4045492536
3093,111714331506604,"[""hex-band"",34,2,22]",-309.39999999999998,114.8349685418
3094,21627123301625,"[""hex-band"",34,2,23]",-314.92500000000001,105.26538782999999
3095,246677112332110,"[""hex-band"",34,2,24]",-320.44999999999999,95.695807118199994
3096,42895088480054,"[""hex-band"",34,2,25]",-325.97500000000002,86.126226406399994
3097,142222498295630,"[""hex-band"",34,2,26]",-331.5,76.556645694500006
3098,264947459547811,"[""hex-band"",34,2,27]",-337.02499999999998,66.987064982700005
3099,133266021896828,"[""hex-band"",34,2,28]",-342.55000000000001,57.417484270899998
3100,219567123745961,"[""hex-band"",34,3,6]",-342.55000000000001,-57.417484270899998
3101,114504121914413,"[""hex-band"",34,3,7]",-337.02499999999998,-66.987064982700005
3102,18507076851836,"[""hex-band"",34,3,8]",-331.5,-76.556645694500006
3103,276554208946271,"[""hex-band"",34,3,9]",-325.97500000000002,-86.126226406399994
3104,186747821742928,"[""hex-band"",34,3,10]",-320.44999999999999,-95.695807118199994
3105,41991644553033,"[""hex-band"",34,3,11]",-314.92500000000001,-105.26538782999999
3106,229839385988830,"[""hex-band"",34,3,12]",-309.39999999999998,-114.8349685418
3107,183487812800276,"[""hex-band"",34,3,13]",-303.875,-124.4045492536
3108,51211665189574,"[""hex-band"",34,3,14]",-298.35000000000002,-133.9741299655
3109,227000786128952,"[""hex-band"",34,3,15]",-292.82499999999999,-143.5437106773
3110,232801765383682,"[""hex-band"",34,3,16]",-287.30000000000001,-153.1132913891
3111,63756915949646,"[""hex-band"",34,3,17]",-281.77499999999998,-162.6828721009
3112,204015035271126,"[""hex-band"",34,3,18]",-276.25,-172.2524528127
3113,42701396261200,"[""hex-band"",34,3,19]",-270.72500000000002,-181.8220335245
3114,45585634080361,"[""hex-band"",34,3,20]",-265.19999999999999,-191.39161423639999
3115,2313525519674,"[""hex-band"",34,3,21]",-259.67500000000001,-200.96119494819999
3116,165860116722122,"[""hex-band"",34,3,22]",-254.15000000000001,-210.53077565999999
3117,253890555712729,"[""hex-band"",34,3,23]",-248.625,-220.10035637179999
3118,71633151323579,"[""hex-band"",34,3,24]",-243.09999999999999,-229.66993708359999
3119,174285833070293,"[""hex-band"",34,3,25]",-237.57499999999999,-239.23951779550001
3120,76112712383638,"[""hex-band"",34,3,26]",-232.05000000000001,-248.80909850730001
3121,29979180971919,"[""hex-band"",34,3,27]",-226.52500000000001,-258.37867921909998
3122,136484696197866,"[""hex-band"",34,3,28]",-221,-267.94825993090001
3123,78828460364763,"[""hex-band"",34,4,6]",-121.55,-325.3657442018
3124,114474083200076,"[""hex-band"",34,4,7]",-110.5,-325.3657442018
3125,217658808823350,"[""hex-band"",34,4,8]",-99.450000000000003,-325.3657442018
3126,231840139318144,"[""hex-band"",34,4,9]",-88.400000000000006,-325.3657442018
3127,212265196158968,"[""hex-band"",34,4,10]",-77.349999999999994,-325.3657442018
3128,197848625471784,"[""hex-band"",34,4,11]",-66.299999999999997,-325.3657442018
3129,50451096116245,"[""hex-band"",34,4,12]",-55.25,-325.3657442018
3130,40302090771100,"[""hex-band"",34,4,13]",-44.200000000000003,-325.3657442018
3131,94989108522293,"[""hex-band"",34,4,14]",-33.149999999999999,-325.3657442018
3132,142077287676496,"[""hex-band"",34,4,15]",-22.100000000000001,-325.3657442018
3133,265924002558084,"[""hex-band"",34,4,16]",-11.050000000000001,-325.3657442018
3134,166676644451146,"[""hex-band"",34,4,17]",-0,-325.3657442018
3135,102974471732674,"[""hex-band"",34,4,18]",11.050000000000001,-325.3657442018
3136,26450357122138,"[""hex-band"",34,4,19]",22.100000000000001,-325.3657442018
3137,269898475003580,"[""hex-band"",34,4,20]",33.149999999999999,-325.3657442018
3138,56525103728670,"[""hex-band"",34,4,21]",44.200000000000003,-325.3657442018
3139,183435353036262,"[""hex-band"",34,4,22]",55.25,-325.3657442018
3140,233141546250266,"[""hex-band"",34,4,23]",66.299999999999997,-325.3657442018
3141,245138889599809,"[""hex-band"",34,4,24]",77.349999999999994,-325.3657442018
3142,174858272971269,"[""hex-band"",34,4,25]",88.400000000000006,-325.3657442018
3143,13062653857652,"[""hex-band"",34,4,26]",99.450000000000003,-325.3657442018
3144,249813930424945,"[""hex-band"",34,4,27]",110.5,-325.3657442018
3145,217386894077149,"[""hex-band"",34,4,28]",121.55,-325.3657442018
3146,169846712600272,"[""hex-band"",34,5,6]",221,-267.94825993090001
3147,92879541870803,"[""hex-band"",34,5,7]",226.52500000000001,-258.37867921909998
3148,213627499004462,"[""hex-band"",34,5,8]",232.05000000000001,-248.80909850730001
3149,133976154399163,"[""hex-band"",34,5,9]",237.57499999999999,-239.23951779550001
3150,207624300188929,"[""hex-band"",34,5,10]",243.09999999999999,-229.66993708359999
3151,120060908810092,"[""hex-band"",34,5,11]",248.625,-220.10035637179999
3152,175274018197273,"[""hex-band"",34,5,12]",254.15000000000001,-210.53077565999999
3153,215374678460750,"[""hex-band"",34,5,13]",259.67500000000001,-200.96119494819999
3154,142564959579582,"[""hex-band"",34,5,14]",265.19999999999999,-191.39161423639999
3155,231679840279412,"[""hex-band"",34,5,15]",270.72500000000002,-181.8220335245
3156,140430828419319,"[""hex-band"",34,5,16]",276.25,-172.2524528127
3157,219272372085122,"[""hex-band"",34,5,17]",281.77499999999998,-162.6828721009
3158,47241385309595,"[""hex-band"",34,5,18]",287.30000000000001,-153.1132913891
3159,31304856385250,"[""hex-band"",34,5,19]",292.82499999999999,-143.5437106773
3160,175791550991735,"[""hex-band"",34,5,20]",298.35000000000002,-133.9741299655
3161,111628047385328,"[""hex-band"",34,5,21]",303.875,-124.4045492536
3162,182574291429223,"[""hex-band"",34,5,22]",309.39999999999998,-114.8349685418
3163,66667224584175,"[""hex-band"",34,5,23]",314.92500000000001,-105.26538782999999
3164,239565590790127,"[""hex-band"",34,5,24]",320.44999999999999,-95.695807118199994
3165,213444674462987,"[""hex-band"",34,5,25]",325.97500000000002,-86.126226406399994
3166,233024291367046,"[""hex-band"",34,5,26]",331.5,-76.556645694500006
3167,89823980614932,"[""hex-band"",34,5,27]",337.02499999999998,-66.987064982700005
3168,201360843850325,"[""hex-band"",34,5,28]",342.55000000000001,-57.417484270899998
3169,229264036664052,"[""hex-band"",35,0,9]",337.02499999999998,86.126226406399994
3170,211848711120711,"[""hex-band"",35,0,10]",331.5,95.695807118199994
3171,163964666208651,"[""hex-band"",35,0,11]",325.97500000000002,105.26538782999999
3172,228837035357560,"[""hex-band"",35,0,12]",320.44999999999999,114.8349685418
3173,212019199260315,"[""hex-band"",35,0,13]",314.92500000000001,124.4045492536
3174,148795294008043,"[""hex-band"",35,0,14]",309.39999999999998,133.9741299655
3175,143238050489440,"[""hex-band"",35,0,15]",303.875,143.5437106773
3176,206154757680122,"[""hex-band"",35,0,16]",298.35000000000002,153.1132913891
3177,109638329128197,"[""hex-band"",35,0,17]",292.82499999999999,162.6828721009
3178,266443462340190,"[""hex-band"",35,0,18]",287.30000000000001,172.2524528127
3179,100062234339981,"[""hex-band"",35,0,19]",281.77499999999998,181.8220335245
3180,30684932745648,"[""hex-band"",35,0,20]",276.25,191.39161423639999
3181,256266147128372,"[""hex-band"",35,0,21]",270.72500000000002,200.96119494819999
3182,19187296509506,"[""hex-band"",35,0,22]",265.19999999999999,210.53077565999999
3183,26212680418418,"[""hex-band"",35,0,23]",259.67500000000001,220.10035637179999
3184,192267020767675,"[""hex-band"",35,0,24]",254.15000000000001,229.66993708359999
3185,188096401456916,"[""hex-band"",35,0,25]",248.625,239.23951779550001
3186,269851915712131,"[""hex-band"",35,0,26]",243.09999999999999,248.80909850730001
3187,19935125013573,"[""hex-band"",35,1,9]",93.924999999999997,334.93532491360003
3188,113069069837306,"[""hex-band"",35,1,10]",82.875,334.93532491360003
3189,194616077206003,"[""hex-band"",35,1,11]",71.825000000000003,334.93532491360003
3190,218318474169014,"[""hex-band"",35,1,12]",60.774999999999999,334.93532491360003
3191,50447649081504,"[""hex-band"",35,1,13]",49.725000000000001,334.93532491360003
3192,132076490377646,"[""hex-band"",35,1,14]",38.674999999999997,334.93532491360003
3193,171585800531532,"[""hex-band"",35,1,15]",27.625,334.93532491360003
3194,98655078219442,"[""hex-band"",35,1,16]",16.574999999999999,334.93532491360003
3195,44072306043979,"[""hex-band"",35,1,17]",5.5250000000000004,334.93532491360003
3196,96657171249674,"[""hex-band"",35,1,18]",-5.5250000000000004,334.93532491360003
3197,9050804191163,"[""hex-band"",35,1,19]",-16.574999999999999,334.93532491360003
3198,210928657295083,"[""hex-band"",35,1,20]",-27.625,334.93532491360003
3199,218824065690328,"[""hex-band"",35,1,21]",-38.674999999999997,334.93532491360003
3200,196527317330571,"[""hex-band"",35,1,22]",-49.725000000000001,334.93532491360003
3201,165274398824031,"[""hex-band"",35,1,23]",-60.774999999999999,334.93532491360003
3202,186994506369411,"[""hex-band"",35,1,24]",-71.825000000000003,334.93532491360003
3203,274625904193131,"[""hex-band"",35,1,25]",-82.875,334.93532491360003
3204,111241883338921,"[""hex-band"",35,1,26]",-93.924999999999997,334.93532491360003
3205,42415057792172,"[""hex-band"",35,2,9]",-243.09999999999999,248.80909850730001
3206,59111174309308,"[""hex-band"",35,2,10]",-248.625,239.23951779550001
3207,183092993232222,"[""hex-band"",35,2,11]",-254.15000000000001,229.66993708359999
3208,208147204139561,"[""hex-band"",35,2,12]",-259.67500000000001,220.10035637179999
3209,164414419193422,"[""hex-band"",35,2,13]",-265.19999999999999,210.53077565999999
3210,108744154364902,"[""hex-band"",35,2,14]",-270.72500000000002,200.96119494819999
3211,186581323087739,"[""hex-band"",35,2,15]",-276.25,191.39161423639999
3212,36767498835938,"[""hex-band"",35,2,16]",-281.77499999999998,181.8220335245
3213,109924531318365,"[""hex-band"",35,2,17]",-287.30000000000001,172.2524528127
3214,87937322324517,"[""hex-band"",35,2,18]",-292.82499999999999,162.6828721009
3215,249805842076108,"[""hex-band"",35,2,19]",-298.35000000000002,153.1132913891
3216,238180606530324,"[""hex-band"",35,2,20]",-303.875,143.5437106773
3217,4627699197814,"[""hex-band"",35,2,21]",-309.39999999999998,133.9741299655
3218,252344089979108,"[""hex-band"",35,2,22]",-314.92500000000001,124.4045492536
3219,229741297850438,"[""hex-band"",35,2,23]",-320.44999999999999,114.8349685418
3220,20259191199966,"[""hex-band"",35,2,24]",-325.97500000000002,105.26538782999999
3221,88881490007773,"[""hex-band"",35,2,25]",-331.5,95.695807118199994
3222,83754628509401,"[""hex-band"",35,2,26]",-337.02499999999998,86.126226406399994
3223,154569150805332,"[""hex-band"",35,3,9]",-337.02499999999998,-86.126226406399994
3224,232256557013588,"[""hex-band"",35,3,10]",-331.5,-95.695807118199994
3225,268714964175954,"[""hex-band"",35,3,11]",-325.97500000000002,-105.26538782999999
3226,141696129688308,"[""hex-band"",35,3,12]",-320.44999999999999,-114.8349685418
3227,262757182548663,"[""hex-band"",35,3,13]",-314.92500000000001,-124.4045492536
3228,165499397561763,"[""hex-band"",35,3,14]",-309.39999999999998,-133.9741299655
3229,9254812354516,"[""hex-band"",35,3,15]",-303.875,-143.5437106773
3230,87147610334563,"[""hex-band"",35,3,16]",-298.35000000000002,-153.1132913891
3231,124102024882485,"[""hex-band"",35,3,17]",-292.82499999999999,-162.6828721009
3232,15402630019633,"[""hex-band"",35,3,18]",-287.30000000000001,-172.2524528127
3233,229434844364554,"[""hex-band"",35,3,19]",-281.77499999999998,-181.8220335245
3234,3874196319484,"[""hex-band"",35,3,20]",-276.25,-191.39161423639999
3235,46820913201270,"[""hex-band"",35,3,21]",-270.72500000000002,-200.96119494819999
3236,87176857433415,"[""hex-band"",35,3,22]",-265.19999999999999,-210.53077565999999
3237,255787454842446,"[""hex-band"",35,3,23]",-259.67500000000001,-220.10035637179999
3238,143371095262512,"[""hex-band"",35,3,24]",-254.15000000000001,-229.66993708359999
3239,69372764911704,"[""hex-band"",35,3,25]",-248.625,-239.23951779550001
3240,258817684551845,"[""hex-band"",35,3,26]",-243.09999999999999,-248.80909850730001
3241,23760757564364,"[""hex-band"",35,4,9]",-93.924999999999997,-334.93532491360003
3242,119664486207649,"[""hex-band"",35,4,10]",-82.875,-334.93532491360003
3243,70179683289639,"[""hex-band"",35,4,11]",-71.825000000000003,-334.93532491360003
3244,108105288941991,"[""hex-band"",35,4,12]",-60.774999999999999,-334.93532491360003
3245,211382256670332,"[""hex-band"",35,4,13]",-49.725000000000001,-334.93532491360003
3246,56277188928733,"[""hex-band"",35,4,14]",-38.674999999999997,-334.93532491360003
3247,171912652205836,"[""hex-band"",35,4,15]",-27.625,-334.93532491360003
3248,237467417819842,"[""hex-band"",35,4,16]",-16.574999999999999,-334.93532491360003
3249,73683462693768,"[""hex-band"",35,4,17]",-5.5250000000000004,-334.93532491360003
3250,153041481493487,"[""hex-band"",35,4,18]",5.5250000000000004,-334.93532491360003
3251,229196956886180,"[""hex-band"",35,4,19]",16.574999999999999,-334.93532491360003
3252,152578560500957,"[""hex-band"",35,4,20]",27.625,-334.93532491360003
3253,205414906552269,"[""hex-band"",35,4,21]",38.674999999999997,-334.93532491360003
3254,264172786391750,"[""hex-band"",35,4,22]",49.725000000000001,-334.93532491360003
3255,174869690169736,"[""hex-band"",35,4,23]",60.774999999999999,-334.93532491360003
3256,135080340659219,"[""hex-band"",35,4,24]",71.825000000000003,-334.93532491360003
3257,268607840346754,"[""hex-band"",35,4,25]",82.875,-334.93532491360003
3258,249624795034271,"[""hex-band"",35,4,26]",93.924999999999997,-334.93532491360003
3259,77086057903527,"[""hex-band"",35,5,9]",243.09999999999999,-248.80909850730001
3260,203367496603644,"[""hex-band"",35,5,10]",248.625,-239.23951779550001
3261,112807963586128,"[""hex-band"",35,5,11]",254.15000000000001,-229.66993708359999
3262,269648933320436,"[""hex-band"",35,5,12]",259.67500000000001,-220.10035637179999
3263,175964243559733,"[""hex-band"",35,5,13]",265.19999999999999,-210.53077565999999
3264,101351045870533,"[""hex-band"",35,5,14]",270.72500000000002,-200.96119494819999
3265,88345621144478,"[""hex-band"",35,5,15]",276.25,-191.39161423639999
3266,275950134089450,"[""hex-band"",35,5,16]",281.77499999999998,-181.8220335245
3267,15022349514496,"[""hex-band"",35,5,17]",287.30000000000001,-172.2524528127
3268,54923580039587,"[""hex-band"",35,5,18]",292.82499999999999,-162.6828721009
3269,168033844467997,"[""hex-band"",35,5,19]",298.35000000000002,-153.1132913891
3270,248780569805172,"[""hex-band"",35,5,20]",303.875,-143.5437106773
3271,38219191417863,"[""hex-band"",35,5,21]",309.39999999999998,-133.9741299655
3272,85920586537739,"[""hex-band"",35,5,22]",314.92500000000001,-124.4045492536
3273,51598346729295,"[""hex-band"",35,5,23]",320.44999999999999,-114.8349685418
3274,45657613701412,"[""hex-band"",35,5,24]",325.97500000000002,-105.26538782999999
3275,63947126239875,"[""hex-band"",35,5,25]",331.5,-95.695807118199994
3276,102688846278445,"[""hex-band"",35,5,26]",337.02499999999998,-86.126226406399994
3277,6736392031535,"[""hex-band"",36,0,13]",325.97500000000002,124.4045492536
3278,208382436709878,"[""hex-band"",36,0,14]",320.44999999999999,133.9741299655
3279,20415117247224,"[""hex-band"",36,0,15]",314.92500000000001,143.5437106773
3280,228980200688286,"[""hex-band"",36,0,16]",309.39999999999998,153.1132913891
3281,243439189142475,"[""hex-band"",36,0,17]",303.875,162.6828721009
3282,131393034615308,"[""hex-band"",36,0,18]",298.35000000000002,172.2524528127
3283,76839756357046,"[""hex-band"",36,0,19]",292.82499999999999,181.8220335245
3284,81157570144318,"[""hex-band"",36,0,20]",287.30000000000001,191.39161423639999
3285,249566445508557,"[""hex-band"",36,0,21]",281.77499999999998,200.96119494819999
3286,51515394358903,"[""hex-band"",36,0,22]",276.25,210.53077565999999
3287,231768017189425,"[""hex-band"",36,0,23]",270.72500000000002,220.10035637179999
3288,256709712401074,"[""hex-band"",36,1,13]",55.25,344.5049056254
3289,277429502005853,"[""hex-band"",36,1,14]",44.200000000000003,344.5049056254
3290,83026693225557,"[""hex-band"",36,1,15]",33.149999999999999,344.5049056254
3291,135853393235835,"[""hex-band"",36,1,16]",22.100000000000001,344.5049056254
3292,157761974689190,"[""hex-band"",36,1,17]",11.050000000000001,344.5049056254
3293,215932195128269,"[""hex-band"",36,1,18]",0,344.5049056254
3294,216613638387284,"[""hex-band"",36,1,19]",-11.050000000000001,344.5049056254
3295,100776090621072,"[""hex-band"",36,1,20]",-22.100000000000001,344.5049056254
3296,107155007843432,"[""hex-band"",36,1,21]",-33.149999999999999,344.5049056254
3297,21201312078345,"[""hex-band"",36,1,22]",-44.200000000000003,344.5049056254
3298,189798721116651,"[""hex-band"",36,1,23]",-55.25,344.5049056254
3299,7937816211350,"[""hex-band"",36,2,13]",-270.72500000000002,220.10035637179999
3300,208668973152715,"[""hex-band"",36,2,14]",-276.25,210.53077565999999
3301,195482409915919,"[""hex-band"",36,2,15]",-281.77499999999998,200.96119494819999
3302,83346108571423,"[""hex-band"",36,2,16]",-287.30000000000001,191.39161423639999
3303,67706653730624,"[""hex-band"",36,2,17]",-292.82499999999999,181.8220335245
3304,272005791621936,"[""hex-band"",36,2,18]",-298.35000000000002,172.2524528127
3305,139527788118963,"[""hex-band"",36,2,19]",-303.875,162.6828721009
3306,236266366142818,"[""hex-band"",36,2,20]",-309.39999999999998,153.1132913891
3307,133684570319689,"[""hex-band"",36,2,21]",-314.92500000000001,143.5437106773
3308,271051693621350,"[""hex-band"",36,2,22]",-320.44999999999999,133.9741299655
3309,120477512718096,"[""hex-band"",36,2,23]",-325.97500000000002,124.4045492536
3310,7422725882951,"[""hex-band"",36,3,13]",-325.97500000000002,-124.4045492536
3311,255273321186489,"[""hex-band"",36,3,14]",-320.44999999999999,-133.9741299655
3312,407584784079,"[""hex-band"",36,3,15]",-314.92500000000001,-143.5437106773
3313,212277201803553,"[""hex-band"",36,3,16]",-309.39999999999998,-153.1132913891
3314,19302369748625,"[""hex-band"",36,3,17]",-303.875,-162.6828721009
3315,203907169608470,"[""hex-band"",36,3,18]",-298.35000000000002,-172.2524528127
3316,25337232943627,"[""hex-band"",36,3,19]",-292.82499999999999,-181.8220335245
3317,99407342782158,"[""hex-band"",36,3,20]",-287.30000000000001,-191.39161423639999
3318,68580047829025,"[""hex-band"",36,3,21]",-281.77499999999998,-200.96119494819999
3319,191439813278061,"[""hex-band"",36,3,22]",-276.25,-210.53077565999999
3320,100825565716451,"[""hex-band"",36,3,23]",-270.72500000000002,-220.10035637179999
3321,54179808852056,"[""hex-band"",36,4,13]",-55.25,-344.5049056254
3322,89665063391876,"[""hex-band"",36,4,14]",-44.200000000000003,-344.5049056254
3323,144786545779305,"[""hex-band"",36,4,15]",-33.149999999999999,-344.5049056254
3324,279703782471351,"[""hex-band"",36,4,16]",-22.100000000000001,-344.5049056254
3325,206386386990091,"[""hex-band"",36,4,17]",-11.050000000000001,-344.5049056254
3326,163459823221888,"[""hex-band"",36,4,18]",-0,-344.5049056254
3327,205586687226034,"[""hex-band"",36,4,19]",11.050000000000001,-344.5049056254
3328,191478255502655,"[""hex-band"",36,4,20]",22.100000000000001,-344.5049056254
3329,251046789209084,"[""hex-band"",36,4,21]",33.149999999999999,-344.5049056254
3330,190196327244567,"[""hex-band"",36,4,22]",44.200000000000003,-344.5049056254
3331,251005676622616,"[""hex-band"",36,4,23]",55.25,-344.5049056254
3332,124232275428801,"[""hex-band"",36,5,13]",270.72500000000002,-220.10035637179999
3333,174650674415925,"[""hex-band"",36,5,14]",276.25,-210.53077565999999
3334,244555817609865,"[""hex-band"",36,5,15]",281.77499999999998,-200.96119494819999
3335,131886211674847,"[""hex-band"",36,5,16]",287.30000000000001,-191.39161423639999
3336,53860519656094,"[""hex-band"",36,5,17]",292.82499999999999,-181.8220335245
3337,161701401517524,"[""hex-band"",36,5,18]",298.35000000000002,-172.2524528127
3338,34802071287072,"[""hex-band"",36,5,19]",303.875,-162.6828721009
3339,247100508837412,"[""hex-band"",36,5,20]",309.39999999999998,-153.1132913891
3340,188538156840145,"[""hex-band"",36,5,21]",314.92500000000001,-143.5437106773
3341,107251107017526,"[""hex-band"",36,5,22]",320.44999999999999,-133.9741299655
3342,48220289384213,"[""hex-band"",36,5,23]",325.97500000000002,-124.4045492536
