repo_path,bytes,sha256,status
总经验/候选/2023-A/README.md,573,26993d794db5ed599e482cd0f4ad0b0073b63f8c7e9c74f7a24897fa4697096f,A
总经验/变更日志.md,928,16b6796c8268d6f9411b0a5f744025379b27b4377ab9ea7d12ff1453ff59fe0c,M
总经验/总经验.md,5171,c07fb848f6927ba61b9abadfc41496b5d73a54add42539ebdfe4c3141bca1995,M
模型方法库/实践候选/2023-A/README.md,799,838df343bc8c9c6d09b23c7427cb04a005cd1b9f35a4631d894d0a48bc2e5012,A
题库/A题/2023/README.md,1465,b84647ab14680eb6c27e84fcfd8943b4f5bf5ac996612190404177aee5d139c0,M
题库/A题/2023/揭晓后参考/README.md,703,fa3a7e1270f282200ba6cf18188a11e6f0d3e3bef272eea8743e64090825667f,A
题库/A题/2023/揭晓后参考/官方来源链接.md,1941,0749d9efee4a5ded115c5d9cae4cba34ff9426d9beac31bd900b96a2904ca00c,A
题库/A题/2023/揭晓后参考/方法比较与创新分析/00-校准与小型检查计划-v001.md,1238,d993cf668b1fd1baf898028ff619c651a93d2b60fb4a202558c537aba3a8165a,A
题库/A题/2023/揭晓后参考/方法比较与创新分析/01-阅读范围与证据清单-v001.md,7830,28273c429d55f3a3f696cdfe8154f13dbcda24597a72698ddfc0ff5c1c66b7dc,A
题库/A题/2023/揭晓后参考/方法比较与创新分析/02-三问方法差异与取舍-v001.md,11470,0ef35272d074ba2a16eb452897f0a4452bbf83fc7783af0cc258a89ea0492aae,A
题库/A题/2023/揭晓后参考/方法比较与创新分析/03-创新机制拆解-v001.md,9621,f6142cae82f745a24f23be809b2c7f8a2c8f26336e3212056d9b68218c96d540,A
题库/A题/2023/揭晓后参考/方法比较与创新分析/04-自身方法评估与互补建议-v001.md,12662,4e6fdfecf82ee424036a00f300aa5a6f059bc0e88b05d401670e6e9c962224ab,A
题库/A题/2023/揭晓后参考/方法比较与创新分析/05-经验条目与旧经验审查-v001.md,15542,a17d19a1476aa0c4a37e4c71e2e8153a24242e000131d77dffe6245c482b1fc8,A
题库/A题/2023/揭晓后参考/方法比较与创新分析/06-可迁移经验候选-v001.md,7511,4267d6089e88dd5663912b7910c03a1ea431494a601e49adef4ab5a17ddfccc5,A
题库/A题/2023/揭晓后参考/方法比较与创新分析/07-论文排版对照与改进清单-v001.md,8421,5a3e9a3fc944f53aa86d1c2823e3e946a8327d1a00535414e6ea5bb2322cde87,A
题库/A题/2023/揭晓后参考/方法比较与创新分析/README.md,409,e91af97158708eba16b788631c8d377f81c1a509255d0a8999ead564647211fd,A
题库/A题/2023/揭晓后参考/方法比较与创新分析/calibrate_comparisons_v001.py,1315,6765be0ce97831008d0bbf479bc6f2c2d156c279f07e255a5783217af726944c,A
题库/A题/2023/揭晓后参考/方法比较与创新分析/verify_delivery_v001.py,4226,8a36eba641cdcd7239e0208ac2b01332ffbc692129ef58a37aafb5fa7c08ba64,A
题库/A题/2023/揭晓后参考/方法比较与创新分析/verify_frozen_package_v001.py,2239,8dad8886eaaecf20640f59af6f6735db9372dd5e9aeed78265899de1fb8b4ff7,A
题库/A题/2023/揭晓后参考/方法比较与创新分析/交付核验-v001.json,2558,3f2516d7f2bcaf8a8deb9d669debb9a2617c92862cc9bd2451d95cb60ef80110,A
题库/A题/2023/揭晓后参考/方法比较与创新分析/冻结成果复核-v001.json,668,140e0ba7df219065ab0807cdf8ffa7001106e0fca224f8123303687c091f7e2c,A
题库/A题/2023/揭晓后参考/方法比较与创新分析/校准百分比-v001.json,2079,9521bb2668035830931fbb33c42bb8f7daec61da5d1ce74c8ef5d6d6708bd39a,A
题库/A题/2023/揭晓后参考/最终方法与创新总结/00-本轮定稿记录-v001.md,2234,f358c91e257659d62c5b095a4eb4c57873a58885c243c36ee074c5a2e5f9327b,A
题库/A题/2023/揭晓后参考/最终方法与创新总结/GitHub链接修订-v001.md,723,9fc90849073b75acd3d49fe5f70dce42cf6d46be9d4762b57595707178cd16e9,A
题库/A题/2023/揭晓后参考/最终方法与创新总结/README.md,2329,0568f95af33c2e6e6c064013e4da8df7dfa1d4778a7979426da0b01105307a80,A
题库/A题/2023/揭晓后参考/最终方法与创新总结/build_archive_manifest_v001.py,5930,a6b53d56e01587a44df0713f772fedb2d222f586d986b8890fae8a6867b491a0,A
题库/A题/2023/揭晓后参考/最终方法与创新总结/verify_final_delivery_v001.py,6089,607b253fc46c4a2dd0f15c02d82c78be8e09baad9eb29be209130c44e141b10f,A
题库/A题/2023/揭晓后参考/最终方法与创新总结/全流程经验汇总-v001.md,10106,a23ad989e7c73246977387486b35459c5f4eaa6c91a855b2aae17c2313b16bda,A
题库/A题/2023/揭晓后参考/最终方法与创新总结/创新机制与迁移指南-v001.md,11231,c0708be8f47ac656a48f3e245e24e92a41dd7a2acb82854d9bfc18b78515b51f,A
题库/A题/2023/揭晓后参考/最终方法与创新总结/归档交接清单-v001.md,5596,7838526aa4ddb7421c247ac0aa56a9758e2b085b998d8f4696de51220b31fe99,A
题库/A题/2023/揭晓后参考/最终方法与创新总结/归档清单生成说明-v001.md,1396,45dbe3415c12f8c4fc135879d430ced22bfffb102ac477d64a5bba6599b6d9cd,A
题库/A题/2023/揭晓后参考/最终方法与创新总结/总经验合并候选-v001.md,3987,72d3f3592e44860dc178431d67791164a2fad44f8a1e012e90106a5278403fa3,A
题库/A题/2023/揭晓后参考/最终方法与创新总结/方法卡总集-v001.md,18519,42df526ccd8840fad33e4ea650a03949450aed4eeec3423431f3f6b2deac9183,A
题库/A题/2023/揭晓后参考/最终方法与创新总结/最终交付核验-v001.json,1498,e8e826dec62280c3c42c4beb331386472a911d6f5b11aedd722553c0b2b4456a,A
题库/A题/2023/揭晓后参考/首次正确性核查/00-冻结登记-v001.md,2581,31e3f1716d21c972c81299a8c882881795df45ab96f5df108b609602f5be6f8f,A
题库/A题/2023/揭晓后参考/首次正确性核查/01-检索与阅读清单-v001.md,3796,edc6bd3a474a5fbeadac40f6394d8e8003feb0d43838d6aee7bd32280c823ed8,A
题库/A题/2023/揭晓后参考/首次正确性核查/02-参考口径对照-v001.md,5856,6dfbedd51f5a64efeed60ffef94e6df7967eedea5036c4bd137626e00a83adbe,A
题库/A题/2023/揭晓后参考/首次正确性核查/03-三问答案对照-v001.md,6541,7ff0a4506fcc2311b83df3c3156a37f47212cc5558c0df9f5c90faebc37e2337,A
题库/A题/2023/揭晓后参考/首次正确性核查/04-正确性结论与待核查项-v001.md,4824,427b9e105d16cc0148538e4627f7607e421c9a48e1fc8f57210f46383e385358,A
题库/A题/2023/揭晓后参考/首次正确性核查/Q1逐月差值-v001.csv,15845,6d7537d8705644bce28d3718cfc52817ebb978d7c4f4e85139a6a8c747278356,A
题库/A题/2023/揭晓后参考/首次正确性核查/diagnostic_compare_v001.py,8329,f4ae982a561ad4c5242c96083ff6604ba6b64f07212fcdd9f9c376a4926ba1be,A
题库/A题/2023/揭晓后参考/首次正确性核查/fetch_indexes_v001.py,1566,dae8a3e3d60d408520591f1f876e428147a34d8fc76b315c44c3540bac8564eb,A
题库/A题/2023/揭晓后参考/首次正确性核查/fetch_paper_pages_v001.py,2524,3fad8120022ca70ab90271084ac0a93afa915ad2fcd94afea3d2d602acae8f6c,A
题库/A题/2023/揭晓后参考/首次正确性核查/freeze_check_v001.py,2495,80988355957b73d6918f27c095af36d277bc69601a7e54b70e2c683e61c5f138,A
题库/A题/2023/揭晓后参考/首次正确性核查/freeze_postcheck_v001.py,2105,522b945787691394b9ee25512b06a0b40c649da9bad96eefe872f36c63ed6546,A
题库/A题/2023/揭晓后参考/首次正确性核查/freeze_register_v001.py,7010,3aeb00d7536d6602d290b176650fae9c62d9d4b9740f5049f2073af3f5a78540,A
题库/A题/2023/揭晓后参考/首次正确性核查/identity_check_v001.py,2097,e1b03f17e1f9b91a70ac2663042d5b1f7788f3b9061682766e5c72d9fd8418bf,A
题库/A题/2023/揭晓后参考/首次正确性核查/交付核验-v001.md,1926,fd8de91844861937de57af1c81354472361a66a061cba1d5523e9b0aa15e73b1,A
题库/A题/2023/揭晓后参考/首次正确性核查/内部口径静态审查-v001.md,12652,78e6dd11c3a8b9f335465debff8c7c0b2eae36ca4376b0b7a493cb497c822a6e,A
题库/A题/2023/揭晓后参考/首次正确性核查/冻结前全清单核验-v001.json,461926,e249b3d560d011185c88a0c9e9d138d06f63ad99ab36eeac5bd9ddfe983f590f,A
题库/A题/2023/揭晓后参考/首次正确性核查/冻结后复核-v001.json,595,8b7bf5459c40c2533335fdf92f682904e914dd7eec477c9255745da2077ef759,A
题库/A题/2023/揭晓后参考/首次正确性核查/冻结登记绑定-v001.json,7345,fc5f512dd9574202cc5eb7804dd09c324e2d0057e6501fa0fff4a55dd4acd10b,A
题库/A题/2023/揭晓后参考/首次正确性核查/外部接触时间记录-v001.md,900,a150c29412ef5757eca65ce24eaf84e43e1d3c21258ed5925f238a3bc6b53255,A
题库/A题/2023/揭晓后参考/首次正确性核查/官方身份核对-v001.json,1670,a54ca2b25a7bbde618608121b209d5eb755671790e76cd6aa27566908de06c3a,A
题库/A题/2023/揭晓后参考/首次正确性核查/来源页面获取记录-v001.json,1173,394322b53a6e880ddf545e912d3e473d91fb855750f1407099718de0aca36007,A
题库/A题/2023/揭晓后参考/首次正确性核查/诊断结果-v001.json,51534,85196111cecf3444e20c32eb80621bdfee00e7ca6ed6d342c1d27e0aa6ef9e27,A
题库/A题/2023/揭晓后参考/首次正确性核查/诊断计划-v001.md,991,2c99c502ae85a55be7210d0789b6fac80af1514e39ec27af2f4ea002be260df0,A
题库/A题/2023/经验.md,12927,fc669d4fc890a7cc4a8bd55ec2c7dec717e747b75ec638684b0ce7a6f2cfd138,M
题库/A题/2023/解题过程/00-任务状态.md,873,fddf3a6449221a0abeea68825b4dce469e2535228c1406b9007c646c946cf1c0,M
题库/A题/2023/解题过程/01-题目理解.md,579,7b936ff83c2f5b01d3dcebc1b528e3d9f8f334af4dc2d36bef9a755eb62e78b9,M
题库/A题/2023/解题过程/02-逐问建模.md,997,5b5c27976ca1a2ce625f26d6cd3a7b4e9ffdcd2d8a3a08fbf8962a324317cf1b,M
题库/A题/2023/解题过程/03-求解与验证.md,684,424c249f175d417628747ba8178a1dff436d23e72eb9fc29c46104d0b85c0a3e,M
题库/A题/2023/解题过程/04-结果与论文.md,996,3d6d3def56fd4ee0bf155b2eb02769e7c33e0be67d5f0025470cc6dd3509a283,M
题库/A题/2023/解题过程/05-优秀论文复盘.md,826,2bb3fdc7f39a98ee2804eb49eefc7f29ce4c2a54e4f90d589fedcf019902154f,M
题库/A题/2023/解题过程/06-更新记录.md,1284,2e2e69622ab39ab6ccc0040da71b762337c5480c81395350ad10e394e7ff0308,M
题库/A题/2023/解题过程/代码与配置/Q01-全场运行说明-v001.md,4940,d6b9250f4053fa109812b7161c50519aeb39e6ec55cecc7fffba802982c2dd02,A
题库/A题/2023/解题过程/代码与配置/Q01-全场配置-v001.json,4225,d54371ef05491ef6edd786bb22601308a63911cf64213272e7b9bbb4e16c7ee7,A
题库/A题/2023/解题过程/代码与配置/Q01-原型运行说明-v001.md,5926,d23f5047c85f5857ee3d295ca10812d1d664ff5d03826946e2098df9af812a9b,A
题库/A题/2023/解题过程/代码与配置/Q01-原型配置-v001.json,1997,9f9e287ffb32b052fdbc56162babbfcd695bcf54e365dc143da5028d7b0edab4,A
题库/A题/2023/解题过程/代码与配置/Q01-文档核验说明-v001.md,2645,0268b60f53b1d1eefb1647110e2d3f54bb29cfd9ce9390219ecdaef77970d06f,A
题库/A题/2023/解题过程/代码与配置/Q01-补充验证配置-v001.json,487,8cda506a86cff95ecc424357cebb4993a0ce3151716d43e48d606cc1a9f59b5a,A
题库/A题/2023/解题过程/代码与配置/Q02-修复运行与复现说明-v001.md,5839,543458ad2ee8b3235459747a104e0dee4531abe1ea727c4e6ca668a8ca63752e,A
题库/A题/2023/解题过程/代码与配置/Q02-准备核验说明-v001.md,1351,55bb9325256d59bcb3f275e4ac383d9849cede9b43d888d4aebe7bc96fa69651,A
题库/A题/2023/解题过程/代码与配置/Q02-原型运行说明-v001.md,3363,b8a5dd9d581ab66718a8deea8e24ebea333370919ce8e243181d0cc7abc0263c,A
题库/A题/2023/解题过程/代码与配置/Q02-原型配置-v001.json,12063,cf5c1a1eb0cc796e110730377229a44ec92ab59d2971db88bab64dbbb6a4c56b,A
题库/A题/2023/解题过程/代码与配置/Q02-原型配置-v002.json,12210,aecb12edf0e3ac5eba9f3d3079f0fca84601a9f230cd8e5131230c915c7d8f26,A
题库/A题/2023/解题过程/代码与配置/Q02-搜索运行与复现说明-v001.md,4992,ad03770d9cd7df624172f558515ba2843a42f51ce1d49f808db889b2892f7c0b,A
题库/A题/2023/解题过程/代码与配置/Q02-设计与评价接口-v001.md,8463,c7e403f3456fa07c7b948226fc86a0efa4e3892e05e68e8f4c9c1a1d832b2f71,A
题库/A题/2023/解题过程/代码与配置/README.md,868,ee5d0869076abdf32f2a83bef6f7fb294cc22ef7ea1fd93df4c701c6c0606944,A
题库/A题/2023/解题过程/代码与配置/S02-运行与核验说明-v001.md,3528,e31a59b0282de204646a28571bcbac2812982e0d3548a19839a79fafcd754c22,A
题库/A题/2023/解题过程/代码与配置/audit_materials_v001.py,8402,c84d129c89ab2eb13df6d77fc44f0018bf98c446cf645dea388160bcc1edd745,A
题库/A题/2023/解题过程/代码与配置/check_s02_materials_v001.ps1,2741,e0239a4a3b1480dbbebb8e4c35f46343a98f8f488e23247587c120c360ddcecf,A
题库/A题/2023/解题过程/代码与配置/github_archive_manifest_v001.py,6072,34fe3f070984f017c20ec38293dc8f28f41e7a4f349b7c87206032bfb675951b,A
题库/A题/2023/解题过程/代码与配置/q01_checkpoint_repair_v001.py,2641,574453b2c685fe1121df901fa4e1ec40260d8a6fc556e4df55ef277539c6b266,A
题库/A题/2023/解题过程/代码与配置/q01_core_v001.py,18809,7e76d0f38e6331bb492ab0d3f8d6fcbcb494e88f2f1e9802d5ccdae9eb5b951a,A
题库/A题/2023/解题过程/代码与配置/q01_core_v002.py,19265,f8297c1c9a40f70cc6381302fe4d8f18d1ed7d3669129498892e88172cc7c964,A
题库/A题/2023/解题过程/代码与配置/q01_core_v003.py,19404,7d7e70b8c85b1bc7762efdc08fadc972635d810ceb852bf74bfb2cc318ed1693,A
题库/A题/2023/解题过程/代码与配置/q01_full_delivery_v001.py,7275,b935607fe676b04046582492715ceba34c766c79f34a1738a45ba2af1049cf20,A
题库/A题/2023/解题过程/代码与配置/q01_full_delivery_v002.py,7625,728f45bb4c3ecf31368e329688bc904795263a2cd6df25f772d9af6dedc4385e,A
题库/A题/2023/解题过程/代码与配置/q01_full_report_v001.py,23401,bdc2804e408c776d594922ae4b6ad33d90accc87654c2dea7f61cb64ae5b36ac,A
题库/A题/2023/解题过程/代码与配置/q01_full_run_v001.py,17336,ebeee2767b13401b9536665bad4aba244962f26c3904b378470e1dd24f55a642,A
题库/A题/2023/解题过程/代码与配置/q01_full_run_v002.py,18003,bd9f993ac54bbecd03d6dadddf07cc4ae52365bdaf3edb09776e16ff1d51ab26,A
题库/A题/2023/解题过程/代码与配置/q01_full_summary_v001.py,12193,a5e27acb8f25402c3fe14c3dfc1eca9d34abd7a9a63d0c1c73ae55ca4ee00b6d,A
题库/A题/2023/解题过程/代码与配置/q01_full_summary_v002.py,12193,26ad7240da4a1471d33a1ed993d0bb254f7cbc5e5db2a2fff59911faaaba9eeb,A
题库/A题/2023/解题过程/代码与配置/q01_local_checks_v001.py,3109,9a3bf98a656174ebff6cda717a7f7563062d4366fead926fcbbb962c415b646d,A
题库/A题/2023/解题过程/代码与配置/q01_local_checks_v002.py,1864,d28425b92277839c024e26ecb28f684f684a8e157840b7ee262b3c4717ec65de,A
题库/A题/2023/解题过程/代码与配置/q01_low_survivors_v001.py,5482,7e86a6324d1ca73d1513bc6c8fc39c099927450f94f2444d97336b2e41186812,A
题库/A题/2023/解题过程/代码与配置/q01_low_survivors_v002.py,5558,a5d5d3b81d423925619f48874d4156c852f8c7aaa7a8c3dbe6cfa240023db072,A
题库/A题/2023/解题过程/代码与配置/q01_paper_build_v001.py,7881,7bd172b7458402ec7eb8f1866e7e4357a2633a5e7dca0dfb06c9fe62cf73dd19,A
题库/A题/2023/解题过程/代码与配置/q01_paper_build_v002.py,8976,d63d0028e13bde367dd70eea3c99bbaf4ba7784a6fb9efe142d598cf4307c08e,A
题库/A题/2023/解题过程/代码与配置/q01_paper_build_v003.py,9090,4508dfde79ac86d282aae9bd10a5e8021d28cf0d16a9f3303755130e2a751318,A
题库/A题/2023/解题过程/代码与配置/q01_paper_build_v004.py,9471,1b344daa0e538feca97e992563a287c1dde4944885821ce8318e65c49e7b590d,A
题库/A题/2023/解题过程/代码与配置/q01_paper_build_v005.py,9504,70614921617f36d03c299b7be67ad0adff5dae02253b0d8100554ccd9354eddb,A
题库/A题/2023/解题过程/代码与配置/q01_paper_build_v006.py,9658,c6d7e5cd5a3e4a236f76b4a933d2e72670e7467c0df48542f5ffee98eeaaa12d,A
题库/A题/2023/解题过程/代码与配置/q01_paper_controls_v001.py,14400,de8319f4c437a4aee8e0ca6afc4140ae292566d477c14c3df05f6143319604da,A
题库/A题/2023/解题过程/代码与配置/q01_paper_records_v001.py,23747,4fa5e059a3f4ae8567d3b425d92022ddaf78b23b4f1b946fd13f25ee5f16fa0f,A
题库/A题/2023/解题过程/代码与配置/q01_paper_refine_v001.py,10570,36ff937a1f6a8fc2c7b70d4c413468e9f7976e547dd8f18ce0433fdafb4b285b,A
题库/A题/2023/解题过程/代码与配置/q01_paper_render_v001.py,1891,dfaf69eaefa6c0e1abac7b3d3d2093ed3233d323d565069bfa317fb20a8eddea,A
题库/A题/2023/解题过程/代码与配置/q01_paper_render_v002.py,2410,5556edb554b536b90d6803e2d375425fe4b19d25ef3cdd8936b9254b4db3a29c,A
题库/A题/2023/解题过程/代码与配置/q01_paper_seal_v001.py,13822,6b5b52192cccf4c971113e7c82ccca9a5cec2b439fa42918881ba9e134d2ca84,A
题库/A题/2023/解题过程/代码与配置/q01_paper_tex_v001.py,4098,214b73832e7670f3330bee73458f86b7e14a2a397678f4a31590c6126ef090a6,A
题库/A题/2023/解题过程/代码与配置/q01_paper_tex_v002.py,4098,ed24b1c28eb3bc9606cee93b79821c514f9f4269dec2ed5d9436a5baa38759b7,A
题库/A题/2023/解题过程/代码与配置/q01_paper_tex_v003.py,4546,831f69a0c403ab08ce20efe42aa3879ca3a1e03ab4bb088a2d8f2725b41766b8,A
题库/A题/2023/解题过程/代码与配置/q01_paper_tex_v004.py,4830,dc3f27039816cd6f2ddb6e35c908ca4416c7c5b61bb4b69b9f81d4153aaf34a3,A
题库/A题/2023/解题过程/代码与配置/q01_paper_tex_v005.py,4834,613e2bb799bc3a3b2e3e65c9cebb4a604ad2afb60f8ea988e52d36ec343b76c9,A
题库/A题/2023/解题过程/代码与配置/q01_paper_tex_v006.py,4859,e4ff71f60bb00d0c2ffab3e75c4f49c9420e663c8ecb06f274c3f1be3e53753a,A
题库/A题/2023/解题过程/代码与配置/q01_paper_verify_v001.py,9028,71806b3179e8c5328805a2d63f5a8e305a9c27b590df6160b971f36dcfb89e3e,A
题库/A题/2023/解题过程/代码与配置/q01_paper_verify_v002.py,9192,f94c0b023e737a0b5fc6721030239a14e73b7ce9e4277a0eeca6c22a9a190bea,A
题库/A题/2023/解题过程/代码与配置/q01_rare_audit_v001.py,2681,45d4c813124b1873ab2004e3a6e76975aaf2cfdcafe89f1e9b80e5b763cc3fc3,A
题库/A题/2023/解题过程/代码与配置/q01_report_v001.py,12414,87d106a66c3e62bab0b1f09f4c705248cfe7c9219a89691b0baafa12f93cb4e1,A
题库/A题/2023/解题过程/代码与配置/q01_report_v002.py,12418,cff38f5d53d0567865f8a1de05f25d0ca89a395a074f3fd4d4cd4b3b3c874c94,A
题库/A题/2023/解题过程/代码与配置/q01_run_v001.py,12268,a39ce1a20c28f73c9a867c2e642284c664f85111014bbed444335e2e29905dd7,A
题库/A题/2023/解题过程/代码与配置/q01_tests_v001.py,12879,9983f90355e1fa767f61270f2368b97b6afba80773fb398140aaf10edf12c05f,A
题库/A题/2023/解题过程/代码与配置/q01_tests_v002.py,13456,b86c150a47cd86f269adeced072a6544fd43fbf0cf4849fcb820197e8023f6c9,A
题库/A题/2023/解题过程/代码与配置/q01_tests_v003.py,13456,de9267741f1dd6626b853c76fea7f212e6ad8b2aacea4bd9a62dfcce4648a4a5,A
题库/A题/2023/解题过程/代码与配置/q02_compact_v001.py,29793,6351316e6bd3f797c2a47c1b67e58774148e36b1d97cac09d9808fb6c111b6dd,A
题库/A题/2023/解题过程/代码与配置/q02_delivery_docfix_v001.py,1308,c2493ab50a3868f24adcdf65701f5acc233d7817db7c0ca49ed7dce3cf3490cf,A
题库/A题/2023/解题过程/代码与配置/q02_design_tests_v001.py,13301,eb831e39f421eda29d359ea57a6507fb7ea79bfa180dde2bd0ae79c0b7f432bc,A
题库/A题/2023/解题过程/代码与配置/q02_design_tests_v002.py,16886,e5edca1ffe5631a65d7462e966c56571a9ba8785c10ffa87def31136da6a1347,A
题库/A题/2023/解题过程/代码与配置/q02_design_v001.py,22851,2ac2880d1e425d06d545825f7446bd89f063ec131c49a0e4d430e2466cc988af,A
题库/A题/2023/解题过程/代码与配置/q02_design_v002.py,24769,92315f1506597508d1d558ea1e58bd18579c4381a56741de929d7b9a48f3b361,A
题库/A题/2023/解题过程/代码与配置/q02_diagnostic_figure_v001.py,2017,ef1bb24b92bec3fb98e58d27b536d7d95d2a4e04af5093e4419f261adfdd3878,A
题库/A题/2023/解题过程/代码与配置/q02_diagnostic_figure_v002.py,2724,637e0416dd520de0f44923157ed9b275dc387888952b0b99c29f495914f24451,A
题库/A题/2023/解题过程/代码与配置/q02_eval_tests_v001.py,9721,4a7b451e131877928473f31dc6fbfa6f66025d69d6ce609e27ec5eaf400881f2,A
题库/A题/2023/解题过程/代码与配置/q02_eval_tests_v002.py,10634,b64920c75815fe4a2b95cbf90d1ba943af7f290c79f2697a9ddc04498ded055f,A
题库/A题/2023/解题过程/代码与配置/q02_eval_v001.py,14193,79318bc5153debb8d396c68f6cfa3eedfdfd27c5e802cd496c30d221edaad806,A
题库/A题/2023/解题过程/代码与配置/q02_eval_v002.py,16761,777a6889531d7f167c1dfba04c5c71df6198ab7a59a6721816b9c28d4100793e,A
题库/A题/2023/解题过程/代码与配置/q02_eval_v003.py,16815,f2d26131fd500c193cc643021815feee5195c5da668144b22a1571e2003b35de,A
题库/A题/2023/解题过程/代码与配置/q02_fast_tests_v001.py,12522,625012294cdb715d4c83058a1f03db55eac28e50ea571c091f371716b89c5f1e,A
题库/A题/2023/解题过程/代码与配置/q02_fast_tests_v002.py,16049,cd1fc3a2b382f9cc8f5671e9eec8784eb1337e94a171c167f2137bf358b9d9c6,A
题库/A题/2023/解题过程/代码与配置/q02_fast_v001.py,16439,a15e5907d068ef6c078226bc45b6931e87c9dc23f09f1a2ee0653ec98db430bc,A
题库/A题/2023/解题过程/代码与配置/q02_fast_v002.py,17407,84195cbd2395e8bf6d09c7189a5b158acd1373db2836903f648bdce9aca98e09,A
题库/A题/2023/解题过程/代码与配置/q02_hex_bands_v001.py,3241,9b4e803bf06429f1d47c65e8b90402d1e36e30538884ff37589eb3cdbbfcbf67,A
题库/A题/2023/解题过程/代码与配置/q02_paper_prepare_v001.py,4290,106e763c80d95899e7fb804477bc3a20bc944b9a4d699760da74676d673193bc,A
题库/A题/2023/解题过程/代码与配置/q02_paper_render_v001.py,2423,3efadbe55c066076bba2ae2059de301469bf2ddccc33bcbf67a76ced18af6ee8,A
题库/A题/2023/解题过程/代码与配置/q02_paper_render_v002.py,2423,f506e353bd112eeddce684c1791250c06449222179f32adb2734602a4e11db9a,A
题库/A题/2023/解题过程/代码与配置/q02_paper_tex_v001.py,4916,06a128eb6146dcbb9f3a51f84d1e3250cff1df4999b96c860b5a829790709a3d,A
题库/A题/2023/解题过程/代码与配置/q02_prototype_docfix_v001.py,6099,b891040d01c957d0ce952a5a6d2c2db2550ac679bcfe091440cf3c85f5b7fb96,A
题库/A题/2023/解题过程/代码与配置/q02_prototype_document_v001.py,11820,365d67220c1a652728f7e8a3184c1831b96787469f209e6532c1aeade1ae3dd9,A
题库/A题/2023/解题过程/代码与配置/q02_prototype_report_v001.py,36396,b169ec6bcfc9320e9364f676e6fd5f2fe18d5f351daedd79a71ba94e0b603e8e,A
题库/A题/2023/解题过程/代码与配置/q02_prototype_run_v001.py,19673,770ccb65f686024555671cac71b5e29c4aaf39445f917d42dd40de11181dbe14,A
题库/A题/2023/解题过程/代码与配置/q02_prototype_run_v002.py,19809,dbf7189697f0f01ccf1f2c173bd267309ed182add9015250fb72178db967e158,A
题库/A题/2023/解题过程/代码与配置/q02_prototype_run_v003.py,21197,b7bd1c40e7008e3f94dc4d28bbf5bca061dbc2a592d8cf76edb6bc2a1889011d,A
题库/A题/2023/解题过程/代码与配置/q02_repair_budgeted_document_v001.py,780,50bed48535e4d54fe1f373ec82ec70e962ed0f6cb6b8395f63dcd0fbdaea8e52,A
题库/A题/2023/解题过程/代码与配置/q02_repair_call_fix_v001.py,1953,d30441a182c5f852f99461bcba032c1fb54543d146ef4588801fd0b53480547d,A
题库/A题/2023/解题过程/代码与配置/q02_repair_common_v001.py,2989,47ae9aee44798934e17726ff7274370d90600a6800eca4f2a9f6a69fb95856b1,A
题库/A题/2023/解题过程/代码与配置/q02_repair_compare_v001.py,3133,ea6738c5d23a10df01fcf69093bd051d4eda2a990b67f7cc4fd806e9355842ac,A
题库/A题/2023/解题过程/代码与配置/q02_repair_confirm_parallel_v001.py,2613,f331950e25e93996fc68d8979bffc584330ef7c2b400599be9fb9fae07340e9a,A
题库/A题/2023/解题过程/代码与配置/q02_repair_controls_v001.py,12426,b9db17e163c726dbed40eda9b296d89b48a32b793dd22708c10dcb0955114bdf,A
题库/A题/2023/解题过程/代码与配置/q02_repair_cost_fix_v001.py,1558,34db1e1745fe9fff9ccbb40ddfa192aeb8336fc3287d5886cb1c72fb4fc54d74,A
题库/A题/2023/解题过程/代码与配置/q02_repair_delivery_docfix_v001.py,2865,62d265a7feff90020471d1287dce52360a1ae10d40d77fa31b95c87457c5f171,A
题库/A题/2023/解题过程/代码与配置/q02_repair_delivery_v001.py,4780,2989a5a2853fa45e2141a17b0b63be733f6dd062f166e0cdad9c452b65505665,A
题库/A题/2023/解题过程/代码与配置/q02_repair_delivery_v002.py,5239,45f73a58b1941404601c99fec64a6165f79b103076d3ba001e5af19fbcafa6b6,A
题库/A题/2023/解题过程/代码与配置/q02_repair_engine_v001.py,7508,5a17a2a77f9cd6f4cdc0f35fa7cef194262ee9d96f1d6ee2fb3e9991dc19ee09,A
题库/A题/2023/解题过程/代码与配置/q02_repair_entry_v001.py,467,5d93ff179a72294bd77a8e5f7790b35aa2fd281e9a389738f3c8961af5246c1a,A
题库/A题/2023/解题过程/代码与配置/q02_repair_entry_v002.py,477,636269cd088e51fcb18af618600283bf9f4dff34bfebb6bc4118ca7f2bbe2644,A
题库/A题/2023/解题过程/代码与配置/q02_repair_entry_v003.py,477,bf9c8b81bc2fafa60beda130d4def76cf294224fd94d22955c635c86e6d8907a,A
题库/A题/2023/解题过程/代码与配置/q02_repair_figures_v001.py,14509,f7871202241d7ddfcaad112413c203f6cc330165cda03d5d987358d1bc85d825,A
题库/A题/2023/解题过程/代码与配置/q02_repair_paper_close_v001.py,6797,a1c706bb924e6f76d5e3772d3e72688574ef371f745d57e9fce0979ff6740da7,A
题库/A题/2023/解题过程/代码与配置/q02_repair_paper_render_v001.py,6505,21254a23be63610f90a0fda6eee183ec4682aa3113e7a7eb79510fafd08a6bac,A
题库/A题/2023/解题过程/代码与配置/q02_repair_paper_tex_v001.py,15153,ee8fec2548cac90dc4053d036d4569829227fe7d7ff00d1cab5762d5182ddc43,A
题库/A题/2023/解题过程/代码与配置/q02_repair_paper_tex_v002.py,15010,3e45d7291c94b7e6af673c37982466132186609e7a5d81a52b8ec485e9d3633f,A
题库/A题/2023/解题过程/代码与配置/q02_repair_parallel_freeze_v001.py,2570,8571059a2b7848afe14a29451147ee2823e9ca9b4199a9f3f2da302c97c563df,A
题库/A题/2023/解题过程/代码与配置/q02_repair_parallel_v001.py,20579,bc0d145de0c9485165160a037566ac823c33d2ad828d7cd086ab4f58628f03f8,A
题库/A题/2023/解题过程/代码与配置/q02_repair_postprocess_v001.py,20635,568d4852145c1b50b58c606c984e1f9cafc6630c74fc75a5d8f0b8bd4d8ab129,A
题库/A题/2023/解题过程/代码与配置/q02_repair_records_v001.py,12105,c895aabc099bb33d041889f2837fce323b5a582d8271bd91e626db14f5c7840a,A
题库/A题/2023/解题过程/代码与配置/q02_repair_replay_v001.py,3039,042e3746eac48df063294efe097428a8f8d68282ad58a6cc53308184e09becf1,A
题库/A题/2023/解题过程/代码与配置/q02_repair_run_v001.py,14717,585f19134c287fe33686ae638cd05d96cca52e127f1af04ec078a788bb49d55a,A
题库/A题/2023/解题过程/代码与配置/q02_repair_run_v002.py,14961,b05f53c7dba5af044f38677566c515a440f6836bc81ce5e14a5a0b6c377b2015,A
题库/A题/2023/解题过程/代码与配置/q02_repair_run_v003.py,15111,c4dc4a8ce7ae3de8ea1d498808d8d97886c4ae97eb46457a7d64e495d30a3e58,A
题库/A题/2023/解题过程/代码与配置/q02_repair_setup_v001.py,5620,4a58ee805ae0067b8ff04c57722ad912c555542020761f4bce4d94e6cdda3917,A
题库/A题/2023/解题过程/代码与配置/q02_repair_verify_v001.py,36958,b4d9fd2efc6e3c6e75bfb014adfe84ce58582d4bb61f823853d015180addc82f,A
题库/A题/2023/解题过程/代码与配置/q02_search_common_v001.py,2872,5006bc11c3121ab4c47c4ea597883a05ff49ec73cb065b5ac00c4c55ce4de22b,A
题库/A题/2023/解题过程/代码与配置/q02_search_delivery_v001.py,7868,eca0e6fa47802babfe4f906995207025201cb2f65e5bdab4cead0ac9cc9a2db7,A
题库/A题/2023/解题过程/代码与配置/q02_search_delivery_v002.py,8094,88d67595fcd8be3a8464f9f5d71880848448d5e7e55e7bfeaad7ce7c9050792b,A
题库/A题/2023/解题过程/代码与配置/q02_search_docfix_v001.py,4302,c53aec595b087b4a31b32041501c6142080049da37809d66565ed1724c64126f,A
题库/A题/2023/解题过程/代码与配置/q02_search_engine_v001.py,7242,039bcb7a803e97f7c441808c3ce5ea25125a69baeb50c7034a0732a3de94f465,A
题库/A题/2023/解题过程/代码与配置/q02_search_engine_v002.py,7362,48a540a822e4d5806eef661f6739e59ccffc4b540fedb425b3e67867caaf156d,A
题库/A题/2023/解题过程/代码与配置/q02_search_postprocess_v001.py,8125,225c951ee55bf65da688eeaee3894fcd1aee167f0bb5227b12812cdcf49a6571,A
题库/A题/2023/解题过程/代码与配置/q02_search_preflight_v001.py,7761,84dcc2e7f3eab95d45a23de6b39e2b98757d659795e2c6ffe16d4254b7c0d56b,A
题库/A题/2023/解题过程/代码与配置/q02_search_preflight_v002.py,22522,25616eefd73139ec3bde7ffd2d12d5d489b6a960a4dc915f856545d0460e6760,A
题库/A题/2023/解题过程/代码与配置/q02_search_run_v001.py,14791,5de36b9d9311985cf4b3be178d0b24b174571a2ca17e830e3a87cd16ff980cab,A
题库/A题/2023/解题过程/代码与配置/q02_search_run_v002.py,19249,a012e1149c5c4e19453fe02c655ac4fc9a52210d7ee73cb042602231742fc0df,A
题库/A题/2023/解题过程/代码与配置/q02_search_stage_build_v001.py,19998,d4ecb6a1e30c194304282ef3743d4832777e9d56f7d40de10c7a1b951f1457cc,A
题库/A题/2023/解题过程/代码与配置/q02_search_summary_tests_v001.py,6266,7c2a10722a0eff2892faa1d23dd8567ffc4adde7c8837e976fa9069b7e43b12e,A
题库/A题/2023/解题过程/代码与配置/q02_search_summary_tests_v002.py,6769,160911e8b6c7c4ac12cf1aa631570d2c439b25cd28fb045d5819bb1d5029321f,A
题库/A题/2023/解题过程/代码与配置/q02_search_summary_v001.py,42400,d7f348579a27b49e29749fba4e0481dbb12be1bf538e4ded4a8edd449e742650,A
题库/A题/2023/解题过程/代码与配置/q02_search_summary_v002.py,43373,f5f95f46932992e3efb0a30c6841d3ba0cfd545226a50300a36fdd011a1e4515,A
题库/A题/2023/解题过程/代码与配置/q02_search_verify_v001.py,24339,4c95970201ff4eb6ab13afdea33267bd2e98216d466b03ba95e0af1005390e3a,A
题库/A题/2023/解题过程/代码与配置/q02_stagger_spec_v001.py,11475,e18ba1b1f1d996d9b53123ca47d6865d825e244b64060153d97f995c455f4610,A
题库/A题/2023/解题过程/代码与配置/q03_build_adapter_v001.py,3156,34a921a30c8ad902715d8a38f2e22b7fcb5de9b9e832bd9b6b441397a61cf73d,A
题库/A题/2023/解题过程/代码与配置/q03_build_parallel_v001.py,3552,dbc1bbb929c0580f2318858af5f6e9e0a9229a4f0a4c71aa6f98883f0ebace95,A
题库/A题/2023/解题过程/代码与配置/q03_close_v001.py,13734,8267bc22e21b91a7bdd3c1a1e7695673f01388d7577b78844aa4cf4c28c8ac25,A
题库/A题/2023/解题过程/代码与配置/q03_common_v001.py,3096,1b737f883c36a6703696876c20e64fefed8e32c48b4d55a464ba92fa411451bd,A
题库/A题/2023/解题过程/代码与配置/q03_delivery_v001.py,8354,649fbb6677ed491a08f4c0e05061e6f67898467eae5ad5800999808e40e2e55e,A
题库/A题/2023/解题过程/代码与配置/q03_design_tests_v001.py,9975,64b71c705a68de6eace6ab0442ff9717a35c89cc58c1f8dc2e5053491880a732,A
题库/A题/2023/解题过程/代码与配置/q03_design_v001.py,25301,c61d9f032f9a0fb8c00165b7ad50838cb5395627b3edcea656b51098b48108e9,A
题库/A题/2023/解题过程/代码与配置/q03_docfix_v001.py,2294,fe53d3a5548a6aa2db98dee3e6da5e647cb33c4aeab36c9b1ec24f56c76b0d6c,A
题库/A题/2023/解题过程/代码与配置/q03_engine_v001.py,2326,40adaf867dca671dfee12fdb09875fe4052f692edf7f9f765a3f06db08fe9c2e,A
题库/A题/2023/解题过程/代码与配置/q03_fast_v001.py,15959,c79fd3ef7939fc65287a46ea758f7fef176c9da2d0e4e651c380ed19d4c63a4e,A
题库/A题/2023/解题过程/代码与配置/q03_figures_v001.py,2727,bc3ddbade4b350a1f97eda4517b99010aef188276fc5e192b07ca26cb3e9d7b9,A
题库/A题/2023/解题过程/代码与配置/q03_figures_v002.py,5348,e00a8e592af5d714a449a20d365bf7fba2c546f6a40660e4a313ee401d5508c3,A
题库/A题/2023/解题过程/代码与配置/q03_fileqa_v001.py,6537,e41ad69df490f7c92b176627fecddd89ed7ca02e2153a61639ed3acaa8a13580,A
题库/A题/2023/解题过程/代码与配置/q03_finish_v001.py,1034,1022c6ef11d805c4bef3d0001524fefa125ccfa5a3c5bcdf105ff972aceb7e0e,A
题库/A题/2023/解题过程/代码与配置/q03_job_v001.ps1,1685,e5a4950159844a48f8322c4a2e213be94e6185dfd039212b360d65c6fa60f02f,A
题库/A题/2023/解题过程/代码与配置/q03_layout_v001.py,3915,8f99e98f5a1ecb8b2e1f6d0b76dc03ce438e97a7164cda3d668f9eed7575b50d,A
题库/A题/2023/解题过程/代码与配置/q03_paper_finalize_v001.py,56832,75c9c6ebf3ea0cc8d412a7044586d5262cb4ab6313182c9346f68e5bf6fe4988,A
题库/A题/2023/解题过程/代码与配置/q03_paper_v001.py,39791,94495517bda8da471c400d91516d6dc3c9d211be50a3638473db50010649b418,A
题库/A题/2023/解题过程/代码与配置/q03_parallel_v001.py,15741,5e41b34262e5cfdbe173d27b7198c333f67b672f6362dfd65b126d560fd708ac,A
题库/A题/2023/解题过程/代码与配置/q03_preparation_files_v001.py,7821,2cdb591d612e061d6f0c24ae2ecc667a73d2083c07e189d5b1931b19c84d8b45,A
题库/A题/2023/解题过程/代码与配置/q03_prototype_v001.py,20894,91589a2d4432c088f1faa5bd0afa7ed7b3bef2d3dfc217b4c7cb2f7705464d9f,A
题库/A题/2023/解题过程/代码与配置/q03_records_v001.py,29416,936606c07335f7347b4fdb0ec14dd7d66785305279d5e32973d685bc1287b9dd,A
题库/A题/2023/解题过程/代码与配置/q03_render_v001.py,1373,de195b7101ad690a1c51b38671d0aef99adc268ecd137d459ca727ffcf567447,A
题库/A题/2023/解题过程/代码与配置/q03_run_v001.py,8073,a57304bc1f5774d2c6b9f3f80e662c8ab3eef155c1f906df2e95120e7fa1c1aa,A
题库/A题/2023/解题过程/代码与配置/q03_summary_tests_v001.py,12259,207df88ea7016110f7dafa1fd468624402640dc7738d5101a4797b44fa96358e,A
题库/A题/2023/解题过程/代码与配置/q03_summary_v001.py,48045,fedfe6b54baf2f199517e8763a836d3b93bc026af0c247885bc804f519250a81,A
题库/A题/2023/解题过程/代码与配置/q03_verify_v001.py,20305,9ee6b537a755bdfd82f1a7573a80df9d6630e3ab83d499e38a89ba8705d3ab99,A
题库/A题/2023/解题过程/代码与配置/run_s02_examples_v001.ps1,1220,cc7515c2b8d6f5fc4a7b3adedcd2561b167f4da9f84fd0876068ba4d562fdd5a,A
题库/A题/2023/解题过程/代码与配置/s03_finish_v001.py,23295,77233aba8a6033033ef73467a1b25b86db236c863617dab33f66ab59dee3c2f9,A
题库/A题/2023/解题过程/代码与配置/s03_integrate_v001.py,13743,6d634523b5fcc5a1c70c10c9bacfe5498c21acf44d8c71a22aa1bfc7f903215a,A
题库/A题/2023/解题过程/代码与配置/s03_paper_numbers_v001.py,14429,6481f65ecc5218c4e38dee7b322d2eb282e19c5aa3837718f100657eefb326e0,A
题库/A题/2023/解题过程/代码与配置/s03_register_v001.py,10641,d7c8ed96887130efaf2c08111ecd5d4a7ade94e854c30fa111653484e0f5be09,A
题库/A题/2023/解题过程/代码与配置/s03_render_v001.py,885,5a4b2bae343a86bf1a68163bc8e571ec9f584d732b2ad700a2c61104c291d404,A
题库/A题/2023/解题过程/代码与配置/s03_results_sources_v001.py,24868,ae9d8b1198845efeea3d7cdb530ce50c608e729bb345e010d2eb1b6e2a0b8d88,A
题库/A题/2023/解题过程/代码与配置/s03_search_evidence_v001.py,13493,95bfd5e1c9805b794db05969dc8acbecec8484282e6f89770c2d131b5f8d394f,A
题库/A题/2023/解题过程/代码与配置/s03_verify_package_v001.py,14790,4abd4b96d192a126b1fda57cebbf928789f354f0402c9787a6efd3f5d32f6093,A
题库/A题/2023/解题过程/代码与配置/verify_delivery_v001.py,4494,def1f61026a549e571f4d5e32549e5232814e1632e255811921c56cadc86422a,A
题库/A题/2023/解题过程/代码与配置/verify_github_archive_v001.py,6604,73e12a636faafeccf0613d337e8b6810971a80bff6580a2f5eb466146c490d02,A
题库/A题/2023/解题过程/代码与配置/verify_q01_plan_v001.py,8470,a925fc66ee04480a63659dc4b8df80d03fb29424193426059e79a35e032ed56b,A
题库/A题/2023/解题过程/代码与配置/verify_q01_prototype_v001.py,8482,28af5260844c80157de5478276de5745bcc52ca3b5fccad91783f63276184eba,A
题库/A题/2023/解题过程/代码与配置/verify_q01_prototype_v002.py,8713,30afdcce273965a94a18ec6a5238a1ec1e0499b795c9005ef6d051fd6a3c8402,A
题库/A题/2023/解题过程/代码与配置/verify_q02_preparation_v001.py,6271,2d2f22ad44c08528d8b8577dc2c27c520d2973b43aa81ac5d117caaaa4bff990,A
题库/A题/2023/解题过程/代码与配置/verify_q02_prototype_delivery_v001.py,7035,02ac49873346b771e6f6a69dbc0356f289fd4ad3f4d0bd5401f30682db4a67e6,A
题库/A题/2023/解题过程/代码与配置/verify_q02_prototype_delivery_v002.py,7117,da5d04805b7700ad97b156fa475e9bbc213fa8e1e67c6ff4c5a2dae2f0e1c693,A
题库/A题/2023/解题过程/代码与配置/verify_q02_prototype_statistics_v001.py,10394,63d17e5145c34d756135dd4d07b5964eb2da1ae0229f3ace26ca64d1668d3443,A
题库/A题/2023/解题过程/代码与配置/verify_s02_delivery_v001.py,8268,b27d62a7c5ecce4cfbf040ccae41e818b794c83c7f88a4cc53ac7830ca0bff97,A
题库/A题/2023/解题过程/代码与配置/verify_s02_delivery_v002.py,9003,7c9cd9d9e8cff690190032cec3cf5c1481ca314c8353333c5b1b13971a956134,A
题库/A题/2023/解题过程/代码与配置/第1问-正文模板-v001.md,25995,56edbc24769e7218c457bf9a9e79a55542261f488b40455c5bb4b1a19cd481d4,A
题库/A题/2023/解题过程/代码与配置/管理员归档复制脚本-v001.py,7315,9c16723d4a10bfb124cb3fabc806e01c93c8f0184781411f0234956b0c884e58,A
题库/A题/2023/解题过程/代码与配置/运行说明-v001.md,2785,1a2eb494230d27f48cecd23d501fb9e5d82b33c3578f43c2601d305e56af7513,A
题库/A题/2023/解题过程/冻结版本/README.md,650,ec4f1dd4cae1e461d749576d7d9585b4001eb3aefa8a7ca0c74b877897d6f756,A
题库/A题/2023/解题过程/冻结版本/包元数据/README.md,1986,ae519eae7565a2e710d478d8d615aa8667a4ee9606453bc6c0fa7d7d5d71a63c,A
题库/A题/2023/解题过程/冻结版本/包元数据/SHA256SUMS.txt,76295,9e6b950d124e16454aaf1715d21d2be183432e2703f4b92ff9a10d0d01820439,A
题库/A题/2023/解题过程/冻结版本/包元数据/文件清单-v001.json,134479,ed23098187e4479ab250744f6cc35fc84e1ec5bb25afe7e6b4ac21851c0da357,A
题库/A题/2023/解题过程/冻结版本/包元数据/未复制依赖清单-v001.json,157584,b179f0c7df9d22c8f748a8bb38a2ed57469eb2b6684f2588d16488cf9c1f430e,A
题库/A题/2023/解题过程/冻结版本/正式冻结登记-v001.md,2581,31e3f1716d21c972c81299a8c882881795df45ab96f5df108b609602f5be6f8f,A
题库/A题/2023/解题过程/冻结版本/盲解规则快照-AGENTS.md,10417,f7a5facb2fb333b20e3e9e12cd14b4990a209f3a8a09899d8eabe7927c9c9247,A
题库/A题/2023/解题过程/冻结版本/输入快照/匿名题目.pdf,974524,86dd794bc41671bf55203be03403a165863374c5e2beca12f5de3db4425e997e,A
题库/A题/2023/解题过程/冻结版本/输入快照/附件01.xlsx,6804,e58d7f327a662d7d2263cf9aaded946a9f9018a49c9908e7f670f308b8f4a634,A
题库/A题/2023/解题过程/冻结版本/输入快照/附件02.xlsx,6804,e58d7f327a662d7d2263cf9aaded946a9f9018a49c9908e7f670f308b8f4a634,A
题库/A题/2023/解题过程/冻结版本/输入快照/附件03.xlsx,34796,596abec1162db0bce095f6f768b6cd06394e61766f80129a09e15146dc1fed50,A
题库/A题/2023/解题过程/失败与修订/README.md,810,823c951763f9a58d199371ac964cdfdc722ec30fb19f51e68e084f167e04839a,A
题库/A题/2023/解题过程/失败与修订/管理员归档核验失败与修订-v001.md,2562,0120e867e0725e5eb9f4df2eaf03d627d693197d75e3eb04cab8d884e0764016,A
题库/A题/2023/解题过程/审计记录/00-任务状态.md,1987,2b820c704bf0b180f2597cb80b7066a319b14ea99110749970cf20e5deaee9be,A
题库/A题/2023/解题过程/审计记录/06-更新记录.md,69170,f7ff7a41853da1e2f3482fc31d942fe90417f116de9680afd5f99e98e403b871,A
题库/A题/2023/解题过程/审计记录/决策记录.md,63446,054110b88d450293d3bda912a65d0323ce351d18d5d5b87c69fca03ebf887439,A
题库/A题/2023/解题过程/审计记录/归档清单.md,49713,56771a86e74e4060b6e86ea6ca32af1b997dbf9a22d6e41c5309b75ac520ac22,A
题库/A题/2023/解题过程/审计记录/方法库查阅记录.md,35693,7b8c000c4ec57e945feb9726a6faa09b4a753b4470af962e603d24105fa649c7,A
题库/A题/2023/解题过程/审计记录/记录索引.md,47216,e330adc7f354d47a7308495bb2d10fe954ee344a9bfc7847abac6a6e998b0dd2,A
题库/A题/2023/解题过程/归档映射-v001.csv,212219,32787ccd1b0089d99d41d4a5f7d7af97333e4ef8ffc550c812ce34d4187d2a33,A
题库/A题/2023/解题过程/归档映射-v001.json,333555,5bb5f00319ec147329fd92d3c57f8808b47c8ab36ca17eccc40084a9cc681e6e,A
题库/A题/2023/解题过程/归档映射.md,890,dfb4b3706a4c4436f7416525be945c79860e4c2ca09587f37a5294797c4e22bf,A
题库/A题/2023/解题过程/归档统计-v001.md,547,3c09f5c099d08eb89f5b2fd908aaeae4c58d72ef59b4bbfb82b4ba0c935bec93,A
题库/A题/2023/解题过程/方法资料快照/方法库/M01-输入假设与适用范围-v001.md,4154,96ed9a694f5a9e73e1a19a472bf5f87f186ab49a9dc8a8e64434a62f55b1ae8a,A
题库/A题/2023/解题过程/方法资料快照/方法库/M02-空间方向反射与有限几何-v001.md,4587,94416d26857e99fcf145e9e97b11b5f68656397cdb37718d74d6e258e296cefc,A
题库/A题/2023/解题过程/方法资料快照/方法库/M03-条件能量比与分布归一化-v001.md,3975,ec17db106349f5150f3e9bc49ad6469f975a2f3cb9387c4aae38414d3bda3ff8,A
题库/A题/2023/解题过程/方法资料快照/方法库/M04-平均权重与非线性汇总-v001.md,3747,848fc02fd70882921bdb6aa3d1efa31d851fd8569c07602215ce4e5a6e778e2a,A
题库/A题/2023/解题过程/方法资料快照/方法库/M05-数值误差验证与复现-v001.md,4180,14de3c6a420225beccacf9d5e2e558a0e109f14e391511e1d4dd9c57bf032a0f,A
题库/A题/2023/解题过程/方法资料快照/方法库/README.md,3352,efe5b3b3c20a2e8ce149ab74d70c518f85746f7433e0c03aaa9a4a6af4b58353,A
题库/A题/2023/解题过程/方法资料快照/方法库/manifest-v001.json,19050,0444a6ff2a381458092d21fb708619260f66bb84bdb71f57d30fa5f0c1f29f5c,A
题库/A题/2023/解题过程/方法资料快照/方法库/原文选段/D01-建模质量观念.md,1773,837ac362d2e891bd459276993570b5e503573a5d0421d04a1c84e45305fc89e9,A
题库/A题/2023/解题过程/方法资料快照/方法库/原文选段/D02-几何方法分类.md,4016,4a4bb2da78d406ba8dde8fdf9b328f2179db0aeff404cb65b30ba082d755cc7f,A
题库/A题/2023/解题过程/方法资料快照/方法库/原文选段/D03-随机模拟基本思想.md,1496,63a692f622e86825d353da381892205286b5ab40f9e70e80ad1d6f4beec6e01d,A
题库/A题/2023/解题过程/方法资料快照/方法库/来源与许可.md,3461,0b8958b162cbfac209cfdcdbc7e68fb5d0d5ac43ae099e1d96d516a491300535,A
题库/A题/2023/解题过程/方法资料快照/方法库/资料清单-v001.md,9807,7f4616a0e65c773157551d39cf34c89d5a0773179833e725c82a3a5e0fb4a802,A
题库/A题/2023/解题过程/方法资料快照/方法库/验证/README.md,1390,c20b953eef886f2ad011cc7e26feeb3653e9b684631f93591c45b99b8648645e,A
题库/A题/2023/解题过程/方法资料快照/方法库/验证/check_examples.py,3624,71b75eeda1a5dbd82d72a700063600524ebc2201afcec20bd4e1f4bcb1977c27,A
题库/A题/2023/解题过程/方法资料快照/方法库/验证/运行结果-v001.json,3236,984296454463cf2728c52f7b178bf4f55fd7b354d3cc6f5aa108412afa196e43,A
题库/A题/2023/解题过程/方法资料快照/补充资料/P01-角尺度来源与边界-v001.md,3010,1909e60303e57e39b7929f2200b7b966523b0bc2c2d44995f4f952e0a7ec4588,A
题库/A题/2023/解题过程/方法资料快照/补充资料/P02-方向分布与待选假设-v001.md,3749,bd47a735887659b4db9f6b026b12b054c71db79b1993a0f88abe7a511136dc36,A
题库/A题/2023/解题过程/方法资料快照/补充资料/README.md,1314,9be33226f37b4deece2bf957e5ed27e4ccbfabee5caac8f8d5a992592c543bd7,A
题库/A题/2023/解题过程/方法资料快照/补充资料/manifest-v001.json,11689,bbfa7a488c49de9f3c340a83bb925d0c3169d85cec821d05b1523bf80d1bb19d,A
题库/A题/2023/解题过程/方法资料快照/补充资料/交付完整性-v001.json,3973,4fed446e200de25f96a29acb6cb8656d79193ba3f3c7deac8a699abb89386cf9,A
题库/A题/2023/解题过程/方法资料快照/补充资料/待确认事项-v001.md,1140,fe2605c467a855bbe9b3c6d901c820836e00321f73bce61b3fcb693903dc8c15,A
题库/A题/2023/解题过程/方法资料快照/补充资料/资料清单-v001.md,3471,32d55084ce769eefe80f8d5c136bb24f57973d6867e08013211255ff6669113e,A
题库/A题/2023/解题过程/未入库依赖说明.md,1597,e6cebcb725e3d3af9f1be53e9abfcb3fd4aba6f4735d5a79dd40274d4f5688ef,A
题库/A题/2023/解题过程/管理员归档审计/PDF与正式结果核验-v001.md,1136,a8c030234f7327c0d1271e87b42d6a5902698daa051a82fa9066da8f9a497fc3,A
题库/A题/2023/解题过程/管理员归档审计/原工作树与远端身份快照-v001.json,2357,05ff6c15f5c4c0081ac069295aaadf89bff04e2137a7c095cfe46bf6708d01e4,A
题库/A题/2023/解题过程/管理员归档审计/原工作树与远端身份快照-v001.md,932,012f27a38f655ea67a911e48439d3a104bd06d4ba8505a76c293deb3f9200dd8,A
题库/A题/2023/解题过程/论文/LaTeX/第1问-模型建立与求解-v001.pdf,466374,57600f55d44cfc38b1d500c58f8b11f4f7da23d1c00aacd480338924d1e91a70,A
题库/A题/2023/解题过程/论文/LaTeX/第1问-模型建立与求解-v001.tex,35274,5122792cd6ec71ff61f3cd7c8ca6f4f263dee51b333cff06cb1fe1d2254399c2,A
题库/A题/2023/解题过程/论文/LaTeX/第2问-模型建立与求解-v001.pdf,226780,25deb23384a2f0045e08c6eaed9a5703f88c1f66650855c68f9d48883003cc1f,A
题库/A题/2023/解题过程/论文/LaTeX/第2问-模型建立与求解-v001.tex,33864,5225abd746c29f46b66f0fe39a79840af815803d456f642cdd0a4f9022e0a925,A
题库/A题/2023/解题过程/论文/LaTeX/第2问-模型建立与求解-v002.pdf,439961,664e7e4e03ac65637a548dc95271ae32779295ec8b3ea4774c4841002e390c5b,A
题库/A题/2023/解题过程/论文/LaTeX/第2问-模型建立与求解-v002.tex,54022,6a666b85f94f2ca114a071a8198fbb90763094ac1a819362aa1804bbb48eef25,A
题库/A题/2023/解题过程/论文/LaTeX/第2问-编译日志-v001.txt,5269,cfbc5657b548321c2b8d20034358172282c17a0b3f1acdea1121a8335602bcd2,A
题库/A题/2023/解题过程/论文/LaTeX/第2问-编译日志-v002.txt,5262,fe1de8e9a5b215f79337fd5bd302b359046ad58181fb1a6d8a009e5a38bfd123,A
题库/A题/2023/解题过程/论文/LaTeX/第3问-排版修订编译用时-v001.json,141,e8bc20a31a049ad80160515926b9f84354008915f1be0cbec520e50dfdd51432,A
题库/A题/2023/解题过程/论文/LaTeX/第3问-模型建立与求解-v001-compile-1.txt,5295,34ac7c22b9cd368b96a907eb7ae3483bcc2f31d84fbdcffe1d92cc75d2f00b6d,A
题库/A题/2023/解题过程/论文/LaTeX/第3问-模型建立与求解-v001-compile-2.txt,5288,c3c979c189ed1aee9be322c627f89eee187975ae639f035ff67e4167a7e16418,A
题库/A题/2023/解题过程/论文/LaTeX/第3问-模型建立与求解-v001-layout-compile-1.txt,5283,6d74edfd23f2f42e17e223195ab6bdbf45a369fe4d51ffda30e3f613392e4c4c,A
题库/A题/2023/解题过程/论文/LaTeX/第3问-模型建立与求解-v001-layout-compile-2.txt,5283,6d74edfd23f2f42e17e223195ab6bdbf45a369fe4d51ffda30e3f613392e4c4c,A
题库/A题/2023/解题过程/论文/LaTeX/第3问-模型建立与求解-v001.pdf,365132,9380e87e6198029df17a8b132ed6b0f9016a130823e53421ecd6f99b02508988,A
题库/A题/2023/解题过程/论文/LaTeX/第3问-模型建立与求解-v001.tex,28947,c7ac1b66134af753972759b9977bb8dd0ad5bc25380e0532a405ac1481a54848,A
题库/A题/2023/解题过程/论文/LaTeX/第3问-编译用时-v001.json,134,db9e3b36021e7b633f829d17f989dd6be0d3634d83f62d11c1a50439a3c22ce4,A
题库/A题/2023/解题过程/论文/LaTeX/编译文本核验-v001.txt,34362,bad21425e2826fbe3eed7d99c074cfa4c4a8ad299b44b84a8abe9654b7555c44,A
题库/A题/2023/解题过程/论文/LaTeX/编译日志-排版修正-v001.txt,5269,0b796e3c29c66e57c90e7bbc1e325b0da9dc96a7ee05cf83bd10636020e56ca8,A
题库/A题/2023/解题过程/论文/LaTeX/编译日志-最终-v001.txt,5269,0b796e3c29c66e57c90e7bbc1e325b0da9dc96a7ee05cf83bd10636020e56ca8,A
题库/A题/2023/解题过程/论文/LaTeX/编译日志-正文核对后-v001.txt,5269,0b796e3c29c66e57c90e7bbc1e325b0da9dc96a7ee05cf83bd10636020e56ca8,A
题库/A题/2023/解题过程/论文/LaTeX/编译日志-首次-v001.txt,5340,d2550642b1fa01620dcc4dfd7f5f5e4b991fb9fb62c68cc29bc29c4e989b3bb7,A
题库/A题/2023/解题过程/论文/LaTeX/编译检查-v001.pdf,12580,20ccd23d259cc533f869cd64bc009198bcc19e17bf012f03ecaea6cb73141066,A
题库/A题/2023/解题过程/论文/LaTeX/编译检查-v001.tex,255,a8fd4f35e2e0e52052fc404b77e1badde6999c14bb42a7f613e734ec686640cf,A
题库/A题/2023/解题过程/论文/Q02-写作准备片段-v001.md,17175,4cac1b49897a41387834fcb4edc1b03d49562c7638d378e343f85c56b6ea36dd,A
题库/A题/2023/解题过程/论文/全题整合/Markdown与LaTeX对应-v001.json,9779,ffd0dd398c340a9c5a62859837099dfe8d8cc2deb0bf6ff9f078e12421d60fa7,A
题库/A题/2023/解题过程/论文/全题整合/PDF人工核验-v001.json,1139,c0556480749789e8f535c2089af2451e2ca6b4f895e53ece6a535d0a1a5e7cb8,A
题库/A题/2023/解题过程/论文/全题整合/PDF自动核验-v001.json,6164,ba8643d8df1c227f2a909f83f09f7c0ffd67457185776d5b02e3b481f0e2885c,A
题库/A题/2023/解题过程/论文/全题整合/S03收尾控制绑定-v001.json,1535,d8ddbba89bb96c87251f3d1f5edb332cdf9ca349a0b8b3fb02a746442dcfe91e,A
题库/A题/2023/解题过程/论文/全题整合/S03最终回读核验-v001.json,511,d09d82c97d3d1e8a1b938cf8f981a18e7ac20b966220cda2da0cb3a472c435ce,A
题库/A题/2023/解题过程/论文/全题整合/全题可复现说明-v001.md,17153,54034ed53e8e559d7192e878041f3b1e982435e7e82bfb1f74396953b5807c61,A
题库/A题/2023/解题过程/论文/全题整合/公共模型一致性审查-v001.md,24429,7bf7cd8727a6ba2ae58769c4bbaf2918d41310ca5653e8a68be1f1921c5899ef,A
题库/A题/2023/解题过程/论文/全题整合/冻结候选交付核验-v001.json,663,9818df6fc9478c42db3c60a4a44e8fdedafc3c22b61aad8d6d674a276cce9f06,A
题库/A题/2023/解题过程/论文/全题整合/图表/图1-三问月度功率.pdf,5055,2f201c3d557f06a485facc04d9108753f441d87b56d56b9b40438d1adc42b8fe,A
题库/A题/2023/解题过程/论文/全题整合/图表/图1-三问月度功率.png,53908,8802f3a07a360e018d0f143120bd4f0b77e0a7dc86042c4df03ff2306abf93d2,A
题库/A题/2023/解题过程/论文/全题整合/图表/图2-异尺寸镜场.pdf,203561,68e4b6d96286c949f2f27a108a1193e5e2da648d16c44d66216ceeddd17327d0,A
题库/A题/2023/解题过程/论文/全题整合/图表/图2-异尺寸镜场.png,97171,61e2f83bab1f52daf40ce766afa520f7778d1a93a7d4e059315b8f7dc61a7563,A
题库/A题/2023/解题过程/论文/全题整合/学术修订记录-v001.md,18196,c5e033793544ca2b45bd078fb9633be54b229af1ca60f234c210cbb2b835fb57,A
题库/A题/2023/解题过程/论文/全题整合/完整论文-v001.md,43533,86f9f98642331632d82eef24cd2b3fddadc81773c53204a210553c7306284f83,A
题库/A题/2023/解题过程/论文/全题整合/完整论文-v001.pdf,440378,f1961abe482d87137cd7372800a83cde1c2a17e80736a75fe0320e13225b9a45,A
题库/A题/2023/解题过程/论文/全题整合/完整论文-v001.tex,54597,4cd1ee4bce53cec2e7f34f01098c831aaa5ffddd69a7f5ec4be5107b75202904,A
题库/A题/2023/解题过程/论文/全题整合/完整论文内容模板-v001.md,38720,dd0c341892599a371640be7be1b4a0cf40ebf14c96f223dc486472dd632b3608,A
题库/A题/2023/解题过程/论文/全题整合/完整论文证据映射-v001.md,12684,8d1a9ea01a04984307c6fd0b3c5b322a5b1abdf4d6ec20b5bd80541482ec1341,A
题库/A题/2023/解题过程/论文/全题整合/完整论文静态复核-v001.json,1695,ea0040f7e9ff4e868c76e6e99bf91199e38929ad2db86162843a79c54e28b5df,A
题库/A题/2023/解题过程/论文/全题整合/实际搜索比较与检验证据-v001.json,902115,13d7d0ba04b4a1a83a7e3e9aacd63def1d8486d3028e0dfaaad60393aaaf7c37,A
题库/A题/2023/解题过程/论文/全题整合/实际搜索比较与检验证据-v001.md,3835,27ca701fa6f7593d95da9d1dd33e012bd24c77963b3429f891b884cff6aec664,A
题库/A题/2023/解题过程/论文/全题整合/搜索比较证据回读-v001.json,398,e91e1309ef6d9efeed01b6403ae3aec14d8d01e80049051bf2e845a591e38938,A
题库/A题/2023/解题过程/论文/全题整合/整合与参考学习前基线-v001.md,4690,eeec53ea5f1bb499753d0caacc0983e09bdf0027d9c023cf33e49bb8d678a2b3,A
题库/A题/2023/解题过程/论文/全题整合/整合与参考学习前基线-v001/00-任务状态.md,1716,413d8043230eed753cf2aefe0314bfb3772508bd090cf368bc113419015dbe76,A
题库/A题/2023/解题过程/论文/全题整合/整合与参考学习前基线-v001/06-更新记录.md,62470,2261a0806f412336ededaa5dfecd706ed207036c33c0db2602d3f5278c4a01c3,A
题库/A题/2023/解题过程/论文/全题整合/整合与参考学习前基线-v001/baseline.json,4255,6e1eecc9c833469cb1ab5923bda599d8d5c16d19e196136c53f1f4042f415c28,A
题库/A题/2023/解题过程/论文/全题整合/整合与参考学习前基线-v001/决策记录.md,55958,1306a653e3d2850da08f2b531855ddc3090328d2983a4dded789efbd49e180de,A
题库/A题/2023/解题过程/论文/全题整合/整合与参考学习前基线-v001/归档清单.md,44148,d8e47e885637705f31f68a8b501f5e5f389d46fd9e2bfd388f31fcbdea1c54b7,A
题库/A题/2023/解题过程/论文/全题整合/整合与参考学习前基线-v001/方法库查阅记录.md,31772,2dfbb2bb4296be97d7d38a40349c8bec50388448991d175f2e19003906ea7f6b,A
题库/A题/2023/解题过程/论文/全题整合/整合与参考学习前基线-v001/经验.md,6349,70cafbbd2ed412c7d7e1466891c37eb7d9befa791ba48941bb9bc19d3da01b88,A
题库/A题/2023/解题过程/论文/全题整合/整合与参考学习前基线-v001/记录索引.md,36763,f4892168af8594f5f64725bf3045a2ebacf9a6a73deb50181e1de33712723c95,A
题库/A题/2023/解题过程/论文/全题整合/文件与整合一致性核验-v001.json,68718,40a4a0a79b928323ac3a7492812bd7b894c4ba7d03014ae72417a9db76ebd51d,A
题库/A题/2023/解题过程/论文/全题整合/本地编译核验-v001.json,1279,99df6e90fa8e2382e6d3c95e204e6650e43ca37a92637814ce667849ef087cd5,A
题库/A题/2023/解题过程/论文/全题整合/来源审计历史/s03_results_sources-v001-尾差核对前.py,24574,ba10a01a075dfa74861f286396f85c496c48a5bc5d3c1d0958700f24422b3687,A
题库/A题/2023/解题过程/论文/全题整合/来源审计历史/s03_results_sources-v001-语法修正前.py,24574,bcff756906ab6635dd693f824aa3b8cd6ff2dac3ca5b048ce751d99c5984309b,A
题库/A题/2023/解题过程/论文/全题整合/来源审计历史/修正说明-v001.md,1053,ea7743ccf357bf92b8256b88d784e93e14bbbc960214576b3f2acd5ae996a464,A
题库/A题/2023/解题过程/论文/全题整合/来源审计回读-v001.json,1984,72c108926488ce816019db2d7b8c4b3fd9ec2ee14b22afd492d1d23d218c9e9c,A
题库/A题/2023/解题过程/论文/全题整合/正文数值独立核验-v001.json,127250,a7b3dd6dc3d47e320a19ec44e3a46b2d20bbe06fdf7542896f590bce2e638ea4,A
题库/A题/2023/解题过程/论文/全题整合/正文数值独立核验-v001.md,1773,1ec5a46fcce7949064c1790d9567057edc6a5554d7f5cfcd418962bb22d72fe5,A
题库/A题/2023/解题过程/论文/全题整合/正文生成证据-v001.json,21108,67ab4db137420adb49dd058666895be6bd97984dd0b68819a32ab9e231e70c78,A
题库/A题/2023/解题过程/论文/全题整合/盲解边界与局限-v001.md,9110,19f8699a935b9909bb0c2924859890106aa61482469e16e4816dc6f33580c665,A
题库/A题/2023/解题过程/论文/全题整合/经验整理候选-v001.md,6672,967b4f5b18218a0c3a5bf9745e8159afc68322aee2b3c1f1f5e1f4369e492df3,A
题库/A题/2023/解题过程/论文/全题整合/结果与来源-v001.json,251541,4a160072eb1d4ee8772be10fd3ba5352f54cb98216fc592ea53f2a295aaafdfe,A
题库/A题/2023/解题过程/论文/全题整合/结果与来源表-v001.md,8921,594ef2b22c263f665a394c7d8e2033ea29f6fca088e720b691d1e2a88ff121e5,A
题库/A题/2023/解题过程/论文/全题整合/边界与引用静态复核-v001.md,5595,67b3671923f08c1887c5f9a8e4032c464ca1089dbb3ff7af7390220b1f8178f0,A
题库/A题/2023/解题过程/论文/写作规范-v001.md,3870,28e8ff6e4c2664a71851ee9d5c49890a70a8863debc36dc1199077216c41f781,A
题库/A题/2023/解题过程/论文/参考写作应用对照-v001.md,2097,ecca5bf5e5adcae79961bd8df4da97b214ebd612ce5316afec2208d9ce6a70f4,A
题库/A题/2023/解题过程/论文/参考论文写作学习-v001.md,1897,2f1d9261a1fbf8dd8c1c8289f49843ee5ad0b9ffdd560fbcce752f8504bc7752,A
题库/A题/2023/解题过程/论文/图表/Q02-v002/Q02-图注与来源-v002.md,1511,e3fbf7ba6c28e91a922b44a78be3d45542592d421eff80ca31c50f54b515416d,A
题库/A题/2023/解题过程/论文/图表/Q02-v002/Q02-月度单位面积功率-v002.png,76901,691d473653a957e39d23e13f0139aa17151f7596b0b9cbb85b50c59138f5e5b3,A
题库/A题/2023/解题过程/论文/图表/Q02-v002/Q02-确认镜场布局-v002.png,95508,6c392ba89a9915ab82b600a18a28302b4faaec385eb4bd4deb5ea5f90b37a85c,A
题库/A题/2023/解题过程/论文/图表/Q03-v001/Q03-月度单位面积功率.pdf,4626,53ed3215614172e2cc7709e06d6aad989f6119162de7639461d16b27a4b3ff7a,A
题库/A题/2023/解题过程/论文/图表/Q03-v001/Q03-月度单位面积功率.png,53582,538f76607b42abf71c7ea57f643dffe9f579f2dc04e21c85edd55e8be7318ca4,A
题库/A题/2023/解题过程/论文/图表/Q03-v001/Q03-镜高分组.pdf,197996,d9ed684dc21c4112bcc018477f415fe5542c3fd754518e9cfde27fe82e1ec9e4,A
题库/A题/2023/解题过程/论文/图表/Q03-v001/Q03-镜高分组.png,103381,d46af90c2cd6fc47c4bbcd205ded4223fd9b55f619dc11f0afd0bff8a7e2ceaa,A
题库/A题/2023/解题过程/论文/图表/图1-月度效率-v001.pdf,113893,cfb294d66b5492fa8748839c44de6c43158bf2600c830f4edb0fdd7448201c53,A
题库/A题/2023/解题过程/论文/图表/图1-月度效率-v001.png,130315,ec7660e9066d2aeb317ee991d00695772562617e003defcf8d6f843064d744b0,A
题库/A题/2023/解题过程/论文/图表/图2-月度单位面积功率-v001.pdf,96543,b7d4e84b93aedc1d0cdcb5ced663058bab033d382dc1ff917e2dedd5c5a4eba2,A
题库/A题/2023/解题过程/论文/图表/图2-月度单位面积功率-v001.png,106367,229abf70f4279cb9c7645202722c26383184989908c2db150ac72b3a4d2b2937,A
题库/A题/2023/解题过程/论文/图表/月度结果与工作指标-v001.csv,2905,7edf29e261ca783f164f64bdf81b6faabc3c67fc47c6b88d7917d9f56c6af9b3,A
题库/A题/2023/解题过程/论文/图表/第2问-C22-未达标诊断布局-v001.png,58125,0adfaeca9d22b152af852b13faf5e90a43179601c164119f2f1e240ba966d5c2,A
题库/A题/2023/解题过程/论文/图表/表1-生成内容-v001.md,906,cc30aa1f5f83115ce5822e003ecc591e6e003e15d1ffb4f322b5d9dd890ebfa7,A
题库/A题/2023/解题过程/论文/图表/表2-生成内容-v001.md,281,9078977a495f4a49916697bc6a9d128d9a63d70086ff70ac6b1dab52b9733079,A
题库/A题/2023/解题过程/论文/图表/表S2-生成内容-v001.md,648,31d09962ea9b39e777fdf99418399c57b3c689041395addec0b0f7ca40eb64c3,A
题库/A题/2023/解题过程/论文/图表/表S3-生成内容-v001.md,312,cd80ff69c13748c0a7159346e74ac08b72274aef04d837a8f8fbfef6e2a2e4dd,A
题库/A题/2023/解题过程/论文/图表/表S4-生成内容-v001.md,451,80fcd588af599f1c81c72dce8a8ff3bf29a927678c99280908075e6d5847def7,A
题库/A题/2023/解题过程/论文/第1问-修订与排版记录-v001.md,13521,a8582660a96c0bdd13c208d8ca5da0a06fe6c793d28bc18cefe5915a5ecbd906,A
题库/A题/2023/解题过程/论文/第1问-可复现说明-v001.md,4027,e183f245a1db9859b1af4b4285b3b5774fe0347d81fcf382c770929a9940c097,A
题库/A题/2023/解题过程/论文/第1问-模型建立与求解-v001.md,30004,5d13b04da58dd74070124f047a58a5b7887cec7adfe3bfcc754ad82c6f6f5341,A
题库/A题/2023/解题过程/论文/第1问-正文证据映射-v001.md,8211,fecd96d735c222549dd764ebf82db3efe305f632a412025ef96d3a87c3dcc371,A
题库/A题/2023/解题过程/论文/第2问-修订与排版记录-v001.md,2949,f5902e80bb934c22b50cb4ec7af3eb4297255d7a8ab2c26997c040bc241fd5b9,A
题库/A题/2023/解题过程/论文/第2问-修订与排版记录-v002.md,19910,040f511dfa72251b8148c57572f1496e0fcaa1ff7688611cf9027fa83e21dafb,A
题库/A题/2023/解题过程/论文/第2问-模型建立与求解-v001.md,29819,73cd5ba89bb10348d38480d83cd843136c08bf89dcfcb40b3cfde398a906d11e,A
题库/A题/2023/解题过程/论文/第2问-模型建立与求解-v002.md,44292,eb30650b30f15035e8d8e486a5df53b76022c37dcd411a5b34fa9931500cbd56,A
题库/A题/2023/解题过程/论文/第2问-正文证据映射-v001.md,6799,80da16ea2630d119e92e2b16b63387a8befa299cede1a89faf3862ab257d4ab5,A
题库/A题/2023/解题过程/论文/第2问-正文证据映射-v002.md,10752,17983219c9b0884e889907b05fd5386efb55cbe398ea69a3a77f696febfe5346,A
题库/A题/2023/解题过程/论文/第3问-写作准备-v001.md,11195,3b0750b4766cc3016ae3e6549cafe9b2d233682850ec6c0662917bb80d3931f3,A
题库/A题/2023/解题过程/论文/第3问-写稿修订记录-v001.md,15015,b240fe2b6b6120ab50407061963bf25351b4a85a93eb0c483d09fd16234a9ed4,A
题库/A题/2023/解题过程/论文/第3问-模型建立与求解-v001.md,22172,f6f1045fddac45248410ff272476d75260c4e04e782c46a84d8c81316227f127,A
题库/A题/2023/解题过程/论文/第3问-正文证据映射-v001.md,10238,8272a9a64685d8bbb87432a9ae23543ce9683758552b4946d391df5861c6b9e6,A
题库/A题/2023/解题过程/阶段记录/Q01-全场初算与数值精度验证-v001.md,15921,84827edf7ac3549e10d3a72fee0a15736a82befd887f8f32a2dcdf87635c19c5,A
题库/A题/2023/解题过程/阶段记录/Q01-建模与原型验证-v001.md,23189,99f89aeae180b090b9c3299ead558a5a1085c29555a7f738c2fee82e08da1918,A
题库/A题/2023/解题过程/阶段记录/Q01-方案构造-v001.md,46273,0a2060407f181bb006f621edb74193f3cca8612270c923bad43ba1f185d1336e,A
题库/A题/2023/解题过程/阶段记录/Q01-第1问结果初稿-v001.md,8383,bc10f1245b94f103fe88fbd2611eedce866accebee302d25fda484105ecceca1,A
题库/A题/2023/解题过程/阶段记录/Q01-验收收尾与论文写作-v001.md,9549,8ad328c44f0ebb0d9adfb2a548e5e241f231d1d49091d4f776617375abebf4b8,A
题库/A题/2023/解题过程/阶段记录/Q02-参数化与几何原型验证-v001.md,22077,aff21cb385c9ab8d6fb252386fdbacf1f4318d35ed5e9efc0b09dd5e5d5969c8,A
题库/A题/2023/解题过程/阶段记录/Q02-受控搜索与独立确认-v001.md,21433,5caf4bdf004e09b01da6078f9e86741fef9757e35549542e5bcf7edca5ce4aad,A
题库/A题/2023/解题过程/阶段记录/Q02-可行性修复与独立确认-v001-过程草稿.md,1998,f4d6dddc64551076b0e12620d7ea1ceea62bca0d55c2096d68a4137f37056458,A
题库/A题/2023/解题过程/阶段记录/Q02-可行性修复与独立确认-v001.md,9021,2c2b92322cc7f0c951b4010dbe5f629255f59e85d14a8b262845386ab58df1b0,A
题库/A题/2023/解题过程/阶段记录/Q02-第2问结果初稿-v001.md,2640,05c3cafd8cf1749e523f95fa6babf41eca14fa45d71c9a94bbbc217b0229041d,A
题库/A题/2023/解题过程/阶段记录/Q02-约束梳理与候选方案-v001.md,51283,8512eb4bfc2e9e28a040d0ccb2cf08f844438346884205ae8cfbfb4ffc521acf,A
题库/A题/2023/解题过程/阶段记录/Q03-分组搜索与独立确认-v001.md,15131,2c000ccc8b519f8bbca7def5ad815f616365a2229f9b698199c5d728d8adfadf,A
题库/A题/2023/解题过程/阶段记录/Q03-异尺寸原型验证-v001.md,18309,476bda5605d6216d86a61065a11bc8cd1cfe0c18ba0d2c5edc3310ab70e9c92d,A
题库/A题/2023/解题过程/阶段记录/Q03-第3问结果初稿-v001.md,9689,9ca1b1ae5572a93813d4f1334e079021a96c7c3837b39e9720c0b60e09320d35,A
题库/A题/2023/解题过程/阶段记录/Q03-约束梳理与候选方案-v001.md,46830,adaae349ede79fdcaa0b2247aa8f1eb82fdf7379064d4a640126795048a774b4,A
题库/A题/2023/解题过程/阶段记录/S00-材料审计-v001.md,12675,5602f8230036e7a4ce2c45122ef220ee0936d3f50c490f0cff3e87c83d16cd72,A
题库/A题/2023/解题过程/阶段记录/S01-补充澄清-v001.md,33775,9b0dee47ec43cb2880ab71b7a8097c77cd9a6bc5e19a32698fd2bdcbd2d6d646,A
题库/A题/2023/解题过程/阶段记录/S01-题目理解-v001.md,27580,c3b5491d0e8bc2981be3a2f2917675cf825b3a0bb5d5e655d865ea6266c2ad8d,A
题库/A题/2023/解题过程/阶段记录/S02-方法学习与第1问知识准备-v001.md,36793,9d7bf89cb62baca21300013aa25b161f95c0b9900929a65e85e7cb246dd46ddd,A
题库/A题/2023/解题过程/阶段记录/S03-全题整合与盲解冻结准备-v001.md,10308,809e75769fb39f20167fb5ab08664a5f39b6761d4d4090de57c1f8547831ed86,A
题库/A题/2023/解题过程/验证与结果/Q01-全场-v001/confirmation-完成.json,863,09163c44210961d0b1343c36c0a9edb0ffc539d20d6302fc571bdef15506f655,A
题库/A题/2023/解题过程/验证与结果/Q01-全场-v001/initial-完成.json,853,63c9f75f02aefd53bba3c48ea831893555e50caea921e77090c6c63aff26b2b2,A
题库/A题/2023/解题过程/验证与结果/Q01-全场-v001/交付文件核验-v001.json,27009,8b81b0bf70977d93f2e7d88f931fc2cac18b84736cf11e89dd4db0ff2a13cdb8,A
题库/A题/2023/解题过程/验证与结果/Q01-全场-v001/交付文件核验-v002.json,27402,4d340b3918806824d7b88bb3bbc8766cc59fe5c479bf8d016b5d46179eeb2ed1,A
题库/A题/2023/解题过程/验证与结果/Q01-全场-v001/压力样本预登记.json,25609,1e7ce6e157d453fdee7ef7138f0741e76d9b48819f6b0319ad85a0c3c277f277,A
题库/A题/2023/解题过程/验证与结果/Q01-全场-v001/压力测试与计时.json,12531,2af299990d9e68ac1f56124f0905a5094126259bbbe691d8fb0efae1c1574240,A
题库/A题/2023/解题过程/验证与结果/Q01-全场-v001/失败运行.jsonl,1748,69a811ea44ab3e0632a0fc2105334068af412d4685bc8a9b3e52efb39bb10f2f,A
题库/A题/2023/解题过程/验证与结果/Q01-全场-v001/异常事件.jsonl,910,5b2b77f07bfcb55811e0ff4ddbe65ac05620b4921527b268369af4e313991a11,A
题库/A题/2023/解题过程/验证与结果/Q01-全场-v001/归档哈希清单-v001.json,58513,45d3e43704d8a8540068b04a9e6364f1caec1b5fe4022d0de21b38f32d4baa59,A
题库/A题/2023/解题过程/验证与结果/Q01-全场-v001/归档哈希清单-v002.json,59126,c2a063bc51f11173c8603a3ed702875f55e35a30e851464cb56cd98f3b18186f,A
题库/A题/2023/解题过程/验证与结果/Q01-全场-v001/执行修订-v002.json,817,32282bc9fde4c52624cca5aebe3a7e1b2d8b2118f898d1b5306cc8f1ae015391,A
题库/A题/2023/解题过程/验证与结果/Q01-全场-v001/检查点IO人工检查临时.json,20,8536d78e2eef1bf07a53563a6ea37a8ae42daaf03249730d2b58ab2a5fcc555c,A
题库/A题/2023/解题过程/验证与结果/Q01-全场-v001/检查点修订验证.json,883,dfa1143b92e88dde9ec51ccd43f0041f5cbafdc9deda712a55b11d3be06e0b6a,A
题库/A题/2023/解题过程/验证与结果/Q01-全场-v001/汇总与数值核验-v001.json,110134,d2300d73ccfdb85f1f5a85a58403dcb95f9fc1a5e4e702b7a41284fcd1869f5e,A
题库/A题/2023/解题过程/验证与结果/Q01-全场-v001/汇总接口人工检查.json,314,782e4f06c108351acf5ebc7c9458846facb135e74a829ed28110f9d2ec56f334,A
题库/A题/2023/解题过程/验证与结果/Q01-全场-v001/汇总独立重建-v001.json,110134,8359276c11467d0704e2f4c2da815423ec3cf680572f290ef7da6c2bd5124058,A
题库/A题/2023/解题过程/验证与结果/Q01-全场-v001/汇总重建一致性.json,287,cdc206b109672cded9ec02e6a508163e5ba238286f606f321c98eca3e36e9551,A
题库/A题/2023/解题过程/验证与结果/Q01-全场-v001/稀有分母补充核查-v001.json,8843,68f13c649df2fb856d46f3b8651a0639cfa927adfd3ddc0ed594a48eb9128cb6,A
题库/A题/2023/解题过程/验证与结果/Q01-全场-v001/累计计算预算.json,3286,68b7efea40070f47448cda4a464aa33aff76a09efd682c6a5c00731aa20f214a,A
题库/A题/2023/解题过程/验证与结果/Q01-全场-v001/表1-初稿.csv,3027,d271f8569774c0b1a2e6a7f3f46ef271c91e1871202cb29a458d778264de7846,A
题库/A题/2023/解题过程/验证与结果/Q01-全场-v001/表2-初稿.csv,410,4839143628af9e7ba9be08eeec6c7d349477b39515b94392c420c25e1560d5e4,A
题库/A题/2023/解题过程/验证与结果/Q01-全场-v001/输入映射与时间.json,194550,4747d448d49e076be1f685f6ac54d67a263aa74e53c2b4d0a19077a149fc3c6d,A
题库/A题/2023/解题过程/验证与结果/Q01-全场-v001/运行事件.jsonl,29234,51e395e9715c70e9508d446fe28f05e1ed30c40c7d5c73732cb4f516200a9470,A
题库/A题/2023/解题过程/验证与结果/Q01-全场-v001/配置冻结证明.json,206,c7b9228513fd439c23242992918ef570082e657f6220f8e7417c5ae89caebe5c,A
题库/A题/2023/解题过程/验证与结果/Q02-修复-v001/PDF实际页面检查-v001.json,3143,b9ad6a4961492f9ac33ac402616f53032d338944c11540f4b6ac0ee655cf4159,A
题库/A题/2023/解题过程/验证与结果/Q02-修复-v001/Q02-修复稿Markdown与TeX对应-v001.json,8998,a617c1b7d2153f6e4604d8f778093c9d566de8cda2ec5b04f8010b09f70b1237,A
题库/A题/2023/解题过程/验证与结果/Q02-修复-v001/Q02-修复稿PDF自动核验-v001.json,6232,334bd5a9efc89257e2cd93c0bf83f45dcdede9ac32238b71a2ce78cd344b66f6,A
题库/A题/2023/解题过程/验证与结果/Q02-修复-v001/candidates/R023/design.bundle.json,541,2f7083f26900715b4981cedccc9945346112b341469fb491e0a58fb58c9118e0,A
题库/A题/2023/解题过程/验证与结果/Q02-修复-v001/candidates/R023/design.metadata.json,651,3bc7b88292de5cb0358ed1d090a06761147b58840b5dabc601dd953b585907c0,A
题库/A题/2023/解题过程/验证与结果/Q02-修复-v001/candidates/R023/design.mirrors.csv,231818,6c4679454f8f8062c943833e08af29edefd3f8d960748721a6637df3c5a13f9d,A
题库/A题/2023/解题过程/验证与结果/Q02-修复-v001/candidates/R023/fine/binding.json,2684,fac6fefc732933d0e09077be2450de29feaeb38bdcfb532f1986b8d993e8201c,A
题库/A题/2023/解题过程/验证与结果/Q02-修复-v001/candidates/R023/low/binding.json,2683,49e1a11f467381013888c821fd09e08d968d078fa59192016c5e73952f2559d8,A
题库/A题/2023/解题过程/验证与结果/Q02-修复-v001/candidates/R023/困难组合预登记.json,193,b88c2f05d4a750b810d4e0bd8f38588fc9814156195c2127d4711443930c9d24,A
题库/A题/2023/解题过程/验证与结果/Q02-修复-v001/candidates/R024/design.bundle.json,541,100eae571e4eaa4930c0fd3f39286a31c1d6e9927c441cc867574a7b89d9e530,A
题库/A题/2023/解题过程/验证与结果/Q02-修复-v001/candidates/R024/design.metadata.json,644,5cf9ab693ec0ee8282e516dc53462368993c9b864374926315ebc8bb20eecc8e,A
题库/A题/2023/解题过程/验证与结果/Q02-修复-v001/candidates/R024/design.mirrors.csv,221055,bc4b2784a4385703383a9d4a16bfef1290b77797712aff7bbf0e852e18c1c4fb,A
题库/A题/2023/解题过程/验证与结果/Q02-修复-v001/candidates/R024/low/binding.json,2683,e7e6460bd7f14149f3c686a22ee6ffe518cc8e4c843ca52d26fd6a6c1b9c3318,A
题库/A题/2023/解题过程/验证与结果/Q02-修复-v001/candidates/R024/困难组合预登记.json,194,c3cd41574086d01a4604c01b5e2e01cb0e110f8dcdf004dad3c80afea5b657e8,A
题库/A题/2023/解题过程/验证与结果/Q02-修复-v001/candidates/R025/design.bundle.json,541,3a17b4c3100c7acd20a6f52fd9d178d6577df571b2fce15c0910582fe18339ac,A
题库/A题/2023/解题过程/验证与结果/Q02-修复-v001/candidates/R025/design.metadata.json,665,d117712694f9852b6f135b98637c753eaff666c95aeeb1f20cbb11ced753e20c,A
题库/A题/2023/解题过程/验证与结果/Q02-修复-v001/candidates/R025/design.mirrors.csv,236456,e8c3ef5e0dacf46b456a19776b36bb8280ac8cc6d15d44519255012f7b2933a3,A
题库/A题/2023/解题过程/验证与结果/Q02-修复-v001/candidates/R025/low/binding.json,2683,500cf6dc759b65992f580cdfc92e0fa5e611215f1b8bb91ff44020d8ec06b87a,A
题库/A题/2023/解题过程/验证与结果/Q02-修复-v001/candidates/R025/困难组合预登记.json,193,03852078fa3b855c317a660e3173637d87cb375352d18b7af079e397f86e8364,A
题库/A题/2023/解题过程/验证与结果/Q02-修复-v001/candidates/R026/design.bundle.json,541,74372a336563cf0409bd5d01f84f91c12fba67c9ac3ee947d4e4f0381e9c3984,A
题库/A题/2023/解题过程/验证与结果/Q02-修复-v001/candidates/R026/design.metadata.json,649,7fc7fcaef1ec1e6b753db036a2de937c365ec13a06b6c1f7bc66fb4a97daa660,A
题库/A题/2023/解题过程/验证与结果/Q02-修复-v001/candidates/R026/design.mirrors.csv,231818,6c4679454f8f8062c943833e08af29edefd3f8d960748721a6637df3c5a13f9d,A
题库/A题/2023/解题过程/验证与结果/Q02-修复-v001/candidates/R026/low/binding.json,2683,fec58c89ac375cc1c27505956161938b72cba12beaf75f40d8b746686bb49df6,A
题库/A题/2023/解题过程/验证与结果/Q02-修复-v001/candidates/R026/困难组合预登记.json,193,b88c2f05d4a750b810d4e0bd8f38588fc9814156195c2127d4711443930c9d24,A
题库/A题/2023/解题过程/验证与结果/Q02-修复-v001/candidates/R027/design.bundle.json,541,4c9b1e3a1c9d63cac0fa550db72e3f8f4b2c7e148111c0a022e64aa79da5096f,A
题库/A题/2023/解题过程/验证与结果/Q02-修复-v001/candidates/R027/design.metadata.json,669,d4b3bd91e98088eebe67f2b214648ed7cd72523f6e48af37d8d49efd62288491,A
题库/A题/2023/解题过程/验证与结果/Q02-修复-v001/candidates/R027/design.mirrors.csv,235050,0c47f5b805e934b86123d0be26f9e72ce20deff2d1cac548fd1a558d646fc462,A
题库/A题/2023/解题过程/验证与结果/Q02-修复-v001/candidates/R027/fine/binding.json,2684,5a656c120535b882d7f5549b89f490934941d7dad1635b728dc82dc51a554319,A
题库/A题/2023/解题过程/验证与结果/Q02-修复-v001/candidates/R027/low/binding.json,2683,569bc3011c782d375ca394edf5b0a75515d5792d6e9938fabdf838226574029a,A
题库/A题/2023/解题过程/验证与结果/Q02-修复-v001/candidates/R027/困难组合预登记.json,193,8837ac442c8b7201d0327ffefc1e89c7c0feea095d5adfb57d6926f6a3a89ab3,A
题库/A题/2023/解题过程/验证与结果/Q02-修复-v001/frozen/confirmation/binding.json,4330,0465b64269e937e31438c15a6a3f048390936d8975728e6647b78634a42dc4fb,A
题库/A题/2023/解题过程/验证与结果/Q02-修复-v001/frozen/design.bundle.json,541,0a0a2dde24f912e1556abbd74eec470d0a1054748de6b61c50366548355f98fe,A
题库/A题/2023/解题过程/验证与结果/Q02-修复-v001/frozen/design.metadata.json,685,c2341e5a62d5f47593fa8aa75a1db35f493b14dbeeb8c043186d33729277b05a,A
题库/A题/2023/解题过程/验证与结果/Q02-修复-v001/frozen/design.mirrors.csv,235030,0e6d06152fdf7eede9d03f9a13dd0b4824dccc42ec35500ca4a02888784bd09b,A
题库/A题/2023/解题过程/验证与结果/Q02-修复-v001/frozen/交付精度读回.json,1607,4bb072788ce0e5b75269b1fe90a4146fe2f9c6396a87973f67cb9495d02218d8,A
题库/A题/2023/解题过程/验证与结果/Q02-修复-v001/frozen/身份映射.json,351127,e7d81c79be81504088037381cdad282fc003f7db8feacf7faff6b62d04f676e8,A
题库/A题/2023/解题过程/验证与结果/Q02-修复-v001/result2.xlsx,175934,b305e8da10ab5323d38824521dbb1d768f029fbc1838ac20aea769681d47ed61,A
题库/A题/2023/解题过程/验证与结果/Q02-修复-v001/table1.csv,1399,58a38373bc118420e29c1f3ac425a587fd549557b161c755435a1c0844199014,A
题库/A题/2023/解题过程/验证与结果/Q02-修复-v001/table2.csv,291,c80737e2c43bed29f56efbadcb92a082a0979349ba794a07bf2528bd4494353d,A
题库/A题/2023/解题过程/验证与结果/Q02-修复-v001/table3.csv,212,2a6b24058025bb15f5b04032f03d53aefe848c925eae4aea43147803e7427300,A
题库/A题/2023/解题过程/验证与结果/Q02-修复-v001/交付哈希清单-v001.json,252090,a64a59cc4ffba257475e05ece495900c747f8825ff479c0168c9d25c74af6e7c,A
题库/A题/2023/解题过程/验证与结果/Q02-修复-v001/交付哈希清单-v002-显示修订前.json,253068,12c21b475206c796a33c0a3d6c7ee8e0c9e46576618bf6a270dc527ae275c8d4,A
题库/A题/2023/解题过程/验证与结果/Q02-修复-v001/交付哈希清单-v002.json,253503,6b64220af069cb1ac283770e1ab56ee83493970ccc177dad8be3bca146c19c8f,A
题库/A题/2023/解题过程/验证与结果/Q02-修复-v001/交付文件核验-v001.json,69558,fa0b6c97c9a0efb37eea22f6bbfd0bed24bfca2539d9c6d607821ac741ec3110,A
题库/A题/2023/解题过程/验证与结果/Q02-修复-v001/交付文件核验-v002-显示修订前.json,69713,0bce35ea7ae6d3ca5ebd8304a66f4e814fc270296ddcb6f8016a4aa033fd918f,A
题库/A题/2023/解题过程/验证与结果/Q02-修复-v001/交付文件核验-v002.json,69713,5722bd9de8f03ce601b02746344444b3ac2d3b8dc55aa5a81df938ae38f7bdd1,A
题库/A题/2023/解题过程/验证与结果/Q02-修复-v001/交付清单重放预登记.json,361,4bdba7ef07da05356d32b467eac363c2080b04da98e7901777807515b24f0d0c,A
题库/A题/2023/解题过程/验证与结果/Q02-修复-v001/任务状态-完成前快照.md,1034,d0ff7b0ca49cc57cecd54a54bbae7d0ad6ae4e9ed32322e91670cba065ffa4e2,A
题库/A题/2023/解题过程/验证与结果/Q02-修复-v001/图表生成记录.json,4595,5a934f6da9c4d38cd6b2846e3e525c07a4b2bc54a05e4e03bcd2f7806c5e0d0f,A
题库/A题/2023/解题过程/验证与结果/Q02-修复-v001/失败运行.jsonl,2094,3cd19b49f5eaa5c0d14a14dd8968bf509f242560d03361b43f6ebd5667df14c8,A
题库/A题/2023/解题过程/验证与结果/Q02-修复-v001/实际Excel同源重放核验.json,1357,cbaf4e8ce906d1ff3e57f72259a1d7527a660a1cfbd72d78db141524d316a954,A
题库/A题/2023/解题过程/验证与结果/Q02-修复-v001/实际候选比较.csv,869,5e367ee0e499ccee9cea52cb44217ff342a50affd3217f0ba29bb262d17eb936,A
题库/A题/2023/解题过程/验证与结果/Q02-修复-v001/实际候选比较.json,20362,a01e5b1c7ac8addcab6d71f29d7cc62d6021c55dc3b7a305bf2a6704ab35317b,A
题库/A题/2023/解题过程/验证与结果/Q02-修复-v001/并行调度同射线测试-v001/测试结论.json,11479,26b9aae0bfea066586a4abc76ecbb7981ac8302f5ff05bdc172eabae156b677a,A
题库/A题/2023/解题过程/验证与结果/Q02-修复-v001/并行调度同射线测试-v001/预登记.json,559,a383410da55c0007479d2e767e7ae531cd1b87a7f063eae8cce38fbad536a4bf,A
题库/A题/2023/解题过程/验证与结果/Q02-修复-v001/搜索与确认冻结配置-v001.json,10345,b5a0f86bfdf42bb244cc048f51361307fdd7e5ada3d10c9a62c1393edaabe8bf,A
题库/A题/2023/解题过程/验证与结果/Q02-修复-v001/搜索与确认冻结配置-v002.json,10669,eeee0acbc4cf299a9636fd457de878444b2123dd5028c9a0fc86540b92eea3d6,A
题库/A题/2023/解题过程/验证与结果/Q02-修复-v001/搜索与确认冻结配置-v003.json,10610,679d7076e424e1c04e89a7b2a6fd23d6d61da6e65b5548a5e2d3a62976ccb1aa,A
题库/A题/2023/解题过程/验证与结果/Q02-修复-v001/搜索与确认冻结配置-v004.json,11468,f0797938261457c1edd6ff100e7cdd1da2197c7d79dfadf53d4c5f5a04a05f70,A
题库/A题/2023/解题过程/验证与结果/Q02-修复-v001/搜索轨迹.jsonl,21759,be40b2f5e79b6d0761c56930421dca849665af71d50de13f63b717d01a962174,A
题库/A题/2023/解题过程/验证与结果/Q02-修复-v001/文件终检修订-v001.json,143764,3f4cf0a4c21e38910945f4061c535397be9fc8259e922aaabcfc1ed3f4dd22cd,A
题库/A题/2023/解题过程/验证与结果/Q02-修复-v001/最小改造静态核对.json,242,2a74e22936de232398a487af29560c806e686d7d05d70faa6021015ec0e01b8d,A
题库/A题/2023/解题过程/验证与结果/Q02-修复-v001/最终拟提交候选冻结-v001-串行配置.json,4901,0150486522d63548b31e12de00bfac867bfae4b50e1de4f64cfcffbcb54fa7ca,A
题库/A题/2023/解题过程/验证与结果/Q02-修复-v001/最终拟提交候选冻结.json,5846,abf88c93f01464b377c4b5e8d001af0765b54d076587da938434438045be74c7,A
题库/A题/2023/解题过程/验证与结果/Q02-修复-v001/独立工作指标重建.json,79639,10bce8442e4ef3f707cc6c895d60b9660ddb25793c96168955550ccd9d5ebad6,A
题库/A题/2023/解题过程/验证与结果/Q02-修复-v001/独立确认结论.json,3658,76e3841eb96c367cc5b6835b51ebf4f8fab75a034fa7110bbd835d8c56352b31,A
题库/A题/2023/解题过程/验证与结果/Q02-修复-v001/独立重建核验.json,351276,78f918c304f809c7aa2d19dd9e9564a2b505b89bff9e25e45434f87dce3e5aa3,A
题库/A题/2023/解题过程/验证与结果/Q02-修复-v001/累计计算预算.json,6514,c9261783fcb7234352098ff46a7a0c478e4b17ddbad3b45f3dddc314a46bed7c,A
题库/A题/2023/解题过程/验证与结果/Q02-修复-v001/结果数据.json,8119,44730282b3d53cb5657d5854cf154041c5f659ff1ea26ceaf5f78f8e7d02317e,A
题库/A题/2023/解题过程/验证与结果/Q02-修复-v001/自适应队列.json,3598,5de516a112b627f17d5a07778ae0b24d522d6f7bd1510f52b978d21ce136f2d8,A
题库/A题/2023/解题过程/验证与结果/Q02-修复-v001/计算轨迹.jsonl,1741,bc6a3c1827789aa231018654ce148861612919db27ba6b2c515220b901af113d,A
题库/A题/2023/解题过程/验证与结果/Q02-修复-v001/论文模型核查-v001.md,8698,c4487dd903a73f50e30146e70df4900441c31ae6bb2eeefd3aabc5c172f01fb0,A
题库/A题/2023/解题过程/验证与结果/Q02-修复-v001/请求-R023.json,80,7d242c56f1e0bbb6ef42168c6eb5fd2bcf02b1cf4f45bc331188fa48acdcd329,A
题库/A题/2023/解题过程/验证与结果/Q02-修复-v001/请求-R024.json,92,4af62d70bc8ae39103a3a90a7dd0cc160586b7e7a0e669948012732ffc79756c,A
题库/A题/2023/解题过程/验证与结果/Q02-修复-v001/请求-R025.json,133,e8ad6616d18dcbfb1d584bb3f904c9c2c65ceb5be2eaa70c083da5c46b2291ed,A
题库/A题/2023/解题过程/验证与结果/Q02-修复-v001/请求-R026.json,147,aae545dc3bda15f83c64b1f90c127313208c21a43177c3b96baa52e3df6302e0,A
题库/A题/2023/解题过程/验证与结果/Q02-修复-v001/请求-R027.json,211,d28a31ffec8bf6907f141a32ffd09053e4654f3a4ec8a03f2dec19e816d546fb,A
题库/A题/2023/解题过程/验证与结果/Q02-修复-v001/请求-续R023.json,17,22ce56720fc1d8b9a807daf70162ab7d0b49af0def9069cde5a95c88686538b2,A
题库/A题/2023/解题过程/验证与结果/Q02-修复-v001/请求-续R027.json,16,0ed27b67ba62871c0ec789d3e7698a44867e145b505846aad06e6639914f0aad,A
题库/A题/2023/解题过程/验证与结果/Q02-原型-v001/D-A/光学组合预登记.json,6238,b47078b660f98a6742079e336900260b5c9c46cd593ed62f23266578ea1e46ea,A
题库/A题/2023/解题过程/验证与结果/Q02-原型-v001/D-A/清单往返.json,2008,c4471a3e3379a6bf78e555696880a0cd6b245a672961bebfa6cd56fef885fb80,A
题库/A题/2023/解题过程/验证与结果/Q02-原型-v001/D-A/非正式诊断清单.json,170388,aab170fc18574cc0f63d5b14ad14d6887ed3aa6ed0201cf45820defc22a8d8fc,A
题库/A题/2023/解题过程/验证与结果/Q02-原型-v001/D-B/光学组合预登记.json,6239,c1413c491fb5f40ce4b113390b13a0eed9d75baef5151fee047b9b9defa639ff,A
题库/A题/2023/解题过程/验证与结果/Q02-原型-v001/D-B/清单往返.json,2358,ee87fd98225367c7b726d6582f09766831cb1c3c6d444703a315c95617ace05d,A
题库/A题/2023/解题过程/验证与结果/Q02-原型-v001/D-B/非正式诊断清单.json,163212,98da5604d794331a90966692aae0c9dccfd7eaff09dfe2889851aad7906b526a,A
题库/A题/2023/解题过程/验证与结果/Q02-原型-v001/D-C/光学组合预登记.json,6238,3cd5b6fd10f5299df94d7f1ac68125af58e2d6b2b87a33e4434b42a6fa08a6a7,A
题库/A题/2023/解题过程/验证与结果/Q02-原型-v001/D-C/清单往返.json,2698,c8edb107d88e8d66b585285fe84fd556afa3c1e6ff27a5343844033dbeeffb05,A
题库/A题/2023/解题过程/验证与结果/Q02-原型-v001/D-C/非正式诊断清单.json,258136,15b0cd0915f5cd18b9365f0e97a83f24970f53902dcf7d35354d2cb743f6b3f4,A
题库/A题/2023/解题过程/验证与结果/Q02-原型-v001/io-retry-probe-attempt1.json,67,dd488189abed08f55d5b9696461d9e2275b1ba1fdde7d9d7d82f2c4231d5fd81,A
题库/A题/2023/解题过程/验证与结果/Q02-原型-v001/交付前文档合同修订-v001.json,1835,0965c34fa90da598a16daebfa37321afc773109ba8f310fe40f91b2b7adbaca0,A
题库/A题/2023/解题过程/验证与结果/Q02-原型-v001/交付文件核验-v001.json,2256,38c019fcd0c15a01b8986a6c15e9ccf7c967dc97679efc420b2564f612db9e24,A
题库/A题/2023/解题过程/验证与结果/Q02-原型-v001/交付文件核验-v002.json,2256,df8270dd0e5e7cd7f21b08668c7d1443a7cde1d0998b0b96cdb3153e525d9df0,A
题库/A题/2023/解题过程/验证与结果/Q02-原型-v001/人工测试-attempt1.json,24385,5c50bb20a33da91645fa7aee6451802b259c40c69ed97f248bedd2d0a6b2bf1e,A
题库/A题/2023/解题过程/验证与结果/Q02-原型-v001/人工测试-attempt2.json,25105,bd4cc58fb180381716205d30f241f3cbab8b9dfe37c6d7a947386a7f587c2b59,A
题库/A题/2023/解题过程/验证与结果/Q02-原型-v001/修订与失败记录-v001.md,4031,33378a07f69bb0613ca702500496add730985a04b7c3f54f477ffd3609869160,A
题库/A题/2023/解题过程/验证与结果/Q02-原型-v001/光学诊断检查点.json,9094,b773c6ae7f90055f5d4108b4c3e9fd3efe2ac5e5ba0b3b016589873ca1a94327,A
题库/A题/2023/解题过程/验证与结果/Q02-原型-v001/只读输入基线-v001.json,1352,bb3e2f27d11552bc0b981bf2487937d005c433b11bc1b0411aa4533863452481,A
题库/A题/2023/解题过程/验证与结果/Q02-原型-v001/归档哈希清单-v001.json,28123,4cb4d24f0eba80580b6f048e2e366283ee562a9b1b5c2f362f3f34c1a685debd,A
题库/A题/2023/解题过程/验证与结果/Q02-原型-v001/归档哈希清单-v002.json,29160,e32a3bac59da9ea981bff96a10be9cebe0b86b8c23b5675f316815b49aa985a0,A
题库/A题/2023/解题过程/验证与结果/Q02-原型-v001/执行修订-v003.json,942,081f2b47226a7d6114d2612de5019bbd56d196e5914581ff173e8b6855090612,A
题库/A题/2023/解题过程/验证与结果/Q02-原型-v001/新诊断布局预登记汇总.json,21693,ca705f6a5f35d84cdc067bb739b0c32aaf0f0e05b5bf81c5214741c3b3995803,A
题库/A题/2023/解题过程/验证与结果/Q02-原型-v001/旧场回归-attempt2.json,94056,b7edf2d2666c7afa9bc725a6fc48698fd8e5ccd654a46438a06ddf3b3c4f00f0,A
题库/A题/2023/解题过程/验证与结果/Q02-原型-v001/累计计算预算.json,2350,1080b0a0caa2106642f56b47d0cc3fe643a320fdfc9b4e08d7d48dc5a669a4a3,A
题库/A题/2023/解题过程/验证与结果/Q02-原型-v001/缓存失败修订-v001.json,952,3afbf00050a4a8e3839a6d0aaf7cd0f9f0ef9eedf10afb681733fe5d6577a3e6,A
题库/A题/2023/解题过程/验证与结果/Q02-原型-v001/落盘统计独立核验-v001.json,185418,b9e248fba4de2e541ce977f1402950e5f6a85573d295bdfe361d535e5ae5780c,A
题库/A题/2023/解题过程/验证与结果/Q02-原型-v001/诊断重建汇总.json,1890,c21bfb9db7ec91a150aab2913d8682106bbd31d0ed20a1a6be4cbbd65f8377e3,A
题库/A题/2023/解题过程/验证与结果/Q02-原型-v001/运行-diagnostics-attempt1.json,2149,1e6b5610e44cd714340cd8b438a0edd877eaee3425ed57c4cf63640635a80c69,A
题库/A题/2023/解题过程/验证与结果/Q02-原型-v001/运行-diagnostics-attempt2.json,2171,c5d36d5e00bba9cbcf688cfa4cc07e17492bc1778b46fbb2cb07dd39a014a37c,A
题库/A题/2023/解题过程/验证与结果/Q02-原型-v001/运行-iotest-attempt1.json,1292,09eec29a21711d79335a42267fd3b309efb8fe8f1718f4be89c5238de67dd6af,A
题库/A题/2023/解题过程/验证与结果/Q02-原型-v001/运行-old-attempt1.json,2294,d9d026451c63f02a36d97145c2dc5d1ad192822259cda2664ed6838ba19713b5,A
题库/A题/2023/解题过程/验证与结果/Q02-原型-v001/运行-old-attempt2.json,225,07396078f3c8728930e58fb038d556d0285faaac303180e619bad928f978b91f,A
题库/A题/2023/解题过程/验证与结果/Q02-原型-v001/运行-prep-attempt1.json,230,70f0660643138d1adfea2a20c1ef616330a93a0a9ebd9befbb78241a187ce336,A
题库/A题/2023/解题过程/验证与结果/Q02-原型-v001/运行-tests-attempt1.json,258,55a936d4e58a7141f8d1cb0be5dec0c3367932f65afec0eebe4134f0f8079244,A
题库/A题/2023/解题过程/验证与结果/Q02-原型-v001/运行-tests-attempt2.json,258,8b6ddf89b912f96a4d4b6784773d0744ec663b7705ac35c0fceff33032f7520b,A
题库/A题/2023/解题过程/验证与结果/Q02-原型-v001/配置冻结记录-v001.json,224,9591f98e742bc7efba1312b9e6288730b07623923bb95676ac2018f3c768e020,A
题库/A题/2023/解题过程/验证与结果/Q02-搜索-v001/C22-独立确认诊断汇总-v001.csv,3184,e3686878fbefef4c30e8aae11b991edf182d2bb7af19306fbcd4b169a58a60b2,A
题库/A题/2023/解题过程/验证与结果/Q02-搜索-v001/Q02-Markdown与TeX对应-v001.json,519,afeeb1c42c3d2ab11aac63b7fe6537787f504a6f23e6e75d30b39e5f3b7162cc,A
题库/A题/2023/解题过程/验证与结果/Q02-搜索-v001/Q02-PDF自动核验-v001.json,438,de3181ed1ee0935dc7ccf525919e31c628ec79eba8efcc6bb1b9ecbf2afd31ed,A
题库/A题/2023/解题过程/验证与结果/Q02-搜索-v001/Q02-PDF自动核验-v002.json,438,bcdf21efa8f008f0219df016236b5f46e1909327d1f56c2311a5c544a172b3d5,A
题库/A题/2023/解题过程/验证与结果/Q02-搜索-v001/Q02-编译与视觉核验-v001.md,1532,351cacabad0bd460865dfab8522f698bb4fcaa585bc2aca92ea4eb2201416b25,A
题库/A题/2023/解题过程/验证与结果/Q02-搜索-v001/Q1限定提速回归-v002.json,445,aa59b9c1ff9a7f50c02a957d049ee4edf1927aa0ec339e10b21c62c35c7d0f35,A
题库/A题/2023/解题过程/验证与结果/Q02-搜索-v001/candidates/C01/coarse/binding.json,950,53497d507c6fd4a403f7a1e950bbf5db9a8263e77507b138b2904d3f3de970b3,A
题库/A题/2023/解题过程/验证与结果/Q02-搜索-v001/candidates/C01/design.bundle.json,541,4bf944d4aa51582905910ef39a6078ad17c49b1f7201f7f435ac3488eb2b9940,A
题库/A题/2023/解题过程/验证与结果/Q02-搜索-v001/candidates/C01/design.metadata.json,250035,b4c5cfc6f0858e0ce62e36bb0e28e37f7c2257b6dc1dc9f8fc88248411507ef5,A
题库/A题/2023/解题过程/验证与结果/Q02-搜索-v001/candidates/C01/design.mirrors.csv,182615,051fed2f3f2dbfc9fde9e3bab337b17e2bb77fbeec8c33ba14d96587edab4f0f,A
题库/A题/2023/解题过程/验证与结果/Q02-搜索-v001/candidates/C01/fine/binding.json,2682,3a2b93d4a0156381153de393c2647fa76f722841fd0a9d40509c6a2744ae8165,A
题库/A题/2023/解题过程/验证与结果/Q02-搜索-v001/candidates/C02/coarse/binding.json,950,4404ebcc93872265b9aaedc184b9cd84e544032a1ab632c9d577cf20d27eabc9,A
题库/A题/2023/解题过程/验证与结果/Q02-搜索-v001/candidates/C02/design.bundle.json,541,ea39de2685726d0feba2a60e649f43a48b9f6e7c8201c6c0bd3d494aeab60c40,A
题库/A题/2023/解题过程/验证与结果/Q02-搜索-v001/candidates/C02/design.metadata.json,411435,d7a05c4cb11edc4ad826db36f27a0994301762eac41c00d3e53a970604873ca7,A
题库/A题/2023/解题过程/验证与结果/Q02-搜索-v001/candidates/C02/design.mirrors.csv,175789,38115c653f594242fca58125fa970647ef49a6214467e9ebe5d2324b9c9cbebd,A
题库/A题/2023/解题过程/验证与结果/Q02-搜索-v001/candidates/C03/coarse/binding.json,950,2e3869f74c4c82930baa31067bfa2f4b7246578fb08c39d75e6ad8b4e89d40ff,A
题库/A题/2023/解题过程/验证与结果/Q02-搜索-v001/candidates/C03/design.bundle.json,541,73bdf139778b84c8c9763e6ad399dd672d86aeb6de7f3edd7e36c7c351597560,A
题库/A题/2023/解题过程/验证与结果/Q02-搜索-v001/candidates/C03/design.metadata.json,578840,30e6c96e592295e130c84f060c92063ff9efa077b197ec9b50f8c9b75f214bec,A
题库/A题/2023/解题过程/验证与结果/Q02-搜索-v001/candidates/C03/design.mirrors.csv,175804,47a5758a073a100a62086c32ad8f53faadd4dd19099a9ab480cd1888b6ced756,A
题库/A题/2023/解题过程/验证与结果/Q02-搜索-v001/candidates/C04/coarse/binding.json,950,0d21732092c355e08a3d452fe04bcb1c01203714deb93a3a15b719f735bca376,A
题库/A题/2023/解题过程/验证与结果/Q02-搜索-v001/candidates/C04/design.bundle.json,541,10fa06f25b83eacc803011e32eb25d1bb5b5fee4c8e46e4997172a582d7e0fd0,A
题库/A题/2023/解题过程/验证与结果/Q02-搜索-v001/candidates/C04/design.metadata.json,578853,89a49122b6082c80d29f683e382a4105f1f5d5d1c1cd2003468ba7507023fde2,A
题库/A题/2023/解题过程/验证与结果/Q02-搜索-v001/candidates/C04/design.mirrors.csv,175741,24f6651797be18383f8bd78b47067d216ad6845852efbc6a04981efae4f3f5ca,A
题库/A题/2023/解题过程/验证与结果/Q02-搜索-v001/candidates/C05/coarse/binding.json,950,90365c3e33d2428a0bca7f4dc396c35d47745daf9c9ae07365487ffe0fd9f4f1,A
题库/A题/2023/解题过程/验证与结果/Q02-搜索-v001/candidates/C05/design.bundle.json,541,3347654b9a0db7d606c3a5824a63cfc5d799cbbe55659a3c0f155effd524b94e,A
题库/A题/2023/解题过程/验证与结果/Q02-搜索-v001/candidates/C05/design.metadata.json,476980,7e79b80069dde02e9ac4e40a4fff012939db16d84fd051d9d8b5d8f3cd113b0c,A
题库/A题/2023/解题过程/验证与结果/Q02-搜索-v001/candidates/C05/design.mirrors.csv,205771,a2a4ea88659365c29cb350ddf70628ae9cf5f008e74a6f45d98925e97f3bb49c,A
题库/A题/2023/解题过程/验证与结果/Q02-搜索-v001/candidates/C05/fine/binding.json,2682,b7dc20e3511d10d48cab478062f944c05b8a62486ca6fcf0a81472ed56349214,A
题库/A题/2023/解题过程/验证与结果/Q02-搜索-v001/candidates/C06/coarse/binding.json,950,ac61c1bac2ea3f1889ffcdae2783bcfff47ce96c0c9701281c142e2f813bba62,A
题库/A题/2023/解题过程/验证与结果/Q02-搜索-v001/candidates/C06/design.bundle.json,541,65f423dba08a883f0b4ff726866aab502337aeece34ec91e317e0658b37d520d,A
题库/A题/2023/解题过程/验证与结果/Q02-搜索-v001/candidates/C06/design.metadata.json,688781,9224c69459be7faa4d20d5d7a2b0317ffc9810c36214432c2ad1d9d8e604a550,A
题库/A题/2023/解题过程/验证与结果/Q02-搜索-v001/candidates/C06/design.mirrors.csv,206442,f1ffa3bebf074c75d41bc721cd131861b55aa13f86ab5274e72cb5f1aa1214e8,A
题库/A题/2023/解题过程/验证与结果/Q02-搜索-v001/candidates/C07/coarse/binding.json,950,105446ab820a262e61ada72e2f41bb0740ee5a3cf7cc5eb86e8f4e0799fc7378,A
题库/A题/2023/解题过程/验证与结果/Q02-搜索-v001/candidates/C07/design.bundle.json,541,acf694b7af11a46f2343c8fd88ba7da949645efd2e7a350e57453f3e98a266f3,A
题库/A题/2023/解题过程/验证与结果/Q02-搜索-v001/candidates/C07/design.metadata.json,579792,f172b388a82dc7e3c2fa53bb6d008214e64b5aa93d95621120687eea27685ab9,A
题库/A题/2023/解题过程/验证与结果/Q02-搜索-v001/candidates/C07/design.mirrors.csv,245800,e3b648e114852d7da303ef505bb9f607736377eaeed8dbec8f8bc9d82d315757,A
题库/A题/2023/解题过程/验证与结果/Q02-搜索-v001/candidates/C07/fine/binding.json,2682,40673953fef793a1f7f1b164685246c4388458f9427f64d1423cb5cf3ccf9c0e,A
题库/A题/2023/解题过程/验证与结果/Q02-搜索-v001/candidates/C08/coarse/binding.json,950,c5f80022f9179e2ef060e7ae27a91cd2e890f3e24a7c4af7c0f47b877ef38666,A
题库/A题/2023/解题过程/验证与结果/Q02-搜索-v001/candidates/C08/design.bundle.json,541,ec2f014bd8397c241fe5f535ba21b3c8e7152c8bed929a9d6fd9c88260924efc,A
题库/A题/2023/解题过程/验证与结果/Q02-搜索-v001/candidates/C08/design.metadata.json,578840,296d29f86cd715af5cbb62328e2d7210e6b96560a749a763a6b16188ec1c8145,A
题库/A题/2023/解题过程/验证与结果/Q02-搜索-v001/candidates/C08/design.mirrors.csv,175804,47a5758a073a100a62086c32ad8f53faadd4dd19099a9ab480cd1888b6ced756,A
题库/A题/2023/解题过程/验证与结果/Q02-搜索-v001/candidates/C09/coarse/binding.json,950,bd6b214ec0a815eaeecd5ddce7ba5fcba30ac6234b88048aed22a3345089bfb6,A
题库/A题/2023/解题过程/验证与结果/Q02-搜索-v001/candidates/C09/design.bundle.json,541,ec7fbfb0488080e17196b5c7d88a6ee0af5c27d1f87a63aeeb464b63f1f45283,A
题库/A题/2023/解题过程/验证与结果/Q02-搜索-v001/candidates/C09/design.metadata.json,578853,36ec0c9d96b091a16a506c30641fcd9b6fd0b6407baecb9406d77881cddb5fc6,A
题库/A题/2023/解题过程/验证与结果/Q02-搜索-v001/candidates/C09/design.mirrors.csv,175741,24f6651797be18383f8bd78b47067d216ad6845852efbc6a04981efae4f3f5ca,A
题库/A题/2023/解题过程/验证与结果/Q02-搜索-v001/candidates/C10/coarse/binding.json,950,1bfc956d8e5adbbad3182c16fa21c0ba09c6f0c9764cb8b1191605d91b583384,A
题库/A题/2023/解题过程/验证与结果/Q02-搜索-v001/candidates/C10/design.bundle.json,541,23b383f09b512857fd54b6ca58a12ca9fd0cf4eff81904ccf4d22885a5de0b4b,A
题库/A题/2023/解题过程/验证与结果/Q02-搜索-v001/candidates/C10/design.metadata.json,648341,c7f7f413ded3586d6aa4a8119369f5733955efde00161f5b87c4445a8ee9a4ad,A
题库/A题/2023/解题过程/验证与结果/Q02-搜索-v001/candidates/C10/design.mirrors.csv,189552,095de805a6ff36e66643da7f7e6a6fefb050bb08a45266571ab5ea7a535836db,A
题库/A题/2023/解题过程/验证与结果/Q02-搜索-v001/candidates/C11/coarse/binding.json,950,b4437c12eb18ddcaad87419e5a1a14248a5a98107cd5d556ef024b8c7239e795,A
题库/A题/2023/解题过程/验证与结果/Q02-搜索-v001/candidates/C11/design.bundle.json,541,f0aa17d2a3f27b685e485bb6339efeab34d2f46e1a475e6cd9271c421fda8693,A
题库/A题/2023/解题过程/验证与结果/Q02-搜索-v001/candidates/C11/design.metadata.json,672692,6ac3126beb45f9d25c5ad681033c07d29edff5508bb5e344030e07b2a25ae9d6,A
题库/A题/2023/解题过程/验证与结果/Q02-搜索-v001/candidates/C11/design.mirrors.csv,175600,7fd52e8830fcfacfbbb3b3d6349d8c9426443e3ff88aa66e5c591472d8923e9e,A
题库/A题/2023/解题过程/验证与结果/Q02-搜索-v001/candidates/C12/coarse/binding.json,950,451fc08bfe0d6ec9b15e1b68e468df20a5ca773531de10cbb8e0708c39091b45,A
题库/A题/2023/解题过程/验证与结果/Q02-搜索-v001/candidates/C12/design.bundle.json,541,0df252c8440020e8ce05b617a430ce816bbdda2bf4775b1358633b99e0818f22,A
题库/A题/2023/解题过程/验证与结果/Q02-搜索-v001/candidates/C12/design.metadata.json,381679,86177f7a53d7fd800a33f6b3cfed02fdb92fa113ae1e76ccc84e9203ac548bb7,A
题库/A题/2023/解题过程/验证与结果/Q02-搜索-v001/candidates/C12/design.mirrors.csv,164010,ba840d1dd07f069c7913ac349d944f504228b9d645870272b450385538e9eb46,A
题库/A题/2023/解题过程/验证与结果/Q02-搜索-v001/candidates/C21/coarse/binding.json,950,bb193723309557423861d19489231c9b24534907d0bec5f69e76d7f5a3f7a270,A
题库/A题/2023/解题过程/验证与结果/Q02-搜索-v001/candidates/C21/design.bundle.json,541,8513265cfb56f0c6d976483ac82819d2d3667e104521f69926ecfcad8246f705,A
题库/A题/2023/解题过程/验证与结果/Q02-搜索-v001/candidates/C21/design.metadata.json,628,eab333d5760c978b6a6d8b64019b8624387a67125e2d1cc5ff098fa6bab0fd23,A
题库/A题/2023/解题过程/验证与结果/Q02-搜索-v001/candidates/C21/design.mirrors.csv,264989,87c406746cfa41547661eb88b5226004f7622a11cf8a5dde2fd3cf5bead4517f,A
题库/A题/2023/解题过程/验证与结果/Q02-搜索-v001/candidates/C21/fine/binding.json,2682,8c7eafa85c53027b83bc2d5b825292ea0c8891f2edbe8c20146fe36663ba631a,A
题库/A题/2023/解题过程/验证与结果/Q02-搜索-v001/candidates/C22/coarse/binding.json,950,499bfa769357a311989d6114ccdec509f7c702b41591b7d14bb958215949ed57,A
题库/A题/2023/解题过程/验证与结果/Q02-搜索-v001/candidates/C22/design.bundle.json,541,391a5fc801c1664f4453d8bf0d8483ba8e2e74bede2b1427a65ba24199435a0f,A
题库/A题/2023/解题过程/验证与结果/Q02-搜索-v001/candidates/C22/design.metadata.json,647,7062ec67fe4ec8658dbe2a4ccf59aed788fb5e0879f7e07891646d6c0399d942,A
题库/A题/2023/解题过程/验证与结果/Q02-搜索-v001/candidates/C22/design.mirrors.csv,243450,27b829e5f3fcb3359b6795e559fffe9aa4cff81dd7d662830f99f3ddf0a3fe14,A
题库/A题/2023/解题过程/验证与结果/Q02-搜索-v001/candidates/C22/fine/binding.json,2682,2bffc028a2276dd6029bc2fd01bdf2c1406f3c35c4e4b1d76b8b89e520435f08,A
题库/A题/2023/解题过程/验证与结果/Q02-搜索-v001/diagnostics/DenseA/design.bundle.json,541,b1bcba41a86dd39c65a4bfa55312432b3fd145d916413a0370951fa528a0c650,A
题库/A题/2023/解题过程/验证与结果/Q02-搜索-v001/diagnostics/DenseA/design.metadata.json,579757,d7955e451f594de29a234dad75a796f42812a6811d0b22409b83fe5f6b98bed9,A
题库/A题/2023/解题过程/验证与结果/Q02-搜索-v001/diagnostics/DenseA/design.mirrors.csv,253057,adf7280beac7f2ae322d364d9027b097caeb8518d91fead1006f15ccf8748e70,A
题库/A题/2023/解题过程/验证与结果/Q02-搜索-v001/diagnostics/DenseB/design-v002.bundle.json,551,a8cb3eaea860f060245a07e265babf470513dbe96548075dd8f4b284022b02eb,A
题库/A题/2023/解题过程/验证与结果/Q02-搜索-v001/diagnostics/DenseB/design-v002.metadata.json,578818,2f00ec597258afdebe6f365127bbdba0beed4b56023ae71875a1962031ce87c8,A
题库/A题/2023/解题过程/验证与结果/Q02-搜索-v001/diagnostics/DenseB/design-v002.mirrors.csv,180703,bcd8d4dd11d1256dbdbcbb4569366602ff531f8021372c18fc4caf1beb01a2d2,A
题库/A题/2023/解题过程/验证与结果/Q02-搜索-v001/frozen/confirmation/binding.json,2685,7690eb34512d898fc2b147b4a7fe1ef4b429a20bb57d16e78c93fb586b094ffa,A
题库/A题/2023/解题过程/验证与结果/Q02-搜索-v001/frozen/design.bundle.json,541,ff44df97f51d8760a2d59d83123e42b48f6cb2c64e2857eb7e7ed9ad84d34d0b,A
题库/A题/2023/解题过程/验证与结果/Q02-搜索-v001/frozen/design.metadata.json,663,c4ff9a92e6d8a90281acf9d326631c9cba17da3172587497601da983a0a84b3f,A
题库/A题/2023/解题过程/验证与结果/Q02-搜索-v001/frozen/design.mirrors.csv,243415,4eec7b03ce541e46a0d73704a53f8daa5bc1c1ba3950b0af69de88e1f5b34fa7,A
题库/A题/2023/解题过程/验证与结果/Q02-搜索-v001/frozen/交付精度读回.json,1587,7bca6069f6aec22d292459650b7d940c97970d4231524358b2254d5d1e174073,A
题库/A题/2023/解题过程/验证与结果/Q02-搜索-v001/frozen/身份映射.json,359755,8427c87683b887ba36145db7a3afe7db57136bd9c055ee335a468288586a1348,A
题库/A题/2023/解题过程/验证与结果/Q02-搜索-v001/交付文件核验-v001.json,8464,0e0ce41e98979609107abbe8ddd44a473f87d20659f8ab1b197b484e95d13b40,A
题库/A题/2023/解题过程/验证与结果/Q02-搜索-v001/交付文件核验-v002.json,8002,303b96eaa98e83e8e3c8199fe90b96e810286d95e2a369ea32963e6541f9c191,A
题库/A题/2023/解题过程/验证与结果/Q02-搜索-v001/修订与失败记录-v001.md,4498,b181623f077a747293af1f1390af8d74c6fb4cd37237da4f6c1189697b9f51d5,A
题库/A题/2023/解题过程/验证与结果/Q02-搜索-v001/候选比较-诊断-v001.csv,517,256607464d9653a424358afdd0a2011dfcdd3e58c2ee720e516d57d72d8312b7,A
题库/A题/2023/解题过程/验证与结果/Q02-搜索-v001/六扇区环带人工检查.json,278,ee5af6c5f1215efa3d35b05f88dd7605f67e08706e9f7acfcbd1333c09a1c823,A
题库/A题/2023/解题过程/验证与结果/Q02-搜索-v001/初始粗筛与回查预登记.json,147176,9336711c6fa14576aadc22ee3150a6ba22633f507c9cc51bc3fb460a89a26b3a,A
题库/A题/2023/解题过程/验证与结果/Q02-搜索-v001/原型验收与只读绑定.json,1354,0873325d4a27011423078ea870cfe372c042eb0e0feda0785392918f78c5a9d9,A
题库/A题/2023/解题过程/验证与结果/Q02-搜索-v001/失败运行.jsonl,583,1afdac9fc5dc635508ffac75eda62bd020a272fd5b39a7b1471c6fc9c88bc416,A
题库/A题/2023/解题过程/验证与结果/Q02-搜索-v001/密集压力与计时-v002.json,3942,97283ca3afc203875be477178e60d0395b96249d71988c42978d661a2f8893bf,A
题库/A题/2023/解题过程/验证与结果/Q02-搜索-v001/密集诊断配置预登记.json,22272,c9e727457fe9eec6f74614664eada1b42188cbaca2438a19aeef8d2e0672d8e5,A
题库/A题/2023/解题过程/验证与结果/Q02-搜索-v001/归档哈希清单-v001.json,297106,6ba681d21d510fa9bf1a98e740c2515658b4fce4383737468d535411fc5a6f58,A
题库/A题/2023/解题过程/验证与结果/Q02-搜索-v001/归档哈希清单-v002.json,297927,4683d5b05b3366fdfd80ea5750b7061d65d3d37cb83d0a4e542f47265605c97f,A
题库/A题/2023/解题过程/验证与结果/Q02-搜索-v001/提速人工回归-v002.json,7525,07fceafb1b427e6895fbea6b6d7b13d2169724155455e45c4929c0f02da059b9,A
题库/A题/2023/解题过程/验证与结果/Q02-搜索-v001/提速人工回归.json,5122,5255f36c1c760bb1b4568a4d9559be02fda37814483f05aeb21de44f46e5d256,A
题库/A题/2023/解题过程/验证与结果/Q02-搜索-v001/搜索与确认冻结配置-v001.json,132090,6074361e5bf99a9e2f1d1a0449e83dd0bde539adb1fc4b4bdd943d4d387ffcac,A
题库/A题/2023/解题过程/验证与结果/Q02-搜索-v001/搜索与确认冻结配置-v002.json,8661,14a7df7c715057f9fc0c4c224fdbc49e626a2f21badba381c772399b4076f588,A
题库/A题/2023/解题过程/验证与结果/Q02-搜索-v001/搜索汇总人工测试.json,631,341c684c49f41ecc41d2b14124376798cc5202992d419971758e0581d7522cd6,A
题库/A题/2023/解题过程/验证与结果/Q02-搜索-v001/搜索结束-v002.json,133,63f606be847064f455326c8c957868aaf6493784f0b13d52f2af05ae580a0459,A
题库/A题/2023/解题过程/验证与结果/Q02-搜索-v001/搜索结束.json,38819,716cdf43b670f6fdfe136c322eb3615d71b2dba023b2e696007c5872a063d200,A
题库/A题/2023/解题过程/验证与结果/Q02-搜索-v001/搜索轨迹.jsonl,95604,f36e2dcdff286e5c411779254043b989e344e2b698fb4a376f0cdfb09b06cacf,A
题库/A题/2023/解题过程/验证与结果/Q02-搜索-v001/收尾数据与工作指标独立重建-v001.json,27039,ca135bab756c847aa59b7b4a5510f6611f9e82f8153c12bc122b47add47f79f4,A
题库/A题/2023/解题过程/验证与结果/Q02-搜索-v001/最终拟提交候选冻结.json,11680,d4b05ffe914354ba34e8e5d9716ca150d4d1b28d5352c00160326771488c845c,A
题库/A题/2023/解题过程/验证与结果/Q02-搜索-v001/正文措辞核查修订-v002.json,1978,136a28ee60a45e132ab10c8fc268694f1f67a4a020c322d0ae977f403e25ef23,A
题库/A题/2023/解题过程/验证与结果/Q02-搜索-v001/正文草稿状态修订-v001.json,4522,4393b502980589bf7d9efc09cc78996dbdb97d103bb1373faadb0fa1fa1d3f16,A
题库/A题/2023/解题过程/验证与结果/Q02-搜索-v001/汇总人工初检-v001.json,587,bad70cda1aac098739d28eb3526041541d0e416fd89848d3d6ff0209a84ef65a,A
题库/A题/2023/解题过程/验证与结果/Q02-搜索-v001/独立确认结论.json,4339,fe6edc533af6306e383bc1fd3b3a79576af167faf3c1bf1a2ff99e5dcf108dc2,A
题库/A题/2023/解题过程/验证与结果/Q02-搜索-v001/独立重建核验.json,335258,e4e252c3e74475bc8dfd0cfc92b8984b12cf3644f407e5f62e7a2609b5eeb195,A
题库/A题/2023/解题过程/验证与结果/Q02-搜索-v001/环境与入口-v001.json,467,f72c932ed99728b69873115a91cae4bbbb0e8ae49b78116f73ce21d33ee5aaf1,A
题库/A题/2023/解题过程/验证与结果/Q02-搜索-v001/紧凑人工回归.json,2023,0b4264ce8716a5e200f3d668cb73a54e455954716b848308d53133e19364ce71,A
题库/A题/2023/解题过程/验证与结果/Q02-搜索-v001/紧凑读回冻结身份差异.json,1306365,0e0613bf35405a7f1791c300fa9f5eb49ac8226f4aecff5c9a1174d28b5adce8,A
题库/A题/2023/解题过程/验证与结果/Q02-搜索-v001/累计计算预算.json,3731,ebfc41dc2694db076e893bef44968055c3bda687b15ba9bf9c393ae996b651e0,A
题库/A题/2023/解题过程/验证与结果/Q02-搜索-v001/计算轨迹.jsonl,3592,c52f112fcc3c1eb9648cc95aafd4769f61f10f6f4fa823c51e19befa09acb316,A
题库/A题/2023/解题过程/验证与结果/Q02-搜索-v001/诊断布局图来源-v001.json,642,e638760ecc7072ac2b611167b0e5acf5934b88870c59dc1b4b500e1da417f35a,A
题库/A题/2023/解题过程/验证与结果/Q02-搜索-v001/较精比较.json,35899,18ff0f28a4d03bbe8ce8cc552b27e67b63b857e86a3a74c1982d62469b2f8f2d,A
题库/A题/2023/解题过程/验证与结果/Q02-搜索-v001/追加粗筛与回查预登记-v002.json,2653,6934afcde1e05bf3b83a3f4fb8bc077ec380d321dcbf673c6bfb16669d0f76ce,A
题库/A题/2023/解题过程/验证与结果/Q02-搜索-v001/追加较精比较-v002.json,6448,13b733b6ead24622d2883e1e1005d7a4900ab639fcec765e1dd4c870f260095b,A
题库/A题/2023/解题过程/验证与结果/Q03-准备-v001/交付文件核验-v001.json,28196,208a5d5d19b1ced9041e0ffa3c2a0531e8eac73666cace95eb088845ceb69ae2,A
题库/A题/2023/解题过程/验证与结果/Q03-准备-v001/异尺寸接口静态审查-v001.md,11504,2a0160387e2aaec6678293d2b968c43d67f32b77abc596b2f2cb049df8528ec4,A
题库/A题/2023/解题过程/验证与结果/Q03-准备-v001/文件核验说明-v001.md,1816,87d80e503e44d1f3eb7b5c62d5fdef315c58de26d702a08d9effb937081f779b,A
题库/A题/2023/解题过程/验证与结果/Q03-准备-v001/资料与只读基线核验-v001.json,15856,b23fbaa8d2bcde3b4f4ec30c852b4d8424453d899103474c3c6ff3e2944c8f1a,A
题库/A题/2023/解题过程/验证与结果/Q03-准备-v001/进入本阶段前任务状态.md,2228,59bf8dc04547f0d965de3ad0b0306246638a2e6ce926710ecf08f87ecf7c3173,A
题库/A题/2023/解题过程/验证与结果/Q03-准备-v001/题面与约束核对-v001.md,19418,c723fb8d424d06fc60f3eb4ac8ddee70391fef57e3c638d5dab50811a10e99f7,A
题库/A题/2023/解题过程/验证与结果/Q03-实施-v001/candidates/Q3F013/confirmation/binding.json,4376,58421b2ce6c68f31fae5d380570b2590f2d3f296c8fa0e6197b5351c23ea499b,A
题库/A题/2023/解题过程/验证与结果/Q03-实施-v001/candidates/Q3F013/confirmation/launch-binding.json,486,dd0bcda4a9e9550b5dcab313fe29a0b5839f132a69e05904cac7f13ba377c656,A
题库/A题/2023/解题过程/验证与结果/Q03-实施-v001/candidates/Q3F013/design.json,475082,75306d0e1e28942f0b5863a4874c38f03ef0e3515ccd958b7f6156fe6ac6bebe,A
题库/A题/2023/解题过程/验证与结果/Q03-实施-v001/candidates/Q3F013/候选交付清单-未确认.xlsx,191022,b92e3004b42054c2d90ce384a0561b0434c1012c48a8a4686045d989fb653351,A
题库/A题/2023/解题过程/验证与结果/Q03-实施-v001/candidates/Q3R000/confirmation/binding.json,4376,989b9770a2bbfe50876e2828785edfff6bfac9d13a0f53bb901ed234cf8fcd3c,A
题库/A题/2023/解题过程/验证与结果/Q03-实施-v001/candidates/Q3R000/confirmation/launch-binding.json,486,b3596e52f93c83d615281dbc495617d727a1ad5f02a8a0fc613f6da23bc8faae,A
题库/A题/2023/解题过程/验证与结果/Q03-实施-v001/candidates/Q3R000/design.json,507609,d7cfa1e6ea6a67b7bf0aa99553e069c41f8c2e97cfb32d34b4deaa0466fe4fbb,A
题库/A题/2023/解题过程/验证与结果/Q03-实施-v001/candidates/Q3R000/fine/binding.json,4373,4b05d247a4c7f4b9bcb6ee2855e8d47f645caab82ca4d45499ee286112a15080,A
题库/A题/2023/解题过程/验证与结果/Q03-实施-v001/candidates/Q3R000/fine/launch-binding.json,377,c6f7d567ff3d2eba9e488f2e6dbd98c15b9e57d2431c0fe67aa49b0a895971a8,A
题库/A题/2023/解题过程/验证与结果/Q03-实施-v001/candidates/Q3R000/low/binding.json,4372,59a9f310efd9c5c69dbe2a60bbd05292e506cea3ab929b0aaac127f66f894069,A
题库/A题/2023/解题过程/验证与结果/Q03-实施-v001/candidates/Q3R001/design.json,502390,70d7df861256c99c4a08607e1c5ec6ed7591d1b2d2c74beb912393441ffc065f,A
题库/A题/2023/解题过程/验证与结果/Q03-实施-v001/candidates/Q3R001/low/binding.json,4372,6e16298faa106679f2e8f799dad8214a3217173708f314977b6710b12c02c15d,A
题库/A题/2023/解题过程/验证与结果/Q03-实施-v001/candidates/Q3R002/design.json,502089,3825e1f191bdeaf0b5c370347051285110ef63a6f884b4f21e0ff7d02087b158,A
题库/A题/2023/解题过程/验证与结果/Q03-实施-v001/candidates/Q3R002/low/binding.json,4372,3e0eea2b0b19ff7c033b4d4cf8c4fbb58d8e83d06cd44454d8ea7b9905614258,A
题库/A题/2023/解题过程/验证与结果/Q03-实施-v001/candidates/Q3R003/design.json,507838,c9ff1fc8e8ea54e6cfd6cb7748ec1028aefa2134349bf7f4a571be9cbd065003,A
题库/A题/2023/解题过程/验证与结果/Q03-实施-v001/candidates/Q3R003/low/binding.json,4372,d001d064dc96b0b8e753177d701233ed0cfad4b4ef899842fc5f383f3d9533d6,A
题库/A题/2023/解题过程/验证与结果/Q03-实施-v001/candidates/Q3R004/design.json,475261,6a237f894d69fc635d9e22961b37b56b1b317f33c3e5ad2b783fdb5072fa85dc,A
题库/A题/2023/解题过程/验证与结果/Q03-实施-v001/candidates/Q3R004/low/binding.json,4372,9aabf1603e1d7fcc495752d1e56489ffbf7e85ec2930b9f5318e29510951b884,A
题库/A题/2023/解题过程/验证与结果/Q03-实施-v001/candidates/Q3R005/design.json,475261,47c6f0eba4f0e9cd2410fd99fe286d8f706f9d19c18102734cef8e7e0ab72659,A
题库/A题/2023/解题过程/验证与结果/Q03-实施-v001/candidates/Q3R005/low/binding.json,4372,c6afe92944251d37925b09319ec85ce5fccfb997db8007ae8ca7ea9ce5b131b4,A
题库/A题/2023/解题过程/验证与结果/Q03-实施-v001/candidates/Q3R006/design.json,499695,bf68d60d1f1d844bd3ec7ee49bb65d3af6484844fb4e986b2d35f73b1a7350c0,A
题库/A题/2023/解题过程/验证与结果/Q03-实施-v001/candidates/Q3R006/low/binding.json,4372,0aeeb933646feb49efa8265cac66c2c22870d14bb8ba21e17360f4a593d42e28,A
题库/A题/2023/解题过程/验证与结果/Q03-实施-v001/candidates/Q3R007/design.json,500885,beface323f7cd90991dee34b4d5ecb0feb191290750f02065a2d193726386d8e,A
题库/A题/2023/解题过程/验证与结果/Q03-实施-v001/candidates/Q3R007/low/binding.json,4372,7e7f4cac4d98d5259115fcc4dd068925620410de5e9d4f4ef4ead3cbeb4be08f,A
题库/A题/2023/解题过程/验证与结果/Q03-实施-v001/candidates/Q3R008/design.json,502026,ec1d2fe4d1b99fe425ce6c5e363e6e64f824f7445846fe6de588912789c2fdf6,A
题库/A题/2023/解题过程/验证与结果/Q03-实施-v001/candidates/Q3R008/low/binding.json,4372,ffe2c847efbb7a40dcb7fe300aae539d36d6a410634c283790740a6d11887849,A
题库/A题/2023/解题过程/验证与结果/Q03-实施-v001/candidates/Q3R009/design.json,475177,b7a2c3b27e37ca52cf6ddb49fd15bc031dda02a4909d55499f5fe94f9cfa2ba8,A
题库/A题/2023/解题过程/验证与结果/Q03-实施-v001/candidates/Q3R009/low/binding.json,4372,c66f6ac306a403dde92aca92ef06623758e37fb8766f8130fd299fde93c47fe0,A
题库/A题/2023/解题过程/验证与结果/Q03-实施-v001/candidates/Q3R010/design.json,494871,c8a030dc3f07212b5fdaa437f9a7eb0b7caac8922a10032048c2862c02b2d381,A
题库/A题/2023/解题过程/验证与结果/Q03-实施-v001/candidates/Q3R010/fine/binding.json,4373,59b4819803ff8fb79a57781dae7549c946d92a40a006f91623f889c3fa793c29,A
题库/A题/2023/解题过程/验证与结果/Q03-实施-v001/candidates/Q3R010/fine/launch-binding.json,377,90463cc8732c965620837ba34ca51dfaa8ecf0c5d154853884837c612bd67704,A
题库/A题/2023/解题过程/验证与结果/Q03-实施-v001/candidates/Q3R010/low/binding.json,4372,c5ff4b5d16cbc2e862bdbb34af3d7bc580dfdfac4f95ca49e9adea8aad649b31,A
题库/A题/2023/解题过程/验证与结果/Q03-实施-v001/candidates/Q3R010/low/launch-binding.json,377,faabcf7e030005a741e36f5651f8713508c852a0ec30bae70b57c9553259bd54,A
题库/A题/2023/解题过程/验证与结果/Q03-实施-v001/candidates/Q3R011/design.json,501816,798243ad3fc0ef66a8d128c6f03458f371a787f13065cca50da946467fd97f9a,A
题库/A题/2023/解题过程/验证与结果/Q03-实施-v001/candidates/Q3R011/low/binding.json,4372,2be22ce8f6c96caa77bd6d21c439ca601c268d8d21cdf0440fd6c3dae629456d,A
题库/A题/2023/解题过程/验证与结果/Q03-实施-v001/candidates/Q3R011/low/launch-binding.json,377,76b1e2d6d7d4a612a82359b6c406c975f4b018dceb2d9c78f0d478022ce55096,A
题库/A题/2023/解题过程/验证与结果/Q03-实施-v001/candidates/Q3R012/design.json,475075,5fae88a149a909bce867e3f101dd415130f0c0c828475180ebc39cb1413850e5,A
题库/A题/2023/解题过程/验证与结果/Q03-实施-v001/candidates/Q3R012/fine/binding.json,4373,eab2cdaaa6e5f50e6becbca66481b6459f9cb09c198e90c5982c924286b7f8e8,A
题库/A题/2023/解题过程/验证与结果/Q03-实施-v001/candidates/Q3R012/fine/launch-binding.json,377,0cc22228b63b728cb49a1fa1a0bb670368583384269396a3b895cb1a0b370d72,A
题库/A题/2023/解题过程/验证与结果/Q03-实施-v001/candidates/Q3R012/low/binding.json,4372,6e30b4d2fbe89510c0544e6323853e6c3d57eefd65226774ba8c246705e480b9,A
题库/A题/2023/解题过程/验证与结果/Q03-实施-v001/candidates/Q3R012/low/launch-binding.json,377,0c046605c8186bb26d292cf9a542f6f908a846a9b6e0f47daa81fabe1991a8b5,A
题库/A题/2023/解题过程/验证与结果/Q03-实施-v001/candidates/Q3R013/design.json,475075,b9bdffe93b7cdef503be1a60e06fd3102037200f05dc99d744941f05f1e2b153,A
题库/A题/2023/解题过程/验证与结果/Q03-实施-v001/candidates/Q3R013/fine/binding.json,4373,f468eea48de19ad7ad7ef636cb8708ae37e7f7b268fa424ea9f8ef52924d8657,A
题库/A题/2023/解题过程/验证与结果/Q03-实施-v001/candidates/Q3R013/fine/launch-binding.json,377,3a272c3dcefc2f7ff39f397a6614a486c8d3c2d9e3243ae8aa34e2648df8d730,A
题库/A题/2023/解题过程/验证与结果/Q03-实施-v001/candidates/Q3R013/low/binding.json,4372,54b47f697050ef9d15b06b0a8e1618b1d84c3f15c10171d6a1b590001012fb79,A
题库/A题/2023/解题过程/验证与结果/Q03-实施-v001/candidates/Q3R013/low/launch-binding.json,377,80a1e5252e6ae815032b72be248163e96859265b229a938de87b8547f257dd9d,A
题库/A题/2023/解题过程/验证与结果/Q03-实施-v001/comparison-fine-v001.json,3363,3d56105423fb678d3ee693489ea9f0bcb7befab3c630d2c34b30aec83652d398,A
题库/A题/2023/解题过程/验证与结果/Q03-实施-v001/delivery/PDF人工页面核验-v001.json,1276,125d39d75cfe5c11bb72308e38f01620f851f5c0414e61a6f5a81d7d6d93a2bf,A
题库/A题/2023/解题过程/验证与结果/Q03-实施-v001/delivery/PDF自动核验-v001.json,4422,fbf0278500c82a768ab9c5e78a0c5f2d146d5ccf06b1b7c1c416ed30ad289a6c,A
题库/A题/2023/解题过程/验证与结果/Q03-实施-v001/delivery/finalize-failure-v001/失败与恢复记录-v001.json,1795,f255a8f49803fd4e889fdb62676fbef5e9ea2b0c42953812a4e96747e4bd28e0,A
题库/A题/2023/解题过程/验证与结果/Q03-实施-v001/delivery/finalize-failure-v001/第3问-模型建立与求解-v001-after-failed-run.md,19704,96be2815d5492719dcc20b5183a3265bd4c43b824ddeeb357c7cfe3e0ee15f88,A
题库/A题/2023/解题过程/验证与结果/Q03-实施-v001/delivery/layout-before-v001/PDF自动核验-v001.json,4623,a8ff5ca30594ea87f6f8759a82f2a8e7c30ddd310f1d6d88e1fcbdd071e57cdc,A
题库/A题/2023/解题过程/验证与结果/Q03-实施-v001/delivery/layout-before-v001/第3问-模型建立与求解-v001.md,22384,77f2b1a818537e2b3aff8fecdfee042a39ef3a2831bc8880c274b26763e1f3d3,A
题库/A题/2023/解题过程/验证与结果/Q03-实施-v001/delivery/paired-comparison-v001.json,1472,d7f41c046a57b651c706e552f5259e751c84077c521f3fe53156132befa441b6,A
题库/A题/2023/解题过程/验证与结果/Q03-实施-v001/delivery/report.json,1518,d748938a18d03727e7185c8033c84f8c4505d29cb7c5edf32aded8692774b536,A
题库/A题/2023/解题过程/验证与结果/Q03-实施-v001/delivery/result3.xlsx,191022,b92e3004b42054c2d90ce384a0561b0434c1012c48a8a4686045d989fb653351,A
题库/A题/2023/解题过程/验证与结果/Q03-实施-v001/delivery/table1.csv,1422,c78783ecb55fc5c449cf4e1ba27b4a44f6fb1f37d66ac0873392b5f27a63a343,A
题库/A题/2023/解题过程/验证与结果/Q03-实施-v001/delivery/table2.csv,294,b34fcc6c9e552f2f9d2b022b553f391286c398bce9bda46e3fec2d76c32a5f11,A
题库/A题/2023/解题过程/验证与结果/Q03-实施-v001/delivery/table3.csv,168,3f8941ca026dbf9699f064089a1ebe6472e4f3aa2c3f74b46548130cef29ef98,A
题库/A题/2023/解题过程/验证与结果/Q03-实施-v001/delivery/交付哈希清单-v001.json,936859,5c30a061c8a9dd387267ad92f26cb05d465798ce96f1bc76ce4074d262bb2336,A
题库/A题/2023/解题过程/验证与结果/Q03-实施-v001/delivery/交付哈希清单-v002.json,939371,6c69eeb9c70ad137099ca497368869bd7f77c6a3dab81d0624a2c926cfb065b6,A
题库/A题/2023/解题过程/验证与结果/Q03-实施-v001/delivery/交付文件核验-v001-公式误判.json,1816,5295d009af055fc1587e387d137cadd33b16530f51fc2b7feeb34e16ca6d3a06,A
题库/A题/2023/解题过程/验证与结果/Q03-实施-v001/delivery/交付文件核验-v001-失败.json,1816,5295d009af055fc1587e387d137cadd33b16530f51fc2b7feeb34e16ca6d3a06,A
题库/A题/2023/解题过程/验证与结果/Q03-实施-v001/delivery/交付文件核验-v001.json,3190,e13bb40badce61e3a7c7e064ba8b811710ebe49d04bb828d560c6ee160a832e8,A
题库/A题/2023/解题过程/验证与结果/Q03-实施-v001/delivery/图表生成核验-v001.json,2470,64b454567e3f61afc98cdbdd1f926886ee658dddf114cfb13acc4e090190ea11,A
题库/A题/2023/解题过程/验证与结果/Q03-实施-v001/delivery/控制记录最终绑定-v001.json,9866,8188722c0660ca7f60ad3e8d58e95a19fd8321031932ce2cd2023c2bdf47c62b,A
题库/A题/2023/解题过程/验证与结果/Q03-实施-v001/delivery/独立重建核验-v001.json,284129,07894a5f01d7712b5d91e81843445e60c90e73e318c7af974745975cc70edda5,A
题库/A题/2023/解题过程/验证与结果/Q03-实施-v001/delivery/结果数据-v001.json,159922,bc3947650ed237dd95428160c29c4ce4e8bd941061237f7ddfa80aad17901033,A
题库/A题/2023/解题过程/验证与结果/Q03-实施-v001/delivery/结算前预算快照-v001.json,17504,1b535e5d7220a71aca690f9cf8a0c655580a1f947ac1b2a8e67d5fe850894cec,A
题库/A题/2023/解题过程/验证与结果/Q03-实施-v001/delivery/页面排版修订-v001.json,484,b56a98fd8744db53b4ae103018aff7955ce1ee1703067f56ceb8fbece00288ad,A
题库/A题/2023/解题过程/验证与结果/Q03-实施-v001/delivery/预算最终结算-v001.json,8320,0ae8f6e7bbb48c07316a88d2ca6dc577dce56105d82514dda68a4ffd8f58ad93,A
题库/A题/2023/解题过程/验证与结果/Q03-实施-v001/failures.jsonl,1582,8cf36f3f62ef73c8208dc6fd6c549562acbec4a2eb08f68cf4b11c319e7b907b,A
题库/A题/2023/解题过程/验证与结果/Q03-实施-v001/groups-v001.json,723081,ec699f16e2608d2b883ecf392978a3248f5aa066df2ce98f67ee9f06b5c8aae5,A
题库/A题/2023/解题过程/验证与结果/Q03-实施-v001/old-baseline-group-analysis.json,1083,8a6f755a9b265e5858f805fbebcd7be7e7c02dae7a192b0d2ba368fe387e0149,A
题库/A题/2023/解题过程/验证与结果/Q03-实施-v001/prototype/Q03-异尺寸原型验证-v001-计数更正前.md,18307,78cd4cf2e4753c4ca3e575d9549723b74f4f521a9da3a1a6543a13c9b4b8d7ab,A
题库/A题/2023/解题过程/验证与结果/Q03-实施-v001/prototype/attempt-1788613497469380100/artificial-zero-0/summary.json,4774,81678eb41c42eb4046f8c388aca41e211fac4db64267cb6a95dc3ec1d38806ae,A
题库/A题/2023/解题过程/验证与结果/Q03-实施-v001/prototype/attempt-1788613497469380100/artificial-zero-1/summary.json,4853,8e6e6cbff3b96a55b6c091791d9bd7c596542e1e16b19f677c49149a2f05311d,A
题库/A题/2023/解题过程/验证与结果/Q03-实施-v001/prototype/attempt-1788613497469380100/checkpoint-contract/design.json,1593,9c00171c9156902c91601f146c87ba75999d15d86977fc2f0d59e11dad79f59f,A
题库/A题/2023/解题过程/验证与结果/Q03-实施-v001/prototype/attempt-1788613497469380100/checkpoint-contract/probe/binding.json,60,71a37b4b28df7ff51cee22e759e632343dc8281e9625990d38a96ba4d15f21c5,A
题库/A题/2023/解题过程/验证与结果/Q03-实施-v001/prototype/attempt-1788613497469380100/heterogeneous-0/design.json,486067,4f87355fbadeb45e77087329b1928112ba0d94ec85f72ba56b17cec0bd2a32ee,A
题库/A题/2023/解题过程/验证与结果/Q03-实施-v001/prototype/attempt-1788613497469380100/heterogeneous-1/design.json,469549,b061bfe9f0569f951a25bf9ca7d0a868ff83ae4ddf0abaf2197fc7ec75682f61,A
题库/A题/2023/解题过程/验证与结果/Q03-实施-v001/prototype/attempt-1788613497469380100/result.json,733914,4e30cb1a47ea5da9d938a4e2de1dcae1f29236fa72558ce1378cb3b9fd575572,A
题库/A题/2023/解题过程/验证与结果/Q03-实施-v001/prototype/attempt-1788613497469380100/source-binding.json,1120,622d214c7b4d55cfdacd45f6a8f4bd9ef4acdacdb6f679b425bb5e7eaa1e26d7,A
题库/A题/2023/解题过程/验证与结果/Q03-实施-v001/prototype/budget-edge-fixture/累计计算预算.json,346,aa5ee47eec1fe6831b7b5c84201ae110135f5a06999242931268558e63e0faeb,A
题库/A题/2023/解题过程/验证与结果/Q03-实施-v001/prototype/report-v001.json,733914,4e30cb1a47ea5da9d938a4e2de1dcae1f29236fa72558ce1378cb3b9fd575572,A
题库/A题/2023/解题过程/验证与结果/Q03-实施-v001/prototype/source-before-hardening/q03_design_tests_v001.py,9101,6f4d9c9ce89478d4d2f81c47368e2fa3142c2c9e9950abd15aac26d5a311b3c2,A
题库/A题/2023/解题过程/验证与结果/Q03-实施-v001/prototype/source-before-hardening/q03_design_v001.py,24675,d01518211e32cf41afa9539d9d3c6a6ce2d33781e35b1ca845dc281b9c712344,A
题库/A题/2023/解题过程/验证与结果/Q03-实施-v001/q03_delivery-v001-before-xlsx-read-fix.py,8224,386b4f59b1a6ca18c6468f14e83e377151c50101d70fb51896143523afcf2430,A
题库/A题/2023/解题过程/验证与结果/Q03-实施-v001/records/attempt-1788617442352851300/partial/Q03-分组搜索与独立确认-v001.md,381,a781e94238344753e3ec50da18cf129cb4ca34bbc2da74157e8cadbc707196ca,A
题库/A题/2023/解题过程/验证与结果/Q03-实施-v001/records/attempt-1788617442352851300/partial/Q03-第3问结果初稿-v001.md,381,a781e94238344753e3ec50da18cf129cb4ca34bbc2da74157e8cadbc707196ca,A
题库/A题/2023/解题过程/验证与结果/Q03-实施-v001/records/attempt-1788617442352851300/partial/复现说明-v001.md,381,a781e94238344753e3ec50da18cf129cb4ca34bbc2da74157e8cadbc707196ca,A
题库/A题/2023/解题过程/验证与结果/Q03-实施-v001/records/attempt-1788617442352851300/partial/第3问-正文证据映射-v001.md,381,a781e94238344753e3ec50da18cf129cb4ca34bbc2da74157e8cadbc707196ca,A
题库/A题/2023/解题过程/验证与结果/Q03-实施-v001/records/attempt-1788617442352851300/report.json,5066,ad6493ea10df0a0e4ba8ff0da69fb936cbb9a54dab2d9ae19dfae5f362fabace,A
题库/A题/2023/解题过程/验证与结果/Q03-实施-v001/records/attempt-1788617677881654300/report.json,5333,1c67fbbe213d2aaafe17cd2c80d9cb350ab92beb41ef6a81a8eea76dee81d1cd,A
题库/A题/2023/解题过程/验证与结果/Q03-实施-v001/records/计数口径与单位修订-v001.json,2172,a7ee3a35ab26b76dfec8337a3f11bfe321aff0d9984fa6db2fc1046d341a822e,A
题库/A题/2023/解题过程/验证与结果/Q03-实施-v001/records/计数口径与单位更正前/Q03-分组搜索与独立确认-v001.md,14821,9a5e072d54abde7051c63d22960a42f7100421ecd6b22a4a5db6edc898c5bb0f,A
题库/A题/2023/解题过程/验证与结果/Q03-实施-v001/records/计数口径与单位更正前/Q03-第3问结果初稿-v001.md,9653,bcb10257f2ce9db773599c45843301278b4456a0ca19b39ca6513ee0163d08de,A
题库/A题/2023/解题过程/验证与结果/Q03-实施-v001/scores.jsonl,6591,fedc0b13a76c171026736e99125135529eafcb9b28bd26d381e3259dfada87ee,A
题库/A题/2023/解题过程/验证与结果/Q03-实施-v001/交付收尾更正记录-v001.md,2616,fdacacf9533915fa9790a1527d664295da71076a375492bb7785be440f8e6f57,A
题库/A题/2023/解题过程/验证与结果/Q03-实施-v001/复现说明-v001.md,6473,15b09d15bf947b209e0a66f29c5f9ee1a22fb096e3344252df15fda7fe4b6d81,A
题库/A题/2023/解题过程/验证与结果/Q03-实施-v001/执行接口静态复核-v001.md,9341,630b67f4484c428a56c773e1d1176103c9160e7bdae35c248a8820453cd8ef37,A
题库/A题/2023/解题过程/验证与结果/Q03-实施-v001/搜索规则冻结-v001.json,5032,7c41773c66e2aa81c5997ed503a12c6632ba4e767a5bde178d682dec694f4ae3,A
题库/A题/2023/解题过程/验证与结果/Q03-实施-v001/收尾记录待填-v001.md,8272,1f92b48f924c458fc8ae601cec428825adfeb8433eb858af4ad47fc832ada5d5,A
题库/A题/2023/解题过程/验证与结果/Q03-实施-v001/最终候选与确认冻结-v001.json,3585,38f9c479cdef9a842571aaa74c8a5a97feed39f9a911e1cafd923efc1ca5e31d,A
题库/A题/2023/解题过程/验证与结果/Q03-实施-v001/本轮用户授权.md,13288,11a33a3db256cd419298bbbe8d91018913ecea913b218a90def5638924f4d880,A
题库/A题/2023/解题过程/验证与结果/Q03-实施-v001/确认前接口修订-v001.md,2035,8a1793a108abf6e2fc932890983338263f8c4c9675de56037005ee3158cb7242,A
题库/A题/2023/解题过程/验证与结果/Q03-实施-v001/累计计算预算.json,17989,cc3f681ed3a06bf190e0adb9797406f2dd16a3673e43244adf8918fd57d5b424,A
题库/A题/2023/解题过程/验证与结果/Q03-实施-v001/边界事件记录-v001.md,1065,8457c872973afdfad6517a035ff30d4abf0139236fcc9df8c8c243027f6181bc,A
题库/A题/2023/解题过程/验证与结果/Q03-实施-v001/进入本轮前任务状态.md,3002,e98e7f7eff5de7208931b0bec9d757bf287457377367261c2b6449f165bff222,A
题库/A题/2023/解题过程/验证与结果/README.md,561,aa84562a9d2789243a4c0b7a7579346d8653cf476b843de99a003d203402f908,A
题库/A题/2023/解题过程/验证与结果/公共诊断/AGENTS-逐问写作规则追加前-v001.md,9160,b0a4c77a0f6c66e43bfb6ff9e6d89ed5bc6cc34060129ecd9cd4a0b940048f14,A
题库/A题/2023/解题过程/验证与结果/公共诊断/PDF渲染日志-v001.txt,94,6b76dedf9fefb6759a7c6ef6ed89ea38f6b993e297a0acdcbd6c6c84b47b8b17,A
题库/A题/2023/解题过程/验证与结果/公共诊断/Q01-全场前核心回归-v001.json,15917,cdeac585bf7d77ccd15e71dea0ee9aab0dbf2c5fb00e1f60cfb9b561931b8b94,A
题库/A题/2023/解题过程/验证与结果/公共诊断/Q01-原型交付核验-v001.json,10958,d4c6777e02c5dd9de79c141a7ae0763d2bedd0eb26a6cfd626e8d2fe9ed214ee,A
题库/A题/2023/解题过程/验证与结果/公共诊断/Q01-原型交付核验-v002.json,11633,7b16b42ccb826d06b97d463ffae66b11768ed51dceded431c75770a4303fce90,A
题库/A题/2023/解题过程/验证与结果/公共诊断/Q01-基础与交叉验证-v002.json,15917,21e0f0d59b3e9faf660cdd1281ea4d9868165d1a669910e21f1111fed4402d85,A
题库/A题/2023/解题过程/验证与结果/公共诊断/Q01-小样本计时与筛选核对-v001.json,7100,5614954ae4f19c4036463f0d5ef6e3622c56290010e4bf2278dee4e2c06c050a,A
题库/A题/2023/解题过程/验证与结果/公共诊断/Q01-局部细化补充-v001.json,1919,aedfb5f9bcbaefe60797ed5d2e7138737836e3b310cc337d7800fcf9fc0664b8,A
题库/A题/2023/解题过程/验证与结果/公共诊断/Q01-局部细化补充-v002.json,3456,df8d8b3c756b8cb207179094141f3f131bd7de2bc07ef1f32afb0ee0b2ba068c,A
题库/A题/2023/解题过程/验证与结果/公共诊断/Q01-文档核验-v001.json,9393,cffad9db7c57222ea84467865fbd73906aea50cfcf93c110df94ce364c4ed24c,A
题库/A题/2023/解题过程/验证与结果/公共诊断/Q01-方案输入版本-v001.json,2538,951b6284d456bdacfb0dea0b4a797bc19dd575754fd65e1d03cb390c709c57fc,A
题库/A题/2023/解题过程/验证与结果/公共诊断/Q01-本题局部试算-v001.json,391177,8beb9ffe882ba2bdd1e7e2a605bc8b5cf809e0bd2a4b6d765c5652cb0da85eac,A
题库/A题/2023/解题过程/验证与结果/公共诊断/Q01-预选与适用域-v001.json,33211,889bdf2661281dabad003c79977da5decc84a111edc0eaef1edf305efd73e6f7,A
题库/A题/2023/解题过程/验证与结果/公共诊断/Q01-首次测试失败-v001.md,1062,0cbdaa74ce5385b0f3bbef58d93f32f49393d25a566ef1a89778b76112497ba0,A
题库/A题/2023/解题过程/验证与结果/公共诊断/S01-补充澄清-交付核验-v001.json,2407,6aac54ff7f4563a001c669f4523826f0199ea9784644b1eedfa1a3a911b112db,A
题库/A题/2023/解题过程/验证与结果/公共诊断/S02-交付核验-v001.json,12803,b21a3f918d25eea5ada859161ad4cc6344373f2ea39fefecfb943ed857e637e8,A
题库/A题/2023/解题过程/验证与结果/公共诊断/S02-交付核验-v002.json,13111,c1969349d92beb60cb2c41d1fcd9405d10e66106fcadbf970f72ff85a727d8b6,A
题库/A题/2023/解题过程/验证与结果/公共诊断/S02-资料入场核对-v001.json,13471,e563e5d922cd079b288b29dc13b6eb5ae917de257b59d30e67e402c111a68817,A
题库/A题/2023/解题过程/验证与结果/公共诊断/S02-通用例子复核-v001.json,3236,984296454463cf2728c52f7b178bf4f55fd7b354d3cc6f5aa108412afa196e43,A
题库/A题/2023/解题过程/验证与结果/公共诊断/交付核验-v001.json,2433,dd600eb12aed728dceab96d26a20bb4e61a8d03726f0931c53f8dafe37f7a4b3,A
题库/A题/2023/解题过程/验证与结果/公共诊断/原始材料清单-v001.json,1191,a0895985f5b5fb0f4908ef92818f3c234fe2c900ffbfeca1df397336cf1d162d,A
题库/A题/2023/解题过程/验证与结果/公共诊断/坐标诊断明细-v001.csv,109868,32985874cbd735319eb3557e9a238c7d587e80334ab6ab383fd3bed8e455e787,A
题库/A题/2023/解题过程/验证与结果/公共诊断/工作簿结构-v001.json,4170,94ccc0b067e77044539ab8c5db4d089b5b445026ba43e31b711e448cd55ceb03,A
题库/A题/2023/解题过程/验证与结果/公共诊断/环境-v001.json,435,6cf09771c458610b1d91c8e0fe6be18e47a95f534630b8c5be253f8c4e9f421e,A
题库/A题/2023/解题过程/验证与结果/公共诊断/诊断运行日志-v001.txt,11593,0650efe6a6a3a28bc4d08273015d3d0663bf640e5717c15fb4959b6f03f6f8d5,A
题库/A题/2023/解题过程/验证与结果/公共诊断/间距边界记录-v001.csv,59,ad8656e9001d8cf274d08ea385b7710f6f0c121c9c56fb43552a8b55f3d3af8f,A
题库/A题/2023/解题过程/验证与结果/公共诊断/附件数据诊断-v001.json,5041,184b56a37e43b51bb2ebc194cc8adc5efa6552562c2a5913f872d98eee3e6e23,A
题库/A题/2023/解题过程/验证与结果/公共诊断/题目结构-v001.json,678,cdb79f5ed6b808ad0986e231a5986123622c1fa454c8cc20f96a01742404a39a,A
题库/A题/2023/解题过程/验证与结果/公共诊断/题目逐页提取-v001.txt,8683,021f3d1eb027c9f91aaeb4324d37c4000e6031732b69caed3dc2395e970e3eae,A
题库/A题/2023/解题过程/验证与结果/公共诊断/题面公式与表格核对-v001.md,4407,b9d28dcd578a790e1ab134cdfdf4be24376e112277717f8271b8e3bb409de6ef,A
题库/A题/2023/解题过程/验证与结果/正式结果/result2.xlsx,175934,b305e8da10ab5323d38824521dbb1d768f029fbc1838ac20aea769681d47ed61,A
题库/A题/2023/解题过程/验证与结果/正式结果/result3.xlsx,191022,b92e3004b42054c2d90ce384a0561b0434c1012c48a8a4686045d989fb653351,A
